action,table,file,line
UPDATE,RESTRICT,almacen.sql,395
UPDATE,RESTRICT,almacen.sql,2677
UPDATE,RESTRICT,almacen.sql,2678
JOIN,t_tipoentidad,almacen.sql,3302
JOIN,t_tipoentidad,almacen.sql,3302
JOIN,t_tipoentidad,almacen.sql,3302
JOIN,t_tipoentidad,almacen.sql,3302
JOIN,t_tipoentidad,almacen.sql,3302
JOIN,t_embarque,almacen.sql,3308
JOIN,t_cliente,almacen.sql,3308
JOIN,t_concepto,almacen.sql,3308
JOIN,t_divisa,almacen.sql,3308
JOIN,v_entidades,almacen.sql,3308
JOIN,t_timbradoturno,almacen.sql,3314
JOIN,t_diasemana,almacen.sql,3314
JOIN,t_timbrado,almacen.sql,3314
JOIN,t_cliente,almacen.sql,3314
JOIN,t_embarque,almacen.sql,3330
JOIN,t_concepto,almacen.sql,3331
JOIN,t_factura,almacen.sql,3332
JOIN,t_notadebito,almacen.sql,3333
JOIN,t_tipocambio,almacen.sql,3334
JOIN,t_embarque,almacen.sql,3360
JOIN,t_concepto,almacen.sql,3361
JOIN,t_factura,almacen.sql,3362
JOIN,t_notadebito,almacen.sql,3363
JOIN,t_tipocambio,almacen.sql,3364
INSERT,tmp_cargo,almacen.sql,3387
JOIN,t_concepto,almacen.sql,3399
JOIN,t_factura,almacen.sql,3400
JOIN,t_notadebito,almacen.sql,3401
JOIN,t_tipocambio,almacen.sql,3402
JOIN,t_tipocambio,almacen.sql,3403
INSERT,tmp_costo,almacen.sql,3414
JOIN,t_concepto,almacen.sql,3425
JOIN,t_facturapago,almacen.sql,3426
JOIN,t_tipocambio,almacen.sql,3427
JOIN,t_tipocambio,almacen.sql,3428
INSERT,tmp_balance,almacen.sql,3440
SELECT,tmp_costo,almacen.sql,3447
UPDATE,tmp_balance,almacen.sql,3447
SELECT,tmp_costo,almacen.sql,3448
UPDATE,tmp_balance,almacen.sql,3448
JOIN,t_embarque,almacen.sql,3468
JOIN,t_concepto,almacen.sql,3469
JOIN,t_factura,almacen.sql,3470
JOIN,t_notadebito,almacen.sql,3471
JOIN,t_tipocambio,almacen.sql,3472
JOIN,t_embarque,almacen.sql,3498
JOIN,t_concepto,almacen.sql,3499
JOIN,t_factura,almacen.sql,3500
JOIN,t_notadebito,almacen.sql,3501
JOIN,t_tipocambio,almacen.sql,3502
JOIN,t_embarque,almacen.sql,3528
JOIN,t_factura,almacen.sql,3529
JOIN,t_notadebito,almacen.sql,3530
JOIN,t_tipocambio,almacen.sql,3531
JOIN,t_facturapago,almacen.sql,3557
JOIN,t_embarque,almacen.sql,3558
JOIN,t_tipocambio,almacen.sql,3559
JOIN,t_facturapago,almacen.sql,3584
JOIN,t_embarque,almacen.sql,3585
JOIN,t_tipocambio,almacen.sql,3586
JOIN,t_facturapago,almacen.sql,3611
JOIN,t_embarque,almacen.sql,3612
JOIN,t_tipocambio,almacen.sql,3613
JOIN,t_embarque,almacen.sql,3638
JOIN,t_concepto,almacen.sql,3639
JOIN,t_factura,almacen.sql,3640
JOIN,t_notadebito,almacen.sql,3641
JOIN,t_tipocambio,almacen.sql,3642
JOIN,t_embarque,almacen.sql,3668
JOIN,t_factura,almacen.sql,3669
JOIN,t_notadebito,almacen.sql,3670
JOIN,t_tipocambio,almacen.sql,3671
JOIN,t_embarque,almacen.sql,3697
JOIN,t_factura,almacen.sql,3698
JOIN,t_notadebito,almacen.sql,3699
JOIN,t_tipocambio,almacen.sql,3700
JOIN,t_cliente,almacen.sql,3740
JOIN,t_proveedor,almacen.sql,3741
JOIN,t_prestador,almacen.sql,3742
JOIN,t_transportista,almacen.sql,3743
JOIN,t_agentecarga,almacen.sql,3744
JOIN,t_estadofactura,almacen.sql,3745
INSERT,tmp_ultimaubicacion,almacen.sql,3766
JOIN,t_ingresodetalle,almacen.sql,3849
JOIN,t_cliente,almacen.sql,3850
JOIN,t_tipocamion,almacen.sql,3851
JOIN,t_tipoingreso,almacen.sql,3852
JOIN,t_tipocontenedor,almacen.sql,3853
JOIN,t_tipodescarga,almacen.sql,3854
JOIN,t_tipoproducto,almacen.sql,3855
JOIN,t_usuario,almacen.sql,3856
JOIN,t_embalaje,almacen.sql,3857
JOIN,t_no_conf,almacen.sql,3858
JOIN,t_merma,almacen.sql,3859
JOIN,tmp_ultimaubicacion,almacen.sql,3860
JOIN,t_ubicacionitem,almacen.sql,3861
JOIN,t_almacendetalle,almacen.sql,3862
JOIN,t_baseproductos,almacen.sql,3863
JOIN,t_embalaje,almacen.sql,3864
SELECT,t_embarque,almacen.sql,3926
JOIN,t_cliente,almacen.sql,3927
JOIN,t_tipoembarque,almacen.sql,3928
JOIN,t_ciudad,almacen.sql,3929
JOIN,t_incoterms,almacen.sql,3930
JOIN,t_mediotransporte,almacen.sql,3931
JOIN,t_transportista,almacen.sql,3932
JOIN,t_ciudad,almacen.sql,3933
JOIN,t_ciudad,almacen.sql,3934
JOIN,t_ciudad,almacen.sql,3935
JOIN,t_ciudad,almacen.sql,3936
JOIN,t_usuario,almacen.sql,3937
INSERT,tmp_ultimaubicacion,almacen.sql,3957
JOIN,t_almacen,almacen.sql,4031
JOIN,t_cliente,almacen.sql,4032
JOIN,t_usuario,almacen.sql,4033
JOIN,t_salidadetalle,almacen.sql,4034
JOIN,t_ingresodetalle,almacen.sql,4035
JOIN,t_embalaje,almacen.sql,4036
JOIN,t_no_conf,almacen.sql,4037
JOIN,t_ingreso,almacen.sql,4038
JOIN,tmp_ultimaubicacion,almacen.sql,4039
JOIN,t_ubicacionitem,almacen.sql,4040
JOIN,t_almacendetalle,almacen.sql,4041
JOIN,t_merma,almacen.sql,4042
INSERT,tmp_salidas,almacen.sql,4065
JOIN,t_salida,almacen.sql,4071
JOIN,t_embalaje,almacen.sql,4101
JOIN,t_ingreso,almacen.sql,4102
JOIN,tmp_salidas,almacen.sql,4103
JOIN,t_almacen,almacen.sql,4104
JOIN,t_cliente,almacen.sql,4105
JOIN,t_embarque,almacen.sql,4133
JOIN,t_concepto,almacen.sql,4134
JOIN,t_factura,almacen.sql,4135
JOIN,t_notadebito,almacen.sql,4136
JOIN,t_tipocambio,almacen.sql,4137
JOIN,t_cliente,almacen.sql,4164
JOIN,t_proveedor,almacen.sql,4165
JOIN,t_prestador,almacen.sql,4166
JOIN,t_transportista,almacen.sql,4167
JOIN,t_agentecarga,almacen.sql,4168
JOIN,t_embarque,almacen.sql,4192
JOIN,t_concepto,almacen.sql,4193
JOIN,t_factura,almacen.sql,4194
JOIN,t_notadebito,almacen.sql,4195
JOIN,t_tipocambio,almacen.sql,4196
JOIN,t_embarque,almacen.sql,4222
JOIN,t_concepto,almacen.sql,4223
JOIN,t_factura,almacen.sql,4224
JOIN,t_notadebito,almacen.sql,4225
JOIN,t_tipocambio,almacen.sql,4226
JOIN,t_embarque,almacen.sql,4252
JOIN,t_concepto,almacen.sql,4253
JOIN,t_factura,almacen.sql,4254
JOIN,t_notadebito,almacen.sql,4255
JOIN,t_tipocambio,almacen.sql,4256
JOIN,t_invoice,almacen.sql,4282
JOIN,t_invoice,almacen.sql,4307
JOIN,t_embarque,almacen.sql,4332
JOIN,t_concepto,almacen.sql,4333
JOIN,t_factura,almacen.sql,4334
JOIN,t_notadebito,almacen.sql,4335
JOIN,t_tipocambio,almacen.sql,4336
JOIN,t_embarque,almacen.sql,4362
JOIN,t_concepto,almacen.sql,4363
JOIN,t_factura,almacen.sql,4364
JOIN,t_notadebito,almacen.sql,4365
JOIN,t_tipocambio,almacen.sql,4366
JOIN,t_embarque,almacen.sql,4392
JOIN,t_concepto,almacen.sql,4393
JOIN,t_factura,almacen.sql,4394
JOIN,t_notadebito,almacen.sql,4395
JOIN,t_tipocambio,almacen.sql,4396
JOIN,t_embarque,almacen.sql,4422
JOIN,t_concepto,almacen.sql,4423
JOIN,t_factura,almacen.sql,4424
JOIN,t_notadebito,almacen.sql,4425
JOIN,t_tipocambio,almacen.sql,4426
JOIN,t_embarque,almacen.sql,4452
JOIN,t_concepto,almacen.sql,4453
JOIN,t_factura,almacen.sql,4454
JOIN,t_notadebito,almacen.sql,4455
JOIN,t_tipocambio,almacen.sql,4456
JOIN,t_embarque,almacen.sql,4482
JOIN,t_concepto,almacen.sql,4483
JOIN,t_factura,almacen.sql,4484
JOIN,t_notadebito,almacen.sql,4485
JOIN,t_tipocambio,almacen.sql,4486
JOIN,t_embarque,almacen.sql,4512
JOIN,t_concepto,almacen.sql,4513
JOIN,t_factura,almacen.sql,4514
JOIN,t_notadebito,almacen.sql,4515
JOIN,t_tipocambio,almacen.sql,4516
JOIN,t_embarque,almacen.sql,4542
JOIN,t_concepto,almacen.sql,4543
JOIN,t_factura,almacen.sql,4544
JOIN,t_notadebito,almacen.sql,4545
JOIN,t_tipocambio,almacen.sql,4546
JOIN,t_cargo,almacen.sql,4658
JOIN,t_tipocambio,almacen.sql,4659
JOIN,t_cliente,almacen.sql,4660
JOIN,t_proveedor,almacen.sql,4661
JOIN,t_prestador,almacen.sql,4662
JOIN,t_transportista,almacen.sql,4663
JOIN,t_agentecarga,almacen.sql,4664
JOIN,t_cargo,almacen.sql,4704
JOIN,t_tipocambio,almacen.sql,4705
JOIN,t_cliente,almacen.sql,4706
JOIN,t_proveedor,almacen.sql,4707
JOIN,t_prestador,almacen.sql,4708
JOIN,t_transportista,almacen.sql,4709
JOIN,t_agentecarga,almacen.sql,4710
JOIN,t_costo,almacen.sql,4736
JOIN,t_tipocambio,almacen.sql,4737
JOIN,t_facturapago,almacen.sql,4761
JOIN,t_tipocambio,almacen.sql,4762
JOIN,t_embarque,almacen.sql,4808
JOIN,t_factura,almacen.sql,4809
JOIN,t_notadebito,almacen.sql,4810
JOIN,t_tipocambio,almacen.sql,4811
JOIN,t_embarque,almacen.sql,4835
JOIN,t_factura,almacen.sql,4836
JOIN,t_notadebito,almacen.sql,4837
JOIN,t_tipocambio,almacen.sql,4838
JOIN,t_embarque,almacen.sql,4863
JOIN,t_factura,almacen.sql,4864
JOIN,t_notadebito,almacen.sql,4865
JOIN,t_tipocambio,almacen.sql,4866
JOIN,t_embarque,almacen.sql,4891
JOIN,t_concepto,almacen.sql,4892
JOIN,t_factura,almacen.sql,4893
JOIN,t_notadebito,almacen.sql,4894
JOIN,t_tipocambio,almacen.sql,4895
JOIN,t_tipocambio,almacen.sql,4963
JOIN,t_facturapago,almacen.sql,4985
JOIN,t_embarque,almacen.sql,4986
JOIN,t_tipocambio,almacen.sql,4987
JOIN,t_facturapago,almacen.sql,5011
JOIN,t_embarque,almacen.sql,5012
JOIN,t_tipocambio,almacen.sql,5013
JOIN,t_facturapago,almacen.sql,5038
JOIN,t_embarque,almacen.sql,5039
JOIN,t_tipocambio,almacen.sql,5040
JOIN,t_facturapago,almacen.sql,5065
JOIN,t_concepto,almacen.sql,5066
JOIN,t_embarque,almacen.sql,5067
JOIN,t_tipocambio,almacen.sql,5068
JOIN,t_cargo,almacen.sql,5094
JOIN,t_embarque,almacen.sql,5095
JOIN,t_tipocambio,almacen.sql,5096
JOIN,t_cargo,almacen.sql,5120
JOIN,t_tipocambio,almacen.sql,5121
JOIN,t_cargo,almacen.sql,5146
JOIN,t_tipocambio,almacen.sql,5147
JOIN,t_cargo,almacen.sql,5192
JOIN,t_embarque,almacen.sql,5193
JOIN,t_tipocambio,almacen.sql,5194
JOIN,t_cargo,almacen.sql,5218
JOIN,t_tipocambio,almacen.sql,5219
JOIN,t_cargo,almacen.sql,5244
JOIN,t_tipocambio,almacen.sql,5245
JOIN,t_cargo,almacen.sql,5269
JOIN,t_tipocambio,almacen.sql,5270
JOIN,t_cargo,almacen.sql,5294
JOIN,t_embarque,almacen.sql,5295
JOIN,t_tipocambio,almacen.sql,5296
JOIN,t_cargo,almacen.sql,5319
JOIN,t_tipocambio,almacen.sql,5320
JOIN,t_cargo,almacen.sql,5343
JOIN,t_embarque,almacen.sql,5344
JOIN,t_tipocambio,almacen.sql,5345
JOIN,t_facturapago,almacen.sql,5368
JOIN,t_tipocambio,almacen.sql,5369
JOIN,t_divisa,almacen.sql,5370
JOIN,t_facturapago,almacen.sql,5394
JOIN,t_tipocambio,almacen.sql,5395
JOIN,t_costo,almacen.sql,5420
JOIN,t_embarque,almacen.sql,5421
JOIN,t_tipocambio,almacen.sql,5422
JOIN,t_cargo,almacen.sql,5445
JOIN,t_embarque,almacen.sql,5446
JOIN,t_tipocambio,almacen.sql,5447
JOIN,t_costo,almacen.sql,5470
JOIN,t_tipocambio,almacen.sql,5471
JOIN,t_costo,almacen.sql,5494
JOIN,t_embarque,almacen.sql,5495
JOIN,t_tipocambio,almacen.sql,5496
JOIN,t_cargo,almacen.sql,5520
JOIN,t_embarque,almacen.sql,5521
JOIN,t_tipocambio,almacen.sql,5522
JOIN,t_cargo,almacen.sql,5546
JOIN,t_embarque,almacen.sql,5547
JOIN,t_tipocambio,almacen.sql,5548
SELECT,PAC_PARAM_FACTURAS,AtlantesBE-main/AtlantesBE-main/app/functions/generarcodigocontrol.php,161
INSERT,ocr_prm_atlantes,AtlantesBE-main/AtlantesBE-main/app/functions/integraciones_asgard.php,75
UPDATE,dav_casos,AtlantesBE-main/AtlantesBE-main/app/functions/integraciones_asgard.php,247
UPDATE,dav_casos,AtlantesBE-main/AtlantesBE-main/app/functions/integraciones_asgard.php,250
INSERT,log_ovp,AtlantesBE-main/AtlantesBE-main/app/functions/logOVP.php,9
SELECT,t_usuario,AtlantesBE-main/AtlantesBE-main/app/functions/logOVP.php,46
SELECT,share,AtlantesBE-main/AtlantesBE-main/app/functions/logOVP.php,61
SELECT,proxy,AtlantesBE-main/AtlantesBE-main/app/functions/logOVP.php,64
SELECT,t_facturapago,AtlantesBE-main/AtlantesBE-main/app/functions/ovp.php,9
JOIN,t_concepto,AtlantesBE-main/AtlantesBE-main/app/functions/ovp.php,36
JOIN,t_facturapago,AtlantesBE-main/AtlantesBE-main/app/functions/ovp.php,37
JOIN,t_tipocambio,AtlantesBE-main/AtlantesBE-main/app/functions/ovp.php,38
JOIN,t_divisa,AtlantesBE-main/AtlantesBE-main/app/functions/ovp.php,39
JOIN,t_cargo,AtlantesBE-main/AtlantesBE-main/app/functions/ovp.php,59
JOIN,t_tipocambio,AtlantesBE-main/AtlantesBE-main/app/functions/ovp.php,60
JOIN,t_concepto,AtlantesBE-main/AtlantesBE-main/app/functions/ovp.php,153
JOIN,t_facturapago,AtlantesBE-main/AtlantesBE-main/app/functions/ovp.php,154
JOIN,t_tipofacturapago,AtlantesBE-main/AtlantesBE-main/app/functions/ovp.php,155
JOIN,t_embarque,AtlantesBE-main/AtlantesBE-main/app/functions/ovp.php,156
JOIN,t_cliente,AtlantesBE-main/AtlantesBE-main/app/functions/ovp.php,157
JOIN,t_proveedor,AtlantesBE-main/AtlantesBE-main/app/functions/ovp.php,158
JOIN,t_prestador,AtlantesBE-main/AtlantesBE-main/app/functions/ovp.php,159
JOIN,t_agentecarga,AtlantesBE-main/AtlantesBE-main/app/functions/ovp.php,160
JOIN,t_cliente,AtlantesBE-main/AtlantesBE-main/app/functions/ovp.php,161
JOIN,t_proveedor,AtlantesBE-main/AtlantesBE-main/app/functions/ovp.php,162
JOIN,t_prestador,AtlantesBE-main/AtlantesBE-main/app/functions/ovp.php,163
JOIN,t_transportista,AtlantesBE-main/AtlantesBE-main/app/functions/ovp.php,164
JOIN,t_agentecarga,AtlantesBE-main/AtlantesBE-main/app/functions/ovp.php,165
JOIN,t_tipocambio,AtlantesBE-main/AtlantesBE-main/app/functions/ovp.php,166
JOIN,t_divisa,AtlantesBE-main/AtlantesBE-main/app/functions/ovp.php,167
UPDATE,t_facturapago,AtlantesBE-main/AtlantesBE-main/app/functions/ovp.php,228
UPDATE,t_facturapago,AtlantesBE-main/AtlantesBE-main/app/functions/ovp.php,242
JOIN,t_cargo,AtlantesBE-main/AtlantesBE-main/app/functions/ovp.php,309
JOIN,t_concepto,AtlantesBE-main/AtlantesBE-main/app/functions/ovp.php,310
JOIN,t_tipocambio,AtlantesBE-main/AtlantesBE-main/app/functions/ovp.php,311
JOIN,t_embarque,AtlantesBE-main/AtlantesBE-main/app/functions/ovp.php,312
JOIN,t_cliente,AtlantesBE-main/AtlantesBE-main/app/functions/ovp.php,313
JOIN,t_estadofactura,AtlantesBE-main/AtlantesBE-main/app/functions/ovp.php,314
JOIN,t_cargo,AtlantesBE-main/AtlantesBE-main/app/functions/ovp.php,343
JOIN,t_embarque,AtlantesBE-main/AtlantesBE-main/app/functions/ovp.php,344
JOIN,t_cliente,AtlantesBE-main/AtlantesBE-main/app/functions/ovp.php,345
JOIN,t_estadofactura,AtlantesBE-main/AtlantesBE-main/app/functions/ovp.php,346
JOIN,t_concepto,AtlantesBE-main/AtlantesBE-main/app/functions/ovp.php,347
JOIN,t_tipocambio,AtlantesBE-main/AtlantesBE-main/app/functions/ovp.php,348
UPDATE,t_factura,AtlantesBE-main/AtlantesBE-main/app/functions/ovp.php,452
UPDATE,t_factura,AtlantesBE-main/AtlantesBE-main/app/functions/ovp.php,467
SELECT,t_factura,AtlantesBE-main/AtlantesBE-main/app/functions/ovp.php,502
JOIN,t_cargo,AtlantesBE-main/AtlantesBE-main/app/functions/ovp.php,537
JOIN,t_concepto,AtlantesBE-main/AtlantesBE-main/app/functions/ovp.php,538
JOIN,t_tipocambio,AtlantesBE-main/AtlantesBE-main/app/functions/ovp.php,539
JOIN,t_embarque,AtlantesBE-main/AtlantesBE-main/app/functions/ovp.php,540
JOIN,t_cliente,AtlantesBE-main/AtlantesBE-main/app/functions/ovp.php,541
JOIN,t_estadofactura,AtlantesBE-main/AtlantesBE-main/app/functions/ovp.php,542
JOIN,t_cargo,AtlantesBE-main/AtlantesBE-main/app/functions/ovp.php,572
JOIN,t_embarque,AtlantesBE-main/AtlantesBE-main/app/functions/ovp.php,573
JOIN,t_cliente,AtlantesBE-main/AtlantesBE-main/app/functions/ovp.php,574
JOIN,t_estadofactura,AtlantesBE-main/AtlantesBE-main/app/functions/ovp.php,575
JOIN,t_concepto,AtlantesBE-main/AtlantesBE-main/app/functions/ovp.php,576
JOIN,t_tipocambio,AtlantesBE-main/AtlantesBE-main/app/functions/ovp.php,577
UPDATE,t_factura,AtlantesBE-main/AtlantesBE-main/app/functions/ovp.php,716
SELECT,t_factura,AtlantesBE-main/AtlantesBE-main/app/functions/ovp.php,730
UPDATE,t_factura,AtlantesBE-main/AtlantesBE-main/app/functions/ovp.php,749
UPDATE,t_factura,AtlantesBE-main/AtlantesBE-main/app/functions/ovp.php,767
SELECT,dav_banco,AtlantesBE-main/AtlantesBE-main/app/functions/ovp.php,847
SELECT,dav_pagosdetalle,AtlantesBE-main/AtlantesBE-main/app/functions/ovp.php,852
JOIN,dav_facturaplanilla,AtlantesBE-main/AtlantesBE-main/app/functions/ovp.php,853
JOIN,dav_concepto,AtlantesBE-main/AtlantesBE-main/app/functions/ovp.php,854
JOIN,dav_casos,AtlantesBE-main/AtlantesBE-main/app/functions/ovp.php,855
JOIN,dav_cliente,AtlantesBE-main/AtlantesBE-main/app/functions/ovp.php,856
SELECT,dav_banco,AtlantesBE-main/AtlantesBE-main/app/functions/ovp.php,870
SELECT,dav_notasdebitodetalle,AtlantesBE-main/AtlantesBE-main/app/functions/ovp.php,873
JOIN,dav_notasdebito,AtlantesBE-main/AtlantesBE-main/app/functions/ovp.php,874
JOIN,dav_casos,AtlantesBE-main/AtlantesBE-main/app/functions/ovp.php,875
JOIN,dav_concepto,AtlantesBE-main/AtlantesBE-main/app/functions/ovp.php,876
JOIN,dav_cliente,AtlantesBE-main/AtlantesBE-main/app/functions/ovp.php,877
JOIN,dav_tiponotasdebito,AtlantesBE-main/AtlantesBE-main/app/functions/ovp.php,878
SELECT,dav_pagos,AtlantesBE-main/AtlantesBE-main/app/functions/ovp.php,882
JOIN,dav_banco,AtlantesBE-main/AtlantesBE-main/app/functions/ovp.php,883
SELECT,dav_pagosdetalle,AtlantesBE-main/AtlantesBE-main/app/functions/ovp.php,888
JOIN,dav_pagos,AtlantesBE-main/AtlantesBE-main/app/functions/ovp.php,898
JOIN,dav_casos,AtlantesBE-main/AtlantesBE-main/app/functions/ovp.php,899
JOIN,dav_concepto,AtlantesBE-main/AtlantesBE-main/app/functions/ovp.php,900
JOIN,dav_banco,AtlantesBE-main/AtlantesBE-main/app/functions/ovp.php,901
JOIN,dav_cliente,AtlantesBE-main/AtlantesBE-main/app/functions/ovp.php,902
SELECT,dav_concepto,AtlantesBE-main/AtlantesBE-main/app/functions/ovp.php,919
SELECT,dav_banco,AtlantesBE-main/AtlantesBE-main/app/functions/ovp.php,920
SELECT,dav_pagosdetalle,AtlantesBE-main/AtlantesBE-main/app/functions/ovp.php,928
JOIN,dav_facturaplanilla,AtlantesBE-main/AtlantesBE-main/app/functions/ovp.php,929
JOIN,dav_casos,AtlantesBE-main/AtlantesBE-main/app/functions/ovp.php,930
JOIN,dav_cliente,AtlantesBE-main/AtlantesBE-main/app/functions/ovp.php,931
JOIN,dav_pagos,AtlantesBE-main/AtlantesBE-main/app/functions/ovp.php,932
JOIN,dav_concepto,AtlantesBE-main/AtlantesBE-main/app/functions/ovp.php,933
JOIN,dav_banco,AtlantesBE-main/AtlantesBE-main/app/functions/ovp.php,937
SELECT,dav_pagosovp,AtlantesBE-main/AtlantesBE-main/app/functions/ovp.php,994
SELECT,dav_pagosovp,AtlantesBE-main/AtlantesBE-main/app/functions/ovp.php,996
UPDATE,dav_pagosovp,AtlantesBE-main/AtlantesBE-main/app/functions/ovp.php,1001
INSERT,dav_pagosovp,AtlantesBE-main/AtlantesBE-main/app/functions/ovp.php,1005
SELECT,dav_pagosovp,AtlantesBE-main/AtlantesBE-main/app/functions/ovp.php,1019
SELECT,dav_pagosovp,AtlantesBE-main/AtlantesBE-main/app/functions/ovp.php,1021
UPDATE,dav_pagosovp,AtlantesBE-main/AtlantesBE-main/app/functions/ovp.php,1026
INSERT,dav_pagosovp,AtlantesBE-main/AtlantesBE-main/app/functions/ovp.php,1030
SELECT,dav_concepto,AtlantesBE-main/AtlantesBE-main/app/functions/ovp.php,1080
SELECT,dav_banco,AtlantesBE-main/AtlantesBE-main/app/functions/ovp.php,1082
JOIN,dav_casos,AtlantesBE-main/AtlantesBE-main/app/functions/ovp.php,1087
JOIN,dav_cliente,AtlantesBE-main/AtlantesBE-main/app/functions/ovp.php,1088
JOIN,dav_tiponotasdebito,AtlantesBE-main/AtlantesBE-main/app/functions/ovp.php,1089
JOIN,dav_notasdebitodetalle,AtlantesBE-main/AtlantesBE-main/app/functions/ovp.php,1090
JOIN,dav_concepto,AtlantesBE-main/AtlantesBE-main/app/functions/ovp.php,1091
JOIN,dav_notasdebito,AtlantesBE-main/AtlantesBE-main/app/functions/ovp.php,1100
JOIN,dav_casos,AtlantesBE-main/AtlantesBE-main/app/functions/ovp.php,1101
JOIN,dav_concepto,AtlantesBE-main/AtlantesBE-main/app/functions/ovp.php,1102
JOIN,dav_cliente,AtlantesBE-main/AtlantesBE-main/app/functions/ovp.php,1103
SELECT,dav_concepto,AtlantesBE-main/AtlantesBE-main/app/functions/ovp.php,1110
SELECT,dav_pagosovp,AtlantesBE-main/AtlantesBE-main/app/functions/ovp.php,1160
UPDATE,dav_pagosovp,AtlantesBE-main/AtlantesBE-main/app/functions/ovp.php,1164
INSERT,dav_pagosovp,AtlantesBE-main/AtlantesBE-main/app/functions/ovp.php,1168
SELECT,dav_pagosovp,AtlantesBE-main/AtlantesBE-main/app/functions/ovp.php,1176
UPDATE,dav_pagosovp,AtlantesBE-main/AtlantesBE-main/app/functions/ovp.php,1190
UPDATE,dav_pagosovp,AtlantesBE-main/AtlantesBE-main/app/functions/ovp.php,1202
SELECT,dav_pagosovp,AtlantesBE-main/AtlantesBE-main/app/functions/ovp.php,1218
UPDATE,dav_pagosovp,AtlantesBE-main/AtlantesBE-main/app/functions/ovp.php,1222
INSERT,dav_pagosovp,AtlantesBE-main/AtlantesBE-main/app/functions/ovp.php,1226
SELECT,dav_concepto,AtlantesBE-main/AtlantesBE-main/app/functions/ovp.php,1278
SELECT,dav_banco,AtlantesBE-main/AtlantesBE-main/app/functions/ovp.php,1280
JOIN,dav_casos,AtlantesBE-main/AtlantesBE-main/app/functions/ovp.php,1291
JOIN,dav_cliente,AtlantesBE-main/AtlantesBE-main/app/functions/ovp.php,1292
JOIN,dav_tiponotasdebito,AtlantesBE-main/AtlantesBE-main/app/functions/ovp.php,1293
JOIN,dav_notasdebitodetalle,AtlantesBE-main/AtlantesBE-main/app/functions/ovp.php,1294
JOIN,dav_pagos,AtlantesBE-main/AtlantesBE-main/app/functions/ovp.php,1295
JOIN,dav_pagosovp,AtlantesBE-main/AtlantesBE-main/app/functions/ovp.php,1296
JOIN,dav_concepto,AtlantesBE-main/AtlantesBE-main/app/functions/ovp.php,1297
JOIN,dav_banco,AtlantesBE-main/AtlantesBE-main/app/functions/ovp.php,1298
SELECT,dav_concepto,AtlantesBE-main/AtlantesBE-main/app/functions/ovp.php,1315
SELECT,dav_pagosdetalle,AtlantesBE-main/AtlantesBE-main/app/functions/ovp.php,1315
SELECT,dav_banco,AtlantesBE-main/AtlantesBE-main/app/functions/ovp.php,1317
JOIN,dav_casos,AtlantesBE-main/AtlantesBE-main/app/functions/ovp.php,1328
JOIN,dav_cliente,AtlantesBE-main/AtlantesBE-main/app/functions/ovp.php,1329
JOIN,dav_pagos,AtlantesBE-main/AtlantesBE-main/app/functions/ovp.php,1330
JOIN,dav_pagosovp,AtlantesBE-main/AtlantesBE-main/app/functions/ovp.php,1331
JOIN,dav_concepto,AtlantesBE-main/AtlantesBE-main/app/functions/ovp.php,1332
JOIN,dav_banco,AtlantesBE-main/AtlantesBE-main/app/functions/ovp.php,1333
UPDATE,dav_pagosovp,AtlantesBE-main/AtlantesBE-main/app/functions/ovp.php,1394
UPDATE,dav_pagosovp,AtlantesBE-main/AtlantesBE-main/app/functions/ovp.php,1405
SELECT,dav_banco,AtlantesBE-main/AtlantesBE-main/app/functions/ovp.php,1455
JOIN,dav_pagos,AtlantesBE-main/AtlantesBE-main/app/functions/ovp.php,1459
JOIN,dav_casos,AtlantesBE-main/AtlantesBE-main/app/functions/ovp.php,1460
JOIN,dav_concepto,AtlantesBE-main/AtlantesBE-main/app/functions/ovp.php,1461
JOIN,dav_banco,AtlantesBE-main/AtlantesBE-main/app/functions/ovp.php,1462
JOIN,dav_cliente,AtlantesBE-main/AtlantesBE-main/app/functions/ovp.php,1463
JOIN,dav_pagos,AtlantesBE-main/AtlantesBE-main/app/functions/ovp.php,1479
JOIN,dav_casos,AtlantesBE-main/AtlantesBE-main/app/functions/ovp.php,1480
JOIN,dav_concepto,AtlantesBE-main/AtlantesBE-main/app/functions/ovp.php,1481
JOIN,dav_banco,AtlantesBE-main/AtlantesBE-main/app/functions/ovp.php,1482
JOIN,dav_cliente,AtlantesBE-main/AtlantesBE-main/app/functions/ovp.php,1483
SELECT,dav_banco,AtlantesBE-main/AtlantesBE-main/app/functions/ovp.php,1503
JOIN,dav_pagos,AtlantesBE-main/AtlantesBE-main/app/functions/ovp.php,1507
JOIN,dav_notasdebito,AtlantesBE-main/AtlantesBE-main/app/functions/ovp.php,1508
JOIN,dav_casos,AtlantesBE-main/AtlantesBE-main/app/functions/ovp.php,1509
JOIN,dav_concepto,AtlantesBE-main/AtlantesBE-main/app/functions/ovp.php,1510
JOIN,dav_banco,AtlantesBE-main/AtlantesBE-main/app/functions/ovp.php,1511
JOIN,dav_cliente,AtlantesBE-main/AtlantesBE-main/app/functions/ovp.php,1512
JOIN,dav_pagos,AtlantesBE-main/AtlantesBE-main/app/functions/ovp.php,1528
JOIN,dav_notasdebito,AtlantesBE-main/AtlantesBE-main/app/functions/ovp.php,1529
JOIN,dav_casos,AtlantesBE-main/AtlantesBE-main/app/functions/ovp.php,1530
JOIN,dav_concepto,AtlantesBE-main/AtlantesBE-main/app/functions/ovp.php,1531
JOIN,dav_banco,AtlantesBE-main/AtlantesBE-main/app/functions/ovp.php,1532
JOIN,dav_cliente,AtlantesBE-main/AtlantesBE-main/app/functions/ovp.php,1533
SELECT,dav_banco,AtlantesBE-main/AtlantesBE-main/app/functions/ovp.php,1553
JOIN,dav_pagos,AtlantesBE-main/AtlantesBE-main/app/functions/ovp.php,1557
JOIN,dav_anticipos,AtlantesBE-main/AtlantesBE-main/app/functions/ovp.php,1558
JOIN,dav_concepto,AtlantesBE-main/AtlantesBE-main/app/functions/ovp.php,1559
JOIN,dav_banco,AtlantesBE-main/AtlantesBE-main/app/functions/ovp.php,1560
JOIN,dav_cliente,AtlantesBE-main/AtlantesBE-main/app/functions/ovp.php,1561
JOIN,dav_pagos,AtlantesBE-main/AtlantesBE-main/app/functions/ovp.php,1577
JOIN,dav_anticipos,AtlantesBE-main/AtlantesBE-main/app/functions/ovp.php,1578
JOIN,dav_banco,AtlantesBE-main/AtlantesBE-main/app/functions/ovp.php,1579
JOIN,dav_cliente,AtlantesBE-main/AtlantesBE-main/app/functions/ovp.php,1580
SELECT,dav_pagosovp,AtlantesBE-main/AtlantesBE-main/app/functions/ovp.php,1638
UPDATE,dav_pagosovp,AtlantesBE-main/AtlantesBE-main/app/functions/ovp.php,1643
INSERT,dav_pagosovp,AtlantesBE-main/AtlantesBE-main/app/functions/ovp.php,1647
SELECT,dav_pagosovp,AtlantesBE-main/AtlantesBE-main/app/functions/ovp.php,1655
UPDATE,dav_pagosovp,AtlantesBE-main/AtlantesBE-main/app/functions/ovp.php,1661
INSERT,dav_pagosovp,AtlantesBE-main/AtlantesBE-main/app/functions/ovp.php,1665
SELECT,dav_pagosovp,AtlantesBE-main/AtlantesBE-main/app/functions/ovp.php,1681
UPDATE,dav_pagosovp,AtlantesBE-main/AtlantesBE-main/app/functions/ovp.php,1685
INSERT,dav_pagosovp,AtlantesBE-main/AtlantesBE-main/app/functions/ovp.php,1689
SELECT,dav_casos,AtlantesBE-main/AtlantesBE-main/app/functions/ovp.php,1730
JOIN,dav_cliente,AtlantesBE-main/AtlantesBE-main/app/functions/ovp.php,1731
JOIN,dav_notasdebito,AtlantesBE-main/AtlantesBE-main/app/functions/ovp.php,1732
SELECT,dav_casos,AtlantesBE-main/AtlantesBE-main/app/functions/ovp.php,1736
JOIN,dav_cliente,AtlantesBE-main/AtlantesBE-main/app/functions/ovp.php,1737
JOIN,dav_facturaplanilla,AtlantesBE-main/AtlantesBE-main/app/functions/ovp.php,1738
SELECT,dav_concepto,AtlantesBE-main/AtlantesBE-main/app/functions/ovp.php,1743
SELECT,dav_pagosovp,AtlantesBE-main/AtlantesBE-main/app/functions/ovp.php,1780
UPDATE,dav_notasdebito,AtlantesBE-main/AtlantesBE-main/app/functions/ovp.php,1791
UPDATE,dav_facturaplanilla,AtlantesBE-main/AtlantesBE-main/app/functions/ovp.php,1795
UPDATE,dav_pagosovp,AtlantesBE-main/AtlantesBE-main/app/functions/ovp.php,1806
UPDATE,dav_pagosovp,AtlantesBE-main/AtlantesBE-main/app/functions/ovp.php,1818
UPDATE,dav_facturaplanilla,AtlantesBE-main/AtlantesBE-main/app/functions/ovp.php,1827
UPDATE,dav_pagosovp,AtlantesBE-main/AtlantesBE-main/app/functions/ovp.php,1833
JOIN,dav_tipoanticipos,AtlantesBE-main/AtlantesBE-main/app/functions/ovp.php,1880
JOIN,dav_banco,AtlantesBE-main/AtlantesBE-main/app/functions/ovp.php,1881
JOIN,dav_cliente,AtlantesBE-main/AtlantesBE-main/app/functions/ovp.php,1882
JOIN,dav_tipotransferencia,AtlantesBE-main/AtlantesBE-main/app/functions/ovp.php,1883
UPDATE,dav_anticipos,AtlantesBE-main/AtlantesBE-main/app/functions/ovp.php,1928
UPDATE,dav_anticipos,AtlantesBE-main/AtlantesBE-main/app/functions/ovp.php,1932
SELECT,dav_anticipos,AtlantesBE-main/AtlantesBE-main/app/functions/ovp.php,1965
JOIN,dav_cliente,AtlantesBE-main/AtlantesBE-main/app/functions/ovp.php,1966
SELECT,dav_facturaplanilla,AtlantesBE-main/AtlantesBE-main/app/functions/ovp.php,1972
JOIN,dav_facturasdetalle,AtlantesBE-main/AtlantesBE-main/app/functions/ovp.php,1973
SELECT,dav_facturaplanilla,AtlantesBE-main/AtlantesBE-main/app/functions/ovp.php,1977
SELECT,dav_pagosdetalle,AtlantesBE-main/AtlantesBE-main/app/functions/ovp.php,1981
JOIN,dav_pagos,AtlantesBE-main/AtlantesBE-main/app/functions/ovp.php,1982
JOIN,dav_pagos,AtlantesBE-main/AtlantesBE-main/app/functions/ovp.php,2014
JOIN,dav_pagosovp,AtlantesBE-main/AtlantesBE-main/app/functions/ovp.php,2015
JOIN,dav_facturaplanilla,AtlantesBE-main/AtlantesBE-main/app/functions/ovp.php,2021
JOIN,dav_casos,AtlantesBE-main/AtlantesBE-main/app/functions/ovp.php,2022
JOIN,dav_concepto,AtlantesBE-main/AtlantesBE-main/app/functions/ovp.php,2023
JOIN,dav_pagos,AtlantesBE-main/AtlantesBE-main/app/functions/ovp.php,2045
JOIN,dav_pagosovp,AtlantesBE-main/AtlantesBE-main/app/functions/ovp.php,2046
JOIN,dav_facturaplanilla,AtlantesBE-main/AtlantesBE-main/app/functions/ovp.php,2047
JOIN,dav_casos,AtlantesBE-main/AtlantesBE-main/app/functions/ovp.php,2048
JOIN,dav_concepto,AtlantesBE-main/AtlantesBE-main/app/functions/ovp.php,2049
JOIN,dav_notasdebitodetalle,AtlantesBE-main/AtlantesBE-main/app/functions/ovp.php,2074
JOIN,dav_pagosovp,AtlantesBE-main/AtlantesBE-main/app/functions/ovp.php,2075
JOIN,dav_casos,AtlantesBE-main/AtlantesBE-main/app/functions/ovp.php,2076
UPDATE,dav_cobros,AtlantesBE-main/AtlantesBE-main/app/functions/ovp.php,2092
UPDATE,dav_facturaplanilla,AtlantesBE-main/AtlantesBE-main/app/functions/ovp.php,2115
UPDATE,dav_cobros,AtlantesBE-main/AtlantesBE-main/app/functions/ovp.php,2116
UPDATE,dav_anticipos,AtlantesBE-main/AtlantesBE-main/app/functions/ovp.php,2118
UPDATE,dav_cobros,AtlantesBE-main/AtlantesBE-main/app/functions/ovp.php,2122
UPDATE,dav_cobros,AtlantesBE-main/AtlantesBE-main/app/functions/ovp.php,2127
UPDATE,dav_pagosovp,AtlantesBE-main/AtlantesBE-main/app/functions/ovp.php,2144
UPDATE,dav_cobros,AtlantesBE-main/AtlantesBE-main/app/functions/ovp.php,2145
UPDATE,dav_anticipos,AtlantesBE-main/AtlantesBE-main/app/functions/ovp.php,2147
UPDATE,dav_cobros,AtlantesBE-main/AtlantesBE-main/app/functions/ovp.php,2151
UPDATE,dav_cobros,AtlantesBE-main/AtlantesBE-main/app/functions/ovp.php,2156
UPDATE,dav_pagosovp,AtlantesBE-main/AtlantesBE-main/app/functions/ovp.php,2182
UPDATE,dav_pagosovp,AtlantesBE-main/AtlantesBE-main/app/functions/ovp.php,2187
UPDATE,dav_pagosovp,AtlantesBE-main/AtlantesBE-main/app/functions/ovp.php,2193
UPDATE,dav_pagosovp,AtlantesBE-main/AtlantesBE-main/app/functions/ovp.php,2195
UPDATE,dav_anticipos,AtlantesBE-main/AtlantesBE-main/app/functions/ovp.php,2199
UPDATE,dav_cobros,AtlantesBE-main/AtlantesBE-main/app/functions/ovp.php,2201
UPDATE,dav_cobros,AtlantesBE-main/AtlantesBE-main/app/functions/ovp.php,2205
UPDATE,dav_cobros,AtlantesBE-main/AtlantesBE-main/app/functions/ovp.php,2211
UPDATE,dav_pagosovp,AtlantesBE-main/AtlantesBE-main/app/functions/ovp.php,2225
UPDATE,dav_cobros,AtlantesBE-main/AtlantesBE-main/app/functions/ovp.php,2226
UPDATE,dav_anticipos,AtlantesBE-main/AtlantesBE-main/app/functions/ovp.php,2228
UPDATE,dav_cobros,AtlantesBE-main/AtlantesBE-main/app/functions/ovp.php,2232
UPDATE,dav_cobros,AtlantesBE-main/AtlantesBE-main/app/functions/ovp.php,2237
UPDATE,dav_cobros,AtlantesBE-main/AtlantesBE-main/app/functions/ovp.php,2244
UPDATE,dav_cobros,AtlantesBE-main/AtlantesBE-main/app/functions/ovp.php,2247
UPDATE,dav_cobros,AtlantesBE-main/AtlantesBE-main/app/functions/ovp.php,2254
UPDATE,dav_cobros,AtlantesBE-main/AtlantesBE-main/app/functions/ovp.php,2261
UPDATE,dav_cobros,AtlantesBE-main/AtlantesBE-main/app/functions/ovp.php,2268
SELECT,t_usuariomodulo,AtlantesBE-main/AtlantesBE-main/app/middleware/jwt.php,51
JOIN,t_ciudad,AtlantesBE-main/AtlantesBE-main/app/routes/almacenes.php,34
JOIN,t_almacendetalle,AtlantesBE-main/AtlantesBE-main/app/routes/almacenes.php,79
JOIN,t_ate_gas,AtlantesBE-main/AtlantesBE-main/app/routes/almacenes.php,80
JOIN,tmp_items,AtlantesBE-main/AtlantesBE-main/app/routes/almacenes.php,92
JOIN,t_ciudad,AtlantesBE-main/AtlantesBE-main/app/routes/almacenes.php,136
JOIN,t_tipoalmacendetalle,AtlantesBE-main/AtlantesBE-main/app/routes/almacenes.php,161
JOIN,t_salida,AtlantesBE-main/AtlantesBE-main/app/routes/almacenes.php,341
JOIN,t_no_conf,AtlantesBE-main/AtlantesBE-main/app/routes/almacenes.php,377
JOIN,t_merma,AtlantesBE-main/AtlantesBE-main/app/routes/almacenes.php,378
JOIN,t_ingreso,AtlantesBE-main/AtlantesBE-main/app/routes/almacenes.php,379
SELECT,t_tipoalmacendetalle,AtlantesBE-main/AtlantesBE-main/app/routes/almacenes.php,484
SELECT,t_cliente,AtlantesBE-main/AtlantesBE-main/app/routes/almacenes.php,514
INSERT,tmp_cantidadsinubicacion,AtlantesBE-main/AtlantesBE-main/app/routes/almacenes.php,529
JOIN,t_ingreso,AtlantesBE-main/AtlantesBE-main/app/routes/almacenes.php,535
JOIN,t_ubicacionitem,AtlantesBE-main/AtlantesBE-main/app/routes/almacenes.php,536
JOIN,t_cliente,AtlantesBE-main/AtlantesBE-main/app/routes/almacenes.php,537
JOIN,t_cliente,AtlantesBE-main/AtlantesBE-main/app/routes/almacenes.php,576
JOIN,t_tipocamion,AtlantesBE-main/AtlantesBE-main/app/routes/almacenes.php,577
JOIN,t_tipocontenedor,AtlantesBE-main/AtlantesBE-main/app/routes/almacenes.php,578
JOIN,t_tipoingreso,AtlantesBE-main/AtlantesBE-main/app/routes/almacenes.php,579
JOIN,tmp_cantidadsinubicacion,AtlantesBE-main/AtlantesBE-main/app/routes/almacenes.php,580
SELECT,t_cliente,AtlantesBE-main/AtlantesBE-main/app/routes/almacenes.php,649
JOIN,t_salidadetalle,AtlantesBE-main/AtlantesBE-main/app/routes/almacenes.php,673
JOIN,t_accesorios_vehiculos,AtlantesBE-main/AtlantesBE-main/app/routes/almacenes.php,674
JOIN,t_salida,AtlantesBE-main/AtlantesBE-main/app/routes/almacenes.php,675
JOIN,t_ingreso,AtlantesBE-main/AtlantesBE-main/app/routes/almacenes.php,676
JOIN,t_salida,AtlantesBE-main/AtlantesBE-main/app/routes/almacenes.php,706
JOIN,t_ingresodetalle,AtlantesBE-main/AtlantesBE-main/app/routes/almacenes.php,707
JOIN,t_ingreso,AtlantesBE-main/AtlantesBE-main/app/routes/almacenes.php,708
JOIN,tmp_inventario_pendiente,AtlantesBE-main/AtlantesBE-main/app/routes/almacenes.php,709
JOIN,t_cliente,AtlantesBE-main/AtlantesBE-main/app/routes/almacenes.php,732
JOIN,t_almacen,AtlantesBE-main/AtlantesBE-main/app/routes/almacenes.php,733
JOIN,t_movilizador,AtlantesBE-main/AtlantesBE-main/app/routes/almacenes.php,734
JOIN,tmp_chasis,AtlantesBE-main/AtlantesBE-main/app/routes/almacenes.php,735
JOIN,t_ingreso,AtlantesBE-main/AtlantesBE-main/app/routes/almacenes.php,736
INSERT,tmp_ultimaubicacion,AtlantesBE-main/AtlantesBE-main/app/routes/almacenes.php,791
JOIN,t_ingresodetalle,AtlantesBE-main/AtlantesBE-main/app/routes/almacenes.php,875
JOIN,t_cliente,AtlantesBE-main/AtlantesBE-main/app/routes/almacenes.php,876
JOIN,t_tipocamion,AtlantesBE-main/AtlantesBE-main/app/routes/almacenes.php,877
JOIN,t_tipoingreso,AtlantesBE-main/AtlantesBE-main/app/routes/almacenes.php,878
JOIN,t_tipocontenedor,AtlantesBE-main/AtlantesBE-main/app/routes/almacenes.php,879
JOIN,t_tipodescarga,AtlantesBE-main/AtlantesBE-main/app/routes/almacenes.php,880
JOIN,t_tipoproducto,AtlantesBE-main/AtlantesBE-main/app/routes/almacenes.php,881
JOIN,t_usuario,AtlantesBE-main/AtlantesBE-main/app/routes/almacenes.php,882
JOIN,t_embalaje,AtlantesBE-main/AtlantesBE-main/app/routes/almacenes.php,883
JOIN,t_no_conf,AtlantesBE-main/AtlantesBE-main/app/routes/almacenes.php,884
JOIN,t_clasificacion,AtlantesBE-main/AtlantesBE-main/app/routes/almacenes.php,885
JOIN,t_merma,AtlantesBE-main/AtlantesBE-main/app/routes/almacenes.php,886
JOIN,tmp_ultimaubicacion,AtlantesBE-main/AtlantesBE-main/app/routes/almacenes.php,887
JOIN,t_ubicacionitem,AtlantesBE-main/AtlantesBE-main/app/routes/almacenes.php,888
JOIN,t_almacendetalle,AtlantesBE-main/AtlantesBE-main/app/routes/almacenes.php,889
JOIN,t_baseproductos,AtlantesBE-main/AtlantesBE-main/app/routes/almacenes.php,890
JOIN,t_embalaje,AtlantesBE-main/AtlantesBE-main/app/routes/almacenes.php,891
JOIN,t_cliente,AtlantesBE-main/AtlantesBE-main/app/routes/almacenes.php,1047
JOIN,t_cliente,AtlantesBE-main/AtlantesBE-main/app/routes/almacenes.php,1048
JOIN,t_tipocamion,AtlantesBE-main/AtlantesBE-main/app/routes/almacenes.php,1049
JOIN,t_tipoingreso,AtlantesBE-main/AtlantesBE-main/app/routes/almacenes.php,1050
JOIN,t_tipocontenedor,AtlantesBE-main/AtlantesBE-main/app/routes/almacenes.php,1051
JOIN,t_tipodescarga,AtlantesBE-main/AtlantesBE-main/app/routes/almacenes.php,1052
JOIN,t_tipoproducto,AtlantesBE-main/AtlantesBE-main/app/routes/almacenes.php,1053
JOIN,t_usuario,AtlantesBE-main/AtlantesBE-main/app/routes/almacenes.php,1054
SELECT,t_ingresodetalle,AtlantesBE-main/AtlantesBE-main/app/routes/almacenes.php,1293
SELECT,t_salidadetalle,AtlantesBE-main/AtlantesBE-main/app/routes/almacenes.php,1305
SELECT,t_ingresodetalle,AtlantesBE-main/AtlantesBE-main/app/routes/almacenes.php,1311
UPDATE,t_ingresodetalle,AtlantesBE-main/AtlantesBE-main/app/routes/almacenes.php,1368
JOIN,t_ingresodetalle,AtlantesBE-main/AtlantesBE-main/app/routes/almacenes.php,1369
SELECT,t_ingresodetalle,AtlantesBE-main/AtlantesBE-main/app/routes/almacenes.php,1412
UPDATE,t_ingreso,AtlantesBE-main/AtlantesBE-main/app/routes/almacenes.php,1451
INSERT,t_ingresodetalle,AtlantesBE-main/AtlantesBE-main/app/routes/almacenes.php,1546
UPDATE,t_ingresodetalle,AtlantesBE-main/AtlantesBE-main/app/routes/almacenes.php,1616
INSERT,t_ubicacionitem,AtlantesBE-main/AtlantesBE-main/app/routes/almacenes.php,1654
SELECT,t_ubicacionitem,AtlantesBE-main/AtlantesBE-main/app/routes/almacenes.php,1667
UPDATE,t_ubicacionitem,AtlantesBE-main/AtlantesBE-main/app/routes/almacenes.php,1674
INSERT,t_ingresodetalle_accesorios,AtlantesBE-main/AtlantesBE-main/app/routes/almacenes.php,1680
UPDATE,t_ingresodetalle_accesorios,AtlantesBE-main/AtlantesBE-main/app/routes/almacenes.php,1694
SELECT,t_ingresodetalle_accesorios,AtlantesBE-main/AtlantesBE-main/app/routes/almacenes.php,1703
DELETE,t_ingresodetalle_accesorios,AtlantesBE-main/AtlantesBE-main/app/routes/almacenes.php,1703
SELECT,t_ingresodetalle,AtlantesBE-main/AtlantesBE-main/app/routes/almacenes.php,1987
SELECT,t_ingresodetalle_accesorios,AtlantesBE-main/AtlantesBE-main/app/routes/almacenes.php,1997
DELETE,t_ingresodetalle_accesorios,AtlantesBE-main/AtlantesBE-main/app/routes/almacenes.php,1997
SELECT,t_ubicacionitem,AtlantesBE-main/AtlantesBE-main/app/routes/almacenes.php,2002
DELETE,t_ubicacionitem,AtlantesBE-main/AtlantesBE-main/app/routes/almacenes.php,2002
SELECT,t_ingresodetalle,AtlantesBE-main/AtlantesBE-main/app/routes/almacenes.php,2007
DELETE,t_ingresodetalle,AtlantesBE-main/AtlantesBE-main/app/routes/almacenes.php,2007
SELECT,t_ingreso,AtlantesBE-main/AtlantesBE-main/app/routes/almacenes.php,2085
JOIN,t_cliente,AtlantesBE-main/AtlantesBE-main/app/routes/almacenes.php,2086
SELECT,t_cliente,AtlantesBE-main/AtlantesBE-main/app/routes/almacenes.php,2179
SELECT,t_cliente,AtlantesBE-main/AtlantesBE-main/app/routes/almacenes.php,2185
INSERT,t_ingreso,AtlantesBE-main/AtlantesBE-main/app/routes/almacenes.php,2196
SELECT,t_ingreso,AtlantesBE-main/AtlantesBE-main/app/routes/almacenes.php,2213
INSERT,t_ingreso,AtlantesBE-main/AtlantesBE-main/app/routes/almacenes.php,2259
SELECT,t_ingreso,AtlantesBE-main/AtlantesBE-main/app/routes/almacenes.php,2260
JOIN,t_ingreso,AtlantesBE-main/AtlantesBE-main/app/routes/almacenes.php,2355
INSERT,t_ingreso,AtlantesBE-main/AtlantesBE-main/app/routes/almacenes.php,2434
SELECT,t_ingreso,AtlantesBE-main/AtlantesBE-main/app/routes/almacenes.php,2475
INSERT,t_ingresodetalle,AtlantesBE-main/AtlantesBE-main/app/routes/almacenes.php,2521
UPDATE,t_salidadetalle,AtlantesBE-main/AtlantesBE-main/app/routes/almacenes.php,2666
UPDATE,t_salidadetalle,AtlantesBE-main/AtlantesBE-main/app/routes/almacenes.php,2669
SELECT,t_salidadetalle_accesorios_pendiente,AtlantesBE-main/AtlantesBE-main/app/routes/almacenes.php,2693
UPDATE,de,AtlantesBE-main/AtlantesBE-main/app/routes/almacenes.php,2711
UPDATE,t_salidadetalle_accesorios_pendiente,AtlantesBE-main/AtlantesBE-main/app/routes/almacenes.php,2714
INSERT,t_salidadetalle_accesorios_pendiente,AtlantesBE-main/AtlantesBE-main/app/routes/almacenes.php,2740
UPDATE,t_salidadetalle_accesorios_pendiente,AtlantesBE-main/AtlantesBE-main/app/routes/almacenes.php,2761
INSERT,t_salidadetalleimagen_pendiente,AtlantesBE-main/AtlantesBE-main/app/routes/almacenes.php,2788
UPDATE,t_salidadetalle,AtlantesBE-main/AtlantesBE-main/app/routes/almacenes.php,2885
UPDATE,t_salidadetalle_accesorios_pendiente,AtlantesBE-main/AtlantesBE-main/app/routes/almacenes.php,2907
INSERT,t_salidadetalle_accesorios_pendiente,AtlantesBE-main/AtlantesBE-main/app/routes/almacenes.php,2919
UPDATE,t_salidadetalle_accesorios_pendiente,AtlantesBE-main/AtlantesBE-main/app/routes/almacenes.php,2927
INSERT,t_salidadetalleimagen_pendiente,AtlantesBE-main/AtlantesBE-main/app/routes/almacenes.php,2969
INSERT,t_ingreso,AtlantesBE-main/AtlantesBE-main/app/routes/almacenes.php,3011
SELECT,t_ingreso,AtlantesBE-main/AtlantesBE-main/app/routes/almacenes.php,3012
SELECT,t_salida,AtlantesBE-main/AtlantesBE-main/app/routes/almacenes.php,3012
INSERT,t_ingresodetalle,AtlantesBE-main/AtlantesBE-main/app/routes/almacenes.php,3015
JOIN,t_ingresodetalle,AtlantesBE-main/AtlantesBE-main/app/routes/almacenes.php,3030
JOIN,t_cliente,AtlantesBE-main/AtlantesBE-main/app/routes/almacenes.php,3102
JOIN,t_tipocamion,AtlantesBE-main/AtlantesBE-main/app/routes/almacenes.php,3103
JOIN,t_tipocontenedor,AtlantesBE-main/AtlantesBE-main/app/routes/almacenes.php,3104
JOIN,t_embalaje,AtlantesBE-main/AtlantesBE-main/app/routes/almacenes.php,3169
JOIN,t_embalaje,AtlantesBE-main/AtlantesBE-main/app/routes/almacenes.php,3170
SELECT,t_ingreso,AtlantesBE-main/AtlantesBE-main/app/routes/almacenes.php,3243
SELECT,t_inter_company,AtlantesBE-main/AtlantesBE-main/app/routes/almacenes.php,3250
JOIN,t_embalaje,AtlantesBE-main/AtlantesBE-main/app/routes/almacenes.php,3276
UPDATE,t_ingreso,AtlantesBE-main/AtlantesBE-main/app/routes/almacenes.php,3330
UPDATE,t_ingreso,AtlantesBE-main/AtlantesBE-main/app/routes/almacenes.php,3332
SELECT,t_cliente,AtlantesBE-main/AtlantesBE-main/app/routes/almacenes.php,3482
JOIN,t_cliente,AtlantesBE-main/AtlantesBE-main/app/routes/almacenes.php,3508
INSERT,tmp_ultimaubicacion,AtlantesBE-main/AtlantesBE-main/app/routes/almacenes.php,3563
JOIN,t_cliente,AtlantesBE-main/AtlantesBE-main/app/routes/almacenes.php,3644
JOIN,t_usuario,AtlantesBE-main/AtlantesBE-main/app/routes/almacenes.php,3645
JOIN,t_salidadetalle,AtlantesBE-main/AtlantesBE-main/app/routes/almacenes.php,3646
JOIN,t_ingresodetalle,AtlantesBE-main/AtlantesBE-main/app/routes/almacenes.php,3647
JOIN,t_embalaje,AtlantesBE-main/AtlantesBE-main/app/routes/almacenes.php,3648
JOIN,t_no_conf,AtlantesBE-main/AtlantesBE-main/app/routes/almacenes.php,3649
JOIN,t_clasificacion,AtlantesBE-main/AtlantesBE-main/app/routes/almacenes.php,3650
JOIN,t_ingreso,AtlantesBE-main/AtlantesBE-main/app/routes/almacenes.php,3651
JOIN,t_tipoingreso,AtlantesBE-main/AtlantesBE-main/app/routes/almacenes.php,3652
JOIN,tmp_ultimaubicacion,AtlantesBE-main/AtlantesBE-main/app/routes/almacenes.php,3653
JOIN,t_ubicacionitem,AtlantesBE-main/AtlantesBE-main/app/routes/almacenes.php,3654
JOIN,t_almacendetalle,AtlantesBE-main/AtlantesBE-main/app/routes/almacenes.php,3655
JOIN,t_merma,AtlantesBE-main/AtlantesBE-main/app/routes/almacenes.php,3656
JOIN,t_baseproductos,AtlantesBE-main/AtlantesBE-main/app/routes/almacenes.php,3657
JOIN,t_embalaje,AtlantesBE-main/AtlantesBE-main/app/routes/almacenes.php,3658
JOIN,t_salidadetalle,AtlantesBE-main/AtlantesBE-main/app/routes/almacenes.php,3771
JOIN,t_salida,AtlantesBE-main/AtlantesBE-main/app/routes/almacenes.php,3772
JOIN,t_cliente,AtlantesBE-main/AtlantesBE-main/app/routes/almacenes.php,3773
JOIN,t_salidadetalle,AtlantesBE-main/AtlantesBE-main/app/routes/almacenes.php,3820
JOIN,t_salida,AtlantesBE-main/AtlantesBE-main/app/routes/almacenes.php,3821
JOIN,t_cliente,AtlantesBE-main/AtlantesBE-main/app/routes/almacenes.php,3822
SELECT,t_cliente,AtlantesBE-main/AtlantesBE-main/app/routes/almacenes.php,3873
SELECT,t_cliente,AtlantesBE-main/AtlantesBE-main/app/routes/almacenes.php,3879
INSERT,tmp_ingreso,AtlantesBE-main/AtlantesBE-main/app/routes/almacenes.php,3938
JOIN,t_ingreso,AtlantesBE-main/AtlantesBE-main/app/routes/almacenes.php,3944
INSERT,tmp_salida,AtlantesBE-main/AtlantesBE-main/app/routes/almacenes.php,3954
JOIN,t_salida,AtlantesBE-main/AtlantesBE-main/app/routes/almacenes.php,3960
JOIN,t_ingresodetalle,AtlantesBE-main/AtlantesBE-main/app/routes/almacenes.php,3961
JOIN,tmp_salida,AtlantesBE-main/AtlantesBE-main/app/routes/almacenes.php,3976
INSERT,t_salida,AtlantesBE-main/AtlantesBE-main/app/routes/almacenes.php,4008
SELECT,t_salida,AtlantesBE-main/AtlantesBE-main/app/routes/almacenes.php,4009
INSERT,t_salida,AtlantesBE-main/AtlantesBE-main/app/routes/almacenes.php,4017
SELECT,t_salida,AtlantesBE-main/AtlantesBE-main/app/routes/almacenes.php,4018
INSERT,tmp_ingreso,AtlantesBE-main/AtlantesBE-main/app/routes/almacenes.php,4026
JOIN,t_ingreso,AtlantesBE-main/AtlantesBE-main/app/routes/almacenes.php,4034
INSERT,tmp_salida,AtlantesBE-main/AtlantesBE-main/app/routes/almacenes.php,4044
JOIN,t_salida,AtlantesBE-main/AtlantesBE-main/app/routes/almacenes.php,4050
JOIN,t_ingresodetalle,AtlantesBE-main/AtlantesBE-main/app/routes/almacenes.php,4051
JOIN,tmp_salida,AtlantesBE-main/AtlantesBE-main/app/routes/almacenes.php,4068
INSERT,t_salidadetalle,AtlantesBE-main/AtlantesBE-main/app/routes/almacenes.php,4079
INSERT,t_salida,AtlantesBE-main/AtlantesBE-main/app/routes/almacenes.php,4090
SELECT,t_salida,AtlantesBE-main/AtlantesBE-main/app/routes/almacenes.php,4091
SELECT,t_salida,AtlantesBE-main/AtlantesBE-main/app/routes/almacenes.php,4235
SELECT,t_pedido,AtlantesBE-main/AtlantesBE-main/app/routes/almacenes.php,4263
SELECT,t_cliente,AtlantesBE-main/AtlantesBE-main/app/routes/almacenes.php,4283
UPDATE,t_salida,AtlantesBE-main/AtlantesBE-main/app/routes/almacenes.php,4319
INSERT,t_salidadetalle,AtlantesBE-main/AtlantesBE-main/app/routes/almacenes.php,4418
UPDATE,t_salidadetalle,AtlantesBE-main/AtlantesBE-main/app/routes/almacenes.php,4450
INSERT,t_salidadetalle_accesorios,AtlantesBE-main/AtlantesBE-main/app/routes/almacenes.php,4469
UPDATE,t_salidadetalle_accesorios,AtlantesBE-main/AtlantesBE-main/app/routes/almacenes.php,4485
UPDATE,t_salidadetalle_accesorios,AtlantesBE-main/AtlantesBE-main/app/routes/almacenes.php,4495
SELECT,t_salidadetalle_accesorios,AtlantesBE-main/AtlantesBE-main/app/routes/almacenes.php,4505
SELECT,t_salidadetalle,AtlantesBE-main/AtlantesBE-main/app/routes/almacenes.php,4738
SELECT,t_salidadetalle_accesorios,AtlantesBE-main/AtlantesBE-main/app/routes/almacenes.php,4747
DELETE,t_salidadetalle_accesorios,AtlantesBE-main/AtlantesBE-main/app/routes/almacenes.php,4747
SELECT,t_salidadetalle,AtlantesBE-main/AtlantesBE-main/app/routes/almacenes.php,4752
DELETE,t_salidadetalle,AtlantesBE-main/AtlantesBE-main/app/routes/almacenes.php,4752
INSERT,t_salidadetalleimagen,AtlantesBE-main/AtlantesBE-main/app/routes/almacenes.php,4902
SELECT,t_salida,AtlantesBE-main/AtlantesBE-main/app/routes/almacenes.php,4940
SELECT,t_salida,AtlantesBE-main/AtlantesBE-main/app/routes/almacenes.php,4993
UPDATE,t_salida,AtlantesBE-main/AtlantesBE-main/app/routes/almacenes.php,5208
SELECT,t_ingresodetalle,AtlantesBE-main/AtlantesBE-main/app/routes/almacenes.php,5274
SELECT,t_salidadetalle,AtlantesBE-main/AtlantesBE-main/app/routes/almacenes.php,5274
SELECT,t_salida,AtlantesBE-main/AtlantesBE-main/app/routes/almacenes.php,5274
UPDATE,t_salida,AtlantesBE-main/AtlantesBE-main/app/routes/almacenes.php,5282
JOIN,t_ingresodetalle,AtlantesBE-main/AtlantesBE-main/app/routes/almacenes.php,5289
UPDATE,t_ingresodetalle,AtlantesBE-main/AtlantesBE-main/app/routes/almacenes.php,5293
UPDATE,t_ingresodetalle,AtlantesBE-main/AtlantesBE-main/app/routes/almacenes.php,5304
INSERT,tmp_salidasinicial,AtlantesBE-main/AtlantesBE-main/app/routes/almacenes.php,5422
JOIN,t_salidadetalle,AtlantesBE-main/AtlantesBE-main/app/routes/almacenes.php,5428
JOIN,t_salida,AtlantesBE-main/AtlantesBE-main/app/routes/almacenes.php,5429
JOIN,t_ingreso,AtlantesBE-main/AtlantesBE-main/app/routes/almacenes.php,5468
JOIN,tmp_salidasinicial,AtlantesBE-main/AtlantesBE-main/app/routes/almacenes.php,5469
JOIN,t_cliente,AtlantesBE-main/AtlantesBE-main/app/routes/almacenes.php,5470
JOIN,t_embalaje,AtlantesBE-main/AtlantesBE-main/app/routes/almacenes.php,5471
JOIN,t_baseproductos,AtlantesBE-main/AtlantesBE-main/app/routes/almacenes.php,5472
JOIN,tmp_salidasinicial,AtlantesBE-main/AtlantesBE-main/app/routes/almacenes.php,5495
JOIN,t_ingreso,AtlantesBE-main/AtlantesBE-main/app/routes/almacenes.php,5592
JOIN,t_cliente,AtlantesBE-main/AtlantesBE-main/app/routes/almacenes.php,5593
JOIN,t_embalaje,AtlantesBE-main/AtlantesBE-main/app/routes/almacenes.php,5594
JOIN,t_baseproductos,AtlantesBE-main/AtlantesBE-main/app/routes/almacenes.php,5595
JOIN,t_salidadetalle,AtlantesBE-main/AtlantesBE-main/app/routes/almacenes.php,5637
JOIN,t_salida,AtlantesBE-main/AtlantesBE-main/app/routes/almacenes.php,5638
JOIN,t_cliente,AtlantesBE-main/AtlantesBE-main/app/routes/almacenes.php,5639
JOIN,t_embalaje,AtlantesBE-main/AtlantesBE-main/app/routes/almacenes.php,5640
JOIN,t_ingreso,AtlantesBE-main/AtlantesBE-main/app/routes/almacenes.php,5641
JOIN,t_baseproductos,AtlantesBE-main/AtlantesBE-main/app/routes/almacenes.php,5642
INSERT,tmp_salidasinicial,AtlantesBE-main/AtlantesBE-main/app/routes/almacenes.php,5926
JOIN,t_salidadetalle,AtlantesBE-main/AtlantesBE-main/app/routes/almacenes.php,5932
JOIN,t_salida,AtlantesBE-main/AtlantesBE-main/app/routes/almacenes.php,5933
JOIN,t_ingreso,AtlantesBE-main/AtlantesBE-main/app/routes/almacenes.php,5967
JOIN,tmp_salidasinicial,AtlantesBE-main/AtlantesBE-main/app/routes/almacenes.php,5968
JOIN,t_cliente,AtlantesBE-main/AtlantesBE-main/app/routes/almacenes.php,5969
JOIN,t_embalaje,AtlantesBE-main/AtlantesBE-main/app/routes/almacenes.php,5970
JOIN,t_merma,AtlantesBE-main/AtlantesBE-main/app/routes/almacenes.php,5971
JOIN,t_clasificacion,AtlantesBE-main/AtlantesBE-main/app/routes/almacenes.php,5972
JOIN,t_no_conf,AtlantesBE-main/AtlantesBE-main/app/routes/almacenes.php,5973
JOIN,tmp_salidasinicial,AtlantesBE-main/AtlantesBE-main/app/routes/almacenes.php,5996
JOIN,t_ingreso,AtlantesBE-main/AtlantesBE-main/app/routes/almacenes.php,6076
JOIN,t_cliente,AtlantesBE-main/AtlantesBE-main/app/routes/almacenes.php,6077
JOIN,t_embalaje,AtlantesBE-main/AtlantesBE-main/app/routes/almacenes.php,6078
JOIN,t_merma,AtlantesBE-main/AtlantesBE-main/app/routes/almacenes.php,6079
JOIN,t_clasificacion,AtlantesBE-main/AtlantesBE-main/app/routes/almacenes.php,6080
JOIN,t_no_conf,AtlantesBE-main/AtlantesBE-main/app/routes/almacenes.php,6081
JOIN,t_salidadetalle,AtlantesBE-main/AtlantesBE-main/app/routes/almacenes.php,6116
JOIN,t_salida,AtlantesBE-main/AtlantesBE-main/app/routes/almacenes.php,6117
JOIN,t_cliente,AtlantesBE-main/AtlantesBE-main/app/routes/almacenes.php,6118
JOIN,t_embalaje,AtlantesBE-main/AtlantesBE-main/app/routes/almacenes.php,6119
JOIN,t_ingreso,AtlantesBE-main/AtlantesBE-main/app/routes/almacenes.php,6120
JOIN,t_merma,AtlantesBE-main/AtlantesBE-main/app/routes/almacenes.php,6121
JOIN,t_clasificacion,AtlantesBE-main/AtlantesBE-main/app/routes/almacenes.php,6122
JOIN,t_no_conf,AtlantesBE-main/AtlantesBE-main/app/routes/almacenes.php,6123
INSERT,tmp_salidasinicial,AtlantesBE-main/AtlantesBE-main/app/routes/almacenes.php,6187
JOIN,t_salidadetalle,AtlantesBE-main/AtlantesBE-main/app/routes/almacenes.php,6193
JOIN,t_salida,AtlantesBE-main/AtlantesBE-main/app/routes/almacenes.php,6194
JOIN,t_ingreso,AtlantesBE-main/AtlantesBE-main/app/routes/almacenes.php,6216
JOIN,tmp_salidasinicial,AtlantesBE-main/AtlantesBE-main/app/routes/almacenes.php,6217
JOIN,t_embalaje,AtlantesBE-main/AtlantesBE-main/app/routes/almacenes.php,6218
JOIN,tmp_salidasinicial,AtlantesBE-main/AtlantesBE-main/app/routes/almacenes.php,6240
INSERT,tmp_salidas,AtlantesBE-main/AtlantesBE-main/app/routes/almacenes.php,6274
JOIN,t_salidadetalle,AtlantesBE-main/AtlantesBE-main/app/routes/almacenes.php,6286
JOIN,t_ingresodetalle,AtlantesBE-main/AtlantesBE-main/app/routes/almacenes.php,6287
JOIN,t_embalaje,AtlantesBE-main/AtlantesBE-main/app/routes/almacenes.php,6288
SELECT,tmp_salidas,AtlantesBE-main/AtlantesBE-main/app/routes/almacenes.php,6311
INSERT,tmp_ingresos,AtlantesBE-main/AtlantesBE-main/app/routes/almacenes.php,6322
JOIN,t_ingresodetalle,AtlantesBE-main/AtlantesBE-main/app/routes/almacenes.php,6333
JOIN,t_embalaje,AtlantesBE-main/AtlantesBE-main/app/routes/almacenes.php,6334
INSERT,tmp_reporte,AtlantesBE-main/AtlantesBE-main/app/routes/almacenes.php,6359
JOIN,t_ingreso,AtlantesBE-main/AtlantesBE-main/app/routes/almacenes.php,6370
JOIN,t_embalaje,AtlantesBE-main/AtlantesBE-main/app/routes/almacenes.php,6371
JOIN,tmp_ingresos,AtlantesBE-main/AtlantesBE-main/app/routes/almacenes.php,6395
INSERT,tmp_ingresodetalle,AtlantesBE-main/AtlantesBE-main/app/routes/almacenes.php,6494
JOIN,t_ingresodetalle,AtlantesBE-main/AtlantesBE-main/app/routes/almacenes.php,6501
INSERT,tmp_salidadetalle,AtlantesBE-main/AtlantesBE-main/app/routes/almacenes.php,6512
JOIN,t_salidadetalle,AtlantesBE-main/AtlantesBE-main/app/routes/almacenes.php,6520
JOIN,t_ingresodetalle,AtlantesBE-main/AtlantesBE-main/app/routes/almacenes.php,6521
INSERT,tmp_pedidodetalle,AtlantesBE-main/AtlantesBE-main/app/routes/almacenes.php,6532
JOIN,t_pediodetalletienda,AtlantesBE-main/AtlantesBE-main/app/routes/almacenes.php,6541
JOIN,t_pedido,AtlantesBE-main/AtlantesBE-main/app/routes/almacenes.php,6542
JOIN,t_cliente,AtlantesBE-main/AtlantesBE-main/app/routes/almacenes.php,6566
JOIN,tmp_ingresodetalle,AtlantesBE-main/AtlantesBE-main/app/routes/almacenes.php,6567
JOIN,t_cliente,AtlantesBE-main/AtlantesBE-main/app/routes/almacenes.php,6587
JOIN,tmp_salidadetalle,AtlantesBE-main/AtlantesBE-main/app/routes/almacenes.php,6588
JOIN,t_cliente,AtlantesBE-main/AtlantesBE-main/app/routes/almacenes.php,6608
JOIN,tmp_pedidodetalle,AtlantesBE-main/AtlantesBE-main/app/routes/almacenes.php,6609
SELECT,t_ingresodetalle,AtlantesBE-main/AtlantesBE-main/app/routes/almacenes.php,6906
SELECT,t_ubicacionitem,AtlantesBE-main/AtlantesBE-main/app/routes/almacenes.php,6990
UPDATE,t_ubicacionitem,AtlantesBE-main/AtlantesBE-main/app/routes/almacenes.php,7012
INSERT,t_ubicacionitem,AtlantesBE-main/AtlantesBE-main/app/routes/almacenes.php,7032
SELECT,t_ingresodetalle,AtlantesBE-main/AtlantesBE-main/app/routes/almacenes.php,7079
INSERT,t_ingresodetalle,AtlantesBE-main/AtlantesBE-main/app/routes/almacenes.php,7102
INSERT,t_ubicacionitem,AtlantesBE-main/AtlantesBE-main/app/routes/almacenes.php,7160
SELECT,t_salidadetalle,AtlantesBE-main/AtlantesBE-main/app/routes/almacenes.php,7256
JOIN,t_salida,AtlantesBE-main/AtlantesBE-main/app/routes/almacenes.php,7257
UPDATE,t_ingresodetalle,AtlantesBE-main/AtlantesBE-main/app/routes/almacenes.php,7277
UPDATE,t_ubicacionitem,AtlantesBE-main/AtlantesBE-main/app/routes/almacenes.php,7298
JOIN,t_ingreso,AtlantesBE-main/AtlantesBE-main/app/routes/almacenes.php,7396
SELECT,t_almacendetalle,AtlantesBE-main/AtlantesBE-main/app/routes/almacenes.php,7402
SELECT,t_ubicacionitem,AtlantesBE-main/AtlantesBE-main/app/routes/almacenes.php,7410
UPDATE,t_ubicacionitem,AtlantesBE-main/AtlantesBE-main/app/routes/almacenes.php,7416
INSERT,t_ubicacionitem,AtlantesBE-main/AtlantesBE-main/app/routes/almacenes.php,7417
JOIN,t_ingreso,AtlantesBE-main/AtlantesBE-main/app/routes/almacenes.php,7552
UPDATE,t_ingresodetalle,AtlantesBE-main/AtlantesBE-main/app/routes/almacenes.php,7613
UPDATE,t_ingresodetalle,AtlantesBE-main/AtlantesBE-main/app/routes/almacenes.php,7620
UPDATE,t_ubicacionitem,AtlantesBE-main/AtlantesBE-main/app/routes/almacenes.php,7627
INSERT,t_ubicacionitem,AtlantesBE-main/AtlantesBE-main/app/routes/almacenes.php,7636
JOIN,t_ubicacionitem,AtlantesBE-main/AtlantesBE-main/app/routes/almacenes.php,7725
JOIN,t_almacendetalle,AtlantesBE-main/AtlantesBE-main/app/routes/almacenes.php,7726
JOIN,t_ingreso,AtlantesBE-main/AtlantesBE-main/app/routes/almacenes.php,7727
SELECT,t_cliente,AtlantesBE-main/AtlantesBE-main/app/routes/almacenes.php,7771
INSERT,tmp_pedidotienda,AtlantesBE-main/AtlantesBE-main/app/routes/almacenes.php,7785
JOIN,t_pedido,AtlantesBE-main/AtlantesBE-main/app/routes/almacenes.php,7791
INSERT,tmp_pedidosalidas,AtlantesBE-main/AtlantesBE-main/app/routes/almacenes.php,7800
JOIN,t_cliente,AtlantesBE-main/AtlantesBE-main/app/routes/almacenes.php,7830
JOIN,t_usuario,AtlantesBE-main/AtlantesBE-main/app/routes/almacenes.php,7831
JOIN,tmp_pedidotienda,AtlantesBE-main/AtlantesBE-main/app/routes/almacenes.php,7832
JOIN,tmp_pedidosalidas,AtlantesBE-main/AtlantesBE-main/app/routes/almacenes.php,7833
SELECT,t_salida,AtlantesBE-main/AtlantesBE-main/app/routes/almacenes.php,7891
SELECT,t_cliente,AtlantesBE-main/AtlantesBE-main/app/routes/almacenes.php,7920
SELECT,t_pedido,AtlantesBE-main/AtlantesBE-main/app/routes/almacenes.php,7926
UPDATE,t_pedido,AtlantesBE-main/AtlantesBE-main/app/routes/almacenes.php,7932
SELECT,t_pedidopreparacionsector,AtlantesBE-main/AtlantesBE-main/app/routes/almacenes.php,7948
UPDATE,t_pedidopreparacion,AtlantesBE-main/AtlantesBE-main/app/routes/almacenes.php,7956
INSERT,t_pedidopreparacionsector,AtlantesBE-main/AtlantesBE-main/app/routes/almacenes.php,7971
SELECT,t_pedidopreparacionsector,AtlantesBE-main/AtlantesBE-main/app/routes/almacenes.php,7979
DELETE,t_pedidopreparacionsector,AtlantesBE-main/AtlantesBE-main/app/routes/almacenes.php,7979
INSERT,t_pedidopreparacion,AtlantesBE-main/AtlantesBE-main/app/routes/almacenes.php,7984
INSERT,t_pedidopreparacionsector,AtlantesBE-main/AtlantesBE-main/app/routes/almacenes.php,7988
SELECT,t_pedidopreparacion,AtlantesBE-main/AtlantesBE-main/app/routes/almacenes.php,7995
SELECT,t_pedidopreparacionsector,AtlantesBE-main/AtlantesBE-main/app/routes/almacenes.php,8003
DELETE,t_pedidopreparacionsector,AtlantesBE-main/AtlantesBE-main/app/routes/almacenes.php,8003
SELECT,t_pedidopreparacion,AtlantesBE-main/AtlantesBE-main/app/routes/almacenes.php,8004
DELETE,t_pedidopreparacion,AtlantesBE-main/AtlantesBE-main/app/routes/almacenes.php,8004
SELECT,t_cliente,AtlantesBE-main/AtlantesBE-main/app/routes/almacenes.php,8058
INSERT,t_pedido,AtlantesBE-main/AtlantesBE-main/app/routes/almacenes.php,8066
SELECT,t_pedido,AtlantesBE-main/AtlantesBE-main/app/routes/almacenes.php,8067
SELECT,t_cliente,AtlantesBE-main/AtlantesBE-main/app/routes/almacenes.php,8134
INSERT,t_pedido,AtlantesBE-main/AtlantesBE-main/app/routes/almacenes.php,8146
SELECT,t_pedido,AtlantesBE-main/AtlantesBE-main/app/routes/almacenes.php,8147
SELECT,t_pedido,AtlantesBE-main/AtlantesBE-main/app/routes/almacenes.php,8147
INSERT,t_pedidodetalle,AtlantesBE-main/AtlantesBE-main/app/routes/almacenes.php,8150
SELECT,t_pedidodetalle,AtlantesBE-main/AtlantesBE-main/app/routes/almacenes.php,8153
JOIN,t_pedido,AtlantesBE-main/AtlantesBE-main/app/routes/almacenes.php,8160
SELECT,t_pedidodetalle,AtlantesBE-main/AtlantesBE-main/app/routes/almacenes.php,8161
JOIN,t_baseproductos,AtlantesBE-main/AtlantesBE-main/app/routes/almacenes.php,8161
SELECT,t_pedidodetalle,AtlantesBE-main/AtlantesBE-main/app/routes/almacenes.php,8165
INSERT,t_pedidotienda,AtlantesBE-main/AtlantesBE-main/app/routes/almacenes.php,8170
JOIN,t_pedido,AtlantesBE-main/AtlantesBE-main/app/routes/almacenes.php,8178
INSERT,t_pediodetalletienda,AtlantesBE-main/AtlantesBE-main/app/routes/almacenes.php,8187
JOIN,t_pedidodetalle,AtlantesBE-main/AtlantesBE-main/app/routes/almacenes.php,8194
JOIN,t_pedidotienda,AtlantesBE-main/AtlantesBE-main/app/routes/almacenes.php,8195
SELECT,t_pedidodetalle,AtlantesBE-main/AtlantesBE-main/app/routes/almacenes.php,8197
UPDATE,t_pedido,AtlantesBE-main/AtlantesBE-main/app/routes/almacenes.php,8202
SELECT,t_pedido,AtlantesBE-main/AtlantesBE-main/app/routes/almacenes.php,8258
SELECT,t_pediodetalletienda,AtlantesBE-main/AtlantesBE-main/app/routes/almacenes.php,8297
SELECT,t_pedidodetalle,AtlantesBE-main/AtlantesBE-main/app/routes/almacenes.php,8297
DELETE,t_pediodetalletienda,AtlantesBE-main/AtlantesBE-main/app/routes/almacenes.php,8297
SELECT,t_pedidodisponibilidad,AtlantesBE-main/AtlantesBE-main/app/routes/almacenes.php,8298
SELECT,t_pedidodetalle,AtlantesBE-main/AtlantesBE-main/app/routes/almacenes.php,8298
DELETE,t_pedidodisponibilidad,AtlantesBE-main/AtlantesBE-main/app/routes/almacenes.php,8298
SELECT,t_pedidotienda,AtlantesBE-main/AtlantesBE-main/app/routes/almacenes.php,8299
DELETE,t_pedidotienda,AtlantesBE-main/AtlantesBE-main/app/routes/almacenes.php,8299
SELECT,t_pedidodetalle,AtlantesBE-main/AtlantesBE-main/app/routes/almacenes.php,8300
DELETE,t_pedidodetalle,AtlantesBE-main/AtlantesBE-main/app/routes/almacenes.php,8300
INSERT,t_pedidodetalle,AtlantesBE-main/AtlantesBE-main/app/routes/almacenes.php,8304
INSERT,t_pedidotienda,AtlantesBE-main/AtlantesBE-main/app/routes/almacenes.php,8315
INSERT,t_pediodetalletienda,AtlantesBE-main/AtlantesBE-main/app/routes/almacenes.php,8321
SELECT,t_pedidodetalle,AtlantesBE-main/AtlantesBE-main/app/routes/almacenes.php,8322
SELECT,t_pedidotienda,AtlantesBE-main/AtlantesBE-main/app/routes/almacenes.php,8322
SELECT,t_pedido,AtlantesBE-main/AtlantesBE-main/app/routes/almacenes.php,8374
SELECT,t_pediodetalletienda,AtlantesBE-main/AtlantesBE-main/app/routes/almacenes.php,8476
SELECT,t_pedidodetalle,AtlantesBE-main/AtlantesBE-main/app/routes/almacenes.php,8476
DELETE,t_pediodetalletienda,AtlantesBE-main/AtlantesBE-main/app/routes/almacenes.php,8476
SELECT,t_pedidodisponibilidad,AtlantesBE-main/AtlantesBE-main/app/routes/almacenes.php,8477
SELECT,t_pedidodetalle,AtlantesBE-main/AtlantesBE-main/app/routes/almacenes.php,8477
DELETE,t_pedidodisponibilidad,AtlantesBE-main/AtlantesBE-main/app/routes/almacenes.php,8477
SELECT,t_pedidotienda,AtlantesBE-main/AtlantesBE-main/app/routes/almacenes.php,8478
DELETE,t_pedidotienda,AtlantesBE-main/AtlantesBE-main/app/routes/almacenes.php,8478
SELECT,t_pedidodetalle,AtlantesBE-main/AtlantesBE-main/app/routes/almacenes.php,8479
DELETE,t_pedidodetalle,AtlantesBE-main/AtlantesBE-main/app/routes/almacenes.php,8479
INSERT,t_pedidodetalle,AtlantesBE-main/AtlantesBE-main/app/routes/almacenes.php,8482
INSERT,t_pedidotienda,AtlantesBE-main/AtlantesBE-main/app/routes/almacenes.php,8493
INSERT,t_pediodetalletienda,AtlantesBE-main/AtlantesBE-main/app/routes/almacenes.php,8513
INSERT,t_pediodetalletienda,AtlantesBE-main/AtlantesBE-main/app/routes/almacenes.php,8529
SELECT,t_pedidodetalle,AtlantesBE-main/AtlantesBE-main/app/routes/almacenes.php,8530
SELECT,t_pedidotienda,AtlantesBE-main/AtlantesBE-main/app/routes/almacenes.php,8530
SELECT,t_pediodetalletienda,AtlantesBE-main/AtlantesBE-main/app/routes/almacenes.php,8539
SELECT,t_pedidodetalle,AtlantesBE-main/AtlantesBE-main/app/routes/almacenes.php,8539
DELETE,t_pediodetalletienda,AtlantesBE-main/AtlantesBE-main/app/routes/almacenes.php,8539
SELECT,t_pedidodisponibilidad,AtlantesBE-main/AtlantesBE-main/app/routes/almacenes.php,8540
SELECT,t_pedidodetalle,AtlantesBE-main/AtlantesBE-main/app/routes/almacenes.php,8540
DELETE,t_pedidodisponibilidad,AtlantesBE-main/AtlantesBE-main/app/routes/almacenes.php,8540
SELECT,t_pedidotienda,AtlantesBE-main/AtlantesBE-main/app/routes/almacenes.php,8541
DELETE,t_pedidotienda,AtlantesBE-main/AtlantesBE-main/app/routes/almacenes.php,8541
SELECT,t_pedidodetalle,AtlantesBE-main/AtlantesBE-main/app/routes/almacenes.php,8542
DELETE,t_pedidodetalle,AtlantesBE-main/AtlantesBE-main/app/routes/almacenes.php,8542
INSERT,t_pedidodetalle,AtlantesBE-main/AtlantesBE-main/app/routes/almacenes.php,8543
INSERT,t_pedidotienda,AtlantesBE-main/AtlantesBE-main/app/routes/almacenes.php,8545
SELECT,t_pedido,AtlantesBE-main/AtlantesBE-main/app/routes/almacenes.php,8602
SELECT,t_pedido,AtlantesBE-main/AtlantesBE-main/app/routes/almacenes.php,8620
SELECT,t_dias_creacion_entrega,AtlantesBE-main/AtlantesBE-main/app/routes/almacenes.php,8626
INSERT,t_salida,AtlantesBE-main/AtlantesBE-main/app/routes/almacenes.php,8631
SELECT,t_salida,AtlantesBE-main/AtlantesBE-main/app/routes/almacenes.php,8632
UPDATE,t_salida,AtlantesBE-main/AtlantesBE-main/app/routes/almacenes.php,8636
JOIN,t_referencia_salida,AtlantesBE-main/AtlantesBE-main/app/routes/almacenes.php,8637
INSERT,t_salidadetalle,AtlantesBE-main/AtlantesBE-main/app/routes/almacenes.php,8660
SELECT,t_pediodetalletienda,AtlantesBE-main/AtlantesBE-main/app/routes/almacenes.php,8726
SELECT,t_pedidodetalle,AtlantesBE-main/AtlantesBE-main/app/routes/almacenes.php,8726
DELETE,t_pediodetalletienda,AtlantesBE-main/AtlantesBE-main/app/routes/almacenes.php,8726
SELECT,t_pedidodisponibilidad,AtlantesBE-main/AtlantesBE-main/app/routes/almacenes.php,8727
SELECT,t_pedidodetalle,AtlantesBE-main/AtlantesBE-main/app/routes/almacenes.php,8727
DELETE,t_pedidodisponibilidad,AtlantesBE-main/AtlantesBE-main/app/routes/almacenes.php,8727
SELECT,t_pedidotienda,AtlantesBE-main/AtlantesBE-main/app/routes/almacenes.php,8728
DELETE,t_pedidotienda,AtlantesBE-main/AtlantesBE-main/app/routes/almacenes.php,8728
SELECT,t_pedidodetalle,AtlantesBE-main/AtlantesBE-main/app/routes/almacenes.php,8729
DELETE,t_pedidodetalle,AtlantesBE-main/AtlantesBE-main/app/routes/almacenes.php,8729
SELECT,t_pediodetalletienda,AtlantesBE-main/AtlantesBE-main/app/routes/almacenes.php,8763
SELECT,t_pedidodetalle,AtlantesBE-main/AtlantesBE-main/app/routes/almacenes.php,8763
DELETE,t_pediodetalletienda,AtlantesBE-main/AtlantesBE-main/app/routes/almacenes.php,8763
SELECT,t_pedidodisponibilidad,AtlantesBE-main/AtlantesBE-main/app/routes/almacenes.php,8764
SELECT,t_pedidodetalle,AtlantesBE-main/AtlantesBE-main/app/routes/almacenes.php,8764
DELETE,t_pedidodisponibilidad,AtlantesBE-main/AtlantesBE-main/app/routes/almacenes.php,8764
SELECT,t_pedidotienda,AtlantesBE-main/AtlantesBE-main/app/routes/almacenes.php,8765
DELETE,t_pedidotienda,AtlantesBE-main/AtlantesBE-main/app/routes/almacenes.php,8765
SELECT,t_pedidodetalle,AtlantesBE-main/AtlantesBE-main/app/routes/almacenes.php,8766
DELETE,t_pedidodetalle,AtlantesBE-main/AtlantesBE-main/app/routes/almacenes.php,8766
UPDATE,t_pedido,AtlantesBE-main/AtlantesBE-main/app/routes/almacenes.php,8767
SELECT,t_pedido,AtlantesBE-main/AtlantesBE-main/app/routes/almacenes.php,8768
DELETE,t_pedido,AtlantesBE-main/AtlantesBE-main/app/routes/almacenes.php,8768
INSERT,tmp_pedidocantidad,AtlantesBE-main/AtlantesBE-main/app/routes/almacenes.php,8865
JOIN,t_pediodetalletienda,AtlantesBE-main/AtlantesBE-main/app/routes/almacenes.php,8873
JOIN,t_pedido,AtlantesBE-main/AtlantesBE-main/app/routes/almacenes.php,8874
INSERT,tmp_disponibilidad,AtlantesBE-main/AtlantesBE-main/app/routes/almacenes.php,8884
JOIN,t_pedidodetalle,AtlantesBE-main/AtlantesBE-main/app/routes/almacenes.php,8891
JOIN,t_pedidopreparacion,AtlantesBE-main/AtlantesBE-main/app/routes/almacenes.php,8892
JOIN,t_pedido,AtlantesBE-main/AtlantesBE-main/app/routes/almacenes.php,8893
UPDATE,tmp_disponibilidad,AtlantesBE-main/AtlantesBE-main/app/routes/almacenes.php,8903
JOIN,t_pedidodisponibilidad,AtlantesBE-main/AtlantesBE-main/app/routes/almacenes.php,8904
JOIN,t_almacendetalle,AtlantesBE-main/AtlantesBE-main/app/routes/almacenes.php,8905
INSERT,tmp_preparacion,AtlantesBE-main/AtlantesBE-main/app/routes/almacenes.php,8911
JOIN,t_pedidopreparacion,AtlantesBE-main/AtlantesBE-main/app/routes/almacenes.php,8918
JOIN,tmp_disponibilidad,AtlantesBE-main/AtlantesBE-main/app/routes/almacenes.php,8919
JOIN,t_pediodetalletienda,AtlantesBE-main/AtlantesBE-main/app/routes/almacenes.php,8920
JOIN,t_pedido,AtlantesBE-main/AtlantesBE-main/app/routes/almacenes.php,8921
JOIN,t_cliente,AtlantesBE-main/AtlantesBE-main/app/routes/almacenes.php,8968
JOIN,tmp_pedidocantidad,AtlantesBE-main/AtlantesBE-main/app/routes/almacenes.php,8969
JOIN,t_pedidopreparacion,AtlantesBE-main/AtlantesBE-main/app/routes/almacenes.php,8970
JOIN,tmp_preparacion,AtlantesBE-main/AtlantesBE-main/app/routes/almacenes.php,8971
JOIN,t_usuario,AtlantesBE-main/AtlantesBE-main/app/routes/almacenes.php,8972
JOIN,t_usuario,AtlantesBE-main/AtlantesBE-main/app/routes/almacenes.php,8973
JOIN,t_cliente,AtlantesBE-main/AtlantesBE-main/app/routes/almacenes.php,9055
JOIN,t_cliente,AtlantesBE-main/AtlantesBE-main/app/routes/almacenes.php,9173
JOIN,t_ingreso,AtlantesBE-main/AtlantesBE-main/app/routes/almacenes.php,9285
JOIN,t_clientecorreovencimientoprm,AtlantesBE-main/AtlantesBE-main/app/routes/almacenes.php,9286
JOIN,t_cliente,AtlantesBE-main/AtlantesBE-main/app/routes/almacenes.php,9287
JOIN,t_salidadetalle,AtlantesBE-main/AtlantesBE-main/app/routes/almacenes.php,9288
JOIN,t_salida,AtlantesBE-main/AtlantesBE-main/app/routes/almacenes.php,9289
SELECT,t_clientecorreovencimientoprm,AtlantesBE-main/AtlantesBE-main/app/routes/almacenes.php,9381
JOIN,t_cliente,AtlantesBE-main/AtlantesBE-main/app/routes/almacenes.php,9490
JOIN,t_inventariofisicodetalle,AtlantesBE-main/AtlantesBE-main/app/routes/almacenes.php,9491
JOIN,t_status,AtlantesBE-main/AtlantesBE-main/app/routes/almacenes.php,9492
JOIN,t_almacen,AtlantesBE-main/AtlantesBE-main/app/routes/almacenes.php,9493
JOIN,t_ciudad,AtlantesBE-main/AtlantesBE-main/app/routes/almacenes.php,9494
JOIN,t_almacen,AtlantesBE-main/AtlantesBE-main/app/routes/almacenes.php,9606
JOIN,t_ciudad,AtlantesBE-main/AtlantesBE-main/app/routes/almacenes.php,9607
SELECT,t_cliente,AtlantesBE-main/AtlantesBE-main/app/routes/almacenes.php,9647
INSERT,t_inventariofisico,AtlantesBE-main/AtlantesBE-main/app/routes/almacenes.php,9655
SELECT,t_cliente,AtlantesBE-main/AtlantesBE-main/app/routes/almacenes.php,9764
SELECT,t_almacen,AtlantesBE-main/AtlantesBE-main/app/routes/almacenes.php,9956
JOIN,t_ciudad,AtlantesBE-main/AtlantesBE-main/app/routes/almacenes.php,9957
INSERT,t_inventariofisico,AtlantesBE-main/AtlantesBE-main/app/routes/almacenes.php,10070
INSERT,t_inventariofisicodetalle,AtlantesBE-main/AtlantesBE-main/app/routes/almacenes.php,10090
JOIN,t_inventariofisico,AtlantesBE-main/AtlantesBE-main/app/routes/almacenes.php,10282
JOIN,t_inventariofisicoconteo,AtlantesBE-main/AtlantesBE-main/app/routes/almacenes.php,10283
JOIN,t_almacen,AtlantesBE-main/AtlantesBE-main/app/routes/almacenes.php,10284
JOIN,t_usuario,AtlantesBE-main/AtlantesBE-main/app/routes/almacenes.php,10285
JOIN,t_ciudad,AtlantesBE-main/AtlantesBE-main/app/routes/almacenes.php,10286
JOIN,t_inventariofisico,AtlantesBE-main/AtlantesBE-main/app/routes/almacenes.php,10337
JOIN,t_inventariofisicoconteo,AtlantesBE-main/AtlantesBE-main/app/routes/almacenes.php,10338
JOIN,t_inventariofisicoetiqueta,AtlantesBE-main/AtlantesBE-main/app/routes/almacenes.php,10339
JOIN,tmp_almacenes,AtlantesBE-main/AtlantesBE-main/app/routes/almacenes.php,10340
JOIN,t_almacen,AtlantesBE-main/AtlantesBE-main/app/routes/almacenes.php,10341
JOIN,t_usuario,AtlantesBE-main/AtlantesBE-main/app/routes/almacenes.php,10342
JOIN,t_ciudad,AtlantesBE-main/AtlantesBE-main/app/routes/almacenes.php,10343
INSERT,t_inventariofisicodetallearchivo,AtlantesBE-main/AtlantesBE-main/app/routes/almacenes.php,10480
JOIN,t_inventariofisico,AtlantesBE-main/AtlantesBE-main/app/routes/almacenes.php,10640
JOIN,t_embalaje,AtlantesBE-main/AtlantesBE-main/app/routes/almacenes.php,10641
UPDATE,t_inventariofisico,AtlantesBE-main/AtlantesBE-main/app/routes/almacenes.php,10784
UPDATE,t_inventariofisicodetalle,AtlantesBE-main/AtlantesBE-main/app/routes/almacenes.php,10829
INSERT,t_inventariofisicodetalle,AtlantesBE-main/AtlantesBE-main/app/routes/almacenes.php,10850
SELECT,t_inventariofisicodetalle,AtlantesBE-main/AtlantesBE-main/app/routes/almacenes.php,10955
SELECT,t_inventariofisicodetalle,AtlantesBE-main/AtlantesBE-main/app/routes/almacenes.php,10966
DELETE,t_inventariofisicodetalle,AtlantesBE-main/AtlantesBE-main/app/routes/almacenes.php,10966
UPDATE,t_inventariofisico,AtlantesBE-main/AtlantesBE-main/app/routes/almacenes.php,11060
UPDATE,t_inventariofisico,AtlantesBE-main/AtlantesBE-main/app/routes/almacenes.php,11096
JOIN,t_inventariofisicoconteoimagen,AtlantesBE-main/AtlantesBE-main/app/routes/almacenes.php,11190
JOIN,t_almacen,AtlantesBE-main/AtlantesBE-main/app/routes/almacenes.php,11226
JOIN,t_usuario,AtlantesBE-main/AtlantesBE-main/app/routes/almacenes.php,11227
JOIN,t_inventariofisicodetalle,AtlantesBE-main/AtlantesBE-main/app/routes/almacenes.php,11228
UPDATE,t_inventariofisico,AtlantesBE-main/AtlantesBE-main/app/routes/almacenes.php,11334
SELECT,t_inventariofisicoconteo,AtlantesBE-main/AtlantesBE-main/app/routes/almacenes.php,11377
INSERT,t_inventariofisicoconteo,AtlantesBE-main/AtlantesBE-main/app/routes/almacenes.php,11382
SELECT,t_inventariofisicodetalle,AtlantesBE-main/AtlantesBE-main/app/routes/almacenes.php,11387
UPDATE,t_inventariofisicodetalle,AtlantesBE-main/AtlantesBE-main/app/routes/almacenes.php,11394
SELECT,t_inventariofisicoconteo,AtlantesBE-main/AtlantesBE-main/app/routes/almacenes.php,11398
INSERT,t_inventariofisicodetalle,AtlantesBE-main/AtlantesBE-main/app/routes/almacenes.php,11398
UPDATE,t_inventariofisicoconteo,AtlantesBE-main/AtlantesBE-main/app/routes/almacenes.php,11437
UPDATE,t_inventariofisicodetalle,AtlantesBE-main/AtlantesBE-main/app/routes/almacenes.php,11440
INSERT,t_inventariofisicoconteoimagen,AtlantesBE-main/AtlantesBE-main/app/routes/almacenes.php,11518
SELECT,t_inventariofisicoconteo,AtlantesBE-main/AtlantesBE-main/app/routes/almacenes.php,11565
INSERT,t_inventariofisicoconteo,AtlantesBE-main/AtlantesBE-main/app/routes/almacenes.php,11570
SELECT,t_inventariofisicodetalle,AtlantesBE-main/AtlantesBE-main/app/routes/almacenes.php,11575
UPDATE,t_inventariofisicodetalle,AtlantesBE-main/AtlantesBE-main/app/routes/almacenes.php,11581
SELECT,t_inventariofisicoconteo,AtlantesBE-main/AtlantesBE-main/app/routes/almacenes.php,11584
INSERT,t_inventariofisicodetalle,AtlantesBE-main/AtlantesBE-main/app/routes/almacenes.php,11584
UPDATE,t_inventariofisicoconteo,AtlantesBE-main/AtlantesBE-main/app/routes/almacenes.php,11592
UPDATE,t_inventariofisicodetalle,AtlantesBE-main/AtlantesBE-main/app/routes/almacenes.php,11595
INSERT,t_inventariofisicoconteoimagen,AtlantesBE-main/AtlantesBE-main/app/routes/almacenes.php,11639
JOIN,t_inventariofisicodetalle,AtlantesBE-main/AtlantesBE-main/app/routes/almacenes.php,11679
UPDATE,t_inventariofisicodetalle,AtlantesBE-main/AtlantesBE-main/app/routes/almacenes.php,11684
SELECT,t_inventariofisicodetalle,AtlantesBE-main/AtlantesBE-main/app/routes/almacenes.php,11686
DELETE,t_inventariofisicodetalle,AtlantesBE-main/AtlantesBE-main/app/routes/almacenes.php,11686
SELECT,t_inventariofisicoconteoimagen,AtlantesBE-main/AtlantesBE-main/app/routes/almacenes.php,11690
DELETE,t_inventariofisicoconteoimagen,AtlantesBE-main/AtlantesBE-main/app/routes/almacenes.php,11690
SELECT,t_inventariofisicoconteo,AtlantesBE-main/AtlantesBE-main/app/routes/almacenes.php,11692
DELETE,t_inventariofisicoconteo,AtlantesBE-main/AtlantesBE-main/app/routes/almacenes.php,11692
SELECT,t_inventariofisicodetalle,AtlantesBE-main/AtlantesBE-main/app/routes/almacenes.php,11729
SELECT,t_inventariofisicoconteo,AtlantesBE-main/AtlantesBE-main/app/routes/almacenes.php,11738
UPDATE,t_inventariofisicodetalle,AtlantesBE-main/AtlantesBE-main/app/routes/almacenes.php,11751
INSERT,t_inventariofisicodetalle,AtlantesBE-main/AtlantesBE-main/app/routes/almacenes.php,11758
SELECT,t_inventariofisicoconteo,AtlantesBE-main/AtlantesBE-main/app/routes/almacenes.php,11759
UPDATE,t_inventariofisico,AtlantesBE-main/AtlantesBE-main/app/routes/almacenes.php,11763
UPDATE,t_inventariofisico,AtlantesBE-main/AtlantesBE-main/app/routes/almacenes.php,11794
JOIN,t_inventariofisico,AtlantesBE-main/AtlantesBE-main/app/routes/almacenes.php,11830
JOIN,t_inventariofisicodetalle,AtlantesBE-main/AtlantesBE-main/app/routes/almacenes.php,11831
JOIN,t_cliente,AtlantesBE-main/AtlantesBE-main/app/routes/almacenes.php,11891
JOIN,t_inventariofisicodetalle,AtlantesBE-main/AtlantesBE-main/app/routes/almacenes.php,11892
JOIN,t_usuario,AtlantesBE-main/AtlantesBE-main/app/routes/almacenes.php,11893
JOIN,t_usuario,AtlantesBE-main/AtlantesBE-main/app/routes/almacenes.php,11894
JOIN,t_status,AtlantesBE-main/AtlantesBE-main/app/routes/almacenes.php,11895
JOIN,t_cliente,AtlantesBE-main/AtlantesBE-main/app/routes/almacenes.php,11965
SELECT,t_cliente,AtlantesBE-main/AtlantesBE-main/app/routes/almacenes.php,12003
INSERT,t_timbrado,AtlantesBE-main/AtlantesBE-main/app/routes/almacenes.php,12011
JOIN,t_cliente,AtlantesBE-main/AtlantesBE-main/app/routes/almacenes.php,12056
UPDATE,t_timbradodetalle,AtlantesBE-main/AtlantesBE-main/app/routes/almacenes.php,12089
JOIN,t_cliente,AtlantesBE-main/AtlantesBE-main/app/routes/almacenes.php,12126
INSERT,tmp_timbradodetalle,AtlantesBE-main/AtlantesBE-main/app/routes/almacenes.php,12317
JOIN,t_timbradoturno,AtlantesBE-main/AtlantesBE-main/app/routes/almacenes.php,12417
JOIN,t_diasemana,AtlantesBE-main/AtlantesBE-main/app/routes/almacenes.php,12418
JOIN,t_baseproductos,AtlantesBE-main/AtlantesBE-main/app/routes/almacenes.php,12419
JOIN,t_preciotimbradoproducto,AtlantesBE-main/AtlantesBE-main/app/routes/almacenes.php,12420
JOIN,t_cleintemetodotimbrado,AtlantesBE-main/AtlantesBE-main/app/routes/almacenes.php,12421
INSERT,t_timbradodetalle,AtlantesBE-main/AtlantesBE-main/app/routes/almacenes.php,12488
JOIN,t_timbradoturno,AtlantesBE-main/AtlantesBE-main/app/routes/almacenes.php,12551
JOIN,t_diasemana,AtlantesBE-main/AtlantesBE-main/app/routes/almacenes.php,12552
JOIN,t_baseproductos,AtlantesBE-main/AtlantesBE-main/app/routes/almacenes.php,12553
JOIN,t_preciotimbradoproducto,AtlantesBE-main/AtlantesBE-main/app/routes/almacenes.php,12554
JOIN,t_cleintemetodotimbrado,AtlantesBE-main/AtlantesBE-main/app/routes/almacenes.php,12555
INSERT,tmp_timbradodetalle,AtlantesBE-main/AtlantesBE-main/app/routes/almacenes.php,12761
JOIN,t_timbradoturno,AtlantesBE-main/AtlantesBE-main/app/routes/almacenes.php,12861
JOIN,t_diasemana,AtlantesBE-main/AtlantesBE-main/app/routes/almacenes.php,12862
JOIN,t_baseproductos,AtlantesBE-main/AtlantesBE-main/app/routes/almacenes.php,12863
JOIN,t_preciotimbradoproducto,AtlantesBE-main/AtlantesBE-main/app/routes/almacenes.php,12864
JOIN,t_cleintemetodotimbrado,AtlantesBE-main/AtlantesBE-main/app/routes/almacenes.php,12865
UPDATE,t_timbradodetalle,AtlantesBE-main/AtlantesBE-main/app/routes/almacenes.php,12932
JOIN,tmp_timbradodetalle,AtlantesBE-main/AtlantesBE-main/app/routes/almacenes.php,12933
JOIN,t_timbradoturno,AtlantesBE-main/AtlantesBE-main/app/routes/almacenes.php,12934
JOIN,t_diasemana,AtlantesBE-main/AtlantesBE-main/app/routes/almacenes.php,12935
JOIN,t_baseproductos,AtlantesBE-main/AtlantesBE-main/app/routes/almacenes.php,12936
JOIN,t_preciotimbradoproducto,AtlantesBE-main/AtlantesBE-main/app/routes/almacenes.php,12937
JOIN,t_cleintemetodotimbrado,AtlantesBE-main/AtlantesBE-main/app/routes/almacenes.php,12938
SELECT,t_cliente,AtlantesBE-main/AtlantesBE-main/app/routes/almacenes.php,13102
SELECT,t_ate_gas,AtlantesBE-main/AtlantesBE-main/app/routes/almacenes.php,13301
INSERT,t_ate_gas,AtlantesBE-main/AtlantesBE-main/app/routes/almacenes.php,13442
JOIN,t_cliente,AtlantesBE-main/AtlantesBE-main/app/routes/almacenes.php,13588
JOIN,t_ate_gas_ubicacion,AtlantesBE-main/AtlantesBE-main/app/routes/almacenes.php,13589
JOIN,t_almacendetalle,AtlantesBE-main/AtlantesBE-main/app/routes/almacenes.php,13590
UPDATE,t_ate_gas,AtlantesBE-main/AtlantesBE-main/app/routes/almacenes.php,13645
UPDATE,t_ate_gas_ubicacion,AtlantesBE-main/AtlantesBE-main/app/routes/almacenes.php,13693
INSERT,t_ate_gas_ubicacion,AtlantesBE-main/AtlantesBE-main/app/routes/almacenes.php,13700
UPDATE,t_ate_gas,AtlantesBE-main/AtlantesBE-main/app/routes/almacenes.php,13753
JOIN,tmp_ategas_ultimopaso,AtlantesBE-main/AtlantesBE-main/app/routes/almacenes.php,13812
UPDATE,t_ate_gas,AtlantesBE-main/AtlantesBE-main/app/routes/almacenes.php,13826
JOIN,t_ate_gas,AtlantesBE-main/AtlantesBE-main/app/routes/almacenes.php,13875
JOIN,t_ate_gas,AtlantesBE-main/AtlantesBE-main/app/routes/almacenes.php,13886
JOIN,tmp_ate_gas_etapa_max,AtlantesBE-main/AtlantesBE-main/app/routes/almacenes.php,13901
JOIN,t_etapa,AtlantesBE-main/AtlantesBE-main/app/routes/almacenes.php,13902
JOIN,tmp_ate_gas_etapa_anterior_max,AtlantesBE-main/AtlantesBE-main/app/routes/almacenes.php,13914
JOIN,t_etapa,AtlantesBE-main/AtlantesBE-main/app/routes/almacenes.php,13915
JOIN,tmp_ate_gas_etapa,AtlantesBE-main/AtlantesBE-main/app/routes/almacenes.php,13928
JOIN,t_usuario,AtlantesBE-main/AtlantesBE-main/app/routes/almacenes.php,13929
JOIN,tmp_ate_gas_etapa,AtlantesBE-main/AtlantesBE-main/app/routes/almacenes.php,13946
JOIN,t_usuario,AtlantesBE-main/AtlantesBE-main/app/routes/almacenes.php,13947
JOIN,t_cliente,AtlantesBE-main/AtlantesBE-main/app/routes/almacenes.php,13972
JOIN,tmp_ate_gas_etapa,AtlantesBE-main/AtlantesBE-main/app/routes/almacenes.php,13973
JOIN,tmp_ate_gas_etapa_anterior,AtlantesBE-main/AtlantesBE-main/app/routes/almacenes.php,13974
JOIN,tmp_ate_gas_etapa_tecnico,AtlantesBE-main/AtlantesBE-main/app/routes/almacenes.php,13975
JOIN,tmp_ate_gas_etapa_tecnico_qa,AtlantesBE-main/AtlantesBE-main/app/routes/almacenes.php,13976
JOIN,t_ate_gas_ubicacion,AtlantesBE-main/AtlantesBE-main/app/routes/almacenes.php,13977
JOIN,t_almacendetalle,AtlantesBE-main/AtlantesBE-main/app/routes/almacenes.php,13978
JOIN,t_usuariomodulo,AtlantesBE-main/AtlantesBE-main/app/routes/almacenes.php,14034
INSERT,t_ate_gas_etapa,AtlantesBE-main/AtlantesBE-main/app/routes/almacenes.php,14116
SELECT,t_ate_gas_etapa_tecnico,AtlantesBE-main/AtlantesBE-main/app/routes/almacenes.php,14129
INSERT,t_ate_gas_etapa_tecnico,AtlantesBE-main/AtlantesBE-main/app/routes/almacenes.php,14151
UPDATE,t_ate_gas_etapa_tecnico,AtlantesBE-main/AtlantesBE-main/app/routes/almacenes.php,14163
UPDATE,t_ate_gas_etapa_tecnico,AtlantesBE-main/AtlantesBE-main/app/routes/almacenes.php,14220
JOIN,t_usuariomodulo,AtlantesBE-main/AtlantesBE-main/app/routes/almacenes.php,14262
INSERT,t_ate_gas_etapa,AtlantesBE-main/AtlantesBE-main/app/routes/almacenes.php,14344
SELECT,t_ate_gas_etapa_tecnico_qa,AtlantesBE-main/AtlantesBE-main/app/routes/almacenes.php,14357
INSERT,t_ate_gas_etapa_tecnico_qa,AtlantesBE-main/AtlantesBE-main/app/routes/almacenes.php,14379
UPDATE,t_ate_gas_etapa_tecnico_qa,AtlantesBE-main/AtlantesBE-main/app/routes/almacenes.php,14391
UPDATE,t_ate_gas_etapa_tecnico_qa,AtlantesBE-main/AtlantesBE-main/app/routes/almacenes.php,14448
JOIN,t_ate_gas,AtlantesBE-main/AtlantesBE-main/app/routes/almacenes.php,14496
JOIN,tmp_ate_gas_etapa_max,AtlantesBE-main/AtlantesBE-main/app/routes/almacenes.php,14515
JOIN,t_etapa,AtlantesBE-main/AtlantesBE-main/app/routes/almacenes.php,14516
JOIN,t_estado_etapa,AtlantesBE-main/AtlantesBE-main/app/routes/almacenes.php,14517
JOIN,t_ate_gas_etapa_tecnico,AtlantesBE-main/AtlantesBE-main/app/routes/almacenes.php,14518
JOIN,tmp_ate_gas_etapa,AtlantesBE-main/AtlantesBE-main/app/routes/almacenes.php,14533
JOIN,t_usuario,AtlantesBE-main/AtlantesBE-main/app/routes/almacenes.php,14534
JOIN,tmp_ate_gas_etapa,AtlantesBE-main/AtlantesBE-main/app/routes/almacenes.php,14552
JOIN,t_usuario,AtlantesBE-main/AtlantesBE-main/app/routes/almacenes.php,14553
JOIN,tmp_ate_gas_etapa,AtlantesBE-main/AtlantesBE-main/app/routes/almacenes.php,14565
JOIN,t_cliente,AtlantesBE-main/AtlantesBE-main/app/routes/almacenes.php,14599
JOIN,tmp_ate_gas_etapa,AtlantesBE-main/AtlantesBE-main/app/routes/almacenes.php,14600
JOIN,tmp_ate_gas_etapa_tecnico,AtlantesBE-main/AtlantesBE-main/app/routes/almacenes.php,14601
JOIN,tmp_ate_gas_etapa_tecnico_qa,AtlantesBE-main/AtlantesBE-main/app/routes/almacenes.php,14602
JOIN,tmp_ate_gas_etapa_tiempos,AtlantesBE-main/AtlantesBE-main/app/routes/almacenes.php,14603
JOIN,t_ate_gas_ubicacion,AtlantesBE-main/AtlantesBE-main/app/routes/almacenes.php,14604
JOIN,t_almacendetalle,AtlantesBE-main/AtlantesBE-main/app/routes/almacenes.php,14605
UPDATE,t_ate_gas_ubicacion,AtlantesBE-main/AtlantesBE-main/app/routes/almacenes.php,14680
JOIN,t_ate_gas_etapa,AtlantesBE-main/AtlantesBE-main/app/routes/almacenes.php,14681
SELECT,t_ate_gas_etapa,AtlantesBE-main/AtlantesBE-main/app/routes/almacenes.php,14692
INSERT,t_ate_gas_ubicacion,AtlantesBE-main/AtlantesBE-main/app/routes/almacenes.php,14692
UPDATE,t_ate_gas_etapa,AtlantesBE-main/AtlantesBE-main/app/routes/almacenes.php,14700
JOIN,t_ate_gas_etapa_inventario,AtlantesBE-main/AtlantesBE-main/app/routes/almacenes.php,14753
UPDATE,t_ate_gas_etapa,AtlantesBE-main/AtlantesBE-main/app/routes/almacenes.php,14920
SELECT,t_ate_gas_etapa_inventario,AtlantesBE-main/AtlantesBE-main/app/routes/almacenes.php,14929
INSERT,t_ate_gas_etapa_inventario,AtlantesBE-main/AtlantesBE-main/app/routes/almacenes.php,14935
UPDATE,t_ate_gas_etapa_inventario,AtlantesBE-main/AtlantesBE-main/app/routes/almacenes.php,14945
SELECT,t_ate_gas_etapa_inventario,AtlantesBE-main/AtlantesBE-main/app/routes/almacenes.php,14954
UPDATE,t_ate_gas_etapa_inventario_imagen,AtlantesBE-main/AtlantesBE-main/app/routes/almacenes.php,14966
UPDATE,t_ate_gas_etapa_inventario,AtlantesBE-main/AtlantesBE-main/app/routes/almacenes.php,14979
INSERT,t_ate_gas_etapa_imagen,AtlantesBE-main/AtlantesBE-main/app/routes/almacenes.php,14992
INSERT,t_ate_gas_etapa_inventario_imagen,AtlantesBE-main/AtlantesBE-main/app/routes/almacenes.php,15071
INSERT,t_ate_gas_etapa_tiempos,AtlantesBE-main/AtlantesBE-main/app/routes/almacenes.php,15192
UPDATE,t_ate_gas_etapa,AtlantesBE-main/AtlantesBE-main/app/routes/almacenes.php,15200
UPDATE,t_ate_gas_etapa_tiempos,AtlantesBE-main/AtlantesBE-main/app/routes/almacenes.php,15254
UPDATE,t_ate_gas_etapa,AtlantesBE-main/AtlantesBE-main/app/routes/almacenes.php,15262
UPDATE,t_ate_gas_etapa_tiempos,AtlantesBE-main/AtlantesBE-main/app/routes/almacenes.php,15316
UPDATE,t_ate_gas_etapa,AtlantesBE-main/AtlantesBE-main/app/routes/almacenes.php,15322
JOIN,t_ate_gas,AtlantesBE-main/AtlantesBE-main/app/routes/almacenes.php,15404
JOIN,tmp_ate_gas_etapa_max,AtlantesBE-main/AtlantesBE-main/app/routes/almacenes.php,15423
JOIN,t_etapa,AtlantesBE-main/AtlantesBE-main/app/routes/almacenes.php,15424
JOIN,t_estado_etapa,AtlantesBE-main/AtlantesBE-main/app/routes/almacenes.php,15425
JOIN,tmp_ate_gas_etapa,AtlantesBE-main/AtlantesBE-main/app/routes/almacenes.php,15441
JOIN,t_usuario,AtlantesBE-main/AtlantesBE-main/app/routes/almacenes.php,15442
JOIN,tmp_ate_gas_etapa,AtlantesBE-main/AtlantesBE-main/app/routes/almacenes.php,15460
JOIN,t_usuario,AtlantesBE-main/AtlantesBE-main/app/routes/almacenes.php,15461
JOIN,tmp_ate_gas_etapa,AtlantesBE-main/AtlantesBE-main/app/routes/almacenes.php,15474
JOIN,t_cliente,AtlantesBE-main/AtlantesBE-main/app/routes/almacenes.php,15512
JOIN,tmp_ate_gas_etapa,AtlantesBE-main/AtlantesBE-main/app/routes/almacenes.php,15513
JOIN,tmp_ate_gas_etapa_tecnico,AtlantesBE-main/AtlantesBE-main/app/routes/almacenes.php,15514
JOIN,tmp_ate_gas_etapa_tecnico_qa,AtlantesBE-main/AtlantesBE-main/app/routes/almacenes.php,15515
JOIN,tmp_ate_gas_etapa_tiempos,AtlantesBE-main/AtlantesBE-main/app/routes/almacenes.php,15516
JOIN,t_ate_gas_ubicacion,AtlantesBE-main/AtlantesBE-main/app/routes/almacenes.php,15517
JOIN,t_almacendetalle,AtlantesBE-main/AtlantesBE-main/app/routes/almacenes.php,15518
JOIN,t_cliente,AtlantesBE-main/AtlantesBE-main/app/routes/almacenes.php,15594
JOIN,t_etapa,AtlantesBE-main/AtlantesBE-main/app/routes/almacenes.php,15620
JOIN,tmp_ate_gas_etapa,AtlantesBE-main/AtlantesBE-main/app/routes/almacenes.php,15638
JOIN,t_usuario,AtlantesBE-main/AtlantesBE-main/app/routes/almacenes.php,15639
JOIN,tmp_ate_gas_etapa,AtlantesBE-main/AtlantesBE-main/app/routes/almacenes.php,15653
JOIN,tmp_ate_gas_etapa,AtlantesBE-main/AtlantesBE-main/app/routes/almacenes.php,15669
JOIN,t_almacendetalle,AtlantesBE-main/AtlantesBE-main/app/routes/almacenes.php,15670
JOIN,tmp_ate_gas_etapa_tecnico,AtlantesBE-main/AtlantesBE-main/app/routes/almacenes.php,15689
JOIN,tmp_ate_gas_etapa_tiempos,AtlantesBE-main/AtlantesBE-main/app/routes/almacenes.php,15690
JOIN,t_usuario,AtlantesBE-main/AtlantesBE-main/app/routes/almacenes.php,15691
JOIN,tmp_ate_gas_ubicacion,AtlantesBE-main/AtlantesBE-main/app/routes/almacenes.php,15692
JOIN,t_danios_vehiculos,AtlantesBE-main/AtlantesBE-main/app/routes/almacenes.php,15702
SELECT,t_cliente,AtlantesBE-main/AtlantesBE-main/app/routes/almacenes.php,16038
SELECT,t_ate_gas,AtlantesBE-main/AtlantesBE-main/app/routes/almacenes.php,16205
UPDATE,t_ate_gas,AtlantesBE-main/AtlantesBE-main/app/routes/almacenes.php,16293
JOIN,t_cliente,AtlantesBE-main/AtlantesBE-main/app/routes/almacenes.php,16407
SELECT,t_ate_gas,AtlantesBE-main/AtlantesBE-main/app/routes/almacenes.php,16482
SELECT,t_ate_gas_etapa,AtlantesBE-main/AtlantesBE-main/app/routes/almacenes.php,16493
UPDATE,t_ate_gas,AtlantesBE-main/AtlantesBE-main/app/routes/almacenes.php,16599
SELECT,t_ate_gas,AtlantesBE-main/AtlantesBE-main/app/routes/almacenes.php,16652
JOIN,t_usuario,AtlantesBE-main/AtlantesBE-main/app/routes/almacenes.php,16745
JOIN,tmp_ubicacion_max,AtlantesBE-main/AtlantesBE-main/app/routes/almacenes.php,16764
JOIN,t_almacendetalle,AtlantesBE-main/AtlantesBE-main/app/routes/almacenes.php,16765
JOIN,t_ate_gas_etapa,AtlantesBE-main/AtlantesBE-main/app/routes/almacenes.php,16791
JOIN,t_etapa,AtlantesBE-main/AtlantesBE-main/app/routes/almacenes.php,16792
JOIN,tmp_ate_gas_etapa_tiempos,AtlantesBE-main/AtlantesBE-main/app/routes/almacenes.php,16793
JOIN,tmp_tecnicos,AtlantesBE-main/AtlantesBE-main/app/routes/almacenes.php,16794
JOIN,tmp_ubicacion,AtlantesBE-main/AtlantesBE-main/app/routes/almacenes.php,16795
JOIN,t_ate_gas,AtlantesBE-main/AtlantesBE-main/app/routes/almacenes.php,16863
JOIN,t_ate_gas,AtlantesBE-main/AtlantesBE-main/app/routes/almacenes.php,16874
JOIN,tmp_ate_gas_etapa_max,AtlantesBE-main/AtlantesBE-main/app/routes/almacenes.php,16890
JOIN,t_etapa,AtlantesBE-main/AtlantesBE-main/app/routes/almacenes.php,16891
JOIN,tmp_ate_gas_etapa_anterior_max,AtlantesBE-main/AtlantesBE-main/app/routes/almacenes.php,16904
JOIN,t_etapa,AtlantesBE-main/AtlantesBE-main/app/routes/almacenes.php,16905
JOIN,t_ate_gas_etapa_tiempos,AtlantesBE-main/AtlantesBE-main/app/routes/almacenes.php,16919
JOIN,t_ate_gas_etapa_tiempos,AtlantesBE-main/AtlantesBE-main/app/routes/almacenes.php,16936
JOIN,t_cliente,AtlantesBE-main/AtlantesBE-main/app/routes/almacenes.php,16960
JOIN,tmp_ate_gas_etapa,AtlantesBE-main/AtlantesBE-main/app/routes/almacenes.php,16961
JOIN,tmp_ate_gas_etapa_anterior,AtlantesBE-main/AtlantesBE-main/app/routes/almacenes.php,16962
JOIN,t_ate_gas_ubicacion,AtlantesBE-main/AtlantesBE-main/app/routes/almacenes.php,16963
JOIN,t_almacendetalle,AtlantesBE-main/AtlantesBE-main/app/routes/almacenes.php,16964
JOIN,tmp_ate_gas_etapa_tiempos,AtlantesBE-main/AtlantesBE-main/app/routes/almacenes.php,16965
JOIN,tmp_ate_gas_etapa_anterior_tiempos,AtlantesBE-main/AtlantesBE-main/app/routes/almacenes.php,16966
JOIN,t_ate_gas,AtlantesBE-main/AtlantesBE-main/app/routes/almacenes.php,17040
JOIN,t_ate_gas,AtlantesBE-main/AtlantesBE-main/app/routes/almacenes.php,17051
JOIN,tmp_ate_gas_etapa_max,AtlantesBE-main/AtlantesBE-main/app/routes/almacenes.php,17067
JOIN,t_etapa,AtlantesBE-main/AtlantesBE-main/app/routes/almacenes.php,17068
JOIN,tmp_ate_gas_etapa_anterior_max,AtlantesBE-main/AtlantesBE-main/app/routes/almacenes.php,17081
JOIN,t_etapa,AtlantesBE-main/AtlantesBE-main/app/routes/almacenes.php,17082
JOIN,t_cliente,AtlantesBE-main/AtlantesBE-main/app/routes/almacenes.php,17104
JOIN,tmp_ate_gas_etapa,AtlantesBE-main/AtlantesBE-main/app/routes/almacenes.php,17105
JOIN,tmp_ate_gas_etapa_anterior,AtlantesBE-main/AtlantesBE-main/app/routes/almacenes.php,17106
JOIN,t_ate_gas_ubicacion,AtlantesBE-main/AtlantesBE-main/app/routes/almacenes.php,17107
JOIN,t_almacendetalle,AtlantesBE-main/AtlantesBE-main/app/routes/almacenes.php,17108
JOIN,t_ate_gas,AtlantesBE-main/AtlantesBE-main/app/routes/almacenes.php,17168
JOIN,t_ate_gas,AtlantesBE-main/AtlantesBE-main/app/routes/almacenes.php,17179
JOIN,tmp_ate_gas_etapa_max,AtlantesBE-main/AtlantesBE-main/app/routes/almacenes.php,17195
JOIN,t_etapa,AtlantesBE-main/AtlantesBE-main/app/routes/almacenes.php,17196
JOIN,tmp_ate_gas_etapa_anterior_max,AtlantesBE-main/AtlantesBE-main/app/routes/almacenes.php,17209
JOIN,t_etapa,AtlantesBE-main/AtlantesBE-main/app/routes/almacenes.php,17210
JOIN,t_cliente,AtlantesBE-main/AtlantesBE-main/app/routes/almacenes.php,17230
JOIN,tmp_ate_gas_etapa,AtlantesBE-main/AtlantesBE-main/app/routes/almacenes.php,17231
JOIN,tmp_ate_gas_etapa_anterior,AtlantesBE-main/AtlantesBE-main/app/routes/almacenes.php,17232
JOIN,t_ate_gas_ubicacion,AtlantesBE-main/AtlantesBE-main/app/routes/almacenes.php,17233
JOIN,t_almacendetalle,AtlantesBE-main/AtlantesBE-main/app/routes/almacenes.php,17234
JOIN,t_ate_gas,AtlantesBE-main/AtlantesBE-main/app/routes/almacenes.php,17292
JOIN,t_ate_gas,AtlantesBE-main/AtlantesBE-main/app/routes/almacenes.php,17303
JOIN,tmp_ate_gas_etapa_max,AtlantesBE-main/AtlantesBE-main/app/routes/almacenes.php,17319
JOIN,t_etapa,AtlantesBE-main/AtlantesBE-main/app/routes/almacenes.php,17320
JOIN,tmp_ate_gas_etapa_anterior_max,AtlantesBE-main/AtlantesBE-main/app/routes/almacenes.php,17333
JOIN,t_etapa,AtlantesBE-main/AtlantesBE-main/app/routes/almacenes.php,17334
JOIN,t_cliente,AtlantesBE-main/AtlantesBE-main/app/routes/almacenes.php,17359
JOIN,tmp_ate_gas_etapa,AtlantesBE-main/AtlantesBE-main/app/routes/almacenes.php,17360
JOIN,tmp_ate_gas_etapa_anterior,AtlantesBE-main/AtlantesBE-main/app/routes/almacenes.php,17361
JOIN,t_ate_gas_ubicacion,AtlantesBE-main/AtlantesBE-main/app/routes/almacenes.php,17362
JOIN,t_almacendetalle,AtlantesBE-main/AtlantesBE-main/app/routes/almacenes.php,17363
JOIN,t_ate_gas,AtlantesBE-main/AtlantesBE-main/app/routes/almacenes.php,17425
JOIN,t_ate_gas,AtlantesBE-main/AtlantesBE-main/app/routes/almacenes.php,17437
JOIN,tmp_ate_gas_etapa_max,AtlantesBE-main/AtlantesBE-main/app/routes/almacenes.php,17454
JOIN,t_etapa,AtlantesBE-main/AtlantesBE-main/app/routes/almacenes.php,17455
JOIN,tmp_ate_gas_etapa_anterior_max,AtlantesBE-main/AtlantesBE-main/app/routes/almacenes.php,17469
JOIN,t_etapa,AtlantesBE-main/AtlantesBE-main/app/routes/almacenes.php,17470
JOIN,t_ate_gas,AtlantesBE-main/AtlantesBE-main/app/routes/almacenes.php,17480
JOIN,tmp_ate_gas_etapa_produccion_max,AtlantesBE-main/AtlantesBE-main/app/routes/almacenes.php,17497
JOIN,t_etapa,AtlantesBE-main/AtlantesBE-main/app/routes/almacenes.php,17498
JOIN,t_ate_gas_etapa_tiempos,AtlantesBE-main/AtlantesBE-main/app/routes/almacenes.php,17515
JOIN,t_usuario,AtlantesBE-main/AtlantesBE-main/app/routes/almacenes.php,17516
JOIN,t_ate_gas_etapa_tecnico,AtlantesBE-main/AtlantesBE-main/app/routes/almacenes.php,17532
JOIN,t_usuario,AtlantesBE-main/AtlantesBE-main/app/routes/almacenes.php,17533
JOIN,tmp_ate_gas_etapa_produccion_max,AtlantesBE-main/AtlantesBE-main/app/routes/almacenes.php,17546
JOIN,t_ate_gas_ubicacion,AtlantesBE-main/AtlantesBE-main/app/routes/almacenes.php,17547
JOIN,t_ate_gas,AtlantesBE-main/AtlantesBE-main/app/routes/almacenes.php,17559
JOIN,tmp_ate_gas_control_calidad_produccion_max,AtlantesBE-main/AtlantesBE-main/app/routes/almacenes.php,17576
JOIN,t_etapa,AtlantesBE-main/AtlantesBE-main/app/routes/almacenes.php,17577
JOIN,t_ate_gas_etapa_tiempos,AtlantesBE-main/AtlantesBE-main/app/routes/almacenes.php,17593
JOIN,t_cliente,AtlantesBE-main/AtlantesBE-main/app/routes/almacenes.php,17631
JOIN,tmp_ate_gas_etapa,AtlantesBE-main/AtlantesBE-main/app/routes/almacenes.php,17632
JOIN,tmp_ate_gas_etapa_anterior,AtlantesBE-main/AtlantesBE-main/app/routes/almacenes.php,17633
JOIN,t_ate_gas_ubicacion,AtlantesBE-main/AtlantesBE-main/app/routes/almacenes.php,17634
JOIN,t_almacendetalle,AtlantesBE-main/AtlantesBE-main/app/routes/almacenes.php,17635
JOIN,tmp_ate_gas_etapa_produccion,AtlantesBE-main/AtlantesBE-main/app/routes/almacenes.php,17636
JOIN,tmp_ate_gas_etapa_produccion_tiempos,AtlantesBE-main/AtlantesBE-main/app/routes/almacenes.php,17637
JOIN,tmp_ate_gas_etapa_produccion_tecnicos,AtlantesBE-main/AtlantesBE-main/app/routes/almacenes.php,17638
JOIN,tmp_ate_gas_etapa_control_calidad_tiempos,AtlantesBE-main/AtlantesBE-main/app/routes/almacenes.php,17639
JOIN,tmp_ate_gas_etapa_produccion_ubicacion_max,AtlantesBE-main/AtlantesBE-main/app/routes/almacenes.php,17640
JOIN,t_ate_gas_ubicacion,AtlantesBE-main/AtlantesBE-main/app/routes/almacenes.php,17641
JOIN,t_almacendetalle,AtlantesBE-main/AtlantesBE-main/app/routes/almacenes.php,17642
JOIN,t_ingreso,AtlantesBE-main/AtlantesBE-main/app/routes/almacenes.php,17822
JOIN,t_embalaje,AtlantesBE-main/AtlantesBE-main/app/routes/almacenes.php,17823
JOIN,t_no_conf,AtlantesBE-main/AtlantesBE-main/app/routes/almacenes.php,17824
JOIN,t_clasificacion,AtlantesBE-main/AtlantesBE-main/app/routes/almacenes.php,17825
JOIN,t_merma,AtlantesBE-main/AtlantesBE-main/app/routes/almacenes.php,17826
JOIN,t_ubicacionitem,AtlantesBE-main/AtlantesBE-main/app/routes/almacenes.php,17827
JOIN,t_almacendetalle,AtlantesBE-main/AtlantesBE-main/app/routes/almacenes.php,17828
JOIN,t_doc_errada,AtlantesBE-main/AtlantesBE-main/app/routes/almacenes.php,17829
JOIN,t_baseproductos,AtlantesBE-main/AtlantesBE-main/app/routes/almacenes.php,17830
JOIN,t_embalaje,AtlantesBE-main/AtlantesBE-main/app/routes/almacenes.php,17831
JOIN,t_salida,AtlantesBE-main/AtlantesBE-main/app/routes/almacenes.php,17849
JOIN,t_ingresodetalle_accesorios,AtlantesBE-main/AtlantesBE-main/app/routes/almacenes.php,17882
JOIN,t_salidadetalle,AtlantesBE-main/AtlantesBE-main/app/routes/almacenes.php,17965
JOIN,t_salidadetalle,AtlantesBE-main/AtlantesBE-main/app/routes/almacenes.php,17993
JOIN,t_cliente,AtlantesBE-main/AtlantesBE-main/app/routes/almacenes.php,18079
JOIN,t_usuario,AtlantesBE-main/AtlantesBE-main/app/routes/almacenes.php,18080
JOIN,t_almacen,AtlantesBE-main/AtlantesBE-main/app/routes/almacenes.php,18081
JOIN,t_almacen,AtlantesBE-main/AtlantesBE-main/app/routes/almacenes.php,18082
JOIN,t_movilizador,AtlantesBE-main/AtlantesBE-main/app/routes/almacenes.php,18083
JOIN,t_ingreso,AtlantesBE-main/AtlantesBE-main/app/routes/almacenes.php,18084
JOIN,t_ingresodetalle,AtlantesBE-main/AtlantesBE-main/app/routes/almacenes.php,18183
JOIN,t_embalaje,AtlantesBE-main/AtlantesBE-main/app/routes/almacenes.php,18184
INSERT,tmp_salidadetalle,AtlantesBE-main/AtlantesBE-main/app/routes/almacenes.php,18207
JOIN,t_salida,AtlantesBE-main/AtlantesBE-main/app/routes/almacenes.php,18216
JOIN,t_ingresodetalle,AtlantesBE-main/AtlantesBE-main/app/routes/almacenes.php,18217
INSERT,tmp_accesorios_vehiculos,AtlantesBE-main/AtlantesBE-main/app/routes/almacenes.php,18225
JOIN,t_salidadetalle,AtlantesBE-main/AtlantesBE-main/app/routes/almacenes.php,18238
JOIN,t_accesorios_vehiculos,AtlantesBE-main/AtlantesBE-main/app/routes/almacenes.php,18239
INSERT,tmp_salidadetalleimagen,AtlantesBE-main/AtlantesBE-main/app/routes/almacenes.php,18249
JOIN,t_salidadetalle,AtlantesBE-main/AtlantesBE-main/app/routes/almacenes.php,18255
JOIN,t_salida,AtlantesBE-main/AtlantesBE-main/app/routes/almacenes.php,18313
JOIN,t_ingresodetalle,AtlantesBE-main/AtlantesBE-main/app/routes/almacenes.php,18314
JOIN,t_embalaje,AtlantesBE-main/AtlantesBE-main/app/routes/almacenes.php,18315
JOIN,t_no_conf,AtlantesBE-main/AtlantesBE-main/app/routes/almacenes.php,18316
JOIN,t_merma,AtlantesBE-main/AtlantesBE-main/app/routes/almacenes.php,18317
JOIN,tmp_salidadetalle,AtlantesBE-main/AtlantesBE-main/app/routes/almacenes.php,18318
JOIN,t_ubicacionitem,AtlantesBE-main/AtlantesBE-main/app/routes/almacenes.php,18319
JOIN,t_almacendetalle,AtlantesBE-main/AtlantesBE-main/app/routes/almacenes.php,18320
JOIN,t_ingreso,AtlantesBE-main/AtlantesBE-main/app/routes/almacenes.php,18321
JOIN,t_centro_rubro,AtlantesBE-main/AtlantesBE-main/app/routes/almacenes.php,18322
JOIN,t_baseproductos,AtlantesBE-main/AtlantesBE-main/app/routes/almacenes.php,18323
JOIN,t_embalaje,AtlantesBE-main/AtlantesBE-main/app/routes/almacenes.php,18324
JOIN,tmp_accesorios_vehiculos,AtlantesBE-main/AtlantesBE-main/app/routes/almacenes.php,18325
JOIN,tmp_salidadetalleimagen,AtlantesBE-main/AtlantesBE-main/app/routes/almacenes.php,18326
JOIN,t_cliente,AtlantesBE-main/AtlantesBE-main/app/routes/almacenes.php,18471
JOIN,t_usuario,AtlantesBE-main/AtlantesBE-main/app/routes/almacenes.php,18472
JOIN,t_tipoingreso,AtlantesBE-main/AtlantesBE-main/app/routes/almacenes.php,18473
JOIN,t_tipocamion,AtlantesBE-main/AtlantesBE-main/app/routes/almacenes.php,18474
JOIN,t_tipodescarga,AtlantesBE-main/AtlantesBE-main/app/routes/almacenes.php,18475
JOIN,t_tipoproducto,AtlantesBE-main/AtlantesBE-main/app/routes/almacenes.php,18476
JOIN,t_embalaje,AtlantesBE-main/AtlantesBE-main/app/routes/almacenes.php,18645
JOIN,t_cliente,AtlantesBE-main/AtlantesBE-main/app/routes/almacenes.php,18762
JOIN,t_almacen,AtlantesBE-main/AtlantesBE-main/app/routes/almacenes.php,18763
JOIN,t_salida,AtlantesBE-main/AtlantesBE-main/app/routes/almacenes.php,18764
JOIN,t_almacen,AtlantesBE-main/AtlantesBE-main/app/routes/almacenes.php,18765
JOIN,t_movilizador,AtlantesBE-main/AtlantesBE-main/app/routes/almacenes.php,18766
SELECT,t_salida,AtlantesBE-main/AtlantesBE-main/app/routes/almacenes.php,18950
JOIN,t_cliente,AtlantesBE-main/AtlantesBE-main/app/routes/almacenes.php,18991
JOIN,t_usuario,AtlantesBE-main/AtlantesBE-main/app/routes/almacenes.php,18992
JOIN,t_cliente,AtlantesBE-main/AtlantesBE-main/app/routes/almacenes.php,19293
INSERT,tmp_salidas,AtlantesBE-main/AtlantesBE-main/app/routes/almacenes.php,19510
JOIN,t_salida,AtlantesBE-main/AtlantesBE-main/app/routes/almacenes.php,19519
JOIN,tmp_salidas,AtlantesBE-main/AtlantesBE-main/app/routes/almacenes.php,19536
JOIN,t_salida,AtlantesBE-main/AtlantesBE-main/app/routes/almacenes.php,19566
SELECT,t_cliente,AtlantesBE-main/AtlantesBE-main/app/routes/almacenes.php,19595
INSERT,tmp_salidadetalle,AtlantesBE-main/AtlantesBE-main/app/routes/almacenes.php,19611
JOIN,t_salida,AtlantesBE-main/AtlantesBE-main/app/routes/almacenes.php,19621
JOIN,t_ingresodetalle,AtlantesBE-main/AtlantesBE-main/app/routes/almacenes.php,19622
INSERT,tmp_utlimasalida,AtlantesBE-main/AtlantesBE-main/app/routes/almacenes.php,19633
JOIN,t_salida,AtlantesBE-main/AtlantesBE-main/app/routes/almacenes.php,19639
JOIN,t_ingresodetalle,AtlantesBE-main/AtlantesBE-main/app/routes/almacenes.php,19640
INSERT,tmp_salidaspendientes,AtlantesBE-main/AtlantesBE-main/app/routes/almacenes.php,19651
JOIN,t_salida,AtlantesBE-main/AtlantesBE-main/app/routes/almacenes.php,19657
JOIN,t_ingresodetalle,AtlantesBE-main/AtlantesBE-main/app/routes/almacenes.php,19658
JOIN,t_ingreso,AtlantesBE-main/AtlantesBE-main/app/routes/almacenes.php,19758
JOIN,t_cliente,AtlantesBE-main/AtlantesBE-main/app/routes/almacenes.php,19759
JOIN,t_tipocamion,AtlantesBE-main/AtlantesBE-main/app/routes/almacenes.php,19760
JOIN,t_tipoingreso,AtlantesBE-main/AtlantesBE-main/app/routes/almacenes.php,19761
JOIN,t_tipocontenedor,AtlantesBE-main/AtlantesBE-main/app/routes/almacenes.php,19762
JOIN,t_tipodescarga,AtlantesBE-main/AtlantesBE-main/app/routes/almacenes.php,19763
JOIN,t_tipoproducto,AtlantesBE-main/AtlantesBE-main/app/routes/almacenes.php,19764
JOIN,t_usuario,AtlantesBE-main/AtlantesBE-main/app/routes/almacenes.php,19765
JOIN,t_embalaje,AtlantesBE-main/AtlantesBE-main/app/routes/almacenes.php,19766
JOIN,t_no_conf,AtlantesBE-main/AtlantesBE-main/app/routes/almacenes.php,19767
JOIN,t_merma,AtlantesBE-main/AtlantesBE-main/app/routes/almacenes.php,19768
JOIN,tmp_salidadetalle,AtlantesBE-main/AtlantesBE-main/app/routes/almacenes.php,19769
JOIN,t_ubicacionitem,AtlantesBE-main/AtlantesBE-main/app/routes/almacenes.php,19770
JOIN,t_almacendetalle,AtlantesBE-main/AtlantesBE-main/app/routes/almacenes.php,19771
JOIN,t_tipoalmacendetalle,AtlantesBE-main/AtlantesBE-main/app/routes/almacenes.php,19772
JOIN,t_categoriaalmacendetalle,AtlantesBE-main/AtlantesBE-main/app/routes/almacenes.php,19773
SELECT,t_clientediasvencimiento,AtlantesBE-main/AtlantesBE-main/app/routes/almacenes.php,19774
JOIN,t_clientediasvencimiento,AtlantesBE-main/AtlantesBE-main/app/routes/almacenes.php,19774
JOIN,tmp_salidaspendientes,AtlantesBE-main/AtlantesBE-main/app/routes/almacenes.php,19775
SELECT,t_diasvencimiento,AtlantesBE-main/AtlantesBE-main/app/routes/almacenes.php,19776
JOIN,t_baseproductos,AtlantesBE-main/AtlantesBE-main/app/routes/almacenes.php,19777
JOIN,t_referenciacolor,AtlantesBE-main/AtlantesBE-main/app/routes/almacenes.php,19778
JOIN,t_embalaje,AtlantesBE-main/AtlantesBE-main/app/routes/almacenes.php,19779
JOIN,t_ingreso,AtlantesBE-main/AtlantesBE-main/app/routes/almacenes.php,19875
JOIN,t_cliente,AtlantesBE-main/AtlantesBE-main/app/routes/almacenes.php,19876
JOIN,t_tipocamion,AtlantesBE-main/AtlantesBE-main/app/routes/almacenes.php,19877
JOIN,t_tipoingreso,AtlantesBE-main/AtlantesBE-main/app/routes/almacenes.php,19878
JOIN,t_tipocontenedor,AtlantesBE-main/AtlantesBE-main/app/routes/almacenes.php,19879
JOIN,t_tipodescarga,AtlantesBE-main/AtlantesBE-main/app/routes/almacenes.php,19880
JOIN,t_tipoproducto,AtlantesBE-main/AtlantesBE-main/app/routes/almacenes.php,19881
JOIN,t_usuario,AtlantesBE-main/AtlantesBE-main/app/routes/almacenes.php,19882
JOIN,t_embalaje,AtlantesBE-main/AtlantesBE-main/app/routes/almacenes.php,19883
JOIN,t_no_conf,AtlantesBE-main/AtlantesBE-main/app/routes/almacenes.php,19884
JOIN,t_merma,AtlantesBE-main/AtlantesBE-main/app/routes/almacenes.php,19885
JOIN,tmp_utlimasalida,AtlantesBE-main/AtlantesBE-main/app/routes/almacenes.php,19886
JOIN,t_ubicacionitem,AtlantesBE-main/AtlantesBE-main/app/routes/almacenes.php,19887
JOIN,t_almacendetalle,AtlantesBE-main/AtlantesBE-main/app/routes/almacenes.php,19888
JOIN,t_tipoalmacendetalle,AtlantesBE-main/AtlantesBE-main/app/routes/almacenes.php,19889
JOIN,t_categoriaalmacendetalle,AtlantesBE-main/AtlantesBE-main/app/routes/almacenes.php,19890
SELECT,t_clientediasvencimiento,AtlantesBE-main/AtlantesBE-main/app/routes/almacenes.php,19891
JOIN,t_clientediasvencimiento,AtlantesBE-main/AtlantesBE-main/app/routes/almacenes.php,19891
SELECT,t_diasvencimiento,AtlantesBE-main/AtlantesBE-main/app/routes/almacenes.php,19892
JOIN,t_baseproductos,AtlantesBE-main/AtlantesBE-main/app/routes/almacenes.php,19893
JOIN,t_referenciacolor,AtlantesBE-main/AtlantesBE-main/app/routes/almacenes.php,19894
JOIN,t_embalaje,AtlantesBE-main/AtlantesBE-main/app/routes/almacenes.php,19895
SELECT,t_cliente,AtlantesBE-main/AtlantesBE-main/app/routes/almacenes.php,20117
INSERT,tmp_salidadetalle,AtlantesBE-main/AtlantesBE-main/app/routes/almacenes.php,20162
JOIN,t_salida,AtlantesBE-main/AtlantesBE-main/app/routes/almacenes.php,20172
JOIN,t_ingresodetalle,AtlantesBE-main/AtlantesBE-main/app/routes/almacenes.php,20173
INSERT,tmp_salidaspendientes,AtlantesBE-main/AtlantesBE-main/app/routes/almacenes.php,20187
JOIN,t_salida,AtlantesBE-main/AtlantesBE-main/app/routes/almacenes.php,20193
JOIN,t_ingreso,AtlantesBE-main/AtlantesBE-main/app/routes/almacenes.php,20300
JOIN,t_cliente,AtlantesBE-main/AtlantesBE-main/app/routes/almacenes.php,20301
JOIN,t_tipocamion,AtlantesBE-main/AtlantesBE-main/app/routes/almacenes.php,20302
JOIN,t_tipoingreso,AtlantesBE-main/AtlantesBE-main/app/routes/almacenes.php,20303
JOIN,t_tipocontenedor,AtlantesBE-main/AtlantesBE-main/app/routes/almacenes.php,20304
JOIN,t_tipodescarga,AtlantesBE-main/AtlantesBE-main/app/routes/almacenes.php,20305
JOIN,t_tipoproducto,AtlantesBE-main/AtlantesBE-main/app/routes/almacenes.php,20306
JOIN,t_usuario,AtlantesBE-main/AtlantesBE-main/app/routes/almacenes.php,20307
JOIN,t_embalaje,AtlantesBE-main/AtlantesBE-main/app/routes/almacenes.php,20308
JOIN,t_no_conf,AtlantesBE-main/AtlantesBE-main/app/routes/almacenes.php,20309
JOIN,t_clasificacion,AtlantesBE-main/AtlantesBE-main/app/routes/almacenes.php,20310
JOIN,t_merma,AtlantesBE-main/AtlantesBE-main/app/routes/almacenes.php,20311
JOIN,tmp_salidadetalle,AtlantesBE-main/AtlantesBE-main/app/routes/almacenes.php,20312
JOIN,t_ubicacionitem,AtlantesBE-main/AtlantesBE-main/app/routes/almacenes.php,20313
JOIN,t_almacendetalle,AtlantesBE-main/AtlantesBE-main/app/routes/almacenes.php,20314
JOIN,t_tipoalmacendetalle,AtlantesBE-main/AtlantesBE-main/app/routes/almacenes.php,20315
JOIN,t_categoriaalmacendetalle,AtlantesBE-main/AtlantesBE-main/app/routes/almacenes.php,20316
SELECT,t_clientediasvencimiento,AtlantesBE-main/AtlantesBE-main/app/routes/almacenes.php,20317
JOIN,t_clientediasvencimiento,AtlantesBE-main/AtlantesBE-main/app/routes/almacenes.php,20317
JOIN,tmp_salidaspendientes,AtlantesBE-main/AtlantesBE-main/app/routes/almacenes.php,20318
SELECT,t_diasvencimiento,AtlantesBE-main/AtlantesBE-main/app/routes/almacenes.php,20319
JOIN,t_baseproductos,AtlantesBE-main/AtlantesBE-main/app/routes/almacenes.php,20320
JOIN,t_embalaje,AtlantesBE-main/AtlantesBE-main/app/routes/almacenes.php,20321
JOIN,t_referenciacolor,AtlantesBE-main/AtlantesBE-main/app/routes/almacenes.php,20322
JOIN,t_cliente,AtlantesBE-main/AtlantesBE-main/app/routes/almacenes.php,20692
JOIN,t_usuario,AtlantesBE-main/AtlantesBE-main/app/routes/almacenes.php,20693
JOIN,t_usuario,AtlantesBE-main/AtlantesBE-main/app/routes/almacenes.php,20694
JOIN,t_almacendetalle,AtlantesBE-main/AtlantesBE-main/app/routes/almacenes.php,20726
JOIN,t_pedidotienda,AtlantesBE-main/AtlantesBE-main/app/routes/almacenes.php,20776
JOIN,t_pedido,AtlantesBE-main/AtlantesBE-main/app/routes/almacenes.php,20777
JOIN,t_pedido,AtlantesBE-main/AtlantesBE-main/app/routes/almacenes.php,20778
SELECT,t_pediodetalletienda,AtlantesBE-main/AtlantesBE-main/app/routes/almacenes.php,20795
SELECT,t_pedidotienda,AtlantesBE-main/AtlantesBE-main/app/routes/almacenes.php,20795
SELECT,t_salida,AtlantesBE-main/AtlantesBE-main/app/routes/almacenes.php,20815
JOIN,t_usuario,AtlantesBE-main/AtlantesBE-main/app/routes/almacenes.php,20837
JOIN,t_pedidopreparacionsector,AtlantesBE-main/AtlantesBE-main/app/routes/almacenes.php,20838
JOIN,t_pedido,AtlantesBE-main/AtlantesBE-main/app/routes/almacenes.php,21006
JOIN,t_timbradoturno,AtlantesBE-main/AtlantesBE-main/app/routes/almacenes.php,21143
JOIN,t_diasemana,AtlantesBE-main/AtlantesBE-main/app/routes/almacenes.php,21144
SELECT,t_pedidodisponibilidad,AtlantesBE-main/AtlantesBE-main/app/routes/almacenes.php,21230
SELECT,t_pedidodetalle,AtlantesBE-main/AtlantesBE-main/app/routes/almacenes.php,21230
DELETE,t_pedidodisponibilidad,AtlantesBE-main/AtlantesBE-main/app/routes/almacenes.php,21230
SELECT,t_pedidodetalle,AtlantesBE-main/AtlantesBE-main/app/routes/almacenes.php,21292
JOIN,t_pediodetalletienda,AtlantesBE-main/AtlantesBE-main/app/routes/almacenes.php,21298
UPDATE,t_pedidodetalle,AtlantesBE-main/AtlantesBE-main/app/routes/almacenes.php,21311
INSERT,t_pedidodisponibilidad,AtlantesBE-main/AtlantesBE-main/app/routes/almacenes.php,21328
UPDATE,t_pedidodetalle,AtlantesBE-main/AtlantesBE-main/app/routes/almacenes.php,21331
INSERT,t_pedidodisponibilidad,AtlantesBE-main/AtlantesBE-main/app/routes/almacenes.php,21339
JOIN,t_cliente,AtlantesBE-main/AtlantesBE-main/app/routes/almacenes.php,21370
JOIN,t_cliente,AtlantesBE-main/AtlantesBE-main/app/routes/almacenes.php,21622
JOIN,t_usuario,AtlantesBE-main/AtlantesBE-main/app/routes/almacenes.php,21623
JOIN,t_usuario,AtlantesBE-main/AtlantesBE-main/app/routes/almacenes.php,21624
JOIN,t_almacen,AtlantesBE-main/AtlantesBE-main/app/routes/almacenes.php,21625
JOIN,t_usuario,AtlantesBE-main/AtlantesBE-main/app/routes/almacenes.php,21626
JOIN,t_usuario,AtlantesBE-main/AtlantesBE-main/app/routes/almacenes.php,21627
INSERT,tmp_archivos,AtlantesBE-main/AtlantesBE-main/app/routes/almacenes.php,21706
JOIN,t_inventariofisicodetalle,AtlantesBE-main/AtlantesBE-main/app/routes/almacenes.php,21712
INSERT,tmp_imagenes,AtlantesBE-main/AtlantesBE-main/app/routes/almacenes.php,21721
JOIN,t_inventariofisicoconteo,AtlantesBE-main/AtlantesBE-main/app/routes/almacenes.php,21727
JOIN,t_inventariofisicodetalle,AtlantesBE-main/AtlantesBE-main/app/routes/almacenes.php,21728
JOIN,t_inventariofisico,AtlantesBE-main/AtlantesBE-main/app/routes/almacenes.php,21743
JOIN,t_inventariofisicoconteo,AtlantesBE-main/AtlantesBE-main/app/routes/almacenes.php,21744
JOIN,t_almacen,AtlantesBE-main/AtlantesBE-main/app/routes/almacenes.php,21745
JOIN,t_inventariofisico,AtlantesBE-main/AtlantesBE-main/app/routes/almacenes.php,21777
JOIN,t_inventariofisicoconteo,AtlantesBE-main/AtlantesBE-main/app/routes/almacenes.php,21778
JOIN,tmp_archivos,AtlantesBE-main/AtlantesBE-main/app/routes/almacenes.php,21779
JOIN,tmp_imagenes,AtlantesBE-main/AtlantesBE-main/app/routes/almacenes.php,21780
JOIN,t_inventariofisicoetiqueta,AtlantesBE-main/AtlantesBE-main/app/routes/almacenes.php,21781
JOIN,tmp_almacenes,AtlantesBE-main/AtlantesBE-main/app/routes/almacenes.php,21782
JOIN,t_usuario,AtlantesBE-main/AtlantesBE-main/app/routes/almacenes.php,21783
JOIN,t_inventariofisico,AtlantesBE-main/AtlantesBE-main/app/routes/almacenes.php,21814
JOIN,t_inventariofisicoconteo,AtlantesBE-main/AtlantesBE-main/app/routes/almacenes.php,21815
JOIN,tmp_archivos,AtlantesBE-main/AtlantesBE-main/app/routes/almacenes.php,21816
JOIN,tmp_imagenes,AtlantesBE-main/AtlantesBE-main/app/routes/almacenes.php,21817
JOIN,t_inventariofisicoetiqueta,AtlantesBE-main/AtlantesBE-main/app/routes/almacenes.php,21818
JOIN,t_usuario,AtlantesBE-main/AtlantesBE-main/app/routes/almacenes.php,21819
JOIN,t_inventariofisicoconteo,AtlantesBE-main/AtlantesBE-main/app/routes/almacenes.php,21890
JOIN,t_inventariofisico,AtlantesBE-main/AtlantesBE-main/app/routes/almacenes.php,21891
JOIN,t_cliente,AtlantesBE-main/AtlantesBE-main/app/routes/almacenes.php,21892
JOIN,t_cliente,AtlantesBE-main/AtlantesBE-main/app/routes/almacenes.php,21923
INSERT,t_pedidolog,AtlantesBE-main/AtlantesBE-main/app/routes/almacenes.php,22183
JOIN,t_ate_gas_etapa,AtlantesBE-main/AtlantesBE-main/app/routes/almacenes.php,22211
JOIN,t_cliente,AtlantesBE-main/AtlantesBE-main/app/routes/almacenes.php,22212
SELECT,t_danios_vehiculos,AtlantesBE-main/AtlantesBE-main/app/routes/almacenes.php,22229
JOIN,t_etapa,AtlantesBE-main/AtlantesBE-main/app/routes/almacenes.php,22247
JOIN,t_estado_etapa,AtlantesBE-main/AtlantesBE-main/app/routes/almacenes.php,22248
JOIN,tmp_ate_gas_etapa,AtlantesBE-main/AtlantesBE-main/app/routes/almacenes.php,22268
JOIN,tmp_ate_gas_etapa,AtlantesBE-main/AtlantesBE-main/app/routes/almacenes.php,22284
JOIN,tmp_ate_gas_etapa_tiempos,AtlantesBE-main/AtlantesBE-main/app/routes/almacenes.php,22303
JOIN,t_usuario,AtlantesBE-main/AtlantesBE-main/app/routes/almacenes.php,22304
JOIN,tmp_ate_gas_inventario,AtlantesBE-main/AtlantesBE-main/app/routes/almacenes.php,22305
JOIN,tmp_cantidad_ate_gas_etapa,AtlantesBE-main/AtlantesBE-main/app/routes/almacenes.php,22306
JOIN,dav_facturaplanilla,AtlantesBE-main/AtlantesBE-main/app/routes/asgard.php,41
JOIN,dav_pagosdetalle,AtlantesBE-main/AtlantesBE-main/app/routes/asgard.php,42
JOIN,dav_concepto,AtlantesBE-main/AtlantesBE-main/app/routes/asgard.php,43
JOIN,dav_facturacomercial,AtlantesBE-main/AtlantesBE-main/app/routes/asgard.php,127
JOIN,dav_partidas,AtlantesBE-main/AtlantesBE-main/app/routes/asgard.php,128
JOIN,dav_incoterms,AtlantesBE-main/AtlantesBE-main/app/routes/asgard.php,129
JOIN,dav_cliente,AtlantesBE-main/AtlantesBE-main/app/routes/asgard.php,130
JOIN,dav_transportista,AtlantesBE-main/AtlantesBE-main/app/routes/asgard.php,131
JOIN,dav_aduana,AtlantesBE-main/AtlantesBE-main/app/routes/asgard.php,132
JOIN,dav_unidad,AtlantesBE-main/AtlantesBE-main/app/routes/asgard.php,133
JOIN,dav_proveedor,AtlantesBE-main/AtlantesBE-main/app/routes/asgard.php,134
SELECT,dav_documentos,AtlantesBE-main/AtlantesBE-main/app/routes/asgard.php,135
JOIN,dav_documentos,AtlantesBE-main/AtlantesBE-main/app/routes/asgard.php,135
SELECT,dav_documentos,AtlantesBE-main/AtlantesBE-main/app/routes/asgard.php,136
JOIN,dav_documentos,AtlantesBE-main/AtlantesBE-main/app/routes/asgard.php,136
SELECT,dav_documentos,AtlantesBE-main/AtlantesBE-main/app/routes/asgard.php,137
JOIN,dav_documentos,AtlantesBE-main/AtlantesBE-main/app/routes/asgard.php,137
JOIN,dav_facturacomercial,AtlantesBE-main/AtlantesBE-main/app/routes/asgard.php,302
JOIN,dav_casos,AtlantesBE-main/AtlantesBE-main/app/routes/asgard.php,303
JOIN,dav_cliente,AtlantesBE-main/AtlantesBE-main/app/routes/asgard.php,304
JOIN,dav_dato,AtlantesBE-main/AtlantesBE-main/app/routes/asgard.php,305
JOIN,dav_dato,AtlantesBE-main/AtlantesBE-main/app/routes/asgard.php,306
JOIN,dav_dato,AtlantesBE-main/AtlantesBE-main/app/routes/asgard.php,307
JOIN,dav_proveedor,AtlantesBE-main/AtlantesBE-main/app/routes/asgard.php,308
INSERT,tmp_cobrado,AtlantesBE-main/AtlantesBE-main/app/routes/contabilidad.php,19
INSERT,tmp_facturado,AtlantesBE-main/AtlantesBE-main/app/routes/contabilidad.php,33
JOIN,t_cargo,AtlantesBE-main/AtlantesBE-main/app/routes/contabilidad.php,39
JOIN,t_embarque,AtlantesBE-main/AtlantesBE-main/app/routes/contabilidad.php,40
JOIN,t_tipocambio,AtlantesBE-main/AtlantesBE-main/app/routes/contabilidad.php,41
JOIN,t_embarque,AtlantesBE-main/AtlantesBE-main/app/routes/contabilidad.php,91
JOIN,t_importacion_exportacion,AtlantesBE-main/AtlantesBE-main/app/routes/contabilidad.php,92
JOIN,t_transportista,AtlantesBE-main/AtlantesBE-main/app/routes/contabilidad.php,93
JOIN,t_ciudad,AtlantesBE-main/AtlantesBE-main/app/routes/contabilidad.php,94
JOIN,t_ciudad,AtlantesBE-main/AtlantesBE-main/app/routes/contabilidad.php,95
JOIN,t_usuario,AtlantesBE-main/AtlantesBE-main/app/routes/contabilidad.php,96
JOIN,t_estadofactura,AtlantesBE-main/AtlantesBE-main/app/routes/contabilidad.php,97
JOIN,t_cliente,AtlantesBE-main/AtlantesBE-main/app/routes/contabilidad.php,98
JOIN,t_proveedor,AtlantesBE-main/AtlantesBE-main/app/routes/contabilidad.php,99
JOIN,t_prestador,AtlantesBE-main/AtlantesBE-main/app/routes/contabilidad.php,100
JOIN,t_transportista,AtlantesBE-main/AtlantesBE-main/app/routes/contabilidad.php,101
JOIN,t_agentecarga,AtlantesBE-main/AtlantesBE-main/app/routes/contabilidad.php,102
JOIN,t_dosificacion,AtlantesBE-main/AtlantesBE-main/app/routes/contabilidad.php,103
JOIN,tmp_cobrado,AtlantesBE-main/AtlantesBE-main/app/routes/contabilidad.php,104
JOIN,tmp_facturado,AtlantesBE-main/AtlantesBE-main/app/routes/contabilidad.php,105
JOIN,t_motivoanulacion,AtlantesBE-main/AtlantesBE-main/app/routes/contabilidad.php,106
JOIN,t_usuario,AtlantesBE-main/AtlantesBE-main/app/routes/contabilidad.php,107
JOIN,t_embarque,AtlantesBE-main/AtlantesBE-main/app/routes/contabilidad.php,211
JOIN,t_importacion_exportacion,AtlantesBE-main/AtlantesBE-main/app/routes/contabilidad.php,212
JOIN,t_transportista,AtlantesBE-main/AtlantesBE-main/app/routes/contabilidad.php,213
JOIN,t_ciudad,AtlantesBE-main/AtlantesBE-main/app/routes/contabilidad.php,214
JOIN,t_ciudad,AtlantesBE-main/AtlantesBE-main/app/routes/contabilidad.php,215
JOIN,t_usuario,AtlantesBE-main/AtlantesBE-main/app/routes/contabilidad.php,216
JOIN,t_estadofactura,AtlantesBE-main/AtlantesBE-main/app/routes/contabilidad.php,217
JOIN,t_cliente,AtlantesBE-main/AtlantesBE-main/app/routes/contabilidad.php,218
JOIN,t_proveedor,AtlantesBE-main/AtlantesBE-main/app/routes/contabilidad.php,219
JOIN,t_prestador,AtlantesBE-main/AtlantesBE-main/app/routes/contabilidad.php,220
JOIN,t_transportista,AtlantesBE-main/AtlantesBE-main/app/routes/contabilidad.php,221
JOIN,t_agentecarga,AtlantesBE-main/AtlantesBE-main/app/routes/contabilidad.php,222
JOIN,t_dosificacion,AtlantesBE-main/AtlantesBE-main/app/routes/contabilidad.php,223
JOIN,t_tipocambio,AtlantesBE-main/AtlantesBE-main/app/routes/contabilidad.php,224
SELECT,t_dosificacion,AtlantesBE-main/AtlantesBE-main/app/routes/contabilidad.php,358
UPDATE,t_factura,AtlantesBE-main/AtlantesBE-main/app/routes/contabilidad.php,417
INSERT,t_factura,AtlantesBE-main/AtlantesBE-main/app/routes/contabilidad.php,446
UPDATE,t_cargo,AtlantesBE-main/AtlantesBE-main/app/routes/contabilidad.php,502
SELECT,t_correonit,AtlantesBE-main/AtlantesBE-main/app/routes/contabilidad.php,530
INSERT,t_correonit,AtlantesBE-main/AtlantesBE-main/app/routes/contabilidad.php,540
SELECT,t_correonit,AtlantesBE-main/AtlantesBE-main/app/routes/contabilidad.php,595
SELECT,t_correonit,AtlantesBE-main/AtlantesBE-main/app/routes/contabilidad.php,607
DELETE,t_correonit,AtlantesBE-main/AtlantesBE-main/app/routes/contabilidad.php,607
SELECT,t_factura,AtlantesBE-main/AtlantesBE-main/app/routes/contabilidad.php,630
SELECT,t_factura,AtlantesBE-main/AtlantesBE-main/app/routes/contabilidad.php,665
INSERT,t_factura,AtlantesBE-main/AtlantesBE-main/app/routes/contabilidad.php,759
SELECT,t_factura,AtlantesBE-main/AtlantesBE-main/app/routes/contabilidad.php,760
UPDATE,t_dosificacion,AtlantesBE-main/AtlantesBE-main/app/routes/contabilidad.php,763
SELECT,t_factura,AtlantesBE-main/AtlantesBE-main/app/routes/contabilidad.php,765
UPDATE,t_factura,AtlantesBE-main/AtlantesBE-main/app/routes/contabilidad.php,1133
UPDATE,t_cargo,AtlantesBE-main/AtlantesBE-main/app/routes/contabilidad.php,1167
INSERT,tmp_cobrado,AtlantesBE-main/AtlantesBE-main/app/routes/contabilidad.php,1290
INSERT,tmp_debitado,AtlantesBE-main/AtlantesBE-main/app/routes/contabilidad.php,1304
JOIN,t_cargo,AtlantesBE-main/AtlantesBE-main/app/routes/contabilidad.php,1310
JOIN,t_embarque,AtlantesBE-main/AtlantesBE-main/app/routes/contabilidad.php,1311
JOIN,t_tipocambio,AtlantesBE-main/AtlantesBE-main/app/routes/contabilidad.php,1312
JOIN,t_embarque,AtlantesBE-main/AtlantesBE-main/app/routes/contabilidad.php,1354
JOIN,t_cliente,AtlantesBE-main/AtlantesBE-main/app/routes/contabilidad.php,1355
JOIN,t_importacion_exportacion,AtlantesBE-main/AtlantesBE-main/app/routes/contabilidad.php,1356
JOIN,t_transportista,AtlantesBE-main/AtlantesBE-main/app/routes/contabilidad.php,1357
JOIN,t_ciudad,AtlantesBE-main/AtlantesBE-main/app/routes/contabilidad.php,1358
JOIN,t_ciudad,AtlantesBE-main/AtlantesBE-main/app/routes/contabilidad.php,1359
JOIN,t_usuario,AtlantesBE-main/AtlantesBE-main/app/routes/contabilidad.php,1360
JOIN,t_estadofactura,AtlantesBE-main/AtlantesBE-main/app/routes/contabilidad.php,1361
JOIN,t_cliente,AtlantesBE-main/AtlantesBE-main/app/routes/contabilidad.php,1363
JOIN,t_proveedor,AtlantesBE-main/AtlantesBE-main/app/routes/contabilidad.php,1364
JOIN,t_prestador,AtlantesBE-main/AtlantesBE-main/app/routes/contabilidad.php,1365
JOIN,t_transportista,AtlantesBE-main/AtlantesBE-main/app/routes/contabilidad.php,1366
JOIN,t_agentecarga,AtlantesBE-main/AtlantesBE-main/app/routes/contabilidad.php,1367
JOIN,tmp_cobrado,AtlantesBE-main/AtlantesBE-main/app/routes/contabilidad.php,1368
JOIN,tmp_debitado,AtlantesBE-main/AtlantesBE-main/app/routes/contabilidad.php,1369
JOIN,t_motivoanulacion,AtlantesBE-main/AtlantesBE-main/app/routes/contabilidad.php,1370
JOIN,t_usuario,AtlantesBE-main/AtlantesBE-main/app/routes/contabilidad.php,1371
UPDATE,t_notadebito,AtlantesBE-main/AtlantesBE-main/app/routes/contabilidad.php,1585
UPDATE,t_cargo,AtlantesBE-main/AtlantesBE-main/app/routes/contabilidad.php,1619
JOIN,t_embarque,AtlantesBE-main/AtlantesBE-main/app/routes/contabilidad.php,1730
JOIN,t_cliente,AtlantesBE-main/AtlantesBE-main/app/routes/contabilidad.php,1731
JOIN,t_importacion_exportacion,AtlantesBE-main/AtlantesBE-main/app/routes/contabilidad.php,1732
JOIN,t_transportista,AtlantesBE-main/AtlantesBE-main/app/routes/contabilidad.php,1733
JOIN,t_ciudad,AtlantesBE-main/AtlantesBE-main/app/routes/contabilidad.php,1734
JOIN,t_ciudad,AtlantesBE-main/AtlantesBE-main/app/routes/contabilidad.php,1735
JOIN,t_usuario,AtlantesBE-main/AtlantesBE-main/app/routes/contabilidad.php,1736
JOIN,t_estadofactura,AtlantesBE-main/AtlantesBE-main/app/routes/contabilidad.php,1737
JOIN,t_cliente,AtlantesBE-main/AtlantesBE-main/app/routes/contabilidad.php,1738
JOIN,t_proveedor,AtlantesBE-main/AtlantesBE-main/app/routes/contabilidad.php,1739
JOIN,t_prestador,AtlantesBE-main/AtlantesBE-main/app/routes/contabilidad.php,1740
JOIN,t_transportista,AtlantesBE-main/AtlantesBE-main/app/routes/contabilidad.php,1741
JOIN,t_agentecarga,AtlantesBE-main/AtlantesBE-main/app/routes/contabilidad.php,1742
JOIN,t_tipocambio,AtlantesBE-main/AtlantesBE-main/app/routes/contabilidad.php,1743
SELECT,t_notadebito,AtlantesBE-main/AtlantesBE-main/app/routes/contabilidad.php,1895
JOIN,t_embarque,AtlantesBE-main/AtlantesBE-main/app/routes/contabilidad.php,1896
INSERT,t_notadebito,AtlantesBE-main/AtlantesBE-main/app/routes/contabilidad.php,1917
UPDATE,t_cargo,AtlantesBE-main/AtlantesBE-main/app/routes/contabilidad.php,1976
SELECT,t_notadebito,AtlantesBE-main/AtlantesBE-main/app/routes/contabilidad.php,2016
INSERT,tmp_valoresfactura,AtlantesBE-main/AtlantesBE-main/app/routes/contabilidad.php,2187
JOIN,t_factura,AtlantesBE-main/AtlantesBE-main/app/routes/contabilidad.php,2193
JOIN,t_embarque,AtlantesBE-main/AtlantesBE-main/app/routes/contabilidad.php,2194
JOIN,t_tipocambio,AtlantesBE-main/AtlantesBE-main/app/routes/contabilidad.php,2195
INSERT,tmp_valoresnotadebito,AtlantesBE-main/AtlantesBE-main/app/routes/contabilidad.php,2206
JOIN,t_notadebito,AtlantesBE-main/AtlantesBE-main/app/routes/contabilidad.php,2212
JOIN,t_embarque,AtlantesBE-main/AtlantesBE-main/app/routes/contabilidad.php,2213
JOIN,t_tipocambio,AtlantesBE-main/AtlantesBE-main/app/routes/contabilidad.php,2214
JOIN,t_embarque,AtlantesBE-main/AtlantesBE-main/app/routes/contabilidad.php,2238
JOIN,t_cliente,AtlantesBE-main/AtlantesBE-main/app/routes/contabilidad.php,2239
JOIN,t_estadofactura,AtlantesBE-main/AtlantesBE-main/app/routes/contabilidad.php,2240
JOIN,tmp_valoresfactura,AtlantesBE-main/AtlantesBE-main/app/routes/contabilidad.php,2241
JOIN,tmp_valoresnotadebito,AtlantesBE-main/AtlantesBE-main/app/routes/contabilidad.php,2242
INSERT,tmp_valoresfactura,AtlantesBE-main/AtlantesBE-main/app/routes/contabilidad.php,2286
JOIN,t_factura,AtlantesBE-main/AtlantesBE-main/app/routes/contabilidad.php,2292
JOIN,t_embarque,AtlantesBE-main/AtlantesBE-main/app/routes/contabilidad.php,2293
JOIN,t_tipocambio,AtlantesBE-main/AtlantesBE-main/app/routes/contabilidad.php,2294
INSERT,tmp_valoresnotadebito,AtlantesBE-main/AtlantesBE-main/app/routes/contabilidad.php,2305
JOIN,t_notadebito,AtlantesBE-main/AtlantesBE-main/app/routes/contabilidad.php,2311
JOIN,t_embarque,AtlantesBE-main/AtlantesBE-main/app/routes/contabilidad.php,2312
JOIN,t_tipocambio,AtlantesBE-main/AtlantesBE-main/app/routes/contabilidad.php,2313
JOIN,t_embarque,AtlantesBE-main/AtlantesBE-main/app/routes/contabilidad.php,2337
JOIN,t_cliente,AtlantesBE-main/AtlantesBE-main/app/routes/contabilidad.php,2338
JOIN,t_estadofactura,AtlantesBE-main/AtlantesBE-main/app/routes/contabilidad.php,2339
JOIN,tmp_valoresfactura,AtlantesBE-main/AtlantesBE-main/app/routes/contabilidad.php,2340
JOIN,tmp_valoresnotadebito,AtlantesBE-main/AtlantesBE-main/app/routes/contabilidad.php,2341
INSERT,t_invoice,AtlantesBE-main/AtlantesBE-main/app/routes/contabilidad.php,2391
SELECT,t_invoice,AtlantesBE-main/AtlantesBE-main/app/routes/contabilidad.php,2392
JOIN,t_embarque,AtlantesBE-main/AtlantesBE-main/app/routes/contabilidad.php,2392
UPDATE,t_invoice,AtlantesBE-main/AtlantesBE-main/app/routes/contabilidad.php,2525
SELECT,t_invoice,AtlantesBE-main/AtlantesBE-main/app/routes/contabilidad.php,2552
JOIN,t_embarque,AtlantesBE-main/AtlantesBE-main/app/routes/contabilidad.php,2553
INSERT,t_invoice,AtlantesBE-main/AtlantesBE-main/app/routes/contabilidad.php,2574
UPDATE,t_cargo,AtlantesBE-main/AtlantesBE-main/app/routes/contabilidad.php,2613
SELECT,t_invoice,AtlantesBE-main/AtlantesBE-main/app/routes/contabilidad.php,2640
JOIN,t_embarque,AtlantesBE-main/AtlantesBE-main/app/routes/contabilidad.php,2821
JOIN,t_cliente,AtlantesBE-main/AtlantesBE-main/app/routes/contabilidad.php,2822
JOIN,t_estadofactura,AtlantesBE-main/AtlantesBE-main/app/routes/contabilidad.php,2823
INSERT,t_planilla,AtlantesBE-main/AtlantesBE-main/app/routes/contabilidad.php,2869
SELECT,t_planilla,AtlantesBE-main/AtlantesBE-main/app/routes/contabilidad.php,2870
JOIN,t_embarque,AtlantesBE-main/AtlantesBE-main/app/routes/contabilidad.php,2870
UPDATE,t_cargo,AtlantesBE-main/AtlantesBE-main/app/routes/contabilidad.php,2873
INSERT,tmp_pagos,AtlantesBE-main/AtlantesBE-main/app/routes/contabilidad.php,2971
JOIN,t_pago,AtlantesBE-main/AtlantesBE-main/app/routes/contabilidad.php,2977
JOIN,t_costo,AtlantesBE-main/AtlantesBE-main/app/routes/contabilidad.php,3017
JOIN,t_embarque,AtlantesBE-main/AtlantesBE-main/app/routes/contabilidad.php,3018
JOIN,t_cliente,AtlantesBE-main/AtlantesBE-main/app/routes/contabilidad.php,3019
JOIN,t_estadofactura,AtlantesBE-main/AtlantesBE-main/app/routes/contabilidad.php,3020
JOIN,tmp_pagos,AtlantesBE-main/AtlantesBE-main/app/routes/contabilidad.php,3021
JOIN,t_tipocambio,AtlantesBE-main/AtlantesBE-main/app/routes/contabilidad.php,3022
JOIN,t_divisa,AtlantesBE-main/AtlantesBE-main/app/routes/contabilidad.php,3023
JOIN,t_cliente,AtlantesBE-main/AtlantesBE-main/app/routes/contabilidad.php,3024
JOIN,t_proveedor,AtlantesBE-main/AtlantesBE-main/app/routes/contabilidad.php,3025
JOIN,t_prestador,AtlantesBE-main/AtlantesBE-main/app/routes/contabilidad.php,3026
JOIN,t_transportista,AtlantesBE-main/AtlantesBE-main/app/routes/contabilidad.php,3027
JOIN,t_agentecarga,AtlantesBE-main/AtlantesBE-main/app/routes/contabilidad.php,3028
JOIN,t_motivoanulacion,AtlantesBE-main/AtlantesBE-main/app/routes/contabilidad.php,3029
JOIN,t_usuario,AtlantesBE-main/AtlantesBE-main/app/routes/contabilidad.php,3030
INSERT,tmp_pagos,AtlantesBE-main/AtlantesBE-main/app/routes/contabilidad.php,3109
JOIN,t_pago,AtlantesBE-main/AtlantesBE-main/app/routes/contabilidad.php,3115
JOIN,t_costo,AtlantesBE-main/AtlantesBE-main/app/routes/contabilidad.php,3148
JOIN,t_embarque,AtlantesBE-main/AtlantesBE-main/app/routes/contabilidad.php,3149
JOIN,t_cliente,AtlantesBE-main/AtlantesBE-main/app/routes/contabilidad.php,3150
JOIN,t_estadofactura,AtlantesBE-main/AtlantesBE-main/app/routes/contabilidad.php,3151
JOIN,tmp_pagos,AtlantesBE-main/AtlantesBE-main/app/routes/contabilidad.php,3152
JOIN,t_tipocambio,AtlantesBE-main/AtlantesBE-main/app/routes/contabilidad.php,3153
JOIN,t_divisa,AtlantesBE-main/AtlantesBE-main/app/routes/contabilidad.php,3154
JOIN,t_cliente,AtlantesBE-main/AtlantesBE-main/app/routes/contabilidad.php,3155
JOIN,t_proveedor,AtlantesBE-main/AtlantesBE-main/app/routes/contabilidad.php,3156
JOIN,t_prestador,AtlantesBE-main/AtlantesBE-main/app/routes/contabilidad.php,3157
JOIN,t_transportista,AtlantesBE-main/AtlantesBE-main/app/routes/contabilidad.php,3158
JOIN,t_agentecarga,AtlantesBE-main/AtlantesBE-main/app/routes/contabilidad.php,3159
JOIN,t_embarque,AtlantesBE-main/AtlantesBE-main/app/routes/contabilidad.php,3237
JOIN,t_cliente,AtlantesBE-main/AtlantesBE-main/app/routes/contabilidad.php,3238
JOIN,t_estadofactura,AtlantesBE-main/AtlantesBE-main/app/routes/contabilidad.php,3239
JOIN,v_entidades,AtlantesBE-main/AtlantesBE-main/app/routes/contabilidad.php,3240
SELECT,t_facturapago,AtlantesBE-main/AtlantesBE-main/app/routes/contabilidad.php,3432
JOIN,t_embarque,AtlantesBE-main/AtlantesBE-main/app/routes/contabilidad.php,3433
INSERT,t_facturapago,AtlantesBE-main/AtlantesBE-main/app/routes/contabilidad.php,3456
UPDATE,t_costo,AtlantesBE-main/AtlantesBE-main/app/routes/contabilidad.php,3537
SELECT,t_facturapago,AtlantesBE-main/AtlantesBE-main/app/routes/contabilidad.php,3576
SELECT,t_facturapago,AtlantesBE-main/AtlantesBE-main/app/routes/contabilidad.php,3715
UPDATE,t_facturapago,AtlantesBE-main/AtlantesBE-main/app/routes/contabilidad.php,3903
UPDATE,t_costo,AtlantesBE-main/AtlantesBE-main/app/routes/contabilidad.php,3937
JOIN,t_embarque,AtlantesBE-main/AtlantesBE-main/app/routes/contabilidad.php,4155
JOIN,t_factura,AtlantesBE-main/AtlantesBE-main/app/routes/contabilidad.php,4366
JOIN,t_embarque,AtlantesBE-main/AtlantesBE-main/app/routes/contabilidad.php,4367
JOIN,t_notadebito,AtlantesBE-main/AtlantesBE-main/app/routes/contabilidad.php,4382
JOIN,t_embarque,AtlantesBE-main/AtlantesBE-main/app/routes/contabilidad.php,4383
JOIN,t_embarque,AtlantesBE-main/AtlantesBE-main/app/routes/contabilidad.php,4433
JOIN,t_tipocambio,AtlantesBE-main/AtlantesBE-main/app/routes/contabilidad.php,4434
JOIN,t_embarque,AtlantesBE-main/AtlantesBE-main/app/routes/contabilidad.php,4458
JOIN,t_tipocambio,AtlantesBE-main/AtlantesBE-main/app/routes/contabilidad.php,4459
JOIN,t_anticipo,AtlantesBE-main/AtlantesBE-main/app/routes/contabilidad.php,4511
JOIN,t_cuenta,AtlantesBE-main/AtlantesBE-main/app/routes/contabilidad.php,4512
JOIN,t_factura,AtlantesBE-main/AtlantesBE-main/app/routes/contabilidad.php,4513
JOIN,t_notadebito,AtlantesBE-main/AtlantesBE-main/app/routes/contabilidad.php,4514
JOIN,t_embarque,AtlantesBE-main/AtlantesBE-main/app/routes/contabilidad.php,4515
INSERT,t_anticipo,AtlantesBE-main/AtlantesBE-main/app/routes/contabilidad.php,4590
SELECT,t_cobro,AtlantesBE-main/AtlantesBE-main/app/routes/contabilidad.php,4639
JOIN,t_anticipo,AtlantesBE-main/AtlantesBE-main/app/routes/contabilidad.php,4640
JOIN,v_entidades,AtlantesBE-main/AtlantesBE-main/app/routes/contabilidad.php,4642
INSERT,t_cobro,AtlantesBE-main/AtlantesBE-main/app/routes/contabilidad.php,4666
JOIN,t_cuenta,AtlantesBE-main/AtlantesBE-main/app/routes/contabilidad.php,4748
JOIN,t_tipotransferencia,AtlantesBE-main/AtlantesBE-main/app/routes/contabilidad.php,4749
INSERT,t_anticipo,AtlantesBE-main/AtlantesBE-main/app/routes/contabilidad.php,4806
INSERT,tmp_pagos,AtlantesBE-main/AtlantesBE-main/app/routes/contabilidad.php,4969
JOIN,t_facturapago,AtlantesBE-main/AtlantesBE-main/app/routes/contabilidad.php,4975
JOIN,t_costo,AtlantesBE-main/AtlantesBE-main/app/routes/contabilidad.php,4996
JOIN,t_divisa,AtlantesBE-main/AtlantesBE-main/app/routes/contabilidad.php,4997
JOIN,t_tipofacturapago,AtlantesBE-main/AtlantesBE-main/app/routes/contabilidad.php,4998
JOIN,t_embarque,AtlantesBE-main/AtlantesBE-main/app/routes/contabilidad.php,4999
JOIN,tmp_pagos,AtlantesBE-main/AtlantesBE-main/app/routes/contabilidad.php,5000
JOIN,t_tipocambio,AtlantesBE-main/AtlantesBE-main/app/routes/contabilidad.php,5001
SELECT,t_pago,AtlantesBE-main/AtlantesBE-main/app/routes/contabilidad.php,5153
INSERT,t_pago,AtlantesBE-main/AtlantesBE-main/app/routes/contabilidad.php,5168
INSERT,t_pagodetalle,AtlantesBE-main/AtlantesBE-main/app/routes/contabilidad.php,5225
JOIN,t_pagodetalle,AtlantesBE-main/AtlantesBE-main/app/routes/contabilidad.php,5347
JOIN,t_cuenta,AtlantesBE-main/AtlantesBE-main/app/routes/contabilidad.php,5348
JOIN,t_divisa,AtlantesBE-main/AtlantesBE-main/app/routes/contabilidad.php,5349
JOIN,t_facturapago,AtlantesBE-main/AtlantesBE-main/app/routes/contabilidad.php,5350
SELECT,t_devolucion,AtlantesBE-main/AtlantesBE-main/app/routes/contabilidad.php,5576
INSERT,t_devolucion,AtlantesBE-main/AtlantesBE-main/app/routes/contabilidad.php,5591
INSERT,t_devoluciondetalle,AtlantesBE-main/AtlantesBE-main/app/routes/contabilidad.php,5645
JOIN,t_devoluciondetalle,AtlantesBE-main/AtlantesBE-main/app/routes/contabilidad.php,5753
JOIN,t_cuenta,AtlantesBE-main/AtlantesBE-main/app/routes/contabilidad.php,5854
JOIN,t_cliente,AtlantesBE-main/AtlantesBE-main/app/routes/contabilidad.php,5855
JOIN,t_proveedor,AtlantesBE-main/AtlantesBE-main/app/routes/contabilidad.php,5856
JOIN,t_prestador,AtlantesBE-main/AtlantesBE-main/app/routes/contabilidad.php,5857
JOIN,t_transportista,AtlantesBE-main/AtlantesBE-main/app/routes/contabilidad.php,5858
JOIN,t_agentecarga,AtlantesBE-main/AtlantesBE-main/app/routes/contabilidad.php,5859
JOIN,t_devoluciondetalle,AtlantesBE-main/AtlantesBE-main/app/routes/contabilidad.php,5860
INSERT,tmp_entidad,AtlantesBE-main/AtlantesBE-main/app/routes/contabilidad.php,5918
SELECT,t_cliente,AtlantesBE-main/AtlantesBE-main/app/routes/contabilidad.php,5922
SELECT,t_proveedor,AtlantesBE-main/AtlantesBE-main/app/routes/contabilidad.php,5927
SELECT,t_prestador,AtlantesBE-main/AtlantesBE-main/app/routes/contabilidad.php,5932
SELECT,t_transportista,AtlantesBE-main/AtlantesBE-main/app/routes/contabilidad.php,5937
SELECT,t_agentecarga,AtlantesBE-main/AtlantesBE-main/app/routes/contabilidad.php,5942
JOIN,t_anticipo,AtlantesBE-main/AtlantesBE-main/app/routes/contabilidad.php,5966
JOIN,tmp_entidad,AtlantesBE-main/AtlantesBE-main/app/routes/contabilidad.php,5967
JOIN,t_factura,AtlantesBE-main/AtlantesBE-main/app/routes/contabilidad.php,5968
JOIN,t_notadebito,AtlantesBE-main/AtlantesBE-main/app/routes/contabilidad.php,5969
JOIN,t_embarque,AtlantesBE-main/AtlantesBE-main/app/routes/contabilidad.php,5970
JOIN,t_cuenta,AtlantesBE-main/AtlantesBE-main/app/routes/contabilidad.php,5971
INSERT,tmp_embarquescobros,AtlantesBE-main/AtlantesBE-main/app/routes/contabilidad.php,6015
JOIN,t_factura,AtlantesBE-main/AtlantesBE-main/app/routes/contabilidad.php,6021
JOIN,t_embarque,AtlantesBE-main/AtlantesBE-main/app/routes/contabilidad.php,6022
JOIN,t_notadebito,AtlantesBE-main/AtlantesBE-main/app/routes/contabilidad.php,6023
JOIN,t_embarque,AtlantesBE-main/AtlantesBE-main/app/routes/contabilidad.php,6024
JOIN,t_anticipo,AtlantesBE-main/AtlantesBE-main/app/routes/contabilidad.php,6025
JOIN,t_cuenta,AtlantesBE-main/AtlantesBE-main/app/routes/contabilidad.php,6052
JOIN,t_tipotransferencia,AtlantesBE-main/AtlantesBE-main/app/routes/contabilidad.php,6053
JOIN,tmp_embarquescobros,AtlantesBE-main/AtlantesBE-main/app/routes/contabilidad.php,6054
JOIN,v_entidades,AtlantesBE-main/AtlantesBE-main/app/routes/contabilidad.php,6055
JOIN,t_cargo,AtlantesBE-main/AtlantesBE-main/app/routes/contabilidad.php,6112
JOIN,t_embarque,AtlantesBE-main/AtlantesBE-main/app/routes/contabilidad.php,6113
JOIN,t_estadofactura,AtlantesBE-main/AtlantesBE-main/app/routes/contabilidad.php,6114
JOIN,t_concepto,AtlantesBE-main/AtlantesBE-main/app/routes/contabilidad.php,6115
JOIN,t_tipocambio,AtlantesBE-main/AtlantesBE-main/app/routes/contabilidad.php,6116
JOIN,t_costo,AtlantesBE-main/AtlantesBE-main/app/routes/contabilidad.php,6165
JOIN,t_embarque,AtlantesBE-main/AtlantesBE-main/app/routes/contabilidad.php,6166
JOIN,t_cliente,AtlantesBE-main/AtlantesBE-main/app/routes/contabilidad.php,6167
JOIN,t_estadofactura,AtlantesBE-main/AtlantesBE-main/app/routes/contabilidad.php,6168
JOIN,t_concepto,AtlantesBE-main/AtlantesBE-main/app/routes/contabilidad.php,6169
JOIN,t_tipocambio,AtlantesBE-main/AtlantesBE-main/app/routes/contabilidad.php,6170
INSERT,tmp_embarques,AtlantesBE-main/AtlantesBE-main/app/routes/contabilidad.php,6205
JOIN,t_cliente,AtlantesBE-main/AtlantesBE-main/app/routes/contabilidad.php,6217
JOIN,t_transportista,AtlantesBE-main/AtlantesBE-main/app/routes/contabilidad.php,6218
INSERT,tmp_reporteconceptos,AtlantesBE-main/AtlantesBE-main/app/routes/contabilidad.php,6226
JOIN,t_cargo,AtlantesBE-main/AtlantesBE-main/app/routes/contabilidad.php,6253
JOIN,t_concepto,AtlantesBE-main/AtlantesBE-main/app/routes/contabilidad.php,6254
JOIN,t_factura,AtlantesBE-main/AtlantesBE-main/app/routes/contabilidad.php,6255
JOIN,t_notadebito,AtlantesBE-main/AtlantesBE-main/app/routes/contabilidad.php,6256
JOIN,t_tipocambio,AtlantesBE-main/AtlantesBE-main/app/routes/contabilidad.php,6257
INSERT,tmp_reporteconceptos,AtlantesBE-main/AtlantesBE-main/app/routes/contabilidad.php,6261
JOIN,t_cargo,AtlantesBE-main/AtlantesBE-main/app/routes/contabilidad.php,6282
JOIN,t_concepto,AtlantesBE-main/AtlantesBE-main/app/routes/contabilidad.php,6283
JOIN,t_ordenservicioi,AtlantesBE-main/AtlantesBE-main/app/routes/contabilidad.php,6284
JOIN,t_tipocambio,AtlantesBE-main/AtlantesBE-main/app/routes/contabilidad.php,6285
INSERT,tmp_reporteconceptos,AtlantesBE-main/AtlantesBE-main/app/routes/contabilidad.php,6289
JOIN,t_cargo,AtlantesBE-main/AtlantesBE-main/app/routes/contabilidad.php,6310
JOIN,t_concepto,AtlantesBE-main/AtlantesBE-main/app/routes/contabilidad.php,6311
JOIN,t_invoice,AtlantesBE-main/AtlantesBE-main/app/routes/contabilidad.php,6312
JOIN,t_tipocambio,AtlantesBE-main/AtlantesBE-main/app/routes/contabilidad.php,6313
INSERT,tmp_reporteconceptos,AtlantesBE-main/AtlantesBE-main/app/routes/contabilidad.php,6317
JOIN,t_costo,AtlantesBE-main/AtlantesBE-main/app/routes/contabilidad.php,6339
JOIN,t_concepto,AtlantesBE-main/AtlantesBE-main/app/routes/contabilidad.php,6340
JOIN,t_ordenservicioe,AtlantesBE-main/AtlantesBE-main/app/routes/contabilidad.php,6341
JOIN,t_tipocambio,AtlantesBE-main/AtlantesBE-main/app/routes/contabilidad.php,6342
JOIN,t_agentecarga,AtlantesBE-main/AtlantesBE-main/app/routes/contabilidad.php,6343
INSERT,tmp_reporteconceptos,AtlantesBE-main/AtlantesBE-main/app/routes/contabilidad.php,6347
JOIN,t_costo,AtlantesBE-main/AtlantesBE-main/app/routes/contabilidad.php,6369
JOIN,t_concepto,AtlantesBE-main/AtlantesBE-main/app/routes/contabilidad.php,6370
JOIN,t_facturapago,AtlantesBE-main/AtlantesBE-main/app/routes/contabilidad.php,6371
JOIN,t_tipocambio,AtlantesBE-main/AtlantesBE-main/app/routes/contabilidad.php,6372
JOIN,v_entidades,AtlantesBE-main/AtlantesBE-main/app/routes/contabilidad.php,6373
INSERT,tmp_reporteconceptos,AtlantesBE-main/AtlantesBE-main/app/routes/contabilidad.php,6377
JOIN,t_costo,AtlantesBE-main/AtlantesBE-main/app/routes/contabilidad.php,6399
JOIN,t_concepto,AtlantesBE-main/AtlantesBE-main/app/routes/contabilidad.php,6400
JOIN,t_tipocambio,AtlantesBE-main/AtlantesBE-main/app/routes/contabilidad.php,6401
JOIN,v_entidades,AtlantesBE-main/AtlantesBE-main/app/routes/contabilidad.php,6402
INSERT,tmp_reporteconceptos,AtlantesBE-main/AtlantesBE-main/app/routes/contabilidad.php,6406
JOIN,t_cargo,AtlantesBE-main/AtlantesBE-main/app/routes/contabilidad.php,6427
JOIN,t_concepto,AtlantesBE-main/AtlantesBE-main/app/routes/contabilidad.php,6428
JOIN,t_tipocambio,AtlantesBE-main/AtlantesBE-main/app/routes/contabilidad.php,6429
SELECT,tmp_reporteconceptos,AtlantesBE-main/AtlantesBE-main/app/routes/contabilidad.php,6433
SELECT,t_factura,AtlantesBE-main/AtlantesBE-main/app/routes/contabilidad.php,6560
JOIN,t_embarque,AtlantesBE-main/AtlantesBE-main/app/routes/contabilidad.php,6607
JOIN,t_dosificacion,AtlantesBE-main/AtlantesBE-main/app/routes/contabilidad.php,6608
JOIN,t_tipoembarque,AtlantesBE-main/AtlantesBE-main/app/routes/contabilidad.php,6609
JOIN,t_cliente,AtlantesBE-main/AtlantesBE-main/app/routes/contabilidad.php,6610
JOIN,t_proveedor,AtlantesBE-main/AtlantesBE-main/app/routes/contabilidad.php,6611
JOIN,t_prestador,AtlantesBE-main/AtlantesBE-main/app/routes/contabilidad.php,6612
JOIN,t_agentecarga,AtlantesBE-main/AtlantesBE-main/app/routes/contabilidad.php,6613
JOIN,t_ciudad,AtlantesBE-main/AtlantesBE-main/app/routes/contabilidad.php,6614
JOIN,t_ciudad,AtlantesBE-main/AtlantesBE-main/app/routes/contabilidad.php,6615
SELECT,t_factura,AtlantesBE-main/AtlantesBE-main/app/routes/contabilidad.php,6651
JOIN,t_cargo,AtlantesBE-main/AtlantesBE-main/app/routes/contabilidad.php,6652
JOIN,t_concepto,AtlantesBE-main/AtlantesBE-main/app/routes/contabilidad.php,6653
JOIN,t_embarque,AtlantesBE-main/AtlantesBE-main/app/routes/contabilidad.php,6791
JOIN,t_dosificacion,AtlantesBE-main/AtlantesBE-main/app/routes/contabilidad.php,6792
JOIN,t_tipoembarque,AtlantesBE-main/AtlantesBE-main/app/routes/contabilidad.php,6793
JOIN,t_cliente,AtlantesBE-main/AtlantesBE-main/app/routes/contabilidad.php,6794
JOIN,t_proveedor,AtlantesBE-main/AtlantesBE-main/app/routes/contabilidad.php,6795
JOIN,t_prestador,AtlantesBE-main/AtlantesBE-main/app/routes/contabilidad.php,6796
JOIN,t_agentecarga,AtlantesBE-main/AtlantesBE-main/app/routes/contabilidad.php,6797
JOIN,t_ciudad,AtlantesBE-main/AtlantesBE-main/app/routes/contabilidad.php,6798
JOIN,t_ciudad,AtlantesBE-main/AtlantesBE-main/app/routes/contabilidad.php,6799
JOIN,t_concepto,AtlantesBE-main/AtlantesBE-main/app/routes/contabilidad.php,6935
JOIN,t_factura,AtlantesBE-main/AtlantesBE-main/app/routes/contabilidad.php,6936
JOIN,t_embarque,AtlantesBE-main/AtlantesBE-main/app/routes/contabilidad.php,6937
JOIN,t_tipocambio,AtlantesBE-main/AtlantesBE-main/app/routes/contabilidad.php,6938
SELECT,t_factura,AtlantesBE-main/AtlantesBE-main/app/routes/contabilidad.php,7131
SELECT,t_factura,AtlantesBE-main/AtlantesBE-main/app/routes/contabilidad.php,7147
JOIN,t_embarque,AtlantesBE-main/AtlantesBE-main/app/routes/contabilidad.php,7170
SELECT,t_correonit,AtlantesBE-main/AtlantesBE-main/app/routes/contabilidad.php,7190
JOIN,t_embarque,AtlantesBE-main/AtlantesBE-main/app/routes/contabilidad.php,7281
JOIN,t_cliente,AtlantesBE-main/AtlantesBE-main/app/routes/contabilidad.php,7282
JOIN,t_proveedor,AtlantesBE-main/AtlantesBE-main/app/routes/contabilidad.php,7283
JOIN,t_prestador,AtlantesBE-main/AtlantesBE-main/app/routes/contabilidad.php,7284
JOIN,t_agentecarga,AtlantesBE-main/AtlantesBE-main/app/routes/contabilidad.php,7285
JOIN,t_cliente,AtlantesBE-main/AtlantesBE-main/app/routes/contabilidad.php,7286
JOIN,t_proveedor,AtlantesBE-main/AtlantesBE-main/app/routes/contabilidad.php,7287
JOIN,t_prestador,AtlantesBE-main/AtlantesBE-main/app/routes/contabilidad.php,7288
JOIN,t_agentecarga,AtlantesBE-main/AtlantesBE-main/app/routes/contabilidad.php,7289
JOIN,t_cliente,AtlantesBE-main/AtlantesBE-main/app/routes/contabilidad.php,7291
JOIN,t_proveedor,AtlantesBE-main/AtlantesBE-main/app/routes/contabilidad.php,7292
JOIN,t_prestador,AtlantesBE-main/AtlantesBE-main/app/routes/contabilidad.php,7293
JOIN,t_transportista,AtlantesBE-main/AtlantesBE-main/app/routes/contabilidad.php,7294
JOIN,t_agentecarga,AtlantesBE-main/AtlantesBE-main/app/routes/contabilidad.php,7295
JOIN,t_ciudad,AtlantesBE-main/AtlantesBE-main/app/routes/contabilidad.php,7297
JOIN,t_ciudad,AtlantesBE-main/AtlantesBE-main/app/routes/contabilidad.php,7298
JOIN,t_cuenta,AtlantesBE-main/AtlantesBE-main/app/routes/contabilidad.php,7299
JOIN,t_concepto,AtlantesBE-main/AtlantesBE-main/app/routes/contabilidad.php,7401
JOIN,t_notadebito,AtlantesBE-main/AtlantesBE-main/app/routes/contabilidad.php,7402
JOIN,t_embarque,AtlantesBE-main/AtlantesBE-main/app/routes/contabilidad.php,7403
JOIN,t_tipocambio,AtlantesBE-main/AtlantesBE-main/app/routes/contabilidad.php,7404
JOIN,t_divisa,AtlantesBE-main/AtlantesBE-main/app/routes/contabilidad.php,7405
JOIN,t_tipofacturapago,AtlantesBE-main/AtlantesBE-main/app/routes/contabilidad.php,7537
JOIN,t_embarque,AtlantesBE-main/AtlantesBE-main/app/routes/contabilidad.php,7538
JOIN,t_transportista,AtlantesBE-main/AtlantesBE-main/app/routes/contabilidad.php,7539
JOIN,t_proveedor,AtlantesBE-main/AtlantesBE-main/app/routes/contabilidad.php,7540
JOIN,t_prestador,AtlantesBE-main/AtlantesBE-main/app/routes/contabilidad.php,7541
JOIN,t_transportista,AtlantesBE-main/AtlantesBE-main/app/routes/contabilidad.php,7542
JOIN,t_agentecarga,AtlantesBE-main/AtlantesBE-main/app/routes/contabilidad.php,7543
JOIN,t_proveedordireccion,AtlantesBE-main/AtlantesBE-main/app/routes/contabilidad.php,7544
JOIN,t_prestadordireccion,AtlantesBE-main/AtlantesBE-main/app/routes/contabilidad.php,7545
JOIN,t_transportistadireccion,AtlantesBE-main/AtlantesBE-main/app/routes/contabilidad.php,7546
JOIN,t_agentecargadireccion,AtlantesBE-main/AtlantesBE-main/app/routes/contabilidad.php,7547
JOIN,t_cliente,AtlantesBE-main/AtlantesBE-main/app/routes/contabilidad.php,7548
JOIN,t_proveedor,AtlantesBE-main/AtlantesBE-main/app/routes/contabilidad.php,7549
JOIN,t_prestador,AtlantesBE-main/AtlantesBE-main/app/routes/contabilidad.php,7550
JOIN,t_transportista,AtlantesBE-main/AtlantesBE-main/app/routes/contabilidad.php,7551
JOIN,t_agentecarga,AtlantesBE-main/AtlantesBE-main/app/routes/contabilidad.php,7552
JOIN,t_cliente,AtlantesBE-main/AtlantesBE-main/app/routes/contabilidad.php,7553
JOIN,t_proveedor,AtlantesBE-main/AtlantesBE-main/app/routes/contabilidad.php,7554
JOIN,t_prestador,AtlantesBE-main/AtlantesBE-main/app/routes/contabilidad.php,7555
JOIN,t_agentecarga,AtlantesBE-main/AtlantesBE-main/app/routes/contabilidad.php,7556
JOIN,t_ciudad,AtlantesBE-main/AtlantesBE-main/app/routes/contabilidad.php,7557
JOIN,t_ciudad,AtlantesBE-main/AtlantesBE-main/app/routes/contabilidad.php,7558
JOIN,t_concepto,AtlantesBE-main/AtlantesBE-main/app/routes/contabilidad.php,7676
JOIN,t_facturapago,AtlantesBE-main/AtlantesBE-main/app/routes/contabilidad.php,7677
JOIN,t_embarque,AtlantesBE-main/AtlantesBE-main/app/routes/contabilidad.php,7678
JOIN,t_tipocambio,AtlantesBE-main/AtlantesBE-main/app/routes/contabilidad.php,7679
JOIN,t_divisa,AtlantesBE-main/AtlantesBE-main/app/routes/contabilidad.php,7680
JOIN,t_cargo,AtlantesBE-main/AtlantesBE-main/app/routes/contabilidad.php,7749
JOIN,t_embarque,AtlantesBE-main/AtlantesBE-main/app/routes/contabilidad.php,7750
JOIN,t_tipocambio,AtlantesBE-main/AtlantesBE-main/app/routes/contabilidad.php,7751
JOIN,t_embarque,AtlantesBE-main/AtlantesBE-main/app/routes/contabilidad.php,7813
JOIN,t_agentecarga,AtlantesBE-main/AtlantesBE-main/app/routes/contabilidad.php,7814
JOIN,t_cliente,AtlantesBE-main/AtlantesBE-main/app/routes/contabilidad.php,7815
JOIN,t_proveedor,AtlantesBE-main/AtlantesBE-main/app/routes/contabilidad.php,7816
JOIN,t_prestador,AtlantesBE-main/AtlantesBE-main/app/routes/contabilidad.php,7817
JOIN,t_transportista,AtlantesBE-main/AtlantesBE-main/app/routes/contabilidad.php,7818
JOIN,t_agentecarga,AtlantesBE-main/AtlantesBE-main/app/routes/contabilidad.php,7819
JOIN,t_planilla,AtlantesBE-main/AtlantesBE-main/app/routes/contabilidad.php,7893
JOIN,t_tipoplanilla,AtlantesBE-main/AtlantesBE-main/app/routes/contabilidad.php,7894
JOIN,t_embarque,AtlantesBE-main/AtlantesBE-main/app/routes/contabilidad.php,7895
JOIN,t_tipocambio,AtlantesBE-main/AtlantesBE-main/app/routes/contabilidad.php,7896
JOIN,t_agentecarga,AtlantesBE-main/AtlantesBE-main/app/routes/contabilidad.php,7974
JOIN,t_agentecargadireccion,AtlantesBE-main/AtlantesBE-main/app/routes/contabilidad.php,7975
JOIN,t_embarque,AtlantesBE-main/AtlantesBE-main/app/routes/contabilidad.php,7976
JOIN,t_ciudad,AtlantesBE-main/AtlantesBE-main/app/routes/contabilidad.php,7977
JOIN,t_ciudad,AtlantesBE-main/AtlantesBE-main/app/routes/contabilidad.php,7978
JOIN,t_tipoembarque,AtlantesBE-main/AtlantesBE-main/app/routes/contabilidad.php,7979
JOIN,t_concepto,AtlantesBE-main/AtlantesBE-main/app/routes/contabilidad.php,8097
JOIN,t_invoice,AtlantesBE-main/AtlantesBE-main/app/routes/contabilidad.php,8098
JOIN,t_embarque,AtlantesBE-main/AtlantesBE-main/app/routes/contabilidad.php,8099
JOIN,t_tipocambio,AtlantesBE-main/AtlantesBE-main/app/routes/contabilidad.php,8100
JOIN,t_agentecarga,AtlantesBE-main/AtlantesBE-main/app/routes/contabilidad.php,8245
JOIN,t_embarque,AtlantesBE-main/AtlantesBE-main/app/routes/contabilidad.php,8247
JOIN,t_divisaordenservicio,AtlantesBE-main/AtlantesBE-main/app/routes/contabilidad.php,8249
JOIN,t_usuario,AtlantesBE-main/AtlantesBE-main/app/routes/contabilidad.php,8251
JOIN,t_concepto,AtlantesBE-main/AtlantesBE-main/app/routes/contabilidad.php,8363
JOIN,t_embarque,AtlantesBE-main/AtlantesBE-main/app/routes/contabilidad.php,8367
JOIN,t_tipocambio,AtlantesBE-main/AtlantesBE-main/app/routes/contabilidad.php,8369
JOIN,t_cliente,AtlantesBE-main/AtlantesBE-main/app/routes/contabilidad.php,8508
JOIN,t_proveedor,AtlantesBE-main/AtlantesBE-main/app/routes/contabilidad.php,8509
JOIN,t_prestador,AtlantesBE-main/AtlantesBE-main/app/routes/contabilidad.php,8510
JOIN,t_transportista,AtlantesBE-main/AtlantesBE-main/app/routes/contabilidad.php,8511
JOIN,t_agentecarga,AtlantesBE-main/AtlantesBE-main/app/routes/contabilidad.php,8512
JOIN,t_cuenta,AtlantesBE-main/AtlantesBE-main/app/routes/contabilidad.php,8513
JOIN,t_usuario,AtlantesBE-main/AtlantesBE-main/app/routes/contabilidad.php,8514
JOIN,t_anticipo,AtlantesBE-main/AtlantesBE-main/app/routes/contabilidad.php,8592
JOIN,v_entidades,AtlantesBE-main/AtlantesBE-main/app/routes/contabilidad.php,8593
JOIN,t_cuenta,AtlantesBE-main/AtlantesBE-main/app/routes/contabilidad.php,8594
JOIN,t_tipotransferencia,AtlantesBE-main/AtlantesBE-main/app/routes/contabilidad.php,8595
INSERT,tmp_totalcobradofacturas,AtlantesBE-main/AtlantesBE-main/app/routes/contabilidad.php,8644
JOIN,t_anticipo,AtlantesBE-main/AtlantesBE-main/app/routes/contabilidad.php,8650
JOIN,v_entidades,AtlantesBE-main/AtlantesBE-main/app/routes/contabilidad.php,8651
INSERT,tmp_totalfacturas,AtlantesBE-main/AtlantesBE-main/app/routes/contabilidad.php,8661
JOIN,tmp_totalcobradofacturas,AtlantesBE-main/AtlantesBE-main/app/routes/contabilidad.php,8667
JOIN,t_cobro,AtlantesBE-main/AtlantesBE-main/app/routes/contabilidad.php,8668
JOIN,t_anticipo,AtlantesBE-main/AtlantesBE-main/app/routes/contabilidad.php,8669
JOIN,v_entidades,AtlantesBE-main/AtlantesBE-main/app/routes/contabilidad.php,8670
INSERT,tmp_totalcobradonotasdebito,AtlantesBE-main/AtlantesBE-main/app/routes/contabilidad.php,8679
JOIN,t_anticipo,AtlantesBE-main/AtlantesBE-main/app/routes/contabilidad.php,8685
JOIN,v_entidades,AtlantesBE-main/AtlantesBE-main/app/routes/contabilidad.php,8686
INSERT,tmp_totalnotasdebito,AtlantesBE-main/AtlantesBE-main/app/routes/contabilidad.php,8697
JOIN,t_cobro,AtlantesBE-main/AtlantesBE-main/app/routes/contabilidad.php,8703
JOIN,t_anticipo,AtlantesBE-main/AtlantesBE-main/app/routes/contabilidad.php,8704
JOIN,v_entidades,AtlantesBE-main/AtlantesBE-main/app/routes/contabilidad.php,8705
JOIN,tmp_totalcobradonotasdebito,AtlantesBE-main/AtlantesBE-main/app/routes/contabilidad.php,8706
JOIN,t_anticipo,AtlantesBE-main/AtlantesBE-main/app/routes/contabilidad.php,8723
JOIN,v_entidades,AtlantesBE-main/AtlantesBE-main/app/routes/contabilidad.php,8724
JOIN,t_factura,AtlantesBE-main/AtlantesBE-main/app/routes/contabilidad.php,8725
JOIN,t_notadebito,AtlantesBE-main/AtlantesBE-main/app/routes/contabilidad.php,8726
JOIN,t_embarque,AtlantesBE-main/AtlantesBE-main/app/routes/contabilidad.php,8727
JOIN,t_embarque,AtlantesBE-main/AtlantesBE-main/app/routes/contabilidad.php,8728
JOIN,tmp_totalfacturas,AtlantesBE-main/AtlantesBE-main/app/routes/contabilidad.php,8729
JOIN,tmp_totalnotasdebito,AtlantesBE-main/AtlantesBE-main/app/routes/contabilidad.php,8730
JOIN,t_tipocobro,AtlantesBE-main/AtlantesBE-main/app/routes/contabilidad.php,8731
JOIN,t_cuenta,AtlantesBE-main/AtlantesBE-main/app/routes/contabilidad.php,8791
JOIN,t_metodopago,AtlantesBE-main/AtlantesBE-main/app/routes/contabilidad.php,8792
JOIN,t_usuario,AtlantesBE-main/AtlantesBE-main/app/routes/contabilidad.php,8793
INSERT,tmp_pagos,AtlantesBE-main/AtlantesBE-main/app/routes/contabilidad.php,8873
JOIN,t_pago,AtlantesBE-main/AtlantesBE-main/app/routes/contabilidad.php,8879
JOIN,t_facturapago,AtlantesBE-main/AtlantesBE-main/app/routes/contabilidad.php,8880
JOIN,t_embarque,AtlantesBE-main/AtlantesBE-main/app/routes/contabilidad.php,8881
JOIN,t_facturapago,AtlantesBE-main/AtlantesBE-main/app/routes/contabilidad.php,8900
JOIN,t_tipofacturapago,AtlantesBE-main/AtlantesBE-main/app/routes/contabilidad.php,8901
JOIN,t_embarque,AtlantesBE-main/AtlantesBE-main/app/routes/contabilidad.php,8902
JOIN,t_costo,AtlantesBE-main/AtlantesBE-main/app/routes/contabilidad.php,8903
JOIN,t_tipocambio,AtlantesBE-main/AtlantesBE-main/app/routes/contabilidad.php,8904
JOIN,t_divisa,AtlantesBE-main/AtlantesBE-main/app/routes/contabilidad.php,8905
JOIN,tmp_pagos,AtlantesBE-main/AtlantesBE-main/app/routes/contabilidad.php,8906
JOIN,t_cuenta,AtlantesBE-main/AtlantesBE-main/app/routes/contabilidad.php,8989
JOIN,t_cliente,AtlantesBE-main/AtlantesBE-main/app/routes/contabilidad.php,8990
JOIN,t_proveedor,AtlantesBE-main/AtlantesBE-main/app/routes/contabilidad.php,8991
JOIN,t_prestador,AtlantesBE-main/AtlantesBE-main/app/routes/contabilidad.php,8992
JOIN,t_transportista,AtlantesBE-main/AtlantesBE-main/app/routes/contabilidad.php,8993
JOIN,t_agentecarga,AtlantesBE-main/AtlantesBE-main/app/routes/contabilidad.php,8994
JOIN,t_anticipo,AtlantesBE-main/AtlantesBE-main/app/routes/contabilidad.php,9075
JOIN,t_cuenta,AtlantesBE-main/AtlantesBE-main/app/routes/contabilidad.php,9076
INSERT,t_contemplacion,AtlantesBE-main/AtlantesBE-main/app/routes/datosmaestro.php,107
UPDATE,t_contemplacion,AtlantesBE-main/AtlantesBE-main/app/routes/datosmaestro.php,150
INSERT,t_consideraciones,AtlantesBE-main/AtlantesBE-main/app/routes/datosmaestro.php,225
UPDATE,t_consideraciones,AtlantesBE-main/AtlantesBE-main/app/routes/datosmaestro.php,268
SELECT,t_incoterms,AtlantesBE-main/AtlantesBE-main/app/routes/datosmaestro.php,299
SELECT,t_empresa,AtlantesBE-main/AtlantesBE-main/app/routes/datosmaestro.php,318
SELECT,t_ciudad,AtlantesBE-main/AtlantesBE-main/app/routes/datosmaestro.php,422
INSERT,t_ciudad,AtlantesBE-main/AtlantesBE-main/app/routes/datosmaestro.php,432
SELECT,t_ciudad,AtlantesBE-main/AtlantesBE-main/app/routes/datosmaestro.php,494
UPDATE,t_ciudad,AtlantesBE-main/AtlantesBE-main/app/routes/datosmaestro.php,505
SELECT,t_mediotransporte,AtlantesBE-main/AtlantesBE-main/app/routes/datosmaestro.php,542
SELECT,t_tipocarga,AtlantesBE-main/AtlantesBE-main/app/routes/datosmaestro.php,562
SELECT,t_aduana,AtlantesBE-main/AtlantesBE-main/app/routes/datosmaestro.php,583
SELECT,t_temperatura,AtlantesBE-main/AtlantesBE-main/app/routes/datosmaestro.php,602
SELECT,t_horario,AtlantesBE-main/AtlantesBE-main/app/routes/datosmaestro.php,622
SELECT,t_concepto,AtlantesBE-main/AtlantesBE-main/app/routes/datosmaestro.php,723
INSERT,t_concepto,AtlantesBE-main/AtlantesBE-main/app/routes/datosmaestro.php,732
INSERT,t_concepto,AtlantesBE-main/AtlantesBE-main/app/routes/datosmaestro.php,736
SELECT,t_concepto,AtlantesBE-main/AtlantesBE-main/app/routes/datosmaestro.php,785
UPDATE,t_concepto,AtlantesBE-main/AtlantesBE-main/app/routes/datosmaestro.php,795
UPDATE,t_concepto,AtlantesBE-main/AtlantesBE-main/app/routes/datosmaestro.php,803
SELECT,t_divisa,AtlantesBE-main/AtlantesBE-main/app/routes/datosmaestro.php,841
JOIN,t_divisa,AtlantesBE-main/AtlantesBE-main/app/routes/datosmaestro.php,873
SELECT,t_empresadivisa,AtlantesBE-main/AtlantesBE-main/app/routes/datosmaestro.php,907
INSERT,t_empresadivisa,AtlantesBE-main/AtlantesBE-main/app/routes/datosmaestro.php,915
SELECT,t_empresadivisa,AtlantesBE-main/AtlantesBE-main/app/routes/datosmaestro.php,920
DELETE,t_empresadivisa,AtlantesBE-main/AtlantesBE-main/app/routes/datosmaestro.php,920
SELECT,t_divisaordenservicio,AtlantesBE-main/AtlantesBE-main/app/routes/datosmaestro.php,954
SELECT,t_tipocambio,AtlantesBE-main/AtlantesBE-main/app/routes/datosmaestro.php,1086
SELECT,t_tipocambio,AtlantesBE-main/AtlantesBE-main/app/routes/datosmaestro.php,1236
SELECT,t_tipocambio,AtlantesBE-main/AtlantesBE-main/app/routes/datosmaestro.php,1247
SELECT,t_tipocambio,AtlantesBE-main/AtlantesBE-main/app/routes/datosmaestro.php,1258
SELECT,t_tipocambio,AtlantesBE-main/AtlantesBE-main/app/routes/datosmaestro.php,1268
UPDATE,t_tipocambio,AtlantesBE-main/AtlantesBE-main/app/routes/datosmaestro.php,1277
UPDATE,t_tipocambio,AtlantesBE-main/AtlantesBE-main/app/routes/datosmaestro.php,1283
UPDATE,t_tipocambio,AtlantesBE-main/AtlantesBE-main/app/routes/datosmaestro.php,1292
UPDATE,t_tipocambio,AtlantesBE-main/AtlantesBE-main/app/routes/datosmaestro.php,1298
INSERT,t_tipocambio,AtlantesBE-main/AtlantesBE-main/app/routes/datosmaestro.php,1304
INSERT,t_tipocambio,AtlantesBE-main/AtlantesBE-main/app/routes/datosmaestro.php,1322
INSERT,t_tipocambio,AtlantesBE-main/AtlantesBE-main/app/routes/datosmaestro.php,1340
SELECT,t_tipocambio,AtlantesBE-main/AtlantesBE-main/app/routes/datosmaestro.php,1355
SELECT,t_tipoevento,AtlantesBE-main/AtlantesBE-main/app/routes/datosmaestro.php,1721
SELECT,t_eventodescripcion,AtlantesBE-main/AtlantesBE-main/app/routes/datosmaestro.php,1740
SELECT,t_factura,AtlantesBE-main/AtlantesBE-main/app/routes/datosmaestro.php,1761
SELECT,t_correonit,AtlantesBE-main/AtlantesBE-main/app/routes/datosmaestro.php,1783
SELECT,t_cuenta,AtlantesBE-main/AtlantesBE-main/app/routes/datosmaestro.php,1811
INSERT,t_cuenta,AtlantesBE-main/AtlantesBE-main/app/routes/datosmaestro.php,1846
UPDATE,t_cuenta,AtlantesBE-main/AtlantesBE-main/app/routes/datosmaestro.php,1891
SELECT,t_tipoplanilla,AtlantesBE-main/AtlantesBE-main/app/routes/datosmaestro.php,1925
SELECT,t_tipodescarga,AtlantesBE-main/AtlantesBE-main/app/routes/datosmaestro.php,1945
SELECT,t_tipocontenedor,AtlantesBE-main/AtlantesBE-main/app/routes/datosmaestro.php,1964
SELECT,t_tipoproducto,AtlantesBE-main/AtlantesBE-main/app/routes/datosmaestro.php,1983
SELECT,t_tipoingreso,AtlantesBE-main/AtlantesBE-main/app/routes/datosmaestro.php,2003
SELECT,t_embalaje,AtlantesBE-main/AtlantesBE-main/app/routes/datosmaestro.php,2022
SELECT,t_no_conf,AtlantesBE-main/AtlantesBE-main/app/routes/datosmaestro.php,2043
SELECT,t_clasificacion,AtlantesBE-main/AtlantesBE-main/app/routes/datosmaestro.php,2062
SELECT,t_merma,AtlantesBE-main/AtlantesBE-main/app/routes/datosmaestro.php,2081
SELECT,t_tipotransferencia,AtlantesBE-main/AtlantesBE-main/app/routes/datosmaestro.php,2101
SELECT,t_tipoliquidacion,AtlantesBE-main/AtlantesBE-main/app/routes/datosmaestro.php,2120
INSERT,tmp_preciotimbradoproducto,AtlantesBE-main/AtlantesBE-main/app/routes/datosmaestro.php,2148
JOIN,t_baseproductos,AtlantesBE-main/AtlantesBE-main/app/routes/datosmaestro.php,2154
JOIN,t_cliente,AtlantesBE-main/AtlantesBE-main/app/routes/datosmaestro.php,2155
JOIN,t_cliente,AtlantesBE-main/AtlantesBE-main/app/routes/datosmaestro.php,2189
JOIN,t_embalaje,AtlantesBE-main/AtlantesBE-main/app/routes/datosmaestro.php,2190
JOIN,t_embalaje,AtlantesBE-main/AtlantesBE-main/app/routes/datosmaestro.php,2191
JOIN,tmp_preciotimbradoproducto,AtlantesBE-main/AtlantesBE-main/app/routes/datosmaestro.php,2192
INSERT,t_baseproductos,AtlantesBE-main/AtlantesBE-main/app/routes/datosmaestro.php,2316
INSERT,t_preciotimbradoproducto,AtlantesBE-main/AtlantesBE-main/app/routes/datosmaestro.php,2406
UPDATE,t_baseproductos,AtlantesBE-main/AtlantesBE-main/app/routes/datosmaestro.php,2585
UPDATE,t_preciotimbradoproducto,AtlantesBE-main/AtlantesBE-main/app/routes/datosmaestro.php,2650
INSERT,t_preciotimbradoproducto,AtlantesBE-main/AtlantesBE-main/app/routes/datosmaestro.php,2661
SELECT,t_preciotimbradoproducto,AtlantesBE-main/AtlantesBE-main/app/routes/datosmaestro.php,2736
SELECT,t_preciotimbradoproducto,AtlantesBE-main/AtlantesBE-main/app/routes/datosmaestro.php,2747
DELETE,t_preciotimbradoproducto,AtlantesBE-main/AtlantesBE-main/app/routes/datosmaestro.php,2747
SELECT,t_baseproductos,AtlantesBE-main/AtlantesBE-main/app/routes/datosmaestro.php,2831
DELETE,t_baseproductos,AtlantesBE-main/AtlantesBE-main/app/routes/datosmaestro.php,2831
INSERT,t_baseproductos,AtlantesBE-main/AtlantesBE-main/app/routes/datosmaestro.php,3007
SELECT,t_centro_rubro,AtlantesBE-main/AtlantesBE-main/app/routes/datosmaestro.php,3294
SELECT,t_tipopedido,AtlantesBE-main/AtlantesBE-main/app/routes/datosmaestro.php,3314
SELECT,t_motivoanulacion,AtlantesBE-main/AtlantesBE-main/app/routes/datosmaestro.php,3337
SELECT,t_status,AtlantesBE-main/AtlantesBE-main/app/routes/datosmaestro.php,3356
SELECT,t_accesorios_vehiculos,AtlantesBE-main/AtlantesBE-main/app/routes/datosmaestro.php,3376
SELECT,t_accesorios_vehiculos_salidas,AtlantesBE-main/AtlantesBE-main/app/routes/datosmaestro.php,3397
SELECT,t_doc_errada,AtlantesBE-main/AtlantesBE-main/app/routes/datosmaestro.php,3418
SELECT,t_destinocargo,AtlantesBE-main/AtlantesBE-main/app/routes/datosmaestro.php,3437
SELECT,t_tipobulto,AtlantesBE-main/AtlantesBE-main/app/routes/datosmaestro.php,3456
SELECT,t_timbradoturno,AtlantesBE-main/AtlantesBE-main/app/routes/datosmaestro.php,3476
SELECT,t_empresa,AtlantesBE-main/AtlantesBE-main/app/routes/datosmaestro.php,3500
SELECT,t_modulo,AtlantesBE-main/AtlantesBE-main/app/routes/datosmaestro.php,3508
SELECT,t_modulo,AtlantesBE-main/AtlantesBE-main/app/routes/datosmaestro.php,3531
SELECT,t_modulo,AtlantesBE-main/AtlantesBE-main/app/routes/datosmaestro.php,3535
SELECT,t_inventariofisicoetiqueta,AtlantesBE-main/AtlantesBE-main/app/routes/datosmaestro.php,3561
SELECT,t_solicitante,AtlantesBE-main/AtlantesBE-main/app/routes/datosmaestro.php,3581
SELECT,t_movilizador,AtlantesBE-main/AtlantesBE-main/app/routes/datosmaestro.php,3601
SELECT,t_etapa,AtlantesBE-main/AtlantesBE-main/app/routes/datosmaestro.php,3620
SELECT,t_ate_gas_motivo_pausa,AtlantesBE-main/AtlantesBE-main/app/routes/datosmaestro.php,3639
SELECT,t_modulo,AtlantesBE-main/AtlantesBE-main/app/routes/datosmaestro.php,3657
JOIN,t_cliente,AtlantesBE-main/AtlantesBE-main/app/routes/embarques.php,25
INSERT,t_cotizacion,AtlantesBE-main/AtlantesBE-main/app/routes/embarques.php,73
SELECT,t_cotizacion,AtlantesBE-main/AtlantesBE-main/app/routes/embarques.php,74
JOIN,t_cliente,AtlantesBE-main/AtlantesBE-main/app/routes/embarques.php,140
JOIN,t_tipoembarque,AtlantesBE-main/AtlantesBE-main/app/routes/embarques.php,141
JOIN,t_importacion_exportacion,AtlantesBE-main/AtlantesBE-main/app/routes/embarques.php,142
JOIN,t_cliente,AtlantesBE-main/AtlantesBE-main/app/routes/embarques.php,143
JOIN,t_proveedor,AtlantesBE-main/AtlantesBE-main/app/routes/embarques.php,144
JOIN,t_prestador,AtlantesBE-main/AtlantesBE-main/app/routes/embarques.php,145
JOIN,t_agentecarga,AtlantesBE-main/AtlantesBE-main/app/routes/embarques.php,146
JOIN,t_ciudad,AtlantesBE-main/AtlantesBE-main/app/routes/embarques.php,147
JOIN,t_ciudad,AtlantesBE-main/AtlantesBE-main/app/routes/embarques.php,148
JOIN,t_incoterms,AtlantesBE-main/AtlantesBE-main/app/routes/embarques.php,149
JOIN,t_concepto,AtlantesBE-main/AtlantesBE-main/app/routes/embarques.php,165
JOIN,t_divisa,AtlantesBE-main/AtlantesBE-main/app/routes/embarques.php,166
JOIN,t_tipoevento,AtlantesBE-main/AtlantesBE-main/app/routes/embarques.php,191
JOIN,t_contemplacion,AtlantesBE-main/AtlantesBE-main/app/routes/embarques.php,212
JOIN,t_consideraciones,AtlantesBE-main/AtlantesBE-main/app/routes/embarques.php,231
UPDATE,t_cotizacion,AtlantesBE-main/AtlantesBE-main/app/routes/embarques.php,333
UPDATE,t_eventocotizacion,AtlantesBE-main/AtlantesBE-main/app/routes/embarques.php,354
INSERT,t_eventocotizacion,AtlantesBE-main/AtlantesBE-main/app/routes/embarques.php,361
SELECT,t_eventocotizacion,AtlantesBE-main/AtlantesBE-main/app/routes/embarques.php,375
DELETE,t_eventocotizacion,AtlantesBE-main/AtlantesBE-main/app/routes/embarques.php,375
UPDATE,t_costocotizacion,AtlantesBE-main/AtlantesBE-main/app/routes/embarques.php,382
INSERT,t_costocotizacion,AtlantesBE-main/AtlantesBE-main/app/routes/embarques.php,391
SELECT,t_costocotizacion,AtlantesBE-main/AtlantesBE-main/app/routes/embarques.php,405
DELETE,t_costocotizacion,AtlantesBE-main/AtlantesBE-main/app/routes/embarques.php,405
UPDATE,t_cotizacioncontemplacion,AtlantesBE-main/AtlantesBE-main/app/routes/embarques.php,426
INSERT,t_cotizacioncontemplacion,AtlantesBE-main/AtlantesBE-main/app/routes/embarques.php,428
SELECT,t_cotizacioncontemplacion,AtlantesBE-main/AtlantesBE-main/app/routes/embarques.php,435
DELETE,t_cotizacioncontemplacion,AtlantesBE-main/AtlantesBE-main/app/routes/embarques.php,435
INSERT,t_cotizacionconsideraciones,AtlantesBE-main/AtlantesBE-main/app/routes/embarques.php,457
SELECT,t_cotizacionconsideraciones,AtlantesBE-main/AtlantesBE-main/app/routes/embarques.php,464
DELETE,t_cotizacionconsideraciones,AtlantesBE-main/AtlantesBE-main/app/routes/embarques.php,464
INSERT,t_embarque,AtlantesBE-main/AtlantesBE-main/app/routes/embarques.php,558
SELECT,t_importacion_exportacion,AtlantesBE-main/AtlantesBE-main/app/routes/embarques.php,559
SELECT,t_tipoembarque,AtlantesBE-main/AtlantesBE-main/app/routes/embarques.php,559
SELECT,t_embarque,AtlantesBE-main/AtlantesBE-main/app/routes/embarques.php,559
SELECT,t_embarque,AtlantesBE-main/AtlantesBE-main/app/routes/embarques.php,559
SELECT,t_clientedireccion,AtlantesBE-main/AtlantesBE-main/app/routes/embarques.php,559
SELECT,t_cotizacion,AtlantesBE-main/AtlantesBE-main/app/routes/embarques.php,559
INSERT,t_costo,AtlantesBE-main/AtlantesBE-main/app/routes/embarques.php,562
SELECT,t_costocotizacion,AtlantesBE-main/AtlantesBE-main/app/routes/embarques.php,563
INSERT,t_cargo,AtlantesBE-main/AtlantesBE-main/app/routes/embarques.php,567
JOIN,t_concepto,AtlantesBE-main/AtlantesBE-main/app/routes/embarques.php,575
INSERT,t_evento,AtlantesBE-main/AtlantesBE-main/app/routes/embarques.php,578
SELECT,t_eventocotizacion,AtlantesBE-main/AtlantesBE-main/app/routes/embarques.php,579
UPDATE,t_cotizacion,AtlantesBE-main/AtlantesBE-main/app/routes/embarques.php,581
INSERT,tmp_valorcargado,AtlantesBE-main/AtlantesBE-main/app/routes/embarques.php,641
JOIN,t_embarque,AtlantesBE-main/AtlantesBE-main/app/routes/embarques.php,647
JOIN,t_factura,AtlantesBE-main/AtlantesBE-main/app/routes/embarques.php,648
JOIN,t_notadebito,AtlantesBE-main/AtlantesBE-main/app/routes/embarques.php,649
JOIN,t_tipocambio,AtlantesBE-main/AtlantesBE-main/app/routes/embarques.php,650
INSERT,tmp_valorcosteado,AtlantesBE-main/AtlantesBE-main/app/routes/embarques.php,664
JOIN,t_facturapago,AtlantesBE-main/AtlantesBE-main/app/routes/embarques.php,670
JOIN,t_embarque,AtlantesBE-main/AtlantesBE-main/app/routes/embarques.php,671
JOIN,t_tipocambio,AtlantesBE-main/AtlantesBE-main/app/routes/embarques.php,672
JOIN,t_cliente,AtlantesBE-main/AtlantesBE-main/app/routes/embarques.php,702
JOIN,t_importacion_exportacion,AtlantesBE-main/AtlantesBE-main/app/routes/embarques.php,703
JOIN,t_tipoembarque,AtlantesBE-main/AtlantesBE-main/app/routes/embarques.php,704
JOIN,tmp_valorcargado,AtlantesBE-main/AtlantesBE-main/app/routes/embarques.php,705
JOIN,tmp_valorcosteado,AtlantesBE-main/AtlantesBE-main/app/routes/embarques.php,706
SELECT,t_clientedireccion,AtlantesBE-main/AtlantesBE-main/app/routes/embarques.php,834
INSERT,t_embarque,AtlantesBE-main/AtlantesBE-main/app/routes/embarques.php,863
SELECT,t_importacion_exportacion,AtlantesBE-main/AtlantesBE-main/app/routes/embarques.php,900
JOIN,t_tipoembarque,AtlantesBE-main/AtlantesBE-main/app/routes/embarques.php,901
SELECT,t_embarque,AtlantesBE-main/AtlantesBE-main/app/routes/embarques.php,906
INSERT,t_embarque,AtlantesBE-main/AtlantesBE-main/app/routes/embarques.php,1020
SELECT,t_importacion_exportacion,AtlantesBE-main/AtlantesBE-main/app/routes/embarques.php,1024
SELECT,t_tipoembarque,AtlantesBE-main/AtlantesBE-main/app/routes/embarques.php,1024
SELECT,t_embarque,AtlantesBE-main/AtlantesBE-main/app/routes/embarques.php,1024
SELECT,t_embarque,AtlantesBE-main/AtlantesBE-main/app/routes/embarques.php,1025
INSERT,t_costo,AtlantesBE-main/AtlantesBE-main/app/routes/embarques.php,1067
SELECT,t_costo,AtlantesBE-main/AtlantesBE-main/app/routes/embarques.php,1068
INSERT,t_cargo,AtlantesBE-main/AtlantesBE-main/app/routes/embarques.php,1069
SELECT,t_cargo,AtlantesBE-main/AtlantesBE-main/app/routes/embarques.php,1070
JOIN,t_cliente,AtlantesBE-main/AtlantesBE-main/app/routes/embarques.php,1163
JOIN,t_importacion_exportacion,AtlantesBE-main/AtlantesBE-main/app/routes/embarques.php,1164
JOIN,t_tipoembarque,AtlantesBE-main/AtlantesBE-main/app/routes/embarques.php,1165
JOIN,t_usuario,AtlantesBE-main/AtlantesBE-main/app/routes/embarques.php,1166
JOIN,t_tipoevento,AtlantesBE-main/AtlantesBE-main/app/routes/embarques.php,1189
JOIN,t_usuario,AtlantesBE-main/AtlantesBE-main/app/routes/embarques.php,1190
JOIN,t_eventodescripcion,AtlantesBE-main/AtlantesBE-main/app/routes/embarques.php,1191
SELECT,t_correosembarque,AtlantesBE-main/AtlantesBE-main/app/routes/embarques.php,1214
UPDATE,t_embarque,AtlantesBE-main/AtlantesBE-main/app/routes/embarques.php,1517
UPDATE,t_embarque,AtlantesBE-main/AtlantesBE-main/app/routes/embarques.php,1605
UPDATE,t_embarque,AtlantesBE-main/AtlantesBE-main/app/routes/embarques.php,1661
UPDATE,t_cargo,AtlantesBE-main/AtlantesBE-main/app/routes/embarques.php,1724
JOIN,t_embarque,AtlantesBE-main/AtlantesBE-main/app/routes/embarques.php,1743
JOIN,t_tipocambio,AtlantesBE-main/AtlantesBE-main/app/routes/embarques.php,1744
JOIN,t_tipocambio,AtlantesBE-main/AtlantesBE-main/app/routes/embarques.php,1745
INSERT,t_cargo,AtlantesBE-main/AtlantesBE-main/app/routes/embarques.php,1750
JOIN,t_embarque,AtlantesBE-main/AtlantesBE-main/app/routes/embarques.php,1760
JOIN,t_tipocambio,AtlantesBE-main/AtlantesBE-main/app/routes/embarques.php,1761
JOIN,t_tipocambio,AtlantesBE-main/AtlantesBE-main/app/routes/embarques.php,1762
SELECT,t_cargo,AtlantesBE-main/AtlantesBE-main/app/routes/embarques.php,1782
DELETE,t_cargo,AtlantesBE-main/AtlantesBE-main/app/routes/embarques.php,1782
JOIN,t_embarque,AtlantesBE-main/AtlantesBE-main/app/routes/embarques.php,1853
SELECT,t_embarque,AtlantesBE-main/AtlantesBE-main/app/routes/embarques.php,1858
JOIN,t_ciudad,AtlantesBE-main/AtlantesBE-main/app/routes/embarques.php,1858
JOIN,t_tipocarga,AtlantesBE-main/AtlantesBE-main/app/routes/embarques.php,1863
JOIN,t_embarque,AtlantesBE-main/AtlantesBE-main/app/routes/embarques.php,1882
UPDATE,t_costo,AtlantesBE-main/AtlantesBE-main/app/routes/embarques.php,1938
JOIN,t_embarque,AtlantesBE-main/AtlantesBE-main/app/routes/embarques.php,1958
JOIN,t_tipocambio,AtlantesBE-main/AtlantesBE-main/app/routes/embarques.php,1959
JOIN,t_tipocambio,AtlantesBE-main/AtlantesBE-main/app/routes/embarques.php,1960
INSERT,t_costo,AtlantesBE-main/AtlantesBE-main/app/routes/embarques.php,1965
JOIN,t_embarque,AtlantesBE-main/AtlantesBE-main/app/routes/embarques.php,1975
JOIN,t_tipocambio,AtlantesBE-main/AtlantesBE-main/app/routes/embarques.php,1976
JOIN,t_tipocambio,AtlantesBE-main/AtlantesBE-main/app/routes/embarques.php,1977
SELECT,t_costo,AtlantesBE-main/AtlantesBE-main/app/routes/embarques.php,1995
DELETE,t_costo,AtlantesBE-main/AtlantesBE-main/app/routes/embarques.php,1995
UPDATE,t_cargo,AtlantesBE-main/AtlantesBE-main/app/routes/embarques.php,2066
JOIN,t_embarque,AtlantesBE-main/AtlantesBE-main/app/routes/embarques.php,2085
JOIN,t_tipocambio,AtlantesBE-main/AtlantesBE-main/app/routes/embarques.php,2086
JOIN,t_tipocambio,AtlantesBE-main/AtlantesBE-main/app/routes/embarques.php,2087
INSERT,t_cargo,AtlantesBE-main/AtlantesBE-main/app/routes/embarques.php,2092
JOIN,t_embarque,AtlantesBE-main/AtlantesBE-main/app/routes/embarques.php,2102
JOIN,t_tipocambio,AtlantesBE-main/AtlantesBE-main/app/routes/embarques.php,2103
JOIN,t_tipocambio,AtlantesBE-main/AtlantesBE-main/app/routes/embarques.php,2104
SELECT,t_cargo,AtlantesBE-main/AtlantesBE-main/app/routes/embarques.php,2122
DELETE,t_cargo,AtlantesBE-main/AtlantesBE-main/app/routes/embarques.php,2122
UPDATE,t_costo,AtlantesBE-main/AtlantesBE-main/app/routes/embarques.php,2130
JOIN,t_embarque,AtlantesBE-main/AtlantesBE-main/app/routes/embarques.php,2149
JOIN,t_tipocambio,AtlantesBE-main/AtlantesBE-main/app/routes/embarques.php,2150
JOIN,t_tipocambio,AtlantesBE-main/AtlantesBE-main/app/routes/embarques.php,2151
INSERT,t_costo,AtlantesBE-main/AtlantesBE-main/app/routes/embarques.php,2156
JOIN,t_embarque,AtlantesBE-main/AtlantesBE-main/app/routes/embarques.php,2166
JOIN,t_tipocambio,AtlantesBE-main/AtlantesBE-main/app/routes/embarques.php,2167
JOIN,t_tipocambio,AtlantesBE-main/AtlantesBE-main/app/routes/embarques.php,2168
SELECT,t_costo,AtlantesBE-main/AtlantesBE-main/app/routes/embarques.php,2186
DELETE,t_costo,AtlantesBE-main/AtlantesBE-main/app/routes/embarques.php,2186
UPDATE,t_evento,AtlantesBE-main/AtlantesBE-main/app/routes/embarques.php,2314
INSERT,t_evento,AtlantesBE-main/AtlantesBE-main/app/routes/embarques.php,2330
SELECT,t_evento,AtlantesBE-main/AtlantesBE-main/app/routes/embarques.php,2474
SELECT,t_evento,AtlantesBE-main/AtlantesBE-main/app/routes/embarques.php,2486
DELETE,t_evento,AtlantesBE-main/AtlantesBE-main/app/routes/embarques.php,2486
UPDATE,t_correosembarque,AtlantesBE-main/AtlantesBE-main/app/routes/embarques.php,2526
INSERT,t_correosembarque,AtlantesBE-main/AtlantesBE-main/app/routes/embarques.php,2535
SELECT,t_correosembarque,AtlantesBE-main/AtlantesBE-main/app/routes/embarques.php,2614
SELECT,t_correosembarque,AtlantesBE-main/AtlantesBE-main/app/routes/embarques.php,2625
DELETE,t_correosembarque,AtlantesBE-main/AtlantesBE-main/app/routes/embarques.php,2625
JOIN,t_cliente,AtlantesBE-main/AtlantesBE-main/app/routes/embarques.php,2723
JOIN,t_tipoevento,AtlantesBE-main/AtlantesBE-main/app/routes/embarques.php,2749
JOIN,t_eventodescripcion,AtlantesBE-main/AtlantesBE-main/app/routes/embarques.php,2750
UPDATE,t_evento,AtlantesBE-main/AtlantesBE-main/app/routes/embarques.php,2787
UPDATE,t_embarque,AtlantesBE-main/AtlantesBE-main/app/routes/embarques.php,2812
INSERT,tmp_valorcargado,AtlantesBE-main/AtlantesBE-main/app/routes/embarques.php,2940
JOIN,t_embarque,AtlantesBE-main/AtlantesBE-main/app/routes/embarques.php,2946
JOIN,t_factura,AtlantesBE-main/AtlantesBE-main/app/routes/embarques.php,2947
JOIN,t_notadebito,AtlantesBE-main/AtlantesBE-main/app/routes/embarques.php,2948
JOIN,t_tipocambio,AtlantesBE-main/AtlantesBE-main/app/routes/embarques.php,2949
INSERT,tmp_valorcosteado,AtlantesBE-main/AtlantesBE-main/app/routes/embarques.php,2959
JOIN,t_facturapago,AtlantesBE-main/AtlantesBE-main/app/routes/embarques.php,2965
JOIN,t_embarque,AtlantesBE-main/AtlantesBE-main/app/routes/embarques.php,2966
JOIN,t_tipocambio,AtlantesBE-main/AtlantesBE-main/app/routes/embarques.php,2967
JOIN,t_cliente,AtlantesBE-main/AtlantesBE-main/app/routes/embarques.php,2992
JOIN,t_importacion_exportacion,AtlantesBE-main/AtlantesBE-main/app/routes/embarques.php,2993
JOIN,t_tipoembarque,AtlantesBE-main/AtlantesBE-main/app/routes/embarques.php,2994
JOIN,tmp_valorcargado,AtlantesBE-main/AtlantesBE-main/app/routes/embarques.php,2995
JOIN,tmp_valorcosteado,AtlantesBE-main/AtlantesBE-main/app/routes/embarques.php,2996
JOIN,t_concepto,AtlantesBE-main/AtlantesBE-main/app/routes/embarques.php,3077
JOIN,t_divisa,AtlantesBE-main/AtlantesBE-main/app/routes/embarques.php,3078
JOIN,t_factura,AtlantesBE-main/AtlantesBE-main/app/routes/embarques.php,3079
JOIN,t_notadebito,AtlantesBE-main/AtlantesBE-main/app/routes/embarques.php,3080
JOIN,t_embarque,AtlantesBE-main/AtlantesBE-main/app/routes/embarques.php,3081
JOIN,t_tipocambio,AtlantesBE-main/AtlantesBE-main/app/routes/embarques.php,3082
JOIN,t_tipocambio,AtlantesBE-main/AtlantesBE-main/app/routes/embarques.php,3083
JOIN,v_entidades,AtlantesBE-main/AtlantesBE-main/app/routes/embarques.php,3084
JOIN,t_destinocargo,AtlantesBE-main/AtlantesBE-main/app/routes/embarques.php,3085
JOIN,t_usuario,AtlantesBE-main/AtlantesBE-main/app/routes/embarques.php,3086
JOIN,t_concepto,AtlantesBE-main/AtlantesBE-main/app/routes/embarques.php,3166
JOIN,t_divisa,AtlantesBE-main/AtlantesBE-main/app/routes/embarques.php,3167
JOIN,t_facturapago,AtlantesBE-main/AtlantesBE-main/app/routes/embarques.php,3168
JOIN,t_embarque,AtlantesBE-main/AtlantesBE-main/app/routes/embarques.php,3169
JOIN,t_tipocambio,AtlantesBE-main/AtlantesBE-main/app/routes/embarques.php,3170
JOIN,t_tipocambio,AtlantesBE-main/AtlantesBE-main/app/routes/embarques.php,3171
JOIN,v_entidades,AtlantesBE-main/AtlantesBE-main/app/routes/embarques.php,3172
JOIN,t_usuario,AtlantesBE-main/AtlantesBE-main/app/routes/embarques.php,3173
JOIN,t_estadofactura,AtlantesBE-main/AtlantesBE-main/app/routes/embarques.php,3228
JOIN,t_estadofactura,AtlantesBE-main/AtlantesBE-main/app/routes/embarques.php,3258
JOIN,t_estadofactura,AtlantesBE-main/AtlantesBE-main/app/routes/embarques.php,3288
JOIN,t_estadofactura,AtlantesBE-main/AtlantesBE-main/app/routes/embarques.php,3317
JOIN,t_tipofacturapago,AtlantesBE-main/AtlantesBE-main/app/routes/embarques.php,3347
JOIN,t_estadofactura,AtlantesBE-main/AtlantesBE-main/app/routes/embarques.php,3348
JOIN,t_estadofactura,AtlantesBE-main/AtlantesBE-main/app/routes/embarques.php,3377
JOIN,t_estadofactura,AtlantesBE-main/AtlantesBE-main/app/routes/embarques.php,3405
SELECT,t_cotizacionconsideraciones,AtlantesBE-main/AtlantesBE-main/app/routes/embarques.php,3445
JOIN,t_cliente,AtlantesBE-main/AtlantesBE-main/app/routes/embarques.php,3469
JOIN,t_usuario,AtlantesBE-main/AtlantesBE-main/app/routes/embarques.php,3470
JOIN,t_tipoembarque,AtlantesBE-main/AtlantesBE-main/app/routes/embarques.php,3471
JOIN,t_ciudad,AtlantesBE-main/AtlantesBE-main/app/routes/embarques.php,3472
JOIN,t_ciudad,AtlantesBE-main/AtlantesBE-main/app/routes/embarques.php,3473
JOIN,t_incoterms,AtlantesBE-main/AtlantesBE-main/app/routes/embarques.php,3474
JOIN,t_divisa,AtlantesBE-main/AtlantesBE-main/app/routes/embarques.php,3475
JOIN,t_empresa,AtlantesBE-main/AtlantesBE-main/app/routes/embarques.php,3476
JOIN,t_concepto,AtlantesBE-main/AtlantesBE-main/app/routes/embarques.php,3593
JOIN,t_cotizacion,AtlantesBE-main/AtlantesBE-main/app/routes/embarques.php,3594
JOIN,t_tipocambio,AtlantesBE-main/AtlantesBE-main/app/routes/embarques.php,3595
JOIN,t_contemplacion,AtlantesBE-main/AtlantesBE-main/app/routes/embarques.php,3637
JOIN,t_contemplacion,AtlantesBE-main/AtlantesBE-main/app/routes/embarques.php,3653
JOIN,t_consideraciones,AtlantesBE-main/AtlantesBE-main/app/routes/embarques.php,3673
JOIN,t_tipoembarque,AtlantesBE-main/AtlantesBE-main/app/routes/embarques.php,3721
JOIN,t_cliente,AtlantesBE-main/AtlantesBE-main/app/routes/embarques.php,3722
JOIN,t_transportista,AtlantesBE-main/AtlantesBE-main/app/routes/embarques.php,3723
JOIN,t_concepto,AtlantesBE-main/AtlantesBE-main/app/routes/embarques.php,3829
JOIN,t_factura,AtlantesBE-main/AtlantesBE-main/app/routes/embarques.php,3830
JOIN,t_notadebito,AtlantesBE-main/AtlantesBE-main/app/routes/embarques.php,3831
JOIN,t_embarque,AtlantesBE-main/AtlantesBE-main/app/routes/embarques.php,3832
JOIN,t_tipocambio,AtlantesBE-main/AtlantesBE-main/app/routes/embarques.php,3833
JOIN,t_cliente,AtlantesBE-main/AtlantesBE-main/app/routes/embarques.php,3894
JOIN,t_ciudad,AtlantesBE-main/AtlantesBE-main/app/routes/embarques.php,3895
JOIN,t_usuario,AtlantesBE-main/AtlantesBE-main/app/routes/embarques.php,3896
JOIN,t_incoterms,AtlantesBE-main/AtlantesBE-main/app/routes/embarques.php,3897
UPDATE,t_empresa,AtlantesBE-main/AtlantesBE-main/app/routes/empresa.php,80
INSERT,tmp_clientedireccion,AtlantesBE-main/AtlantesBE-main/app/routes/entidades.php,18
JOIN,t_cliente,AtlantesBE-main/AtlantesBE-main/app/routes/entidades.php,24
INSERT,tmp_clientecorreosfacturacion,AtlantesBE-main/AtlantesBE-main/app/routes/entidades.php,33
JOIN,t_cliente,AtlantesBE-main/AtlantesBE-main/app/routes/entidades.php,39
JOIN,t_tipoentidad,AtlantesBE-main/AtlantesBE-main/app/routes/entidades.php,61
JOIN,tmp_clientedireccion,AtlantesBE-main/AtlantesBE-main/app/routes/entidades.php,62
JOIN,tmp_clientecorreosfacturacion,AtlantesBE-main/AtlantesBE-main/app/routes/entidades.php,63
INSERT,tmp_proveedordireccion,AtlantesBE-main/AtlantesBE-main/app/routes/entidades.php,87
JOIN,t_proveedor,AtlantesBE-main/AtlantesBE-main/app/routes/entidades.php,93
INSERT,tmp_proveedorcorreosfacturacion,AtlantesBE-main/AtlantesBE-main/app/routes/entidades.php,102
JOIN,t_proveedor,AtlantesBE-main/AtlantesBE-main/app/routes/entidades.php,108
JOIN,t_tipoentidad,AtlantesBE-main/AtlantesBE-main/app/routes/entidades.php,130
JOIN,tmp_proveedordireccion,AtlantesBE-main/AtlantesBE-main/app/routes/entidades.php,131
JOIN,tmp_proveedorcorreosfacturacion,AtlantesBE-main/AtlantesBE-main/app/routes/entidades.php,132
INSERT,tmp_prestadordireccion,AtlantesBE-main/AtlantesBE-main/app/routes/entidades.php,157
JOIN,t_prestador,AtlantesBE-main/AtlantesBE-main/app/routes/entidades.php,163
JOIN,t_tipoentidad,AtlantesBE-main/AtlantesBE-main/app/routes/entidades.php,183
JOIN,tmp_prestadordireccion,AtlantesBE-main/AtlantesBE-main/app/routes/entidades.php,184
INSERT,tmp_transportistadireccion,AtlantesBE-main/AtlantesBE-main/app/routes/entidades.php,208
JOIN,t_transportista,AtlantesBE-main/AtlantesBE-main/app/routes/entidades.php,214
JOIN,t_tipoentidad,AtlantesBE-main/AtlantesBE-main/app/routes/entidades.php,234
JOIN,tmp_transportistadireccion,AtlantesBE-main/AtlantesBE-main/app/routes/entidades.php,235
INSERT,tmp_agentecargadireccion,AtlantesBE-main/AtlantesBE-main/app/routes/entidades.php,259
JOIN,t_agentecarga,AtlantesBE-main/AtlantesBE-main/app/routes/entidades.php,265
INSERT,tmp_agentecargacorreosfacturacion,AtlantesBE-main/AtlantesBE-main/app/routes/entidades.php,274
JOIN,t_agentecarga,AtlantesBE-main/AtlantesBE-main/app/routes/entidades.php,280
JOIN,t_tipoentidad,AtlantesBE-main/AtlantesBE-main/app/routes/entidades.php,301
JOIN,tmp_agentecargadireccion,AtlantesBE-main/AtlantesBE-main/app/routes/entidades.php,302
JOIN,tmp_agentecargacorreosfacturacion,AtlantesBE-main/AtlantesBE-main/app/routes/entidades.php,303
INSERT,tmp_inter_company,AtlantesBE-main/AtlantesBE-main/app/routes/entidades.php,345
JOIN,t_tipoentidad,AtlantesBE-main/AtlantesBE-main/app/routes/entidades.php,379
JOIN,tmp_inter_company,AtlantesBE-main/AtlantesBE-main/app/routes/entidades.php,380
INSERT,tmp_clientedireccion,AtlantesBE-main/AtlantesBE-main/app/routes/entidades.php,420
JOIN,t_cliente,AtlantesBE-main/AtlantesBE-main/app/routes/entidades.php,426
INSERT,tmp_diasvencimiento,AtlantesBE-main/AtlantesBE-main/app/routes/entidades.php,435
JOIN,t_cliente,AtlantesBE-main/AtlantesBE-main/app/routes/entidades.php,441
INSERT,tmp_correosfacturacion,AtlantesBE-main/AtlantesBE-main/app/routes/entidades.php,450
JOIN,t_cliente,AtlantesBE-main/AtlantesBE-main/app/routes/entidades.php,456
INSERT,tmp_gestionlogistica,AtlantesBE-main/AtlantesBE-main/app/routes/entidades.php,465
JOIN,t_mediotransporte,AtlantesBE-main/AtlantesBE-main/app/routes/entidades.php,471
JOIN,t_tipocarga,AtlantesBE-main/AtlantesBE-main/app/routes/entidades.php,472
JOIN,t_aduana,AtlantesBE-main/AtlantesBE-main/app/routes/entidades.php,473
JOIN,t_ciudad,AtlantesBE-main/AtlantesBE-main/app/routes/entidades.php,474
JOIN,t_temperatura,AtlantesBE-main/AtlantesBE-main/app/routes/entidades.php,475
JOIN,t_horario,AtlantesBE-main/AtlantesBE-main/app/routes/entidades.php,476
JOIN,t_cliente,AtlantesBE-main/AtlantesBE-main/app/routes/entidades.php,477
INSERT,tmp_serviciologistico,AtlantesBE-main/AtlantesBE-main/app/routes/entidades.php,488
JOIN,t_concepto,AtlantesBE-main/AtlantesBE-main/app/routes/entidades.php,494
JOIN,t_divisa,AtlantesBE-main/AtlantesBE-main/app/routes/entidades.php,495
JOIN,t_cliente,AtlantesBE-main/AtlantesBE-main/app/routes/entidades.php,496
INSERT,tmp_metodotimbrado,AtlantesBE-main/AtlantesBE-main/app/routes/entidades.php,505
JOIN,t_divisa,AtlantesBE-main/AtlantesBE-main/app/routes/entidades.php,511
JOIN,tmp_clientedireccion,AtlantesBE-main/AtlantesBE-main/app/routes/entidades.php,562
JOIN,tmp_diasvencimiento,AtlantesBE-main/AtlantesBE-main/app/routes/entidades.php,563
JOIN,tmp_correosfacturacion,AtlantesBE-main/AtlantesBE-main/app/routes/entidades.php,564
JOIN,tmp_gestionlogistica,AtlantesBE-main/AtlantesBE-main/app/routes/entidades.php,565
JOIN,tmp_serviciologistico,AtlantesBE-main/AtlantesBE-main/app/routes/entidades.php,566
JOIN,tmp_metodotimbrado,AtlantesBE-main/AtlantesBE-main/app/routes/entidades.php,567
INSERT,t_cliente,AtlantesBE-main/AtlantesBE-main/app/routes/entidades.php,855
INSERT,t_clientedireccion,AtlantesBE-main/AtlantesBE-main/app/routes/entidades.php,1005
INSERT,t_clientediasvencimiento,AtlantesBE-main/AtlantesBE-main/app/routes/entidades.php,1055
INSERT,t_clientecorreofacturacion,AtlantesBE-main/AtlantesBE-main/app/routes/entidades.php,1096
INSERT,t_clienteserviciologistico,AtlantesBE-main/AtlantesBE-main/app/routes/entidades.php,1140
INSERT,t_clientegestionlogistica,AtlantesBE-main/AtlantesBE-main/app/routes/entidades.php,1196
INSERT,t_cleintemetodotimbrado,AtlantesBE-main/AtlantesBE-main/app/routes/entidades.php,1273
UPDATE,t_cliente,AtlantesBE-main/AtlantesBE-main/app/routes/entidades.php,1493
UPDATE,t_clientedireccion,AtlantesBE-main/AtlantesBE-main/app/routes/entidades.php,1598
INSERT,t_clientedireccion,AtlantesBE-main/AtlantesBE-main/app/routes/entidades.php,1610
SELECT,t_clientedireccion,AtlantesBE-main/AtlantesBE-main/app/routes/entidades.php,1662
SELECT,t_clientedireccion,AtlantesBE-main/AtlantesBE-main/app/routes/entidades.php,1671
DELETE,t_clientedireccion,AtlantesBE-main/AtlantesBE-main/app/routes/entidades.php,1671
UPDATE,t_clientediasvencimiento,AtlantesBE-main/AtlantesBE-main/app/routes/entidades.php,1709
INSERT,t_clientediasvencimiento,AtlantesBE-main/AtlantesBE-main/app/routes/entidades.php,1718
SELECT,t_clientediasvencimiento,AtlantesBE-main/AtlantesBE-main/app/routes/entidades.php,1761
SELECT,t_clientediasvencimiento,AtlantesBE-main/AtlantesBE-main/app/routes/entidades.php,1770
DELETE,t_clientediasvencimiento,AtlantesBE-main/AtlantesBE-main/app/routes/entidades.php,1770
UPDATE,t_cleintemetodotimbrado,AtlantesBE-main/AtlantesBE-main/app/routes/entidades.php,1808
INSERT,t_cleintemetodotimbrado,AtlantesBE-main/AtlantesBE-main/app/routes/entidades.php,1818
SELECT,t_cleintemetodotimbrado,AtlantesBE-main/AtlantesBE-main/app/routes/entidades.php,1864
SELECT,t_cleintemetodotimbrado,AtlantesBE-main/AtlantesBE-main/app/routes/entidades.php,1873
DELETE,t_cleintemetodotimbrado,AtlantesBE-main/AtlantesBE-main/app/routes/entidades.php,1873
UPDATE,t_clientecorreofacturacion,AtlantesBE-main/AtlantesBE-main/app/routes/entidades.php,1911
INSERT,t_clientecorreofacturacion,AtlantesBE-main/AtlantesBE-main/app/routes/entidades.php,1918
SELECT,t_clientecorreofacturacion,AtlantesBE-main/AtlantesBE-main/app/routes/entidades.php,1963
SELECT,t_clientecorreofacturacion,AtlantesBE-main/AtlantesBE-main/app/routes/entidades.php,1972
DELETE,t_clientecorreofacturacion,AtlantesBE-main/AtlantesBE-main/app/routes/entidades.php,1972
UPDATE,t_clienteserviciologistico,AtlantesBE-main/AtlantesBE-main/app/routes/entidades.php,2010
INSERT,t_clienteserviciologistico,AtlantesBE-main/AtlantesBE-main/app/routes/entidades.php,2021
SELECT,t_clienteserviciologistico,AtlantesBE-main/AtlantesBE-main/app/routes/entidades.php,2078
SELECT,t_clienteserviciologistico,AtlantesBE-main/AtlantesBE-main/app/routes/entidades.php,2087
DELETE,t_clienteserviciologistico,AtlantesBE-main/AtlantesBE-main/app/routes/entidades.php,2087
UPDATE,t_clientegestionlogistica,AtlantesBE-main/AtlantesBE-main/app/routes/entidades.php,2125
INSERT,t_clientegestionlogistica,AtlantesBE-main/AtlantesBE-main/app/routes/entidades.php,2145
SELECT,t_clientegestionlogistica,AtlantesBE-main/AtlantesBE-main/app/routes/entidades.php,2221
SELECT,t_clientegestionlogistica,AtlantesBE-main/AtlantesBE-main/app/routes/entidades.php,2230
DELETE,t_clientegestionlogistica,AtlantesBE-main/AtlantesBE-main/app/routes/entidades.php,2230
INSERT,tmp_transportistadireccion,AtlantesBE-main/AtlantesBE-main/app/routes/entidades.php,2316
JOIN,t_transportista,AtlantesBE-main/AtlantesBE-main/app/routes/entidades.php,2322
JOIN,tmp_transportistadireccion,AtlantesBE-main/AtlantesBE-main/app/routes/entidades.php,2344
INSERT,t_transportista,AtlantesBE-main/AtlantesBE-main/app/routes/entidades.php,2452
INSERT,t_transportistadireccion,AtlantesBE-main/AtlantesBE-main/app/routes/entidades.php,2521
UPDATE,t_transportista,AtlantesBE-main/AtlantesBE-main/app/routes/entidades.php,2696
UPDATE,t_transportistadireccion,AtlantesBE-main/AtlantesBE-main/app/routes/entidades.php,2747
INSERT,t_transportistadireccion,AtlantesBE-main/AtlantesBE-main/app/routes/entidades.php,2759
SELECT,t_transportistadireccion,AtlantesBE-main/AtlantesBE-main/app/routes/entidades.php,2837
SELECT,t_transportistadireccion,AtlantesBE-main/AtlantesBE-main/app/routes/entidades.php,2847
DELETE,t_transportistadireccion,AtlantesBE-main/AtlantesBE-main/app/routes/entidades.php,2847
INSERT,tmp_agentecargadireccion,AtlantesBE-main/AtlantesBE-main/app/routes/entidades.php,2935
JOIN,t_agentecarga,AtlantesBE-main/AtlantesBE-main/app/routes/entidades.php,2941
INSERT,tmp_correosfacturacion,AtlantesBE-main/AtlantesBE-main/app/routes/entidades.php,2950
JOIN,t_agentecarga,AtlantesBE-main/AtlantesBE-main/app/routes/entidades.php,2956
JOIN,tmp_agentecargadireccion,AtlantesBE-main/AtlantesBE-main/app/routes/entidades.php,2981
JOIN,tmp_correosfacturacion,AtlantesBE-main/AtlantesBE-main/app/routes/entidades.php,2982
INSERT,t_agentecarga,AtlantesBE-main/AtlantesBE-main/app/routes/entidades.php,3105
INSERT,t_agentecargadireccion,AtlantesBE-main/AtlantesBE-main/app/routes/entidades.php,3183
INSERT,t_agentecargacorreofacturacion,AtlantesBE-main/AtlantesBE-main/app/routes/entidades.php,3235
UPDATE,t_agentecarga,AtlantesBE-main/AtlantesBE-main/app/routes/entidades.php,3394
UPDATE,t_agentecargadireccion,AtlantesBE-main/AtlantesBE-main/app/routes/entidades.php,3449
INSERT,t_agentecargadireccion,AtlantesBE-main/AtlantesBE-main/app/routes/entidades.php,3461
SELECT,t_agentecargadireccion,AtlantesBE-main/AtlantesBE-main/app/routes/entidades.php,3534
SELECT,t_agentecargadireccion,AtlantesBE-main/AtlantesBE-main/app/routes/entidades.php,3544
DELETE,t_agentecargadireccion,AtlantesBE-main/AtlantesBE-main/app/routes/entidades.php,3544
UPDATE,t_agentecargacorreofacturacion,AtlantesBE-main/AtlantesBE-main/app/routes/entidades.php,3585
INSERT,t_agentecargacorreofacturacion,AtlantesBE-main/AtlantesBE-main/app/routes/entidades.php,3594
SELECT,t_agentecargacorreofacturacion,AtlantesBE-main/AtlantesBE-main/app/routes/entidades.php,3664
SELECT,t_agentecargacorreofacturacion,AtlantesBE-main/AtlantesBE-main/app/routes/entidades.php,3674
DELETE,t_agentecargacorreofacturacion,AtlantesBE-main/AtlantesBE-main/app/routes/entidades.php,3674
INSERT,tmp_proveedordireccion,AtlantesBE-main/AtlantesBE-main/app/routes/entidades.php,3763
JOIN,t_proveedor,AtlantesBE-main/AtlantesBE-main/app/routes/entidades.php,3769
INSERT,tmp_correosfacturacion,AtlantesBE-main/AtlantesBE-main/app/routes/entidades.php,3778
JOIN,t_proveedor,AtlantesBE-main/AtlantesBE-main/app/routes/entidades.php,3784
JOIN,tmp_proveedordireccion,AtlantesBE-main/AtlantesBE-main/app/routes/entidades.php,3809
JOIN,tmp_correosfacturacion,AtlantesBE-main/AtlantesBE-main/app/routes/entidades.php,3810
INSERT,t_proveedor,AtlantesBE-main/AtlantesBE-main/app/routes/entidades.php,3952
INSERT,t_proveedordireccion,AtlantesBE-main/AtlantesBE-main/app/routes/entidades.php,4030
INSERT,t_proveedorcorreofacturacion,AtlantesBE-main/AtlantesBE-main/app/routes/entidades.php,4082
UPDATE,t_proveedor,AtlantesBE-main/AtlantesBE-main/app/routes/entidades.php,4259
UPDATE,t_proveedordireccion,AtlantesBE-main/AtlantesBE-main/app/routes/entidades.php,4316
INSERT,t_proveedordireccion,AtlantesBE-main/AtlantesBE-main/app/routes/entidades.php,4328
SELECT,t_proveedordireccion,AtlantesBE-main/AtlantesBE-main/app/routes/entidades.php,4406
SELECT,t_proveedordireccion,AtlantesBE-main/AtlantesBE-main/app/routes/entidades.php,4416
DELETE,t_proveedordireccion,AtlantesBE-main/AtlantesBE-main/app/routes/entidades.php,4416
UPDATE,t_proveedorcorreofacturacion,AtlantesBE-main/AtlantesBE-main/app/routes/entidades.php,4457
INSERT,t_proveedorcorreofacturacion,AtlantesBE-main/AtlantesBE-main/app/routes/entidades.php,4466
SELECT,t_proveedorcorreofacturacion,AtlantesBE-main/AtlantesBE-main/app/routes/entidades.php,4534
SELECT,t_proveedorcorreofacturacion,AtlantesBE-main/AtlantesBE-main/app/routes/entidades.php,4544
DELETE,t_proveedorcorreofacturacion,AtlantesBE-main/AtlantesBE-main/app/routes/entidades.php,4544
INSERT,tmp_prestadordireccion,AtlantesBE-main/AtlantesBE-main/app/routes/entidades.php,4633
JOIN,t_prestador,AtlantesBE-main/AtlantesBE-main/app/routes/entidades.php,4639
JOIN,tmp_prestadordireccion,AtlantesBE-main/AtlantesBE-main/app/routes/entidades.php,4660
INSERT,t_prestador,AtlantesBE-main/AtlantesBE-main/app/routes/entidades.php,4768
INSERT,t_prestadordireccion,AtlantesBE-main/AtlantesBE-main/app/routes/entidades.php,4837
UPDATE,t_prestador,AtlantesBE-main/AtlantesBE-main/app/routes/entidades.php,5012
UPDATE,t_prestadordireccion,AtlantesBE-main/AtlantesBE-main/app/routes/entidades.php,5063
INSERT,t_prestadordireccion,AtlantesBE-main/AtlantesBE-main/app/routes/entidades.php,5075
SELECT,t_prestadordireccion,AtlantesBE-main/AtlantesBE-main/app/routes/entidades.php,5153
SELECT,t_prestadordireccion,AtlantesBE-main/AtlantesBE-main/app/routes/entidades.php,5163
DELETE,t_prestadordireccion,AtlantesBE-main/AtlantesBE-main/app/routes/entidades.php,5163
JOIN,t_empresa,AtlantesBE-main/AtlantesBE-main/app/routes/usuarios.php,62
JOIN,t_ciudad,AtlantesBE-main/AtlantesBE-main/app/routes/usuarios.php,63
SELECT,t_usuario,AtlantesBE-main/AtlantesBE-main/app/routes/usuarios.php,171
UPDATE,t_codigosrecuperarcontrasena,AtlantesBE-main/AtlantesBE-main/app/routes/usuarios.php,180
INSERT,t_codigosrecuperarcontrasena,AtlantesBE-main/AtlantesBE-main/app/routes/usuarios.php,181
SELECT,t_codigosrecuperarcontrasena,AtlantesBE-main/AtlantesBE-main/app/routes/usuarios.php,267
UPDATE,t_usuario,AtlantesBE-main/AtlantesBE-main/app/routes/usuarios.php,331
JOIN,t_codigosrecuperarcontrasena,AtlantesBE-main/AtlantesBE-main/app/routes/usuarios.php,332
UPDATE,t_usuario,AtlantesBE-main/AtlantesBE-main/app/routes/usuarios.php,427
SELECT,t_usuario,AtlantesBE-main/AtlantesBE-main/app/routes/usuarios.php,508
JOIN,t_ciudad,AtlantesBE-main/AtlantesBE-main/app/routes/usuarios.php,581
JOIN,t_almacen,AtlantesBE-main/AtlantesBE-main/app/routes/usuarios.php,582
JOIN,t_tipousuario,AtlantesBE-main/AtlantesBE-main/app/routes/usuarios.php,583
JOIN,t_empresa,AtlantesBE-main/AtlantesBE-main/app/routes/usuarios.php,584
JOIN,t_ciudad,AtlantesBE-main/AtlantesBE-main/app/routes/usuarios.php,647
JOIN,t_almacen,AtlantesBE-main/AtlantesBE-main/app/routes/usuarios.php,648
JOIN,t_tipousuario,AtlantesBE-main/AtlantesBE-main/app/routes/usuarios.php,649
JOIN,t_empresa,AtlantesBE-main/AtlantesBE-main/app/routes/usuarios.php,650
JOIN,t_columnas_moverdividir,AtlantesBE-main/AtlantesBE-main/app/routes/usuarios.php,664
JOIN,t_columnas_pedido,AtlantesBE-main/AtlantesBE-main/app/routes/usuarios.php,684
JOIN,t_ciudad,AtlantesBE-main/AtlantesBE-main/app/routes/usuarios.php,705
JOIN,t_usuario_almacenes,AtlantesBE-main/AtlantesBE-main/app/routes/usuarios.php,706
SELECT,t_tipousuario,AtlantesBE-main/AtlantesBE-main/app/routes/usuarios.php,753
SELECT,t_usuario,AtlantesBE-main/AtlantesBE-main/app/routes/usuarios.php,774
SELECT,t_usuario,AtlantesBE-main/AtlantesBE-main/app/routes/usuarios.php,820
SELECT,t_usuario,AtlantesBE-main/AtlantesBE-main/app/routes/usuarios.php,830
INSERT,t_usuario,AtlantesBE-main/AtlantesBE-main/app/routes/usuarios.php,839
SELECT,t_usuario,AtlantesBE-main/AtlantesBE-main/app/routes/usuarios.php,935
UPDATE,t_usuario,AtlantesBE-main/AtlantesBE-main/app/routes/usuarios.php,945
SELECT,t_usuario,AtlantesBE-main/AtlantesBE-main/app/routes/usuarios.php,1007
UPDATE,t_usuario,AtlantesBE-main/AtlantesBE-main/app/routes/usuarios.php,1016
UPDATE,t_usuario,AtlantesBE-main/AtlantesBE-main/app/routes/usuarios.php,1080
SELECT,t_usuario_columnas_moverdividir,AtlantesBE-main/AtlantesBE-main/app/routes/usuarios.php,1165
INSERT,t_usuario_columnas_moverdividir,AtlantesBE-main/AtlantesBE-main/app/routes/usuarios.php,1225
SELECT,t_usuario_columnas_moverdividir,AtlantesBE-main/AtlantesBE-main/app/routes/usuarios.php,1237
DELETE,t_usuario_columnas_moverdividir,AtlantesBE-main/AtlantesBE-main/app/routes/usuarios.php,1237
JOIN,t_almacen,AtlantesBE-main/AtlantesBE-main/app/routes/usuarios.php,1354
JOIN,t_almacen,AtlantesBE-main/AtlantesBE-main/app/routes/usuarios.php,1364
SELECT,t_usuario_columnas_pedido,AtlantesBE-main/AtlantesBE-main/app/routes/usuarios.php,1438
INSERT,t_usuario_columnas_pedido,AtlantesBE-main/AtlantesBE-main/app/routes/usuarios.php,1498
SELECT,t_usuario_columnas_pedido,AtlantesBE-main/AtlantesBE-main/app/routes/usuarios.php,1510
DELETE,t_usuario_columnas_pedido,AtlantesBE-main/AtlantesBE-main/app/routes/usuarios.php,1510
SELECT,t_usuariomodulo,AtlantesBE-main/AtlantesBE-main/app/routes/usuarios.php,1723
INSERT,t_usuariomodulo,AtlantesBE-main/AtlantesBE-main/app/routes/usuarios.php,1729
UPDATE,t_usuariomodulo,AtlantesBE-main/AtlantesBE-main/app/routes/usuarios.php,1732
SELECT,t_usuariomodulo,AtlantesBE-main/AtlantesBE-main/app/routes/usuarios.php,1740
SELECT,t_usuariomodulo,AtlantesBE-main/AtlantesBE-main/app/routes/usuarios.php,1745
DELETE,t_usuariomodulo,AtlantesBE-main/AtlantesBE-main/app/routes/usuarios.php,1745
SELECT,t_usuario_almacenes,AtlantesBE-main/AtlantesBE-main/app/routes/usuarios.php,1758
INSERT,t_usuario_almacenes,AtlantesBE-main/AtlantesBE-main/app/routes/usuarios.php,1763
SELECT,t_usuario_almacenes,AtlantesBE-main/AtlantesBE-main/app/routes/usuarios.php,1767
SELECT,t_usuario_almacenes,AtlantesBE-main/AtlantesBE-main/app/routes/usuarios.php,1772
DELETE,t_usuario_almacenes,AtlantesBE-main/AtlantesBE-main/app/routes/usuarios.php,1772
SELECT,t_timeszones,AtlantesBE-main/AtlantesBE-main/app/services/DateTimeService.php,137
SELECT,t_ciudad,AtlantesBE-main/AtlantesBE-main/app/services/DateTimeService.php,200
SELECT,t_almacen,AtlantesBE-main/AtlantesBE-main/app/services/DateTimeService.php,231
JOIN,t_ciudad,AtlantesBE-main/AtlantesBE-main/app/services/DateTimeService.php,232
SELECT,the,AtlantesBE-main/AtlantesBE-main/lib/phpqrcode/bindings/tcpdf/qrcode.php,41
SELECT,1,AtlantesBE-main/AtlantesBE-main/lib/phpqrcode/bindings/tcpdf/qrcode.php,164
SELECT,1,AtlantesBE-main/AtlantesBE-main/lib/phpqrcode/bindings/tcpdf/qrcode.php,317
SELECT,the,AtlantesBE-main/AtlantesBE-main/lib/phpqrcode/bindings/tcpdf/qrcode.php,602
SELECT,number,AtlantesBE-main/AtlantesBE-main/lib/phpqrcode/bindings/tcpdf/qrcode.php,2143
SELECT,bytes,AtlantesBE-main/AtlantesBE-main/lib/phpqrcode/bindings/tcpdf/qrcode.php,2163
SELECT,number,AtlantesBE-main/AtlantesBE-main/lib/phpqrcode/bindings/tcpdf/qrcode.php,2203
SELECT,bytes,AtlantesBE-main/AtlantesBE-main/lib/phpqrcode/bindings/tcpdf/qrcode.php,2218
SELECT,its,AtlantesBE-main/AtlantesBE-main/lib/phpqrcode/bindings/tcpdf/qrcode.php,2796
SELECT,full,AtlantesBE-main/AtlantesBE-main/lib/phpqrcode/phpqrcode.php,7
SELECT,the,AtlantesBE-main/AtlantesBE-main/lib/phpqrcode/phpqrcode.php,568
SELECT,its,AtlantesBE-main/AtlantesBE-main/lib/phpqrcode/phpqrcode.php,2360
SELECT,its,AtlantesBE-main/AtlantesBE-main/lib/phpqrcode/qrrscode.php,105
SELECT,the,AtlantesBE-main/AtlantesBE-main/lib/phpqrcode/qrspec.php,256
SELECT,full,AtlantesBE-main/AtlantesBE-main/lib/phpqrcode/tools/merged_header.php,7
SELECT,Composer,AtlantesBE-main/AtlantesBE-main/scripts/strip-phpunit-eager-load.php,5
UPDATE,themselves,AtlantesFE-main/AtlantesFE-main/src/polyfills.ts,11
