path,extension,size_bytes,sha256,baseline_origin
.data_base/asgard.sql,.sql,2699239,a0833cde6629ac2d458dad6faaa17df4c61af19401eacad59e4bc4400aa5d1e5,CURRENT_SOURCE
.env-example.php,.php,1959,abc31c2cb2a9fabe46321ff40d293cfd75558424805796cd7e9e273d153341db,CURRENT_SOURCE
.env.php,.php,2638,6859894475e561f828bc33938b766f3fe38e788f7c7be44902b3508fdc8f57d5,CURRENT_SOURCE
.gitignore,[none],501,0cf5bf55d662a636af497d3f31943fbfa3a5527ff17a4038709e4fdd30d0b722,CURRENT_SOURCE
.gitmodules,[none],404,fcc35f953fe7a64c0e4c90b0acc46a3b5f1d827d29b7d62734469bbd9ab1b53a,CURRENT_SOURCE
.htaccess,[none],2656,7df20ae3be5dd76d9bd21f3ef81ec68c19dbb9d401eb94d635b99c5e9223b4e2,CURRENT_SOURCE
.idea/inspectionProfiles/Project_Default.xml,.xml,1065,f354f8e1ddd171c4f7e863fff1198522886e440fc36c443bfbf61ed43d04a94a,CURRENT_SOURCE
.idea/vcs.xml,.xml,458,4485467a83af0607178837745b6daf0a989fa8c4d91e5b3470032b2f5fb3ce54,CURRENT_SOURCE
CHANGELOG.md,.md,6300,3caf741f4bf775d98d0401effc0955fe431735e56305c0b35a1433cdf0ee7100,CURRENT_SOURCE
Dockerfile,[none],409,d679da4d1e17314df20117d94dbeb35342615a2920cadeae0560d612f07abed5,CURRENT_SOURCE
favicon.ico,.ico,261950,d993b714806e0e3034f5ced8e2e7b1d79eb6c49558f3586633de985b0226d6bf,CURRENT_SOURCE
index.php,.php,2711,f3851a4a8cc57f605b6f1aae9dc98df978d0d540c638cda518dd00f52829c7b0,CURRENT_SOURCE
index_archivos/2fa.php,.php,3984,82ee6fa21228c3c2762b8d161ba7a16b68612be0e2e9700a2f7ddd608eb56fdc,CURRENT_SOURCE
index_archivos/2fa/TwoFaClass.php,.php,8311,a34debd11f3a0cf74ab8dd3b78b8f8498e24a023534ac3eb59e9a4622229088e,CURRENT_SOURCE
index_archivos/2fa/ajax/autenticar.php,.php,190,070355f434e076fcb1d7cde7d5a0444f0eed5e8841e32c6b0ae3bc2e93a1dae7,CURRENT_SOURCE
index_archivos/2fa/ajax/reenviar-codigo.php,.php,229,72b4818245b88a3d8de6bf4aabf53a4622ac2ba6f0fd3f6efdfd184d50996d86,CURRENT_SOURCE
index_archivos/2fa/ajax/verificar-codigo.php,.php,213,d3e8fa370c62022a4dd06a00e090d8e71cf05ef48726175deea4d90faa707436,CURRENT_SOURCE
index_archivos/DashboardAlicorp.php,.php,57252,9bc0e6a02376ea46acceb002a176fe482e07a55d373292db90e6a86ffd92969c,CURRENT_SOURCE
index_archivos/DashboardCBN.php,.php,37034,d2cd7c33c4d1a46df04b8fcfa1593ab8af2987c357c3922eae7dca271958b08d,CURRENT_SOURCE
index_archivos/DashboardGenerico.php,.php,28786,1c9cb5118e35fea825f7ca13ef83096fd2440f39da640671e569ee42f36ed4d6,CURRENT_SOURCE
index_archivos/FormatoCargadoDocumentos.xlsx,.xlsx,28812,8fa52824fe5a459b03b4b3384ae5a490e607d692a7a191cdb7066b236674ec25,CURRENT_SOURCE
index_archivos/FormatoCargadoVehiculos.xlsx,.xlsx,14555,6c4914239f313e6e06a278b84fce1583938a2616e0c48748e1b1a8ee5ba8ef67,CURRENT_SOURCE
index_archivos/MANUAL_GENERAL_CLIENTES.pdf,.pdf,5249745,6f433aaa55c0199ebd38658be902ed16db3a3792eaf4aefdd030df4f10b7aa33,CURRENT_SOURCE
index_archivos/MPDF57/CHANGELOG.txt,.txt,135524,6705bee5eb09519c9f26e7e3c57df186126467fa0a05f3394d8f62891ef6631f,CURRENT_SOURCE
index_archivos/MPDF57/CREDITS.txt,.txt,4926,6c06b6a5dbad26dde772103da409c40571d698f89c20e1ef5561b1d4738214f9,CURRENT_SOURCE
index_archivos/MPDF57/FONT INFO.txt,.txt,5629,8f4f8aa7ca57137b2bd971a6655557204564a6ed4266236b389ea1aa47ba967a,CURRENT_SOURCE
index_archivos/MPDF57/LICENSE.txt,.txt,18349,19404e184cf45ec991b54e1e6f05f847ad8f13fee2a51f3a2d9a960c8f7cb26b,CURRENT_SOURCE
index_archivos/MPDF57/README.txt,.txt,7171,f36a5f163964ba97a7dffb248d4c01102641bc22db5678d0e61aa7c906d02291,CURRENT_SOURCE
index_archivos/MPDF57/classes/barcode.php,.php,67017,cb6e32a74d7616489ffeb72b5c0be297ae25b4d16ec2c701c0f934f3211a624b,CURRENT_SOURCE
index_archivos/MPDF57/classes/bmp.php,.php,7883,e60a09fdc42c13117b66e159f22da4aecd9ac979237b2bac3db3fa90ef1d1841,CURRENT_SOURCE
index_archivos/MPDF57/classes/cssmgr.php,.php,65457,5f54595c3d7dd060ad3f46dc361c245492ce98aefdce576d016b6b82b9090756,CURRENT_SOURCE
index_archivos/MPDF57/classes/directw.php,.php,13917,26b8bba58ddddb4069023480c2a03f58e6383fcc1ffab6b968eb9b28b0080b5f,CURRENT_SOURCE
index_archivos/MPDF57/classes/form.php,.php,65820,b3965ede399e8b69108fd1542f03a7cd4d379d42e39b16a82b144368260cfee5,CURRENT_SOURCE
index_archivos/MPDF57/classes/gif.php,.php,16789,f3e4683e288b19b70676e1d6317a466451252bb02c0f16a5251c68211d8f2055,CURRENT_SOURCE
index_archivos/MPDF57/classes/grad.php,.php,32874,9a90f0093247e2526e1769e78b55262d11352543810dac46f2757c1e85aa0dcf,CURRENT_SOURCE
index_archivos/MPDF57/classes/indic.php,.php,25308,ed2d38f23c58807add7730a9760dcee7c224a83bdc7f010a5a3127a95f6c96a4,CURRENT_SOURCE
index_archivos/MPDF57/classes/meter.php,.php,8479,34200e1e74410434554541c76b5e95a054979d7bd8bbb2e9d41092fc62a54cf4,CURRENT_SOURCE
index_archivos/MPDF57/classes/svg.php,.php,94755,cb0d77524b582a3159deaae6a0a009ea8c11ff7b240bd18a0c66e4018b02c4fb,CURRENT_SOURCE
index_archivos/MPDF57/classes/tocontents.php,.php,27101,fa1dfab02bcfca620cab54665a83e5baf8d286e7a373fbc0fc93605b0c2f20cd,CURRENT_SOURCE
index_archivos/MPDF57/classes/ttfontsuni.php,.php,70628,444f2101b9e435df8a371c17cfade4280cd5ffe3e7a6ae2b6f27a1bfaf6fb378,CURRENT_SOURCE
index_archivos/MPDF57/classes/ttfontsuni_analysis.php,.php,16750,8160ff230675a2341da6a5b52994991138b20da4390cdf336dbe55233f1b77d3,CURRENT_SOURCE
index_archivos/MPDF57/classes/wmf.php,.php,6803,105571b228b20c016b7624e4cd3ec72b7a560c018be0f26b21b12c022ab91076,CURRENT_SOURCE
index_archivos/MPDF57/compress.php,.php,5529,77886110970924a4548d841b8eb6e6a21004dda12f167cfcb1d743ad4edba773,CURRENT_SOURCE
index_archivos/MPDF57/config.php,.php,24065,636b4708a374a92ab8f796b115efa1a9a0e0839091077ab37cceb0b12bb13ff6,CURRENT_SOURCE
index_archivos/MPDF57/config_cp.php,.php,4005,796ad5b2beb5eb4faefcea5021ba97375de18cb87b78eaf0bf6b3074145b14d0,CURRENT_SOURCE
index_archivos/MPDF57/config_fonts.php,.php,8820,84e8badd6b8b48e0b995a85eec0e307b35a4484059e7e31ff7bf906d2e94da4c,CURRENT_SOURCE
index_archivos/MPDF57/font/ccourier.php,.php,174,381beb655cdf42dcc5179a522e911b0b21ee00f35a5c08909ae62b3ce1283a79,CURRENT_SOURCE
index_archivos/MPDF57/font/ccourierb.php,.php,175,a4a83bfb64ff2f1562af3f5555c181adca7ab49a87df3ec6c6f420eb71690652,CURRENT_SOURCE
index_archivos/MPDF57/font/ccourierbi.php,.php,174,e8d22cbefcc76f638649b84807406ad0cf647bae2ef648665bbc6700f75dc36f,CURRENT_SOURCE
index_archivos/MPDF57/font/ccourieri.php,.php,174,9c7e3530a86c2faf9e5431e55844abc57cc0313e613ef8dfb4ff874161875ff6,CURRENT_SOURCE
index_archivos/MPDF57/font/chelvetica.php,.php,5007,d974043aeb02e15eb0a75e40b4dbec640f0df6235f20275d02725e89bb542c68,CURRENT_SOURCE
index_archivos/MPDF57/font/chelveticab.php,.php,4974,b9f95979de2ac1900b79d05e81d2e7e58d6cddcfa76d6927419f73ad58a314e9,CURRENT_SOURCE
index_archivos/MPDF57/font/chelveticabi.php,.php,4937,f585c63ace433a7b6bbdbf66c4f9e05a5a98bf2ac2ea715ff3982405ac23b157,CURRENT_SOURCE
index_archivos/MPDF57/font/chelveticai.php,.php,4905,71d568111a0ad1536739605ca43d27919db56f9524144ac46ceee4a6e3423726,CURRENT_SOURCE
index_archivos/MPDF57/font/csymbol.php,.php,3138,450a0e8eaade5bf52193e1cf1b05bcc07430bf40c9ec8b8abe61e135967b5b16,CURRENT_SOURCE
index_archivos/MPDF57/font/ctimes.php,.php,5066,9cc24fa8aced489faf079d94965d372a868bd68b949320fe0c83ff77a7b57947,CURRENT_SOURCE
index_archivos/MPDF57/font/ctimesb.php,.php,5187,356c4919ad45ba4af9a8ff9ffa61a5bb018d767e69f3959bb589e246a774785c,CURRENT_SOURCE
index_archivos/MPDF57/font/ctimesbi.php,.php,5023,8a5a5da19c90056e8f8e2cf5e80f45bd37188c226c7bd8054200aa2ede19314a,CURRENT_SOURCE
index_archivos/MPDF57/font/ctimesi.php,.php,5249,488ef402c4c54f79dfb6f911668633ee44db509afc4c1d20b4375c66fb269436,CURRENT_SOURCE
index_archivos/MPDF57/font/czapfdingbats.php,.php,3093,442136d16c1c959ed9a3499b349517aa90db06bf70f6231c6f6906fd5647ffbb,CURRENT_SOURCE
index_archivos/MPDF57/graph.php,.php,27419,8f805b8973b082abd9dcf876bf96eed616d2cb51127a3634a1152843bcec8187,CURRENT_SOURCE
index_archivos/MPDF57/graph_cache/dummy.txt,.txt,108,24ee308bc37c096c01e5da4b15e31504951b29969062b633bccbbd3c79b9b9ba,CURRENT_SOURCE
index_archivos/MPDF57/iccprofiles/SWOP2006_Coated5v2.icc,.icc,2747744,fbf1dd5700661d41a03f1dfae5aabc3410ebfc8389ac5fc1bd61596544ec2c6d,CURRENT_SOURCE
index_archivos/MPDF57/iccprofiles/sRGB_IEC61966-2-1.icc,.icc,3052,b3599c68b79236e5ce69d8dd22178157553631c5fe829130602cde98d8764790,CURRENT_SOURCE
index_archivos/MPDF57/includes/CJKdata.php,.php,6688,2e29af211e4e81a5749eff7e899abd76d09157827cebc69e3165df96abfbfa4a,CURRENT_SOURCE
index_archivos/MPDF57/includes/functions.php,.php,3512,c21089e490217eabaf0093bc3c680b72db7f8f105d7f202d3cc924d34333954a,CURRENT_SOURCE
index_archivos/MPDF57/includes/ind_bn_1_001.volt.php,.php,65671,7b459a47faf009b72a10c6159f150f818005640273ad052ae6cfe949394a7afe,CURRENT_SOURCE
index_archivos/MPDF57/includes/ind_gu_1_001.volt.php,.php,195412,0f9438eb65357a5ba2b75b1ba0ad126ca58cb60270114af5e4b6e12e8d609f68,CURRENT_SOURCE
index_archivos/MPDF57/includes/ind_hi_1_001.volt.php,.php,101372,a558faf7b4044f7f24de6399af0eeb5f8d7eb1116ec7b6062bd502aad78e9f9f,CURRENT_SOURCE
index_archivos/MPDF57/includes/ind_kn_1_001.volt.php,.php,77433,d36fb1f0c9426898d508d2c7256f45437ed0a65ae9c5a5a4e8b77821c11f7439,CURRENT_SOURCE
index_archivos/MPDF57/includes/ind_ml_1_001.volt.php,.php,37408,4a05272552bd5603aa03ff9119e317855de462c2d9afcb0303e5fcc07f28f445,CURRENT_SOURCE
index_archivos/MPDF57/includes/ind_or_1_001.volt.php,.php,82865,73b4fe64484dc70020cff7cf28f97be56f6daaacd87ac8781a638beb13a0bdfd,CURRENT_SOURCE
index_archivos/MPDF57/includes/ind_pa_1_001.volt.php,.php,34271,e08e7f421290bc5fe63b54ac56ac981e77a0c0da3cd4e02b9af11006b9433d3b,CURRENT_SOURCE
index_archivos/MPDF57/includes/ind_ta_1_001.volt.php,.php,6597,5760c1c56b525f9a1dbf517033d2710d31fa4d4ebc596b5620612b30f10e6ee5,CURRENT_SOURCE
index_archivos/MPDF57/includes/ind_te_1_001.volt.php,.php,35431,e2be2d936713c818c6dce2ee2bc3c5f271fadd92a3489c4a1e952761bd2539fe,CURRENT_SOURCE
index_archivos/MPDF57/includes/no_image.jpg,.jpg,7888,5216eb29f4a05617574ba1cce15cc09b562f71260cf6b0f3e21fb8804a43fe6b,CURRENT_SOURCE
index_archivos/MPDF57/includes/out.php,.php,2308,71e1e8049aaab207509b77ccb1e32f105257ce6c62f6cc7c372205ffb73d6911,CURRENT_SOURCE
index_archivos/MPDF57/includes/subs_core.php,.php,6588,28430b6ab0f45d3674db221d8440f450bcdd6dca6426aed842e3fccb11eab183,CURRENT_SOURCE
index_archivos/MPDF57/includes/subs_win-1252.php,.php,8786,baf5d1382d470f97e0bfa91f6661c25d9fb3683f194aa9749af5cd076310d586,CURRENT_SOURCE
index_archivos/MPDF57/includes/upperCase.php,.php,16364,fed759f5cc9abe6154114d6fcab2189858bc8f1508ca1d8c4f0a207202b04bb0,CURRENT_SOURCE
index_archivos/MPDF57/mpdf.css,.css,483,3eedfe5fb646c1dc220d643eaaa3a6ba4e18211fe74c36b941af6e6d35c4b984,CURRENT_SOURCE
index_archivos/MPDF57/mpdf.php,.php,1312459,c545a8cbb1bbe8ff98520423057fa208311f1cdfedfb0939cb643ec8dca08b3c,CURRENT_SOURCE
index_archivos/MPDF57/mpdfi/filters/FilterASCII85.php,.php,2994,aee25fbd3db07a8fe159f1ba61ad7b6ddafdabb79c41c07cd17f25b4fd3d54c2,CURRENT_SOURCE
index_archivos/MPDF57/mpdfi/filters/FilterLZW.php,.php,4243,80793a62f0ae5a41978a6d9a91ff20f930f9d767c7dda00e7cf5da3c66738cd3,CURRENT_SOURCE
index_archivos/MPDF57/mpdfi/fpdi_pdf_parser.php,.php,10269,58afa6d3a16f017e0008c379a2fbd38401015d31256c6c08147f981025ec40c8,CURRENT_SOURCE
index_archivos/MPDF57/mpdfi/pdf_context.php,.php,1829,5e3d49c6b4c3635c231e3a4cb4561290b9a76cc2437d55313f80c70804bd41a4,CURRENT_SOURCE
index_archivos/MPDF57/mpdfi/pdf_parser.php,.php,19874,5e987df92375588a0bdcb0c32a1c7d2190c7d656e60d5b8d14ae42308a8c0a99,CURRENT_SOURCE
index_archivos/MPDF57/patterns/NOTES.txt,.txt,230,fedda83afed75025ce73082671d20113d83c787f786f1cbceebc6dfbc8c91dd6,CURRENT_SOURCE
index_archivos/MPDF57/patterns/de.php,.php,90331,178e21bc3ecec60354c0dfbf71623da1ae9acaec8660ff63d96dcf03b61a3b5e,CURRENT_SOURCE
index_archivos/MPDF57/patterns/dictionary.txt,.txt,34,f2f5a5135e511bc53cd57bd32729d9abb53aadfa45bfdc068c1d869209b908d0,CURRENT_SOURCE
index_archivos/MPDF57/patterns/en.php,.php,27410,59846b9a30f61f642450e8c11cc326d8acf462eabc1aaf408a9b441b78cf7050,CURRENT_SOURCE
index_archivos/MPDF57/patterns/es.php,.php,30704,94db53d4067512c515935c44f25bf7b05048130d118f195fb4a17aef2cf633f2,CURRENT_SOURCE
index_archivos/MPDF57/patterns/fi.php,.php,2044,8f1e432c6432bbb86fb969bee575a06e17d33771a94045dae3cc670554dc7383,CURRENT_SOURCE
index_archivos/MPDF57/patterns/fr.php,.php,16678,6ee17e0f529c06c88b0fbee7ea4154945fc9cbbeb4b489d3a6033858de673ff3,CURRENT_SOURCE
index_archivos/MPDF57/patterns/it.php,.php,1773,3922a1def2aedb8d5fd05978d6d7d21c9e0f1e27e72d7f2ff4525d28e46e95d0,CURRENT_SOURCE
index_archivos/MPDF57/patterns/nl.php,.php,84420,6e5762ccca0e69f40d3221528fa0db00b710331088b3d5b18e9dcb579f070efc,CURRENT_SOURCE
index_archivos/MPDF57/patterns/pl.php,.php,49048,cea5e7684991d0771db9ca3b80adc1b4d5f96f2d736e91289fe609dc6a8cc4de,CURRENT_SOURCE
index_archivos/MPDF57/patterns/ru.php,.php,149944,73b304d57b0dcedaa9706c2e488b63a5922f2510f7de6d65f9678ac7e04c5da3,CURRENT_SOURCE
index_archivos/MPDF57/patterns/sv.php,.php,35149,8b1cc5996e0f51f4d97d367b3cc64592e12d03e29a926c1360fc417c5eaf5497,CURRENT_SOURCE
index_archivos/MPDF57/progbar.css,.css,1209,54b00dc620970c1747937246c27a131e809d3e18cfdb9aa2314d5a8beb482bb1,CURRENT_SOURCE
index_archivos/MPDF57/ttfontdata/dejavusanscondensed.cw.dat,.dat,131072,156ece8f75ef977e307356a4dd3aed8b30ca0a7a06529a4209241ad6b9c7875e,CURRENT_SOURCE
index_archivos/MPDF57/ttfontdata/dejavusanscondensed.cw127.php,.php,2219,b161071cfe1cae9255a37d998dc6a882e4c4dff4e541f340cebd61d10bc74231,CURRENT_SOURCE
index_archivos/MPDF57/ttfontdata/dejavusanscondensed.mtx.php,.php,574,4adec8bcfc3c2ebe43c21423821498faf350831ea2046d6f3b69fc55d80602ad,CURRENT_SOURCE
index_archivos/MPDF57/ttfontdata/dejavusanscondensedB.cw.dat,.dat,131072,847ee0ae08908a39e12683586860c4ed242287b50058dc02fb0faaeb0041ea1c,CURRENT_SOURCE
index_archivos/MPDF57/ttfontdata/dejavusanscondensedB.cw127.php,.php,2220,8ec52e0d608d057e6291d0bc502eaec3ab963d0d633942b539e64d5cc80219bc,CURRENT_SOURCE
index_archivos/MPDF57/ttfontdata/dejavusanscondensedB.mtx.php,.php,591,437f1ddf547cdf240891e568e89029e58c7b0ddae6f8791b7b737bdad9b36476,CURRENT_SOURCE
index_archivos/MPDF57/ttfontdata/dejavusanscondensedBI.cw.dat,.dat,131072,1cd6ca7166860f4e208873aba0876e7f5e004cdd4466306387ea1aa7fd7841c6,CURRENT_SOURCE
index_archivos/MPDF57/ttfontdata/dejavusanscondensedBI.mtx.php,.php,608,66b2365b0dd03aa0bbad7968f57e62e9f852540540b5db65cf1666ac70c9e7d5,CURRENT_SOURCE
index_archivos/MPDF57/ttfontdata/dejavusanscondensedI.cw.dat,.dat,131072,90496a4ab4f02e96be78fec4aeea546d3b4bccfc7c6c528946ec898e0cdf07d8,CURRENT_SOURCE
index_archivos/MPDF57/ttfontdata/dejavusanscondensedI.mtx.php,.php,595,48d519b038d47b74355285a5f0d94699416cace61be0d65f2c483b9a60b60211,CURRENT_SOURCE
index_archivos/MPDF57/ttfontdata/dejavusansmono.cw.dat,.dat,131072,f9ff04bdcced941cff3ee12ed81eb1af244594fde24d56cdce5b927b9e32bed0,CURRENT_SOURCE
index_archivos/MPDF57/ttfontdata/dejavusansmono.mtx.php,.php,561,78600bd553fafe3d0b483d3980350b4875974a98c44c7fbc460f9e64e01ae925,CURRENT_SOURCE
index_archivos/MPDF57/ttfontdata/dejavuserifcondensed.cw.dat,.dat,131072,bfb265a77fadd00231b06cd789f535e05a4747a1b979b502090b07faa74d1c8d,CURRENT_SOURCE
index_archivos/MPDF57/ttfontdata/dejavuserifcondensed.cw127.php,.php,1998,4eac121570d0e685e74086f268a53587241302c585e049ba73d6fd2fae30aa14,CURRENT_SOURCE
index_archivos/MPDF57/ttfontdata/dejavuserifcondensed.mtx.php,.php,577,71e2971f19f3838d48408c7ae7ac4ccce4010013bffbe99c3feac2259764530e,CURRENT_SOURCE
index_archivos/MPDF57/ttfontdata/dejavuserifcondensedB.cw.dat,.dat,131072,12acd3d34439a90fb04449cf505ab350f72d4256268f1eb20b467ed1bae7550d,CURRENT_SOURCE
index_archivos/MPDF57/ttfontdata/dejavuserifcondensedB.mtx.php,.php,594,55b33536c4183f506ca366877647640b781bb5f64c5dd0533852f7672b2d3ee5,CURRENT_SOURCE
index_archivos/MPDF57/ttfontdata/dejavuserifcondensedBI.cw.dat,.dat,131072,16e2d63e3c23b56df4274234b4acd21daf52c1515384b136bfad367001f279a3,CURRENT_SOURCE
index_archivos/MPDF57/ttfontdata/dejavuserifcondensedBI.mtx.php,.php,609,dd77b592914407374877c26f8b768b73cd60ce1180ad550deb70f08dc18bbe82,CURRENT_SOURCE
index_archivos/MPDF57/ttfontdata/dejavuserifcondensedI.cw.dat,.dat,131072,56511803cc79ba51612663cacb7b0f43436f71d799289f1898ced09eb05ef357,CURRENT_SOURCE
index_archivos/MPDF57/ttfontdata/dejavuserifcondensedI.mtx.php,.php,596,cc5bc0079522a182abf449b7a6e5ca019e6ad21d6560c69deac441f9ce41de79,CURRENT_SOURCE
index_archivos/MPDF57/ttfontdata/dummy.txt,.txt,108,24ee308bc37c096c01e5da4b15e31504951b29969062b633bccbbd3c79b9b9ba,CURRENT_SOURCE
index_archivos/MPDF57/ttfonts/DejaVuSans-Bold.ttf,.ttf,584396,5d2b7240a935fd819f96dba8324079d3d5dc7f37035f2453ba3f78e661c18807,CURRENT_SOURCE
index_archivos/MPDF57/ttfonts/DejaVuSans-BoldOblique.ttf,.ttf,524624,85f7701841567afb1011892815ed236d621cd0ed259f0c538687bd9137cf371d,CURRENT_SOURCE
index_archivos/MPDF57/ttfonts/DejaVuSans-Oblique.ttf,.ttf,524396,df5439b8511b61abe3a00c6ac6529a64f2563dc62d225938a21689b51460c26e,CURRENT_SOURCE
index_archivos/MPDF57/ttfonts/DejaVuSans.ttf,.ttf,633604,fa0e49ecd34833d2b1a27b9912cfd04e83bbacbab4a18830111f24848e3076c0,CURRENT_SOURCE
index_archivos/MPDF57/ttfonts/DejaVuSansCondensed-Bold.ttf,.ttf,545712,956d103f667412bc3dfc14a6c83aa58a33de3ae745e618ff8221b9beeebb4e53,CURRENT_SOURCE
index_archivos/MPDF57/ttfonts/DejaVuSansCondensed-BoldOblique.ttf,.ttf,493756,0661b7e098528fc105821695e98af6f10129ff112d0fa5f289530029c6722daf,CURRENT_SOURCE
index_archivos/MPDF57/ttfonts/DejaVuSansCondensed-Oblique.ttf,.ttf,489032,45508fe59fbbde3d3237bc472890d6c2e0fd98fa90f8d4dcb98d944c5f2a90bd,CURRENT_SOURCE
index_archivos/MPDF57/ttfonts/DejaVuSansCondensed.ttf,.ttf,555944,52a1dbd090a096a9ef4f9309972f33880188049f7951f9097ed7e1f4a017c812,CURRENT_SOURCE
index_archivos/MPDF57/ttfonts/DejaVuSansMono-Bold.ttf,.ttf,302868,9d5685aa84a3142690e448f89eb9e0a36442da9680f22bfc7f35adcf96d8552e,CURRENT_SOURCE
index_archivos/MPDF57/ttfonts/DejaVuSansMono-BoldOblique.ttf,.ttf,224160,7978524c844c3de0dcb21f64d728865571886d017722aa49c0358a0e330ec7b0,CURRENT_SOURCE
index_archivos/MPDF57/ttfonts/DejaVuSansMono-Oblique.ttf,.ttf,230244,e1a12cdee327a5b45160447dac2f6e711d14ea3b247d17efcb7113ee7164ca85,CURRENT_SOURCE
index_archivos/MPDF57/ttfonts/DejaVuSansMono.ttf,.ttf,322524,ea56969bee3e6664a3bbf3f7c716ee8c9bb6a4adc0c48c3d39e5613248779bce,CURRENT_SOURCE
index_archivos/MPDF57/ttfonts/DejaVuSerif-Bold.ttf,.ttf,307596,ac6e3245636f9b27826296f8b8b65548d4eab047c594d4e953a27d8c867048dd,CURRENT_SOURCE
index_archivos/MPDF57/ttfonts/DejaVuSerif-BoldItalic.ttf,.ttf,295360,be786fc46135c2c5a744573feb29cef526bf5e516054124ca25bccc24c6021b2,CURRENT_SOURCE
index_archivos/MPDF57/ttfonts/DejaVuSerif-Italic.ttf,.ttf,303004,024819586dd715d4c110eec1b957713b4373bcaeaa9548d403c5a12b817ac3d0,CURRENT_SOURCE
index_archivos/MPDF57/ttfonts/DejaVuSerif.ttf,.ttf,330052,2e1f1b748174d75d026ac651a1b0b20a490c2bd04d66c031495566d887ad6df7,CURRENT_SOURCE
index_archivos/MPDF57/ttfonts/DejaVuSerifCondensed-Bold.ttf,.ttf,283140,aef4a543d3937940af8d332ad3212f18fc809851b0c02e95c74205ef1da86daf,CURRENT_SOURCE
index_archivos/MPDF57/ttfonts/DejaVuSerifCondensed-BoldItalic.ttf,.ttf,294584,5f37b307361371dcbfcfd9cd7bd587ff4fe319a28737507053b1f1306d22f4af,CURRENT_SOURCE
index_archivos/MPDF57/ttfonts/DejaVuSerifCondensed-Italic.ttf,.ttf,302444,10fb7c1064e88aab988cda0f156921ca51347592c97665d61505fdaa61096fb0,CURRENT_SOURCE
index_archivos/MPDF57/ttfonts/DejaVuSerifCondensed.ttf,.ttf,296976,5561df5aaec7b48d158194aec5d5304feab25098072d2adbc6f4ad4656ab0e56,CURRENT_SOURCE
index_archivos/MPDF57/ttfonts/DejaVuinfo.txt,.txt,4916,164dba5fc34dc28693419245c9f8d584938a84eaf6dca1f90fa490db9b17b5b6,CURRENT_SOURCE
index_archivos/MPDF57/ttfonts/GNUFreeFontinfo.txt,.txt,4422,c33a143270ba9763ed572168e5beb05cfcc88987c825a9887517c18845d8e73d,CURRENT_SOURCE
index_archivos/MPDF57/ttfonts/Garuda-Bold.ttf,.ttf,57796,6023d101a2318a8e12e8ddbe58fdd2f15a5913b94a976bee4e6f6f51681a5f3d,CURRENT_SOURCE
index_archivos/MPDF57/ttfonts/Garuda-BoldOblique.ttf,.ttf,57460,55ff7ff736fea0777050b28ab5e85f20f31f4c4a55443159d50c9d1b0906fd1e,CURRENT_SOURCE
index_archivos/MPDF57/ttfonts/Garuda-Oblique.ttf,.ttf,57412,24442a607ae696366e9dbfaeb19357e2af5bed93c901420e3f2e4eba34a3de7c,CURRENT_SOURCE
index_archivos/MPDF57/ttfonts/Garuda.ttf,.ttf,57324,004ebd323bcdf7529010a72dabf1be1a2b9c38227ad8787796c544b12950b10e,CURRENT_SOURCE
index_archivos/MPDF57/ttfonts/Norasi-Bold.ttf,.ttf,77420,ae28c0cc2a77b75e71a1fc07b982f6e85ffff8104960f997f899e279821025a3,CURRENT_SOURCE
index_archivos/MPDF57/ttfonts/Norasi-BoldOblique.ttf,.ttf,78280,2e4839f933fc249064d90ff0a8adcab1d087a0114bcdac4baaa2d65d8b3e019a,CURRENT_SOURCE
index_archivos/MPDF57/ttfonts/Norasi-Oblique.ttf,.ttf,79836,6a8b382a51f195a50052c1df14578d666f85f295577695d153a5caacb7f56ab2,CURRENT_SOURCE
index_archivos/MPDF57/ttfonts/Norasi.ttf,.ttf,103412,b2c7393e1a3eab76b162378cd8a2c6bab7d7bcc29ee44cc22fb22a728ee234e7,CURRENT_SOURCE
index_archivos/MPDF57/ttfonts/Thai Fonts License.txt,.txt,18329,56b0ed60a0964a1077b79eece7b21650b0012bee5e68ec16baf748ec817657d8,CURRENT_SOURCE
index_archivos/MPDF57/ttfonts/XB Riyaz.ttf,.ttf,1144764,5e113bf5533436c34b9f038c0fc554a31857f08eff216b6618166acfc73fce25,CURRENT_SOURCE
index_archivos/MPDF57/ttfonts/XB RiyazBd.ttf,.ttf,1159192,b3672410bd26bf4d9d26616c4e9a2e84d8a072f1997bf62edd3ac839cdec6f42,CURRENT_SOURCE
index_archivos/MPDF57/ttfonts/XB RiyazBdIt.ttf,.ttf,1159500,6b7d24e56216dde9c68d8fb766c369983feefc4fef28ebb867d9249cf5d9b225,CURRENT_SOURCE
index_archivos/MPDF57/ttfonts/XB RiyazIt.ttf,.ttf,1131668,774db683aca6855d9860bb365d8ae22d42f37ad1aee3cc96e0fee714b5c44add,CURRENT_SOURCE
index_archivos/MPDF57/ttfonts/XB Zar Bd.ttf,.ttf,1389628,bd14ee539ec652b91246abaa9c85a4e56bf6cb6f08f6d557fad105f51e747030,CURRENT_SOURCE
index_archivos/MPDF57/ttfonts/XB Zar BdIt.ttf,.ttf,1366172,733e2e7254372f79d9a74de68701d0c132bd265b4ccf7c11c956f4039d28b7a4,CURRENT_SOURCE
index_archivos/MPDF57/ttfonts/XB Zar It.ttf,.ttf,1361580,cdb4925171145bac9edf7e95a8503d66d52ff940c9c314da3e8a93965d0a73ad,CURRENT_SOURCE
index_archivos/MPDF57/ttfonts/XB Zar.ttf,.ttf,1397368,83aff3524dc5617f8c960e0adc68c327dc36e146fb518f1f180f770b2dde09e5,CURRENT_SOURCE
index_archivos/MPDF57/ttfonts/XW Zar Font Info.txt,.txt,4395,e4f01e66a148693563e1f0a3a4803a2d0a47757bf26c113a96f3ca39b865b31e,CURRENT_SOURCE
index_archivos/MPDF57/ttfonts/ind_bn_1_001.ttf,.ttf,235632,6d1840c0dc52d757a120c154831a750b0293376435177bc009c04c57506d93f8,CURRENT_SOURCE
index_archivos/MPDF57/ttfonts/ind_gu_1_001.ttf,.ttf,257872,3c15d9ce989f79b543d2c01c1c7deccd86ba6af12e421ac98b303b1f461edc76,CURRENT_SOURCE
index_archivos/MPDF57/ttfonts/ind_hi_1_001.ttf,.ttf,107216,1a31fbf9f65dc8d9e9da4d6ba9470e2339d0bd7a57e2a4a5cca7036208c9f534,CURRENT_SOURCE
index_archivos/MPDF57/ttfonts/ind_kn_1_001.ttf,.ttf,226916,e59818594dbf58951d129802822738ed01c4e227a9400d6fc773aceb94adf245,CURRENT_SOURCE
index_archivos/MPDF57/ttfonts/ind_ml_1_001.ttf,.ttf,115804,1c2f042cac7de2dca4f291bcd14c0245de0c45d1336f99a86180920b82170c32,CURRENT_SOURCE
index_archivos/MPDF57/ttfonts/ind_or_1_001.ttf,.ttf,162552,178a7a995f688cf2664967ac3a74dc244f6d2333f36035695390bb59f5d334c0,CURRENT_SOURCE
index_archivos/MPDF57/ttfonts/ind_pa_1_001.ttf,.ttf,57864,7c597a51346d82cc3b3b936be7cb323af91c49edccc5954ab4c3a0b127a6edca,CURRENT_SOURCE
index_archivos/MPDF57/ttfonts/ind_ta_1_001.ttf,.ttf,85328,db9fa24f674768ca30091e8b0af942eb471155fd58e0f89bdb835795c1c04663,CURRENT_SOURCE
index_archivos/MPDF57/ttfonts/ind_te_1_001.ttf,.ttf,124248,da364e72d8ba382f41c3302454e2fe7ab895485fcee75b663f788ef932663625,CURRENT_SOURCE
index_archivos/MPDF57/ttfonts/ocrb10.ttf,.ttf,23112,d8eaa9c03541879df82d8fea466278dcc82eaed1881b67a4efb4ff13e946582e,CURRENT_SOURCE
index_archivos/MPDF57/ttfonts/ocrbinfo.txt,.txt,3421,456acd4d059bdf8d75316fcabae21f3afeab3ad3da00c7287723587dc5a19530,CURRENT_SOURCE
index_archivos/MPDF57/utils/UnicodeData.txt,.txt,1244599,9867ba1b3273692090e4064abe43c7299b722e6782077c96e4321a0ecf30e914,CURRENT_SOURCE
index_archivos/MPDF57/utils/UnicodeRanges.php,.php,21906,380e1594cb466db56b5ad8ffd00d5b8e6bab09b7f48ffb3a2d24b8076d0a69bc,CURRENT_SOURCE
index_archivos/MPDF57/utils/font_collections.php,.php,1939,022f068ee7d9b6251048327a812951b2187153f3ec5b7ebacd584fe3ea9854d5,CURRENT_SOURCE
index_archivos/MPDF57/utils/font_coverage.php,.php,8485,b90c669a4f9a33e5c4b6d74ed0e703601de169a5ea32add859114f15ffc64aef,CURRENT_SOURCE
index_archivos/MPDF57/utils/font_dump.php,.php,7966,391785758bfc4d1d55021f351ac32357637dfc555515e805271dae0a234f45bc,CURRENT_SOURCE
index_archivos/MPDF57/utils/font_names.php,.php,6819,f55c85991423d21cebbfc0d997deb7173a7489fb2110f9580ee4ee40f73ad9af,CURRENT_SOURCE
index_archivos/MPDF57/utils/index.php,.php,643,8c4102d312d10c798089b2127e44b8524b92e0afcbf926103c02c5a6180fd3a3,CURRENT_SOURCE
index_archivos/MailClass.php,.php,20764,9f3146c71903577e61a78a68c0beb62e4824f9ed6c89de12b79ade45e3d92b55,CURRENT_SOURCE
index_archivos/Manual_Usuario.pdf,.pdf,1369055,0e43fd3624cdca3f645a2ec9c3e8c08baf7adc279eafa8f0c3cec6ea74156923,CURRENT_SOURCE
index_archivos/MenuClass.php,.php,1781,54d2eae1a66e5e34e32b2b9a9f5dea1ac740e1ab876b11c84cd2554d0cdca61b,CURRENT_SOURCE
index_archivos/OCRClass.php,.php,8983,90481b906e32afa76087a568d6f163b6875a9345a0e0c02924b12e8773af47ef,CURRENT_SOURCE
index_archivos/PDFMerger-master/.gitattributes,[none],505,12ca81b43544aad1199998a226e032a9ffd27a827437fbb3e9edb5f2f7223bcc,CURRENT_SOURCE
index_archivos/PDFMerger-master/.gitignore,[none],2133,3a9a00a40cca5ceca86897c4113505349b7da3cc8d67a578d27ca5c214610724,CURRENT_SOURCE
index_archivos/PDFMerger-master/PDFMerger.php,.php,5439,72dc9f1055b5741e331ba24158ae2369a9da58612ce9e18937ab526bb36da94e,CURRENT_SOURCE
index_archivos/PDFMerger-master/README.md,.md,1103,b580cf3731d7523bac00941d02685d3865d8824297cd11b09b83e224ed39f37e,CURRENT_SOURCE
index_archivos/PDFMerger-master/composer.json,.json,163,d2ca84a9193d9bfa8e09ab5e8734d8a697ce62f563d7911bb5683445dff99334,CURRENT_SOURCE
index_archivos/PDFMerger-master/sample.php,.php,411,2f0d7397f483eb49a1d49ff0c93f4081bcbb417491227df1ffa896e5b5a6f581,CURRENT_SOURCE
index_archivos/PDFMerger-master/tcpdf/CHANGELOG.TXT,.txt,118959,7fae768e77af76b8bfb3fb26f6df2eda2d05c905fc2ed013cf16b125f369de15,CURRENT_SOURCE
index_archivos/PDFMerger-master/tcpdf/LICENSE.TXT,.txt,44494,1e3b37db4c0e624119497e9553bb0f656389dc4fbe69ae8592227bdde24ac695,CURRENT_SOURCE
index_archivos/PDFMerger-master/tcpdf/README.TXT,.txt,5748,91004242e30d3f8f6d652aa57ea915244798a0b7e816a93c726325f6a584ddab,CURRENT_SOURCE
index_archivos/PDFMerger-master/tcpdf/composer.json,.json,984,24edd44cd1b2e27c29d075ebdc5a37fd9c854828daf860f007fd27194fd178a8,CURRENT_SOURCE
index_archivos/PDFMerger-master/tcpdf/config/tcpdf_config.php,.php,5598,b39ede2b86e230675e72a902d937e016dfeb3aaf1572653accac75e3935496a3,CURRENT_SOURCE
index_archivos/PDFMerger-master/tcpdf/fonts/ae_fonts_2.0/COPYING,[none],18396,712e4404be9e2018195fee44b0368b86165e9891a9603684c6783718c4587ea9,CURRENT_SOURCE
index_archivos/PDFMerger-master/tcpdf/fonts/ae_fonts_2.0/ChangeLog,[none],30587,6a039ba1a47d7f919ece728391c1709c40761fc430a70a5c01006a724b53b7a3,CURRENT_SOURCE
index_archivos/PDFMerger-master/tcpdf/fonts/ae_fonts_2.0/README,[none],2422,05527f8a6c680d60fb37090a0615fcb03c2e28568af505038594f25386c9b5b3,CURRENT_SOURCE
index_archivos/PDFMerger-master/tcpdf/fonts/aealarabiya.ctg.z,.z,1849,f803cd152facef180b514623937fd423831c48da02b01f1417323410cc98598b,CURRENT_SOURCE
index_archivos/PDFMerger-master/tcpdf/fonts/aealarabiya.php,.php,35241,d36aafd8246dd8b061814341dcd712c0457e7e0fc628e37c42c04058b7b66270,CURRENT_SOURCE
index_archivos/PDFMerger-master/tcpdf/fonts/aealarabiya.z,.z,56189,999e1b6fb591d2518342df92068ffee076d75c36c5af911608ea112d15bf71e8,CURRENT_SOURCE
index_archivos/PDFMerger-master/tcpdf/fonts/aefurat.ctg.z,.z,1843,a37161f64d2048d470585a29ae9ec5547b319a843df1db53b1fff82e899fca50,CURRENT_SOURCE
index_archivos/PDFMerger-master/tcpdf/fonts/aefurat.php,.php,34994,2af4f616bc587a1ae6366fe126967d497669b6a1ffee2264afd10d6337690ec2,CURRENT_SOURCE
index_archivos/PDFMerger-master/tcpdf/fonts/aefurat.z,.z,74520,3d8fdf526e74b409e73b2a10928ad3ddbe621c3ca7d4c3a81202d0374380780d,CURRENT_SOURCE
index_archivos/PDFMerger-master/tcpdf/fonts/cid0cs.php,.php,1582548,a2440cb109ae474b1a6a150addc4f96456e09801c032d620dc2acaf9bc786eee,CURRENT_SOURCE
index_archivos/PDFMerger-master/tcpdf/fonts/cid0ct.php,.php,1582551,c38c3d2090737855cbda65889326003d9f08c026cc2d5eefc13ba26e961c0aec,CURRENT_SOURCE
index_archivos/PDFMerger-master/tcpdf/fonts/cid0jp.php,.php,1582542,468087bf1a185b8e56c4ab46a5a6a1ba57124c7c69a2d89112d3002dfce001b5,CURRENT_SOURCE
index_archivos/PDFMerger-master/tcpdf/fonts/cid0kr.php,.php,1582539,ce0eec2e17917c1e8415085babb1a3840422bbd9c317137040d7fa1097d5ca9f,CURRENT_SOURCE
index_archivos/PDFMerger-master/tcpdf/fonts/courier.php,.php,2574,aad4b23ecd9d6e819e48e53b01008ff08f18823da63ee9286ed317c160f68230,CURRENT_SOURCE
index_archivos/PDFMerger-master/tcpdf/fonts/courierb.php,.php,2581,96848f6e20a98d1a9ad04658adb7309a6a307584ab7fa3f0d30ce44d16e85e5c,CURRENT_SOURCE
index_archivos/PDFMerger-master/tcpdf/fonts/courierbi.php,.php,2589,1f1d509e19d51fdf40710aae68e778a77f5476282d9881ee31b9e13f85983a1c,CURRENT_SOURCE
index_archivos/PDFMerger-master/tcpdf/fonts/courieri.php,.php,2584,d45962f23bcb57be422a101017beec8d6403c738149392de7a65e9ea95ab9f83,CURRENT_SOURCE
index_archivos/PDFMerger-master/tcpdf/fonts/dejavu-fonts-ttf-2.33/AUTHORS,[none],883,87f75ef4a6d3294ca6afc5cb8299f020f0fbbf410720975cfceb6864f434429a,CURRENT_SOURCE
index_archivos/PDFMerger-master/tcpdf/fonts/dejavu-fonts-ttf-2.33/BUGS,[none],98,b901f314b27e3326745e74d574bbdfa15fc4ef9ec2a1b6ecfa6c9da677e4cb8e,CURRENT_SOURCE
index_archivos/PDFMerger-master/tcpdf/fonts/dejavu-fonts-ttf-2.33/LICENSE,[none],4915,c61ba9e8668a511cbd0bcfdee8329e02ca6ca4048abda6ca7ee8ac68a059776a,CURRENT_SOURCE
index_archivos/PDFMerger-master/tcpdf/fonts/dejavu-fonts-ttf-2.33/NEWS,[none],70804,c8b6e08235e422f9cb603969cb16479a84d7fa253a2d981611f3dabe63d0b933,CURRENT_SOURCE
index_archivos/PDFMerger-master/tcpdf/fonts/dejavu-fonts-ttf-2.33/README,[none],2377,42e6143a4acc40a7100a112320f31171ba94a7859eae18de30280ca54e8cb9a3,CURRENT_SOURCE
index_archivos/PDFMerger-master/tcpdf/fonts/dejavu-fonts-ttf-2.33/langcover.txt,.txt,25403,2f72ed2af5508b7f200d2fc2b611054f1c9891b6eb93f54b87ce894fa5a46e1f,CURRENT_SOURCE
index_archivos/PDFMerger-master/tcpdf/fonts/dejavu-fonts-ttf-2.33/status.txt,.txt,1413578,1bf26de4589b2a62672f2cde5b3fce4b47870bd739371962b96dc193ec704fed,CURRENT_SOURCE
index_archivos/PDFMerger-master/tcpdf/fonts/dejavu-fonts-ttf-2.33/unicover.txt,.txt,22448,2a60dd14663626e3fc7a6a9527f3ad01ecd3d452f0690270d3c5c2da72e3dd56,CURRENT_SOURCE
index_archivos/PDFMerger-master/tcpdf/fonts/dejavu-fonts-ttf-2.34/AUTHORS,[none],902,eabbb14ccd93085448ff9f6abe802ccb634e016de4d0f7ebd0208b826a8f48a5,CURRENT_SOURCE
index_archivos/PDFMerger-master/tcpdf/fonts/dejavu-fonts-ttf-2.34/BUGS,[none],98,b901f314b27e3326745e74d574bbdfa15fc4ef9ec2a1b6ecfa6c9da677e4cb8e,CURRENT_SOURCE
index_archivos/PDFMerger-master/tcpdf/fonts/dejavu-fonts-ttf-2.34/LICENSE,[none],4915,c61ba9e8668a511cbd0bcfdee8329e02ca6ca4048abda6ca7ee8ac68a059776a,CURRENT_SOURCE
index_archivos/PDFMerger-master/tcpdf/fonts/dejavu-fonts-ttf-2.34/NEWS,[none],74019,80d94a1e5a378475b0d4c66a60f3274b0d2bb7f31a2f9e0c470b0be3f3fe339e,CURRENT_SOURCE
index_archivos/PDFMerger-master/tcpdf/fonts/dejavu-fonts-ttf-2.34/README,[none],2373,f252049a5589a980df7efdf4a591e6bd5c466419ef993de72bb46d2e87d827d6,CURRENT_SOURCE
index_archivos/PDFMerger-master/tcpdf/fonts/dejavu-fonts-ttf-2.34/langcover.txt,.txt,26194,d18cd870e2d28fa5a1ba00d584eae356541830d4f9846e171fe748195029b2b5,CURRENT_SOURCE
index_archivos/PDFMerger-master/tcpdf/fonts/dejavu-fonts-ttf-2.34/status.txt,.txt,1450931,03d349d08f93969428a182338e02917eb2e4109a3e901ec98887e14b5a38b6e6,CURRENT_SOURCE
index_archivos/PDFMerger-master/tcpdf/fonts/dejavu-fonts-ttf-2.34/unicover.txt,.txt,23670,9d034062feebf4bd4caba17e90c89e1cba2899915c06911935549b0e3f40bc2d,CURRENT_SOURCE
index_archivos/PDFMerger-master/tcpdf/fonts/dejavusans.ctg.z,.z,10454,6d983c257d60508cb24c69e3fa716ff7bebaa9c5e3fd724dab1ba7908f10b87d,CURRENT_SOURCE
index_archivos/PDFMerger-master/tcpdf/fonts/dejavusans.php,.php,202095,3efc8bbf568148ade96b6a12bd02f726ba2500508a583a4b9007f241be856164,CURRENT_SOURCE
index_archivos/PDFMerger-master/tcpdf/fonts/dejavusans.z,.z,375806,0b911bc136718959ad0c6e175537dcd3f4c91d1765ddb2c36427af3b50f4a7e1,CURRENT_SOURCE
index_archivos/PDFMerger-master/tcpdf/fonts/dejavusansb.ctg.z,.z,10200,a640299ef8dab84c25c558c71c8608625c9f762edd3cf305a4716d13a5b68de9,CURRENT_SOURCE
index_archivos/PDFMerger-master/tcpdf/fonts/dejavusansb.php,.php,197343,ac4f20757158483cee2dd281a8dd30ba9e736b53b6eef041768606846fd144c6,CURRENT_SOURCE
index_archivos/PDFMerger-master/tcpdf/fonts/dejavusansb.z,.z,347269,18c349b1f422d5b3764a8706949af3306f01baa5b74b8660260a7fa140b2a974,CURRENT_SOURCE
index_archivos/PDFMerger-master/tcpdf/fonts/dejavusansbi.ctg.z,.z,9101,2a17981112ac3fa2498af66d872f0eed9a0ee3049cdf95f648e6fc23a93a3b16,CURRENT_SOURCE
index_archivos/PDFMerger-master/tcpdf/fonts/dejavusansbi.php,.php,176905,917980aa0ff35556ac858064a8314e128c0074d8b7870c85ce2457a7ba6bf71c,CURRENT_SOURCE
index_archivos/PDFMerger-master/tcpdf/fonts/dejavusansbi.z,.z,326692,0ea641a64e22330c084c5a9e4c2aaa4cbd2630874783bbea6fe90ab8e64b6189,CURRENT_SOURCE
index_archivos/PDFMerger-master/tcpdf/fonts/dejavusanscondensed.ctg.z,.z,10454,6d983c257d60508cb24c69e3fa716ff7bebaa9c5e3fd724dab1ba7908f10b87d,CURRENT_SOURCE
index_archivos/PDFMerger-master/tcpdf/fonts/dejavusanscondensed.php,.php,201312,b9b35fe3f91569423e19d57261ff43529f034bc446e0a05771bb12c9b041c6cf,CURRENT_SOURCE
index_archivos/PDFMerger-master/tcpdf/fonts/dejavusanscondensed.z,.z,330293,c1ccfc02d15d9904bcaf30e097fd6b6c33e47da64bc69f37ab0d7b436ffc8ee0,CURRENT_SOURCE
index_archivos/PDFMerger-master/tcpdf/fonts/dejavusanscondensedb.ctg.z,.z,10200,a640299ef8dab84c25c558c71c8608625c9f762edd3cf305a4716d13a5b68de9,CURRENT_SOURCE
index_archivos/PDFMerger-master/tcpdf/fonts/dejavusanscondensedb.php,.php,196451,a0949e3675ba89ca87e0b7d478e65506495a3fdd29fa969aed28247a84038919,CURRENT_SOURCE
index_archivos/PDFMerger-master/tcpdf/fonts/dejavusanscondensedb.z,.z,326753,e1391bd4362e15a9277c0b27952b0dc6f6f44cfa644e1d924a58e4b60776565f,CURRENT_SOURCE
index_archivos/PDFMerger-master/tcpdf/fonts/dejavusanscondensedbi.ctg.z,.z,9101,2a17981112ac3fa2498af66d872f0eed9a0ee3049cdf95f648e6fc23a93a3b16,CURRENT_SOURCE
index_archivos/PDFMerger-master/tcpdf/fonts/dejavusanscondensedbi.php,.php,176128,a1143c299514f1438f0e8fbb3f2d398c5d354733c01c0ff7fda7e965bab2f61b,CURRENT_SOURCE
index_archivos/PDFMerger-master/tcpdf/fonts/dejavusanscondensedbi.z,.z,312796,e607592fbd93e36113df6cc96f70f8ada1da50f7e316031c45e6fa8f89bb60a4,CURRENT_SOURCE
index_archivos/PDFMerger-master/tcpdf/fonts/dejavusanscondensedi.ctg.z,.z,9343,301d861615d72ee46a2b9c295453c72ffe00f0dfc0a32964fae6b5e2c8e3c8e2,CURRENT_SOURCE
index_archivos/PDFMerger-master/tcpdf/fonts/dejavusanscondensedi.php,.php,180833,def2bde3c0ca8021df5dd519de228d3d01fb8aa164670f20287319ecae5fdd96,CURRENT_SOURCE
index_archivos/PDFMerger-master/tcpdf/fonts/dejavusanscondensedi.z,.z,308709,72294f3709cf3d617a43f7dccd65901d27aea67416ff175cafc217c7b38d346d,CURRENT_SOURCE
index_archivos/PDFMerger-master/tcpdf/fonts/dejavusansextralight.ctg.z,.z,3989,e95749311e3430d72aca89d05f65663a60d55035a5788b28e120bbd0bf664c9e,CURRENT_SOURCE
index_archivos/PDFMerger-master/tcpdf/fonts/dejavusansextralight.php,.php,72227,751697d8c5ff0e7a9c2f27ea503c1f712b3c00b1613694df2d35ca545bb9d008,CURRENT_SOURCE
index_archivos/PDFMerger-master/tcpdf/fonts/dejavusansextralight.z,.z,173046,21e2cd9f90458470dc1ec3c083122a4599fa00a5235e8835a9142891a4234579,CURRENT_SOURCE
index_archivos/PDFMerger-master/tcpdf/fonts/dejavusansi.ctg.z,.z,9343,301d861615d72ee46a2b9c295453c72ffe00f0dfc0a32964fae6b5e2c8e3c8e2,CURRENT_SOURCE
index_archivos/PDFMerger-master/tcpdf/fonts/dejavusansi.php,.php,181465,6be4ae1dbf69e5eac6db133d067fc57536f33548a28f9b8e1d83be0d035551ab,CURRENT_SOURCE
index_archivos/PDFMerger-master/tcpdf/fonts/dejavusansi.z,.z,326859,bb51fc0e36775b48b88798b58cfeef076214a0086daaac05792a712a1ec2c524,CURRENT_SOURCE
index_archivos/PDFMerger-master/tcpdf/fonts/dejavusansmono.ctg.z,.z,6361,a515d829384130976db8f388bf9aaba3a264dea6e972e4fb74c16f5383b2c3f2,CURRENT_SOURCE
index_archivos/PDFMerger-master/tcpdf/fonts/dejavusansmono.php,.php,120269,56352a19de8fdb6b1cc8bd36de8023b99633c7186194e5aafd2517c762caa1aa,CURRENT_SOURCE
index_archivos/PDFMerger-master/tcpdf/fonts/dejavusansmono.z,.z,198919,367e500a616149efaf6faaf269aacf15d7d6cce9688558a5a6c8b83449acbeca,CURRENT_SOURCE
index_archivos/PDFMerger-master/tcpdf/fonts/dejavusansmonob.ctg.z,.z,6120,2ca0468ccb10f2a9c5c2a5e93be2b6513ad47efff33d65a3e835c1dec32f109e,CURRENT_SOURCE
index_archivos/PDFMerger-master/tcpdf/fonts/dejavusansmonob.php,.php,115114,89ad969767996b1a84fe1dc7340e73102b7144304ab802d3f1f7b476feff1a1e,CURRENT_SOURCE
index_archivos/PDFMerger-master/tcpdf/fonts/dejavusansmonob.z,.z,193788,08f5b12694a69b404d8dc4c543de51f9e896ea3f87ffda512faa9cde822ecc43,CURRENT_SOURCE
index_archivos/PDFMerger-master/tcpdf/fonts/dejavusansmonobi.ctg.z,.z,4983,62ecd004f7d18091bbc711c5849b38f2f10dfcd4b320b7d7c4b9afbf16a4e835,CURRENT_SOURCE
index_archivos/PDFMerger-master/tcpdf/fonts/dejavusansmonobi.php,.php,92901,24bfe8dfe0f46a571bcaf2bbb87ce903e6db041cd488b32fbffe6c322de05cbb,CURRENT_SOURCE
index_archivos/PDFMerger-master/tcpdf/fonts/dejavusansmonobi.z,.z,145530,6acda976100eb802a6d92231a0edece5c0ccb92a2c4b64e1336deaca70895967,CURRENT_SOURCE
index_archivos/PDFMerger-master/tcpdf/fonts/dejavusansmonoi.ctg.z,.z,5221,d8ec6a157aaeb91da2553033fe278a287a047d7e2cb4d66ebc4ebde65176b4fc,CURRENT_SOURCE
index_archivos/PDFMerger-master/tcpdf/fonts/dejavusansmonoi.php,.php,97895,b6d4faf8499e71c21de1388850862e3f88479690540ab614318b923ee8b7d149,CURRENT_SOURCE
index_archivos/PDFMerger-master/tcpdf/fonts/dejavusansmonoi.z,.z,147290,5b44607e05eab09e57dc358716bee5fac28c72944b9859cfedf1d1d95cff12f0,CURRENT_SOURCE
index_archivos/PDFMerger-master/tcpdf/fonts/dejavuserif.ctg.z,.z,6458,0fe8e4df8bf597312d39efeae0e54df6d5b1fc692b6e5b64d03423990012e8a9,CURRENT_SOURCE
index_archivos/PDFMerger-master/tcpdf/fonts/dejavuserif.php,.php,124925,c1373fc6c010fe020516be47427252cf701cd43c2d320a8ed2acd206dd978531,CURRENT_SOURCE
index_archivos/PDFMerger-master/tcpdf/fonts/dejavuserif.z,.z,205777,bb61517a33c4ce844cd3277ed28260d93751a140005a8ebaca6820ab3f4c4a36,CURRENT_SOURCE
index_archivos/PDFMerger-master/tcpdf/fonts/dejavuserifb.ctg.z,.z,6199,6e22606d7bf6d399050692cf6ad201e4ed105cd5d0ef3c77e4f97c2a5fd20214,CURRENT_SOURCE
index_archivos/PDFMerger-master/tcpdf/fonts/dejavuserifb.php,.php,119452,868adc5e495adcadbf9232fb90cf4c43f629d173a88d0ee2cb18be5ca953f954,CURRENT_SOURCE
index_archivos/PDFMerger-master/tcpdf/fonts/dejavuserifb.z,.z,191695,b30de2442f3cb1866c33661a2b51053e72a361f67f76ba5b5aa298fe424a5345,CURRENT_SOURCE
index_archivos/PDFMerger-master/tcpdf/fonts/dejavuserifbi.ctg.z,.z,6206,7470b24bb6fef89e3e338b92912ab1441ce023d63067d2841c5f5d5c9707fd21,CURRENT_SOURCE
index_archivos/PDFMerger-master/tcpdf/fonts/dejavuserifbi.php,.php,120367,7ed596d569cec2a4e1a0be1e7e9b97d073563050c477a6a16d2c5446c010612e,CURRENT_SOURCE
index_archivos/PDFMerger-master/tcpdf/fonts/dejavuserifbi.z,.z,193465,aeba17165be8f84c47386016af4d442f7c01053fcafad25758b909a07161855b,CURRENT_SOURCE
index_archivos/PDFMerger-master/tcpdf/fonts/dejavuserifcondensed.ctg.z,.z,6458,0fe8e4df8bf597312d39efeae0e54df6d5b1fc692b6e5b64d03423990012e8a9,CURRENT_SOURCE
index_archivos/PDFMerger-master/tcpdf/fonts/dejavuserifcondensed.php,.php,124537,0f926f3193ecbd636813e73d22110546fb7b8ce717a512e5c0c05e8a1154185e,CURRENT_SOURCE
index_archivos/PDFMerger-master/tcpdf/fonts/dejavuserifcondensed.z,.z,184689,02d268e743598cfe03ba2ef0b7b1a5b4589d4fc756956a65d3be448f705f6730,CURRENT_SOURCE
index_archivos/PDFMerger-master/tcpdf/fonts/dejavuserifcondensedb.ctg.z,.z,6199,6e22606d7bf6d399050692cf6ad201e4ed105cd5d0ef3c77e4f97c2a5fd20214,CURRENT_SOURCE
index_archivos/PDFMerger-master/tcpdf/fonts/dejavuserifcondensedb.php,.php,119077,0f9ae9148a4b3fa38aeca26ea3e0cd4ccec26599f6dab6357659890034bbd72b,CURRENT_SOURCE
index_archivos/PDFMerger-master/tcpdf/fonts/dejavuserifcondensedb.z,.z,175232,c2ada9f11be4c3198c69775c387c666fba10ef2d8c0cdb5611d2cb3565c4c451,CURRENT_SOURCE
index_archivos/PDFMerger-master/tcpdf/fonts/dejavuserifcondensedbi.ctg.z,.z,6206,7470b24bb6fef89e3e338b92912ab1441ce023d63067d2841c5f5d5c9707fd21,CURRENT_SOURCE
index_archivos/PDFMerger-master/tcpdf/fonts/dejavuserifcondensedbi.php,.php,119954,0f600d1afcd8f4c484aac6afcc9ff1a1a6906b12d3985667fc54d388784b1233,CURRENT_SOURCE
index_archivos/PDFMerger-master/tcpdf/fonts/dejavuserifcondensedbi.z,.z,195428,aaa7224b3869a1c8b568079b6c5a2303f912ff98676e8329880c483694b87b09,CURRENT_SOURCE
index_archivos/PDFMerger-master/tcpdf/fonts/dejavuserifcondensedi.ctg.z,.z,6435,35e01af70d7bd5b6a83d8631218a8c0a77fdec40d0f97819c7b76599ce34bc26,CURRENT_SOURCE
index_archivos/PDFMerger-master/tcpdf/fonts/dejavuserifcondensedi.php,.php,124727,1d0b20352b322adbfccf6baf9d910057cc76d75c4a127d0dc851dcee99ac8ece,CURRENT_SOURCE
index_archivos/PDFMerger-master/tcpdf/fonts/dejavuserifcondensedi.z,.z,197832,d335151ffdfb4df5eb2f449c62b9837fe94844652f6561aefb7f92975fca87dd,CURRENT_SOURCE
index_archivos/PDFMerger-master/tcpdf/fonts/dejavuserifi.ctg.z,.z,6435,35e01af70d7bd5b6a83d8631218a8c0a77fdec40d0f97819c7b76599ce34bc26,CURRENT_SOURCE
index_archivos/PDFMerger-master/tcpdf/fonts/dejavuserifi.php,.php,125140,5511163c650a1c482fccf605250549cb198d0f3ae4de917a0a8e1f36e221ae1f,CURRENT_SOURCE
index_archivos/PDFMerger-master/tcpdf/fonts/dejavuserifi.z,.z,195509,04b4d65716cdf6d93bafeffe2503e2aaedcd981d90c775c7470081d7da16a4ee,CURRENT_SOURCE
index_archivos/PDFMerger-master/tcpdf/fonts/freefont-20100919/AUTHORS,[none],6956,019ca544a561c8fe0daab1ae97ea73b292eafe5f21dff4f5ddf5e927c2a9c76a,CURRENT_SOURCE
index_archivos/PDFMerger-master/tcpdf/fonts/freefont-20100919/COPYING,[none],35821,0b383d5a63da644f628d99c33976ea6487ed89aaa59f0b3257992deac1171e6b,CURRENT_SOURCE
index_archivos/PDFMerger-master/tcpdf/fonts/freefont-20100919/CREDITS,[none],22878,2201bd278b960953d55382a326ec82322894e21a38ee624cc73a46578cf256c1,CURRENT_SOURCE
index_archivos/PDFMerger-master/tcpdf/fonts/freefont-20100919/ChangeLog,[none],204549,64d2a031afd1773c7ea6c04be97adbd51f45da62224d8498d37672adc1e6b0b8,CURRENT_SOURCE
index_archivos/PDFMerger-master/tcpdf/fonts/freefont-20100919/INSTALL,[none],2680,6a1d5eee69d558481805dfdfb8b68ee25121596ba425b647cd92d92beb5a322a,CURRENT_SOURCE
index_archivos/PDFMerger-master/tcpdf/fonts/freefont-20100919/README,[none],4421,7d5a944377e61d0d95d7efa5dae1fa49b862285a7deb34aea451f7e286587b55,CURRENT_SOURCE
index_archivos/PDFMerger-master/tcpdf/fonts/freefont-20120503/AUTHORS,[none],7146,c5239da25cea3d47e78d8a992c78c6f69115fa5642ae70ffc12da16f61cc5076,CURRENT_SOURCE
index_archivos/PDFMerger-master/tcpdf/fonts/freefont-20120503/COPYING,[none],35821,0b383d5a63da644f628d99c33976ea6487ed89aaa59f0b3257992deac1171e6b,CURRENT_SOURCE
index_archivos/PDFMerger-master/tcpdf/fonts/freefont-20120503/CREDITS,[none],23240,da8e9145591c82a4e1aa2aeb5bfccd18d61ca3c62efb2e403598c85dbafbe8f5,CURRENT_SOURCE
index_archivos/PDFMerger-master/tcpdf/fonts/freefont-20120503/ChangeLog,[none],446918,ffb0ede4ff2a610caa21f694ef80b873012117d622051d610fe5ae660795948d,CURRENT_SOURCE
index_archivos/PDFMerger-master/tcpdf/fonts/freefont-20120503/INSTALL,[none],3537,2389ff39f75e027efbcfd2cd595cbe82ee8942f9a242699d491961395c91e3e9,CURRENT_SOURCE
index_archivos/PDFMerger-master/tcpdf/fonts/freefont-20120503/README,[none],5242,02eec6ffd49657b7d81b83802fc9b7cf146b9985857213a27ca6b5278ad696a2,CURRENT_SOURCE
index_archivos/PDFMerger-master/tcpdf/fonts/freefont-20120503/TROUBLESHOOTING,[none],4696,39556ff42cdba2758bc7e7c1b69a1d7186547d8b3381d7f88c0001f934b0b38c,CURRENT_SOURCE
index_archivos/PDFMerger-master/tcpdf/fonts/freefont-20120503/USAGE,[none],6245,b62963a60f57092397335d2594154f9e3740df6d15dfb5b0551fe12ac1b6f8c3,CURRENT_SOURCE
index_archivos/PDFMerger-master/tcpdf/fonts/freemono.ctg.z,.z,7904,e108f16ebc02c4f67f904083681a6a95ac386348a5cd82b61828dd127bba65f1,CURRENT_SOURCE
index_archivos/PDFMerger-master/tcpdf/fonts/freemono.php,.php,155932,acc3b4adae91d0506dae259cd90c618370e69fae20b29c485393881570f692cf,CURRENT_SOURCE
index_archivos/PDFMerger-master/tcpdf/fonts/freemono.z,.z,304768,62aa8c4c63b8f5a2c2355a292d8afe2919afc6591d34e53341fe94751db47970,CURRENT_SOURCE
index_archivos/PDFMerger-master/tcpdf/fonts/freemonob.ctg.z,.z,3968,037a78a1dc04f3b058fe3938d5e3fe5b3e85776b2319af3676222ddf1500aad1,CURRENT_SOURCE
index_archivos/PDFMerger-master/tcpdf/fonts/freemonob.php,.php,74921,2592c17e6c949841571d579cd70675b32c63d9f29fd196784fda013640ba4203,CURRENT_SOURCE
index_archivos/PDFMerger-master/tcpdf/fonts/freemonob.z,.z,161601,dba80cc21f0282b1c41f1e0ae1ea5cbcc93ea73730cbbd0473e4badce10a8e57,CURRENT_SOURCE
index_archivos/PDFMerger-master/tcpdf/fonts/freemonobi.ctg.z,.z,3528,609a78709427b585350b08b7f04ca9907ec6764b4c8a51decd40e0486930a446,CURRENT_SOURCE
index_archivos/PDFMerger-master/tcpdf/fonts/freemonobi.php,.php,66061,06dff8a68e6db34f37e9112d55e85ea174f8b395b692415595da1709b8b0d9dc,CURRENT_SOURCE
index_archivos/PDFMerger-master/tcpdf/fonts/freemonobi.z,.z,170654,da8c7bf2344df5872b7a3bc3ed974b79514da4a66ee3bdb93b08797df2dbd270,CURRENT_SOURCE
index_archivos/PDFMerger-master/tcpdf/fonts/freemonoi.ctg.z,.z,4364,c0c2add1a335f389e470d4e8128ab76b45a2afbb0bf803b0f56113816cc85952,CURRENT_SOURCE
index_archivos/PDFMerger-master/tcpdf/fonts/freemonoi.php,.php,83493,44d9f77c456b93cd37baf11a21a223db497004d2c806ccd5c689a3b7afb6bd0a,CURRENT_SOURCE
index_archivos/PDFMerger-master/tcpdf/fonts/freemonoi.z,.z,221911,fa724fd0a9f7f79a33b2cc85689b332b223007f8449510646ae3c40fcc6562d9,CURRENT_SOURCE
index_archivos/PDFMerger-master/tcpdf/fonts/freesans.ctg.z,.z,8661,b6494363b71c3fe6be2029a59d13c2d5e51728043c9dd8501ce0c2d6c59b9da7,CURRENT_SOURCE
index_archivos/PDFMerger-master/tcpdf/fonts/freesans.php,.php,165805,0cc9883d150c0ebfb78fdb7a9d3dfb8914ff0add863813a5cd72e4aa3301c517,CURRENT_SOURCE
index_archivos/PDFMerger-master/tcpdf/fonts/freesans.z,.z,807705,4c4960e1d89c663814ded279608c02fb00c402ed5054f158ab4a291b771e78ff,CURRENT_SOURCE
index_archivos/PDFMerger-master/tcpdf/fonts/freesansb.ctg.z,.z,5192,812296b53456a3d7a68c8ff03760c6591cb030e3e303c8f9f56ba520be5cdb1c,CURRENT_SOURCE
index_archivos/PDFMerger-master/tcpdf/fonts/freesansb.php,.php,97856,c6cd1bfd337f05211358fffb3c465a8d0e23fe24dc5295316379f0ea7fa3ef02,CURRENT_SOURCE
index_archivos/PDFMerger-master/tcpdf/fonts/freesansb.z,.z,238874,bae492b2aa5835cbc0ad3b72a61d20ab7451f8602ea55ff272c3aaa07d9c716e,CURRENT_SOURCE
index_archivos/PDFMerger-master/tcpdf/fonts/freesansbi.ctg.z,.z,4626,d463c658ebccac42279b8b6183c2ea47a259d009fb60e555b0ad6e3e8fe60672,CURRENT_SOURCE
index_archivos/PDFMerger-master/tcpdf/fonts/freesansbi.php,.php,88462,d7cdc4e386d07ae5bff5ccef119e690b2f590499b5e51eb29f5712fd43c520c5,CURRENT_SOURCE
index_archivos/PDFMerger-master/tcpdf/fonts/freesansbi.z,.z,194919,c092b81211ead83e86302922e5c0413fc8f3a85552ec3839c77534c00043d8be,CURRENT_SOURCE
index_archivos/PDFMerger-master/tcpdf/fonts/freesansi.ctg.z,.z,4927,8618ffa1f3b7c70b023aa5f4e0e9289ecbb6e17aa2d708c9dbc1ae1626f7eca5,CURRENT_SOURCE
index_archivos/PDFMerger-master/tcpdf/fonts/freesansi.php,.php,94225,135afef88ed3e5d0974e6c22f2721c352d3ae7844aa0bf9b1afcdc8fa9ea1e79,CURRENT_SOURCE
index_archivos/PDFMerger-master/tcpdf/fonts/freesansi.z,.z,424478,c41875574b59425f424893de07e1fca686d42c94749ce3bc16bb103c6eb12eed,CURRENT_SOURCE
index_archivos/PDFMerger-master/tcpdf/fonts/freeserif.ctg.z,.z,12610,5d7ff3bd6ecdc125a7c1bf7a6687ef78bf12cf8e8ed56699fa7a5725a67f166d,CURRENT_SOURCE
index_archivos/PDFMerger-master/tcpdf/fonts/freeserif.php,.php,242911,d9c18486cc6f8d10735f4632c8d48209a9ec79c2f8e938f9e467b8e65e30c810,CURRENT_SOURCE
index_archivos/PDFMerger-master/tcpdf/fonts/freeserif.z,.z,1835770,c17cdde06e419b03e4f4c2e5b044c3447471b4706ff2dafa6bf5d248637d4582,CURRENT_SOURCE
index_archivos/PDFMerger-master/tcpdf/fonts/freeserifb.ctg.z,.z,7834,fd71b4261af00d0ad85ec057a95d097f85551bc6c1a98804a515f54f137d0cc4,CURRENT_SOURCE
index_archivos/PDFMerger-master/tcpdf/fonts/freeserifb.php,.php,151721,86ca3bba2e8a66cf093c26634b6ea7141a37f3cb0e4e33a8ce6ae30ec7b0e1ec,CURRENT_SOURCE
index_archivos/PDFMerger-master/tcpdf/fonts/freeserifb.z,.z,688505,43795bf8f6f64e7b43460af4bd3a8ede74e07970a048b9a0d568df44144f769a,CURRENT_SOURCE
index_archivos/PDFMerger-master/tcpdf/fonts/freeserifbi.ctg.z,.z,5104,8bc779d856f144d5b5184911a30447660b0f2aa7e82634253e08114e8624ebeb,CURRENT_SOURCE
index_archivos/PDFMerger-master/tcpdf/fonts/freeserifbi.php,.php,97751,3050c92a0a1077ad4d9c268c986a41bccac207598133c00681f4055a4eb03e56,CURRENT_SOURCE
index_archivos/PDFMerger-master/tcpdf/fonts/freeserifbi.z,.z,345721,0aa2e5e4bea3e2ca1baa4589c816972a63a0f115738054869bae4f9494e5ffbc,CURRENT_SOURCE
index_archivos/PDFMerger-master/tcpdf/fonts/freeserifi.ctg.z,.z,5353,1d06f6b7db6dcd63940a7eb8f6f13ad2028e86921783624922c06f8b3ac70db4,CURRENT_SOURCE
index_archivos/PDFMerger-master/tcpdf/fonts/freeserifi.php,.php,102778,cca9824b91e1e1e7bdb95953e11f8a0b772c489fc63035c38e0d9e3ef2043767,CURRENT_SOURCE
index_archivos/PDFMerger-master/tcpdf/fonts/freeserifi.z,.z,536112,c12dbd16db13689acd2a1316949ffde8beacdd3ef970cd1e5aabcbeb0391abe4,CURRENT_SOURCE
index_archivos/PDFMerger-master/tcpdf/fonts/helvetica.php,.php,2588,ce8dddcef69e93f784dc17ceccbe05b2b6d1e8bb1578e718b7dcebd5ebc7d383,CURRENT_SOURCE
index_archivos/PDFMerger-master/tcpdf/fonts/helveticab.php,.php,2592,bf8d5cff88d62d303d8f3c948fc9fd0ad6b11f30a66d137b172856e8bdbd44fb,CURRENT_SOURCE
index_archivos/PDFMerger-master/tcpdf/fonts/helveticabi.php,.php,2601,26ca4f14e8fca2e9011efd407bab7a4ac567b1a910b673714b9341073504b2e9,CURRENT_SOURCE
index_archivos/PDFMerger-master/tcpdf/fonts/helveticai.php,.php,2596,cf2ad8038ae0b69ff366a44de5893630e41df4e582c383a0b7ccbc4b2aa2f886,CURRENT_SOURCE
index_archivos/PDFMerger-master/tcpdf/fonts/hysmyeongjostdmedium.php,.php,1877,e8a8142afa23b570180ed70d5affe936057d1f3f9971ad159b897f7e0270f6b8,CURRENT_SOURCE
index_archivos/PDFMerger-master/tcpdf/fonts/kozgopromedium.php,.php,3642,ff203e0d95c307ad860a86f16b49490bb2484cb9537d7846cd71286bf4c51c43,CURRENT_SOURCE
index_archivos/PDFMerger-master/tcpdf/fonts/kozminproregular.php,.php,3517,24d5cfd652da72c114a13e314177e1b25026c2f4d5e82db9e218f5ed77a7ef41,CURRENT_SOURCE
index_archivos/PDFMerger-master/tcpdf/fonts/msungstdlight.php,.php,1588,58ba22ab4648629fd6705290781cd778be243587993c67bb8f4469b0687cd0da,CURRENT_SOURCE
index_archivos/PDFMerger-master/tcpdf/fonts/pdfacourier.php,.php,2636,d122f7059e6424ebdc4b2ff44722f1f46ca40d0396eb9aaa0847cb4c197e0b29,CURRENT_SOURCE
index_archivos/PDFMerger-master/tcpdf/fonts/pdfacourier.z,.z,37531,bbf68df2031af70e78d168fe6f3a4a4dde9f16da5ca56cdde11f7c6af5b457f5,CURRENT_SOURCE
index_archivos/PDFMerger-master/tcpdf/fonts/pdfacourierb.php,.php,2647,cd367e2dc68f14979e2521c5c3dce0475496b1c31f7c8b81c4263a1d6517afa3,CURRENT_SOURCE
index_archivos/PDFMerger-master/tcpdf/fonts/pdfacourierb.z,.z,39588,8200fa8122a2edcbcc484afe557ffe0978ecb1e34924efa44c0c21c6c19fd995,CURRENT_SOURCE
index_archivos/PDFMerger-master/tcpdf/fonts/pdfacourierbi.php,.php,2657,abf5944ebadfd183758a5b66e21e747ac952be1da729c5f234469eb22466d1b9,CURRENT_SOURCE
index_archivos/PDFMerger-master/tcpdf/fonts/pdfacourierbi.z,.z,44697,0506dec567707895cc07771c7f5f45b84581bdd35be23e1974e2410aeb19ca8e,CURRENT_SOURCE
index_archivos/PDFMerger-master/tcpdf/fonts/pdfacourieri.php,.php,2648,6c6df73c12d6cd148cc97b0d27ed9c76a6c99a93d6f7e607b27d9ea95d11e819,CURRENT_SOURCE
index_archivos/PDFMerger-master/tcpdf/fonts/pdfacourieri.z,.z,35283,5d617f0a220f6c1283feb8b9c302521845851cbfcff534a6f883be6e0b862c5f,CURRENT_SOURCE
index_archivos/PDFMerger-master/tcpdf/fonts/pdfahelvetica.php,.php,2651,3a757f92c92d7ea74e78068b64053878cb074a3f317f5fce910fe164131bf59d,CURRENT_SOURCE
index_archivos/PDFMerger-master/tcpdf/fonts/pdfahelvetica.z,.z,25258,ca31153dc887b93ce053bf17137fee4d8be3a2024f07bdea56d0f5adb6dd1d90,CURRENT_SOURCE
index_archivos/PDFMerger-master/tcpdf/fonts/pdfahelveticab.php,.php,2659,c599b8a99faa2541d53852ab110f2625eb92b4276d9b3e16b4e8fa5b48879552,CURRENT_SOURCE
index_archivos/PDFMerger-master/tcpdf/fonts/pdfahelveticab.z,.z,25613,76dfb888f6355b30f48676cdec4aa61ccbdbc4cbbbd30e27d2a8fd0911b2fab3,CURRENT_SOURCE
index_archivos/PDFMerger-master/tcpdf/fonts/pdfahelveticabi.php,.php,2669,675c4b06679c4c802bcaa8915ef09dd0968b5b6b2f375aa2ffd31c248f34d814,CURRENT_SOURCE
index_archivos/PDFMerger-master/tcpdf/fonts/pdfahelveticabi.z,.z,32971,517ad0434044ceb553027378eef5a8aac3c2fe94b6087fda9cf07026529debbb,CURRENT_SOURCE
index_archivos/PDFMerger-master/tcpdf/fonts/pdfahelveticai.php,.php,2661,cc62e817d19c32a3ecf0d8f50e32b6da4c7f1fd262cc3fae1b138f7a79565340,CURRENT_SOURCE
index_archivos/PDFMerger-master/tcpdf/fonts/pdfahelveticai.z,.z,29093,e9129ad2aca9d2065d2564afd8d5496777c1cc970f6180e1b0a3caeca5d009e6,CURRENT_SOURCE
index_archivos/PDFMerger-master/tcpdf/fonts/pdfasymbol.php,.php,4784,d0b1e07fe944961e59a313f401adcb2bcc74e1721980ccabd4b5c90138d3e4a8,CURRENT_SOURCE
index_archivos/PDFMerger-master/tcpdf/fonts/pdfasymbol.z,.z,30488,244c979df30bd707ac33d9e0ab8cfd3cb7f5881c3e65f8472b4ceee5103bec0f,CURRENT_SOURCE
index_archivos/PDFMerger-master/tcpdf/fonts/pdfatimes.php,.php,2640,d38faad4a7cb4003c730d8bb41d11558183bdbf1fb0f9b93dc5b450fdc77de12,CURRENT_SOURCE
index_archivos/PDFMerger-master/tcpdf/fonts/pdfatimes.z,.z,39032,8eff2077372272e8633e64ccbe62cc283957394c5efc6036abe1b6318a60a9be,CURRENT_SOURCE
index_archivos/PDFMerger-master/tcpdf/fonts/pdfatimesb.php,.php,2654,77ef79af31e897fdc109299599b41d6780f2124354593e01f471dd402f853af7,CURRENT_SOURCE
index_archivos/PDFMerger-master/tcpdf/fonts/pdfatimesb.z,.z,38174,3cd811d0a8a4fa74159883f8b5721e5afe16af6506c181ec6e5b1d8adc90a388,CURRENT_SOURCE
index_archivos/PDFMerger-master/tcpdf/fonts/pdfatimesbi.php,.php,2659,bb728caf0205d0bb9492ab8cd2ebe6251f7bfa433ea55fd818c9ab60558beffa,CURRENT_SOURCE
index_archivos/PDFMerger-master/tcpdf/fonts/pdfatimesbi.z,.z,40718,addd94093f0fdb17530dfcaad418d7e1a699115ff40a111254055af040a4baba,CURRENT_SOURCE
index_archivos/PDFMerger-master/tcpdf/fonts/pdfatimesi.php,.php,2648,cad99dd419cfedb7d2ed5563c142b3e93f86dc5d7bba30c1dd707127c742b07d,CURRENT_SOURCE
index_archivos/PDFMerger-master/tcpdf/fonts/pdfatimesi.z,.z,35922,d405699f0c6edb6fa20b8c010b10eda06914bbaca8c302e3bfed9c23fcf61b34,CURRENT_SOURCE
index_archivos/PDFMerger-master/tcpdf/fonts/pdfazapfdingbats.php,.php,2640,4267d2bed1f67eef2c3aa884c0ae9f1e8821a876a478db08133846351ffda11c,CURRENT_SOURCE
index_archivos/PDFMerger-master/tcpdf/fonts/pdfazapfdingbats.z,.z,50768,99b40472ab7f3f3b8d900f3ac1339f4761e0aa2f2e075fd957bba8fb1dc4af02,CURRENT_SOURCE
index_archivos/PDFMerger-master/tcpdf/fonts/stsongstdlight.php,.php,1666,4c58dcb794d303cc24b78010bcdc2ea9d572ac5717d592215949197d96630ed5,CURRENT_SOURCE
index_archivos/PDFMerger-master/tcpdf/fonts/symbol.php,.php,2567,5476e4fd3b1b9486d6abc26a94f4bd312b109cefab744e0dcac8198b1fd54006,CURRENT_SOURCE
index_archivos/PDFMerger-master/tcpdf/fonts/times.php,.php,2584,0c89db08820581961dbf0033333bdf8645a21e7d9179525dd7b2f4098f069281,CURRENT_SOURCE
index_archivos/PDFMerger-master/tcpdf/fonts/timesb.php,.php,2589,cb111dfd6be44ab383fda69dc5cb5f49a94d34c7e22c2ff942c80e4e06924380,CURRENT_SOURCE
index_archivos/PDFMerger-master/tcpdf/fonts/timesbi.php,.php,2592,860b910b2ad8e787476291bfc6df425632cb61275be1cbe111661d5d99604eb9,CURRENT_SOURCE
index_archivos/PDFMerger-master/tcpdf/fonts/timesi.php,.php,2587,1c84e893dbf525aa985f6cd22b97c07a174c55be811facc6fc823f76b0fdf0c7,CURRENT_SOURCE
index_archivos/PDFMerger-master/tcpdf/fonts/uni2cid_ac15.php,.php,296380,924fd29da3eae8d2c164cb7505be53d051d52f33d1a8c17a841e8f412be364ab,CURRENT_SOURCE
index_archivos/PDFMerger-master/tcpdf/fonts/uni2cid_ag15.php,.php,381021,8e1cfae951fc6253ac16696d590b2a0e1c2983a519d909e4d668b5fedf5d434c,CURRENT_SOURCE
index_archivos/PDFMerger-master/tcpdf/fonts/uni2cid_aj16.php,.php,193747,4260d2e241cb6450b5cb92635494460b8756722ea0d32c3fe8a97ce4acaa6700,CURRENT_SOURCE
index_archivos/PDFMerger-master/tcpdf/fonts/uni2cid_ak12.php,.php,216083,6703e42c79a877265a8ea68f776035199284a2e949afcbc4042e67d8447ae04c,CURRENT_SOURCE
index_archivos/PDFMerger-master/tcpdf/fonts/zapfdingbats.php,.php,2564,96223cff67c48c8105436683f712a1db585fb76e8a9e4a1b65defb9d1d97c511,CURRENT_SOURCE
index_archivos/PDFMerger-master/tcpdf/fpdf_tpl.php,.php,15874,d766b890e6ff6110bbf8c14b93fbf5f7e6d9cda2e1dfd91681ec4ee08e6927b8,CURRENT_SOURCE
index_archivos/PDFMerger-master/tcpdf/include/barcodes/datamatrix.php,.php,43976,08e5f4953212b906b85e7a821469568afe0bba3545b2dec27bfb6fd35ec4ca3e,CURRENT_SOURCE
index_archivos/PDFMerger-master/tcpdf/include/barcodes/pdf417.php,.php,54878,7b06b5a0e16778420b6c86b61e1584e15e691f28ae854c235a0f767b20c08295,CURRENT_SOURCE
index_archivos/PDFMerger-master/tcpdf/include/barcodes/qrcode.php,.php,82950,8220d6839d0b7ae142cac16c68756b3ecee1e6b9e9e3924a4209847236525788,CURRENT_SOURCE
index_archivos/PDFMerger-master/tcpdf/include/sRGB.icc,.icc,3048,c4c1153168e817be61a676e403c370ce2c485a6bd54fbb59c3850845cfefad00,CURRENT_SOURCE
index_archivos/PDFMerger-master/tcpdf/include/tcpdf_colors.php,.php,15161,5e32dee26a7e82d53301c2943f339eaf549c8857b5309a7118400775e842b7cd,CURRENT_SOURCE
index_archivos/PDFMerger-master/tcpdf/include/tcpdf_filters.php,.php,15163,a442f91e29997301bdb904d43febdbc316d877462a5c5e8c7d3dc62aab535f41,CURRENT_SOURCE
index_archivos/PDFMerger-master/tcpdf/include/tcpdf_font_data.php,.php,331879,022dc888f9c5b1057d89d182baefa970727bae2993d131db4278b44e20f67511,CURRENT_SOURCE
index_archivos/PDFMerger-master/tcpdf/include/tcpdf_fonts.php,.php,98569,318ed175e4dc8714c7ae26cb98207c594666b545ae603ea0de654a52bd18aba0,CURRENT_SOURCE
index_archivos/PDFMerger-master/tcpdf/include/tcpdf_images.php,.php,11873,36efc8cde911814cea0f677128e226232020491f1414bb4d8db7b9a8fc59ef9d,CURRENT_SOURCE
index_archivos/PDFMerger-master/tcpdf/include/tcpdf_static.php,.php,110310,2bfe081e3b61a96417662cd970fa1999623ef6fbef683d8d76e5711309eff972,CURRENT_SOURCE
index_archivos/PDFMerger-master/tcpdf/tcpdf.php,.php,921648,4a4d1ac49a65ed6943f092541add8fdd25e8a0ddca1354cd877e8e636b325c5c,CURRENT_SOURCE
index_archivos/PDFMerger-master/tcpdf/tcpdf_autoconfig.php,.php,7396,85f197f1e8646ec75d49655e54d50fc51ec04c88df0d07980bae471111b38088,CURRENT_SOURCE
index_archivos/PDFMerger-master/tcpdf/tcpdf_barcodes_1d.php,.php,75763,6e659a284db0916c85d868252780e857b70fc47c4c32c65e5ee6974797bec895,CURRENT_SOURCE
index_archivos/PDFMerger-master/tcpdf/tcpdf_barcodes_2d.php,.php,15032,1233b9ebfa731e6e6e3a5a3cd401187d183fbc623f3f17173f65cbf45e2b9d79,CURRENT_SOURCE
index_archivos/PDFMerger-master/tcpdf/tcpdf_import.php,.php,3431,c1b0a641430bf4f27811cfa1c63120edd2c2a2e83e69f5e85e1fa1a33bd6ff7a,CURRENT_SOURCE
index_archivos/PDFMerger-master/tcpdf/tcpdf_parser.php,.php,28451,e04402bcb7f99b1273988db88a17ae59b16b32472bae95cba241ba2a54c62d19,CURRENT_SOURCE
index_archivos/PDFMerger-master/tcpdf/tcpdi.php,.php,23733,ba6dccd2af657e8a13ec3daaf0b1a6be8aaf9ef0ebb1cd74ba8d2f068ced140f,CURRENT_SOURCE
index_archivos/PDFMerger-master/tcpdf/tcpdi_parser.php,.php,54517,064b6180040e9fd8f52a5ca52cdfbc8e9ad935134a67f7a7f9d51beea2b265e6,CURRENT_SOURCE
index_archivos/PDFMerger-master/tcpdf/tools/.htaccess,[none],15,5b1221fe09b6bc35512d7daf1b142a4d21b80dae05442f1908605a30c8a1f8bf,CURRENT_SOURCE
index_archivos/PDFMerger-master/tcpdf/tools/convert_fonts_examples.txt,.txt,2031,5909b61b30a062a5797a85e132d6a39786076a1681981dcae77b7bbb3224b61f,CURRENT_SOURCE
index_archivos/PDFMerger-master/tcpdf/tools/tcpdf_addfont.php,.php,7718,0efe79e4a9fcf5dc0e64c4363a868515a4eed4922f94e2919730be95122aa5a4,CURRENT_SOURCE
index_archivos/PHPExcel/Classes/PHPExcel.php,.php,31548,067486f51ec8b43d98b4c2acbe6a6445fd6c3a4454d4bfa2d10609f6acf1ec13,CURRENT_SOURCE
index_archivos/PHPExcel/Classes/PHPExcel/Autoloader.php,.php,3037,39c4fb274d0fca0532de619a8235f3c0e192235631025023178479d4d4dbc73a,CURRENT_SOURCE
index_archivos/PHPExcel/Classes/PHPExcel/CachedObjectStorage/APC.php,.php,10168,56021268eec95adf7bdab9840898d0e10c9ceeee9e33a95f34c9006662da4d13,CURRENT_SOURCE
index_archivos/PHPExcel/Classes/PHPExcel/CachedObjectStorage/CacheBase.php,.php,9307,6e9841e0c96d648cb25c327db716281716920a0617d982ba4a44f9e39c3c1757,CURRENT_SOURCE
index_archivos/PHPExcel/Classes/PHPExcel/CachedObjectStorage/DiscISAM.php,.php,6682,6e6f05c4948ecb3a808facf0ee67b753ea4428890e8e169b151b565f5d560995,CURRENT_SOURCE
index_archivos/PHPExcel/Classes/PHPExcel/CachedObjectStorage/ICache.php,.php,3494,98f62e0c69019f1b7d95d75f8fe48fb253a33a39840cdd06354356463c9da529,CURRENT_SOURCE
index_archivos/PHPExcel/Classes/PHPExcel/CachedObjectStorage/Igbinary.php,.php,4703,52029ff67b489d590ad68e2c34deee59fe5031365a43400433690f72cbd9c0a9,CURRENT_SOURCE
index_archivos/PHPExcel/Classes/PHPExcel/CachedObjectStorage/Memcache.php,.php,9926,670852acce9e0b1a957efe63d8f28dbf787452e43f3b0f640da5db42f9968303,CURRENT_SOURCE
index_archivos/PHPExcel/Classes/PHPExcel/CachedObjectStorage/Memory.php,.php,3876,29e62c076483c9f2632b1dbb7c1b84b5e0406e804c687ac0f243ebf710b1f620,CURRENT_SOURCE
index_archivos/PHPExcel/Classes/PHPExcel/CachedObjectStorage/MemoryGZip.php,.php,4354,a4cce289e66d5c531ca55b63622953e999e55ed43699c9dcd818aaac6cd5a09f,CURRENT_SOURCE
index_archivos/PHPExcel/Classes/PHPExcel/CachedObjectStorage/MemorySerialized.php,.php,4344,28677cfedbf1f0113aca5a9f2c90ff663ea9c38acd3e25851058a4829471b272,CURRENT_SOURCE
index_archivos/PHPExcel/Classes/PHPExcel/CachedObjectStorage/PHPTemp.php,.php,6385,26d2852047df15f25c62cfa4a63db9f06b54473ab374d88776b8415c1ce52840,CURRENT_SOURCE
index_archivos/PHPExcel/Classes/PHPExcel/CachedObjectStorage/SQLite.php,.php,9833,48d760da9d41f5bbb008241278a6daca3d9f5e340c6abaa4412f71450457f57b,CURRENT_SOURCE
index_archivos/PHPExcel/Classes/PHPExcel/CachedObjectStorage/SQLite3.php,.php,10638,48a49faf42c9315bc5d48c6a58182b7309795d143ad6e3bf0d674f799af24b9f,CURRENT_SOURCE
index_archivos/PHPExcel/Classes/PHPExcel/CachedObjectStorage/Wincache.php,.php,9200,798d34a92bb32f32b2ae42c6cae436b9ec1ecd7d8d959aed67b8523f30059b3d,CURRENT_SOURCE
index_archivos/PHPExcel/Classes/PHPExcel/CachedObjectStorageFactory.php,.php,8616,d3cd7b64e50eaba80cebb56e61d8d44fb6e14081b81c5a116c3fe4aa9f9e5e67,CURRENT_SOURCE
index_archivos/PHPExcel/Classes/PHPExcel/CalcEngine/CyclicReferenceStack.php,.php,2493,7c17559f375ebbdebb4f5655ffbfe7854404592bd65a555f504622ada10458f4,CURRENT_SOURCE
index_archivos/PHPExcel/Classes/PHPExcel/CalcEngine/Logger.php,.php,4129,ab792a8248a4884ccd109db1a8d756bb5e1c700330bdd44459aa8a77ff660600,CURRENT_SOURCE
index_archivos/PHPExcel/Classes/PHPExcel/Calculation.php,.php,179162,78a3d1ed75a97e23e8d907c869a4388fe3248aa87026cae01006c4a9bf85cfc7,CURRENT_SOURCE
index_archivos/PHPExcel/Classes/PHPExcel/Calculation/Database.php,.php,28654,441f5c9c5e73b914972918d2fe44e4efcda37a96d8d070e0fcf5f04b00212298,CURRENT_SOURCE
index_archivos/PHPExcel/Classes/PHPExcel/Calculation/DateTime.php,.php,57169,6a76bce90970579773a355181a6e5667d9e96b5126e4cd8623fb99e282d06375,CURRENT_SOURCE
index_archivos/PHPExcel/Classes/PHPExcel/Calculation/Engineering.php,.php,100938,e187954ece2fd862901d9535a72c38ad44c11276e0806740cbcf12aa0ce07d7c,CURRENT_SOURCE
index_archivos/PHPExcel/Classes/PHPExcel/Calculation/Exception.php,.php,1708,41d5e98541958bc09374306fd701781359da7e1dc383162d258eaf0fce045ed0,CURRENT_SOURCE
index_archivos/PHPExcel/Classes/PHPExcel/Calculation/ExceptionHandler.php,.php,1621,592c5c40695e975f2024803f02ad338b9643a6189a2df1f63d56a970f9e00b93,CURRENT_SOURCE
index_archivos/PHPExcel/Classes/PHPExcel/Calculation/Financial.php,.php,89978,16d82c4280d590d21e3a6258102ae9ba1aad3343192bddb210b5b6947fe1b598,CURRENT_SOURCE
index_archivos/PHPExcel/Classes/PHPExcel/Calculation/FormulaParser.php,.php,22761,7f7412fccc84642c0616759f78042a78ffdaf70ce26bb18013a27ea25efed51b,CURRENT_SOURCE
index_archivos/PHPExcel/Classes/PHPExcel/Calculation/FormulaToken.php,.php,5683,feceb78c39077623c9fc3a7714e6987b28957eccef9e46dfeeeb368b4b6126cc,CURRENT_SOURCE
index_archivos/PHPExcel/Classes/PHPExcel/Calculation/Function.php,.php,4138,872633e2523ed7be5715032182c3187fc81c8c0c53c9abe6e523d8d5796fb441,CURRENT_SOURCE
index_archivos/PHPExcel/Classes/PHPExcel/Calculation/Functions.php,.php,18086,827751f7925bec6c2cfc001e829b928d2e28ce483cb85bc957a1acdaec0ef360,CURRENT_SOURCE
index_archivos/PHPExcel/Classes/PHPExcel/Calculation/Logical.php,.php,10473,827a3cafba36e92fc7145dface3a3be1523b02cd94db924e1877d2cbe6929be2,CURRENT_SOURCE
index_archivos/PHPExcel/Classes/PHPExcel/Calculation/LookupRef.php,.php,33263,24b1f61072d22b603a460fc12aa7f6c48ac8ddb7e2f2c7198b6420869c107c98,CURRENT_SOURCE
index_archivos/PHPExcel/Classes/PHPExcel/Calculation/MathTrig.php,.php,39864,cc466ef47117a929d886cccbdf07ec7077abb341cea39e19b0809407a16993cf,CURRENT_SOURCE
index_archivos/PHPExcel/Classes/PHPExcel/Calculation/Statistical.php,.php,112894,a88b2ace89c271c199d8e6a870e33cc138274ca1f75e0baa70dc24e07883bccc,CURRENT_SOURCE
index_archivos/PHPExcel/Classes/PHPExcel/Calculation/TextData.php,.php,18368,5ed53bfae872b21579a7ec6548b93d260556d59098a6c52216eef33aeff5c369,CURRENT_SOURCE
index_archivos/PHPExcel/Classes/PHPExcel/Calculation/Token/Stack.php,.php,3029,ac5c54b78a57874a374e1512564fd308bc4953e1a57e71651a0d63fb312d1524,CURRENT_SOURCE
index_archivos/PHPExcel/Classes/PHPExcel/Calculation/functionlist.txt,.txt,2862,310f9604aac446bbc39f4601818565cc8498526abca52e068c591abef2b3a92b,CURRENT_SOURCE
index_archivos/PHPExcel/Classes/PHPExcel/Cell.php,.php,28126,b6f28387fde5f9d8f4b6e1b74ba6d8fe83deea727638ba70958ebb6657adfccc,CURRENT_SOURCE
index_archivos/PHPExcel/Classes/PHPExcel/Cell/AdvancedValueBinder.php,.php,9096,919608b7f7c3b84d7ecd287579a517ef426f4304f1d21f3660ab21d80a4559ee,CURRENT_SOURCE
index_archivos/PHPExcel/Classes/PHPExcel/Cell/DataType.php,.php,3660,0cdc63b3df63d6aeade0c82b075e0467287323c8cedfb19c05c53ede1255a43e,CURRENT_SOURCE
index_archivos/PHPExcel/Classes/PHPExcel/Cell/DataValidation.php,.php,10895,7239cb25ce346db02622e5a929d75f69f6dd0359498527aecc243c6132850a67,CURRENT_SOURCE
index_archivos/PHPExcel/Classes/PHPExcel/Cell/DefaultValueBinder.php,.php,3456,9f1b9251fc2e6c66b5cca085072f260243c0b93ae231f86f58f2de1377de758f,CURRENT_SOURCE
index_archivos/PHPExcel/Classes/PHPExcel/Cell/Hyperlink.php,.php,3119,0f6d6732803c76262d32ed6f2ef0fbc7d304b21c991380b6d308b84abf2015b9,CURRENT_SOURCE
index_archivos/PHPExcel/Classes/PHPExcel/Cell/IValueBinder.php,.php,1591,7f913f8db9f18b0ae9c4de4fe4c0a0bbe7ea1dc012ea41f1069b0a58e38a094c,CURRENT_SOURCE
index_archivos/PHPExcel/Classes/PHPExcel/Chart.php,.php,11656,c0f4f890a767e015166e12165760cfeebab3df43c7e5d81576f8f66616328c70,CURRENT_SOURCE
index_archivos/PHPExcel/Classes/PHPExcel/Chart/DataSeries.php,.php,8608,b34c34a53ce37ba66738c9aa2551036ce2a9d64a7bfbd1f244b596eb6846c50a,CURRENT_SOURCE
index_archivos/PHPExcel/Classes/PHPExcel/Chart/DataSeriesValues.php,.php,7887,74567753dbfd43a6800c7e66fd1357225e35da193cd13bf4d0c8e4841047f0cf,CURRENT_SOURCE
index_archivos/PHPExcel/Classes/PHPExcel/Chart/Exception.php,.php,1684,0b0420b2ad310b8b1b70a19d9f5c8ec57b9d3d1c85ae548e026f7ca67a2f8e49,CURRENT_SOURCE
index_archivos/PHPExcel/Classes/PHPExcel/Chart/Layout.php,.php,8795,7dd89525c4c86babf2e258add554d94d665a041d18cabfca12c2002f6dfc3c8e,CURRENT_SOURCE
index_archivos/PHPExcel/Classes/PHPExcel/Chart/Legend.php,.php,4434,95e1bda6b18f08e84f09b9044d5a674f48200c6a821eaf184712e0f42953d75a,CURRENT_SOURCE
index_archivos/PHPExcel/Classes/PHPExcel/Chart/PlotArea.php,.php,3045,796f2e4d89ae430fec445fed92fc4dd3246bf0402881c1cebda2fe22607d765b,CURRENT_SOURCE
index_archivos/PHPExcel/Classes/PHPExcel/Chart/Renderer/PHP Charting Libraries.txt,.txt,324,ec711ef00f5c190f24b57814a0fcf98dc9a97c17f9c097f213cbba23a4fbde04,CURRENT_SOURCE
index_archivos/PHPExcel/Classes/PHPExcel/Chart/Renderer/jpgraph.php,.php,29076,efddb71990a40f8372671f8ec56403d58c748b3c08605708d66052453a924343,CURRENT_SOURCE
index_archivos/PHPExcel/Classes/PHPExcel/Chart/Title.php,.php,2147,4a60490126dc0565fbc5fc7ad730d92bd1774fcfebac040cd56cf1ac5740cb9b,CURRENT_SOURCE
index_archivos/PHPExcel/Classes/PHPExcel/Comment.php,.php,7423,00ecbebd6c19c750a1bbb89a5dafec4857b1b9b72f3c40b66b4eac60bf743ac4,CURRENT_SOURCE
index_archivos/PHPExcel/Classes/PHPExcel/DocumentProperties.php,.php,16427,d9109dff8066ac9fe4aa23a042fc074cea30d2e7e26bb8a92c5051507d5b1f60,CURRENT_SOURCE
index_archivos/PHPExcel/Classes/PHPExcel/DocumentSecurity.php,.php,5091,a01bd85395c5c9b07246b7d88a9908303fd966341e4c47dcdfc2ea825d892e4a,CURRENT_SOURCE
index_archivos/PHPExcel/Classes/PHPExcel/Exception.php,.php,1717,72b37374be338bdc92c25d1b5438c5b19eddecfe1380f55a302e2f6d7ced1e16,CURRENT_SOURCE
index_archivos/PHPExcel/Classes/PHPExcel/HashTable.php,.php,4604,e651d80e60b72ab49694bf606cf0e5885f2802c52957a9bc3768ddfa1144a703,CURRENT_SOURCE
index_archivos/PHPExcel/Classes/PHPExcel/IComparable.php,.php,1355,1c082bbdd413720c985efaaeb65ce882b5b364c3356a823527cae47ad64a5f10,CURRENT_SOURCE
index_archivos/PHPExcel/Classes/PHPExcel/IOFactory.php,.php,8309,ee187bb0adc7be3f3f2dec121f505d7fe2f3ad35b9ebb28aef9e3cf0312c4f8a,CURRENT_SOURCE
index_archivos/PHPExcel/Classes/PHPExcel/NamedRange.php,.php,6101,898a091a4bfd8be77c0bc6e52a932ab7eb68872e86890629b4965461129bf463,CURRENT_SOURCE
index_archivos/PHPExcel/Classes/PHPExcel/Reader/Abstract.php,.php,6438,58cdb04dcc6862ad03cc325b20317fb630597a7356084302d1882855bedafcfa,CURRENT_SOURCE
index_archivos/PHPExcel/Classes/PHPExcel/Reader/CSV.php,.php,9852,1ff6f44112a76af7217396061c016b83f05b2ca3188b8e46754948b10ee65c88,CURRENT_SOURCE
index_archivos/PHPExcel/Classes/PHPExcel/Reader/DefaultReadFilter.php,.php,1857,b70200d9f2ccb3d7f454a720d06e271970157bf3625451819c63b631db4fe2c9,CURRENT_SOURCE
index_archivos/PHPExcel/Classes/PHPExcel/Reader/Excel2003XML.php,.php,28650,e9c7dd450e2edac7dd82bf14c44f31795a803518c7789de563de5dd79dc1f72c,CURRENT_SOURCE
index_archivos/PHPExcel/Classes/PHPExcel/Reader/Excel2007.php,.php,94777,246aad72c18022f133c198b0531693d1165c4dd5e4b451330b54baa587234044,CURRENT_SOURCE
index_archivos/PHPExcel/Classes/PHPExcel/Reader/Excel2007/Chart.php,.php,20773,f28955e00d7eebc796e2e2d2bfc05ee044750afec73296d6f4c72f0a654a957e,CURRENT_SOURCE
index_archivos/PHPExcel/Classes/PHPExcel/Reader/Excel2007/Theme.php,.php,2898,a813dead36fb721bdcd5da01e6667c4a148b8fe8e3c7482091f8d66595fe2eb8,CURRENT_SOURCE
index_archivos/PHPExcel/Classes/PHPExcel/Reader/Excel5.php,.php,237450,2c8dde93e6b53b72275e62be5d796e1741ec687363cf5f5e90d2770978f79701,CURRENT_SOURCE
index_archivos/PHPExcel/Classes/PHPExcel/Reader/Excel5/Escher.php,.php,19481,b3e56b534b8bf73f6eca483a470421ae1238699e9f5301922af79d2ba033eef1,CURRENT_SOURCE
index_archivos/PHPExcel/Classes/PHPExcel/Reader/Excel5/MD5.php,.php,8361,3b2851722f1016cb842a686b7a729ab0cf7096156e996a7f9e8e057283999247,CURRENT_SOURCE
index_archivos/PHPExcel/Classes/PHPExcel/Reader/Excel5/RC4.php,.php,2527,5955e83ff2c6ad0c7c1296cfbfef82970671288885c8c7ed56aae0c8274cdc5e,CURRENT_SOURCE
index_archivos/PHPExcel/Classes/PHPExcel/Reader/Exception.php,.php,1688,3d218ed2ec889afedf6fbcfed307fe177e8a8d60777bab809290f547fe681df5,CURRENT_SOURCE
index_archivos/PHPExcel/Classes/PHPExcel/Reader/Gnumeric.php,.php,31329,b1a63b8c8a102c8f6467e6bc493df6fb1bfdbb52000fbba2f301d7e949a082ea,CURRENT_SOURCE
index_archivos/PHPExcel/Classes/PHPExcel/Reader/HTML.php,.php,14369,aa538c2903f5bbf0aa9a48f74c4cb0bbeff1c637c114d653b778ac5a99bbd4a1,CURRENT_SOURCE
index_archivos/PHPExcel/Classes/PHPExcel/Reader/IReadFilter.php,.php,1581,2d4981ce6b4559d1798a696f882309bd6a87e361ae1e405674b752f3cd8b5202,CURRENT_SOURCE
index_archivos/PHPExcel/Classes/PHPExcel/Reader/IReader.php,.php,1646,8de5220af5cd1160f599f036cc5147303e62503556d633e569eb3349118ca5d8,CURRENT_SOURCE
index_archivos/PHPExcel/Classes/PHPExcel/Reader/OOCalc.php,.php,26998,dc57a93b993d4a5a7790d05b0ee4d7a99e31cf86ee7e0d14bb83156d43d18a01,CURRENT_SOURCE
index_archivos/PHPExcel/Classes/PHPExcel/Reader/SYLK.php,.php,14627,3491337b88654be2cca0f6d716abb17a6f9f709620335423afd31c1aa631a9c3,CURRENT_SOURCE
index_archivos/PHPExcel/Classes/PHPExcel/ReferenceHelper.php,.php,40874,95a697c7d8b29fbe2b850babe80dfbd9d9c1a6404e0a1fc56cd729deee62228e,CURRENT_SOURCE
index_archivos/PHPExcel/Classes/PHPExcel/RichText.php,.php,5405,1f25bcf5b27a593485c90d98fcd12bb26fcad718b34e1d01e5c2622dbef894a7,CURRENT_SOURCE
index_archivos/PHPExcel/Classes/PHPExcel/RichText/ITextElement.php,.php,1722,737c56b6cdf644808ada1bb9155f342d17ed99f50c19d2299ee312f2bb8ecf25,CURRENT_SOURCE
index_archivos/PHPExcel/Classes/PHPExcel/RichText/Run.php,.php,2629,3251a3e37e53b3213b5f740108b05428611c855b85a17b601325936fa99b59d9,CURRENT_SOURCE
index_archivos/PHPExcel/Classes/PHPExcel/RichText/TextElement.php,.php,2551,3f5b39a3fda3a311124858b27881fc7978309700fa7f3b6cfdd7a0053fcfbece,CURRENT_SOURCE
index_archivos/PHPExcel/Classes/PHPExcel/Settings.php,.php,12586,8164737c2e43388b6d41aa2ddf736351de047502210f484686a16965beaff0dc,CURRENT_SOURCE
index_archivos/PHPExcel/Classes/PHPExcel/Shared/CodePage.php,.php,4754,337d9c4d1cef5a15452bd28043634017c053df2f26b4246e22bd2808d8f7b57c,CURRENT_SOURCE
index_archivos/PHPExcel/Classes/PHPExcel/Shared/Date.php,.php,13306,51e70cef53d7819ce61344f641292efc3fc0a1f86f673d8d314301d32bbf72db,CURRENT_SOURCE
index_archivos/PHPExcel/Classes/PHPExcel/Shared/Drawing.php,.php,8735,99babf854844fd4819e50a99bff706548f93c1c7e1f921992640e15d77bc3a1e,CURRENT_SOURCE
index_archivos/PHPExcel/Classes/PHPExcel/Shared/Escher.php,.php,2325,d19ef8f5c6818e354caf1441a3d014ee6cf119c6cd8554ccc55431e48ca5526c,CURRENT_SOURCE
index_archivos/PHPExcel/Classes/PHPExcel/Shared/Escher/DgContainer.php,.php,2027,7248098f006cb1fe26f490d3be6a7d3208033fe4f7d0412364f97162dba5e76f,CURRENT_SOURCE
index_archivos/PHPExcel/Classes/PHPExcel/Shared/Escher/DgContainer/SpgrContainer.php,.php,2872,1b284bedfb03384a905cb580b09ebfe5bc3e7ed0c08b8309f753fae05f7b66dc,CURRENT_SOURCE
index_archivos/PHPExcel/Classes/PHPExcel/Shared/Escher/DgContainer/SpgrContainer/SpContainer.php,.php,8070,0dfd3c2d70d2632f24e13219fedc78949d724eb1dcc1c73be3badaa291489869,CURRENT_SOURCE
index_archivos/PHPExcel/Classes/PHPExcel/Shared/Escher/DggContainer.php,.php,4324,67c9e53ab9c9c8354ba56c9ff7c6550b7a6dc9d5847612ddef7b4fcf9c5d6d73,CURRENT_SOURCE
index_archivos/PHPExcel/Classes/PHPExcel/Shared/Escher/DggContainer/BstoreContainer.php,.php,1970,e8b078872f7826a7c3dd96fc53ebe2557c3ab3ef701883a05befa714c3ca923a,CURRENT_SOURCE
index_archivos/PHPExcel/Classes/PHPExcel/Shared/Escher/DggContainer/BstoreContainer/BSE.php,.php,2927,250b230f0b4ee58dc14a68eff03e91d5fca6609597432f55617a4bfbafd2826a,CURRENT_SOURCE
index_archivos/PHPExcel/Classes/PHPExcel/Shared/Escher/DggContainer/BstoreContainer/BSE/Blip.php,.php,2226,f8be6044a3e427fe7261c974ece34db50f9284ee7d24856a17c9b26d42c47a0a,CURRENT_SOURCE
index_archivos/PHPExcel/Classes/PHPExcel/Shared/Excel5.php,.php,12054,f06ffe7a6f8b563f49e1c872c4d63e54ee43b5611742d030ef22a6624ff4086f,CURRENT_SOURCE
index_archivos/PHPExcel/Classes/PHPExcel/Shared/File.php,.php,5404,76c0dca1cb9e0c30db862bbe9903e6ed57a4531deebab9e2aa0f403b55d6fcc1,CURRENT_SOURCE
index_archivos/PHPExcel/Classes/PHPExcel/Shared/Font.php,.php,23829,7c0b3251766802c2f2063ee03012b3c4c3a84dcd2b378527c614522634190b0a,CURRENT_SOURCE
index_archivos/PHPExcel/Classes/PHPExcel/Shared/JAMA/CHANGELOG.TXT,.txt,516,d9167aff0e194e2a5188a4eaa61576f8c9de6eb9aed0dcd9c21740e1201b65b4,CURRENT_SOURCE
index_archivos/PHPExcel/Classes/PHPExcel/Shared/JAMA/CholeskyDecomposition.php,.php,3507,39553f059f00dc0755860ad1be9cbad5eac7ef15e6a89eb6cb82bd86a2637209,CURRENT_SOURCE
index_archivos/PHPExcel/Classes/PHPExcel/Shared/JAMA/EigenvalueDecomposition.php,.php,23570,0e221c4d4974826b065dc43f8671495cf6b1600696dd789e31a075a712de8cbb,CURRENT_SOURCE
index_archivos/PHPExcel/Classes/PHPExcel/Shared/JAMA/LUDecomposition.php,.php,6489,68008512c91c275d93ebe130f1f28623958f8ac472356e721976de575bd0079e,CURRENT_SOURCE
index_archivos/PHPExcel/Classes/PHPExcel/Shared/JAMA/Matrix.php,.php,31207,85678a8b59552502fa053c7e285fc46049842bc9e78ae2aa7c33874f6f720b43,CURRENT_SOURCE
index_archivos/PHPExcel/Classes/PHPExcel/Shared/JAMA/QRDecomposition.php,.php,6029,6b744d361bbed7db9e7a563213e5f84f43b7e666c2e8bf3ab7f341284beb761c,CURRENT_SOURCE
index_archivos/PHPExcel/Classes/PHPExcel/Shared/JAMA/SingularValueDecomposition.php,.php,13531,8ad221536042e3b0bb92d3af5102fc1ea1e1f7289998fde5e9f6c6885f5234a8,CURRENT_SOURCE
index_archivos/PHPExcel/Classes/PHPExcel/Shared/JAMA/utils/Error.php,.php,3113,98eda6811db072e064559a90d4acd4457b9940b3d34eee30e94a0bde2b4d24cc,CURRENT_SOURCE
index_archivos/PHPExcel/Classes/PHPExcel/Shared/JAMA/utils/Maths.php,.php,754,3e6c639fe300a3484ccea84962e38d8667fbc71bc4488c5ab47253f2f44ae0de,CURRENT_SOURCE
index_archivos/PHPExcel/Classes/PHPExcel/Shared/OLE.php,.php,15587,80d69c3fa38165ad776945a1acacf554e59b9879f9506c305a648cab5514e08b,CURRENT_SOURCE
index_archivos/PHPExcel/Classes/PHPExcel/Shared/OLE/ChainedBlockStream.php,.php,6623,e6ba2f42a0b5cd930b6e742875354de1942dd05f1ca8737217fbeeff653da308,CURRENT_SOURCE
index_archivos/PHPExcel/Classes/PHPExcel/Shared/OLE/PPS.php,.php,6853,6befb1ea14a352aed0e2062b8bff95a01894fdcbcd43bb5b3cbbf2bd6cb3ef1d,CURRENT_SOURCE
index_archivos/PHPExcel/Classes/PHPExcel/Shared/OLE/PPS/File.php,.php,2487,fd1bd39ed7bb9c7d3ffb83069eb7bcc2bb9c0de2d059103c68a902e2f58607e3,CURRENT_SOURCE
index_archivos/PHPExcel/Classes/PHPExcel/Shared/OLE/PPS/Root.php,.php,14716,064c5691c1c34ab9cb3fa736108c8e8b7710017101b34a4a88ada59a71d99bb2,CURRENT_SOURCE
index_archivos/PHPExcel/Classes/PHPExcel/Shared/OLERead.php,.php,9889,f90420f816a7b16d26889f609f2f3cedfad894b611906a80fcacaf1d039ddfe0,CURRENT_SOURCE
index_archivos/PHPExcel/Classes/PHPExcel/Shared/PCLZip/gnu-lgpl.txt,.txt,26934,885a03f54b157961236f46843e79972abfcd6890b6cbb368bc7eca328ff95a12,CURRENT_SOURCE
index_archivos/PHPExcel/Classes/PHPExcel/Shared/PCLZip/pclzip.lib.php,.php,202844,43e72aa41e58271f9ae844a6bbd0d841b4afce3d78e39a94819872d4cef0ff02,CURRENT_SOURCE
index_archivos/PHPExcel/Classes/PHPExcel/Shared/PCLZip/readme.txt,.txt,22011,18336df2e6ba29d140348a8dfd25ae1a42ef6c5d39b4175e806b8b0f8ce3145b,CURRENT_SOURCE
index_archivos/PHPExcel/Classes/PHPExcel/Shared/PasswordHasher.php,.php,2373,fb06b87f8c6cb8630cae40ac0c102ff57246b24ed5aad442a182d4cb1fe6ac1a,CURRENT_SOURCE
index_archivos/PHPExcel/Classes/PHPExcel/Shared/String.php,.php,23628,c15b063f400309c227ee5fa7f49db47fd7714a0df6e0fbfbd10fe8d5829f3d0c,CURRENT_SOURCE
index_archivos/PHPExcel/Classes/PHPExcel/Shared/TimeZone.php,.php,4275,330d5637a128d3d13530357e4750fd603b3ffca9a23eb17ef3e7bbb3e8f11eaf,CURRENT_SOURCE
index_archivos/PHPExcel/Classes/PHPExcel/Shared/XMLWriter.php,.php,3347,b1f072ada1505a9fcc272959c1f447f8bc0666199e891a4aaa6c972b157a7703,CURRENT_SOURCE
index_archivos/PHPExcel/Classes/PHPExcel/Shared/ZipArchive.php,.php,5351,65a72373c8235ce3d3d226a6ab595c0aa2eb5db960507093a7531e302f572e10,CURRENT_SOURCE
index_archivos/PHPExcel/Classes/PHPExcel/Shared/ZipStreamWrapper.php,.php,5449,eb7d6db3f7db23e0b96e6325628cb986456fecf311d72a26c737d1d3a83bc976,CURRENT_SOURCE
index_archivos/PHPExcel/Classes/PHPExcel/Shared/trend/bestFitClass.php,.php,11223,032aeac618db2ddac54ada7039aae545c3394a2a8da519405ff2348a68ea2426,CURRENT_SOURCE
index_archivos/PHPExcel/Classes/PHPExcel/Shared/trend/exponentialBestFitClass.php,.php,4394,8b18b88ad595f9266eda6eb6e435596c695ab3ccce25fec9c26902608539cc29,CURRENT_SOURCE
index_archivos/PHPExcel/Classes/PHPExcel/Shared/trend/linearBestFitClass.php,.php,3476,aeb97590106be0c2f446d536b41e192c3b515acfc483b27db7c24ebf417252aa,CURRENT_SOURCE
index_archivos/PHPExcel/Classes/PHPExcel/Shared/trend/logarithmicBestFitClass.php,.php,3727,229b7a869919decb9c3a49fe74e23ba3bab7663f13d6cd8c23cb63fbef210751,CURRENT_SOURCE
index_archivos/PHPExcel/Classes/PHPExcel/Shared/trend/polynomialBestFitClass.php,.php,6462,60c268bce77018e20aaafe9fde2674e43e6dbc575bb0c326746b151ef03e46b7,CURRENT_SOURCE
index_archivos/PHPExcel/Classes/PHPExcel/Shared/trend/powerBestFitClass.php,.php,4221,5180e01362ea9c2e7e6d81337cb056434c5ccb0228edbc6622dc2a0a494bfb7b,CURRENT_SOURCE
index_archivos/PHPExcel/Classes/PHPExcel/Shared/trend/trendClass.php,.php,5793,3233c3b2013ca62bfbae1f5a17258b7988f5a0d3d16086dbe4ada5725ba02dac,CURRENT_SOURCE
index_archivos/PHPExcel/Classes/PHPExcel/Style.php,.php,24863,372435c42e17d5a23b5ca9b87b43d4ade8ad1b8012f77a40176f31cf0e574799,CURRENT_SOURCE
index_archivos/PHPExcel/Classes/PHPExcel/Style/Alignment.php,.php,10523,57ac0c4a6a55595deced22c60845b2be8d830c6479b276afb6135978c012baf4,CURRENT_SOURCE
index_archivos/PHPExcel/Classes/PHPExcel/Style/Border.php,.php,8242,e4ac4625f0d349524d04e4f8f3fcea9f8306551d0cd5a0bb118bed0c206ed953,CURRENT_SOURCE
index_archivos/PHPExcel/Classes/PHPExcel/Style/Borders.php,.php,11566,d3701e60d3182ae525d5743b7065cdc8e52c4e9a80d27f55bfecdec3d1f66dc7,CURRENT_SOURCE
index_archivos/PHPExcel/Classes/PHPExcel/Style/Color.php,.php,13342,0944f7ba980fbe41bc6024a51a57a960225a7c733596f73b2f6927e7a06cf5b5,CURRENT_SOURCE
index_archivos/PHPExcel/Classes/PHPExcel/Style/Conditional.php,.php,6667,4dd3aede3747a5247cadf17c550dc7056426644ce06b6b654cba92a26a6a3545,CURRENT_SOURCE
index_archivos/PHPExcel/Classes/PHPExcel/Style/Fill.php,.php,9038,d0ec4ea04886f13545c4b6e4f42b02b216a636a53cfe842278c17103f0fc7d5c,CURRENT_SOURCE
index_archivos/PHPExcel/Classes/PHPExcel/Style/Font.php,.php,12962,b8629d074efa7f4b3d3aabd0b046e46214381009527424530a0d1763fb19b1de,CURRENT_SOURCE
index_archivos/PHPExcel/Classes/PHPExcel/Style/NumberFormat.php,.php,21716,0d9528abef6506271ef550a100bffff5798b6ab00c7e504cab8a941684984af2,CURRENT_SOURCE
index_archivos/PHPExcel/Classes/PHPExcel/Style/Protection.php,.php,5566,2de94aa005448317841e8626c86337c1156f7899b2d43ef7bfe7371fdded177c,CURRENT_SOURCE
index_archivos/PHPExcel/Classes/PHPExcel/Style/Supervisor.php,.php,3322,ade9f6c3f2a2616958b9cb29a858ef0c2bd8867ac387b2f8c17a2e7a5b63be44,CURRENT_SOURCE
index_archivos/PHPExcel/Classes/PHPExcel/Worksheet.php,.php,93956,580b3cb45d4b50e9848d6a46ed288ecbe589194853b56caaced8e13af99240c9,CURRENT_SOURCE
index_archivos/PHPExcel/Classes/PHPExcel/Worksheet/AutoFilter.php,.php,32431,9b2b62802580aeff113c2be10218a2a142d279bf14db672d32647b6a51c953be,CURRENT_SOURCE
index_archivos/PHPExcel/Classes/PHPExcel/Worksheet/AutoFilter/Column.php,.php,9887,cecce950668026e76ff0d22f57f5a86973b6d5fe555e3becbaa01923e249abad,CURRENT_SOURCE
index_archivos/PHPExcel/Classes/PHPExcel/Worksheet/AutoFilter/Column/Rule.php,.php,16868,78e6e06c114510359167e52d359fba0b1408d6c8d0fa6d9ac07ec2a3d235e85b,CURRENT_SOURCE
index_archivos/PHPExcel/Classes/PHPExcel/Worksheet/BaseDrawing.php,.php,10656,3035e6681d788da16f5171d8a91b49137976b9068f037129bbd24667600cb6dd,CURRENT_SOURCE
index_archivos/PHPExcel/Classes/PHPExcel/Worksheet/CellIterator.php,.php,4105,b47a13d5a3973771775a47dce2beefc132cdfdae6f8811e028b1a516b446d23b,CURRENT_SOURCE
index_archivos/PHPExcel/Classes/PHPExcel/Worksheet/ColumnDimension.php,.php,5504,837df39ea1d821613f05318312a9be0733f0a700ef351ba059067c77e9691f13,CURRENT_SOURCE
index_archivos/PHPExcel/Classes/PHPExcel/Worksheet/Drawing.php,.php,3816,5eb3f14590da8adaa78400e835c99b9834f12ec61330a8369bb4a15d00d7f7cf,CURRENT_SOURCE
index_archivos/PHPExcel/Classes/PHPExcel/Worksheet/Drawing/Shadow.php,.php,6244,8b8f8851a209b23af0c0af87fcc77bd0f95e2bb532474f9b9cc3da420bc3e7fa,CURRENT_SOURCE
index_archivos/PHPExcel/Classes/PHPExcel/Worksheet/HeaderFooter.php,.php,12954,f27839348526c32958a25ee3e82f9b93221d37761ba920eac44ab3de6ce98671,CURRENT_SOURCE
index_archivos/PHPExcel/Classes/PHPExcel/Worksheet/HeaderFooterDrawing.php,.php,7701,ccce8a82bc81d75889f7c24196c1fb6d224c6fa98c1b844ccefa4a3409b3f935,CURRENT_SOURCE
index_archivos/PHPExcel/Classes/PHPExcel/Worksheet/MemoryDrawing.php,.php,5023,9a7719983e70810241cc990870dc8774388b7c520e212da474c0b769efe8ba81,CURRENT_SOURCE
index_archivos/PHPExcel/Classes/PHPExcel/Worksheet/PageMargins.php,.php,4362,4b4bf9ed84694dbad7630b646ad18acbe39eb443243e112509343b6168c317cb,CURRENT_SOURCE
index_archivos/PHPExcel/Classes/PHPExcel/Worksheet/PageSetup.php,.php,25032,53bc982722e6041bfde22c7e508db4002ab397149cb6196e40609187869b3070,CURRENT_SOURCE
index_archivos/PHPExcel/Classes/PHPExcel/Worksheet/Protection.php,.php,10754,05962a2551a3f6dbec0839c6674e26bd0d1d015b2ba8eea9fab495c6ae2defa2,CURRENT_SOURCE
index_archivos/PHPExcel/Classes/PHPExcel/Worksheet/Row.php,.php,2287,60d6082c565a3be7e183d96cd2fc2a2a2b65659581385a97af55bf5fbdcaa750,CURRENT_SOURCE
index_archivos/PHPExcel/Classes/PHPExcel/Worksheet/RowDimension.php,.php,5508,271a88ebfaeb826fb7175c29f40926a1c91f87bb06a104ea142cf9b3c6d6915b,CURRENT_SOURCE
index_archivos/PHPExcel/Classes/PHPExcel/Worksheet/RowIterator.php,.php,3491,c2ab0abedfa84d36799aa22c6cd5e74d25c0d72842895acb19e30cd3d4c1ce27,CURRENT_SOURCE
index_archivos/PHPExcel/Classes/PHPExcel/Worksheet/SheetView.php,.php,4639,bd9271c4976b0a65e2c4c97104f4ee872e63a9c5cb01017d3f0d3dd87f97cedb,CURRENT_SOURCE
index_archivos/PHPExcel/Classes/PHPExcel/WorksheetIterator.php,.php,2742,3397dd9045bfa0bea7e9fe977bba7917dbcf273ef058fb42f95cfaebf93e4ea8,CURRENT_SOURCE
index_archivos/PHPExcel/Classes/PHPExcel/Writer/Abstract.php,.php,4940,de4802d157e761290d69727b70ad96158fa251b41736b70f01c23b6de48acf2e,CURRENT_SOURCE
index_archivos/PHPExcel/Classes/PHPExcel/Writer/CSV.php,.php,7672,336af07c219d38e362857200de7667d3715c6c47672e93919ffe6e8b7bbda743,CURRENT_SOURCE
index_archivos/PHPExcel/Classes/PHPExcel/Writer/Excel2007.php,.php,19466,9c685b1bc9c798f03827cafb6961c47f8172ea999b7eb12822898ff1a1ce63bf,CURRENT_SOURCE
index_archivos/PHPExcel/Classes/PHPExcel/Writer/Excel2007/Chart.php,.php,39243,4e332cb31cb4133d9ace2e9f0f55d23b28c340f3ae162c239f0aaec14e2ee41e,CURRENT_SOURCE
index_archivos/PHPExcel/Classes/PHPExcel/Writer/Excel2007/Comments.php,.php,9056,b287451a1310454601c69482e722f90070bd5fe11a07b9f995cf8cfcc64d1cb0,CURRENT_SOURCE
index_archivos/PHPExcel/Classes/PHPExcel/Writer/Excel2007/ContentTypes.php,.php,10749,f2c6e51ee2d7fddefb5baa5ebcc7b34944251e5c5502e1b2f4204f344ba39c95,CURRENT_SOURCE
index_archivos/PHPExcel/Classes/PHPExcel/Writer/Excel2007/DocProps.php,.php,9252,772a43f595d5435cf08941a3c60c41b1cdd16c816ab6221c9aaa9ee8976799dc,CURRENT_SOURCE
index_archivos/PHPExcel/Classes/PHPExcel/Writer/Excel2007/Drawing.php,.php,20452,c30d481a3c70856e7867aac8da9f8ba8b7c76ee32965bfdbc10810d5a558205c,CURRENT_SOURCE
index_archivos/PHPExcel/Classes/PHPExcel/Writer/Excel2007/Rels.php,.php,13894,b3f16d178f9f2f97635adc48760871985d8564674eef948ecedbb62f2b0ef59b,CURRENT_SOURCE
index_archivos/PHPExcel/Classes/PHPExcel/Writer/Excel2007/RelsRibbon.php,.php,2812,5b984826249e40043641a07363ac675e9e6cbda3ba9b51d2e0a870ef08008615,CURRENT_SOURCE
index_archivos/PHPExcel/Classes/PHPExcel/Writer/Excel2007/RelsVBA.php,.php,2654,78411bd8c8a0d5af7ad13bc17a5e0bc4a0a274003daeb46c1359b0638aee5294,CURRENT_SOURCE
index_archivos/PHPExcel/Classes/PHPExcel/Writer/Excel2007/StringTable.php,.php,10975,8cb9dcb03dd4c9aa81b591bf3a9cdd120f7e7c0813b789cbaafb07fd51f68024,CURRENT_SOURCE
index_archivos/PHPExcel/Classes/PHPExcel/Writer/Excel2007/Style.php,.php,25214,53cb3ea8a6841c06cc759eaa12d1676cb04e99e6f69f6ffce71fb5d256836f3c,CURRENT_SOURCE
index_archivos/PHPExcel/Classes/PHPExcel/Writer/Excel2007/Theme.php,.php,25703,f2536e6fd5ff323580bc12ddf189bfaa2c5c4509835064533109d428fdf8c2cc,CURRENT_SOURCE
index_archivos/PHPExcel/Classes/PHPExcel/Writer/Excel2007/Workbook.php,.php,15880,c6d9cc7a31ce39e4df94b0e34d29178cb8a1d692b8944f02944c6d1cebca5528,CURRENT_SOURCE
index_archivos/PHPExcel/Classes/PHPExcel/Writer/Excel2007/Worksheet.php,.php,46017,13fe80a54821b0c0a3c475ca0072ca18d3b2e75ef3503d2bd71391eab1040cb8,CURRENT_SOURCE
index_archivos/PHPExcel/Classes/PHPExcel/Writer/Excel2007/WriterPart.php,.php,2354,4a2f7e021d73ac0e91029ae06eea4bcf9d3477a99c352cbe5e98ff9eac1ef5b4,CURRENT_SOURCE
index_archivos/PHPExcel/Classes/PHPExcel/Writer/Excel5.php,.php,34702,9fc2951ac5f0e5227aae7510d29219703be43c0c9908a07dc7b4b68b0c88ae8f,CURRENT_SOURCE
index_archivos/PHPExcel/Classes/PHPExcel/Writer/Excel5/BIFFwriter.php,.php,7975,23e354f9dcaad2e47b584293bef08b1b83c3fa7f40ea4ba307ecbf5cebd1f575,CURRENT_SOURCE
index_archivos/PHPExcel/Classes/PHPExcel/Writer/Excel5/Escher.php,.php,14078,f4f40039661e5c7f9e83a8feeefaa93a387e53717066348a1002f8282f46d137,CURRENT_SOURCE
index_archivos/PHPExcel/Classes/PHPExcel/Writer/Excel5/Font.php,.php,4177,9e1fa8dae0a844d3f880f4e4f2d9cace7b7c4a8f5a2cf60147750dac850f3f44,CURRENT_SOURCE
index_archivos/PHPExcel/Classes/PHPExcel/Writer/Excel5/Parser.php,.php,58657,92fc4402c92c2e1e68c70fe0a6eafbe9bd9c0602a673dfc311c186fee1b0c228,CURRENT_SOURCE
index_archivos/PHPExcel/Classes/PHPExcel/Writer/Excel5/Workbook.php,.php,48083,03169952515b1d59b1e125bf2ce5bd1ad57d51cd11418a6a5b1e3c016ea73b23,CURRENT_SOURCE
index_archivos/PHPExcel/Classes/PHPExcel/Writer/Excel5/Worksheet.php,.php,127702,d207b69fd06f6307e8b4ca7d86588f7d24632f89d08fc66cb64ac12ca1dd6132,CURRENT_SOURCE
index_archivos/PHPExcel/Classes/PHPExcel/Writer/Excel5/Xf.php,.php,17558,065c84003edb5d116b52c67d9414240ee56b476015fb438275dab3a80719e37e,CURRENT_SOURCE
index_archivos/PHPExcel/Classes/PHPExcel/Writer/Exception.php,.php,1688,d37daca85d8d5f9cf4d69dad32eee3061caefb5a52961b483045bd7dc1b625cb,CURRENT_SOURCE
index_archivos/PHPExcel/Classes/PHPExcel/Writer/HTML.php,.php,47287,db3154dd6e05ba59724881f03c947df721e389ece55e0a0237fa901c7d4ce3b8,CURRENT_SOURCE
index_archivos/PHPExcel/Classes/PHPExcel/Writer/IWriter.php,.php,1559,bc9c173cf1144d1dba88a4cfd2a58a0cad38e4393dbafac20da7db75a341291f,CURRENT_SOURCE
index_archivos/PHPExcel/Classes/PHPExcel/Writer/PDF.php,.php,3344,69dfcf58f0fda115c271d2787be1592e74163c6f6110deabe86d497caee0eae1,CURRENT_SOURCE
index_archivos/PHPExcel/Classes/PHPExcel/Writer/PDF/Core.php,.php,14479,edae842d8cbc673135ec0401a7f54da068fd7c80abdab2fb0750ea8ccc8a8530,CURRENT_SOURCE
index_archivos/PHPExcel/Classes/PHPExcel/Writer/PDF/DomPDF.php,.php,4474,6188b6e790b0da0a9d14b28284dd4f44c1d7238391e7b3b07ee24d6f232de275,CURRENT_SOURCE
index_archivos/PHPExcel/Classes/PHPExcel/Writer/PDF/mPDF.php,.php,4975,ab37d95e34d7d3c91f24e1405e6f12122afc3eb13f604c7e9ca70d0e827f024e,CURRENT_SOURCE
index_archivos/PHPExcel/Classes/PHPExcel/Writer/PDF/tcPDF.php,.php,5230,4f69836ede2cbf03fdbeef4891e93bd32b6b221cea3d64e6605f1df2c9f2cec6,CURRENT_SOURCE
index_archivos/PHPExcel/Classes/PHPExcel/locale/bg/config,[none],1359,096d1344dacf6594b606600c2ec7e24a7d3e9cec73a7bd8be4300655450f393c,CURRENT_SOURCE
index_archivos/PHPExcel/Classes/PHPExcel/locale/cs/config,[none],1322,122b0bb55c89a19db3b73994e1ea1224c01f9ec1e06f30909e660b29eb9effa8,CURRENT_SOURCE
index_archivos/PHPExcel/Classes/PHPExcel/locale/cs/functions,[none],31934,21347d0a28eb993f46cfbd5e6f90983aa87d8555bba517deef8b2cde3efb3f52,CURRENT_SOURCE
index_archivos/PHPExcel/Classes/PHPExcel/locale/da/config,[none],1330,20861d8c19ea0c2e0c9d143695b074b0971f69c4cb7aa3d1f47b8736ba73965e,CURRENT_SOURCE
index_archivos/PHPExcel/Classes/PHPExcel/locale/da/functions,[none],32610,d68cdaceeb42c93357df2a5e80b447ab22315c624eb97a9e49ff2174b02960ab,CURRENT_SOURCE
index_archivos/PHPExcel/Classes/PHPExcel/locale/de/config,[none],1320,4f5a6dfc615d6272bc9c514cedc457c2835a91c00c698042c2cfeac8e1ad481f,CURRENT_SOURCE
index_archivos/PHPExcel/Classes/PHPExcel/locale/de/functions,[none],35917,0ece8f7fe62ed8475f1c2cd972516aaf0f0cb333ae7636759c5a15675980f6aa,CURRENT_SOURCE
index_archivos/PHPExcel/Classes/PHPExcel/locale/en/uk/config,[none],1139,5872dfc6e6d33832652a9493a695db571e7d7ca6dd0b6dadfa63733b3fc1707a,CURRENT_SOURCE
index_archivos/PHPExcel/Classes/PHPExcel/locale/es/config,[none],1405,3437ba4858e4c0b88272e03c95f51803382ff8ce9067e6a91adc376f84c142d0,CURRENT_SOURCE
index_archivos/PHPExcel/Classes/PHPExcel/locale/es/functions,[none],35651,07f57c5600eed1504837dc87b67847aa974602a7604b63e0d284a1c1d2777ffb,CURRENT_SOURCE
index_archivos/PHPExcel/Classes/PHPExcel/locale/fi/config,[none],1376,80a42ac2b976072589579ee6d114e9d8ae5a5fbe60732a3031be3764f4001487,CURRENT_SOURCE
index_archivos/PHPExcel/Classes/PHPExcel/locale/fi/functions,[none],32689,3d8e9399ca23ee10db448f6a31d1fc12ed768c683f8e3f96064761fcb90bad4c,CURRENT_SOURCE
index_archivos/PHPExcel/Classes/PHPExcel/locale/fr/config,[none],1321,aec91b79832a64be0d084f32c1031b3b663cac5ff41f258a9023142340dd9eda,CURRENT_SOURCE
index_archivos/PHPExcel/Classes/PHPExcel/locale/fr/functions,[none],37086,9460359d573a6b5e47d77024db88b475f7b546546b4504a0a5bc8d12fcfee791,CURRENT_SOURCE
index_archivos/PHPExcel/Classes/PHPExcel/locale/hu/config,[none],1335,279c1732607b6421f448911380122f4228a4e048fd70c39fb5fbacd22904e470,CURRENT_SOURCE
index_archivos/PHPExcel/Classes/PHPExcel/locale/hu/functions,[none],35604,3424c7fc17a9410eb7a61c21d4f4a61012936ef75c0b5323437fcf6e718a32cd,CURRENT_SOURCE
index_archivos/PHPExcel/Classes/PHPExcel/locale/it/config,[none],1321,e064dbde30c20494e16a546c492cec2f3699bf7ea2b41c902698ed0cd9805955,CURRENT_SOURCE
index_archivos/PHPExcel/Classes/PHPExcel/locale/it/functions,[none],34740,66dc003885a08cd72ecd80fc2998e2a115b03f363804de33c1f675e13e4e471c,CURRENT_SOURCE
index_archivos/PHPExcel/Classes/PHPExcel/locale/nl/config,[none],1324,05e1bb89703a81632324c0befbd158232971a55bd514ed9cfd47a0bf72267de6,CURRENT_SOURCE
index_archivos/PHPExcel/Classes/PHPExcel/locale/nl/functions,[none],36710,d4c71ef0ac1630cb47929ff8bea75ecdb350aeea20f57516cef9c082f8c6801f,CURRENT_SOURCE
index_archivos/PHPExcel/Classes/PHPExcel/locale/no/config,[none],1318,3a8e7901d317473028df06b36315f798f129c3dc311e16115c725065ddb6dfbb,CURRENT_SOURCE
index_archivos/PHPExcel/Classes/PHPExcel/locale/no/functions,[none],32626,11276c8547f0708ba1f78c0c25d27173c0c644a24a3bdd6d07698001a5a84332,CURRENT_SOURCE
index_archivos/PHPExcel/Classes/PHPExcel/locale/pl/config,[none],1324,942f42dd1ee4f0642b29ccdca282deb720345b829df206a794d8557959e150e9,CURRENT_SOURCE
index_archivos/PHPExcel/Classes/PHPExcel/locale/pl/functions,[none],33473,a52537835fbd0c6923d09f8c8574dcbf2c0428fae010925122acec0c166d9e39,CURRENT_SOURCE
index_archivos/PHPExcel/Classes/PHPExcel/locale/pt/br/config,[none],1319,a53108feaa213c59b3a1c058ce22d3946c0172f67233a5f9f3c641923a2b87c7,CURRENT_SOURCE
index_archivos/PHPExcel/Classes/PHPExcel/locale/pt/br/functions,[none],31738,ec9fac2217ce883058207be75347efcd530e9084ba58b8f5fd72a49900eb0e06,CURRENT_SOURCE
index_archivos/PHPExcel/Classes/PHPExcel/locale/pt/config,[none],1320,3bf72844c9874c0f96acae69b67045906a48a9ee420175fffb9eb5cbcc539ac5,CURRENT_SOURCE
index_archivos/PHPExcel/Classes/PHPExcel/locale/pt/functions,[none],32034,3d6e116a4cfd9566669b9aa78995ee555685cd5dfdef1ffc9fa42e32ee12363b,CURRENT_SOURCE
index_archivos/PHPExcel/Classes/PHPExcel/locale/ru/config,[none],1346,7be5e18fbf64af1ce1c377ba7ba839ce9cf5499eb7640ccbbeeffb1137a5c95f,CURRENT_SOURCE
index_archivos/PHPExcel/Classes/PHPExcel/locale/ru/functions,[none],54494,892a9cc38d02874c802d4761afd8971ea250626b1365317e8f5ed857c01dddcb,CURRENT_SOURCE
index_archivos/PHPExcel/Classes/PHPExcel/locale/sv/config,[none],1346,4b8607fc4589874e3d0a32d3094282d8f90aab42ee2037170a383d82326e84a0,CURRENT_SOURCE
index_archivos/PHPExcel/Classes/PHPExcel/locale/sv/functions,[none],30293,2cad149ecd9d841f66c06fd9fbaf42bc977a53bec9fc59cee1cd59db1dc51bef,CURRENT_SOURCE
index_archivos/PHPExcel/Classes/PHPExcel/locale/tr/config,[none],1322,25004b64493dc9d77656875615a307f4b5fa7da9a015e1c3bcbdd76e4bf7308b,CURRENT_SOURCE
index_archivos/PHPExcel/Classes/PHPExcel/locale/tr/functions,[none],32831,3aad17b599dfdd153df452b66d8041e90081f04bde3327fe60d37c7373bccfe2,CURRENT_SOURCE
index_archivos/PHPExcel/changelog.txt,.txt,125136,9634c4a2007ac6b969ccaa68d431b5742645612af9b451257a84c7be3b33e363,CURRENT_SOURCE
index_archivos/PHPExcel/install.txt,.txt,2746,8cda667c0dcb76a3de9fbd747439c2c32939082ec444c9d1263109c8c8165405,CURRENT_SOURCE
index_archivos/PHPExcel/license.txt,.txt,18745,02f25876050a9b180f23de967d87e09a1dfedc79ab51460c652942cff7e6914b,CURRENT_SOURCE
index_archivos/aduanas.php,.php,966,528545ebcecbb5aeaf4e48d83f7ceddb142c5183b27dfedce11737b6beddbd8d,CURRENT_SOURCE
index_archivos/agenciasaduana.php,.php,813,cfce974bd1c526432b745e8e5d9fce2a934683c740c63f51ad4450c607b0f6ad,CURRENT_SOURCE
index_archivos/ajax/DashboardGenerico.php,.php,12351,9a49c6648941996eb80d799d014903b6eb50c26d0259984a99445b4c7ad04800,CURRENT_SOURCE
index_archivos/ajax/formatoSolicitudMasiva.php,.php,16155,d8fdc4ff4f6997e6ed836e0b412473c9f319e7265a10c387655c6fe80de92cc1,CURRENT_SOURCE
index_archivos/ajax/listaControlAps.php,.php,2454,5ff71fa7fb9d6c546f535c292548df9d36cb133481bd4f3356c3e78fffd0d3cb,CURRENT_SOURCE
index_archivos/ajax/uploadExcelSolicitud.php,.php,9740,7d1bc15746fdae2b7a7315a8cb54bc2580166cccd1da883e28aa4fc1cd0b8fb2,CURRENT_SOURCE
index_archivos/android/consulta.php,.php,646,b6aa3560dbddbad59e009e6e527dbb5ba49bd1e1d546233f37ca3794d21a9a5f,CURRENT_SOURCE
index_archivos/android/consultatodo.php,.php,3162,046a17701e0c025ae7af0e7179888a22b981aed009844a2556756797efb2cc9b,CURRENT_SOURCE
index_archivos/android/functions.php,.php,995,e9eda5fb24a615adb1dae2cd92b24af979d4c7890b8b2d7a503e8598e8415e11,CURRENT_SOURCE
index_archivos/asesoria-gestion/components/button-component.js,.js,1120,0085495eaea62c9082a2eb51dd5abb910b5625037eeb352a4532e4a3ed45ae64,CURRENT_SOURCE
index_archivos/asesoria-gestion/components/filtros-reporte.js,.js,6672,926425a68019fb98e423e081e44f602947ddf9c952d8089c25ca0b9fe3b071c8,CURRENT_SOURCE
index_archivos/asesoria-gestion/components/loader.js,.js,335,4a5c312ca58d4c740ba21930102ba3b764abce174a3c59391c9f8a284c143cc6,CURRENT_SOURCE
index_archivos/asesoria-gestion/components/servicios-adicionales.js,.js,10926,8d1e143c2e7482b01606726b73800d407f19bbd32cdad41946a4796aa787714c,CURRENT_SOURCE
index_archivos/asesoria-gestion/components/servicios-estados/asignadas.js,.js,3710,8cf22b1cc654803aa9d3b8b31357b2e8aff088767f4ad8240ab33919bff6f4bc,CURRENT_SOURCE
index_archivos/asesoria-gestion/components/servicios-estados/en-proceso.js,.js,3953,90487150bd498db2b0d2203a7429a09beb2fcf1f75f2b6390d0bd224f12f05ca,CURRENT_SOURCE
index_archivos/asesoria-gestion/components/servicios-estados/en-revision.js,.js,3724,6618f1075bc874f4c962bce9aa39d1780b7a7a8589f998ed21db53070d145f23,CURRENT_SOURCE
index_archivos/asesoria-gestion/components/servicios-estados/enviados.js,.js,3478,b340d219c4167eb8e53802f4e5c39297462cfda6942c9e8836a26248c27da77a,CURRENT_SOURCE
index_archivos/asesoria-gestion/components/servicios-estados/finalizadas.js,.js,3954,a1ad09a3ffec84a5130c6512e0b37fe4292ba36fac4cf671c3866f031522132b,CURRENT_SOURCE
index_archivos/asesoria-gestion/components/servicios-estados/pendientes.js,.js,3188,de9691e47f86818d25ae25b79a78df3639639191ff0f4f82f235fc75c7e9cd93,CURRENT_SOURCE
index_archivos/asesoria-gestion/components/servicios-estados/recepcionadas.js,.js,3598,cbe340f7567a985d679778cf969c040f6ece4e3cdf531941d8269f8588ccba9a,CURRENT_SOURCE
index_archivos/asesoria-gestion/components/solicitud.js,.js,11576,6f283ef9b2a249339122898b0398a2a1582babbf86bdf0f49339aeb29d41f4a1,CURRENT_SOURCE
index_archivos/asesoria-gestion/components/tbl-estados.js,.js,13728,d4229503f3c2bd801ddcea18eca009191895aeacfa243f3dc2f975aef5af903e,CURRENT_SOURCE
index_archivos/asesoria-gestion/components/tramite.js,.js,4122,d08fad5bdafb045d6f40a4572335c39c0b3567b09e3740ff47f0eef4ed5c0fba,CURRENT_SOURCE
index_archivos/asesoria-gestion/servicios-adicionales.php,.php,3450,5a59cdae73a570a08eb7b2f7d66722959e0b6abc6a21aebc582b287e1048598f,CURRENT_SOURCE
index_archivos/asesoria-gestion/views/configurations.php,.php,2694,63541e440d258837dfaaf52d5d0ec141265634063710aefc1da3b34f538aeb8c,CURRENT_SOURCE
index_archivos/asesoria-gestion/views/nueva-solicitud.php,.php,3922,5cce96c7a3a7fb4f0946a83fdc552ef622a2265ec314fad41401cad9c310fab1,CURRENT_SOURCE
index_archivos/asesoria-gestion/views/solicitud.php,.php,8068,752e1fdd7487ea250957697fc69ba97aec375a0e7797e00b76c5d6e15448268d,CURRENT_SOURCE
index_archivos/bootstrap/css/bootstrap-responsive.css,.css,23211,b9e0a5aa691d39716e1100fb1c1b30ecb3d1720ff94ef86885a4ad88cb65cf38,CURRENT_SOURCE
index_archivos/bootstrap/css/bootstrap-responsive.min.css,.css,16849,6d8068f53c69e0f02aaf8544fdba07d23446fcc9eba1d178d14398544c6a8da0,CURRENT_SOURCE
index_archivos/bootstrap/css/bootstrap.css,.css,153389,33413b5b2a14d864892186f1f4f66c9fea5dc1fa76bc015e33f11fc7c06dffba,CURRENT_SOURCE
index_archivos/bootstrap/css/bootstrap.min.css,.css,127403,c9a6b4c0a0d8a9ddc31f83c41b772ea46b2234eb3d6ca9d08a4cb3cf3c2c08a5,CURRENT_SOURCE
index_archivos/bootstrap/img/glyphicons-halflings-white.png,.png,8777,f0e0d95a9c8abcdfabf46348e2d4285829bb0491f5f6af0e05af52bffb6324c4,CURRENT_SOURCE
index_archivos/bootstrap/img/glyphicons-halflings.png,.png,12799,d99e3fa32c641032f08149914b28c2dc6acf2ec62f70987f2259eabbfa7fc0de,CURRENT_SOURCE
index_archivos/bootstrap/js/bootstrap-tab.js,.js,3436,cea3b84a4deef32608928f5de91c7da64279e0101247af239c713c463c344355,CURRENT_SOURCE
index_archivos/bootstrap/js/bootstrap-tooltip.js,.js,10267,bddaf13db52cad8caa9432a37d1c33037a06ea6dfe0b26176f3100bbb881e179,CURRENT_SOURCE
index_archivos/bootstrap/js/bootstrap.js,.js,64163,b0171731792c62a9a447d08fbbe9aa8908d4fb5db8114591bc9a6e2b6531e636,CURRENT_SOURCE
index_archivos/bootstrap/js/bootstrap.min.js,.js,28636,e530c947198bbfe4980daa799e9f23f94b2d46bd7a9163422a19be30a76ad4bf,CURRENT_SOURCE
index_archivos/boton.php,.php,88,979ab32d17a5e063b367b08c9131b7d604a0e22a88df3ff7098266dc00997fee,CURRENT_SOURCE
index_archivos/cambiocontrasena.php,.php,10070,24c1a1edabd292fa76044c893e2b8a54d33598cab6f142cb9437d0e576dd5460,CURRENT_SOURCE
index_archivos/cargardocumentos_v.php,.php,3233,ed8d72c638e73671688edfe7bce8e86fe2bab5a122f277eddcdf5a49a2ce76f8,CURRENT_SOURCE
index_archivos/ciudades.php,.php,550,fbdf6155597f9d222c1c615a67085ce0369eb05202990b8b1e7c56a69595ba88,CURRENT_SOURCE
index_archivos/cnfdb105.php,.php,916,9f358d22eda1d6933a062ce929e01d9753eaf245803517cb17da8abb6048ab4b,CURRENT_SOURCE
index_archivos/cnfdb105F.php,.php,662,a9cead609cbdb96239503e45b2308a9fe7ae6accf7ccc8e6779c09b0720d92ca,CURRENT_SOURCE
index_archivos/cnfdbimcruz.php,.php,469,c0e4dabcb619bb5824fb4076962a2b81ed1120f02030c2c1b843ad31c5b9e58d,CURRENT_SOURCE
index_archivos/composer.json,.json,405,536d649f9f856e8ebbd4c21edf96d038996f213e216c286466455885ce81c715,CURRENT_SOURCE
index_archivos/composer.lock,.lock,20376,1b0aba17ac1b30a462e7ff495e666bbab3c11a4c35c8fdb3f47212c7819bc46e,CURRENT_SOURCE
index_archivos/contables/FORMATO_LIBRO_COMPRAS.xlsx,.xlsx,9911,5fc975e6a7283025a00abf21e0527654c0167f94d6e750698b447eb9b694a647,CURRENT_SOURCE
index_archivos/contables/agig.php,.php,4874,bc94bc10abf84aafbc7795a1e2cb8632d5eace73dfcc290939c6be3031d87093,CURRENT_SOURCE
index_archivos/contables/agig_ajax.php,.php,958,181143954c3c6e41ecae80bdfc7bf8eaecf3dd4388a8e5d10a605ede3a7e3bdc,CURRENT_SOURCE
index_archivos/contables/boletasgarantia.php,.php,7990,d043e144dda39e9284e3fbd68b58404504786c89aa8ceec202268a24ba770d2b,CURRENT_SOURCE
index_archivos/contables/boletasgarantiaajax.php,.php,14237,0669423dba2bf3db9f9ca24e69f362487b2e66b558f7d1a0c48eb99a9ec23b14,CURRENT_SOURCE
index_archivos/contables/boletasgarantiareporte.php,.php,1805,6f9c4e3b3e05c99138612a10cf5bb4d56a86d84a1cad946bbafd1c585bb5a0bc,CURRENT_SOURCE
index_archivos/contables/comision.php,.php,4347,993fa712d896474cb2ee2e2476781c22ff0deeb30de83924c23f9387b42c7037,CURRENT_SOURCE
index_archivos/contables/comisionquery.php,.php,18322,afb3cafa9de36a852fb51bc89b5efc183599c835c7a9f33477b0de6af07f76b2,CURRENT_SOURCE
index_archivos/contables/controllers/ContabilidadClass.php,.php,122371,53051d7744af5893654cc19cc4fe49fc7feea997c2e5caf3089eaae7be96a7a8,CURRENT_SOURCE
index_archivos/contables/costoslogisticosv.php,.php,5891,ebe52ff3cfd246e8cad916b245f757e1e9c6bda6a59867abee3e19b7b5f7b8e1,CURRENT_SOURCE
index_archivos/contables/costoslogisticosvquery.php,.php,56662,fccce03af51747b4374617c6220dcdca85852f76a17800a73b373dbbe69f375d,CURRENT_SOURCE
index_archivos/contables/descargarfactura.php,.php,4173,a96f189904ab6e00a1515d300ba405b0176019843c0db01db318d8847e405981,CURRENT_SOURCE
index_archivos/contables/descargarplanilla.php,.php,4935,1155c1c4bcd353ef524852bfce92481e369d8a34af522acfdcebdd1512442fab,CURRENT_SOURCE
index_archivos/contables/estadocuentas.php,.php,4484,3ad92d1d3fc31cb717e0ea2afbfa23a0bc5708db02979b4bafd21c9c81c91d44,CURRENT_SOURCE
index_archivos/contables/estadocuentasquery.php,.php,6940,91f25d49331e34f033b05532f6777372767e29cab766b17121e009dbe9c208e5,CURRENT_SOURCE
index_archivos/contables/facpla.php,.php,12901,b2bec4fc09016b86974d92059ab318c1b09021d60fd247ed90b7fe49ed5ff504,CURRENT_SOURCE
index_archivos/contables/facplaquery.php,.php,6841,d2ed7af7e5dbc716d9a485c3af6d3809820e51e7909577d040b6403b495a0a32,CURRENT_SOURCE
index_archivos/contables/facplaquery2.php,.php,5347,54e520fca727767075843cffd0ef5a2a82bb3d32cfaf51e6e27d16dc342ef7bb,CURRENT_SOURCE
index_archivos/contables/facturacion-inventario.php,.php,12453,17ee4e9f4c5d76be295895c9e54a43dd055225bdd7386ef895cf41baaf474d6c,CURRENT_SOURCE
index_archivos/contables/gastosvehiculos.php,.php,5464,18d162e2d4020a81ea64040f10b86b34afb5c24ea7ff4805e8fd43701b80a2dd,CURRENT_SOURCE
index_archivos/contables/gastosvehiculosquery.php,.php,38182,ab78200142d47d34439522c2fab9114fe14e386bb35291252744fb93ede66d5b,CURRENT_SOURCE
index_archivos/contables/generarfacturaplanillacliente.php,.php,33986,afedb83583af6ba865ebbdde730e917ec0bb1976fb5620697b450d1b291bd720,CURRENT_SOURCE
index_archivos/contables/librocompras.php,.php,4411,972324e2ec7ab759d1adefc857aaa6e3b85bccc74d304079df6a2b7267a4dfe6,CURRENT_SOURCE
index_archivos/contables/librocomprasalbo.php,.php,4538,43870c5b218289e65b86c82789c0399690d4a46ef7d2365e63d11d2474e5c0ef,CURRENT_SOURCE
index_archivos/contables/librocomprasalboquery.php,.php,2559,0f8044b23c0877e7db917c89a0416294ad4a0a683ea5e6efff30654c43e5a036,CURRENT_SOURCE
index_archivos/contables/librocomprasquery.php,.php,4639,2011ff56045ce55403d2a57603e513db138dea8e2300a10467965058467653a6,CURRENT_SOURCE
index_archivos/contables/librocomprasxls.php,.php,4781,6f1689fbbdd4e8e4d4a19bfe08d3102445a86405763dc8d8f98396a6d2373fef,CURRENT_SOURCE
index_archivos/contables/notasdebito.php,.php,4561,e3081a5156bb8493d6e6281f05c8312a5c12a3a75c5e66196a59a8bf21f26141,CURRENT_SOURCE
index_archivos/contables/notasdebitoquery.php,.php,4756,923f46ddc835b1cc498e0d68ab5b0e5b9055db75a6d38eab805343ee7c35671f,CURRENT_SOURCE
index_archivos/contables/pagos-no-facturados.php,.php,8998,1f05c59212614e3b564a1b009b722d397cb1ae52d7d3534da27725788ecb6693,CURRENT_SOURCE
index_archivos/contables/pagosrecibidos.php,.php,5132,e2901a24e0e1730dfc682ac41db10b926074a5626414d446e65f8e096221c90e,CURRENT_SOURCE
index_archivos/contables/pagosrecibidosdetalle.php,.php,2886,775522aefce2bbe4c92960df512190a7700667f3e0641f8bf7190358ec29c21b,CURRENT_SOURCE
index_archivos/contables/pagosrecibidosdetallequery.php,.php,2405,093ea0ab71342e623dcfeb6d27e9b37d0b77af6d0d347868119b4d0c7608a2e9,CURRENT_SOURCE
index_archivos/contables/pagosrecibidosquery.php,.php,4089,6d2ccef4ec3b0402bdee42c9211448e0e5105f5aa2579afa4d8beee0f4370084,CURRENT_SOURCE
index_archivos/contables/planillaslegalizadas.php,.php,4837,482295c423f65fe99c25bffac3ba391b0da65921332245367d6a899ebf5f6604,CURRENT_SOURCE
index_archivos/contables/planillaslegalizadasquery.php,.php,3176,fcc1bc87bcf0b17aa9cd4b269425e9b39837aad864e0536795566d5dd564c51e,CURRENT_SOURCE
index_archivos/contables/recepcionplanillas.php,.php,13053,ad0a515b684809f2dacb38e8c44b4c708606e802def8df632a4030f763580496,CURRENT_SOURCE
index_archivos/contables/recepcionplanillas_ajax.php,.php,16064,55dce069a61aede70483ee29a06ab2c8015861ed24053cd0893fa793440d4df6,CURRENT_SOURCE
index_archivos/contables/reportevehiculos.php,.php,12713,a84a8e972e0b7eaa5cbc9946b5d6c19819d683eba0a3e7f5aada1024034826fc,CURRENT_SOURCE
index_archivos/contables/reportevehiculosquery.php,.php,2003,ec62eabcdba6c6a13b3c80da080c71f75281b054e062599fd71c804e49503933,CURRENT_SOURCE
index_archivos/contables/reportezdam.php,.php,14726,efa4fb3a90370de5421155f9360936f15d19abb6ec94a75d8d306cb5bc6e3293,CURRENT_SOURCE
index_archivos/contables/reportezdamajax.php,.php,386,ce091a5c6b2d49cb3a73cbe66aff8b4ad8fd6d1d2b4f9ee64d52c04f78ee9fbf,CURRENT_SOURCE
index_archivos/contables/reportezdamquery.php,.php,28285,41e817f2e765e4b7e9e05fe4c803d91d493c9daba8c9bbab99d64a6dc4190217,CURRENT_SOURCE
index_archivos/contables/tributos.php,.php,7287,0f61b81e616935bf8a476ed9c0af7c59345d47b1b0299c8672dda09ac3efff15,CURRENT_SOURCE
index_archivos/contables/tributosquery.php,.php,17694,7cbd23f16a7a87db68596dbebc12c7476f06b84fd48e3758ad368945673a6a32,CURRENT_SOURCE
index_archivos/contador.php,.php,1694,41dea458c4a17b49f42e3c5aa0016ab2c9eb5d1eed6f022af888e4c5fc3dbe6e,CURRENT_SOURCE
index_archivos/contadordetalle.php,.php,757,4e8779aa2d2d31d13097cbbcdb2440655eb656d34c8e54d27629eb5d088cf2ff,CURRENT_SOURCE
index_archivos/controllers/ControlAps.php,.php,2372,f173d0369ce4bd6804c4efc01cb2805d9c02f88778da00ec3a08cd585d78d2fc,CURRENT_SOURCE
index_archivos/controllers/GlobalClass.php,.php,12722,6070254fb2437ed7506aa64830b970d9825aef7d6c36c02bfda4fc7ee04061b2,CURRENT_SOURCE
index_archivos/controllers/SolicitudClass.php,.php,27184,04280175c811b636766a811fd59fba2311bbc1fedf9762cadbfc33cf5ef86eec,CURRENT_SOURCE
index_archivos/controllers/VehiculosClass.php,.php,17628,94fa7b1a0d95a19bf283277f85c1ff452fb9112d6d73ce5bd0fd0c7b37fb5c03,CURRENT_SOURCE
index_archivos/coordinadores.php,.php,1818,abbf44c3fc4da0dfb9f31524b817a76ff8afdcc5d501bfce70e82408f289dc2c,CURRENT_SOURCE
index_archivos/cron/documentacionAlicorp.php,.php,10696,d67968ddbd69fce75126b955c84e6ce6d60c97b82575f89b1f74e3d095bb5621,CURRENT_SOURCE
index_archivos/css/custom.css,.css,3167,8bbbe35b7a84dfb8d4d38564d7a6d95951b1daea4ea412b4c587115eee867a65,CURRENT_SOURCE
index_archivos/css/loader.css,.css,2284,7806df806444d7096f5bc517444cb92f19759d6647887023962d03296237915e,CURRENT_SOURCE
index_archivos/css/reporte-viajes.css,.css,432,917e5cb9b06eedfb081df7381a3470f2f40744ee7302f4783fb4ab0b5db0f03d,CURRENT_SOURCE
index_archivos/css/vue-select.css,.css,7490,24279cf4b0557ebc1e82cf59f738c42ecff49cbdfd903af082fa01c42d39dc49,CURRENT_SOURCE
index_archivos/data.php,.php,1381,7ea7af5c14749f2fb405ec86233c1708d4cc47534be50b358e51b8471caec849,CURRENT_SOURCE
index_archivos/dataReporteSemanal.php,.php,1403,03fc9c03bfcacecb79894ad77d5ab3ab8c15b4ca838fc59a7cd65a3182b4b2fe,CURRENT_SOURCE
index_archivos/datajson.php,.php,1474,4746a24d0008082df552d6f2faef9e9ec96a52b583b9373bfe2a66fc03fb8791,CURRENT_SOURCE
index_archivos/documentacion.php,.php,80089,d7a43d6cd341ecf9097e5b9a598aa32c477fd1bb8d128e7ccd2b78f278a54cae,CURRENT_SOURCE
index_archivos/documentacionaprobado.php,.php,90595,5ab2466746d7f9394a30f73a10b2fb6adbc1b2e868f2159301988704eb3bb0cd,CURRENT_SOURCE
index_archivos/download.php,.php,1966,3c836669d82b1262142d688a019322bc69cc3b5c59e00d02968425245171b6ff,CURRENT_SOURCE
index_archivos/email.php,.php,1201,19d0c4f2a523b07d9e928ccc432eab68471159e8440f9181e1b3c1cfee7f43b9,CURRENT_SOURCE
index_archivos/empresas.php,.php,796,75f1c8185d977c4be733af5085ca62738270373aa149e5355e6f88966eeb1441,CURRENT_SOURCE
index_archivos/encodeUser.php,.php,2141,1f4345b7d58af2e715963013472bbe40defaa0219d039e770dbd48fa4683b4bb,CURRENT_SOURCE
index_archivos/entidadtramites.php,.php,795,5d0783fb2cd9f9d1c80bd931d7011d600364e359b9ad63651cf91a93cd14b9f0,CURRENT_SOURCE
index_archivos/enviarsolicitud_ajax.php,.php,5572,9ec84e748dc5a4b7405235f3575a1539b1d3524afab3b54aabdfab6ef15432ec,CURRENT_SOURCE
index_archivos/estadosedp.php,.php,554,03685a6cbf06eb2dab59abb4059cb6fb14ba9675bc82319b912a985684395c18,CURRENT_SOURCE
index_archivos/estadosform1edp.php,.php,563,d462e6ec9cb222e9a7f962f7b62ce1f30379dba085ba120fe83b5de979dc8c02,CURRENT_SOURCE
index_archivos/etapastramites.php,.php,801,1f079f825caad06076b344de05f475de6dcc042de3033133def3fbbffa24de8d,CURRENT_SOURCE
index_archivos/excel.php,.php,2197,b0e5eed8aff97124f95172b06326bbf66dad77849416c15071a31c1c852b13a7,CURRENT_SOURCE
index_archivos/fecha.php,.php,118,563da2359a2e0d89ebebef486d6185b842710b08a56fd7c3dc4515fb48c79373,CURRENT_SOURCE
index_archivos/fechas.php,.php,304,8aeec7a4ecf0612f97414cede72a233679b74d6910d0931069cc7f9c372659b1,CURRENT_SOURCE
index_archivos/fechas2.php,.php,286,e0f46d92a9a0de88946f52e57aef71272177f704f4d4e275b8ad0d36d85257e9,CURRENT_SOURCE
index_archivos/fechasabierto.php,.php,252,3ab2309532158467bf286280c96434833c284dafb977a4c7d8f6bd3ee3c9e534,CURRENT_SOURCE
index_archivos/fechasretro.php,.php,400,0887e1aaf8977883f8ba7d0553708ede355700bf1375bed4990f7fb002616fe4,CURRENT_SOURCE
index_archivos/fechasretrolimit.php,.php,396,ba41143a600fee5e0d152b3aad93cac68a82fca76128f1d9ac35e09e6231a03f,CURRENT_SOURCE
index_archivos/finsolicitud.php,.php,33154,e640b4c0c52a8c8dff4aea9f79e5d7c0029cb6e5cb9155eaa9956de9e71fbf17,CURRENT_SOURCE
index_archivos/footer.php,.php,611,db8374714002a85105fa2eab8bee2ee9c647e26486d1b1f6b6c9ffd114df321f,CURRENT_SOURCE
index_archivos/footerbs4.php,.php,290,fcd94429d58ba8ec60eb2265ccb31410698154619d4c70c16ae5df1da9153944,CURRENT_SOURCE
index_archivos/formatos/FormatoActualizarSolicitudVehiculos.xlsx,.xlsx,10133,788c1b816d321a0be373ca3b6a732f4e540d331a7940322a57bba999ecc5b126,CURRENT_SOURCE
index_archivos/formatos/FormatoListaEmpaque.xlsx,.xlsx,11559,7f7abc71e8fa6cd6ecb2e6574358abf50644c745ba34c82adf4a597ba5434c90,CURRENT_SOURCE
index_archivos/formatos/FormatoReporte50.xlsx,.xlsx,9315,80a2ef9c4c55c36efea2e22bf7130bf3a951cf52a0266d1dd6f508ae8bcbb530,CURRENT_SOURCE
index_archivos/formatos/FormatoReporteModificaciones.xlsx,.xlsx,10297,b5bc157ae1557ee11954e2d342853850b4f986ba2035c6bfe142f85760f99f07,CURRENT_SOURCE
index_archivos/formatos/FormatoReporteSCP.xlsx,.xlsx,9568,b5c53ea67e13382d0a3aa6deaf7f67b7e973092436406c40081446ec527de423,CURRENT_SOURCE
index_archivos/formatos/FormatoSeguimientoOperativoDesglosado.xlsx,.xlsx,10194,8f7c95de50a125deafbabc7bf22db1d15364ff61d096c6978a33a76113a4af91,CURRENT_SOURCE
index_archivos/formatos/FormatoSolicitudMasiva.xlsx,.xlsx,21038,a72c593cee97168a35eb009c515d2819645f4569239cacf992a14b45590e30a6,CURRENT_SOURCE
index_archivos/imagenes/14359340169151585377615.jpg,.jpg,232400,4ce2b504e835cbb0c64a2f62ca322355d0de770c5fe11bd40a984ce35456c2d6,CURRENT_SOURCE
index_archivos/imagenes/ASGARD_text.png,.png,11670,5a6f913d9a8f82715122c38a023454f81801c8c35b33a11de78bea5617a30579,CURRENT_SOURCE
index_archivos/imagenes/Acrobat-Reader-icon.png,.png,4724,16ebdec3f0d0993e53e2394149c2d13a2f186438e66c8bc629cac9378d3ea381,CURRENT_SOURCE
index_archivos/imagenes/Asgard.png,.png,60626,0a7b4c17cb0459e56b133efef17fb3ef277b1c624afdf4942065a5966d97d4c4,CURRENT_SOURCE
index_archivos/imagenes/Asgard2.ico,.ico,370070,32a16a7740a163d3dbf97ec410e415470ac71bd6d4124e0aba58d0bc499fa129,CURRENT_SOURCE
index_archivos/imagenes/Asgard2.png,.png,28648,f687ed59e4e6b653cec187f70a1c82b58f085c37ebfebc22470cf7bd38c69546,CURRENT_SOURCE
index_archivos/imagenes/Asgard2_menu.png,.png,884,c3f4f4e656429642f9b89197a4aff23efb767c402fe00a55e09aeeb3d6d14332,CURRENT_SOURCE
index_archivos/imagenes/Asgard_ini.png,.png,12585,26f6a3bf18f1db259fbfbe336727aea5492f38c215b53b44ba37ef43aac8e3aa,CURRENT_SOURCE
index_archivos/imagenes/Excel-icon.png,.png,3439,fc95310563550ae590c17ca18b6befe7e1fc098ac4ad8f491113ae332c228261,CURRENT_SOURCE
index_archivos/imagenes/Factura.png,.png,85990,d13a9918f4c5bc51c7c558726563b7d2c08ddd74ad911e8f257370ac97f25b87,CURRENT_SOURCE
index_archivos/imagenes/Facturas-Pacena-01.png,.png,102340,99c2aa91edb76b53659732a98c89914e15e87239169381e313467fcda693a271,CURRENT_SOURCE
index_archivos/imagenes/Facturas-Pacena-02.png,.png,40211,0a8f1e0f3e74b3c447317038087a84eaba183a92d657664cd71c6989a3234e82,CURRENT_SOURCE
index_archivos/imagenes/Facturas-Pacena.png,.png,70385,cd87c7572453df09814d595932c5e7fceeafb453a5eb29ec8cf83e70a3205e68,CURRENT_SOURCE
index_archivos/imagenes/Gnome-Emblem-Photos-64.png,.png,7433,4af5a5abaa96b6a189cf970e9f41b369124005f8b79131742b19764992a3e39b,CURRENT_SOURCE
index_archivos/imagenes/KPO PARA ASGARD.png,.png,130676,1c216c4597b6aa9791789bb3267f78c74c1a64b1e36a807d7c0de056f300bcd2,CURRENT_SOURCE
index_archivos/imagenes/LOGO ASGARD 1.png,.png,28512,a7a5abf090eb4cb78a9ca04a4ebda83b18facc7cc122bf41ca33604b4c5beb59,CURRENT_SOURCE
index_archivos/imagenes/LOGO_ACTUALIZADO_PACEÑA.png,.png,35872,8b05e5d101956a615f7483ef1873ec1b1a86cad17b4e8a1e02807032f332183f,CURRENT_SOURCE
index_archivos/imagenes/LOGO_ASGARD_30.png,.png,27982,5a33b5af943cad5e535531730692b6a00fa2c7a85c1d48c7700a747c9bbb9cc2,CURRENT_SOURCE
index_archivos/imagenes/LOGO_CBN_07.png,.png,63166,5ad480f4c3452416201fb7a13d5ee3c1d2bfc4e7ed25745f518507d8cbd3e63a,CURRENT_SOURCE
index_archivos/imagenes/Logo.png,.png,77320,d1311ea118272b66eca5d3844d2ce23a4adcc2a8fd61ad552075113ca275aa13,CURRENT_SOURCE
index_archivos/imagenes/LogoConexus.jpg,.jpg,90253,3678105d71aa9e14aec53d30c070c7458c8538d4aaf4c22b1d70f0982e2cb4b8,CURRENT_SOURCE
index_archivos/imagenes/LogoKPOgroup.png,.png,25087,65262fa0886a35cef831c5f6409e77b69671eb9e4bd1f3c51a362dc1e70beb19,CURRENT_SOURCE
index_archivos/imagenes/Logo_ini.png,.png,26577,4f5dde2b472c8dd44210338a002c4fd4d8ba06350556fa8c6b008fe9d339264e,CURRENT_SOURCE
index_archivos/imagenes/Logo_menu.png,.png,3900,f218b609cd425a82ad52b132c5134f1d0a2f6ad0e0d4f7493e09e3fe2f8dabeb,CURRENT_SOURCE
index_archivos/imagenes/MailAsgard.png,.png,33797,f3c8d575b5a543cad5b95dd9fea5054c5add91b8aa58972c1a3396daaed035c2,CURRENT_SOURCE
index_archivos/imagenes/Planilla.png,.png,115782,39c627cf4102a22983b0865db6a94e9a4aab39c7347ef5aec76259259e24f789,CURRENT_SOURCE
index_archivos/imagenes/Planilla_01.png,.png,125476,8f05bdca6d1be87426ddb6b7078ab8b112589bcc981c6798534c21fd8c7e00fc,CURRENT_SOURCE
index_archivos/imagenes/Planilla_02.png,.png,482852,dce2c0ec4657c51c8803567f5a567c21db5978e5df5fb36926ed3a76abd8158f,CURRENT_SOURCE
index_archivos/imagenes/Planilla_02_bk.png,.png,115393,7f5c3d3c61d9faf2f0e13a71f73024aeee6ecb8246f98b541fae8e90c9eee93a,CURRENT_SOURCE
index_archivos/imagenes/Screenshot_20200618_104812.png,.png,20381,cfea0ddcf3b19eaff3bb85fa1858a20e0de7845ee0bbc949bf4d4437d3210a12,CURRENT_SOURCE
index_archivos/imagenes/back_image_asgard_v2.jpg,.jpg,2030384,3f777a3adf067b72b00ac46d1a53884d3d60b162252579a6df5f5fd6457eb70c,CURRENT_SOURCE
index_archivos/imagenes/banner_asgard.png,.png,583997,d94c77cc4014a9358cde2bb6ed814f8d5f388e13e0363f1841e0a09e95b3dee2,CURRENT_SOURCE
index_archivos/imagenes/cbn_gift.gif,.gif,8079935,ae5be0846bd18ab3525a1e7bd34bfa8f3f01904eafde59c81faedbaccf93fac4,CURRENT_SOURCE
index_archivos/imagenes/conocerOpinion.png,.png,516285,bd77a491790896822d343c7c60ba79985e16c09bd1eb331d39b0755e5f2f407d,CURRENT_SOURCE
index_archivos/imagenes/conocerOpinionX.png,.png,164859,458b542b271032c2f35bba717780875f8dec0d3e83d2f576368202b1bd085d9c,CURRENT_SOURCE
index_archivos/imagenes/exceldocs.png,.png,1196,57350875cf3677662753d36325d7ab2762bbd12b66bd86ecd913247f516adadc,CURRENT_SOURCE
index_archivos/imagenes/externo.jpg,.jpg,2630112,9431d5a8925dcfa801e96a13080bd789e989a9564d45d215384ce94858baefa3,CURRENT_SOURCE
index_archivos/imagenes/favicon.ico,.ico,16958,1c3760554cb4b1b64fbed6d562fd7bf592604939afdb76e2f0137da0e6b16336,CURRENT_SOURCE
index_archivos/imagenes/favicon32.ico,.ico,61798,9d56294e0d6346958631547956f502eb08eee66b1a56ef3a6f2cf6f16d824fe9,CURRENT_SOURCE
index_archivos/imagenes/favicon_menu_v1.png,.png,75116,003790bf4a4d52bee7c0c3354cb6d7a17a5788feab368b96c59ac75267653191,CURRENT_SOURCE
index_archivos/imagenes/fondo31.png,.png,1037643,a1b51efa63d26e3769a1f17433b8ed097354e3f868b30822e8d71ab685444516,CURRENT_SOURCE
index_archivos/imagenes/icons/camion.png,.png,2487,6f8178c32a7a8c2bed4af4bc28c1fc3894b780597aa340d0bb19f558825f7107,CURRENT_SOURCE
index_archivos/imagenes/icons/camion.svg,.svg,38618,94c95f18cb5525f7e458ad319dc8b5c6b00dcf9179671ed08a9895eff485c073,CURRENT_SOURCE
index_archivos/imagenes/icons/icon_check.svg,.svg,604,d1477aa8657ba220b065ccabd3af61884bb32aab80a37cc07fb6bc4dc3c82ce8,CURRENT_SOURCE
index_archivos/imagenes/icons/icon_event.svg,.svg,926,e08c068ae3c30a974582c4d93de9de37666509bec94ca3d850666ee197097422,CURRENT_SOURCE
index_archivos/imagenes/icons/icon_incident.svg,.svg,1516,efac4bc0f0c87217c31a4fe663f4aaa30f2d7399033fc2631f521c5c54ccba9f,CURRENT_SOURCE
index_archivos/imagenes/icons/icon_omitido.svg,.svg,2083,410d5ec2e43f19ee109f046937c0011935d6d18fa2d08fd833d3a04106d05c00,CURRENT_SOURCE
index_archivos/imagenes/icons/icon_point.svg,.svg,1014,1171c78cacdd1ce2a47d389827702f348fb5468a6252b42f9c0633689238dbd7,CURRENT_SOURCE
index_archivos/imagenes/icons/icon_viaje_asignado.svg,.svg,11493,9965b05de539d01d2bb7889f09e8d40bae2ff47399c773811c32a940daf794fc,CURRENT_SOURCE
index_archivos/imagenes/icons/images-outline.svg,.svg,889,7bec26311c67f03a00991e2ee9006c8df538097602949092dcad74518f434e0b,CURRENT_SOURCE
index_archivos/imagenes/icons/location-outline.svg,.svg,494,bfd8f58106df2336185dadca11bb4bdd87a9241cf426b6b83661d15cbb6e8e79,CURRENT_SOURCE
index_archivos/imagenes/imagesdocs.png,.png,1178,1d26805d5679365d3861714adbc89de5320a4f30984106159d8a680bfe47fa1a,CURRENT_SOURCE
index_archivos/imagenes/loading.gif,.gif,1359,67cc3fb7b5761ee56d6ade6613f2715f1f6ba89e0478ba6916443421296b08e7,CURRENT_SOURCE
index_archivos/imagenes/login_asgard_v1.png,.png,59890,af06876e33d6af5dbcdb50360b0188bc4142d978f854cb0ce6cb7f9b24c8389a,CURRENT_SOURCE
index_archivos/imagenes/logo_principal.png,.png,11033,4b6f335c91768678345e861c952c4abb400ab585407aecc3ea59e8cae50c9161,CURRENT_SOURCE
index_archivos/imagenes/muestraexcel.png,.png,41163,536638623e24ac0c5fa971d82d7edbbb3a5247e1fe5a430e1311c01b1fe0c2b6,CURRENT_SOURCE
index_archivos/imagenes/nav_logo.png,.png,8245,5281b5ac9090ed1e369881127ffe2d37bb0f15124bda6c8feb62efb6c3e1e9e2,CURRENT_SOURCE
index_archivos/imagenes/pdf-icon-grid.png,.png,1309,19980db83333588053f62b8b8af6dd3f32cc6d86f3a97fe10f66b6ed9abbbf07,CURRENT_SOURCE
index_archivos/imagenes/pdf-icon.png,.png,3535,a8338c8aa157fa99c5e9e4c7414288b71d013b71eafa5d05b349aaf7c182aec1,CURRENT_SOURCE
index_archivos/imagenes/pdfdocs.png,.png,914,810b5a89ff589cf336f9d11d1cac2c16427a87f69f5e4ce06802bd850464444d,CURRENT_SOURCE
index_archivos/imagenes/pdficongrid.png,.png,650,8cfef44329ab5d44201b524590aed201d1a07db00634d5c95b526a0030255373,CURRENT_SOURCE
index_archivos/imagenes/search.gif,.gif,199,aae471523130f62d30912013bcb63119cd5b79fa698be4d74eaa9fe56e8a640f,CURRENT_SOURCE
index_archivos/imagenes/search.png,.png,349,df53650b2413d48b7cef937f718adc33c565e840a5b920b0a316cb451a74d47c,CURRENT_SOURCE
index_archivos/imagenes/tracking.png,.png,52387,910f8c481f04de06815d6f49e85592f34bd5470e3ae06a3cc66308a4a7ae1c9d,CURRENT_SOURCE
index_archivos/imagenes/unknown.png,.png,5379,b60140d81db4ccb3c9512dde38c723151d35f543ccae1dbb3960975025436362,CURRENT_SOURCE
index_archivos/imagenes/unknowndocs.png,.png,784,a171a0098fbb2d859e36bd45bc48ef5a7aa922adf191468ff8f0b22b2b971d63,CURRENT_SOURCE
index_archivos/imagenes/updates/dashboard_updates.png,.png,693617,900e39995a435ca77428593e8c4a816d94078312840227c8471b325ba410afbb,CURRENT_SOURCE
index_archivos/imagenes/updates/notificacion_asgard.png,.png,196008,a0c87ab0211bf810a32e49ca0ee24779628399757879700f32f987ef931072e3,CURRENT_SOURCE
index_archivos/imagenes/updates/notificacion_asgard_updates.png,.png,192400,c88cf63473faa2fb5b1a09a2d5908a491934d2d959cb45ddf4ae3f79ef941efb,CURRENT_SOURCE
index_archivos/imagenes/updates/notificacion_boton.png,.png,7479,b609aa651e3250a955131558561d1a61946b7ae63ff63862e1294c7a4ec32b81,CURRENT_SOURCE
index_archivos/imagenes/updates/notificacion_cambio_pwd.png,.png,165917,77b8ccfc7bdbb786b781752c1ae5164069f871385c221c667fe151a68b91e180,CURRENT_SOURCE
index_archivos/imagenes/updates/notificacion_rating.png,.png,185558,b5d9b8c07f50d319550a3ca02bd55a2feab3c4b05ffb4abc11a9bd7ed5f8c6db,CURRENT_SOURCE
index_archivos/imagenes/wallpaper-icon.png,.png,10829,d1a2615deb4f0e9c0d31384adaeb1cf4a7d4f5338d67e505b166d3bbf24286e3,CURRENT_SOURCE
index_archivos/imagenes/wallpapers/1.jpg,.jpg,301413,4c5c8d981c7a79e62af31f7f4d951937251ecf834da324809a6c8cbcd3760aa7,CURRENT_SOURCE
index_archivos/imagenes/wallpapers/10.jpg,.jpg,180575,23bcfa7e7e6a54a08ffafdb67c7012c0ee9af8214f4911d4d567d75d36c3db14,CURRENT_SOURCE
index_archivos/imagenes/wallpapers/11.jpg,.jpg,81006,0b8171a2eefbeb59fdb9e4d63f0e5ecd2331aae153caf6ef814c871a3516f689,CURRENT_SOURCE
index_archivos/imagenes/wallpapers/12.jpg,.jpg,264711,88f0911189ee0ea266f5bae5fb1424275a0db3d20110fa4dbc9db23f061af354,CURRENT_SOURCE
index_archivos/imagenes/wallpapers/13.jpg,.jpg,113634,23686ff1bc20f6ec6377dedaeb32ef6f5374001c84f21ab4a912bdb890aa76df,CURRENT_SOURCE
index_archivos/imagenes/wallpapers/14.jpg,.jpg,400241,553369dc6713a02ecaf11a713dba4fc8a884ce73479013204cab9bf15739e320,CURRENT_SOURCE
index_archivos/imagenes/wallpapers/15.jpg,.jpg,288011,25736d81f20db676084710aa1b40b6d717aeef721dd5af2ea42b15454fb63b61,CURRENT_SOURCE
index_archivos/imagenes/wallpapers/16.jpg,.jpg,216276,5a860360ceebb3fde3ce1c9de7e37611438d7ace65a695565804be12edfa4c49,CURRENT_SOURCE
index_archivos/imagenes/wallpapers/17.jpg,.jpg,123148,c381d85238917f0970520051c750dcaf08869d18f7e16e7989b96c773fcc894d,CURRENT_SOURCE
index_archivos/imagenes/wallpapers/18.jpg,.jpg,429026,0d0b3768c1473feb5fb0963ed9d40ab7bf59e0eeac4b8dd99500444dc8483f34,CURRENT_SOURCE
index_archivos/imagenes/wallpapers/19.jpg,.jpg,456744,41b8f8fb61fe3dcd5810d4aa552ce045af25ffedbc40fe35ae0a477c0193a319,CURRENT_SOURCE
index_archivos/imagenes/wallpapers/2.jpg,.jpg,136290,5910da8419c8c1d990a64e2edd884d15445bf4bbf996873e5b850449f95ac274,CURRENT_SOURCE
index_archivos/imagenes/wallpapers/20.jpg,.jpg,113313,e33d87fa72b62cc23f397448e6f56667c28a3306ab6dd49613173664d3756eb0,CURRENT_SOURCE
index_archivos/imagenes/wallpapers/21.jpg,.jpg,384437,7fbc94b523b111e6b7ef7da331ea0c7d43e19b6d458cbf01ee0f2973f0c1f47b,CURRENT_SOURCE
index_archivos/imagenes/wallpapers/22.jpg,.jpg,156718,1d74833a332896ceebbe4fdb158e31a8aa4997cbb4778572d1ed85b39c944e08,CURRENT_SOURCE
index_archivos/imagenes/wallpapers/23.jpg,.jpg,423750,b212ce3d283d599fbdfa360919129f4ece2769cbc1a9eedb9921064ec7ce6315,CURRENT_SOURCE
index_archivos/imagenes/wallpapers/24.jpg,.jpg,113407,2d6418f44e95630d8849566c8714610ccc1aa4ee37eb60d165cc611351025680,CURRENT_SOURCE
index_archivos/imagenes/wallpapers/25.jpg,.jpg,119390,d86a8e6c8998a116729cd7b5e54d22018e98a12a78716d0b3735a2c0e1d9368c,CURRENT_SOURCE
index_archivos/imagenes/wallpapers/26.jpg,.jpg,225530,e2f838697c985dfd98f4400f0cc53495abe6ed914ad594bf53c8318911487fb1,CURRENT_SOURCE
index_archivos/imagenes/wallpapers/27.jpg,.jpg,226386,60475314e59a78323529fe7702ad4afcc2fe8523d48400f33e5072fc92e9aea8,CURRENT_SOURCE
index_archivos/imagenes/wallpapers/28.jpg,.jpg,105470,2f1977f196b4ef44d14009678ac4c795a815f47eab744beb752c1daf4302fcc5,CURRENT_SOURCE
index_archivos/imagenes/wallpapers/29.jpg,.jpg,134361,934d6a58c6a8c3b80d103c0c09eb7eaa854e16b232aac59509cc2f2db7631bd9,CURRENT_SOURCE
index_archivos/imagenes/wallpapers/3.jpg,.jpg,123723,cbc92461ffd5818c21df44b4304f6e52a5f86031657872003439c5e45c8ee0c7,CURRENT_SOURCE
index_archivos/imagenes/wallpapers/30.jpg,.jpg,120127,141d1514efbcbe004e6f2768466779eea6d327d135bd0d6f74e5969506a1d6c5,CURRENT_SOURCE
index_archivos/imagenes/wallpapers/31.jpg,.jpg,262695,66654849bc65a60731b27d427c1d655f756d4b117fe9dd4d5c99d862cd56afb4,CURRENT_SOURCE
index_archivos/imagenes/wallpapers/32.jpg,.jpg,285100,07930918eacdc7a95a7a282650affc492edf158f620367f7627ffb57d5fac87c,CURRENT_SOURCE
index_archivos/imagenes/wallpapers/33.jpg,.jpg,179090,a0e405b556d398f68012ec12759fc0dcdef71a31ff6aa052c3ac560a4e00c4d4,CURRENT_SOURCE
index_archivos/imagenes/wallpapers/34.jpg,.jpg,122537,843c67eb86997c9896a93fe9cd9dff98b3a3bb64c03b0b855772a172e69f3a28,CURRENT_SOURCE
index_archivos/imagenes/wallpapers/35.jpg,.jpg,256598,27675119fc519205f67397acc7d766ba28ef0ed1bbd669f099d35c1ef90b98e8,CURRENT_SOURCE
index_archivos/imagenes/wallpapers/36.jpg,.jpg,246614,113badb946efdd2491770570389f2a0c521a35e3160419f5e4b74b3f86033976,CURRENT_SOURCE
index_archivos/imagenes/wallpapers/37.jpg,.jpg,164997,3a5671530c009f774473a06bb72853cd9ca920c8cb07333ed0c9fed98f4aaeef,CURRENT_SOURCE
index_archivos/imagenes/wallpapers/38.jpg,.jpg,268247,f1fb3f3ff9634803c941d003e7571b72206f962a2fcd42941933778ed2d98083,CURRENT_SOURCE
index_archivos/imagenes/wallpapers/39.jpg,.jpg,345279,8556329a043c9cd9454d4d4bcb35a6a95ab923b1f28d6885004a6636a59b1db4,CURRENT_SOURCE
index_archivos/imagenes/wallpapers/4.jpg,.jpg,264712,4d32652b620044199e3bf3e5ef69536b084c3740e74c30b1fd6a42ef54f5b3a8,CURRENT_SOURCE
index_archivos/imagenes/wallpapers/40.jpg,.jpg,185573,afc708aa01ed28348382ed679a396236abbb3b00bb79dc933f6b5abcfacf078e,CURRENT_SOURCE
index_archivos/imagenes/wallpapers/5.jpg,.jpg,247222,c84a149cd6d8a91e737a2dfbad90bccb0233df4819d8afc7bcd991a0385be6de,CURRENT_SOURCE
index_archivos/imagenes/wallpapers/6.jpg,.jpg,141315,1474de2a6f592c674157364fefa3d7e3ada9bd7cc806f03112f040bbddc3582f,CURRENT_SOURCE
index_archivos/imagenes/wallpapers/7.jpg,.jpg,81986,6f941f250e8f3d1da6e3bb21d5c66c1f8944f658844c3cf33ba66a0d8cdbf1eb,CURRENT_SOURCE
index_archivos/imagenes/wallpapers/8.jpg,.jpg,237735,4027f6d8a1ea0b80d830a97aa592f103868472da7e804028abf989382a4638fc,CURRENT_SOURCE
index_archivos/imagenes/wallpapers/9.jpg,.jpg,179164,c03ed3e69fa2dd15c1456b9e94c04ae836bafae02b67e5915f19409b22dac510,CURRENT_SOURCE
index_archivos/imagenes/warning.svg,.svg,844,8277ac2c3840ccef82e66787944e6eee7092861646726caab7f1e79e85f66fa9,CURRENT_SOURCE
index_archivos/imagenes/word_icon.png,.png,24202,04c549961b1a597df99e5819b15d27edfb5c1304825d1216e8dde5f3e3f41e0a,CURRENT_SOURCE
index_archivos/imagenes/worddocs.png,.png,1155,f568282abd3253ef1239bbc96800b308ad32193ecfb1bd4936fb2affe29d0cdf,CURRENT_SOURCE
index_archivos/impresion.php,.php,30165,c639116285b4e9c16ddf811322bf95e997acba37feda39d5f2423e446584afe0,CURRENT_SOURCE
index_archivos/intercambioDocumental/IntercambioDocumentalClass.php,.php,16714,9a908af874633c97e4606d3f94d54e35f4d5dbf2b08471ee9aead175ffc0d55a,CURRENT_SOURCE
index_archivos/intercambioDocumental/README.md,.md,24,46ccad5e44e6b3faa080cee2c8b1bedd7999548a929787e30b6de6e5755caeab,CURRENT_SOURCE
index_archivos/intercambioDocumental/Utils/OcrUtil.php,.php,9641,4c590d094d8a72bc4cc46b3c5dad9e127cec78af933ef3599aed434e47d9479e,CURRENT_SOURCE
index_archivos/intercambioDocumental/ajax/OCRClass.php,.php,8792,5b4ba970858e82aa9d8ab491b8b11acf4332fe77c4af7202f1c050cd67c5d459,CURRENT_SOURCE
index_archivos/intercambioDocumental/ajax/actualizarParticipantes.php,.php,15461,1cfd6bd94d54796991f1c624d58bac377ba92fac63e8f5699163b0e001651f16,CURRENT_SOURCE
index_archivos/intercambioDocumental/ajax/dividir-pdf-soat.php,.php,10473,b508722a2d654c75a8161f6a08ca911a310a90830a1b0e50da6c86c8229a9267,CURRENT_SOURCE
index_archivos/intercambioDocumental/ajax/document-history-excel.php,.php,2356,894882312aa793e974c0315c23a1e0552ca62d0c33dba8e63f9b415e6ef4a5da,CURRENT_SOURCE
index_archivos/intercambioDocumental/ajax/documento-dam.php,.php,1655,17c96ecd88f710bc9e0711c97ea9bad1a9e5999a205f0458b1d00d472bf9a34f,CURRENT_SOURCE
index_archivos/intercambioDocumental/ajax/documento-ocr-dex.php,.php,12837,b070141b58d3c5493b2d39d80fde9663966ee899621cc1e9c2c647603fe93b7d,CURRENT_SOURCE
index_archivos/intercambioDocumental/ajax/download.php,.php,959,872b7aeb83307e1408abd577eaefda4df268d59f74cf824c0e4b0e0f2ac67ebf,CURRENT_SOURCE
index_archivos/intercambioDocumental/ajax/eliminar-archivo-soat.php,.php,1018,0d61d282e874fa317ec28b60ce2d0a936cee8a32c546b30ee90465c4fb5fcc61,CURRENT_SOURCE
index_archivos/intercambioDocumental/ajax/exchange-history-excel.php,.php,2419,ebc629748d0dde062f9cbfc638f754cabba3079244b988c4f8aa6c260f6ce937,CURRENT_SOURCE
index_archivos/intercambioDocumental/ajax/iniciarIntercambio.php,.php,15149,5db73264cf9449e00ecd111793a6ee622f1dd1cc59b0cfb9df556eed5d5195b9,CURRENT_SOURCE
index_archivos/intercambioDocumental/ajax/lectura-ocr-bl.php,.php,11022,1d7869fe5debae73ae7e45967fa4563d452e648cf8d9c4fe38fb7ceb15dc593a,CURRENT_SOURCE
index_archivos/intercambioDocumental/ajax/lectura-ocr-falbo.php,.php,19987,af2c46256a16454ebc0ffe83f15ccd91f85969ecd840e8518ed412263b5d284b,CURRENT_SOURCE
index_archivos/intercambioDocumental/ajax/lectura-ocr-fdab.php,.php,21675,e6bed328537bce623db5dd24ed31771d1427ba454c9702bf7d64e5f9d4c6ad83,CURRENT_SOURCE
index_archivos/intercambioDocumental/ajax/lectura-ocr-ft.php,.php,9661,efb4ec9c6c52e0ec6a096b0466fdcacc2b7dc113b3e4c70b4f3aceccab125e37,CURRENT_SOURCE
index_archivos/intercambioDocumental/ajax/lectura-ocr-jennefer.php,.php,9196,dfa77ecbb7789f76cab019f5e3b7242980086148f6c0573c233eb73a28182c4a,CURRENT_SOURCE
index_archivos/intercambioDocumental/ajax/lectura-ocr-pr.php,.php,2834,6059c65192e71232cfc29d07654e0d3fe703dc7036b92911a66aae9cbe21b007,CURRENT_SOURCE
index_archivos/intercambioDocumental/ajax/lectura-ocr-senavex.php,.php,8471,2b3f15955d972e633b1e688d3e6ea88a0e02d53b33b6075e9ddb2046a8e46390,CURRENT_SOURCE
index_archivos/intercambioDocumental/ajax/lectura-ocr.php,.php,7653,f012a0a4ad78c4afb30672b8bef8688c1eb6f58f1c372999db46be9c9a8044b2,CURRENT_SOURCE
index_archivos/intercambioDocumental/ajax/lectura_documentos_iasa.php,.php,33447,9731b28586709d4209ac1978e2f9f99b3444b057f9c1901618e5d7404debf411,CURRENT_SOURCE
index_archivos/intercambioDocumental/ajax/saveExchangeIdInPedido.php,.php,344,c8965ce86ede89fd8390acd11f0eed704ec4f6053292b928f268666e7381bd93,CURRENT_SOURCE
index_archivos/intercambioDocumental/ajax/saveExchangeIdInShippment.php,.php,366,adf423a744331d77e54e9e8e44811d02e18ae245f3b4975138f1430184fd72dd,CURRENT_SOURCE
index_archivos/intercambioDocumental/companyTypes.php,.php,630,2714dfe8ad15e6b4197fef0fb6b0bf4fc353c8c03c6113e0e7fe0676e0c0b71b,CURRENT_SOURCE
index_archivos/intercambioDocumental/componentes/modal-company-list.php,.php,900,08d81894d5235d6827ff2219df8b38ba69d6696ec32ad7181c82939c8c03fac2,CURRENT_SOURCE
index_archivos/intercambioDocumental/componentes/modal-document-history.php,.php,1155,a2cd89a615f71d8f99e7eb423618f89b1b2360b114e563c277f9ff6303e237e4,CURRENT_SOURCE
index_archivos/intercambioDocumental/componentes/modal-edit-document.php,.php,2094,c0bedec653caa30b8a78885987d10bde8d4d8fe7acd206c0270a24dd28104fb3,CURRENT_SOURCE
index_archivos/intercambioDocumental/componentes/modal-multiple-documents.php,.php,1596,e21b5b3ae37c3fb5ea7d97e77ae4c8f76221e3c3f101c6adda3187e060a5a2c4,CURRENT_SOURCE
index_archivos/intercambioDocumental/componentes/modal-new-document.php,.php,1645,6c2a6d588834965bce249cbf7c9387d1a11d972410ce9fac846c6cfd959698d4,CURRENT_SOURCE
index_archivos/intercambioDocumental/css/styles.css,.css,1449,59dde183b50e3fb9a59fbd97f543825576c7c2f0618982b172adb9d22cf5311f,CURRENT_SOURCE
index_archivos/intercambioDocumental/css/stylesbs2.css,.css,396,3ccbbda328d198d2f168d3817cca9a35e8cbf6181b13c057bdc6e5fd63082352,CURRENT_SOURCE
index_archivos/intercambioDocumental/documentTemplates.php,.php,10679,300eeb525d0ec3011d9bf276ad811912ef9425b80329c5f50532e07f62c69c35,CURRENT_SOURCE
index_archivos/intercambioDocumental/excel.php,.php,2197,b0e5eed8aff97124f95172b06326bbf66dad77849416c15071a31c1c852b13a7,CURRENT_SOURCE
index_archivos/intercambioDocumental/intercambio_documental.php,.php,6495,325455e52346724532e9337548fe6b70d3ad3f55a3ce28b7e6f452411f58baa1,CURRENT_SOURCE
index_archivos/intercambioDocumental/js/datosIntercambio.js,.js,146236,503b3b633123681813c79d8b96152ae101fbce6e95383f0e5bc4734826be9746,CURRENT_SOURCE
index_archivos/intercambioDocumental/lista_intercambios_documentales.php,.php,6863,5e9e09c98c018b94181bf2526306a31bf1f02c9d19b84dc7639176e3ed3e7609,CURRENT_SOURCE
index_archivos/intercambioDocumental/objectTypeEnum.php,.php,236,399e2cfeceabc997fc645a21ed27c6bf54706a5ee08c438b50230bea5ba75fac,CURRENT_SOURCE
index_archivos/intercambioDocumentalV2/bs4/agregar-documentos.js,.js,3789,7c5b9879361b9a5dbc0b3e6aaa796fc35df145c2e1748b69cddce8b77d7ea06a,CURRENT_SOURCE
index_archivos/intercambioDocumentalV2/bs4/lista.js,.js,2246,ac6c53b7171f0ce166bddfa4c464035b2a2af11f3eeae81c1e3695410d8b2667,CURRENT_SOURCE
index_archivos/intercambioDocumentalV2/bs4/principal.js,.js,1403,35d90aca88de4f37828b66e430c0bad12a47619b0394e30867d488f23a21c179,CURRENT_SOURCE
index_archivos/intercambioDocumentalV2/bs4/subir-varios-archivos.js,.js,3608,a3c16ad44f6cef815705a101869b778eeb9beaa94cd509bd76a8afb72e8cc1bd,CURRENT_SOURCE
index_archivos/intercambioDocumentalV2/bs4/ver-participantes.js,.js,2205,edc2c2398c24049232a2ae8743487c6f40a5ae6afef1e34c1e84a6bb73f791fc,CURRENT_SOURCE
index_archivos/intercambioDocumentalV2/bs4/ver-reporte-actividad.js,.js,2332,85415d498552f1c84365a668c5f36b4499f3d753ca45b36eaeda89ac9bb4fa51,CURRENT_SOURCE
index_archivos/intercambioDocumentalV2/componentes/crear_documentacion.php,.php,3453,69e60d1a1534b6326010708e308863791ede627e8c01c40405d30e0e19bc172f,CURRENT_SOURCE
index_archivos/intercambioDocumentalV2/index.php,.php,8865,9e99f57e4ab0d9e1a6156d403be2e41588e7b3aad76486f47ea1542accd12474,CURRENT_SOURCE
index_archivos/intercambioDocumentalV2/intercambio_documental.php,.php,2201,30d7073af35a02b1bd2669edbb1d5daff4fca3980857f3052596b430ec53eedb,CURRENT_SOURCE
index_archivos/intercambioDocumentalV2/js/commons.js,.js,733,88c496d2789f7c001332af4d343e2562b8f93788f942e7dd450874f633413cdb,CURRENT_SOURCE
index_archivos/intercambioDocumentalV2/js/datosIntercambio2.js,.js,10938,d27ddb2b8c8807ba31005d4e1f5c084554b96124b9e397ea2d6598c08113daa8,CURRENT_SOURCE
index_archivos/intercambioDocumentalV2/js/enums.js,.js,298,d4a0f3edb1170be0535567d0c4e574ae87b9d0c4985bc63b53f51e6647ff22a6,CURRENT_SOURCE
index_archivos/intercambioDocumentalV2/js/intercambio-api.js,.js,2116,55b0345ac376e1f048f5d80d525fbd51d1e4711f902bffd34aec558feeeea55f,CURRENT_SOURCE
index_archivos/intercambioDocumentalV2/tipoObjetoEnum.php,.php,235,c094e5c6b93574f584416c4eed6d540de08e601b9db9b6278c50e73aa7ff0d17,CURRENT_SOURCE
index_archivos/jqGrid/css/images/ui-bg_flat_0_aaaaaa_40x100.png,.png,180,9a8492a580bf85d3e98ae8861fbd45567e5a1f83eeafcf9574da0399d5f602ab,CURRENT_SOURCE
index_archivos/jqGrid/css/images/ui-bg_flat_55_fbec88_40x100.png,.png,182,14fe16335e0a21c681cd02b5629cf26a30dad5492e8fc313bd4a91b0626e530c,CURRENT_SOURCE
index_archivos/jqGrid/css/images/ui-bg_glass_75_d0e5f5_1x400.png,.png,124,a01fdab85ebebffa93ff73071d141ccc9ad96907b3bfeacf777271e139bd7eca,CURRENT_SOURCE
index_archivos/jqGrid/css/images/ui-bg_glass_85_dfeffc_1x400.png,.png,123,0053aaaa79ecdcd48e89d0d2125e6a420e44be52c82fc48fcfaa8689d76758a8,CURRENT_SOURCE
index_archivos/jqGrid/css/images/ui-bg_glass_95_fef1ec_1x400.png,.png,149,c64b14b5924d49cda2673ab7933154d6e7d885820c775b312a3da582413b8958,CURRENT_SOURCE
index_archivos/jqGrid/css/images/ui-bg_gloss-wave_55_5c9ccc_500x100.png,.png,3457,3129cc79ed5123d45ad0b9b7876a2d97a1be83049497ea8bcdb29de8e1cedb45,CURRENT_SOURCE
index_archivos/jqGrid/css/images/ui-bg_inset-hard_100_f5f8f9_1x100.png,.png,104,b042ff96cb3ace8a7d49f8c39bb11e065c581f67c19ff75a98a87ce2401d1ee9,CURRENT_SOURCE
index_archivos/jqGrid/css/images/ui-bg_inset-hard_100_fcfdfd_1x100.png,.png,88,d175ae345afe14519bca3ebe152a9f863e5116f8993a641c26f619f926436df0,CURRENT_SOURCE
index_archivos/jqGrid/css/images/ui-icons_217bc0_256x240.png,.png,4369,027addbcfb8e0aed362384df7c45fbb22fbbca39f79bc412401428e5857a3ebf,CURRENT_SOURCE
index_archivos/jqGrid/css/images/ui-icons_2e83ff_256x240.png,.png,5355,a8f038f8b2763f67002b0a8e2bce0607b9b8ae14c5fa19ff5b404f8b78f1055b,CURRENT_SOURCE
index_archivos/jqGrid/css/images/ui-icons_469bdd_256x240.png,.png,4369,f5afc40a1ef6eefbfc5a3a096fdd51ce0ab8af1b31b3a64caa5eb49d034b9149,CURRENT_SOURCE
index_archivos/jqGrid/css/images/ui-icons_6da8d5_256x240.png,.png,4369,55380e58ed3ded7e334522936f36fa41165a06efe7a6120b6da630574a160aa2,CURRENT_SOURCE
index_archivos/jqGrid/css/images/ui-icons_cd0a0a_256x240.png,.png,4369,53f9f6be37d5c395c125a53dbf39c697fc3e5fd44a5f09f0d99710910f840dd6,CURRENT_SOURCE
index_archivos/jqGrid/css/images/ui-icons_d8e7f3_256x240.png,.png,4369,29a84e1e88969f76ce5de9a054d9b3f884f4b315190f9c4322e2b4d6e8e545de,CURRENT_SOURCE
index_archivos/jqGrid/css/images/ui-icons_f9bd01_256x240.png,.png,5355,ce7ade37208a08b94c4f11f8b5476e8c2a585b06ecafa3ddd27ef7beb78720b3,CURRENT_SOURCE
index_archivos/jqGrid/css/jquery-ui-1.9.2.custom.css,.css,32812,b1df2a38b1919310a9038543cfd6484f115bfd148bc93566814ade490e366a02,CURRENT_SOURCE
index_archivos/jqGrid/css/ui.jqgrid.css,.css,13392,771f6ce4727c66d94c33b94b0ab254ff28d62be3f7e18d5efac7265a8e16fb0f,CURRENT_SOURCE
index_archivos/jqGrid/cssui/add-ui.css,.css,108,96e189ae952da31f64f12c62c6fa7c01edc9e48c677a11f38ddfc2bb54352314,CURRENT_SOURCE
index_archivos/jqGrid/cssui/external/jquery/jquery.js,.js,282988,4f5e849f11b1f3d348b4f504b570ab268f89e735079d46330a80f4df498b96be,CURRENT_SOURCE
index_archivos/jqGrid/cssui/formulariosui.css,.css,282,4d4508a7634e59c49e45f8e6d8d8140594626903b0f0bc8f20a093ea4f1fb2b3,CURRENT_SOURCE
index_archivos/jqGrid/cssui/images/ui-bg_flat_0_aaaaaa_40x100.png,.png,212,0501be23fa8d35e51ee2e8e0b5dbb5dee2adc817986bb8699a1c6e7782783771,CURRENT_SOURCE
index_archivos/jqGrid/cssui/images/ui-bg_flat_75_ffffff_40x100.png,.png,208,c0165e27815438681946dc706ab60127afc1e94cd0797a48a31afafe813f592c,CURRENT_SOURCE
index_archivos/jqGrid/cssui/images/ui-bg_glass_55_fbf9ee_1x400.png,.png,335,83726e64c1fc57cb2607fb615996d27b9eb2fa814eac6b2093a1abab5310ffa8,CURRENT_SOURCE
index_archivos/jqGrid/cssui/images/ui-bg_glass_55_fbf9ee_1x400_.png,.png,335,83726e64c1fc57cb2607fb615996d27b9eb2fa814eac6b2093a1abab5310ffa8,CURRENT_SOURCE
index_archivos/jqGrid/cssui/images/ui-bg_glass_65_ffffff_1x400.png,.png,207,e6817095bca95f8cc09033755923eeb89ecafef457a7a857b48ea034f29ecabb,CURRENT_SOURCE
index_archivos/jqGrid/cssui/images/ui-bg_glass_75_dadada_1x400.png,.png,262,108c0c042a086a3486ef05c16bd90bbd49927615dc3c2b08969f9917d4aec1c9,CURRENT_SOURCE
index_archivos/jqGrid/cssui/images/ui-bg_glass_75_e6e6e6_1x400.png,.png,262,f5609f9acf4792918252bbc57f4822d69059e758a0d0b275b6de529727332dde,CURRENT_SOURCE
index_archivos/jqGrid/cssui/images/ui-bg_glass_95_fef1ec_1x400.png,.png,332,620db44eca8540c6a0a9e1c2dd25d4fa1f73f23bada563fbdc97a7fa16aff640,CURRENT_SOURCE
index_archivos/jqGrid/cssui/images/ui-bg_highlight-soft_75_cccccc_1x100.png,.png,280,a74ed1fe5e80c1674e594537f4e0e488c02959c92505fdb470bc2fd2dff93d2a,CURRENT_SOURCE
index_archivos/jqGrid/cssui/images/ui-icons_222222_256x240.png,.png,6922,3b1ac036763d3a59c88578486ae698d22a37dd2d46a553485e1eabb9fe255b3f,CURRENT_SOURCE
index_archivos/jqGrid/cssui/images/ui-icons_2e83ff_256x240.png,.png,4549,3d3e274632c78c97b550bb7d2291462e2584f523a15cdc1b9535e7bfabd0ce30,CURRENT_SOURCE
index_archivos/jqGrid/cssui/images/ui-icons_454545_256x240.png,.png,6992,a8d28e2d83a807b2b86ed2a02e31086f6c0718dfa96e0ba6a4577b657f69cc34,CURRENT_SOURCE
index_archivos/jqGrid/cssui/images/ui-icons_888888_256x240.png,.png,6999,e2d1b1c7c51f8c30431327fe43029d62b6d5dfd2d95bbd6b8b9929c178dba4bf,CURRENT_SOURCE
index_archivos/jqGrid/cssui/images/ui-icons_cd0a0a_256x240.png,.png,4549,003822ed55ad9191e071798370e41363a617b138eae18623ad9d864ca5f357ce,CURRENT_SOURCE
index_archivos/jqGrid/cssui/index.html,.html,32225,f6651fbf71d799441d2a35dae4b4cce7c2bfaa226ce22db2b6a4e49182f15d40,CURRENT_SOURCE
index_archivos/jqGrid/cssui/jquery-ui.css,.css,36437,e50e8be6c41215cacbadec5d7787a071d9f1b6f541822cc532a5a944848a57e0,CURRENT_SOURCE
index_archivos/jqGrid/cssui/jquery-ui.js,.js,485937,7c05878e6450b1f478ae8a5803e7627fc92b2f763f1da627e180e11c0439470b,CURRENT_SOURCE
index_archivos/jqGrid/cssui/jquery-ui.min.css,.css,30027,10dc75430fed590c4c911a3cde95487609162eccee599693193ae0209ebd1b26,CURRENT_SOURCE
index_archivos/jqGrid/cssui/jquery-ui.min.js,.js,239576,7d40d8a4bfe8792d3919ee0dce00548393be5aa09d1c8e240515d1016828e3ef,CURRENT_SOURCE
index_archivos/jqGrid/cssui/jquery-ui.structure.css,.css,18854,d0964b12fe078dd70f97026dbb721959c20a9b2c6866057697164c7dbaee7f30,CURRENT_SOURCE
index_archivos/jqGrid/cssui/jquery-ui.structure.min.css,.css,14773,28efde25972ff70afef40ebe83b908556e3cf6c85b4f3e251d12c44692ccf408,CURRENT_SOURCE
index_archivos/jqGrid/cssui/jquery-ui.theme.css,.css,17694,668683fbbd6609ed5f2c95e1f45ccd3295d4b4916eda8a4ebab8330d7fe991bd,CURRENT_SOURCE
index_archivos/jqGrid/cssui/jquery-ui.theme.min.css,.css,13795,97401825f884166c8f97af7b0efe86ae6e2dbe2ac8a2537675797271f4e997b7,CURRENT_SOURCE
index_archivos/jqGrid/js/Changes.txt,.txt,46539,f35b5fa2073dd6f8eb84e9c04d9f3939bf1abdb9218051efc7cd7c5e7bb96e80,CURRENT_SOURCE
index_archivos/jqGrid/js/formulariosui.js,.js,6748,8629f14ac8d5b92c3b1ef9ec360745154441758321d52a7aba6e8b8c929abe24,CURRENT_SOURCE
index_archivos/jqGrid/js/grid.locale-en.js,.js,2954,6f7cad9993d4ff9c7364d6ef0a25435f985f409b93fbd7055168655d83625edd,CURRENT_SOURCE
index_archivos/jqGrid/js/i18n/grid.locale-ar.js,.js,5245,252f4863cecff3ddca860f6580e338be6c4fe98ab340adcd0d7cafb36e694a85,CURRENT_SOURCE
index_archivos/jqGrid/js/i18n/grid.locale-bg.js,.js,5865,2d8bdbefdcb49059776688a1150944baff9f8346e7b8bc7ae66f5c8a237fc821,CURRENT_SOURCE
index_archivos/jqGrid/js/i18n/grid.locale-bg1251.js,.js,6533,5ac4934d84e8c83865d69e821d66c62e92ad17a7367cc5dd6ba35030b06cd601,CURRENT_SOURCE
index_archivos/jqGrid/js/i18n/grid.locale-cat.js,.js,4907,f3ff0f3ad5e7cb5ff4d3a44cad88211ba102d72c66d4014c356e869b475c5309,CURRENT_SOURCE
index_archivos/jqGrid/js/i18n/grid.locale-cn.js,.js,8442,f63fd1129bec40352fa9d526c0d750f0a13e45508be2d1cba0a592ec37d0e770,CURRENT_SOURCE
index_archivos/jqGrid/js/i18n/grid.locale-cs.js,.js,4941,e78aa61d861c4dc142d8cb6f3c8098522b119b893e2331939796deeb5f3db2b8,CURRENT_SOURCE
index_archivos/jqGrid/js/i18n/grid.locale-da.js,.js,4745,eabff1dbd72677f28e2d6ae59361e7b26a3d30b5ebeaf7e00ea89968875fe0bb,CURRENT_SOURCE
index_archivos/jqGrid/js/i18n/grid.locale-de.js,.js,7330,9d33662c154d0c42845d5d6e66f56383fca78b8d3a43689186899923a0edc48f,CURRENT_SOURCE
index_archivos/jqGrid/js/i18n/grid.locale-dk.js,.js,4743,b21413104cf83d20bcdea5d82c8ab81078f97ff1fd8fc1838303e19db1c6c4c5,CURRENT_SOURCE
index_archivos/jqGrid/js/i18n/grid.locale-el.js,.js,5798,d89b1eea545f54f03423caa1f0bd410e2f9a2a4061b17105107c4c2a2ae73a81,CURRENT_SOURCE
index_archivos/jqGrid/js/i18n/grid.locale-en.js,.js,7141,d0116089ad316abe2400a5cc87a0a007c6370bbd95d043520bf49bca3e38ff52,CURRENT_SOURCE
index_archivos/jqGrid/js/i18n/grid.locale-es.js,.js,5141,fec5b648977e098725722d15362273fde3031086053a7335ddacf6ff2dbe19dd,CURRENT_SOURCE
index_archivos/jqGrid/js/i18n/grid.locale-fa.js,.js,7027,8d1fbea1ccb789d812c379a9d96ada3cc9fd281732bba78ac1a6f5f8f28fbebd,CURRENT_SOURCE
index_archivos/jqGrid/js/i18n/grid.locale-fi.js,.js,5101,2aadd619d86670175df8905c2a48d74800311c433d65c27325d0df5ba8423e13,CURRENT_SOURCE
index_archivos/jqGrid/js/i18n/grid.locale-fr.js,.js,4888,388dd5761f0cf8312805fa404aac7a2c17e0699357e229104bd3f38c7382b10e,CURRENT_SOURCE
index_archivos/jqGrid/js/i18n/grid.locale-gl.js,.js,5057,a35f19294d86bb9e3c96b7f6cfb82c4f15c1f1c47a74131da87e018b4c60daf7,CURRENT_SOURCE
index_archivos/jqGrid/js/i18n/grid.locale-he.js,.js,5093,857b3999ec26fcdef21a13ee650c02145059734a3490b47fcd2d574e54423d13,CURRENT_SOURCE
index_archivos/jqGrid/js/i18n/grid.locale-hr.js,.js,6724,43129ce1f286ddc06dce173e1d700ddd9d083ed230f5570d99b38d4877b2670b,CURRENT_SOURCE
index_archivos/jqGrid/js/i18n/grid.locale-hr1250.js,.js,6789,e878723226a7cbea1824a4585987740ea5ad54d2962dd33b3a1c4853d5650a0a,CURRENT_SOURCE
index_archivos/jqGrid/js/i18n/grid.locale-hu.js,.js,4749,dcb542872ea7d3a6a1163c570aa4853ed5c502f9a17f12e7074f84d162ac7cf8,CURRENT_SOURCE
index_archivos/jqGrid/js/i18n/grid.locale-id.js,.js,7274,dc8b1ac21689040f77787daae4fa16b0e75032681c8e2466a81070123e2ac210,CURRENT_SOURCE
index_archivos/jqGrid/js/i18n/grid.locale-is.js,.js,4860,ed0debe9ee6040a821512e6c1321456b9a06e5b2229be19256c207c4f73c81b4,CURRENT_SOURCE
index_archivos/jqGrid/js/i18n/grid.locale-it.js,.js,3798,109126da3ae187861cf3aa45eeab939ef167f19b3c42ff63f1aa222529cd6d46,CURRENT_SOURCE
index_archivos/jqGrid/js/i18n/grid.locale-ja.js,.js,7489,84bf1e0cd6bd26aa922839c948265b0bcae1df2c7da7cf0251ab3f319e1a663d,CURRENT_SOURCE
index_archivos/jqGrid/js/i18n/grid.locale-kr.js,.js,4897,5b8b0b69bcd2dde9defb8eaa6ac754b12db9822a570181f5b23b677575d3f9cd,CURRENT_SOURCE
index_archivos/jqGrid/js/i18n/grid.locale-lt.js,.js,4909,44fdeb6ccc49c7bf6fa3f19968e36e6072d428bada92c1ed6032f6f7d8e9c3e7,CURRENT_SOURCE
index_archivos/jqGrid/js/i18n/grid.locale-mne.js,.js,4752,a5adcd4966d7f5a4459ac5922904c7d3c195186d8150cdf4b4995c95ba360cd8,CURRENT_SOURCE
index_archivos/jqGrid/js/i18n/grid.locale-nl.js,.js,6077,449e1b1f4454fe24ae3fff278b2f652a5f29b9f8e3c274809c95e1c9c2122cca,CURRENT_SOURCE
index_archivos/jqGrid/js/i18n/grid.locale-no.js,.js,3290,9b2fa86136014aed7510ec4a4afd50c39734a55ebe6ab541d0593c4decb2cc85,CURRENT_SOURCE
index_archivos/jqGrid/js/i18n/grid.locale-pl.js,.js,4967,97140317cfbc55ec1af7febcc8a0e800afc0c3dc7c82bf73da257de0139f39e0,CURRENT_SOURCE
index_archivos/jqGrid/js/i18n/grid.locale-pt-br.js,.js,5185,5eb82672a69bd2e050cfc684fc15f5c6eb088070718b4aba953697a768da44c0,CURRENT_SOURCE
index_archivos/jqGrid/js/i18n/grid.locale-pt.js,.js,5005,64d95e8d033af391cbcc2ac6380a33f9e239f880c63c78bf0aab5c10881d4fbe,CURRENT_SOURCE
index_archivos/jqGrid/js/i18n/grid.locale-ro.js,.js,5246,4e98a85b58ba4a73b0bcead79288116da8d6f9d78bec9ec43bf9e65cb304368f,CURRENT_SOURCE
index_archivos/jqGrid/js/i18n/grid.locale-ru.js,.js,6134,26f21ace86db360212b7f249d46181032681826fcb9db1d9c6c613f5ce949596,CURRENT_SOURCE
index_archivos/jqGrid/js/i18n/grid.locale-sk.js,.js,4917,659cb1125434825365974cb7c25fc2a3098ba55f441e5971b6f3ba4994df16ca,CURRENT_SOURCE
index_archivos/jqGrid/js/i18n/grid.locale-sr-latin.js,.js,4725,73867e62e29c22b776924868ff4d19487ece562a4bed0e2619377b72b93a630b,CURRENT_SOURCE
index_archivos/jqGrid/js/i18n/grid.locale-sr.js,.js,5665,73b3f3f8409a71084f47bed98f0ca69ebfc0339bda417a66a41a591e2473b42e,CURRENT_SOURCE
index_archivos/jqGrid/js/i18n/grid.locale-sv.js,.js,4891,e4b9171ab7c75dea50082b8734bfcd6420c294033f1e6a127b8be46e5dd8f233,CURRENT_SOURCE
index_archivos/jqGrid/js/i18n/grid.locale-th.js,.js,6745,1a14619ef89f5fe65b3d0d1a0372582cb6d3d70c48b7692757ec8339ccf28a69,CURRENT_SOURCE
index_archivos/jqGrid/js/i18n/grid.locale-tr.js,.js,4973,e4e70af8888568fbb1d942776b071f4f82073690b8369d8fd1fa54d9577ea9c5,CURRENT_SOURCE
index_archivos/jqGrid/js/i18n/grid.locale-tw.js,.js,4532,0dcb0dc83262c079e64370d94f4734e2668b931cbb7772130aae9c025f4087ab,CURRENT_SOURCE
index_archivos/jqGrid/js/i18n/grid.locale-ua.js,.js,6086,8236b82fb6e210867fc02a9b9155f6c69c4587d3059351f524a507706f922e47,CURRENT_SOURCE
index_archivos/jqGrid/js/i18n/grid.locale-vi.js,.js,7619,f4f9fae0a37fa641b95f8dd004a5776da8995b969bd3ac7832e70441956a31ef,CURRENT_SOURCE
index_archivos/jqGrid/js/install.txt,.txt,2130,e57ed0dbe5ce7ffe0b81dea2046ec5d337794cbfb6ef96e235841f8a55a27910,CURRENT_SOURCE
index_archivos/jqGrid/js/jqgridExcelExportClientSide-libs.js,.js,80543,1fcd824a48a416486b3cdb9cba1d2337c4f7875becd1cbd814dae5d39a89effc,CURRENT_SOURCE
index_archivos/jqGrid/js/jqgridExcelExportClientSide.js,.js,2428,29f043c938fabd8ec223d9bd935a79f28116026521090cf3f640e86b79a5d9c7,CURRENT_SOURCE
index_archivos/jqGrid/js/jquery-1.11.0.min.js,.js,96385,746e54e89161118a67bd59103c4ab55e3060735cc85c1d047c2cf04d4b12043d,CURRENT_SOURCE
index_archivos/jqGrid/js/jquery-ui-1.9.2.custom.js,.js,465012,5380ae2ac2129a00172d4bfbdd96daec1b133a185f2283e143becb248103e080,CURRENT_SOURCE
index_archivos/jqGrid/js/jquery.jqGrid.min.js,.js,282158,1a4d0b80df78bb74fabc85f3b7fcfa7c4d069eefa9c63005a65d7a6687ba733a,CURRENT_SOURCE
index_archivos/jqGrid/js/jquery.jqGrid.src.js,.js,483841,45e0f3ae30f9adb2531f2c202afb708ee7ee32449b27b548b4c8c479cb7cec5a,CURRENT_SOURCE
index_archivos/jqGrid/plugins/grid.addons.js,.js,26435,09851b034a700c281f284136b881db2fc8f7bbbf11651a7b0f49ed10f0f526f0,CURRENT_SOURCE
index_archivos/jqGrid/plugins/grid.postext.js,.js,1608,475245b1c83ec092b6c21508ee9ca200c5be976ecbdb6f7115b60c5cefb30616,CURRENT_SOURCE
index_archivos/jqGrid/plugins/grid.setcolumns.js,.js,5638,7355cd41f7479854855190bdf9f365f8fa705be68ee08ff18d581f425a2313d2,CURRENT_SOURCE
index_archivos/jqGrid/plugins/jquery.contextmenu.js,.js,4452,391c4f7191501c48ec8bfb5b4cc623a94b1bd1c8e6db7efa67f16eb9510b3d0a,CURRENT_SOURCE
index_archivos/jqGrid/plugins/jquery.searchFilter.js,.js,37785,e40c134a4f1aef72b0abca8289f56ebc0b43074875f07a2fcbc6eb8b203708ac,CURRENT_SOURCE
index_archivos/jqGrid/plugins/jquery.tablednd.js,.js,17091,300fa23f15cf272fe6d28f0195eb6200907884c83a471cb8673dcdb58ac883fa,CURRENT_SOURCE
index_archivos/jqGrid/plugins/searchFilter.css,.css,398,bd1c8739fd2c7e2e0374ba77207db6a4f606cf5135579a2af03224ef7c4c1434,CURRENT_SOURCE
index_archivos/jqGrid/plugins/ui.multiselect.css,.css,1915,3f7bf838e88fb9e4b0edae03d416781194dfc6309a78dabfdad162913470af6b,CURRENT_SOURCE
index_archivos/jqGrid/plugins/ui.multiselect.js,.js,10577,e2ed7716cee581369237e00c768073f7e98247f5d2248225c9fa9499e5d1fb4f,CURRENT_SOURCE
index_archivos/jqGrid/src/JsonXml.js,.js,9487,cbcceb156f359af4680d1dd6e32d7488cd6a80ceed016fdd6b0ac04a311046f2,CURRENT_SOURCE
index_archivos/jqGrid/src/css/ui.jqgrid.css,.css,13392,771f6ce4727c66d94c33b94b0ab254ff28d62be3f7e18d5efac7265a8e16fb0f,CURRENT_SOURCE
index_archivos/jqGrid/src/css/ui.multiselect.css,.css,1915,3f7bf838e88fb9e4b0edae03d416781194dfc6309a78dabfdad162913470af6b,CURRENT_SOURCE
index_archivos/jqGrid/src/grid.base.js,.js,142330,7fcaf5d12a1db68e95d26d119928163c2f35fc1c48273c6c333013cacab48197,CURRENT_SOURCE
index_archivos/jqGrid/src/grid.celledit.js,.js,18257,c6d01dc9bc1a3ef4ff03db26374c92d856bb79c62a3db548b4039fff974b11f1,CURRENT_SOURCE
index_archivos/jqGrid/src/grid.common.js,.js,25195,06d336ca06c3eba87b4c1f319872b9eb549c730c84228083174c83c198216ad3,CURRENT_SOURCE
index_archivos/jqGrid/src/grid.custom.js,.js,36637,c44992e87b2694391364dc280d92fc455ecbc829be3e4b8e31667283bcb4f1fb,CURRENT_SOURCE
index_archivos/jqGrid/src/grid.filter.js,.js,22152,119b16318089a80eb5a076270f7a4d14b51d1d7e86c1a3bde5adc8dc702fe436,CURRENT_SOURCE
index_archivos/jqGrid/src/grid.formedit.js,.js,84517,ee787137c3a1b03e5f4942994baf1658312d7b5b32382bad3b0140fe07ef4aee,CURRENT_SOURCE
index_archivos/jqGrid/src/grid.grouping.js,.js,18749,3998fbd52dbc0c956a6eca8dba8f4adf4bf1645a9766db7342dbe0a561e9046e,CURRENT_SOURCE
index_archivos/jqGrid/src/grid.import.js,.js,9094,65441f4dd7aaffce65b040418fc555c36c343cf190d5c798072b19315dff8220,CURRENT_SOURCE
index_archivos/jqGrid/src/grid.inlinedit.js,.js,22838,743664485e28c77bb9c92320b527b221ed756da691cfd30901dcccda77cbb37d,CURRENT_SOURCE
index_archivos/jqGrid/src/grid.jqueryui.js,.js,19843,c8120b99a1316950f277aebd00c97c624ae8a126213f06ee4c6b2a514c245d57,CURRENT_SOURCE
index_archivos/jqGrid/src/grid.loader.js,.js,2311,040ad30bb9cdb92ed0f7279b04cf82954d4d3775d7fac632a84173cbf45ac378,CURRENT_SOURCE
index_archivos/jqGrid/src/grid.pivot.js,.js,15156,83b655519b3a5be24af824344145a2425e53ab5a31c70b9b3f546382d033904e,CURRENT_SOURCE
index_archivos/jqGrid/src/grid.subgrid.js,.js,10459,ddf5d9b11ab717a930af6e6877eb6e9bed8bd2feea1c312b36109e9bf162de49,CURRENT_SOURCE
index_archivos/jqGrid/src/grid.tbltogrid.js,.js,3235,3613de17a6dd48cad97b4a8eb7ac2d5fb9cea32b47a41b25226b80bc4b7351d1,CURRENT_SOURCE
index_archivos/jqGrid/src/grid.treegrid.js,.js,22499,fd9422ed4161241c61702c3b623bb4ae931f3ff330d34867255092babaa11f7f,CURRENT_SOURCE
index_archivos/jqGrid/src/i18n/grid.locale-ar.js,.js,5245,252f4863cecff3ddca860f6580e338be6c4fe98ab340adcd0d7cafb36e694a85,CURRENT_SOURCE
index_archivos/jqGrid/src/i18n/grid.locale-bg.js,.js,5865,2d8bdbefdcb49059776688a1150944baff9f8346e7b8bc7ae66f5c8a237fc821,CURRENT_SOURCE
index_archivos/jqGrid/src/i18n/grid.locale-bg1251.js,.js,6533,5ac4934d84e8c83865d69e821d66c62e92ad17a7367cc5dd6ba35030b06cd601,CURRENT_SOURCE
index_archivos/jqGrid/src/i18n/grid.locale-cat.js,.js,4907,f3ff0f3ad5e7cb5ff4d3a44cad88211ba102d72c66d4014c356e869b475c5309,CURRENT_SOURCE
index_archivos/jqGrid/src/i18n/grid.locale-cn.js,.js,8442,f63fd1129bec40352fa9d526c0d750f0a13e45508be2d1cba0a592ec37d0e770,CURRENT_SOURCE
index_archivos/jqGrid/src/i18n/grid.locale-cs.js,.js,4941,e78aa61d861c4dc142d8cb6f3c8098522b119b893e2331939796deeb5f3db2b8,CURRENT_SOURCE
index_archivos/jqGrid/src/i18n/grid.locale-da.js,.js,4745,eabff1dbd72677f28e2d6ae59361e7b26a3d30b5ebeaf7e00ea89968875fe0bb,CURRENT_SOURCE
index_archivos/jqGrid/src/i18n/grid.locale-de.js,.js,7330,9d33662c154d0c42845d5d6e66f56383fca78b8d3a43689186899923a0edc48f,CURRENT_SOURCE
index_archivos/jqGrid/src/i18n/grid.locale-dk.js,.js,4743,b21413104cf83d20bcdea5d82c8ab81078f97ff1fd8fc1838303e19db1c6c4c5,CURRENT_SOURCE
index_archivos/jqGrid/src/i18n/grid.locale-el.js,.js,5798,d89b1eea545f54f03423caa1f0bd410e2f9a2a4061b17105107c4c2a2ae73a81,CURRENT_SOURCE
index_archivos/jqGrid/src/i18n/grid.locale-en.js,.js,7141,d0116089ad316abe2400a5cc87a0a007c6370bbd95d043520bf49bca3e38ff52,CURRENT_SOURCE
index_archivos/jqGrid/src/i18n/grid.locale-es.js,.js,5141,fec5b648977e098725722d15362273fde3031086053a7335ddacf6ff2dbe19dd,CURRENT_SOURCE
index_archivos/jqGrid/src/i18n/grid.locale-fa.js,.js,7027,8d1fbea1ccb789d812c379a9d96ada3cc9fd281732bba78ac1a6f5f8f28fbebd,CURRENT_SOURCE
index_archivos/jqGrid/src/i18n/grid.locale-fi.js,.js,5101,2aadd619d86670175df8905c2a48d74800311c433d65c27325d0df5ba8423e13,CURRENT_SOURCE
index_archivos/jqGrid/src/i18n/grid.locale-fr.js,.js,4888,388dd5761f0cf8312805fa404aac7a2c17e0699357e229104bd3f38c7382b10e,CURRENT_SOURCE
index_archivos/jqGrid/src/i18n/grid.locale-gl.js,.js,5057,a35f19294d86bb9e3c96b7f6cfb82c4f15c1f1c47a74131da87e018b4c60daf7,CURRENT_SOURCE
index_archivos/jqGrid/src/i18n/grid.locale-he.js,.js,5093,857b3999ec26fcdef21a13ee650c02145059734a3490b47fcd2d574e54423d13,CURRENT_SOURCE
index_archivos/jqGrid/src/i18n/grid.locale-hr.js,.js,6724,43129ce1f286ddc06dce173e1d700ddd9d083ed230f5570d99b38d4877b2670b,CURRENT_SOURCE
index_archivos/jqGrid/src/i18n/grid.locale-hr1250.js,.js,6789,e878723226a7cbea1824a4585987740ea5ad54d2962dd33b3a1c4853d5650a0a,CURRENT_SOURCE
index_archivos/jqGrid/src/i18n/grid.locale-hu.js,.js,4749,dcb542872ea7d3a6a1163c570aa4853ed5c502f9a17f12e7074f84d162ac7cf8,CURRENT_SOURCE
index_archivos/jqGrid/src/i18n/grid.locale-id.js,.js,7274,dc8b1ac21689040f77787daae4fa16b0e75032681c8e2466a81070123e2ac210,CURRENT_SOURCE
index_archivos/jqGrid/src/i18n/grid.locale-is.js,.js,4860,ed0debe9ee6040a821512e6c1321456b9a06e5b2229be19256c207c4f73c81b4,CURRENT_SOURCE
index_archivos/jqGrid/src/i18n/grid.locale-it.js,.js,3798,109126da3ae187861cf3aa45eeab939ef167f19b3c42ff63f1aa222529cd6d46,CURRENT_SOURCE
index_archivos/jqGrid/src/i18n/grid.locale-ja.js,.js,7489,84bf1e0cd6bd26aa922839c948265b0bcae1df2c7da7cf0251ab3f319e1a663d,CURRENT_SOURCE
index_archivos/jqGrid/src/i18n/grid.locale-kr.js,.js,4897,5b8b0b69bcd2dde9defb8eaa6ac754b12db9822a570181f5b23b677575d3f9cd,CURRENT_SOURCE
index_archivos/jqGrid/src/i18n/grid.locale-lt.js,.js,4909,44fdeb6ccc49c7bf6fa3f19968e36e6072d428bada92c1ed6032f6f7d8e9c3e7,CURRENT_SOURCE
index_archivos/jqGrid/src/i18n/grid.locale-mne.js,.js,4752,a5adcd4966d7f5a4459ac5922904c7d3c195186d8150cdf4b4995c95ba360cd8,CURRENT_SOURCE
index_archivos/jqGrid/src/i18n/grid.locale-nl.js,.js,6077,449e1b1f4454fe24ae3fff278b2f652a5f29b9f8e3c274809c95e1c9c2122cca,CURRENT_SOURCE
index_archivos/jqGrid/src/i18n/grid.locale-no.js,.js,3290,9b2fa86136014aed7510ec4a4afd50c39734a55ebe6ab541d0593c4decb2cc85,CURRENT_SOURCE
index_archivos/jqGrid/src/i18n/grid.locale-pl.js,.js,4967,97140317cfbc55ec1af7febcc8a0e800afc0c3dc7c82bf73da257de0139f39e0,CURRENT_SOURCE
index_archivos/jqGrid/src/i18n/grid.locale-pt-br.js,.js,5185,5eb82672a69bd2e050cfc684fc15f5c6eb088070718b4aba953697a768da44c0,CURRENT_SOURCE
index_archivos/jqGrid/src/i18n/grid.locale-pt.js,.js,5005,64d95e8d033af391cbcc2ac6380a33f9e239f880c63c78bf0aab5c10881d4fbe,CURRENT_SOURCE
index_archivos/jqGrid/src/i18n/grid.locale-ro.js,.js,5246,4e98a85b58ba4a73b0bcead79288116da8d6f9d78bec9ec43bf9e65cb304368f,CURRENT_SOURCE
index_archivos/jqGrid/src/i18n/grid.locale-ru.js,.js,6134,26f21ace86db360212b7f249d46181032681826fcb9db1d9c6c613f5ce949596,CURRENT_SOURCE
index_archivos/jqGrid/src/i18n/grid.locale-sk.js,.js,4917,659cb1125434825365974cb7c25fc2a3098ba55f441e5971b6f3ba4994df16ca,CURRENT_SOURCE
index_archivos/jqGrid/src/i18n/grid.locale-sr-latin.js,.js,4725,73867e62e29c22b776924868ff4d19487ece562a4bed0e2619377b72b93a630b,CURRENT_SOURCE
index_archivos/jqGrid/src/i18n/grid.locale-sr.js,.js,5665,73b3f3f8409a71084f47bed98f0ca69ebfc0339bda417a66a41a591e2473b42e,CURRENT_SOURCE
index_archivos/jqGrid/src/i18n/grid.locale-sv.js,.js,4891,e4b9171ab7c75dea50082b8734bfcd6420c294033f1e6a127b8be46e5dd8f233,CURRENT_SOURCE
index_archivos/jqGrid/src/i18n/grid.locale-th.js,.js,6745,1a14619ef89f5fe65b3d0d1a0372582cb6d3d70c48b7692757ec8339ccf28a69,CURRENT_SOURCE
index_archivos/jqGrid/src/i18n/grid.locale-tr.js,.js,4973,e4e70af8888568fbb1d942776b071f4f82073690b8369d8fd1fa54d9577ea9c5,CURRENT_SOURCE
index_archivos/jqGrid/src/i18n/grid.locale-tw.js,.js,4532,0dcb0dc83262c079e64370d94f4734e2668b931cbb7772130aae9c025f4087ab,CURRENT_SOURCE
index_archivos/jqGrid/src/i18n/grid.locale-ua.js,.js,6086,8236b82fb6e210867fc02a9b9155f6c69c4587d3059351f524a507706f922e47,CURRENT_SOURCE
index_archivos/jqGrid/src/i18n/grid.locale-vi.js,.js,7619,f4f9fae0a37fa641b95f8dd004a5776da8995b969bd3ac7832e70441956a31ef,CURRENT_SOURCE
index_archivos/jqGrid/src/jqDnR.js,.js,2073,0a730b8b0aa68fbdde5e047ca0c01767ff4686d32632810b95fb436df4cc6c9d,CURRENT_SOURCE
index_archivos/jqGrid/src/jqModal.js,.js,3174,cdca33eb716ec8dfaad84715e3ffda4a452b8dd8aeaa0d55ea252983b04afd3d,CURRENT_SOURCE
index_archivos/jqGrid/src/jquery.fmatter.js,.js,18501,b1d1ea132402c8445444a40e8a7ea1cc67507180f5468a9033471f3ce9ede0f9,CURRENT_SOURCE
index_archivos/jqGrid/src/jquery.jqGrid.js,.js,484196,752cadc5af86c9e3e3f9f1bced1c1e754105020dcf8eaa9a0409ae391605a6ec,CURRENT_SOURCE
index_archivos/jqGrid/ui/external/jquery/jquery.js,.js,282988,4f5e849f11b1f3d348b4f504b570ab268f89e735079d46330a80f4df498b96be,CURRENT_SOURCE
index_archivos/jqGrid/ui/images/ui-bg_flat_0_aaaaaa_40x100.png,.png,212,0501be23fa8d35e51ee2e8e0b5dbb5dee2adc817986bb8699a1c6e7782783771,CURRENT_SOURCE
index_archivos/jqGrid/ui/images/ui-bg_flat_75_ffffff_40x100.png,.png,208,c0165e27815438681946dc706ab60127afc1e94cd0797a48a31afafe813f592c,CURRENT_SOURCE
index_archivos/jqGrid/ui/images/ui-bg_glass_55_fbf9ee_1x400.png,.png,335,83726e64c1fc57cb2607fb615996d27b9eb2fa814eac6b2093a1abab5310ffa8,CURRENT_SOURCE
index_archivos/jqGrid/ui/images/ui-bg_glass_65_ffffff_1x400.png,.png,207,e6817095bca95f8cc09033755923eeb89ecafef457a7a857b48ea034f29ecabb,CURRENT_SOURCE
index_archivos/jqGrid/ui/images/ui-bg_glass_75_dadada_1x400.png,.png,262,108c0c042a086a3486ef05c16bd90bbd49927615dc3c2b08969f9917d4aec1c9,CURRENT_SOURCE
index_archivos/jqGrid/ui/images/ui-bg_glass_75_e6e6e6_1x400.png,.png,262,f5609f9acf4792918252bbc57f4822d69059e758a0d0b275b6de529727332dde,CURRENT_SOURCE
index_archivos/jqGrid/ui/images/ui-bg_glass_95_fef1ec_1x400.png,.png,332,620db44eca8540c6a0a9e1c2dd25d4fa1f73f23bada563fbdc97a7fa16aff640,CURRENT_SOURCE
index_archivos/jqGrid/ui/images/ui-bg_highlight-soft_75_cccccc_1x100.png,.png,280,a74ed1fe5e80c1674e594537f4e0e488c02959c92505fdb470bc2fd2dff93d2a,CURRENT_SOURCE
index_archivos/jqGrid/ui/images/ui-icons_222222_256x240.png,.png,6922,3b1ac036763d3a59c88578486ae698d22a37dd2d46a553485e1eabb9fe255b3f,CURRENT_SOURCE
index_archivos/jqGrid/ui/images/ui-icons_2e83ff_256x240.png,.png,4549,3d3e274632c78c97b550bb7d2291462e2584f523a15cdc1b9535e7bfabd0ce30,CURRENT_SOURCE
index_archivos/jqGrid/ui/images/ui-icons_454545_256x240.png,.png,6992,a8d28e2d83a807b2b86ed2a02e31086f6c0718dfa96e0ba6a4577b657f69cc34,CURRENT_SOURCE
index_archivos/jqGrid/ui/images/ui-icons_888888_256x240.png,.png,6999,e2d1b1c7c51f8c30431327fe43029d62b6d5dfd2d95bbd6b8b9929c178dba4bf,CURRENT_SOURCE
index_archivos/jqGrid/ui/images/ui-icons_cd0a0a_256x240.png,.png,4549,003822ed55ad9191e071798370e41363a617b138eae18623ad9d864ca5f357ce,CURRENT_SOURCE
index_archivos/jqGrid/ui/jquery-ui.css,.css,36437,f9c2e78e6cd2e5c50fc6c5374f1f34bdfd2cdf1fac2801ec753245c79e23c864,CURRENT_SOURCE
index_archivos/jqGrid/ui/jquery-ui.js,.js,485937,7c05878e6450b1f478ae8a5803e7627fc92b2f763f1da627e180e11c0439470b,CURRENT_SOURCE
index_archivos/jqGrid/ui/jquery-ui.min.css,.css,30027,10dc75430fed590c4c911a3cde95487609162eccee599693193ae0209ebd1b26,CURRENT_SOURCE
index_archivos/jqGrid/ui/jquery-ui.min.js,.js,239576,7d40d8a4bfe8792d3919ee0dce00548393be5aa09d1c8e240515d1016828e3ef,CURRENT_SOURCE
index_archivos/jqGrid/ui/jquery-ui.structure.css,.css,18854,d0964b12fe078dd70f97026dbb721959c20a9b2c6866057697164c7dbaee7f30,CURRENT_SOURCE
index_archivos/jqGrid/ui/jquery-ui.structure.min.css,.css,14773,28efde25972ff70afef40ebe83b908556e3cf6c85b4f3e251d12c44692ccf408,CURRENT_SOURCE
index_archivos/jqGrid/ui/jquery-ui.theme.css,.css,17694,668683fbbd6609ed5f2c95e1f45ccd3295d4b4916eda8a4ebab8330d7fe991bd,CURRENT_SOURCE
index_archivos/jqGrid/ui/jquery-ui.theme.min.css,.css,13795,97401825f884166c8f97af7b0efe86ae6e2dbe2ac8a2537675797271f4e997b7,CURRENT_SOURCE
index_archivos/jquery-ui/AUTHORS.txt,.txt,12993,df8fc46c4d5ce529c3c1185b70beb7641b80662faeceec6279c24a26f52bc209,CURRENT_SOURCE
index_archivos/jquery-ui/LICENSE.txt,.txt,1860,5f86ebcb644862d0e925d389786b0caff1093a6622b413379ab482141600ca93,CURRENT_SOURCE
index_archivos/jquery-ui/external/jquery/jquery.js,.js,304438,2747f05daa5c1af105a65f5d39bee9f0c2beda6798fdf159d32e202c97cba3d7,CURRENT_SOURCE
index_archivos/jquery-ui/images/ui-icons_444444_256x240.png,.png,6992,97eeaa84e1dc92b7ada0f86c3d690e0a9735730dbcaa3de49e76b829029d5a37,CURRENT_SOURCE
index_archivos/jquery-ui/images/ui-icons_555555_256x240.png,.png,6988,09b692316e9cb755b3136a2155172e021e2a9c823c77270b7f83b70e3e05ec1f,CURRENT_SOURCE
index_archivos/jquery-ui/images/ui-icons_777620_256x240.png,.png,4549,71052fdd2f04de2a6eed567c9870b0db0659bf02aabf34ca6bb03ef6cda27070,CURRENT_SOURCE
index_archivos/jquery-ui/images/ui-icons_777777_256x240.png,.png,6999,0b67a0990906cf46249fd62ffec18fe3a79095e7ed91f2249a35455e9506a8cb,CURRENT_SOURCE
index_archivos/jquery-ui/images/ui-icons_cc0000_256x240.png,.png,4549,d8cb1553592a85b333d55afa6da527740c026223fcc2d3afa4480070ff2d4e9f,CURRENT_SOURCE
index_archivos/jquery-ui/images/ui-icons_ffffff_256x240.png,.png,6299,59a9420867e3096c33824a07824c25aef969fef0a17fea763fff45cf16579e48,CURRENT_SOURCE
index_archivos/jquery-ui/index.html,.html,33147,5e65a1178a2f9b5228827eb515ee6b441c77c7bd2e274f80f7173dda45b9b8e8,CURRENT_SOURCE
index_archivos/jquery-ui/jquery-ui.css,.css,37309,c9877e36996357bd1b5ea03154d85244e35312c35ea010cde2caa168744c48a8,CURRENT_SOURCE
index_archivos/jquery-ui/jquery-ui.js,.js,539419,5ab4951bf3ba9260ec698e3da52d9b1334b144772f4a4e4e95b59fefc1556148,CURRENT_SOURCE
index_archivos/jquery-ui/jquery-ui.min.css,.css,30753,3c0002fcc3c9b64502e6c59e4e96a91ff2e4c1ebb318dac6edaf7daf3a419008,CURRENT_SOURCE
index_archivos/jquery-ui/jquery-ui.min.js,.js,253680,8b26db627f5b60529be891a97e9a9c865ff385156b4ac5094a3d29017964c1bb,CURRENT_SOURCE
index_archivos/jquery-ui/jquery-ui.structure.css,.css,19591,3eaf26d2f89dc63ea0eec12487bf28c4ab4b3f7bfbaf39b711c78b5832ed81d6,CURRENT_SOURCE
index_archivos/jquery-ui/jquery-ui.structure.min.css,.css,15552,1a9d55f5cfc99763fdca69d2657e4bc862f7e51b74b12971690c15f5b71656d8,CURRENT_SOURCE
index_archivos/jquery-ui/jquery-ui.theme.css,.css,17785,53bfa7ccb49d73bc5732445af16ce5a39baa266d0ac01088367e0da0984bd8f5,CURRENT_SOURCE
index_archivos/jquery-ui/jquery-ui.theme.min.css,.css,13851,ba050909648a77048af59bd771ce8fbec29dd1f79954866153210fd463d295bf,CURRENT_SOURCE
index_archivos/jquery-ui/package.json,.json,1921,93efebc7899512efabfcc7b446a2e82cf84790871d3d61df2f7ec40fc80e4c6e,CURRENT_SOURCE
index_archivos/js/TableLock.js,.js,8471,c09b5636d1c55c90b549856ad685d00e17d7b820d7fcfa8b0f0748faeec76a2e,CURRENT_SOURCE
index_archivos/js/VueStarRating.umd.js,.js,49521,52d02a010f75132ecee8fe9d03c6e2e55794fb7285448cf9e3792f0632d354b6,CURRENT_SOURCE
index_archivos/js/VueStarRating.umd.js.map,.map,57888,75bf9de3c80a6661a717d7aa934ead3b143b8881ad03c15a4f07b992cc55cc5f,CURRENT_SOURCE
index_archivos/js/VueStarRating.umd.min.js,.js,18962,c3c5a02b758742e41b6fbc77b6fa40a26c7b1577ff8b2544e24c98d8abd7e104,CURRENT_SOURCE
index_archivos/js/VueStarRating.umd.min.js.map,.map,65606,e2bf6d5aa74f09db8640e03a5ce783c1528d72c45e492b8713f57e8161542edf,CURRENT_SOURCE
index_archivos/js/axios.min.js,.js,31597,54654544ae4569c52eac8b9a18dde264bf79740c6d7010a0c802f7a1c65ccca7,CURRENT_SOURCE
index_archivos/js/bootstrap-filestyle/LICENSE-MIT,[none],1077,31383db2d9e52465190026307445811efbc089619a744fa05e2e5f78119df439,CURRENT_SOURCE
index_archivos/js/bootstrap-filestyle/README.md,.md,1055,5a60e6beb64e4bac56ede38e3cf87bb7f0d3b48d8fff91a16a5732f7e43f8f28,CURRENT_SOURCE
index_archivos/js/bootstrap-filestyle/bootstrap-filestyle.jquery.json,.json,945,e4c626e2a0f135186e1e929232fdde173fb8f76e6e3688e0c0ecf69c36cbf326,CURRENT_SOURCE
index_archivos/js/bootstrap-filestyle/bower.json,.json,547,a4156031aee576e77b325cab1699ef6b01f50803d5cc230a05013eb846504884,CURRENT_SOURCE
index_archivos/js/bootstrap-filestyle/src/bootstrap-filestyle.js,.js,10091,f8ed47c241c1d2d57a135b884c98da090f8e3164b4ee7572619a9bd4b9b80dda,CURRENT_SOURCE
index_archivos/js/bootstrap-filestyle/src/bootstrap-filestyle.min.js,.js,7190,0fd1ed7e30ea42f4dc359f46cef4cf879edc94df33f01eb1e77775948f0b689a,CURRENT_SOURCE
index_archivos/js/bootstrap-filestyle/test/css/bootstrap.min.css,.css,99967,0cb03017a11386396db52913bb4b377f9cbf7b052325e9b15f20d2d78c29b69b,CURRENT_SOURCE
index_archivos/js/bootstrap-filestyle/test/fonts/glyphicons-halflings-regular.eot,.eot,20335,f495f34e4f177cf0115af995bbbfeb3fcabc88502876e76fc51a4ab439bc8431,CURRENT_SOURCE
index_archivos/js/bootstrap-filestyle/test/fonts/glyphicons-halflings-regular.svg,.svg,63155,6c94d6f93e3405b8e5264e0c38a4f53c257d1bbc584623e093b5a675010eff21,CURRENT_SOURCE
index_archivos/js/bootstrap-filestyle/test/fonts/glyphicons-halflings-regular.ttf,.ttf,41280,bd18efd3efd70fec8ad09611a20cdbf99440b2c1d40085c29be036f891d65358,CURRENT_SOURCE
index_archivos/js/bootstrap-filestyle/test/fonts/glyphicons-halflings-regular.woff,.woff,23320,fc969dc1c6ff531abcf368089dcbaf5775133b0626ff56b52301a059fc0f9e1e,CURRENT_SOURCE
index_archivos/js/bootstrap-filestyle/test/index.html,.html,10516,7b9d977f622603b4f0e9d5bdba09dac26eaf92b532b8b812042a960148c69eed,CURRENT_SOURCE
index_archivos/js/bootstrap-filestyle/test/js/bootstrap.min.js,.js,29115,e59731a05ac4ea5c4df6a4a3b36107d9ec13c08bb59857fd6b71868f1e8f0115,CURRENT_SOURCE
index_archivos/js/bootstrap-filestyle/test/upload.php,.php,452,2da2e4cc84c4e997acfbafbd43f2d8bf016cee6fb1464dc864e6c04beb680290,CURRENT_SOURCE
index_archivos/js/bootstrap-filestyle/test/upload/.folder,[none],0,e3b0c44298fc1c149afbf4c8996fb92427ae41e4649b934ca495991b7852b855,CURRENT_SOURCE
index_archivos/js/bootstrap-tagsinput-angular.js,.js,3006,da46ae804b994576fa653f533c4f0928e62ac346764d7527e972752aba8a9df7,CURRENT_SOURCE
index_archivos/js/bootstrap-tagsinput-angular.min.js,.js,1464,1241b1604c0bc1b3eb5fff274ab26433496fa47cbe095ecf69468c5e36c5ec9a,CURRENT_SOURCE
index_archivos/js/bootstrap-tagsinput.css,.css,1118,7843461739050b58af06f912c5960da3ba3f8b08ebc9b43c031ff77ed1a8e2dc,CURRENT_SOURCE
index_archivos/js/bootstrap-tagsinput.js,.js,20539,c6699fb7372c5fbfe9f21afcf81f948fdc16a87cce8a0569d8971faaacc1bc9b,CURRENT_SOURCE
index_archivos/js/bootstrap-tagsinput.less,.less,1010,518cb72fc99f194bc2852dcd81542a5a082b8d56938c0fe474ab951ef29b36aa,CURRENT_SOURCE
index_archivos/js/bootstrap-tagsinput.min.js,.js,8563,65ddb313861560da27f942aefc6827b0e41282f2b193fdeabb7184644768beb6,CURRENT_SOURCE
index_archivos/js/bootstrap-tagsinput.min.js.map,.map,2156,7def3cd8a60ed3b7759cf68b0e7a129cc303d51603622a719631fa91c7fe3922,CURRENT_SOURCE
index_archivos/js/bootstrap-tooltip.js,.js,8205,104d3c11025596939905a979967261747146741297d528417aa8185c8cf03a09,CURRENT_SOURCE
index_archivos/js/commons/commons.js,.js,1249,db78614b73daf47c74a40697331980bc1f7faf343bd968baa1ec7f181ba8f36d,CURRENT_SOURCE
index_archivos/js/commons/download-file.js,.js,4007,9614cb4d491c65ab08d473fbfa945f9f448015f8593944cd58be389ce23b7f18,CURRENT_SOURCE
index_archivos/js/commons/tablero-control.js,.js,5393,757b98eebe01fcd166637758a983c49a9d476c27b6ed603e77d85adbb3bc4573,CURRENT_SOURCE
index_archivos/js/console.js,.js,4470,3afc1193a09583ce83a37f7b329632abe9f05da1634d3b8bbbdf4b57903d7579,CURRENT_SOURCE
index_archivos/js/datatable/AutoFill-2.3.4/css/autoFill.bootstrap.css,.css,2164,4345c831b8130a0946c9239cc02188957356684c0ddae8a588801e7c7a237268,CURRENT_SOURCE
index_archivos/js/datatable/AutoFill-2.3.4/css/autoFill.bootstrap.min.css,.css,1768,190f2030deb4b382ab924cee3f41e90501cdd0d92d2a2ed53f0134a9ee6f8721,CURRENT_SOURCE
index_archivos/js/datatable/AutoFill-2.3.4/css/autoFill.bootstrap4.css,.css,2164,5d2a7782a39390634f0e2281a2b78ff805928d1b73b7f3967498e0d7d02540f1,CURRENT_SOURCE
index_archivos/js/datatable/AutoFill-2.3.4/css/autoFill.bootstrap4.min.css,.css,1768,9636acade4bb2a5ca2aefcc3fd7ee3362fa20121292d3feb99d1244b56b3bfe6,CURRENT_SOURCE
index_archivos/js/datatable/AutoFill-2.3.4/css/autoFill.dataTables.css,.css,2302,e3c3fd72711e7ba44f25784302db1ff2a33ec85b7a3900981896376dfdfeb69e,CURRENT_SOURCE
index_archivos/js/datatable/AutoFill-2.3.4/css/autoFill.dataTables.min.css,.css,1878,8a08e31fa8b4eaeb2e4572b1bbe6aa3ffb6df3497738a49bb57c9d62bcaeb053,CURRENT_SOURCE
index_archivos/js/datatable/AutoFill-2.3.4/css/autoFill.foundation.css,.css,2089,a9ca842e53a21051f7e85935615aef9980969c8b471ce062531432c595adf8f9,CURRENT_SOURCE
index_archivos/js/datatable/AutoFill-2.3.4/css/autoFill.foundation.min.css,.css,1703,c3fbac6020384eba1971a983195cf5c2df387be789359e91eb6f243c6d343743,CURRENT_SOURCE
index_archivos/js/datatable/AutoFill-2.3.4/css/autoFill.jqueryui.css,.css,2099,dab0c4a45c8ced599704961f884116285740cc0e16db905a9998790dfe733428,CURRENT_SOURCE
index_archivos/js/datatable/AutoFill-2.3.4/css/autoFill.jqueryui.min.css,.css,1713,edec516cd695087f5301252cc9c90450d4f45d964cbe929fdbb12b49a90e6187,CURRENT_SOURCE
index_archivos/js/datatable/AutoFill-2.3.4/css/autoFill.semanticui.css,.css,2033,16b79a09407cf8ebca192b09faeed44fd2eefab0cb4c8e494208a9c18071bd1f,CURRENT_SOURCE
index_archivos/js/datatable/AutoFill-2.3.4/css/autoFill.semanticui.min.css,.css,1660,06d591dbb91a1fc79c177da0be5bb011c8b77ad2ee2378e90c9b05595fa0f730,CURRENT_SOURCE
index_archivos/js/datatable/AutoFill-2.3.4/js/autoFill.bootstrap.js,.js,982,277a84e682ffb9ae7f5a58d89694a9737e1dc15e68ede2493c3f5309a373ec78,CURRENT_SOURCE
index_archivos/js/datatable/AutoFill-2.3.4/js/autoFill.bootstrap.min.js,.js,600,1390aad4b04d187966bf359b9231f74f81a492b24e0fef41b75ab479d320aed3,CURRENT_SOURCE
index_archivos/js/datatable/AutoFill-2.3.4/js/autoFill.bootstrap4.js,.js,984,a845e05f1cc6826c1380e2805a6154a6bdacbb254608329a381a7b59aa926192,CURRENT_SOURCE
index_archivos/js/datatable/AutoFill-2.3.4/js/autoFill.bootstrap4.min.js,.js,602,189974b47894f75bebc837313ec94e4830f1fbf67b537d70060834a6ba46a15a,CURRENT_SOURCE
index_archivos/js/datatable/AutoFill-2.3.4/js/autoFill.foundation.js,.js,979,36eb6e415f8bcddfcb2402823439bfa866bd18adba3604c62498388067b7c034,CURRENT_SOURCE
index_archivos/js/datatable/AutoFill-2.3.4/js/autoFill.foundation.min.js,.js,597,4b68fdd02c61a3f9a34dea77434217bc27784ca23368d0421e5a28f743c8fe43,CURRENT_SOURCE
index_archivos/js/datatable/AutoFill-2.3.4/js/autoFill.jqueryui.js,.js,1013,2851de43894b53d662103942aacab13ef6f3300ad19abdf7a9788d50415cc151,CURRENT_SOURCE
index_archivos/js/datatable/AutoFill-2.3.4/js/autoFill.jqueryui.min.js,.js,631,0de6b0dbf9c7801e3923d7dbc3b36de0ee370d0f1524424493fa26f6acf61f18,CURRENT_SOURCE
index_archivos/js/datatable/AutoFill-2.3.4/js/autoFill.semanticui.js,.js,976,db62f5fc1bb0b60f201689e6fa56af1df5d4bdd7f48b578906678054838e0c5d,CURRENT_SOURCE
index_archivos/js/datatable/AutoFill-2.3.4/js/autoFill.semanticui.min.js,.js,594,24f7f1a788755d6aa89cd7558689512578482f02412a107d99ca1a9c2732efd5,CURRENT_SOURCE
index_archivos/js/datatable/AutoFill-2.3.4/js/dataTables.autoFill.js,.js,31665,8e3bfe3756ad36ed393b95e8066b3086aef7e30e4eb51fa714450630e3e78217,CURRENT_SOURCE
index_archivos/js/datatable/AutoFill-2.3.4/js/dataTables.autoFill.min.js,.js,14585,f8bc136d3c19ea7bc38f51848fa74d552b708d387888f9fcd6b48a24fabfdc3d,CURRENT_SOURCE
index_archivos/js/datatable/Buttons-1.6.1/css/buttons.bootstrap.css,.css,4143,f9d7d2db9432ce20d153bf36a0a1ef1835dbcbe5d784d99bc57448949765f5b2,CURRENT_SOURCE
index_archivos/js/datatable/Buttons-1.6.1/css/buttons.bootstrap.min.css,.css,3315,9bbf55cf58e6120afe7d20e58f3b44bccab957e990462522ad1cd86572175f41,CURRENT_SOURCE
index_archivos/js/datatable/Buttons-1.6.1/css/buttons.bootstrap4.css,.css,4360,8a551b3d5838402f0b5bcae3733885b97e33202907893722dec4d5c14d311908,CURRENT_SOURCE
index_archivos/js/datatable/Buttons-1.6.1/css/buttons.bootstrap4.min.css,.css,3496,4ad0d396c808d839044b4a6b547f96b578640a044fad0f2eb2fa010b98e80cd8,CURRENT_SOURCE
index_archivos/js/datatable/Buttons-1.6.1/css/buttons.dataTables.css,.css,12122,79b8b78b8901e127bbec07053daf0f61882864b7f8969e160db7ef8d1ecbb230,CURRENT_SOURCE
index_archivos/js/datatable/Buttons-1.6.1/css/buttons.dataTables.min.css,.css,9654,aed45b8d87342f714b4ee05358eded3b64f0b9bd2616d2adfbd59f61784303ca,CURRENT_SOURCE
index_archivos/js/datatable/Buttons-1.6.1/css/buttons.foundation.css,.css,4718,18dedbc709a69698417c5ce64f8efcd004f929b02724a5d5d386ac8312a2bd1d,CURRENT_SOURCE
index_archivos/js/datatable/Buttons-1.6.1/css/buttons.foundation.min.css,.css,3781,562d332ba4e8a1b2772cf4ac30c9f3ee1dc9c0950243ceb9cc157bc491e71010,CURRENT_SOURCE
index_archivos/js/datatable/Buttons-1.6.1/css/buttons.jqueryui.css,.css,5925,329a05a0a6cd62183b9daa989a343981751668807e328ff56343e3b36c01f878,CURRENT_SOURCE
index_archivos/js/datatable/Buttons-1.6.1/css/buttons.jqueryui.min.css,.css,4651,49d1417a6e3da46acfdb62a3c627e385f69d604485144f79064ff52662597a01,CURRENT_SOURCE
index_archivos/js/datatable/Buttons-1.6.1/css/buttons.semanticui.css,.css,4247,613bf4aab331cb0cbfbb3dd6178748dd704cb9115cf9a25ad2d2c79a0eb75f6e,CURRENT_SOURCE
index_archivos/js/datatable/Buttons-1.6.1/css/buttons.semanticui.min.css,.css,3377,1dba698188ea662aace645e2a4449cc056f25e92c8797c622b58d7678c83ea2f,CURRENT_SOURCE
index_archivos/js/datatable/Buttons-1.6.1/css/common.scss,.scss,627,152aad6fbb68d619816b22ac68ffc118dd18effc7196c9ff4e3a51ca7b4308ed,CURRENT_SOURCE
index_archivos/js/datatable/Buttons-1.6.1/css/mixins.scss,.scss,4126,878f254a675223dfffd56d809462a4c85d3085aad1b2d2c7f236181a003f6796,CURRENT_SOURCE
index_archivos/js/datatable/Buttons-1.6.1/js/buttons.bootstrap.js,.js,1497,590ccc5d89f711aa4449f73f4eadb92112ce034e53d547e44b19e2e0651f6c54,CURRENT_SOURCE
index_archivos/js/datatable/Buttons-1.6.1/js/buttons.bootstrap.min.js,.js,960,b6063ec27d7bfe006d831a1b2954a9dc67127509b55d32f579451e506d7bb12d,CURRENT_SOURCE
index_archivos/js/datatable/Buttons-1.6.1/js/buttons.bootstrap4.js,.js,1610,3d796c6b32336ad5c5e29df3c54f1de12db609c06921ac49e7736c78bf050cc1,CURRENT_SOURCE
index_archivos/js/datatable/Buttons-1.6.1/js/buttons.bootstrap4.min.js,.js,1049,f8a47850763413f149a9c65fd1d6d4d97c8bd930830a471f14304dcdcf553b38,CURRENT_SOURCE
index_archivos/js/datatable/Buttons-1.6.1/js/buttons.colVis.js,.js,5611,53a13178360593560dcebd1767912eb5e1a7a4c6dd843a4275fd23488583af3b,CURRENT_SOURCE
index_archivos/js/datatable/Buttons-1.6.1/js/buttons.colVis.min.js,.js,2915,1b83709fc394d572753fb219fde7c973b5ff6dc21f9a0dd40d80cc2822265a5a,CURRENT_SOURCE
index_archivos/js/datatable/Buttons-1.6.1/js/buttons.flash.js,.js,47627,13b48735069d27754192a5d76122cb8d0c3302a26afc740d2c4d0f6d929edc00,CURRENT_SOURCE
index_archivos/js/datatable/Buttons-1.6.1/js/buttons.flash.min.js,.js,26270,602a97faa89696eab5f4afcac1bcfcd9e94171621e2d621f197032cf6dc49c7c,CURRENT_SOURCE
index_archivos/js/datatable/Buttons-1.6.1/js/buttons.foundation.js,.js,1960,333a86732b662dd9b43a816cf2a42a6ef33836e511482a66dfac3442dc0bad7f,CURRENT_SOURCE
index_archivos/js/datatable/Buttons-1.6.1/js/buttons.foundation.min.js,.js,1095,c4b496a4ff1e2c24b24efd76691989549adf3e35dd718b8a8ce4bb773d8dc682,CURRENT_SOURCE
index_archivos/js/datatable/Buttons-1.6.1/js/buttons.html5.js,.js,45446,f6dec8868bc44881342e87bad3cd86b71fbd1bf477d68513307b55ee878f9269,CURRENT_SOURCE
index_archivos/js/datatable/Buttons-1.6.1/js/buttons.html5.min.js,.js,24801,a45b2b9e42d98e6f5bd0b0a5abe853ff702168b9386b1b0588e42623af0f92d0,CURRENT_SOURCE
index_archivos/js/datatable/Buttons-1.6.1/js/buttons.jqueryui.js,.js,1486,f909bb5f04f75efe80874940b9e927ee4e3a19e28a9bd2b1a8f2a66f59dcb122,CURRENT_SOURCE
index_archivos/js/datatable/Buttons-1.6.1/js/buttons.jqueryui.min.js,.js,1001,c789646bc1b63023d66d8a650ad10391d2a620f60444371c360242492d747c6e,CURRENT_SOURCE
index_archivos/js/datatable/Buttons-1.6.1/js/buttons.print.js,.js,5276,681da6c2f44c9503b3493711de7e4f10f19211ba4ec0ab59ba501b05899a4785,CURRENT_SOURCE
index_archivos/js/datatable/Buttons-1.6.1/js/buttons.print.min.js,.js,2311,0a124c43ea5e3e120ee00c1e3305be595e2e09b45051b313e81887e039c806c5,CURRENT_SOURCE
index_archivos/js/datatable/Buttons-1.6.1/js/buttons.semanticui.js,.js,1214,1a98cc3d146412fda974ffae86deb0ee62e605d144d6bb3b68aec74590977f6f,CURRENT_SOURCE
index_archivos/js/datatable/Buttons-1.6.1/js/buttons.semanticui.min.js,.js,762,d790f0d0eb9dddc568290066058b9f93715e40c51729bd135e61e0925c441c1f,CURRENT_SOURCE
index_archivos/js/datatable/Buttons-1.6.1/js/dataTables.buttons.js,.js,51413,ccbe5cd6a1f4f583b983d6832ac955e2d8e4f1289587c3ae6347730d90b80ab9,CURRENT_SOURCE
index_archivos/js/datatable/Buttons-1.6.1/js/dataTables.buttons.min.js,.js,19574,7afa9130e28d2a7f3f54e20f9634a64ec4a19313d19f4026afe5a617733612dc,CURRENT_SOURCE
index_archivos/js/datatable/Buttons-1.6.1/swf/flashExport.swf,.swf,64603,7f4576ce8ea075f6dc4d4c721b140986acdfa33816caf3b62917c8c59e9cdddf,CURRENT_SOURCE
index_archivos/js/datatable/ColReorder-1.5.2/css/colReorder.bootstrap.css,.css,224,7de088d4a296637405ffd4989cf5a9e691bb97d74d78f14d10c6ea9c43aa3886,CURRENT_SOURCE
index_archivos/js/datatable/ColReorder-1.5.2/css/colReorder.bootstrap.min.css,.css,179,1ae729cd44ece5351bf5a6b4cbd59e349a40e895746c05345ff69c21c233fe8e,CURRENT_SOURCE
index_archivos/js/datatable/ColReorder-1.5.2/css/colReorder.bootstrap4.css,.css,224,41631ae30a1254160b53d604f09fdc3eb380f0395bc34d8cddb35b40b1f43066,CURRENT_SOURCE
index_archivos/js/datatable/ColReorder-1.5.2/css/colReorder.bootstrap4.min.css,.css,179,d8e95af561f7c74a4318f5ead2d45a41392714d4f046fa7095f7b5e4b77015c3,CURRENT_SOURCE
index_archivos/js/datatable/ColReorder-1.5.2/css/colReorder.dataTables.css,.css,224,944b58a91fa2c312a0a45644f990c03aed20ed1dccaf10db35bd769bdc9f3862,CURRENT_SOURCE
index_archivos/js/datatable/ColReorder-1.5.2/css/colReorder.dataTables.min.css,.css,179,38f231ca1425f9bd98b3f8d95b5d30f58068432ce122cf009fbf8615b9c9e1df,CURRENT_SOURCE
index_archivos/js/datatable/ColReorder-1.5.2/css/colReorder.foundation.css,.css,224,7872fca451256bcfe6724bdcd38c3e4e3938c2089a896d42ad0d351a85994418,CURRENT_SOURCE
index_archivos/js/datatable/ColReorder-1.5.2/css/colReorder.foundation.min.css,.css,179,16ae02af8aa4f5182e1345c9f7472f0bbcfdd58678fd91c92b2aff6e4e115303,CURRENT_SOURCE
index_archivos/js/datatable/ColReorder-1.5.2/css/colReorder.jqueryui.css,.css,224,944b58a91fa2c312a0a45644f990c03aed20ed1dccaf10db35bd769bdc9f3862,CURRENT_SOURCE
index_archivos/js/datatable/ColReorder-1.5.2/css/colReorder.jqueryui.min.css,.css,179,38f231ca1425f9bd98b3f8d95b5d30f58068432ce122cf009fbf8615b9c9e1df,CURRENT_SOURCE
index_archivos/js/datatable/ColReorder-1.5.2/css/colReorder.semanticui.css,.css,221,bbe9fe480c96636415538bcc59ee125f11984ca972e5c1a3a90f64d99f622ef0,CURRENT_SOURCE
index_archivos/js/datatable/ColReorder-1.5.2/css/colReorder.semanticui.min.css,.css,176,2d405ba5908902e77142c37b8ff4e8b567a7825131b7f580feeba0544d7b12f9,CURRENT_SOURCE
index_archivos/js/datatable/ColReorder-1.5.2/js/colReorder.bootstrap.js,.js,884,7fe5d962480d92df389b16e686e6106f9ab5bd86efd73c41d491829b13de4a1b,CURRENT_SOURCE
index_archivos/js/datatable/ColReorder-1.5.2/js/colReorder.bootstrap.min.js,.js,557,a5bf7835a7c5ef427172ec49e159b5be18d30ad17b56afddd3e9272a7743bf10,CURRENT_SOURCE
index_archivos/js/datatable/ColReorder-1.5.2/js/colReorder.bootstrap4.js,.js,886,fa106a2ac659c7ec3c906e0192f86bb5f7a2b94373e7d35ce8460259ab574c31,CURRENT_SOURCE
index_archivos/js/datatable/ColReorder-1.5.2/js/colReorder.bootstrap4.min.js,.js,559,8d33ee9cb368eb0056df687c8aa906184e9f005afb87badf236f60404067830d,CURRENT_SOURCE
index_archivos/js/datatable/ColReorder-1.5.2/js/colReorder.dataTables.js,.js,883,ba7987eb3866c79c94d5cd5de6af4fdcdcc98c4c8d99a5879509e074e35ae019,CURRENT_SOURCE
index_archivos/js/datatable/ColReorder-1.5.2/js/colReorder.foundation.js,.js,883,131abacc747c175a2babeaca06ce5aa31e63d98196c51edb63cc28d625e2c56c,CURRENT_SOURCE
index_archivos/js/datatable/ColReorder-1.5.2/js/colReorder.foundation.min.js,.js,556,4941b91da4353d5a2413e599adbdd6847d9a7ba76d4a1066b9a96dd24a5814c2,CURRENT_SOURCE
index_archivos/js/datatable/ColReorder-1.5.2/js/colReorder.jqueryui.js,.js,886,3949713e9c0fa2c41d98fa780fb592da444f55652c8ca49e4f48db02298bfafc,CURRENT_SOURCE
index_archivos/js/datatable/ColReorder-1.5.2/js/colReorder.jqueryui.min.js,.js,559,635d1093b318bd4d48df5868c8015f7650afd06242fc13cbabc4e3e3f161764a,CURRENT_SOURCE
index_archivos/js/datatable/ColReorder-1.5.2/js/colReorder.semanicui.js,.js,0,e3b0c44298fc1c149afbf4c8996fb92427ae41e4649b934ca495991b7852b855,CURRENT_SOURCE
index_archivos/js/datatable/ColReorder-1.5.2/js/colReorder.semanticui.js,.js,883,98738a02885c77509037819bdd36f948714dd6f72644b514e2454735398d7ed7,CURRENT_SOURCE
index_archivos/js/datatable/ColReorder-1.5.2/js/colReorder.semanticui.min.js,.js,556,639afefd5fe6da5bbe38ab47ae95679d8d3600980c9a70092f1b0af49c82b77b,CURRENT_SOURCE
index_archivos/js/datatable/ColReorder-1.5.2/js/dataTables.colReorder.js,.js,40852,f6c358b1ccda397f48211556bb62afd40d2577b34ead2c73bdd0a0ad0feabd69,CURRENT_SOURCE
index_archivos/js/datatable/ColReorder-1.5.2/js/dataTables.colReorder.min.js,.js,13684,c2a5c73d6d119bd2e43aa39fd2c704390f9558b45d6f197544b419635d63897b,CURRENT_SOURCE
index_archivos/js/datatable/DataTables-1.10.20/css/dataTables.bootstrap.css,.css,5127,764696ac3e435b8b76521da64556ce6956f1e9c36af227408dc92f4a839c21d6,CURRENT_SOURCE
index_archivos/js/datatable/DataTables-1.10.20/css/dataTables.bootstrap.min.css,.css,4294,8d43531a474a3eb71ffe09637d0aeed4e445431958f48d2bf1b2aedba243e398,CURRENT_SOURCE
index_archivos/js/datatable/DataTables-1.10.20/css/dataTables.bootstrap4.css,.css,6005,c90935dcbd70f7d1ba19bab807502326fda228bf25bd380eac2382077ca6fb29,CURRENT_SOURCE
index_archivos/js/datatable/DataTables-1.10.20/css/dataTables.bootstrap4.min.css,.css,5223,e64a99384f542863c895cc3d97d528c413de79c8c16544bc362956f63cef1ce7,CURRENT_SOURCE
index_archivos/js/datatable/DataTables-1.10.20/css/dataTables.foundation.css,.css,3133,08be284f81cccdcd15fe836c8fa7d03413d6c0c50dd950b402e68f7a5e3144ea,CURRENT_SOURCE
index_archivos/js/datatable/DataTables-1.10.20/css/dataTables.foundation.min.css,.css,2670,23d5d69e9e0ad6429e7b20c606e1916dd205e5d54c7dc2039589609d4fe8c200,CURRENT_SOURCE
index_archivos/js/datatable/DataTables-1.10.20/css/dataTables.jqueryui.css,.css,16985,356f55c3d1b1bcdb028eed2f3783449eb4ddd051e5fc6d0e6e4499763f3e7488,CURRENT_SOURCE
index_archivos/js/datatable/DataTables-1.10.20/css/dataTables.jqueryui.min.css,.css,14485,1932c93781ec01dc5f2132ab76a5febc430a175fb06db224526f92c78f4bd6ef,CURRENT_SOURCE
index_archivos/js/datatable/DataTables-1.10.20/css/dataTables.semanticui.css,.css,3044,abd0c04a87d1f002396fc4072e331af135bc55f557e7e891a764aa0c8e2e6dc0,CURRENT_SOURCE
index_archivos/js/datatable/DataTables-1.10.20/css/dataTables.semanticui.min.css,.css,2626,eab9f76c1746f48c294894eb102b5a6a1c1ec2e290078bbd046f8eaaf676eaa8,CURRENT_SOURCE
index_archivos/js/datatable/DataTables-1.10.20/css/jquery.dataTables.css,.css,16248,bd59682b4c88ed5b7f4b0234a5753306e5d50753e1727ac59eb9a75cf4e726d6,CURRENT_SOURCE
index_archivos/js/datatable/DataTables-1.10.20/css/jquery.dataTables.min.css,.css,13901,f4efd3e4b3ca3fdf440d1d6449293309fe3e7593bcc6b4d8d53a567955487e4e,CURRENT_SOURCE
index_archivos/js/datatable/DataTables-1.10.20/images/sort_asc.png,.png,160,595704c3f3cf4cb65c7d9c8508a99e7480e150095473faed31a07c21b13389b8,CURRENT_SOURCE
index_archivos/js/datatable/DataTables-1.10.20/images/sort_asc_disabled.png,.png,148,a65b8f4f84d6427a81c360282fc5394d51bf99dada5f159e6aa0fce3c396825c,CURRENT_SOURCE
index_archivos/js/datatable/DataTables-1.10.20/images/sort_both.png,.png,201,3e016c23ae51417382b640ae2d19eb48047532c37ad53894bd185586559ccffb,CURRENT_SOURCE
index_archivos/js/datatable/DataTables-1.10.20/images/sort_desc.png,.png,158,d08ed0e21f187dd309030d465224da8085119a15a17d616ba0e477bb50c6f10d,CURRENT_SOURCE
index_archivos/js/datatable/DataTables-1.10.20/images/sort_desc_disabled.png,.png,146,6c0f0c1b21ef6807057afc8ddc1a925d1dbd21cb11e9270ec84ff4ac40d9a3fa,CURRENT_SOURCE
index_archivos/js/datatable/DataTables-1.10.20/js/dataTables.bootstrap.js,.js,4741,dca5b08df2a752c521a354da5e50c0b2fb57351136d0c7a2c7c96d08785fdc3d,CURRENT_SOURCE
index_archivos/js/datatable/DataTables-1.10.20/js/dataTables.bootstrap.min.js,.js,3051,601f64b7dd6f604abdb40ffc449e7c016bca31ca92a4df5f07161ae039d58b12,CURRENT_SOURCE
index_archivos/js/datatable/DataTables-1.10.20/js/dataTables.bootstrap4.js,.js,4877,faf0ae6dfe59813439a5e719ab0096f859c92758108ee9d2019f21b7e9c4aa2b,CURRENT_SOURCE
index_archivos/js/datatable/DataTables-1.10.20/js/dataTables.bootstrap4.min.js,.js,3170,15c4821e93ac28d52347ed06d5815b04dba5dddd6f53628070faf8167f5d7870,CURRENT_SOURCE
index_archivos/js/datatable/DataTables-1.10.20/js/dataTables.foundation.js,.js,4547,6542f6f44d90ff4bbe08082c5dc7c265b2d4b2e91dd4d5708f440838909272ee,CURRENT_SOURCE
index_archivos/js/datatable/DataTables-1.10.20/js/dataTables.foundation.min.js,.js,2155,9742776a6d4b535b2f3ba5be6b9b7dc4cb677a778a5942317fcaf28df531bb85,CURRENT_SOURCE
index_archivos/js/datatable/DataTables-1.10.20/js/dataTables.jqueryui.js,.js,4650,90dc9dc1c2b07a7ee7aa2af110bab11d4b11650bd8c01e77b03e4ba58eab976c,CURRENT_SOURCE
index_archivos/js/datatable/DataTables-1.10.20/js/dataTables.jqueryui.min.js,.js,3723,cd1fe0725dfcd504223916a9666f38b161b8a7e9b4edca7060d3dbf6df240f93,CURRENT_SOURCE
index_archivos/js/datatable/DataTables-1.10.20/js/dataTables.semanticui.js,.js,5525,41fb6b855d2e7e65e4b528adabe63b91e7bfe9c7256108438ffd8741c830c708,CURRENT_SOURCE
index_archivos/js/datatable/DataTables-1.10.20/js/dataTables.semanticui.min.js,.js,3522,be407af58fc4c0bf0028f6729ad87395b6d363a422feada462adc49a69005b37,CURRENT_SOURCE
index_archivos/js/datatable/DataTables-1.10.20/js/jquery.dataTables.js,.js,463898,78417a469898b80e26444db73b5029eefbfc1f61b8b58a6f6d1111abfe0e9cb6,CURRENT_SOURCE
index_archivos/js/datatable/DataTables-1.10.20/js/jquery.dataTables.min.js,.js,84501,21cdf5a6a2e3cae88918a0cd9be9fa7c063c02e8bf3acfd1346a2b25093cc97b,CURRENT_SOURCE
index_archivos/js/datatable/FixedColumns-3.3.0/css/fixedColumns.bootstrap.css,.css,2250,cc7d35389adc33a6d4f13b4f55d8672c3dc21c9db67ad127b566a433eb844c77,CURRENT_SOURCE
index_archivos/js/datatable/FixedColumns-3.3.0/css/fixedColumns.bootstrap.min.css,.css,2075,67ae759a8fb833d864d1a3ca5698c372c3bed9f2244f7aa6bc11150b2e005424,CURRENT_SOURCE
index_archivos/js/datatable/FixedColumns-3.3.0/css/fixedColumns.bootstrap4.css,.css,2334,da501175f6709e9cde52100d6f82a05ba7628d51dff5a0e050e913511f2ceb66,CURRENT_SOURCE
index_archivos/js/datatable/FixedColumns-3.3.0/css/fixedColumns.bootstrap4.min.css,.css,2146,7c816ef8ffb450caa03ba17d0769315d99cbd3e9d35357dea03d686b08a1fc67,CURRENT_SOURCE
index_archivos/js/datatable/FixedColumns-3.3.0/css/fixedColumns.dataTables.css,.css,385,8f038210183d818d05accb3647707c3cb06bacd50d84cbeee513ef1e83b34546,CURRENT_SOURCE
index_archivos/js/datatable/FixedColumns-3.3.0/css/fixedColumns.dataTables.min.css,.css,328,8c09fa4c4980151ad3eb1aebeeab0655fdfc12bd85a254c1dcda36589b3d976b,CURRENT_SOURCE
index_archivos/js/datatable/FixedColumns-3.3.0/css/fixedColumns.foundation.css,.css,656,c08d63448c3856bb8f8e3df6fff3137768e93baccd047c92fd8ac66dc38919c6,CURRENT_SOURCE
index_archivos/js/datatable/FixedColumns-3.3.0/css/fixedColumns.foundation.min.css,.css,558,cda678bc70e7c7fd2b479e5d15c982524a59b376e9c6b92d252d6e16c85a0199,CURRENT_SOURCE
index_archivos/js/datatable/FixedColumns-3.3.0/css/fixedColumns.jqueryui.css,.css,278,77f138c4a4b7d4439cf1bdc0c6f90b516e712837f57b3ec5a6e124a33ed57280,CURRENT_SOURCE
index_archivos/js/datatable/FixedColumns-3.3.0/css/fixedColumns.jqueryui.min.css,.css,241,44d13e8e3f0a4bebf5c0c93d46edfd94d9ad6e15f49036458e9fdaf4b120b156,CURRENT_SOURCE
index_archivos/js/datatable/FixedColumns-3.3.0/css/fixedColumns.semanticui.css,.css,1512,d85350f91d237dbfc1b2688fc41755d1bbf5a44966b2d2e4dbfd43e4b73b1d90,CURRENT_SOURCE
index_archivos/js/datatable/FixedColumns-3.3.0/css/fixedColumns.semanticui.min.css,.css,1399,de058fdf223b8893b90385ff1c7a0f70f365f5c582d1a8633c37f08d6bbbee79,CURRENT_SOURCE
index_archivos/js/datatable/FixedColumns-3.3.0/js/dataTables.fixedColumns.js,.js,48572,cc3638df54fb6f9d93d620deb1367059aafafdbd4f1d61412041bea51b502f62,CURRENT_SOURCE
index_archivos/js/datatable/FixedColumns-3.3.0/js/dataTables.fixedColumns.min.js,.js,18724,37b41d73a25c17d8ea8c9bc5051c4053e99968dbe6fd839beddec295550ad62e,CURRENT_SOURCE
index_archivos/js/datatable/FixedColumns-3.3.0/js/fixedColumns.bootstrap.js,.js,892,877f72bbf95d5137de7432394a64829456659797775bb8ef041f1391a366dd28,CURRENT_SOURCE
index_archivos/js/datatable/FixedColumns-3.3.0/js/fixedColumns.bootstrap.min.js,.js,565,95423b96d258a0123e56e311add45c88ea91e6e3b955534a4c0bace1a315281d,CURRENT_SOURCE
index_archivos/js/datatable/FixedColumns-3.3.0/js/fixedColumns.bootstrap4.js,.js,894,2d6dbc3e13ff6f30a0fbd131dbd73cd9efbe647d4511641eb2ed68117b92059f,CURRENT_SOURCE
index_archivos/js/datatable/FixedColumns-3.3.0/js/fixedColumns.bootstrap4.min.js,.js,567,c7c8660f6ef14fe95149379631030b6cc76ead5a2dca26b65408ae7eda47f6df,CURRENT_SOURCE
index_archivos/js/datatable/FixedColumns-3.3.0/js/fixedColumns.dataTables.js,.js,891,02d66a4c5286feb98dc28c4fec49918df58a04932b21c5649cdd32c6aa0fb2a9,CURRENT_SOURCE
index_archivos/js/datatable/FixedColumns-3.3.0/js/fixedColumns.foundation.js,.js,892,8a0aa52abffb9e57b3fea7e3a614eb0772379fd695149c3e2a882ed91161aa92,CURRENT_SOURCE
index_archivos/js/datatable/FixedColumns-3.3.0/js/fixedColumns.foundation.min.js,.js,565,72492690cccd49dad7f007921ded6e1aa1cb33da952ea4d1550729c04c28fa1e,CURRENT_SOURCE
index_archivos/js/datatable/FixedColumns-3.3.0/js/fixedColumns.jqueryui.js,.js,894,63d8448630b6226942c5af8368f2f32d9c8008ae845eb4c263c52a17c2fa5f32,CURRENT_SOURCE
index_archivos/js/datatable/FixedColumns-3.3.0/js/fixedColumns.jqueryui.min.js,.js,567,51a7d33497f597a44ba81d92bdb32a866bb5288764cae2a5fd19bea6feb3e493,CURRENT_SOURCE
index_archivos/js/datatable/FixedColumns-3.3.0/js/fixedColumns.semanicui.js,.js,0,e3b0c44298fc1c149afbf4c8996fb92427ae41e4649b934ca495991b7852b855,CURRENT_SOURCE
index_archivos/js/datatable/FixedColumns-3.3.0/js/fixedColumns.semanticui.js,.js,891,aa1046567749430fbe1bc7a662c3aef24de76cf43437e5ef1b9c219d34704ff1,CURRENT_SOURCE
index_archivos/js/datatable/FixedColumns-3.3.0/js/fixedColumns.semanticui.min.js,.js,564,a01554a531d200937a79cd908de5a78c46b605d19f48f0586b378d425aba636f,CURRENT_SOURCE
index_archivos/js/datatable/FixedHeader-3.1.6/css/fixedHeader.bootstrap.css,.css,400,65bcdb23c54148c3b2e90e34b29de17323d6d6dae5635ce894d42fca055bd7a7,CURRENT_SOURCE
index_archivos/js/datatable/FixedHeader-3.1.6/css/fixedHeader.bootstrap.min.css,.css,329,77de50ede3b0975eabca41b97bf7a9ba00d3455b10eddca84069b4e13899bb62,CURRENT_SOURCE
index_archivos/js/datatable/FixedHeader-3.1.6/css/fixedHeader.bootstrap4.css,.css,400,65bcdb23c54148c3b2e90e34b29de17323d6d6dae5635ce894d42fca055bd7a7,CURRENT_SOURCE
index_archivos/js/datatable/FixedHeader-3.1.6/css/fixedHeader.bootstrap4.min.css,.css,329,77de50ede3b0975eabca41b97bf7a9ba00d3455b10eddca84069b4e13899bb62,CURRENT_SOURCE
index_archivos/js/datatable/FixedHeader-3.1.6/css/fixedHeader.dataTables.css,.css,337,96605c0aea69f4b60775eb57511346d7b32debdec2724e2c32e0b358f3c02d67,CURRENT_SOURCE
index_archivos/js/datatable/FixedHeader-3.1.6/css/fixedHeader.dataTables.min.css,.css,268,8ca97a540ce27732e3e90f2cc55f25506222800d1e2ce25bbe0167087b164d03,CURRENT_SOURCE
index_archivos/js/datatable/FixedHeader-3.1.6/css/fixedHeader.foundation.css,.css,400,65bcdb23c54148c3b2e90e34b29de17323d6d6dae5635ce894d42fca055bd7a7,CURRENT_SOURCE
index_archivos/js/datatable/FixedHeader-3.1.6/css/fixedHeader.foundation.min.css,.css,329,77de50ede3b0975eabca41b97bf7a9ba00d3455b10eddca84069b4e13899bb62,CURRENT_SOURCE
index_archivos/js/datatable/FixedHeader-3.1.6/css/fixedHeader.jqueryui.css,.css,265,76ba6767738484090b5a51fff0dcdda783ec6d818fe209af9bc39ff9f4a5aeed,CURRENT_SOURCE
index_archivos/js/datatable/FixedHeader-3.1.6/css/fixedHeader.jqueryui.min.css,.css,209,0e663cd6b203346b5c7ada1073ea6a0b4897f10550406fc19e3ccea304307e01,CURRENT_SOURCE
index_archivos/js/datatable/FixedHeader-3.1.6/css/fixedHeader.semanticui.css,.css,247,70e973220c69507f5f6cb82d44f1dd294ea2cd349db718826526ab608907cd4d,CURRENT_SOURCE
index_archivos/js/datatable/FixedHeader-3.1.6/css/fixedHeader.semanticui.min.css,.css,196,8bc909aea43bed08b6b8372df8eb64e3444bf3abe702dc5e044ea9a9a049ec03,CURRENT_SOURCE
index_archivos/js/datatable/FixedHeader-3.1.6/js/dataTables.fixedHeader.js,.js,18328,0a9bd176a9b04003a8aadf3679d20097fda0025538d2c094f580c3535b352ff3,CURRENT_SOURCE
index_archivos/js/datatable/FixedHeader-3.1.6/js/dataTables.fixedHeader.min.js,.js,8718,7acb73e5e87a4b813bece1e3f226801fcea9fbeb07e7b79a70b0af96087f09b5,CURRENT_SOURCE
index_archivos/js/datatable/FixedHeader-3.1.6/js/fixedHeader.bootstrap.js,.js,888,02796e3df65ad7493e9510cbd981ed614cfc0f8df6aaf1ea3316436d273b5119,CURRENT_SOURCE
index_archivos/js/datatable/FixedHeader-3.1.6/js/fixedHeader.bootstrap.min.js,.js,561,c6d7013efad732a4997b666edad034e15e7d824eb04aeea4565b66760e979404,CURRENT_SOURCE
index_archivos/js/datatable/FixedHeader-3.1.6/js/fixedHeader.bootstrap4.js,.js,890,f7aa260cbe206d79fb55abacbefd826277b1ea5d4c1fa1fc8ac3d1ebd04dbba4,CURRENT_SOURCE
index_archivos/js/datatable/FixedHeader-3.1.6/js/fixedHeader.bootstrap4.min.js,.js,563,8693dc449b5d3661798726cfee55916573280fc6431352f9979801c6fac77979,CURRENT_SOURCE
index_archivos/js/datatable/FixedHeader-3.1.6/js/fixedHeader.dataTables.js,.js,887,eb19145df1d427174a07e2906984f48118c5d00cd4352e3d1c7ba49df7db1cda,CURRENT_SOURCE
index_archivos/js/datatable/FixedHeader-3.1.6/js/fixedHeader.foundation.js,.js,888,c1d10562e38051208d22a111b771afcf1fe1f081c5e631716903e8d1ad7cd446,CURRENT_SOURCE
index_archivos/js/datatable/FixedHeader-3.1.6/js/fixedHeader.foundation.min.js,.js,561,a91a2ea632a034c332f80dcbcc90e39a9327fd3c533dccc8553a1cc0c4df2d41,CURRENT_SOURCE
index_archivos/js/datatable/FixedHeader-3.1.6/js/fixedHeader.jqueryui.js,.js,890,12e06dea244834fd8ee22c04f6ac793f212de6b7ec8ad2f01518f921728bcf99,CURRENT_SOURCE
index_archivos/js/datatable/FixedHeader-3.1.6/js/fixedHeader.jqueryui.min.js,.js,563,630175b3135e13317911ccd790078be62507eb44a5f7aa95818499910a2a2ee9,CURRENT_SOURCE
index_archivos/js/datatable/FixedHeader-3.1.6/js/fixedHeader.semanicui.js,.js,0,e3b0c44298fc1c149afbf4c8996fb92427ae41e4649b934ca495991b7852b855,CURRENT_SOURCE
index_archivos/js/datatable/FixedHeader-3.1.6/js/fixedHeader.semanticui.js,.js,887,083d3a09ac54789c36140f9f694fae5349611d58d84a8644ffdb073d53dd3fc7,CURRENT_SOURCE
index_archivos/js/datatable/FixedHeader-3.1.6/js/fixedHeader.semanticui.min.js,.js,560,4b00a9bf21794f428a9c167e20e38b0232ba9fe0398f562593349b5f985001af,CURRENT_SOURCE
index_archivos/js/datatable/JSZip-2.5.0/jszip.js,.js,302626,68e09c5e74bcc2fb30ad219480bbbd4c32984f85558d72f8df3adff84ea408fe,CURRENT_SOURCE
index_archivos/js/datatable/JSZip-2.5.0/jszip.min.js,.js,76998,dce4ba5345aaf86e83f3715c7f9db0578fd72a8dbe043e1dfefc9c0879362b58,CURRENT_SOURCE
index_archivos/js/datatable/KeyTable-2.5.1/css/keyTable.bootstrap.css,.css,262,c40d1ef9ed5038b717ec2c49f08a7b6f03f41db89cbfc0df9b3eb3b5f6732c72,CURRENT_SOURCE
index_archivos/js/datatable/KeyTable-2.5.1/css/keyTable.bootstrap.min.css,.css,236,ca89cc7e8e68b73c4d6ad8a08710fed7b2562e7de00551f44476bf253b0b949a,CURRENT_SOURCE
index_archivos/js/datatable/KeyTable-2.5.1/css/keyTable.bootstrap4.css,.css,262,ee6a9e7e858d387c9e8b8bfb7db7bbbb6ac9210fb7c45771d53c07b219c163d5,CURRENT_SOURCE
index_archivos/js/datatable/KeyTable-2.5.1/css/keyTable.bootstrap4.min.css,.css,236,543b3ae774f064620f2a0e779abd01b54712fc4caa54811c67fbda4289a60090,CURRENT_SOURCE
index_archivos/js/datatable/KeyTable-2.5.1/css/keyTable.dataTables.css,.css,262,6eabeb11318dd8c840783b1aa02c9702c6227dd74fee19b791b75cbcad606811,CURRENT_SOURCE
index_archivos/js/datatable/KeyTable-2.5.1/css/keyTable.dataTables.min.css,.css,236,42647b93379a93a04d0e2065e32ba92b46c1829d2a21075f53a3a3166660beda,CURRENT_SOURCE
index_archivos/js/datatable/KeyTable-2.5.1/css/keyTable.foundation.css,.css,262,9f117fc82f62caa72d80ac7f6c19f929248b00db56c8bec80836b920369de700,CURRENT_SOURCE
index_archivos/js/datatable/KeyTable-2.5.1/css/keyTable.foundation.min.css,.css,236,4ad825290b20c8f7db470322c3eae041daccce700f7a3fb2966ed963b3d533c5,CURRENT_SOURCE
index_archivos/js/datatable/KeyTable-2.5.1/css/keyTable.jqueryui.css,.css,262,6eabeb11318dd8c840783b1aa02c9702c6227dd74fee19b791b75cbcad606811,CURRENT_SOURCE
index_archivos/js/datatable/KeyTable-2.5.1/css/keyTable.jqueryui.min.css,.css,236,42647b93379a93a04d0e2065e32ba92b46c1829d2a21075f53a3a3166660beda,CURRENT_SOURCE
index_archivos/js/datatable/KeyTable-2.5.1/css/keyTable.semanticui.css,.css,259,e4c8e12c426e4a3cb92d10c3be7f88accd7046588f70462890fbb14226af10f0,CURRENT_SOURCE
index_archivos/js/datatable/KeyTable-2.5.1/css/keyTable.semanticui.min.css,.css,233,fff5fc54b5a584d57c363ba6936efc0e764e88e581844187ecfe91e4bc1167e7,CURRENT_SOURCE
index_archivos/js/datatable/KeyTable-2.5.1/js/dataTables.keyTable.js,.js,30707,311b499daacb0044866b279c915792385dc29244b11b924481be72e252ac94ed,CURRENT_SOURCE
index_archivos/js/datatable/KeyTable-2.5.1/js/dataTables.keyTable.min.js,.js,13804,760af4638062bc3167b0446320e05f775059dbb1528e9b80bfcf6f2641b9d9bf,CURRENT_SOURCE
index_archivos/js/datatable/KeyTable-2.5.1/js/keyTable.bootstrap.js,.js,876,1abdab656a60422747f148e183dc786247eeb9f043b29c1497ce981fa9461737,CURRENT_SOURCE
index_archivos/js/datatable/KeyTable-2.5.1/js/keyTable.bootstrap.min.js,.js,549,b01d3306d770e94daf18085e9ccd0e71135138a517d6e1e43b77024b25e5191e,CURRENT_SOURCE
index_archivos/js/datatable/KeyTable-2.5.1/js/keyTable.bootstrap4.js,.js,878,1070c0c3db606a2b69e0e5115e2b351bf68d01d9e307364b26288248d3f93b45,CURRENT_SOURCE
index_archivos/js/datatable/KeyTable-2.5.1/js/keyTable.bootstrap4.min.js,.js,551,2d7a7940f00d53fa194fd9416c92e4f5f0ce81e89d75fbbe3f0c6e7475878a5a,CURRENT_SOURCE
index_archivos/js/datatable/KeyTable-2.5.1/js/keyTable.dataTables.js,.js,875,708e8ffe6181a6fc92c00ceea5a489a5af3694cd1af0d67cd9daa1e5a94320b9,CURRENT_SOURCE
index_archivos/js/datatable/KeyTable-2.5.1/js/keyTable.foundation.js,.js,875,58b40f024bc50d4ee8ffc8cfef8883d88b43a42bb3d07bebd92efb89db4b07fd,CURRENT_SOURCE
index_archivos/js/datatable/KeyTable-2.5.1/js/keyTable.foundation.min.js,.js,548,71b605e2910c8c20dd142a9e52e8d542afecdd7ad1a13a7ca78f97f436135aac,CURRENT_SOURCE
index_archivos/js/datatable/KeyTable-2.5.1/js/keyTable.jqueryui.js,.js,878,90642611168fc98cfcc31a91ee2f79b276e7b7da282eccf4177615fed6486313,CURRENT_SOURCE
index_archivos/js/datatable/KeyTable-2.5.1/js/keyTable.jqueryui.min.js,.js,551,29f4c4533ff66cc5cc13598e7055e97c1f4d0c62fc17d53af49b1aa4503fec41,CURRENT_SOURCE
index_archivos/js/datatable/KeyTable-2.5.1/js/keyTable.semanicui.js,.js,0,e3b0c44298fc1c149afbf4c8996fb92427ae41e4649b934ca495991b7852b855,CURRENT_SOURCE
index_archivos/js/datatable/KeyTable-2.5.1/js/keyTable.semanticui.js,.js,875,a8954667a70247e25308c838018f52c965e15d699cd920290ffbdd1e66b54ef8,CURRENT_SOURCE
index_archivos/js/datatable/KeyTable-2.5.1/js/keyTable.semanticui.min.js,.js,548,660a2472f78446d238b66135056c808598c4a6402f124a393a25939a055c615d,CURRENT_SOURCE
index_archivos/js/datatable/Responsive-2.2.3/css/responsive.bootstrap.css,.css,4918,cfb30e15fc8d33169637242694417359f01e5fadcb0726da5606e1f3818000a8,CURRENT_SOURCE
index_archivos/js/datatable/Responsive-2.2.3/css/responsive.bootstrap.min.css,.css,3993,dc4462c38cfdf290e57a7ac8d25eaf46d010097b89a62c7ab1f2caccee9f360c,CURRENT_SOURCE
index_archivos/js/datatable/Responsive-2.2.3/css/responsive.bootstrap4.css,.css,4919,184420dbf0bcc9983e3b172ef32168eb3bbdb7ee487dc7f5cb60f74974144bfb,CURRENT_SOURCE
index_archivos/js/datatable/Responsive-2.2.3/css/responsive.bootstrap4.min.css,.css,3994,99e381361415be98d3b7da26d63e68b93b9a1033c9151991e4a1b50108b07349,CURRENT_SOURCE
index_archivos/js/datatable/Responsive-2.2.3/css/responsive.dataTables.css,.css,4844,b801cea1c7d3e3b9b7d5e32013082dd7957ec2096a61ed3337c59f9623465fb3,CURRENT_SOURCE
index_archivos/js/datatable/Responsive-2.2.3/css/responsive.dataTables.min.css,.css,3930,1c9d755c782277904276c47ccd1901ee76d7c6c598689c2586dd38ca39dda2d3,CURRENT_SOURCE
index_archivos/js/datatable/Responsive-2.2.3/css/responsive.foundation.css,.css,4907,41b03d97e15510798cc3c873c785791997070237dbdeff5e8283d61c8af7a92a,CURRENT_SOURCE
index_archivos/js/datatable/Responsive-2.2.3/css/responsive.foundation.min.css,.css,3978,dd0ff9ead2a076a4b8520419d1049fbeed36bc907ea4547e09f38d9cd3f90636,CURRENT_SOURCE
index_archivos/js/datatable/Responsive-2.2.3/css/responsive.jqueryui.css,.css,4844,b801cea1c7d3e3b9b7d5e32013082dd7957ec2096a61ed3337c59f9623465fb3,CURRENT_SOURCE
index_archivos/js/datatable/Responsive-2.2.3/css/responsive.jqueryui.min.css,.css,3930,1c9d755c782277904276c47ccd1901ee76d7c6c598689c2586dd38ca39dda2d3,CURRENT_SOURCE
index_archivos/js/datatable/Responsive-2.2.3/css/responsive.semanticui.css,.css,4918,23067109aff8e361e798b5c8845a365a6700ec02970bd7f15b795261c3907628,CURRENT_SOURCE
index_archivos/js/datatable/Responsive-2.2.3/css/responsive.semanticui.min.css,.css,3993,7ec6366584d07c3f870df99b422c1585de60cb0e74202f9c834645785833187c,CURRENT_SOURCE
index_archivos/js/datatable/Responsive-2.2.3/js/dataTables.responsive.js,.js,39998,03da4bb366a9f96955f413bb9de8b1b8db80f2a7bb9849b3f3af11f0a9b5ea25,CURRENT_SOURCE
index_archivos/js/datatable/Responsive-2.2.3/js/dataTables.responsive.min.js,.js,13061,cdeb7fe27c30e4edbf1e1bae52dfbfbc3b445bde4084267c60c9dc664336046d,CURRENT_SOURCE
index_archivos/js/datatable/Responsive-2.2.3/js/responsive.bootstrap.js,.js,2084,2dfb30a08222ea9790eaf69d27dec37a2ee54f8ee780c51a4381ae1c5e421372,CURRENT_SOURCE
index_archivos/js/datatable/Responsive-2.2.3/js/responsive.bootstrap.min.js,.js,1252,abb3c52ab113ae9e011e8cff84ba45d39f7937b1c19551f25dd2a83811c4f725,CURRENT_SOURCE
index_archivos/js/datatable/Responsive-2.2.3/js/responsive.bootstrap4.js,.js,2082,b5378b4209102c7f42c4f59e5b10323d65b66425746b6d8690412f5b33c4841b,CURRENT_SOURCE
index_archivos/js/datatable/Responsive-2.2.3/js/responsive.bootstrap4.min.js,.js,1250,0b580d6fde9be41dd86a9ff39c6e4b603710d2b38237811d3b9c32131cde90ff,CURRENT_SOURCE
index_archivos/js/datatable/Responsive-2.2.3/js/responsive.foundation.js,.js,1553,0bec13bc774004f772cfc69f16283ed29d3c25b7e41655da839a644a24e134fd,CURRENT_SOURCE
index_archivos/js/datatable/Responsive-2.2.3/js/responsive.foundation.min.js,.js,911,a11a5664637955e3a47547265b282e96439e18ace4108dfec6ee5b153069b89f,CURRENT_SOURCE
index_archivos/js/datatable/Responsive-2.2.3/js/responsive.jqueryui.js,.js,1462,5feda8b9e3aba316518dba9c4d8a21d25ad2e74b9aa3dec57f323a420f194088,CURRENT_SOURCE
index_archivos/js/datatable/Responsive-2.2.3/js/responsive.jqueryui.min.js,.js,802,779b17fd71f04b98b46750d32a740fc5638be0508f8ecaae57ff4fdf4e47d888,CURRENT_SOURCE
index_archivos/js/datatable/Responsive-2.2.3/js/responsive.semanticui.js,.js,1821,10d4ef09c1f230ad66ffc427498d552333d53889b4098258eef96e6144f167ee,CURRENT_SOURCE
index_archivos/js/datatable/Responsive-2.2.3/js/responsive.semanticui.min.js,.js,1076,fe84c5abf07a4c4f5541db433e190851330e54aa8024a41fc9448c5f326a6494,CURRENT_SOURCE
index_archivos/js/datatable/RowGroup-1.1.1/css/rowGroup.bootstrap.css,.css,455,d1359fe0ce8b323a599fba76a619f8f226a543672f080138380c5d193325b1f1,CURRENT_SOURCE
index_archivos/js/datatable/RowGroup-1.1.1/css/rowGroup.bootstrap.min.css,.css,385,622ef283fe7869a28cdcbe7fa48634eac380ca04776dfb4ad5e294760d06a48e,CURRENT_SOURCE
index_archivos/js/datatable/RowGroup-1.1.1/css/rowGroup.bootstrap4.css,.css,455,d1359fe0ce8b323a599fba76a619f8f226a543672f080138380c5d193325b1f1,CURRENT_SOURCE
index_archivos/js/datatable/RowGroup-1.1.1/css/rowGroup.bootstrap4.min.css,.css,385,622ef283fe7869a28cdcbe7fa48634eac380ca04776dfb4ad5e294760d06a48e,CURRENT_SOURCE
index_archivos/js/datatable/RowGroup-1.1.1/css/rowGroup.dataTables.css,.css,455,d1359fe0ce8b323a599fba76a619f8f226a543672f080138380c5d193325b1f1,CURRENT_SOURCE
index_archivos/js/datatable/RowGroup-1.1.1/css/rowGroup.dataTables.min.css,.css,385,622ef283fe7869a28cdcbe7fa48634eac380ca04776dfb4ad5e294760d06a48e,CURRENT_SOURCE
index_archivos/js/datatable/RowGroup-1.1.1/css/rowGroup.foundation.css,.css,455,d1359fe0ce8b323a599fba76a619f8f226a543672f080138380c5d193325b1f1,CURRENT_SOURCE
index_archivos/js/datatable/RowGroup-1.1.1/css/rowGroup.foundation.min.css,.css,385,622ef283fe7869a28cdcbe7fa48634eac380ca04776dfb4ad5e294760d06a48e,CURRENT_SOURCE
index_archivos/js/datatable/RowGroup-1.1.1/css/rowGroup.jqueryui.css,.css,455,d1359fe0ce8b323a599fba76a619f8f226a543672f080138380c5d193325b1f1,CURRENT_SOURCE
index_archivos/js/datatable/RowGroup-1.1.1/css/rowGroup.jqueryui.min.css,.css,385,622ef283fe7869a28cdcbe7fa48634eac380ca04776dfb4ad5e294760d06a48e,CURRENT_SOURCE
index_archivos/js/datatable/RowGroup-1.1.1/css/rowGroup.semanticui.css,.css,455,02debd9419f80ed35f35a49ae91aa908616a9286c276cd2271894938ceb59eac,CURRENT_SOURCE
index_archivos/js/datatable/RowGroup-1.1.1/css/rowGroup.semanticui.min.css,.css,385,c5f5865533e3da2ee93c3f53382ae6e3e091295df6d2a5d75f4c28aa5c8a3807,CURRENT_SOURCE
index_archivos/js/datatable/RowGroup-1.1.1/js/dataTables.rowGroup.js,.js,10733,784ab331305ff88f466147f3f7907dddd7f546677d4fa7be815ee0877500636f,CURRENT_SOURCE
index_archivos/js/datatable/RowGroup-1.1.1/js/dataTables.rowGroup.min.js,.js,5343,ae03d386ceba4818539d60c6df1d3c45cfc9324d1cd7772349ba9127dbff5bc0,CURRENT_SOURCE
index_archivos/js/datatable/RowGroup-1.1.1/js/rowGroup.bootstrap.js,.js,876,71d39365a6268c9c0faa67ff887e01c67acb198b148805c30be9b31d1e9687ca,CURRENT_SOURCE
index_archivos/js/datatable/RowGroup-1.1.1/js/rowGroup.bootstrap.min.js,.js,549,ac972c74565b266342979703e5502286e747f9560dcbf526ad9d07e34ec53525,CURRENT_SOURCE
index_archivos/js/datatable/RowGroup-1.1.1/js/rowGroup.bootstrap4.js,.js,878,2a84046829c0a85820508c5494154db9d5dd8dff70d686831c16fe6bc2f0304a,CURRENT_SOURCE
index_archivos/js/datatable/RowGroup-1.1.1/js/rowGroup.bootstrap4.min.js,.js,551,ac66beaf414eb2c965c81cb25b5ae424fccfbca9e994dd2a61e74482b891c08f,CURRENT_SOURCE
index_archivos/js/datatable/RowGroup-1.1.1/js/rowGroup.dataTables.js,.js,875,2db3a5164036f7410c3ba3232fee7bed37d0b8b9549e0e7ce0095266def19efa,CURRENT_SOURCE
index_archivos/js/datatable/RowGroup-1.1.1/js/rowGroup.foundation.js,.js,875,db5387c9516b9d67c6dfd151feaafbf70013d0ccf07af7266cb9084f4f4c0df6,CURRENT_SOURCE
index_archivos/js/datatable/RowGroup-1.1.1/js/rowGroup.foundation.min.js,.js,548,b9b89f5471946faa5e14b524c7fdb903e35a36a040d3190682aa82de86f2c873,CURRENT_SOURCE
index_archivos/js/datatable/RowGroup-1.1.1/js/rowGroup.jqueryui.js,.js,878,8d4e0b734710e726a514cccac25e7df6766fe694f82a2201167fcbbd8268e18e,CURRENT_SOURCE
index_archivos/js/datatable/RowGroup-1.1.1/js/rowGroup.jqueryui.min.js,.js,551,b9582d2db3963881027cb6fcf9eeb07a360b5957081fb25c48f59da37630e93d,CURRENT_SOURCE
index_archivos/js/datatable/RowGroup-1.1.1/js/rowGroup.semanicui.js,.js,0,e3b0c44298fc1c149afbf4c8996fb92427ae41e4649b934ca495991b7852b855,CURRENT_SOURCE
index_archivos/js/datatable/RowGroup-1.1.1/js/rowGroup.semanticui.js,.js,875,5696d6d6949aadf58b7685a21035fde5a0102f058396e973f99c27fa1d655fe1,CURRENT_SOURCE
index_archivos/js/datatable/RowGroup-1.1.1/js/rowGroup.semanticui.min.js,.js,548,6841ad3ac6d6c48771a129d257253ead811689fe7631b88c599e3224fd763e20,CURRENT_SOURCE
index_archivos/js/datatable/RowReorder-1.2.6/css/rowReorder.bootstrap.css,.css,402,3c85022272e8b0d45de7f85736746c3ab99d6b7e0f921c20220c38303be19530,CURRENT_SOURCE
index_archivos/js/datatable/RowReorder-1.2.6/css/rowReorder.bootstrap.min.css,.css,319,01673c982833f2824a239321ac97e3a03aa1d071a2758c3e1870265d04492f79,CURRENT_SOURCE
index_archivos/js/datatable/RowReorder-1.2.6/css/rowReorder.bootstrap4.css,.css,402,a126d7929d9d75edd1c08bfe58d1d65e4e5178459afa8ee7a146c1477ae6b93e,CURRENT_SOURCE
index_archivos/js/datatable/RowReorder-1.2.6/css/rowReorder.bootstrap4.min.css,.css,319,35b2dc3e90a4789ad875f077615277eed4a144244171b0e35c0c820d04e8c6dd,CURRENT_SOURCE
index_archivos/js/datatable/RowReorder-1.2.6/css/rowReorder.dataTables.css,.css,399,0951ef6d48436007026117bbef897cf83bc1ba312c996ee2932f276d5ee0a6c3,CURRENT_SOURCE
index_archivos/js/datatable/RowReorder-1.2.6/css/rowReorder.dataTables.min.css,.css,316,ad33608a5b21491970c8c353325d47ac76f9a4e9f430fea318ebfe94769425f0,CURRENT_SOURCE
index_archivos/js/datatable/RowReorder-1.2.6/css/rowReorder.foundation.css,.css,402,3c85022272e8b0d45de7f85736746c3ab99d6b7e0f921c20220c38303be19530,CURRENT_SOURCE
index_archivos/js/datatable/RowReorder-1.2.6/css/rowReorder.foundation.min.css,.css,319,01673c982833f2824a239321ac97e3a03aa1d071a2758c3e1870265d04492f79,CURRENT_SOURCE
index_archivos/js/datatable/RowReorder-1.2.6/css/rowReorder.jqueryui.css,.css,399,0951ef6d48436007026117bbef897cf83bc1ba312c996ee2932f276d5ee0a6c3,CURRENT_SOURCE
index_archivos/js/datatable/RowReorder-1.2.6/css/rowReorder.jqueryui.min.css,.css,316,ad33608a5b21491970c8c353325d47ac76f9a4e9f430fea318ebfe94769425f0,CURRENT_SOURCE
index_archivos/js/datatable/RowReorder-1.2.6/css/rowReorder.semanticui.css,.css,414,d6aff6e46374c44d4e678b3cab6c4f70de45d55d2d38e6df61c64ddb24bec3f0,CURRENT_SOURCE
index_archivos/js/datatable/RowReorder-1.2.6/css/rowReorder.semanticui.min.css,.css,328,c457ca29decb22158cd46aa7200b4ee2dd0cff8ff164bd9b683f921c279b1a7f,CURRENT_SOURCE
index_archivos/js/datatable/RowReorder-1.2.6/js/dataTables.rowReorder.js,.js,22019,ab2177b07f09ee47a78d7de4d144d62d2221fbc1abb41a13d774023de0a82575,CURRENT_SOURCE
index_archivos/js/datatable/RowReorder-1.2.6/js/dataTables.rowReorder.min.js,.js,8730,e4c910c91c6c7b02182083c92031ac9d6c3b430ba996a4e5ddd5e9d1d04a4b3d,CURRENT_SOURCE
index_archivos/js/datatable/RowReorder-1.2.6/js/rowReorder.bootstrap.js,.js,884,9302ec9db70495e1c0f91d6b6df1b8344f7c266d7828d5f3a03fe1ba458ef43d,CURRENT_SOURCE
index_archivos/js/datatable/RowReorder-1.2.6/js/rowReorder.bootstrap.min.js,.js,557,4d692385e977a1202de5e762a7384a89c2e106941259065a623bf1c4fe6775e4,CURRENT_SOURCE
index_archivos/js/datatable/RowReorder-1.2.6/js/rowReorder.bootstrap4.js,.js,886,922fdcdd2f83d3e5e129d08d5b8a9fb13bd5aeb6bfe563e7ae8c0e0b707a4156,CURRENT_SOURCE
index_archivos/js/datatable/RowReorder-1.2.6/js/rowReorder.bootstrap4.min.js,.js,559,d917ca59b05d74cea0f939821b9f808c98a17a7584f34f6391aa04ea765cbe04,CURRENT_SOURCE
index_archivos/js/datatable/RowReorder-1.2.6/js/rowReorder.dataTables.js,.js,883,7b208cd98568a4923d2f0695938cf9b86307acb3a79036cf6ba4df98b3766e3e,CURRENT_SOURCE
index_archivos/js/datatable/RowReorder-1.2.6/js/rowReorder.foundation.js,.js,883,4ec17e000710eb22e2fb77ef2388b8fc3bfa6d403f5810f7bf0fc491a92d6847,CURRENT_SOURCE
index_archivos/js/datatable/RowReorder-1.2.6/js/rowReorder.foundation.min.js,.js,556,16686c853e6ae33e3c71f80d22614f2dd2b4ce2b1075230c85e3c3193039eb87,CURRENT_SOURCE
index_archivos/js/datatable/RowReorder-1.2.6/js/rowReorder.jqueryui.js,.js,886,2ec5fa1874523c107a1ebc4204babeeb9aca97d79ce6c4e7d4ccd64471c5ec9b,CURRENT_SOURCE
index_archivos/js/datatable/RowReorder-1.2.6/js/rowReorder.jqueryui.min.js,.js,559,84fe94b0438a22cf4d9061faab19cd67a437b25009edd779de8781dfb24c66b4,CURRENT_SOURCE
index_archivos/js/datatable/RowReorder-1.2.6/js/rowReorder.semanticui.js,.js,883,6d6bc193293cdcf09f28e2e762d93c9b42dff4a581e62db93673d21015687c64,CURRENT_SOURCE
index_archivos/js/datatable/RowReorder-1.2.6/js/rowReorder.semanticui.min.js,.js,556,a4a419f459458b9c5d901f640dcfdaf9129225fef4109a78e78a00c2fa6c4826,CURRENT_SOURCE
index_archivos/js/datatable/Scroller-2.0.1/css/scroller.bootstrap.css,.css,757,be002a3014c5305aaa36a154a2ce21e5c9ea6b8641d260966ba8dea1a0622cc7,CURRENT_SOURCE
index_archivos/js/datatable/Scroller-2.0.1/css/scroller.bootstrap.min.css,.css,612,d78a11c7bf94bf641b09c345a4c1067e06c69e606bf12cbe1e06bb322cb9c119,CURRENT_SOURCE
index_archivos/js/datatable/Scroller-2.0.1/css/scroller.bootstrap4.css,.css,780,58eb479de4aa6e0dced1afc4c674403ad1daf0b5bcee54677205d72d149bc6fd,CURRENT_SOURCE
index_archivos/js/datatable/Scroller-2.0.1/css/scroller.bootstrap4.min.css,.css,635,eec384fb2309ebe3a4f12727f844a1130c4565bd9d73eaa90271532d31f4ab98,CURRENT_SOURCE
index_archivos/js/datatable/Scroller-2.0.1/css/scroller.dataTables.css,.css,704,0d8bdb8e8d23fd8026f1cfecc2c477815647d4fb03337bb0169eaa02f3c9727e,CURRENT_SOURCE
index_archivos/js/datatable/Scroller-2.0.1/css/scroller.dataTables.min.css,.css,572,16be13ef08aad7ced9d0d371fe2e39023d87579ae60a605cf75e1c36b03626c4,CURRENT_SOURCE
index_archivos/js/datatable/Scroller-2.0.1/css/scroller.foundation.css,.css,396,a6a6daf5d3b5c96e87d87136380069b0cfba95d885f31080e148d261d6a5a2fe,CURRENT_SOURCE
index_archivos/js/datatable/Scroller-2.0.1/css/scroller.foundation.min.css,.css,337,dba743bdbece24d83a3a4ec346fcb614e436fd84bbcc3e0be6203a2f70a555c6,CURRENT_SOURCE
index_archivos/js/datatable/Scroller-2.0.1/css/scroller.jqueryui.css,.css,704,0d8bdb8e8d23fd8026f1cfecc2c477815647d4fb03337bb0169eaa02f3c9727e,CURRENT_SOURCE
index_archivos/js/datatable/Scroller-2.0.1/css/scroller.jqueryui.min.css,.css,572,16be13ef08aad7ced9d0d371fe2e39023d87579ae60a605cf75e1c36b03626c4,CURRENT_SOURCE
index_archivos/js/datatable/Scroller-2.0.1/css/scroller.semanticui.css,.css,704,0d8bdb8e8d23fd8026f1cfecc2c477815647d4fb03337bb0169eaa02f3c9727e,CURRENT_SOURCE
index_archivos/js/datatable/Scroller-2.0.1/css/scroller.semanticui.min.css,.css,572,16be13ef08aad7ced9d0d371fe2e39023d87579ae60a605cf75e1c36b03626c4,CURRENT_SOURCE
index_archivos/js/datatable/Scroller-2.0.1/js/dataTables.scroller.js,.js,40106,602189849a1e5e086158ab0bb329c5359aae85b447774ece5f4a8543ad69e549,CURRENT_SOURCE
index_archivos/js/datatable/Scroller-2.0.1/js/dataTables.scroller.min.js,.js,12793,e6a4db35d4520597cbf6301b7d3098f643374731d49c2d436502df6c12efd127,CURRENT_SOURCE
index_archivos/js/datatable/Scroller-2.0.1/js/scroller.bootstrap.js,.js,876,7fa8acccbcddcfa55b68b8b938ba44f22ffaf66ff3f2df99240d4283faf67247,CURRENT_SOURCE
index_archivos/js/datatable/Scroller-2.0.1/js/scroller.bootstrap.min.js,.js,549,e67e2c1e9ad489cf30e4f7462d4f00e341440826809709ac9dceed401e17572a,CURRENT_SOURCE
index_archivos/js/datatable/Scroller-2.0.1/js/scroller.bootstrap4.js,.js,878,e553d6fd4e3b9a68161291f961bd8eeaacb13df318ca2473e623bb87f280671c,CURRENT_SOURCE
index_archivos/js/datatable/Scroller-2.0.1/js/scroller.bootstrap4.min.js,.js,551,3bed6e4219cb3cc78a29eec70ea620e47743933dd3a1728d7314cbeee4814514,CURRENT_SOURCE
index_archivos/js/datatable/Scroller-2.0.1/js/scroller.dataTables.js,.js,875,d7758ea7e89feace0b3d852b512bb0ce96dd1c5dd7766490cc43869eb0dc6f76,CURRENT_SOURCE
index_archivos/js/datatable/Scroller-2.0.1/js/scroller.foundation.js,.js,875,98fb5542538d17f0fe83d6f1e9b3cfb8fd956074924470590d4f725b137ce41c,CURRENT_SOURCE
index_archivos/js/datatable/Scroller-2.0.1/js/scroller.foundation.min.js,.js,548,7d48887f9547229c6253fd4d24827c28c8ebe23c28f0d9a47bfa26f196a614c4,CURRENT_SOURCE
index_archivos/js/datatable/Scroller-2.0.1/js/scroller.jqueryui.js,.js,878,d1080b50ad8ee7e8e601457f9f7eabb8240760253c6673c34b504d30d5047051,CURRENT_SOURCE
index_archivos/js/datatable/Scroller-2.0.1/js/scroller.jqueryui.min.js,.js,551,a744c051b389c827eeafd0a5b3d2e570cc14f30be3e3bec7fcfc46f78352adc9,CURRENT_SOURCE
index_archivos/js/datatable/Scroller-2.0.1/js/scroller.semanicui.js,.js,0,e3b0c44298fc1c149afbf4c8996fb92427ae41e4649b934ca495991b7852b855,CURRENT_SOURCE
index_archivos/js/datatable/Scroller-2.0.1/js/scroller.semanticui.js,.js,875,1d32043002a55d9bb1a562778c35168102599abcd334b42df2a576813f71335c,CURRENT_SOURCE
index_archivos/js/datatable/Scroller-2.0.1/js/scroller.semanticui.min.js,.js,548,277d30bc32aa24707b243108a2c4e1d530f708f22b9475229930e54c4cdbf4a8,CURRENT_SOURCE
index_archivos/js/datatable/SearchPanes-1.0.1/css/searchPanes.bootstrap.css,.css,8686,2a3aaca86d49f2c5746756a46182696f4548959e55e33635ed30e4b51b8b81b5,CURRENT_SOURCE
index_archivos/js/datatable/SearchPanes-1.0.1/css/searchPanes.bootstrap.min.css,.css,7744,bc9c0fd6d276eb6ba442ddbc2f047d551ddf51ada23b8baa26b6e0d7995c365e,CURRENT_SOURCE
index_archivos/js/datatable/SearchPanes-1.0.1/css/searchPanes.bootstrap4.css,.css,9498,63889e5937bfcaef82ff157c52c6a7272f2ad1b20f6a9619ba0c7c54932ee78b,CURRENT_SOURCE
index_archivos/js/datatable/SearchPanes-1.0.1/css/searchPanes.bootstrap4.min.css,.css,8418,12d6edd3f832fff8e2ff807ba792df712e039adb6787e93f36ca71b6658df46e,CURRENT_SOURCE
index_archivos/js/datatable/SearchPanes-1.0.1/css/searchPanes.dataTables.css,.css,13254,7e5949a3b346385eee66705b760ad84bb2af530b5187fb7aed7d1fe31d1b08f4,CURRENT_SOURCE
index_archivos/js/datatable/SearchPanes-1.0.1/css/searchPanes.dataTables.min.css,.css,11713,96bbbe2547ad38bec9274530feb484bf9f16badd6de89a99158e737fd58493fc,CURRENT_SOURCE
index_archivos/js/datatable/SearchPanes-1.0.1/css/searchPanes.foundation.css,.css,11146,bb0f9b5c87b18ada80c8669cadbf23c133635fd2d2f4616e7b95f2e8700ef777,CURRENT_SOURCE
index_archivos/js/datatable/SearchPanes-1.0.1/css/searchPanes.foundation.min.css,.css,9719,482b8c2877b25c21bd47df0f71d9ec9b78a3d9c80f8330801c78ab07e865e69e,CURRENT_SOURCE
index_archivos/js/datatable/SearchPanes-1.0.1/css/searchPanes.jqueryui.css,.css,11922,3eee16df2c4757ddc680835fc883b8a5eb8110cca45dcbd190bb5addc1fc383d,CURRENT_SOURCE
index_archivos/js/datatable/SearchPanes-1.0.1/css/searchPanes.jqueryui.min.css,.css,10635,301a4f854a8d4e47be1f7801f3cc8a58f2ee53c4ead9044cbb270851569cd95b,CURRENT_SOURCE
index_archivos/js/datatable/SearchPanes-1.0.1/css/searchPanes.semanticui.css,.css,10162,5ba2401d2d7f8fb2b22a2c8aef2d5d8f130ff4e2f12bd834dad59e05d5cb109a,CURRENT_SOURCE
index_archivos/js/datatable/SearchPanes-1.0.1/css/searchPanes.semanticui.min.css,.css,9169,2e97e87d7bb74b5efc4bce976f112dadb30e819e20bb9621c0c8701483572d27,CURRENT_SOURCE
index_archivos/js/datatable/SearchPanes-1.0.1/js/dataTables.searchPanes.js,.js,100721,c01b36124f5ff741c32606fe1ff9ee0673f2f7d1e95d1b307c9e902c9b738197,CURRENT_SOURCE
index_archivos/js/datatable/SearchPanes-1.0.1/js/dataTables.searchPanes.min.js,.js,40516,e78f18a63fb5c441a3b3cd000c57ea12779d60032de0b2e7b48ed277a299e718,CURRENT_SOURCE
index_archivos/js/datatable/SearchPanes-1.0.1/js/searchPanes.bootstrap.js,.js,1939,bbf7e8a2a047a183b81fcf4bba1a3f413ec951dcb378e770a717ec96d6caa5a3,CURRENT_SOURCE
index_archivos/js/datatable/SearchPanes-1.0.1/js/searchPanes.bootstrap.min.js,.js,1132,e4efea005b1e8e80cf3ca64d85c3a4dd4d86313833d1d4e9ad8a3b4715f822e0,CURRENT_SOURCE
index_archivos/js/datatable/SearchPanes-1.0.1/js/searchPanes.bootstrap4.js,.js,1907,7cd0db57d472f0da0e143ec90fa4dd73f579c15b20f5b5334de5e9116f8519a5,CURRENT_SOURCE
index_archivos/js/datatable/SearchPanes-1.0.1/js/searchPanes.bootstrap4.min.js,.js,1122,7420ead1d8f9563945a72f00846b1de5471b4b27bc2df57ba251512969e430d0,CURRENT_SOURCE
index_archivos/js/datatable/SearchPanes-1.0.1/js/searchPanes.dataTables.js,.js,979,ac84a5bb4fe507038716179881ba1a75985be1d1c6a53d526f77b9badf93fedc,CURRENT_SOURCE
index_archivos/js/datatable/SearchPanes-1.0.1/js/searchPanes.dataTables.min.js,.js,468,8427e1651d8d2a8233e9067583d327923619dac8fafc0ac58c11dc391858f908,CURRENT_SOURCE
index_archivos/js/datatable/SearchPanes-1.0.1/js/searchPanes.foundation.js,.js,1653,477dcee938b3a019d26a58ec6383b98860f86722f4c4b77fdef75a2f946fe715,CURRENT_SOURCE
index_archivos/js/datatable/SearchPanes-1.0.1/js/searchPanes.foundation.min.js,.js,935,5c3c87c3d3f9fe69760204e8618a76bade792a5dcbbec725eb7fc7d9f93f6ad4,CURRENT_SOURCE
index_archivos/js/datatable/SearchPanes-1.0.1/js/searchPanes.jqueryui.js,.js,1304,2dc9ec12dfef2126f2a3bae4dfc9a315b20dcc8c0ad69985c3b592914ebb10ee,CURRENT_SOURCE
index_archivos/js/datatable/SearchPanes-1.0.1/js/searchPanes.jqueryui.min.js,.js,707,c77ddce6b49d8229f378552bb637af850ec611fb6bcc790b64f144570f16b0fe,CURRENT_SOURCE
index_archivos/js/datatable/SearchPanes-1.0.1/js/searchPanes.semanicui.js,.js,0,e3b0c44298fc1c149afbf4c8996fb92427ae41e4649b934ca495991b7852b855,CURRENT_SOURCE
index_archivos/js/datatable/SearchPanes-1.0.1/js/searchPanes.semanticui.js,.js,1846,03bec9dd6d511d53702b1eb6c6be0bab0b6defc11c6d8ebb24ab7cc57ec9d762,CURRENT_SOURCE
index_archivos/js/datatable/SearchPanes-1.0.1/js/searchPanes.semanticui.min.js,.js,1054,f237527f59d21820ae8e76e67cc2e57decd9b5a3a419dbf1aa27f4fdcb031e7f,CURRENT_SOURCE
index_archivos/js/datatable/Select-1.3.1/css/select.bootstrap.css,.css,4738,19d1bee1ce1e08c929a19c091293ba9ecba233182059c40aadd6892bf18ab73e,CURRENT_SOURCE
index_archivos/js/datatable/Select-1.3.1/css/select.bootstrap.min.css,.css,4152,5fdfcc97a97896f647996d1059e504e80030a4c34a4e851069cf563d92fc8123,CURRENT_SOURCE
index_archivos/js/datatable/Select-1.3.1/css/select.bootstrap4.css,.css,4741,5ec9015964bebe9584f9f49ca48be7beae52c48cbddb2e7e1f314a321642746d,CURRENT_SOURCE
index_archivos/js/datatable/Select-1.3.1/css/select.bootstrap4.min.css,.css,4155,75007f66d29f6a84018c94cf0be30cb8fc79bf6e3aa016860e864126ba29ea41,CURRENT_SOURCE
index_archivos/js/datatable/Select-1.3.1/css/select.dataTables.css,.css,4475,aff691fe1d12f85360d65554bcf7e79df776ecaec191c46ea9c06ea1fb574b61,CURRENT_SOURCE
index_archivos/js/datatable/Select-1.3.1/css/select.dataTables.min.css,.css,3919,9c5375476f8d4f58ee4961119b006c7246f033530ac8c6063318c2dfed3cd78c,CURRENT_SOURCE
index_archivos/js/datatable/Select-1.3.1/css/select.foundation.css,.css,4827,69e4c5baac775785f7f6b0c772db5b80dd65360e1d01cb2a4c10b2021996a6a2,CURRENT_SOURCE
index_archivos/js/datatable/Select-1.3.1/css/select.foundation.min.css,.css,4237,d15e2eeb30c43aaf057d94d0d582113632847a048596453921fce0a9c03d8056,CURRENT_SOURCE
index_archivos/js/datatable/Select-1.3.1/css/select.jqueryui.css,.css,4475,aff691fe1d12f85360d65554bcf7e79df776ecaec191c46ea9c06ea1fb574b61,CURRENT_SOURCE
index_archivos/js/datatable/Select-1.3.1/css/select.jqueryui.min.css,.css,3919,9c5375476f8d4f58ee4961119b006c7246f033530ac8c6063318c2dfed3cd78c,CURRENT_SOURCE
index_archivos/js/datatable/Select-1.3.1/css/select.semanticui.css,.css,4843,34cbf2d4b0e8c81b0212fd283f6ff12a84226c50ca8a535a13af6dc8844a556b,CURRENT_SOURCE
index_archivos/js/datatable/Select-1.3.1/css/select.semanticui.min.css,.css,4221,f8b22f701254073212d63503a72dbe2650d07b1f11510ad101a76c88d48e9aa7,CURRENT_SOURCE
index_archivos/js/datatable/Select-1.3.1/js/dataTables.select.js,.js,33803,4fe7c824669fd05447653df5187f277545290a135083f91219e96d167f722e03,CURRENT_SOURCE
index_archivos/js/datatable/Select-1.3.1/js/dataTables.select.min.js,.js,12588,b9a9de3ae2493b8a8ab649cc96059f2bc53688f0f6085606a6585c5f3886435e,CURRENT_SOURCE
index_archivos/js/datatable/Select-1.3.1/js/select.bootstrap.js,.js,868,2cdc8d52dbd9d65b9ac43e463b0ca1899afa49e94e2a86e71285ebdef6f6848f,CURRENT_SOURCE
index_archivos/js/datatable/Select-1.3.1/js/select.bootstrap.min.js,.js,541,ea12be2109237fddf7fa36a8bd9226ca5ab8c35df9c275eab3a69a4483a8d9f8,CURRENT_SOURCE
index_archivos/js/datatable/Select-1.3.1/js/select.bootstrap4.js,.js,870,a49d937052ccf10070c72e06d82e8a9e51f96a4ad9fb81d2f2f9dbdac1aa9ffe,CURRENT_SOURCE
index_archivos/js/datatable/Select-1.3.1/js/select.bootstrap4.min.js,.js,543,ba8b0b37df30005a0655729eaf0362c1895a35e115cf6e98a5540f8a5ad9f1e7,CURRENT_SOURCE
index_archivos/js/datatable/Select-1.3.1/js/select.dataTables.js,.js,867,ca3d444276833cca89ef661fc4197c39557fe1fe8025333f2a713cc115a405aa,CURRENT_SOURCE
index_archivos/js/datatable/Select-1.3.1/js/select.foundation.js,.js,867,a1d312b55bcc77f5e5d719d7daed1fffb13e1f4430b3417db840e41c3d0f49ce,CURRENT_SOURCE
index_archivos/js/datatable/Select-1.3.1/js/select.foundation.min.js,.js,540,f7275a59da5ba8cf6834666dd7f7944d004075a84468b900f594abf0de12120e,CURRENT_SOURCE
index_archivos/js/datatable/Select-1.3.1/js/select.jqueryui.js,.js,870,6dd45cf926e419eda8726236481bd2da5ac81fce6bea49457d2b2d2e0add148a,CURRENT_SOURCE
index_archivos/js/datatable/Select-1.3.1/js/select.jqueryui.min.js,.js,543,e21804e4ddd1182a73dde167a79adfa96cb0830518cf5e05058d534bd1ec01fd,CURRENT_SOURCE
index_archivos/js/datatable/Select-1.3.1/js/select.semanticui.js,.js,867,6f304679025fe5f3f5d0f942f9844dcf0cd044487f6b81e148f458a3ec897f58,CURRENT_SOURCE
index_archivos/js/datatable/Select-1.3.1/js/select.semanticui.min.js,.js,540,f5d14f77738969c2b2e24aa9f883113e3863628bd14e77bafdc1a4a757f4f489,CURRENT_SOURCE
index_archivos/js/datatable/datatables.css,.css,56561,eae5a8dcd9769d6a50e63514841f66e32026d5f8801661917d541485b6a13f61,CURRENT_SOURCE
index_archivos/js/datatable/datatables.js,.js,4181164,94ed974eea0d2ac2ba680c4055213f31a370cf87503d3d97b2441a8912d6fe3b,CURRENT_SOURCE
index_archivos/js/datatable/datatables.min.css,.css,40882,4cfa4d7cdaca5e3fa39a25006db16e1faea7d5a9a541cb2699bd2388a29b43d6,CURRENT_SOURCE
index_archivos/js/datatable/datatables.min.js,.js,2242182,cc177f0da8576f61bdbc41ede126164f77ecd3107bdb644c5d515e67d36eda99,CURRENT_SOURCE
index_archivos/js/datatable/es.json,.json,1012,19f43050217eee0ffa40cc0327e5a4525693f2e2216f016686f592e5ef7cf780,CURRENT_SOURCE
index_archivos/js/datatable/pdfmake-0.1.36/pdfmake.js,.js,1969377,dd8d92944608afd6e26b15ac71b676902e26302d8e735cda5ebbbd209ca903ba,CURRENT_SOURCE
index_archivos/js/datatable/pdfmake-0.1.36/pdfmake.min.js,.js,970390,3d64409b66cac2bd7fac778e5e9157b109e4f676065d39c84283703403463d91,CURRENT_SOURCE
index_archivos/js/datatable/pdfmake-0.1.36/vfs_fonts.js,.js,870289,c2f1ff513843fdf543eaccf56c0597ec90d6e4dc754c17617a05fc2075f6d210,CURRENT_SOURCE
index_archivos/js/datatables.js,.js,389607,6d16f6f4b7adbc603848f4668fa042a9a8d70081304db2aabfdd19d994e2cd93,CURRENT_SOURCE
index_archivos/js/ext-all-debug.js,.js,3056271,7ec817ea9afef4c80e8a935850b4815771863232c0f13434bd4bff11dee7ca4e,CURRENT_SOURCE
index_archivos/js/ext-all.js,.js,1289581,4aa6540cd94df2da280cd5be2e37e73ff285a453b3f8796564d124b7a064325a,CURRENT_SOURCE
index_archivos/js/ext-lang-es.js,.js,11132,cac08acd9e282dc3b26ec9bcfd4a4fe383efb91b2330d822dcf686aa8c20499a,CURRENT_SOURCE
index_archivos/js/fValidate/fValidate - Reference.chm,.chm,42185,547894d966065d08e9b734bf06e108b93ab662cafc9bb7c1b7ccc8c920e17960,CURRENT_SOURCE
index_archivos/js/fValidate/fValidate API.chm,.chm,29229,298266e80b7e79ceda87d52dcfc33101fa18dd513fa16d26fe625a941d9fa944,CURRENT_SOURCE
index_archivos/js/fValidate/fValidate.basic.js,.js,1103,ec1501bee1ac1ac0369f9bb255542fb54f7ae93c41dd64af4f6fbb4924f36c03,CURRENT_SOURCE
index_archivos/js/fValidate/fValidate.config.js,.js,2380,a3f20d53f8c78b83a98fc07607734396602df926a2081492e9eb47ebb3cbe31e,CURRENT_SOURCE
index_archivos/js/fValidate/fValidate.controls.js,.js,3324,e08c24f32bf9aef8de68723839b674f2af38934a1cd3d321017605dff25e7b81,CURRENT_SOURCE
index_archivos/js/fValidate/fValidate.core.js,.js,23881,c8155dbba8d1f56082d52621fce26fdf3d1605e50c2fe8749cd442cb59ea22e9,CURRENT_SOURCE
index_archivos/js/fValidate/fValidate.datetime.js,.js,2536,98ce841acddfd8574fa3b73a184f580dc49e1b42caf4f9208c01b235ce090946,CURRENT_SOURCE
index_archivos/js/fValidate/fValidate.ecommerce.js,.js,4201,76334fb14d151e716fb853948c4ab4e1bf9500c8d390db2e34f2be288f915d4a,CURRENT_SOURCE
index_archivos/js/fValidate/fValidate.extended.js,.js,3008,088e9beee718176b1a43f6e38f6f5d47ab89504f100f04ee53d356cdf0b78fc0,CURRENT_SOURCE
index_archivos/js/fValidate/fValidate.international.js,.js,1528,c4d6de90d9a8fdefac028224a9e69ebfd2ed34fc97a131024e49605ca2e8d46b,CURRENT_SOURCE
index_archivos/js/fValidate/fValidate.lang-enUS.js,.js,6073,788a1a5034b6498bdfc1755b85ee6e98066547d3ce57aa4d081a1ac35f761c79,CURRENT_SOURCE
index_archivos/js/fValidate/fValidate.logical.js,.js,3799,2f578c288a2aa5d711c17843fdf550806f4fa8159921886f64c7c1999e84aea8,CURRENT_SOURCE
index_archivos/js/fValidate/fValidate.numbers.js,.js,2845,ba5a74e52823f007ad730eb105e3265bb46e43b47b470cd15b3b54ef1bf09c9b,CURRENT_SOURCE
index_archivos/js/fValidate/fValidate.server.php,.php,1917,00bc4f700364a982011ae757df07e3635405ab412be69fc9350fc5ecd2e8e632,CURRENT_SOURCE
index_archivos/js/fValidate/fValidate.special.js,.js,772,babff5fce62f4fd964b7cd9dd5156eab8a408bf84e9d8f7a2af0f0e41e34c73d,CURRENT_SOURCE
index_archivos/js/fValidate/fValidate.validators.js,.js,24240,e55e79c0f783049e0ffb0bb316f6b05dfdf2d93002b0a43b6cf31fa9e3480be9,CURRENT_SOURCE
index_archivos/js/fValidate/fValidate.web.js,.js,2004,14caf6361e6fc9f9541f6544fc0ec51dd81560d9171656c58ee5830956f67de4,CURRENT_SOURCE
index_archivos/js/fValidate/readme.txt,.txt,130,23e950a8ceb6329bd1c4a52fc30b402078c0afe884cced596eda08d549547e31,CURRENT_SOURCE
index_archivos/js/formularios.js,.js,4825,8da5fcd287d7a644908387a34c9789af6294dcbd84667f9a9d74904b43fa159a,CURRENT_SOURCE
index_archivos/js/formularios.php,.php,67168,177130818680670d5606f20a06e9e8abc3c906b1da58a2733681955b1545d83e,CURRENT_SOURCE
index_archivos/js/formulariosA.php,.php,66122,e6cd58673fc07e4f25bbbad4033b559e8fbb3d36fde9f7ed7bb46c04077c42a7,CURRENT_SOURCE
index_archivos/js/formulariosB.php,.php,65454,994e8fde0e9bb708b2f14ccb39ba91ddae8521f3f30296dc6fbf3a444b585c7d,CURRENT_SOURCE
index_archivos/js/formulariosR.js,.js,4806,0766f7f4ae876c24ca6396617e3b03376e6226a10a41c0eaba1c0c8fe624eaf5,CURRENT_SOURCE
index_archivos/js/formulariosR.php,.php,66441,2dfdec8577c373a0c92d5ba6fc915f5218a7c7e317fd5bd7c1c825271abfeea0,CURRENT_SOURCE
index_archivos/js/formulariosfecha.js,.js,9491,1a3228073685a55d8b66a1f30ba3c4f9e38fd455120d9d6bf49d140eadc9daa1,CURRENT_SOURCE
index_archivos/js/formulariosxls.php,.php,1483,dc58964a66c51eb5cc667d888d5823fb5bc59cc4182f6bfe34e6b862882d6a40,CURRENT_SOURCE
index_archivos/js/functions.js,.js,657,b3fda318c13445f4ae782deaa00a984d35907fbe8e67080f164fc78a1b66117f,CURRENT_SOURCE
index_archivos/js/ieplaceholder.js,.js,4322,265dbde434a8f4a7ab3ccfa5b54a1599cae0ad605189981b923a025f02df4964,CURRENT_SOURCE
index_archivos/js/images/asc.gif,.gif,48,787d58c463dffde022570e619dc7c37386a7ddc709b8709720eca619b7a17423,CURRENT_SOURCE
index_archivos/js/images/desc.gif,.gif,48,58e2f31fb9114b6447fc34356c28165a089bfcefaa485377f068f9d60e09453c,CURRENT_SOURCE
index_archivos/js/images/sort.gif,.gif,52,f3f118d2f540fc241b2a89b270db378f7df82f6fb6dbea279bf24b27d37ad456,CURRENT_SOURCE
index_archivos/js/inicio_cbn.js,.js,31544,8fbd3094bbb2ee828e9f488ed51d0ff5cfa782344a19c36ca2c9facb9d268d53,CURRENT_SOURCE
index_archivos/js/jquery-ui-1.10.3.custom.js,.js,72938,a44fd70f57ec20ee30e73d6b428ed96d722e55374d347a81bdbe7667d52fb5a2,CURRENT_SOURCE
index_archivos/js/jquery-ui-1.10.3.custom2.js,.js,72931,d6ccb450c643e2684054587b273b28aa1a7f2126b1e176168a93ef9495bae4e5,CURRENT_SOURCE
index_archivos/js/jquery-ui.js,.js,450782,3319e4bf0aede30dda467bb8add078b8d67d4f4a5acff3ad10b2bd13dd2f8e78,CURRENT_SOURCE
index_archivos/js/jquery.easyui.min.js,.js,320953,1835fb2146c4cdd62a34cd235cf41f6df408143f248411ac6b2b5cb90ae21a30,CURRENT_SOURCE
index_archivos/js/jquery.edatagrid.js,.js,8948,dd58a2c3a7e096e7c627723c883fba65af172659bdf4a1c12b6e4c46c7c78929,CURRENT_SOURCE
index_archivos/js/jquery.js,.js,277978,eb6c63da87c0cbe25a1ee49f9d501aa0b362d4aa5a73416925393e5a50c27b05,CURRENT_SOURCE
index_archivos/js/jquery.min.js,.js,85275,068f766895a8366592283006b0203960a5259a49f4d2e0326ba3dccf8fbdba80,CURRENT_SOURCE
index_archivos/js/jquery.tablesorter.js,.js,40914,8c09198efc698b648a1a8407ce6ded84e29c84619bbbf30b5a3e0044de2c3568,CURRENT_SOURCE
index_archivos/js/jquery.tokeninput.js,.js,28498,bb73615627d39e8d8227e743a19d62d9cb7295858bbd73ef1dbfa74ffe35220d,CURRENT_SOURCE
index_archivos/js/jquery.ui.autocomplete.js,.js,16705,d19e22d3d90cc90669c544d6d8fb2ecc62a613b1df8514cc2310a90a3cdddade,CURRENT_SOURCE
index_archivos/js/jquery.ui.button.js,.js,10306,aef3f096ab24738b841849c5436a40811a387275623d22f3ab6f5cb01dff68f6,CURRENT_SOURCE
index_archivos/js/jquery.ui.core.js,.js,8418,17f586ba8bdbcd8aaf0ea00ce2960c85ac0d4d131753c27ef2e5510d901aa7bf,CURRENT_SOURCE
index_archivos/js/jquery.ui.position.js,.js,7587,55e8cbb948f7cbe4cf2cf3b22a1cc379ad00bf2079d0322b6a1249b149ec94a5,CURRENT_SOURCE
index_archivos/js/jquery.ui.widget.js,.js,7124,881a2abe56236571ddaf0bdfb04a5676e2c607e7698de9c1c2c9112d55265633,CURRENT_SOURCE
index_archivos/js/jquery.validate.js,.js,40182,f56640a8e9c762e7a368183b078b9fe9da21c51d034e979c035c241641eb724a,CURRENT_SOURCE
index_archivos/js/jquery.validate.min.js,.js,24379,ea335e1de5f7b3743ec647c1f18cd6bebfa0c5bcc82028f0470ab3cea213bbc4,CURRENT_SOURCE
index_archivos/js/kendo.web.min.js,.js,576231,40aee05aa7ec14cd7c939dc88a423ce580d970369eae70100ad8a70f0c7f0f7e,CURRENT_SOURCE
index_archivos/js/loadingoverlay.js,.js,29654,429894d1a5f20419481dd36e2875ea293edcff806a732d33ce3eeba62233919a,CURRENT_SOURCE
index_archivos/js/moment.js,.js,556128,4a7738b78bd89aa8c090c5c3fbfe0337d36950d2bc179bff89448de93ce170de,CURRENT_SOURCE
index_archivos/js/numerosliteral.php,.php,6901,b7e0e3a5f0dda20deeeb94722128e5545213ab9d7219b2f41b8baba412d97090,CURRENT_SOURCE
index_archivos/js/rules.umd.min.js,.js,11213,f416a059571037e693c8ce72a665d39d85365b288c0bbc9549065b82927ffc99,CURRENT_SOURCE
index_archivos/js/script.js,.js,1763,553c121c2b90d9a5090d08ed0faa9a0fd406388de6b3a1b159e0dc3337f5c69c,CURRENT_SOURCE
index_archivos/js/scripts/demos.js,.js,2423,1dd081615d772da00d9afe76d08870635b887223dd345c7edbcbbc96a3d9232e,CURRENT_SOURCE
index_archivos/js/scripts/documentation.js,.js,2645,f8b2587518cac0ad99b7831387030deba045564d090ae8736713ab4e7a82f7b9,CURRENT_SOURCE
index_archivos/js/scripts/format.js,.js,1883,0c0d7e17e09ec2be5a49fdebb0a65b44880aa54f6f0c38c12ab501263db5c727,CURRENT_SOURCE
index_archivos/js/scripts/jquery-1.10.2.min.js,.js,93113,29c9e8752f25b17961e3c6ff72de34b1f1a157dfc5fabb68bd148b8ec9002b17,CURRENT_SOURCE
index_archivos/js/scripts/jquery-1.10.2.min.map,.map,140036,3b5c544e238a129e2b7296ad731f8963ea092843967a4bbc2d748e471ae115b9,CURRENT_SOURCE
index_archivos/js/scripts/jquery-2.0.2.min.js,.js,83507,255300d45781f022294677c12c19406f2cbc3ea4f8865794ee8b04ffebaf3d7f,CURRENT_SOURCE
index_archivos/js/scripts/json2.js,.js,18008,47ce357319c696c73ccbdb7a3cc23776348e3c0796cc953135e87319dc314014,CURRENT_SOURCE
index_archivos/js/scripts/knockout-2.2.1.js,.js,41024,db4cc66c6e3a950c0c8916318bd9daa8de0ad7fbb42cb6bb341e15e3a035f82f,CURRENT_SOURCE
index_archivos/js/scripts/knockout-mapping-2.0.0.js,.js,10108,17bd1c524fcf69d4c2997b40ef9f31f12acc814d00c2363c800d0bcbfd631b7d,CURRENT_SOURCE
index_archivos/js/spreadsjs/css/arctic/images/ui-bg_flat_0_aaaaaa_40x100.png,.png,180,9a8492a580bf85d3e98ae8861fbd45567e5a1f83eeafcf9574da0399d5f602ab,CURRENT_SOURCE
index_archivos/js/spreadsjs/css/arctic/images/ui-bg_flat_75_ffffff_40x100.png,.png,178,39ab7ccd9f4e82579da78a9241265df288d8eb65dbbd7cf48aed2d0129887df5,CURRENT_SOURCE
index_archivos/js/spreadsjs/css/arctic/images/ui-bg_glass_55_fbf9ee_1x400.png,.png,120,691597e8a40a891ea94d3589976ecfc33e6145c49422443b00ac2b5a0022964c,CURRENT_SOURCE
index_archivos/js/spreadsjs/css/arctic/images/ui-bg_glass_65_ffffff_1x400.png,.png,3145,ca217920c3079742e18bca1cd80b52d0856fc131cb79a5153e5d201cf3766ff4,CURRENT_SOURCE
index_archivos/js/spreadsjs/css/arctic/images/ui-bg_glass_75_dadada_1x400.png,.png,111,c108f5cbf2dd9ec07a26530695ddd95e1664597ce6c056ae44c162cc2e28cec4,CURRENT_SOURCE
index_archivos/js/spreadsjs/css/arctic/images/ui-bg_glass_75_e6e6e6_1x400.png,.png,110,ddf5dd4e0ef2b185e8bb0af7b6e90ebe74a84384cb4700658e76e754c8bfe550,CURRENT_SOURCE
index_archivos/js/spreadsjs/css/arctic/images/ui-bg_glass_95_fef1ec_1x400.png,.png,119,f6f1c1bedf1a0f37cfef81d12f5f012869d1ee7c984775a569827a1784d34f5c,CURRENT_SOURCE
index_archivos/js/spreadsjs/css/arctic/images/ui-bg_highlight-soft_75_cccccc_1x100.png,.png,3073,a84cb672d2f15dcc0ec1bf8053ffcc21351dde161d36b31e9db724dcd58d0d2e,CURRENT_SOURCE
index_archivos/js/spreadsjs/css/arctic/images/ui-bg_smooth_75_e6e6e6_1x400.png,.png,2998,e0323ee90dced7ce6fe2f508a22ae8a22ead2058503329b5170edef7f846cc65,CURRENT_SOURCE
index_archivos/js/spreadsjs/css/arctic/images/ui-bg_smooth_75_fafafa_1x400.png,.png,2997,a6d8639f4cb3f827c73f9df73b76967a52a5cbca49c826b90363d00fc3966a7b,CURRENT_SOURCE
index_archivos/js/spreadsjs/css/arctic/images/ui-icons_222222_256x240.png,.png,4369,a2ccfdc001858222885a9df39200840ac7a3f479ba889727d32a10398db7918a,CURRENT_SOURCE
index_archivos/js/spreadsjs/css/arctic/images/ui-icons_2e83ff_256x240.png,.png,4369,4f907b912e024625d36b8af307f1043e6ebc97074e31216175d14bb74c370dc3,CURRENT_SOURCE
index_archivos/js/spreadsjs/css/arctic/images/ui-icons_454545_256x240.png,.png,4369,cb36e80beaf2a527d463da552a5c679a46c4ff8c881318a194bb0ccb61cb2d5c,CURRENT_SOURCE
index_archivos/js/spreadsjs/css/arctic/images/ui-icons_888888_256x240.png,.png,4369,a42b23e21050a0f0f90c1f7a443b8087a409771611eae402861959a793be38e8,CURRENT_SOURCE
index_archivos/js/spreadsjs/css/arctic/images/ui-icons_cd0a0a_256x240.png,.png,4369,53f9f6be37d5c395c125a53dbf39c697fc3e5fd44a5f09f0d99710910f840dd6,CURRENT_SOURCE
index_archivos/js/spreadsjs/css/arctic/images/wijmo-ui-icons_000000_240x112.png,.png,10638,b79d0520a4123730e1397ad5f1cbd54a9203554d7ea4f8de459c386d2406dce4,CURRENT_SOURCE
index_archivos/js/spreadsjs/css/arctic/images/wijmo-ui-icons_ffffff_240x112.png,.png,10731,4e5ebe20c63a54da8b2b1ecd0ce1118548944b374944234523fb897481020e86,CURRENT_SOURCE
index_archivos/js/spreadsjs/css/arctic/jquery-wijmo.css,.css,52013,2366cceaec6a511906b429ed267ceab1a9583db987b8045cad0587b01d5da271,CURRENT_SOURCE
index_archivos/js/spreadsjs/css/aristo/images/scrollbar-horizontal.png,.png,2856,3693c33c12f0c5f3d64e0fb2ce7a39acbbdc4cf80c962771ed636dd73588f54b,CURRENT_SOURCE
index_archivos/js/spreadsjs/css/aristo/images/scrollbar-vertical.png,.png,2851,d7b6ee1f40adaecdfd0a7543bc84f79679e62c852a912eca39b34a583cbdcf95,CURRENT_SOURCE
index_archivos/js/spreadsjs/css/aristo/images/scrollbutton-vertical.png,.png,2850,9bdf12256c7fdbd643cfee8cfd56f9330707af327e8375eaf9ce93b6394799ea,CURRENT_SOURCE
index_archivos/js/spreadsjs/css/aristo/images/scroller-down-arrow.png,.png,3170,bd773f4e40e398be197d314393d2735e5da4aa6c65082089c5f77baffd3b66b8,CURRENT_SOURCE
index_archivos/js/spreadsjs/css/aristo/images/scroller-down-arrow_hover.png,.png,3179,caf535b070ec270fdc3ca454354017293c8c50750cc2c44c5b34113127a65fd7,CURRENT_SOURCE
index_archivos/js/spreadsjs/css/aristo/images/scroller-left-arrow.png,.png,3183,e812dc4802bc2a585af61e057c2d6b1adcb42ee56dde00910472052a292a16d4,CURRENT_SOURCE
index_archivos/js/spreadsjs/css/aristo/images/scroller-left-arrow_hover.png,.png,3197,afbfe1f2e077f42c843f9a7a2d1ddccf3e24b542b702ed6e6f1bd5fbf57f03b7,CURRENT_SOURCE
index_archivos/js/spreadsjs/css/aristo/images/scroller-right-arrow.png,.png,3178,09d22a60d63bc1157c14ee039fde1024bf795faddae76484439daae74ebb9ad7,CURRENT_SOURCE
index_archivos/js/spreadsjs/css/aristo/images/scroller-right-arrow_hover.png,.png,3197,dcef9b9151e1516e14ab5ad9dbf02cb746952314fccadd250c31246a2afa86b3,CURRENT_SOURCE
index_archivos/js/spreadsjs/css/aristo/images/scroller-up-arrow.png,.png,3231,522c773d998a7c65b415fb3e4fc35209a4059ee6abcbc68c528efd1a9324ec02,CURRENT_SOURCE
index_archivos/js/spreadsjs/css/aristo/images/scroller-up-arrow_hover.png,.png,3222,891b67bea45dd86c33930e4b211f80962f8687e0fc734eebff11c0067343f690,CURRENT_SOURCE
index_archivos/js/spreadsjs/css/aristo/images/ui-bg_flat_0_2d5972_40x100.png,.png,183,e5b1fe33d1523f234c6a1656f536d56f9a399bacc8d30fb272ff7a03f2771112,CURRENT_SOURCE
index_archivos/js/spreadsjs/css/aristo/images/ui-bg_flat_0_4f4f4f_40x100.png,.png,180,fcab80edab9a6bf574e1549a3abb21da8824e2667f30ce22fa753448c8e0de6c,CURRENT_SOURCE
index_archivos/js/spreadsjs/css/aristo/images/ui-bg_highlight-hard_80_c4c4c4_1x100.png,.png,2822,38a3d83f17865002fc344faf86c0f691a2ad47080c48ac42dfe90c6e3a32402a,CURRENT_SOURCE
index_archivos/js/spreadsjs/css/aristo/images/ui-bg_highlight-soft_100_83b0ca_1x100.png,.png,3014,1440a7239c5360518fe6cf9d58e3feae855e14eccf243bd4fd1d6939b301e996,CURRENT_SOURCE
index_archivos/js/spreadsjs/css/aristo/images/ui-bg_highlight-soft_100_c0c0c0_1x100.png,.png,3000,65f98bd8560a6282262eba5ce36cfe6d0f59fc4ee721c6f814678b738d989b67,CURRENT_SOURCE
index_archivos/js/spreadsjs/css/aristo/images/ui-bg_highlight-soft_100_c4c4c4_1x100.png,.png,2822,38a3d83f17865002fc344faf86c0f691a2ad47080c48ac42dfe90c6e3a32402a,CURRENT_SOURCE
index_archivos/js/spreadsjs/css/aristo/images/ui-bg_highlight-soft_100_ccccd1_1x100.png,.png,3060,fc5c39c0219b7f45f5804bdd9149824d6fd3bcca6147988ec63a959d951f2535,CURRENT_SOURCE
index_archivos/js/spreadsjs/css/aristo/images/ui-bg_inset-hard_65_85b2cb_1x100.png,.png,2832,03371a720098ba8725f72e11b540fce0ca72ce521b1630b3c2535aa0ebae01a2,CURRENT_SOURCE
index_archivos/js/spreadsjs/css/aristo/images/ui-bg_inset-soft_95_fef1ec_1x100.png,.png,123,5b585a531724e7297e277fad87f9abba462d4ab8879827f3105b36d7f5a380f6,CURRENT_SOURCE
index_archivos/js/spreadsjs/css/aristo/images/ui-icons_2e83ff_256x240.png,.png,4369,4f907b912e024625d36b8af307f1043e6ebc97074e31216175d14bb74c370dc3,CURRENT_SOURCE
index_archivos/js/spreadsjs/css/aristo/images/ui-icons_38667f_256x240.png,.png,4369,fcb711a43db7ef30b26bb345e75ba3a2094ab533f35247b694cb8571d98581d0,CURRENT_SOURCE
index_archivos/js/spreadsjs/css/aristo/images/ui-icons_616161_256x240.png,.png,4369,d3f37f25aacc49847a17a47ca366a4870acb282b8dd5a2f71b23aac57bc36f08,CURRENT_SOURCE
index_archivos/js/spreadsjs/css/aristo/images/ui-icons_898989_256x240.png,.png,5355,ecc032172e5af66f1906fcd0b707143be278ef5061c5db6326df4dc0f2aba021,CURRENT_SOURCE
index_archivos/js/spreadsjs/css/aristo/images/ui-icons_cd0a0a_256x240.png,.png,4369,53f9f6be37d5c395c125a53dbf39c697fc3e5fd44a5f09f0d99710910f840dd6,CURRENT_SOURCE
index_archivos/js/spreadsjs/css/aristo/images/ui-icons_ffffff_256x240.png,.png,4369,5481ff09a63fde681b23c842a9acd3181b6998dc711f675c529f028dd3020ad5,CURRENT_SOURCE
index_archivos/js/spreadsjs/css/aristo/images/vertical-menu-item.png,.png,3079,ded8b9830e0df6cfabdb2bfeef19943b107ac475315ee59f135f3f3b5767a818,CURRENT_SOURCE
index_archivos/js/spreadsjs/css/aristo/images/wijmo-ui-icons_000000_240x112.png,.png,10638,b79d0520a4123730e1397ad5f1cbd54a9203554d7ea4f8de459c386d2406dce4,CURRENT_SOURCE
index_archivos/js/spreadsjs/css/aristo/images/wijmo-ui-icons_ffffff_240x112.png,.png,10731,4e5ebe20c63a54da8b2b1ecd0ce1118548944b374944234523fb897481020e86,CURRENT_SOURCE
index_archivos/js/spreadsjs/css/aristo/jquery-wijmo.css,.css,72215,5e2f3f26166b76e195fa57d84621aa74fb92f7a9d68be01d3e90279296b8b4a1,CURRENT_SOURCE
index_archivos/js/spreadsjs/css/bootstrap/images/ui-bg_flat_0_aaaaaa_40x100.png,.png,180,9a8492a580bf85d3e98ae8861fbd45567e5a1f83eeafcf9574da0399d5f602ab,CURRENT_SOURCE
index_archivos/js/spreadsjs/css/bootstrap/images/ui-bg_glass_55_fbf9ee_1x400.png,.png,120,691597e8a40a891ea94d3589976ecfc33e6145c49422443b00ac2b5a0022964c,CURRENT_SOURCE
index_archivos/js/spreadsjs/css/bootstrap/images/ui-bg_glass_65_ffffff_1x400.png,.png,105,f0e6cd91b837d5c5644d026e5ffeccd907953317cd5c0f689901733afda260b2,CURRENT_SOURCE
index_archivos/js/spreadsjs/css/bootstrap/images/ui-bg_glass_75_dadada_1x400.png,.png,111,c108f5cbf2dd9ec07a26530695ddd95e1664597ce6c056ae44c162cc2e28cec4,CURRENT_SOURCE
index_archivos/js/spreadsjs/css/bootstrap/images/ui-bg_glass_75_e6e6e6_1x400.png,.png,110,ddf5dd4e0ef2b185e8bb0af7b6e90ebe74a84384cb4700658e76e754c8bfe550,CURRENT_SOURCE
index_archivos/js/spreadsjs/css/bootstrap/images/ui-bg_glass_75_ffffff_1x400.png,.png,107,2f5ecbbd2965ce36b5b47226f59485bd4fbdf038c460b082a2cdb6dcec01ff4d,CURRENT_SOURCE
index_archivos/js/spreadsjs/css/bootstrap/images/ui-bg_highlight-soft_75_cccccc_1x100.png,.png,101,54270656df079c4da5182629a080fc633b6f84b87985eb016d25a560e2c38d4a,CURRENT_SOURCE
index_archivos/js/spreadsjs/css/bootstrap/images/ui-bg_inset-soft_95_fef1ec_1x100.png,.png,123,5b585a531724e7297e277fad87f9abba462d4ab8879827f3105b36d7f5a380f6,CURRENT_SOURCE
index_archivos/js/spreadsjs/css/bootstrap/images/ui-icons_222222_256x240.png,.png,4369,a2ccfdc001858222885a9df39200840ac7a3f479ba889727d32a10398db7918a,CURRENT_SOURCE
index_archivos/js/spreadsjs/css/bootstrap/images/ui-icons_2e83ff_256x240.png,.png,4369,4f907b912e024625d36b8af307f1043e6ebc97074e31216175d14bb74c370dc3,CURRENT_SOURCE
index_archivos/js/spreadsjs/css/bootstrap/images/ui-icons_454545_256x240.png,.png,4369,cb36e80beaf2a527d463da552a5c679a46c4ff8c881318a194bb0ccb61cb2d5c,CURRENT_SOURCE
index_archivos/js/spreadsjs/css/bootstrap/images/ui-icons_888888_256x240.png,.png,4369,a42b23e21050a0f0f90c1f7a443b8087a409771611eae402861959a793be38e8,CURRENT_SOURCE
index_archivos/js/spreadsjs/css/bootstrap/images/ui-icons_cd0a0a_256x240.png,.png,4369,53f9f6be37d5c395c125a53dbf39c697fc3e5fd44a5f09f0d99710910f840dd6,CURRENT_SOURCE
index_archivos/js/spreadsjs/css/bootstrap/images/ui-icons_f6cf3b_256x240.png,.png,8884,14f31a14a6be5471828aa900b541e125456013941d82b88fe0cb712c36563758,CURRENT_SOURCE
index_archivos/js/spreadsjs/css/bootstrap/jquery-ui.css,.css,62588,d3d2a60f61b59abc8b199e1dbfac7e55240bd76ad24ac020b7555b04e1db80ae,CURRENT_SOURCE
index_archivos/js/spreadsjs/css/cobalt/images/ui-bg_flat_0_aaaaaa_40x100.png,.png,180,9a8492a580bf85d3e98ae8861fbd45567e5a1f83eeafcf9574da0399d5f602ab,CURRENT_SOURCE
index_archivos/js/spreadsjs/css/cobalt/images/ui-bg_glass_55_b3c4d8_500x100.png,.png,3026,526e5f7c09ca7ef61f57cfb4229315a55438ea2c8ff7e7b9f92df49abe53314f,CURRENT_SOURCE
index_archivos/js/spreadsjs/css/cobalt/images/ui-bg_glass_75_fef1bd_1x400.png,.png,3353,c7ef1512a19dc81e14a8815ce4fb940a55826d26880c4dfff53c83dcf0048d2e,CURRENT_SOURCE
index_archivos/js/spreadsjs/css/cobalt/images/ui-bg_glass_85_dae6f4_1x400.png,.png,5439,feba073bffb485f9aa9da3af8008576800919a5a8077232ad16433219cc764e6,CURRENT_SOURCE
index_archivos/js/spreadsjs/css/cobalt/images/ui-bg_glass_95_fef1ec_1x400.png,.png,119,f6f1c1bedf1a0f37cfef81d12f5f012869d1ee7c984775a569827a1784d34f5c,CURRENT_SOURCE
index_archivos/js/spreadsjs/css/cobalt/images/ui-bg_inset-hard_100_fcfdfd_1x100.png,.png,88,d175ae345afe14519bca3ebe152a9f863e5116f8993a641c26f619f926436df0,CURRENT_SOURCE
index_archivos/js/spreadsjs/css/cobalt/images/ui-bg_inset-hard_100_ffe475_1x100.png,.png,3319,4eb9ee4e46dfb727c9ac662979a87bbcbb13dec16521125432e0b9888402d7aa,CURRENT_SOURCE
index_archivos/js/spreadsjs/css/cobalt/images/ui-icons_469bdd_256x240.png,.png,4369,f5afc40a1ef6eefbfc5a3a096fdd51ce0ab8af1b31b3a64caa5eb49d034b9149,CURRENT_SOURCE
index_archivos/js/spreadsjs/css/cobalt/images/ui-icons_6e6c56_256x240.png,.png,5355,486a255f29c4b7d14014e6497abd2e55f634038ec7e989cdb1e46046906776d9,CURRENT_SOURCE
index_archivos/js/spreadsjs/css/cobalt/images/ui-icons_cd0a0a_256x240.png,.png,4369,53f9f6be37d5c395c125a53dbf39c697fc3e5fd44a5f09f0d99710910f840dd6,CURRENT_SOURCE
index_archivos/js/spreadsjs/css/cobalt/images/wijmo-ui-icons_000000_240x112.png,.png,10638,b79d0520a4123730e1397ad5f1cbd54a9203554d7ea4f8de459c386d2406dce4,CURRENT_SOURCE
index_archivos/js/spreadsjs/css/cobalt/images/wijmo-ui-icons_ffffff_240x112.png,.png,10731,4e5ebe20c63a54da8b2b1ecd0ce1118548944b374944234523fb897481020e86,CURRENT_SOURCE
index_archivos/js/spreadsjs/css/cobalt/jquery-wijmo.css,.css,49684,2c24104428163b5cc5e918cac70feb94998f01ed2fa96396785009c5616d8bc3,CURRENT_SOURCE
index_archivos/js/spreadsjs/css/jquery.wijmo.wijspread.3.20151.16.css,.css,57565,78a224bc091d29ba5a8632af6d1cf412549c842c58c20e96258e06621629403b,CURRENT_SOURCE
index_archivos/js/spreadsjs/css/metro-dark/images/ui-bg_flat_0_aaaaaa_40x100.png,.png,180,9a8492a580bf85d3e98ae8861fbd45567e5a1f83eeafcf9574da0399d5f602ab,CURRENT_SOURCE
index_archivos/js/spreadsjs/css/metro-dark/images/ui-bg_flat_55_dabf2c_40x100.png,.png,214,200c7b8a1dd0a996f11ad13e9f06c7913f6a079cc1952948c7f791d1ec361be1,CURRENT_SOURCE
index_archivos/js/spreadsjs/css/metro-dark/images/ui-bg_flat_65_000000_40x100.png,.png,178,0e1ac198171a7efb4e331b0aa097a8aa1d4ebdbade5b29c4861bb422f95f1be7,CURRENT_SOURCE
index_archivos/js/spreadsjs/css/metro-dark/images/ui-bg_flat_75_000000_40x100.png,.png,178,0e1ac198171a7efb4e331b0aa097a8aa1d4ebdbade5b29c4861bb422f95f1be7,CURRENT_SOURCE
index_archivos/js/spreadsjs/css/metro-dark/images/ui-bg_flat_75_ffffff_40x100.png,.png,178,39ab7ccd9f4e82579da78a9241265df288d8eb65dbbd7cf48aed2d0129887df5,CURRENT_SOURCE
index_archivos/js/spreadsjs/css/metro-dark/images/ui-bg_flat_95_b91d1d_40x100.png,.png,212,51b01e27106ceacf804bfa36afc5970148acacf29ca402fb4cab43332509fcee,CURRENT_SOURCE
index_archivos/js/spreadsjs/css/metro-dark/images/ui-bg_glass_75_ffffff_1x400.png,.png,107,2f5ecbbd2965ce36b5b47226f59485bd4fbdf038c460b082a2cdb6dcec01ff4d,CURRENT_SOURCE
index_archivos/js/spreadsjs/css/metro-dark/images/ui-icons_000000_256x240.png,.png,4369,d865be82b479157081d25348921461c88edc52efb2502eee9c6c5fb2ab6e1d13,CURRENT_SOURCE
index_archivos/js/spreadsjs/css/metro-dark/images/ui-icons_ffffff_256x240.png,.png,4369,5481ff09a63fde681b23c842a9acd3181b6998dc711f675c529f028dd3020ad5,CURRENT_SOURCE
index_archivos/js/spreadsjs/css/metro-dark/images/wijmo-ui-icons_000000_240x112.png,.png,10638,b79d0520a4123730e1397ad5f1cbd54a9203554d7ea4f8de459c386d2406dce4,CURRENT_SOURCE
index_archivos/js/spreadsjs/css/metro-dark/images/wijmo-ui-icons_ffffff_240x112.png,.png,10731,4e5ebe20c63a54da8b2b1ecd0ce1118548944b374944234523fb897481020e86,CURRENT_SOURCE
index_archivos/js/spreadsjs/css/metro-dark/jquery-wijmo.css,.css,42530,f614a939db64f288e0087db5c45c07bbd4737ba5bd470dfecd333db199f51d5c,CURRENT_SOURCE
index_archivos/js/spreadsjs/css/metro/images/ui-bg_flat_0_aaaaaa_40x100.png,.png,180,9a8492a580bf85d3e98ae8861fbd45567e5a1f83eeafcf9574da0399d5f602ab,CURRENT_SOURCE
index_archivos/js/spreadsjs/css/metro/images/ui-bg_flat_55_dabf2c_40x100.png,.png,214,200c7b8a1dd0a996f11ad13e9f06c7913f6a079cc1952948c7f791d1ec361be1,CURRENT_SOURCE
index_archivos/js/spreadsjs/css/metro/images/ui-bg_flat_65_000000_40x100.png,.png,178,0e1ac198171a7efb4e331b0aa097a8aa1d4ebdbade5b29c4861bb422f95f1be7,CURRENT_SOURCE
index_archivos/js/spreadsjs/css/metro/images/ui-bg_flat_75_000000_40x100.png,.png,178,0e1ac198171a7efb4e331b0aa097a8aa1d4ebdbade5b29c4861bb422f95f1be7,CURRENT_SOURCE
index_archivos/js/spreadsjs/css/metro/images/ui-bg_flat_75_ffffff_40x100.png,.png,178,39ab7ccd9f4e82579da78a9241265df288d8eb65dbbd7cf48aed2d0129887df5,CURRENT_SOURCE
index_archivos/js/spreadsjs/css/metro/images/ui-bg_flat_95_b91d1d_40x100.png,.png,212,51b01e27106ceacf804bfa36afc5970148acacf29ca402fb4cab43332509fcee,CURRENT_SOURCE
index_archivos/js/spreadsjs/css/metro/images/ui-bg_glass_75_ffffff_1x400.png,.png,107,2f5ecbbd2965ce36b5b47226f59485bd4fbdf038c460b082a2cdb6dcec01ff4d,CURRENT_SOURCE
index_archivos/js/spreadsjs/css/metro/images/ui-icons_000000_256x240.png,.png,4369,d865be82b479157081d25348921461c88edc52efb2502eee9c6c5fb2ab6e1d13,CURRENT_SOURCE
index_archivos/js/spreadsjs/css/metro/images/ui-icons_ffffff_256x240.png,.png,4369,5481ff09a63fde681b23c842a9acd3181b6998dc711f675c529f028dd3020ad5,CURRENT_SOURCE
index_archivos/js/spreadsjs/css/metro/images/wijmo-ui-icons_000000_240x112.png,.png,10638,b79d0520a4123730e1397ad5f1cbd54a9203554d7ea4f8de459c386d2406dce4,CURRENT_SOURCE
index_archivos/js/spreadsjs/css/metro/images/wijmo-ui-icons_ffffff_240x112.png,.png,10731,4e5ebe20c63a54da8b2b1ecd0ce1118548944b374944234523fb897481020e86,CURRENT_SOURCE
index_archivos/js/spreadsjs/css/metro/jquery-wijmo.css,.css,41270,567d6a84095a2de9b66a5c8f0bc6474c25c2c5bca5cbff938891ddceed4e33ba,CURRENT_SOURCE
index_archivos/js/spreadsjs/css/midnight/images/ui-bg_flat_0_aaaaaa_40x100.png,.png,180,9a8492a580bf85d3e98ae8861fbd45567e5a1f83eeafcf9574da0399d5f602ab,CURRENT_SOURCE
index_archivos/js/spreadsjs/css/midnight/images/ui-bg_flat_100_18181f_40x100.png,.png,181,3aecb23d59bcd77d330f175f6d6c1b65dc6c7ee8b978aff931a4008434a5cfde,CURRENT_SOURCE
index_archivos/js/spreadsjs/css/midnight/images/ui-bg_flat_100_583d3d_40x100.png,.png,181,c33fd897c0d428bb8c7028b1fa48e96b3004e2b8bc2c04035c971ba016642293,CURRENT_SOURCE
index_archivos/js/spreadsjs/css/midnight/images/ui-bg_flat_10_3d4858_40x100.png,.png,214,9a253b7730421e5c5e88058ccbbae2994e430347b539a64c42189365366dbdd0,CURRENT_SOURCE
index_archivos/js/spreadsjs/css/midnight/images/ui-bg_highlight-soft_15_191921_1x100.png,.png,151,c50e9d62e848b00fd0b0095fee0f0ac5401e2d1437d022a51e6efc80eda905c4,CURRENT_SOURCE
index_archivos/js/spreadsjs/css/midnight/images/ui-bg_highlight-soft_15_32323d_1x100.png,.png,108,ffd6473fa5e7f3635ff4a4e0c9c0258542c34bf49ef80c646efa4c74abbd3a04,CURRENT_SOURCE
index_archivos/js/spreadsjs/css/midnight/images/ui-bg_highlight-soft_35_191921_1x100.png,.png,120,b447f95197b936238d58d1ab31df7a127f1b1be5c0c642cfa6714b44e22b9f9a,CURRENT_SOURCE
index_archivos/js/spreadsjs/css/midnight/images/ui-bg_inset-soft_35_191921_1x100.png,.png,120,c4f601d072f792220c84692aa0915846a17fdd2ebe962585be22c9d58bd626bb,CURRENT_SOURCE
index_archivos/js/spreadsjs/css/midnight/images/ui-icons_8fddff_256x240.png,.png,4369,8fd3ab9430b756942937f2c37506cb56098a7236926db85c6ee057f2461297f9,CURRENT_SOURCE
index_archivos/js/spreadsjs/css/midnight/images/ui-icons_a1ddff_256x240.png,.png,5355,489c531fda22bdb3aea33c5e7f4430d7826853f10023051ddf0e772c250141a7,CURRENT_SOURCE
index_archivos/js/spreadsjs/css/midnight/images/ui-icons_f4f4f9_256x240.png,.png,4369,5c7a6bb9b4fe05fe78730c2d7024a84956e71adf76c25285c9ddca733b02a656,CURRENT_SOURCE
index_archivos/js/spreadsjs/css/midnight/images/ui-icons_fafafa_256x240.png,.png,5355,b1f2ff3130ebfff666df7832ea7e8e9c0a42814daafc412b5a7a01be619efb10,CURRENT_SOURCE
index_archivos/js/spreadsjs/css/midnight/images/ui-icons_ff8f8f_256x240.png,.png,4369,379ab86c625c2a30cc6f2e40002d5edf2b2544be4d9b67d4c1acf24e23aa52be,CURRENT_SOURCE
index_archivos/js/spreadsjs/css/midnight/images/wijmo-ui-icons_000000_240x112.png,.png,10638,b79d0520a4123730e1397ad5f1cbd54a9203554d7ea4f8de459c386d2406dce4,CURRENT_SOURCE
index_archivos/js/spreadsjs/css/midnight/images/wijmo-ui-icons_ffffff_240x112.png,.png,10731,4e5ebe20c63a54da8b2b1ecd0ce1118548944b374944234523fb897481020e86,CURRENT_SOURCE
index_archivos/js/spreadsjs/css/midnight/jquery-wijmo.css,.css,41498,28e0cdd3465970f39324aeca48a51d91a544bc89feeea36e5f10c621d353dc7f,CURRENT_SOURCE
index_archivos/js/spreadsjs/css/rocket/images/ui-bg_diagonals-thick_50_00a6dd_40x40.png,.png,260,85c059d0e72b83439dd06e9cfe5193216ae51d1c4c1bc4a4f67e2b5c022b86c9,CURRENT_SOURCE
index_archivos/js/spreadsjs/css/rocket/images/ui-bg_flat_0_aaaaaa_40x100.png,.png,180,9a8492a580bf85d3e98ae8861fbd45567e5a1f83eeafcf9574da0399d5f602ab,CURRENT_SOURCE
index_archivos/js/spreadsjs/css/rocket/images/ui-bg_flat_100_f1f1f1_40x100.png,.png,180,d6cfb75110d410b1d83a259106c34ce9582d5a3ef474224ce474af01acfc2eeb,CURRENT_SOURCE
index_archivos/js/spreadsjs/css/rocket/images/ui-bg_highlight-soft_15_242122_1x100.png,.png,2830,834c9394e6f024014c5b780a373a8076361c5668352beb688aca50e9e18f7fb2,CURRENT_SOURCE
index_archivos/js/spreadsjs/css/rocket/images/ui-bg_highlight-soft_15_242122_1x100_bottom.png,.png,2835,c74b33693b6a3d98f95f2c182bd907211f294518c21c27278d05cbcd6071dedf,CURRENT_SOURCE
index_archivos/js/spreadsjs/css/rocket/images/ui-bg_highlight-soft_15_333333_1x100.png,.png,2825,29ade159fc3e6ed7e4e7b4da0f3b86f13d0f9e16d0589e9d38440c9493cd9f4d,CURRENT_SOURCE
index_archivos/js/spreadsjs/css/rocket/images/ui-bg_highlight-soft_15_333333_1x100_50.png,.png,2822,aa9c18a74d4ebdb7463c2cf277f6c0048a20b4ed4bc2cfc808e0bb5545162cc8,CURRENT_SOURCE
index_archivos/js/spreadsjs/css/rocket/images/ui-bg_highlight-soft_15_65358a_1x100.png,.png,2914,a6bde8e3b9ebe23f0d7977022cc3cb7bd3c4ad12b360fd2790c7ade6558681cd,CURRENT_SOURCE
index_archivos/js/spreadsjs/css/rocket/images/ui-bg_highlight-soft_15_8A56B2_1x100.png,.png,2900,a586ce5921b2250602728ed22273ba515f78354d9a8c63448a2306bf3db46281,CURRENT_SOURCE
index_archivos/js/spreadsjs/css/rocket/images/ui-bg_highlight-soft_15_9eca38_1x100.png,.png,2912,b1488d230d90e8b3c507b16704a5cc6db1fd44aaf450573346c226004c6d7aa6,CURRENT_SOURCE
index_archivos/js/spreadsjs/css/rocket/images/ui-bg_highlight-soft_15_9eca38_1x100_50.png,.png,2843,7cbab7433558312a5d102f7649c13f2a66fae6af1c34913dd7842b3879af4e74,CURRENT_SOURCE
index_archivos/js/spreadsjs/css/rocket/images/ui-bg_highlight-soft_15_ca3838_1x100.png,.png,2834,51c6c09cff162b64bf8581adafd51f0475ccdf9be561b0dbb8630e5456812cc9,CURRENT_SOURCE
index_archivos/js/spreadsjs/css/rocket/images/ui-bg_highlight-soft_35_00a6dd_1x100.png,.png,2843,3d304b866453da3acc723efaa55930b5d218185d4b1ba38e91d4a38541f62cbf,CURRENT_SOURCE
index_archivos/js/spreadsjs/css/rocket/images/ui-bg_inset-soft_100_e1e1e1_1x100.png,.png,2818,30660d0162fd95ce07c7baef1516e7f353a289d4ed8510ca4145c26ef4973277,CURRENT_SOURCE
index_archivos/js/spreadsjs/css/rocket/images/ui-bg_inset-soft_15_242122_1x100 - Copy.png,.png,151,5c7a5aa313b22ce461ecd8a6b40f300d719d3ed214f738effe398a1b9a82f30f,CURRENT_SOURCE
index_archivos/js/spreadsjs/css/rocket/images/ui-bg_inset-soft_15_242122_1x100.png,.png,2835,c74b33693b6a3d98f95f2c182bd907211f294518c21c27278d05cbcd6071dedf,CURRENT_SOURCE
index_archivos/js/spreadsjs/css/rocket/images/ui-icons_00a6dd_256x240.png,.png,4369,d5eaffe42ea74a5fa0e35e4b9db7af5fdd34a9a7088673eea82bc424e312a905,CURRENT_SOURCE
index_archivos/js/spreadsjs/css/rocket/images/ui-icons_304915_256x240.png,.png,4369,feb07745134536c3120e8d0256a6a15644f7a8e08f17617f483ad2a7c7032ed6,CURRENT_SOURCE
index_archivos/js/spreadsjs/css/rocket/images/ui-icons_d399ff_256x240.png,.png,4369,bd0b360dd79a37e6473a2215e859daecefa52c43af88c993ff387114962e673b,CURRENT_SOURCE
index_archivos/js/spreadsjs/css/rocket/images/ui-icons_eaffb9_256x240.png,.png,4369,6555e9aea9c0025f65e7724ca679db61381fed1db3b017e5319ba2149d11ed8c,CURRENT_SOURCE
index_archivos/js/spreadsjs/css/rocket/images/ui-icons_f4f4f9_256x240.png,.png,5355,62a107aa452a11194106efef618e120c9acba3fc650060a29216d0e50a2acac1,CURRENT_SOURCE
index_archivos/js/spreadsjs/css/rocket/images/ui-icons_fafafa_256x240.png,.png,4369,7380c088fab569e161902ba334aaa7d7811c70a85ecfcd3ded6a6b5ead2309ff,CURRENT_SOURCE
index_archivos/js/spreadsjs/css/rocket/images/ui-icons_ff8f8f_256x240.png,.png,5355,f927b88076760b8857ea6078d568b2b09aecd271cf5aca084b80b38dabf2d3ce,CURRENT_SOURCE
index_archivos/js/spreadsjs/css/rocket/images/wijmo-ui-icons_000000_240x112.png,.png,10638,b79d0520a4123730e1397ad5f1cbd54a9203554d7ea4f8de459c386d2406dce4,CURRENT_SOURCE
index_archivos/js/spreadsjs/css/rocket/images/wijmo-ui-icons_ffffff_240x112.png,.png,10731,4e5ebe20c63a54da8b2b1ecd0ce1118548944b374944234523fb897481020e86,CURRENT_SOURCE
index_archivos/js/spreadsjs/css/rocket/jquery-wijmo.css,.css,54024,3ad9db70bbd549815c133cdf9911739b92befeeb407b711a042c00c086b766a6,CURRENT_SOURCE
index_archivos/js/spreadsjs/css/sterling/images/ui-bg_flat_0_aaaaaa_40x100.png,.png,180,9a8492a580bf85d3e98ae8861fbd45567e5a1f83eeafcf9574da0399d5f602ab,CURRENT_SOURCE
index_archivos/js/spreadsjs/css/sterling/images/ui-bg_glass_55_bfc3c8_500x100.png,.png,3014,056ec710a4c21a7428d3fc0595b19910385adc7fbc0dabdbb9ea0897dccb02f8,CURRENT_SOURCE
index_archivos/js/spreadsjs/css/sterling/images/ui-bg_glass_75_fef1bd_1x400.png,.png,3353,c7ef1512a19dc81e14a8815ce4fb940a55826d26880c4dfff53c83dcf0048d2e,CURRENT_SOURCE
index_archivos/js/spreadsjs/css/sterling/images/ui-bg_glass_85_dae6f4_1x400.png,.png,5439,feba073bffb485f9aa9da3af8008576800919a5a8077232ad16433219cc764e6,CURRENT_SOURCE
index_archivos/js/spreadsjs/css/sterling/images/ui-bg_glass_85_edeff1_1x400.png,.png,3038,ba09a56b5def36b47b788a9538c232148ac047d24a608ccbbe3ce83eface355e,CURRENT_SOURCE
index_archivos/js/spreadsjs/css/sterling/images/ui-bg_glass_95_fef1ec_1x400.png,.png,119,f6f1c1bedf1a0f37cfef81d12f5f012869d1ee7c984775a569827a1784d34f5c,CURRENT_SOURCE
index_archivos/js/spreadsjs/css/sterling/images/ui-bg_inset-hard_100_fcfdfd_1x100.png,.png,88,d175ae345afe14519bca3ebe152a9f863e5116f8993a641c26f619f926436df0,CURRENT_SOURCE
index_archivos/js/spreadsjs/css/sterling/images/ui-bg_inset-hard_100_ffe475_1x100.png,.png,3319,4eb9ee4e46dfb727c9ac662979a87bbcbb13dec16521125432e0b9888402d7aa,CURRENT_SOURCE
index_archivos/js/spreadsjs/css/sterling/images/ui-icons_469bdd_256x240.png,.png,4369,f5afc40a1ef6eefbfc5a3a096fdd51ce0ab8af1b31b3a64caa5eb49d034b9149,CURRENT_SOURCE
index_archivos/js/spreadsjs/css/sterling/images/ui-icons_6e6c56_256x240.png,.png,5355,486a255f29c4b7d14014e6497abd2e55f634038ec7e989cdb1e46046906776d9,CURRENT_SOURCE
index_archivos/js/spreadsjs/css/sterling/images/ui-icons_cd0a0a_256x240.png,.png,4369,53f9f6be37d5c395c125a53dbf39c697fc3e5fd44a5f09f0d99710910f840dd6,CURRENT_SOURCE
index_archivos/js/spreadsjs/css/sterling/images/wijmo-ui-icons_000000_240x112.png,.png,10638,b79d0520a4123730e1397ad5f1cbd54a9203554d7ea4f8de459c386d2406dce4,CURRENT_SOURCE
index_archivos/js/spreadsjs/css/sterling/images/wijmo-ui-icons_ffffff_240x112.png,.png,10731,4e5ebe20c63a54da8b2b1ecd0ce1118548944b374944234523fb897481020e86,CURRENT_SOURCE
index_archivos/js/spreadsjs/css/sterling/jquery-wijmo.css,.css,49669,62261e5961bc295688a5641e815c4c4d694f62932a82d2329727e64603b5f40a,CURRENT_SOURCE
index_archivos/js/spreadsjs/external/angular-route.1.2.22.js,.js,33979,396fb305c88a6e345df6a24aac2c001508ee143711c50bd4bcac4e360b5059bf,CURRENT_SOURCE
index_archivos/js/spreadsjs/external/angular-route.1.2.22.min.js,.js,3900,010b0802dfe0eceb9f5e9982568eb4d72daa8a8e3391cb9433f6b05852151d9f,CURRENT_SOURCE
index_archivos/js/spreadsjs/external/angular.1.0.8.js,.js,519914,e53bc33b8690d0fa497a0db1551a9b7bb80e4f18ad28fa2b3fe39978c8bf9fcc,CURRENT_SOURCE
index_archivos/js/spreadsjs/external/angular.1.0.8.min.js,.js,81610,ff93f32fa1c814b898f9234893efc7391fcad58056b2cbab7015292ad08649bd,CURRENT_SOURCE
index_archivos/js/spreadsjs/external/angular.1.2.22.js,.js,801080,bbe38a911d708bb75033afa21bffb0778c50567bf141b73b74487adcf9463794,CURRENT_SOURCE
index_archivos/js/spreadsjs/external/angular.1.2.22.min.js,.js,107112,647a35402d4cbeb872a5f7e15d13fd6544360094dca70e1de2b356ba3252ca21,CURRENT_SOURCE
index_archivos/js/spreadsjs/external/breeze.debug.js,.js,653127,e70ade98f4ee9f85377757f6c22ca54ae6435b38f564321442d9542eb3e93c9e,CURRENT_SOURCE
index_archivos/js/spreadsjs/external/breeze.min.js,.js,166736,1ffe26a0c5012ac42e049ee598a9bdd47903252d2dce3d65b669797dfa9b3398,CURRENT_SOURCE
index_archivos/js/spreadsjs/external/es5-sham.js,.js,16418,9a71c30baf3029c8b9df6e8dfb870fb9021aff58047e954b73ec54bbd88681fb,CURRENT_SOURCE
index_archivos/js/spreadsjs/external/es5-sham.min.js,.js,6761,3ec5103929dc4380d98fbcdfbdab1cf71477b244a4e84f3fd33859b3b8b3b159,CURRENT_SOURCE
index_archivos/js/spreadsjs/external/es5-shim.js,.js,47243,d7cd1452082b5b9bb1ff2b5a94c201d22796e91fcc5fc1ff2088efbc69c99a2d,CURRENT_SOURCE
index_archivos/js/spreadsjs/external/es5-shim.min.js,.js,16327,b47cd4a9f99651c28c93de9af280ef801638f7b4f647c5fbc704a62d05cedcb9,CURRENT_SOURCE
index_archivos/js/spreadsjs/external/globalize.min.js,.js,14637,553c3be1cbf03bdefc68ea168d0673ce77572e18f374301926a04d7e5eaac692,CURRENT_SOURCE
index_archivos/js/spreadsjs/external/jquery-1.11.1.js,.js,293074,9e277e93187de26fde0a08c620655be9b2465377aab0d1f353361f7d8e13f43c,CURRENT_SOURCE
index_archivos/js/spreadsjs/external/jquery-1.11.1.min.js,.js,95790,91222f96f34735ebc88df208017e54d4329b9202e3e52367fb8b149698a1a5ef,CURRENT_SOURCE
index_archivos/js/spreadsjs/external/jquery-1.8.2.js,.js,274658,3abf8e1cb008b412c4a13f7473a27c13e0971d079b1123b19842985cb2203081,CURRENT_SOURCE
index_archivos/js/spreadsjs/external/jquery-1.8.2.min.js,.js,93436,f23d4b309b72743aa8afe1f8c98a25b3ee31246fa572c66d9d8cb1982cae4fbc,CURRENT_SOURCE
index_archivos/js/spreadsjs/external/jquery-1.9.1.js,.js,277978,eb6c63da87c0cbe25a1ee49f9d501aa0b362d4aa5a73416925393e5a50c27b05,CURRENT_SOURCE
index_archivos/js/spreadsjs/external/jquery-1.9.1.min.js,.js,92633,20638e363fcc5152155f24b281303e17da62da62d24ef5dcf863b184d9a25734,CURRENT_SOURCE
index_archivos/js/spreadsjs/external/jquery-2.0.2.js,.js,251757,86850b0b3aa5ed8f6cfb4733f6c7bf2a809ef5b4c1c3e6475958a7756f960463,CURRENT_SOURCE
index_archivos/js/spreadsjs/external/jquery-2.0.2.min.js,.js,83507,255300d45781f022294677c12c19406f2cbc3ea4f8865794ee8b04ffebaf3d7f,CURRENT_SOURCE
index_archivos/js/spreadsjs/external/jquery-2.1.1.js,.js,256541,b86529a3c1cbf54f9f3e64cdda244696a090e3ceac46ec271507eb1d3222d051,CURRENT_SOURCE
index_archivos/js/spreadsjs/external/jquery-2.1.1.min.js,.js,84249,b2ce8462d173fc92b60f98701f45443710e423af1b11525a762008ff2c1a0204,CURRENT_SOURCE
index_archivos/js/spreadsjs/external/jquery-migrate-1.2.1.js,.js,17142,6f63c4b4f22a8153e076e7e698fd7d5322177598b3dece151168ee23e918d5fe,CURRENT_SOURCE
index_archivos/js/spreadsjs/external/jquery-migrate-1.2.1.min.js,.js,7200,c4d24f6b27cc7ceea56fbec786bb1f486fdad9a1f998f760f76d1f44671e105c,CURRENT_SOURCE
index_archivos/js/spreadsjs/external/jquery-ui-1.10.3.custom.js,.js,450782,0fda4b2988c92ee93094134a8af6e354a83ef0069381126340c2a67fbc388615,CURRENT_SOURCE
index_archivos/js/spreadsjs/external/jquery-ui-1.10.3.custom.min.js,.js,228143,55b08baffcc3f14deaa6e1602a4ac58a840443deedf6448b17999bc575337743,CURRENT_SOURCE
index_archivos/js/spreadsjs/external/jquery-ui-1.11.1.custom.js,.js,480809,22cb2bea5b85ab6eab5aa7478156242b06a05fec2bcb7a77042c533f21aef498,CURRENT_SOURCE
index_archivos/js/spreadsjs/external/jquery-ui-1.11.1.custom.min.js,.js,238326,483390de0b0a35bb1bd64fa87c5c9601c41881330088dc689755a9f8f02c1317,CURRENT_SOURCE
index_archivos/js/spreadsjs/external/jquery-ui-1.9.1.custom.js,.js,463124,910cd96911ace5f2fb3c95556c85564b897618b2bf675892e1f2f295e41fb768,CURRENT_SOURCE
index_archivos/js/spreadsjs/external/jquery-ui-1.9.1.custom.min.js,.js,237181,f4f8555106311e2fdeec42c1d5afbeeeb4e3fd51a2e2ea3e5d46c4da9aa60655,CURRENT_SOURCE
index_archivos/js/spreadsjs/external/knockout-2.1.0.debug.js,.js,173982,f384bcb256faf9bf738a260d1b61ce497a5ff90d95ed9fa12775c2dda8d820dc,CURRENT_SOURCE
index_archivos/js/spreadsjs/external/knockout-2.1.0.js,.js,41412,25de7f4248189470dbae78519a62c8a4c444b5aa71cc99d88cea2984103d3412,CURRENT_SOURCE
index_archivos/js/spreadsjs/external/knockout-2.2.0.debug.js,.js,181424,69e534cf9c5257e1be0c1610892e17da0dca10faf1a65fb66990d8bafb4dd0d2,CURRENT_SOURCE
index_archivos/js/spreadsjs/external/knockout-2.2.0.js,.js,40956,74fc80b3027b0e1253b08e7b487b4418c398dcbeaafb471b6e4f0f9d5002e9b2,CURRENT_SOURCE
index_archivos/js/spreadsjs/external/knockout-3.1.0.debug.js,.js,224382,0debb3238a20baa61d9143f66348938e63b8c8f9a92fa8595c86e81b507a2dfd,CURRENT_SOURCE
index_archivos/js/spreadsjs/external/knockout-3.1.0.js,.js,47398,41552ef7e87d32d917e73bd020be4b6609c4d393ae78c838468458f94912bedd,CURRENT_SOURCE
index_archivos/js/spreadsjs/external/q.js,.js,44980,49d63d8768c91e86ce5982669d4155a37ee5a807c6e141339523bc723d5fa9d1,CURRENT_SOURCE
index_archivos/js/spreadsjs/external/q.min.js,.js,8760,4e15c097c4f97d2e01b8c26ba9775bdc04924b054c479ead1331ba63da3e2f13,CURRENT_SOURCE
index_archivos/js/spreadsjs/external/wijmo.data.ajax.js,.js,12289,0113bca9e81845e7f2714b7acb37ce039cd7dfb34daa5feddc4504eee222255a,CURRENT_SOURCE
index_archivos/js/spreadsjs/external/wijmo.data.js,.js,61647,059239ad514a847098d6f81102aa88580b9d56b0c0ba9f4223dcda70e890f251,CURRENT_SOURCE
index_archivos/js/spreadsjs/scripts/interop/angular.wijmo.wijspread.3.20151.16.js,.js,61943,8dcbc1179b6fd85e1bd4a4555c28fa2e5d62fec425ecc002d48a6b8966ff271e,CURRENT_SOURCE
index_archivos/js/spreadsjs/scripts/interop/angular.wijmo.wijspread.3.20151.16.min.js,.js,24688,21cb184effba3574109af35da4018eb7bf944de51ee4e362b1b74277ad25c0e2,CURRENT_SOURCE
index_archivos/js/spreadsjs/scripts/jquery.wijmo.wijspread.3.20151.16.js,.js,6885409,8944b54468f7b9b3aaa5cff523fa00df2ea9f18d4b4c133211a774a803f4e1a2,CURRENT_SOURCE
index_archivos/js/spreadsjs/scripts/jquery.wijmo.wijspread.3.20151.16.min.js,.js,1984276,b8650a80f95d27e37de3edc2e0efbe28fa26b67d6c839502512ae7baa126c071,CURRENT_SOURCE
index_archivos/js/spreadsjs/scripts/jquery.wijmo.wijspread.all.3.20151.16.js,.js,7562360,3aef0a2641362c8246f24ed0e80054072187fa2354d9632262f121d8e2a1c3d3,CURRENT_SOURCE
index_archivos/js/spreadsjs/scripts/jquery.wijmo.wijspread.all.3.20151.16.min.js,.js,2127825,10427bd5891202e7bc7074325559145e63914c8373b46d012ad6cf8faadeb20b,CURRENT_SOURCE
index_archivos/js/spreadsjs/scripts/jquery.wijmo.wijspread.functions.3.20151.16.js,.js,677254,4c949aec4df4a5af2114d2163a4482cfc645d39dea446f17ec83232cc76e2171,CURRENT_SOURCE
index_archivos/js/spreadsjs/scripts/jquery.wijmo.wijspread.functions.3.20151.16.min.js,.js,143874,a7eb8ed0bc8b6748ae4251691c22ec52fcce11935de414d213227788ffa25203,CURRENT_SOURCE
index_archivos/js/spreadsjs/scripts/pluggable/jquery.wijmo.wijspread.binding.3.20151.16.js,.js,36913,76368e6c144e9e94469ab1d9d68e04d5d5e2234c072d55edcc67f5a9f44bccaf,CURRENT_SOURCE
index_archivos/js/spreadsjs/scripts/pluggable/jquery.wijmo.wijspread.binding.3.20151.16.min.js,.js,8996,18200eaf20db8561876377559058d7a13131b19fcb1340eddb41217f9aa0f543,CURRENT_SOURCE
index_archivos/js/spreadsjs/scripts/pluggable/jquery.wijmo.wijspread.calc.3.20151.16.js,.js,1071574,b76c7942cbf246f21e0045d95ab5cc4992d9f5980ee2abc312a737e46be8a923,CURRENT_SOURCE
index_archivos/js/spreadsjs/scripts/pluggable/jquery.wijmo.wijspread.calc.3.20151.16.min.js,.js,236090,bd7f2e76091f636820afc151df6fe3dd6aebf096bcaacebd8f5e94a515d5d6d3,CURRENT_SOURCE
index_archivos/js/spreadsjs/scripts/pluggable/jquery.wijmo.wijspread.calc.functions.3.20151.16.js,.js,677254,4c949aec4df4a5af2114d2163a4482cfc645d39dea446f17ec83232cc76e2171,CURRENT_SOURCE
index_archivos/js/spreadsjs/scripts/pluggable/jquery.wijmo.wijspread.calc.functions.3.20151.16.min.js,.js,143874,a7eb8ed0bc8b6748ae4251691c22ec52fcce11935de414d213227788ffa25203,CURRENT_SOURCE
index_archivos/js/spreadsjs/scripts/pluggable/jquery.wijmo.wijspread.celltypes.3.20151.16.js,.js,199421,c2919863154ae1ec25bc568224d05d2efa2bf0061b3a9fb95f3aa4989b4fa69c,CURRENT_SOURCE
index_archivos/js/spreadsjs/scripts/pluggable/jquery.wijmo.wijspread.celltypes.3.20151.16.min.js,.js,58790,d22d8387ab9eb7bd17b3e5a4e4beecaaa0f8e3a5992e6cb5eafea256f9cf4445,CURRENT_SOURCE
index_archivos/js/spreadsjs/scripts/pluggable/jquery.wijmo.wijspread.comment.3.20151.16.js,.js,208764,09503802525f52f12eb4c4bd6cc56e904744ec0eea4cfa6865290201faf662ed,CURRENT_SOURCE
index_archivos/js/spreadsjs/scripts/pluggable/jquery.wijmo.wijspread.comment.3.20151.16.min.js,.js,64106,e7a718c21f1f629d8bf6440bf7ebd7e546e456b497b87ac2ca1323f0c5959168,CURRENT_SOURCE
index_archivos/js/spreadsjs/scripts/pluggable/jquery.wijmo.wijspread.conditionalformat.3.20151.16.js,.js,354146,97d37aee36ffc5bf8091151fdb7d80c0c59f0cfdfc9e5d2a6076f706dddb3f0c,CURRENT_SOURCE
index_archivos/js/spreadsjs/scripts/pluggable/jquery.wijmo.wijspread.conditionalformat.3.20151.16.min.js,.js,105866,bce2bce17289ee5cf0b5b1597dbaebd0d316e5b97dc868b7b82e857261549b39,CURRENT_SOURCE
index_archivos/js/spreadsjs/scripts/pluggable/jquery.wijmo.wijspread.core.3.20151.16.js,.js,2988656,bd1180fc50053a0aebd37fe22670d99526c1268cd648691cc1237145049ba88e,CURRENT_SOURCE
index_archivos/js/spreadsjs/scripts/pluggable/jquery.wijmo.wijspread.core.3.20151.16.min.js,.js,825155,7d44799a757e6abadb23b00a5477f669cc0f78848ee2c933b4e6258367f599ac,CURRENT_SOURCE
index_archivos/js/spreadsjs/scripts/pluggable/jquery.wijmo.wijspread.datavalidation.3.20151.16.js,.js,31591,19457523b421ebf976404830573a851736ef6c8e762e5a39133679b932db7fbc,CURRENT_SOURCE
index_archivos/js/spreadsjs/scripts/pluggable/jquery.wijmo.wijspread.datavalidation.3.20151.16.min.js,.js,12814,b60594a5cace40c97f545cd8c2c6a92d0e84280f3bd76381436bbf07577b4f01,CURRENT_SOURCE
index_archivos/js/spreadsjs/scripts/pluggable/jquery.wijmo.wijspread.fill.3.20151.16.js,.js,104132,c379e03cf4f085cf1fa2bc68b92fe4c46d767e491fffcabdbca7eeb8516c3ff4,CURRENT_SOURCE
index_archivos/js/spreadsjs/scripts/pluggable/jquery.wijmo.wijspread.fill.3.20151.16.min.js,.js,32375,199cfb38effd4fc287aa54f40148ca48d01baa28fb6b0b9823c4e21e01dd2cec,CURRENT_SOURCE
index_archivos/js/spreadsjs/scripts/pluggable/jquery.wijmo.wijspread.filter.3.20151.16.js,.js,203456,187a59d5bb21250a61c422ade34dd3b061f13a392b599b149a01f19dd935ea69,CURRENT_SOURCE
index_archivos/js/spreadsjs/scripts/pluggable/jquery.wijmo.wijspread.filter.3.20151.16.min.js,.js,78414,c372293e1d120014170e5ed72fc2d2e2c4bd5ba0bf01fb93f4a6aa0873437f52,CURRENT_SOURCE
index_archivos/js/spreadsjs/scripts/pluggable/jquery.wijmo.wijspread.floatingobject.3.20151.16.js,.js,176184,da4815cf59216529bc7ac0ea6174a6e432da2cbd8a52752eb3ec243c131f3494,CURRENT_SOURCE
index_archivos/js/spreadsjs/scripts/pluggable/jquery.wijmo.wijspread.floatingobject.3.20151.16.min.js,.js,52614,150547b55671ab70e9192b50a37711ff15b753ff505afba4b6353dc5263c9201,CURRENT_SOURCE
index_archivos/js/spreadsjs/scripts/pluggable/jquery.wijmo.wijspread.formatter.3.20151.16.js,.js,231063,56e1a82d54ac7ed4e3232bc7178759b5843ebcd7616cfe71588480acfe5f99a7,CURRENT_SOURCE
index_archivos/js/spreadsjs/scripts/pluggable/jquery.wijmo.wijspread.formatter.3.20151.16.min.js,.js,72659,e97a65b59b6b59cde4db7ea398bcfef7075a9992128da97822c208ad9d21bf0d,CURRENT_SOURCE
index_archivos/js/spreadsjs/scripts/pluggable/jquery.wijmo.wijspread.formulatextbox.3.20151.16.js,.js,349440,4f6991664618369220a0398cc46f5ee9f9bf3934d505628ecb323b71902daa90,CURRENT_SOURCE
index_archivos/js/spreadsjs/scripts/pluggable/jquery.wijmo.wijspread.formulatextbox.3.20151.16.min.js,.js,195597,d89793b320db43410f0476c1b8e734130b37b40a4e8917507d50300320c40b21,CURRENT_SOURCE
index_archivos/js/spreadsjs/scripts/pluggable/jquery.wijmo.wijspread.group.3.20151.16.js,.js,96072,96cdb1e22cb517e20a8d58e4e39d15f6d7e400d254d76e43b308ecd593c4ab62,CURRENT_SOURCE
index_archivos/js/spreadsjs/scripts/pluggable/jquery.wijmo.wijspread.group.3.20151.16.min.js,.js,22182,e7c483af1277b88b3e385715536c4c40f97b6f7a8b92acb041eca01d3db727f0,CURRENT_SOURCE
index_archivos/js/spreadsjs/scripts/pluggable/jquery.wijmo.wijspread.search.3.20151.16.js,.js,23249,42d535a8e28ee5eb5990c1bca6b0b659668b285c2b254b5c27c31b32a9bce103,CURRENT_SOURCE
index_archivos/js/spreadsjs/scripts/pluggable/jquery.wijmo.wijspread.search.3.20151.16.min.js,.js,6443,39696253b5fc9df7d0dc97cdbf5e273d5a0c1418dc4936fbb2daa4baa36fd921,CURRENT_SOURCE
index_archivos/js/spreadsjs/scripts/pluggable/jquery.wijmo.wijspread.sparkline.3.20151.16.js,.js,124874,e818bfe25c01a08488b340f03a4de545ffab4554d88937f523da8431052261d1,CURRENT_SOURCE
index_archivos/js/spreadsjs/scripts/pluggable/jquery.wijmo.wijspread.sparkline.3.20151.16.min.js,.js,32464,1b5ab528c7673f258e022ad5d35ecee9ca07e13369735e330a0e7cdc22e7a078,CURRENT_SOURCE
index_archivos/js/spreadsjs/scripts/pluggable/jquery.wijmo.wijspread.sparklineEx.3.20151.16.js,.js,217285,ba4f5c986a6c43e1b23dbc1efc6c077b2edc7f4a29db40fb891e38b3da383fd7,CURRENT_SOURCE
index_archivos/js/spreadsjs/scripts/pluggable/jquery.wijmo.wijspread.sparklineEx.3.20151.16.min.js,.js,46429,7a3f20558ba408b0d12b038e54a73e9e749d3af8dd1e3c9482676f5513749340,CURRENT_SOURCE
index_archivos/js/spreadsjs/scripts/pluggable/jquery.wijmo.wijspread.table.3.20151.16.js,.js,187290,2f6aa527971bbbddc73f87fffa85576e2b2a44fcdbf7f9a5429c4d6935487958,CURRENT_SOURCE
index_archivos/js/spreadsjs/scripts/pluggable/jquery.wijmo.wijspread.table.3.20151.16.min.js,.js,52142,eb7debe31a88123bf6d172cb36a81e1434bd18437765beab2970f1d0557ff394,CURRENT_SOURCE
index_archivos/js/spreadsjs/scripts/pluggable/jquery.wijmo.wijspread.touch.3.20151.16.js,.js,308022,319020ad5378ea44b4790d32af77be1d7043439a9e38e1bf95bdc2cd17cf0a1c,CURRENT_SOURCE
index_archivos/js/spreadsjs/scripts/pluggable/jquery.wijmo.wijspread.touch.3.20151.16.min.js,.js,92839,ea38702b4c4f7ce11056a8a98c20131af5512f5ac37a5baeaaaaa36b9d322e30,CURRENT_SOURCE
index_archivos/js/spreadsjs/scripts/silverlightLoader.js,.js,11100,99d15ac4a2e0f4ca34a6b1d6e8b941738378d9b6abb9059803104e508a0cd90f,CURRENT_SOURCE
index_archivos/js/spreadsjs/scripts/ssbridge.js,.js,210757,50011b179e15abbdafced38b24121f275d806ed03e3f26dfb702c81d241477e5,CURRENT_SOURCE
index_archivos/js/stepper/README.md,.md,396,c47d8474ec9bbe7a42fdbaca3d6206ff03df3b18902350c4368efe39f45ad986,CURRENT_SOURCE
index_archivos/js/stepper/css/reset.css,.css,1145,d0a86fe64ea21824f7dfb33399c36cb16d03687670fb08cca0b1ac85accfb8d5,CURRENT_SOURCE
index_archivos/js/stepper/css/style.css,.css,14066,365fd520baa2321ed058ad70bae35ae4f887ec80993225aaf8d775224349f48d,CURRENT_SOURCE
index_archivos/js/stepper/img/cd-custom-icons-01.svg,.svg,5278,e2a6b616a5926b75485b833feac76229504a19821171c231bf13b26c75d758eb,CURRENT_SOURCE
index_archivos/js/stepper/img/cd-custom-icons-02.svg,.svg,4603,a31c6e7d111823ed1715e2688569fe1e3b0b8807280b75564d277f2a340650ba,CURRENT_SOURCE
index_archivos/js/stepper/img/cd-custom-separator.svg,.svg,656,52f8a3925e5b2782631d155b35b9a09abd5af17eee9ddaa1864294c4789a7216,CURRENT_SOURCE
index_archivos/js/stepper/index.html,.html,3259,4ccd1c9822b54d8d6631c8dd354c9e709e549215e6b170172cdcc4b73d2c8b31,CURRENT_SOURCE
index_archivos/js/stepper/js/modernizr.js,.js,15253,02da9dda043777fe2117bfcc6d54523c53c124ccede089b3dbd47810782bef04,CURRENT_SOURCE
index_archivos/js/stepper/partials/_layout.scss,.scss,397,e989d11bdb1371eb32cf288c2bcabfdc9913eb08661b6c2323a473986d2a7364,CURRENT_SOURCE
index_archivos/js/stepper/partials/_mixins.scss,.scss,465,c044a9f5c0cf68526833bfe9b911c864af58d948ffcf9af54e83c357f82480f9,CURRENT_SOURCE
index_archivos/js/stepper/partials/_variables.scss,.scss,204,a6f5d081e33ef08cf45a96f650e59d2414ef985a8ff0136b686558f8724893d5,CURRENT_SOURCE
index_archivos/js/stepper/scss/style.scss,.scss,10534,aea62b29b5fe3550ae942304d6e2325b693cde65dbcc54b695b321ce2ee0cb5c,CURRENT_SOURCE
index_archivos/js/sweetalert2.all.min.js,.js,66038,2d09b8de0b1117b73f331c7174789d38353f8bac5363bcfd1f2661aef494f61a,CURRENT_SOURCE
index_archivos/js/switchButton/jquery.switchButton.css,.css,706,a32a517ef4b90b75b69cd8ee2a5da6c9647b15ff247ed6dd861e1eee48b01cac,CURRENT_SOURCE
index_archivos/js/switchButton/jquery.switchButton.js,.js,12345,3b0c3de6102f7c208b8fe1e45c3e6f80c0130af25ca502ed16dc1cbef311fd9f,CURRENT_SOURCE
index_archivos/js/tagit.js,.js,27489,d26d511850ec66715e998896e01b13a040be3eec72c0cde3ddca445b580dbe5f,CURRENT_SOURCE
index_archivos/js/themes/base/images/animated-overlay.gif,.gif,1738,c7bcc76fb23c0430b36ec448eb79f8bc34129dae95da10f3c14ed0eacdf2f1b9,CURRENT_SOURCE
index_archivos/js/themes/base/images/ui-bg_flat_0_aaaaaa_40x100.png,.png,180,9a8492a580bf85d3e98ae8861fbd45567e5a1f83eeafcf9574da0399d5f602ab,CURRENT_SOURCE
index_archivos/js/themes/base/images/ui-bg_flat_75_ffffff_40x100.png,.png,178,39ab7ccd9f4e82579da78a9241265df288d8eb65dbbd7cf48aed2d0129887df5,CURRENT_SOURCE
index_archivos/js/themes/base/images/ui-bg_glass_55_fbf9ee_1x400.png,.png,120,691597e8a40a891ea94d3589976ecfc33e6145c49422443b00ac2b5a0022964c,CURRENT_SOURCE
index_archivos/js/themes/base/images/ui-bg_glass_65_ffffff_1x400.png,.png,105,f0e6cd91b837d5c5644d026e5ffeccd907953317cd5c0f689901733afda260b2,CURRENT_SOURCE
index_archivos/js/themes/base/images/ui-bg_glass_75_dadada_1x400.png,.png,111,c108f5cbf2dd9ec07a26530695ddd95e1664597ce6c056ae44c162cc2e28cec4,CURRENT_SOURCE
index_archivos/js/themes/base/images/ui-bg_glass_75_e6e6e6_1x400.png,.png,110,ddf5dd4e0ef2b185e8bb0af7b6e90ebe74a84384cb4700658e76e754c8bfe550,CURRENT_SOURCE
index_archivos/js/themes/base/images/ui-bg_glass_95_fef1ec_1x400.png,.png,119,f6f1c1bedf1a0f37cfef81d12f5f012869d1ee7c984775a569827a1784d34f5c,CURRENT_SOURCE
index_archivos/js/themes/base/images/ui-bg_highlight-soft_75_cccccc_1x100.png,.png,101,54270656df079c4da5182629a080fc633b6f84b87985eb016d25a560e2c38d4a,CURRENT_SOURCE
index_archivos/js/themes/base/images/ui-icons_222222_256x240.png,.png,4369,57adb0d65f4e91dacfee975d9574422bee7486c8a182d60133728c672f2cdbbc,CURRENT_SOURCE
index_archivos/js/themes/base/images/ui-icons_2e83ff_256x240.png,.png,4369,20f8c6667afc48aa433ee9eb6d8a0584bdbd6b4a4a9091ff1e6b3adb31e63bd9,CURRENT_SOURCE
index_archivos/js/themes/base/images/ui-icons_454545_256x240.png,.png,4369,07460e843c3e59aaadbb34231e699e856a2980753c7a47b66447da5d9f93fb7f,CURRENT_SOURCE
index_archivos/js/themes/base/images/ui-icons_888888_256x240.png,.png,4369,ea2e29625de3463465e93b002b065f5833e05b97f7a052b1c141e754d62e1a8b,CURRENT_SOURCE
index_archivos/js/themes/base/images/ui-icons_cd0a0a_256x240.png,.png,4369,1e32c6dbf5d3fd342f27a78aa881550d6412aa207f48468724a6a15402b6041b,CURRENT_SOURCE
index_archivos/js/themes/base/jquery-ui.css,.css,33574,c2d0809e665c674e8196a538dd67add6729c083fac5fc1de91106924b32832ef,CURRENT_SOURCE
index_archivos/js/themes/base/jquery.ui.accordion.css,.css,877,37b92b9f518c3a03efb74dd39f7febef5046594053cf1a349967963c6f113e97,CURRENT_SOURCE
index_archivos/js/themes/base/jquery.ui.all.css,.css,312,b9da9dcafec0d82742945acbb4afc821fa9b4ebfbb3779e6a4e00d89f32449be,CURRENT_SOURCE
index_archivos/js/themes/base/jquery.ui.autocomplete.css,.css,337,9e83b53af64ceed3bdc43ed21b9a4dfc16d1bea7515a46f9b43db247081d8ddf,CURRENT_SOURCE
index_archivos/js/themes/base/jquery.ui.base.css,.css,804,fc4b63dfc53ea137bf713e2d9368b1f9c21382ddc149afc77e8577c86e77720b,CURRENT_SOURCE
index_archivos/js/themes/base/jquery.ui.button.css,.css,2654,103dfdc2cd85ecd72c6b0288875b3d383c42f2a73bf18da9ff113026778fefc0,CURRENT_SOURCE
index_archivos/js/themes/base/jquery.ui.core.css,.css,1565,5003e1762bb24137cbcb671f285a1b15fddb0aae0afe99c90a82eac132f81176,CURRENT_SOURCE
index_archivos/js/themes/base/jquery.ui.datepicker.css,.css,3811,f6e2780cd61b491f6e4a055a1a35f77e3ee5d9e83bd4f11c8a0b7fd35fb84f1b,CURRENT_SOURCE
index_archivos/js/themes/base/jquery.ui.dialog.css,.css,1392,044c9a90a87a3fbebc2e1b074938c23ad882f2f858d54fb5c92df9809be70ba7,CURRENT_SOURCE
index_archivos/js/themes/base/jquery.ui.menu.css,.css,1532,2e6e9ec3fc3fba8c2752d217b4ec9411cbb409d6d46fae5dfefc605c6030172b,CURRENT_SOURCE
index_archivos/js/themes/base/jquery.ui.progressbar.css,.css,645,9a42bdfbdb7eda7bcfdcba2a0784e6b38f891bd1a6bf78c54c702fbbd045176b,CURRENT_SOURCE
index_archivos/js/themes/base/jquery.ui.resizable.css,.css,1233,cb6569e53a4e6d87fc0fb9f1e811c096bdaedf0caa5b47a8d0e975b96c6683ba,CURRENT_SOURCE
index_archivos/js/themes/base/jquery.ui.selectable.css,.css,290,b1dd357a9fec68991aeb989cf9c8eb96eb739702f9f8c9f616ceef7df81bf7a3,CURRENT_SOURCE
index_archivos/js/themes/base/jquery.ui.slider.css,.css,1386,31e00d21baad911fa31b94e14baba5d0f0154692125762911aea8f9d79e762dd,CURRENT_SOURCE
index_archivos/js/themes/base/jquery.ui.spinner.css,.css,1249,97d327e2b133c16b1df64b600f4dd63269d7d5c0cce4f58dcc7935882943b95f,CURRENT_SOURCE
index_archivos/js/themes/base/jquery.ui.tabs.css,.css,1273,ba2246dcca09b3958381dff8b4de286cdfaecbdf3df6dbee4f88f00d82639250,CURRENT_SOURCE
index_archivos/js/themes/base/jquery.ui.theme.css,.css,18029,f02d02edd5f059b7efeecf265081b68488270c92f8c42b4d1bf97e32cd501002,CURRENT_SOURCE
index_archivos/js/themes/base/jquery.ui.tooltip.css,.css,443,bd95cdaf1e1ff4c3a2b121a38b8a5ea22cfb7df2c879671e4e018eb361c47e0f,CURRENT_SOURCE
index_archivos/js/themes/base/minified/images/animated-overlay.gif,.gif,1738,c7bcc76fb23c0430b36ec448eb79f8bc34129dae95da10f3c14ed0eacdf2f1b9,CURRENT_SOURCE
index_archivos/js/themes/base/minified/images/ui-bg_flat_0_aaaaaa_40x100.png,.png,180,9a8492a580bf85d3e98ae8861fbd45567e5a1f83eeafcf9574da0399d5f602ab,CURRENT_SOURCE
index_archivos/js/themes/base/minified/images/ui-bg_flat_75_ffffff_40x100.png,.png,178,39ab7ccd9f4e82579da78a9241265df288d8eb65dbbd7cf48aed2d0129887df5,CURRENT_SOURCE
index_archivos/js/themes/base/minified/images/ui-bg_glass_55_fbf9ee_1x400.png,.png,120,691597e8a40a891ea94d3589976ecfc33e6145c49422443b00ac2b5a0022964c,CURRENT_SOURCE
index_archivos/js/themes/base/minified/images/ui-bg_glass_65_ffffff_1x400.png,.png,105,f0e6cd91b837d5c5644d026e5ffeccd907953317cd5c0f689901733afda260b2,CURRENT_SOURCE
index_archivos/js/themes/base/minified/images/ui-bg_glass_75_dadada_1x400.png,.png,111,c108f5cbf2dd9ec07a26530695ddd95e1664597ce6c056ae44c162cc2e28cec4,CURRENT_SOURCE
index_archivos/js/themes/base/minified/images/ui-bg_glass_75_e6e6e6_1x400.png,.png,110,ddf5dd4e0ef2b185e8bb0af7b6e90ebe74a84384cb4700658e76e754c8bfe550,CURRENT_SOURCE
index_archivos/js/themes/base/minified/images/ui-bg_glass_95_fef1ec_1x400.png,.png,119,f6f1c1bedf1a0f37cfef81d12f5f012869d1ee7c984775a569827a1784d34f5c,CURRENT_SOURCE
index_archivos/js/themes/base/minified/images/ui-bg_highlight-soft_75_cccccc_1x100.png,.png,101,54270656df079c4da5182629a080fc633b6f84b87985eb016d25a560e2c38d4a,CURRENT_SOURCE
index_archivos/js/themes/base/minified/images/ui-icons_222222_256x240.png,.png,4369,57adb0d65f4e91dacfee975d9574422bee7486c8a182d60133728c672f2cdbbc,CURRENT_SOURCE
index_archivos/js/themes/base/minified/images/ui-icons_2e83ff_256x240.png,.png,4369,20f8c6667afc48aa433ee9eb6d8a0584bdbd6b4a4a9091ff1e6b3adb31e63bd9,CURRENT_SOURCE
index_archivos/js/themes/base/minified/images/ui-icons_454545_256x240.png,.png,4369,07460e843c3e59aaadbb34231e699e856a2980753c7a47b66447da5d9f93fb7f,CURRENT_SOURCE
index_archivos/js/themes/base/minified/images/ui-icons_888888_256x240.png,.png,4369,ea2e29625de3463465e93b002b065f5833e05b97f7a052b1c141e754d62e1a8b,CURRENT_SOURCE
index_archivos/js/themes/base/minified/images/ui-icons_cd0a0a_256x240.png,.png,4369,1e32c6dbf5d3fd342f27a78aa881550d6412aa207f48468724a6a15402b6041b,CURRENT_SOURCE
index_archivos/js/themes/base/minified/jquery-ui.min.css,.css,25769,a4f3ee41ed684394f6d4e4cf6d8ac89f16c3839695a96a6a05733ec9a1d7e75e,CURRENT_SOURCE
index_archivos/js/themes/base/minified/jquery.ui.accordion.min.css,.css,651,a94183a455289f2a83b13ee4b2697e535320d0042682356f9f20fb7d975b4a86,CURRENT_SOURCE
index_archivos/js/themes/base/minified/jquery.ui.autocomplete.min.css,.css,202,7692f1d6e57171584a3f4622528a840bc9d9b4602daf9ab2f80eaab93ed69e7c,CURRENT_SOURCE
index_archivos/js/themes/base/minified/jquery.ui.button.min.css,.css,1879,fadf8abb624014b8a7cbc7a1dcc091a72900e81b06e7fc64f62afc5adfcc01dc,CURRENT_SOURCE
index_archivos/js/themes/base/minified/jquery.ui.core.min.css,.css,928,2113fc58afc8ecd304a9f44922d8711e7e05abee94d9d4a2d98e273335ad40bd,CURRENT_SOURCE
index_archivos/js/themes/base/minified/jquery.ui.datepicker.min.css,.css,3094,2b5ea4d8433010407c7ac4ac9cfe35375059b89451734677f45c5f50fcc28470,CURRENT_SOURCE
index_archivos/js/themes/base/minified/jquery.ui.dialog.min.css,.css,1071,7b6163b0b8f25990b50e7c941b63d3c25ee7ad041d11f757e2b843bcb1f2f472,CURRENT_SOURCE
index_archivos/js/themes/base/minified/jquery.ui.menu.min.css,.css,1096,fc231fa554f6fd0306f13a6bb8fb7189895af7b94f7dd4d1422ce04ce0dee60d,CURRENT_SOURCE
index_archivos/js/themes/base/minified/jquery.ui.progressbar.min.css,.css,470,4520543fd57a43f8cf7d39590d40ca9b3c9820a0aa2278a59bc34fc4c83640be,CURRENT_SOURCE
index_archivos/js/themes/base/minified/jquery.ui.resizable.min.css,.css,929,e3ddafc678a2d9d2db82f928eb055c398ffbc73b30c566bfe244c9b3a92ce6e6,CURRENT_SOURCE
index_archivos/js/themes/base/minified/jquery.ui.selectable.min.css,.css,215,38927738caa5a204dc49d9271d58419c16465b6ecc601caac128dc4136dc5e22,CURRENT_SOURCE
index_archivos/js/themes/base/minified/jquery.ui.slider.min.css,.css,1046,f794f17f8e2d7847d56a13e8eead814f71857d3a7750305775e3f6b257685d10,CURRENT_SOURCE
index_archivos/js/themes/base/minified/jquery.ui.spinner.min.css,.css,811,34f2dcc14a4e418ecdd9319eb2abd886a728b339e93546181c2ee59ee9e6ddd1,CURRENT_SOURCE
index_archivos/js/themes/base/minified/jquery.ui.tabs.min.css,.css,896,b72926dd581e3a28211caec04f8526a31f15962a646f9a373c16206b072ec790,CURRENT_SOURCE
index_archivos/js/themes/base/minified/jquery.ui.theme.min.css,.css,148,a1b402c92e80b2f84e2c803f5513cccd24bbe5417b015a924c3b16972f865b05,CURRENT_SOURCE
index_archivos/js/themes/base/minified/jquery.ui.tooltip.min.css,.css,300,9fb8cf366e93d8a777a519772f058a82047cce1f77dc6b2b0da0256b381652a0,CURRENT_SOURCE
index_archivos/js/themes/black/accordion.css,.css,870,ddb98f8cf042b8a884573ba4b5ed1a1a751f16dfbbf6604caf0c61ccf8165943,CURRENT_SOURCE
index_archivos/js/themes/black/calendar.css,.css,3810,2a5dd5f522dff0d19b0caea824161a8d7986afb074bcf7f3eb34d1404e5e7493,CURRENT_SOURCE
index_archivos/js/themes/black/combo.css,.css,1063,8a5155cdb861d42066d533d1ff5fe059b6f68ae3003567a03c0b416f068aea15,CURRENT_SOURCE
index_archivos/js/themes/black/combobox.css,.css,411,5d25bd8c3bdf2341028aaab59bf8ed12648b6a7d48cd9fe47583e00d9b1af44e,CURRENT_SOURCE
index_archivos/js/themes/black/datagrid.css,.css,5288,2131672896cbbd2abc80123740c5d9e308fb82d9b7e24decddb5ebb9be485d02,CURRENT_SOURCE
index_archivos/js/themes/black/datebox.css,.css,652,6e738056fccb013b47ee64f7290cb13c24097ef66ab468bbf031352c0ee3898f,CURRENT_SOURCE
index_archivos/js/themes/black/dialog.css,.css,508,198fbd7a1048fe695a7ea4868e64ff57cf604d111f750b37f396319a5edca515,CURRENT_SOURCE
index_archivos/js/themes/black/easyui.css,.css,49848,38499698f4a2864c3092f7aae8f2aae8d65b708389dc89c0c01fc4f6f8da5b06,CURRENT_SOURCE
index_archivos/js/themes/black/images/Thumbs.db,.db,35328,55a65a0b6ba99dedee285eb8459e0bc77b95dbc04d14cf7f43960146bcc4c650,CURRENT_SOURCE
index_archivos/js/themes/black/images/accordion_arrows.png,.png,122,56591ffa7c35b1268356c232c538011d7d903e3b6cc50e5801325c04be8bb9bc,CURRENT_SOURCE
index_archivos/js/themes/black/images/blank.gif,.gif,43,2dfe28cbdb83f01c940de6a88ab86200154fd772d568035ac568664e52068363,CURRENT_SOURCE
index_archivos/js/themes/black/images/calendar_arrows.png,.png,173,15060519427c0c11b284b7a45355687ec04288c7001e6a6ff01e2f2cd96f27aa,CURRENT_SOURCE
index_archivos/js/themes/black/images/combo_arrow.png,.png,100,1f9061fcf14df0d5ba661c8ef469002b86959b6d717775f049aa5a04bfda399f,CURRENT_SOURCE
index_archivos/js/themes/black/images/datagrid_icons.png,.png,210,5eb7f6e6fef707b9b5047ea8a7f6f803c9087ae7af55a00a8df305812ab4b536,CURRENT_SOURCE
index_archivos/js/themes/black/images/datebox_arrow.png,.png,626,ae0edf0eb4494370b7c3d373d3268add63a8637550cb7a6648b033c9b20d4740,CURRENT_SOURCE
index_archivos/js/themes/black/images/layout_arrows.png,.png,179,3189422b0bf3498518709115db6bf56d3085e540bff930073ead24df3f87342b,CURRENT_SOURCE
index_archivos/js/themes/black/images/linkbutton_bg.png,.png,1274,ece4656205f8e3fc2af9ff63fae06e89de5ad7859203152a969e143dedeca78a,CURRENT_SOURCE
index_archivos/js/themes/black/images/loading.gif,.gif,1737,b66fedaac2c04f0e051e3ab29154613aa887ddbdd86bd0bda491e0bf39e15f42,CURRENT_SOURCE
index_archivos/js/themes/black/images/menu_arrows.png,.png,134,aca73cc522a2707d648dece1ac4aec24173191738463d3902d78c11091ee030c,CURRENT_SOURCE
index_archivos/js/themes/black/images/messager_icons.png,.png,6116,bc262bbc9e3d357da3380e4f26c630933d4b3eb2743971790a081bd7d8ede885,CURRENT_SOURCE
index_archivos/js/themes/black/images/pagination_icons.png,.png,339,c715857e328d839f3fc6fe1d74a0d2f9cc00daf43368a22ffb16c28aac5d0b82,CURRENT_SOURCE
index_archivos/js/themes/black/images/panel_tools.png,.png,184,f8fb568e728bd934f1cc8416ee11f2b63dbe23b1ee0021c2c7c0ed7a6b7588d7,CURRENT_SOURCE
index_archivos/js/themes/black/images/searchbox_button.png,.png,813,2cd4bcccf216f8caacb91ad41b61cbdc73b797c66a112ee9a8b3af509725c7f7,CURRENT_SOURCE
index_archivos/js/themes/black/images/slider_handle.png,.png,863,9909fbfc3f70ad8b4cf47ca448e3b2aed55bdcb002dbbeb7e41b7042947b219e,CURRENT_SOURCE
index_archivos/js/themes/black/images/spinner_arrows.png,.png,112,89d501219adb6ab0d78c0870bdc809d6638c98ecffc6685f7c13944285ea4739,CURRENT_SOURCE
index_archivos/js/themes/black/images/tabs_icons.png,.png,144,1bcde6cce836f808314d64889942043c8c0e28645004a9b705effeed1bd3c047,CURRENT_SOURCE
index_archivos/js/themes/black/images/tree_icons.png,.png,3086,8a3dff88fdb9744fe290c59e2287c4b5bc2681e853a1027d34ff3d22aeb46e6b,CURRENT_SOURCE
index_archivos/js/themes/black/images/validatebox_warning.png,.png,921,d4525bd8babf0d2eb6d9d4d1f9591eab518de9da1c50459b34bba017d9a27fd8,CURRENT_SOURCE
index_archivos/js/themes/black/layout.css,.css,1772,bb08e34f82f6379f10a3193e2ccdda5b18208fc277df0f592e4e760ccaf713d5,CURRENT_SOURCE
index_archivos/js/themes/black/linkbutton.css,.css,3948,f9224f14185baa6183bc4d162fdeb2f337d5d430144584723ffd45b89ba0ceb2,CURRENT_SOURCE
index_archivos/js/themes/black/menu.css,.css,2137,e955076502efde018e0fe12ae0b4c0f36bff2a3198470e5701708fe0882f831d,CURRENT_SOURCE
index_archivos/js/themes/black/menubutton.css,.css,710,ae55917fd7fe30510017b3ab48a193d1356581878c428504dcd4f90633717025,CURRENT_SOURCE
index_archivos/js/themes/black/messager.css,.css,795,663581eba76ffdb2e1ef692e1a8e89c57a89e70407c72da8a3cce54926a95940,CURRENT_SOURCE
index_archivos/js/themes/black/pagination.css,.css,1631,cab7d15b495f403c4db4354dd504239323ef64809abf12813ad10bbdae83b5d7,CURRENT_SOURCE
index_archivos/js/themes/black/panel.css,.css,2828,176da6cd944d3ca5831d87f4a1c598e0bba8ee1a76fcebcc069d10ae00465b1f,CURRENT_SOURCE
index_archivos/js/themes/black/progressbar.css,.css,676,1587d4ef8c571e6508f2967a34ae38637438b5da4b12c68b218bdfe892f79b6f,CURRENT_SOURCE
index_archivos/js/themes/black/propertygrid.css,.css,738,65e3aafd487f599816d16fceb1b2fe0b2be4dde202bd0b12dd685181d261a03f,CURRENT_SOURCE
index_archivos/js/themes/black/searchbox.css,.css,1736,55ec79bbee400902f30301995b3a2e1b72969a8fd472089e639dd2acd66cb4f5,CURRENT_SOURCE
index_archivos/js/themes/black/slider.css,.css,1690,926618168e3ff6e34ef6d1f90bd00659fe04efefc2ff1b8d594bd3184bf1e2cd,CURRENT_SOURCE
index_archivos/js/themes/black/spinner.css,.css,1153,54d385e3da7c7511598a9929919f798e4060ebd5bfe4974493f9b9bf61e809b6,CURRENT_SOURCE
index_archivos/js/themes/black/splitbutton.css,.css,1015,e57570f6fedcee97d78e49b33c12b26bd9d38218e5fe74ea2404f7c386d6ccea,CURRENT_SOURCE
index_archivos/js/themes/black/tabs.css,.css,8557,78958eef69a6d614f8f1e49289ff56832c9f13b87a5e6d11c95cf8e0e695631f,CURRENT_SOURCE
index_archivos/js/themes/black/tooltip.css,.css,2003,5d4342ac126d887674e4c64b30c66f65dc02ccd5c55e17f8a29bfe0d21a3f6ac,CURRENT_SOURCE
index_archivos/js/themes/black/tree.css,.css,3579,3318c1ca4adf3d0b020bc754ca30427a30cf20a6fafd80e225cd6d802a4838ca,CURRENT_SOURCE
index_archivos/js/themes/black/validatebox.css,.css,230,f82729666815341d2d3a71f1762ce05a87a435e86269a099e5f3e78b7d8a71b0,CURRENT_SOURCE
index_archivos/js/themes/black/window.css,.css,2048,e36d3c1f876eefdb56ace0f3b7aaade0236550c9204d9b7947fefec392aca9fe,CURRENT_SOURCE
index_archivos/js/themes/bootstrap/accordion.css,.css,876,6b75efe286aa4488fb9984d8f2f3b462a55908f0ce90c6daac7fd6cd09502757,CURRENT_SOURCE
index_archivos/js/themes/bootstrap/calendar.css,.css,3828,8f02ff722e5aeece3faaa358985aecbd234827077f98ad64c16552bf50a19b9b,CURRENT_SOURCE
index_archivos/js/themes/bootstrap/combo.css,.css,1075,eb12d0d2fce0acc7748ebea41370b950700581ee1bc6420df1149cf6a1ad7301,CURRENT_SOURCE
index_archivos/js/themes/bootstrap/combobox.css,.css,417,db72621f20015b4ecda5adbca559f6638012bfae9151f74704402c04eddb4656,CURRENT_SOURCE
index_archivos/js/themes/bootstrap/datagrid.css,.css,5312,2ab13ee58b4ac064da77b4dc83ee0b94815c19eca7dfd8c3187cef48465527be,CURRENT_SOURCE
index_archivos/js/themes/bootstrap/datebox.css,.css,655,18ea69c58ea5382d50b5568d8464cbc96dc8776ed27ac43c993adf87444521d0,CURRENT_SOURCE
index_archivos/js/themes/bootstrap/dialog.css,.css,517,60d85881b492b2d43729ac86b17f6ad68443bab9fa7cf2ae312959dc1a46114c,CURRENT_SOURCE
index_archivos/js/themes/bootstrap/easyui.css,.css,50500,ffef324140bd032093e7ad66b4453c852db9e9e82dc46195831c9e8199772705,CURRENT_SOURCE
index_archivos/js/themes/bootstrap/images/Thumbs.db,.db,35328,55a65a0b6ba99dedee285eb8459e0bc77b95dbc04d14cf7f43960146bcc4c650,CURRENT_SOURCE
index_archivos/js/themes/bootstrap/images/accordion_arrows.png,.png,184,55b50845943d1cf4e70d210c51d14de12cd5b9c9020e1eaa083e6c5322c8c3e7,CURRENT_SOURCE
index_archivos/js/themes/bootstrap/images/blank.gif,.gif,43,2dfe28cbdb83f01c940de6a88ab86200154fd772d568035ac568664e52068363,CURRENT_SOURCE
index_archivos/js/themes/bootstrap/images/calendar_arrows.png,.png,173,15060519427c0c11b284b7a45355687ec04288c7001e6a6ff01e2f2cd96f27aa,CURRENT_SOURCE
index_archivos/js/themes/bootstrap/images/combo_arrow.png,.png,117,48f2d5db1f52566e7b2bd046c06b867d5352b151c8ac85b9a92f4e25ff52130a,CURRENT_SOURCE
index_archivos/js/themes/bootstrap/images/datagrid_icons.png,.png,220,e373fa1ff4a1bb7ac370a6831ef4893a03c940b651ad7086642ab4e1f2785cd9,CURRENT_SOURCE
index_archivos/js/themes/bootstrap/images/datebox_arrow.png,.png,626,ae0edf0eb4494370b7c3d373d3268add63a8637550cb7a6648b033c9b20d4740,CURRENT_SOURCE
index_archivos/js/themes/bootstrap/images/layout_arrows.png,.png,319,6f757d04b40d12fef63ae53f4fc12e7b48c84f8949ad0692ddd669b0dbf484fe,CURRENT_SOURCE
index_archivos/js/themes/bootstrap/images/linkbutton_bg.png,.png,1274,ece4656205f8e3fc2af9ff63fae06e89de5ad7859203152a969e143dedeca78a,CURRENT_SOURCE
index_archivos/js/themes/bootstrap/images/loading.gif,.gif,1737,b66fedaac2c04f0e051e3ab29154613aa887ddbdd86bd0bda491e0bf39e15f42,CURRENT_SOURCE
index_archivos/js/themes/bootstrap/images/menu_arrows.png,.png,160,e3ead896f4a667a93cca7b67c578ccb225efc41a623410b97d53fcb4263ba91a,CURRENT_SOURCE
index_archivos/js/themes/bootstrap/images/messager_icons.png,.png,6116,bc262bbc9e3d357da3380e4f26c630933d4b3eb2743971790a081bd7d8ede885,CURRENT_SOURCE
index_archivos/js/themes/bootstrap/images/pagination_icons.png,.png,628,4238157bedabf5c144bd3f11f40f12382b688a0a7b87f8b43ba47d3b9b7845e1,CURRENT_SOURCE
index_archivos/js/themes/bootstrap/images/panel_tools.png,.png,194,75b663d199b52f88e9ee3b45fa203e7ff1d6352fc8f7141b5ec0bb173d1f0f7c,CURRENT_SOURCE
index_archivos/js/themes/bootstrap/images/searchbox_button.png,.png,813,2cd4bcccf216f8caacb91ad41b61cbdc73b797c66a112ee9a8b3af509725c7f7,CURRENT_SOURCE
index_archivos/js/themes/bootstrap/images/slider_handle.png,.png,863,9909fbfc3f70ad8b4cf47ca448e3b2aed55bdcb002dbbeb7e41b7042947b219e,CURRENT_SOURCE
index_archivos/js/themes/bootstrap/images/spinner_arrows.png,.png,115,a82cb6c672f90dd6e2e423d2b2033b89c46306f7c8f2b7ea489359e7f2b7d3bc,CURRENT_SOURCE
index_archivos/js/themes/bootstrap/images/tabs_icons.png,.png,150,76528aac7be98b73e552f50fab5bb958d0f97b3d4ab5c10878c6169b3940e10d,CURRENT_SOURCE
index_archivos/js/themes/bootstrap/images/tree_icons.png,.png,3115,28946d0e6b7802e8d4b256621fb0c374a683ea30d8af451c8be6fb8dd378ef71,CURRENT_SOURCE
index_archivos/js/themes/bootstrap/images/validatebox_warning.png,.png,921,d4525bd8babf0d2eb6d9d4d1f9591eab518de9da1c50459b34bba017d9a27fd8,CURRENT_SOURCE
index_archivos/js/themes/bootstrap/layout.css,.css,1769,b91dcc9dc9910c0c4a41d941b5ebfeee24cf2cd466d9099335eba3a708ab70ce,CURRENT_SOURCE
index_archivos/js/themes/bootstrap/linkbutton.css,.css,3966,9e2badf14cbb4826a43480087134c9b91aa82650c45f38a17c15f509c4888e13,CURRENT_SOURCE
index_archivos/js/themes/bootstrap/menu.css,.css,2149,6f87ce92e5f63ab6ec1a585ccf010cb6ce32203802658e45f078ae21eaf8ae1a,CURRENT_SOURCE
index_archivos/js/themes/bootstrap/menubutton.css,.css,716,1c376507dfec79305ee6ae3921e670cf35d69931bfa9642438a173b23377228b,CURRENT_SOURCE
index_archivos/js/themes/bootstrap/messager.css,.css,798,7fbdc5b26720653b6cc13aed82572de30c48370fb67fba6f0b8ba0c3936e1985,CURRENT_SOURCE
index_archivos/js/themes/bootstrap/pagination.css,.css,1634,438ab12371ba5a454be108eeb214b062c3e466a79622d9405ad9b73b69dd922e,CURRENT_SOURCE
index_archivos/js/themes/bootstrap/panel.css,.css,2837,cbe041fd9a5001347306306d624be52c4677d74981c08b5f04bfe325e6544a15,CURRENT_SOURCE
index_archivos/js/themes/bootstrap/progressbar.css,.css,679,7e4defc00a3bf2ed2cb4fb147e410409a1ed5f5942262c34c1aaec68c365b280,CURRENT_SOURCE
index_archivos/js/themes/bootstrap/propertygrid.css,.css,744,10b2c254f4659dc51ce28b0b7f46f6e7bb413e1f112ae82aa51a0062bb0430f1,CURRENT_SOURCE
index_archivos/js/themes/bootstrap/searchbox.css,.css,1739,cd919259736e714aaa9585df86829b76c77829f6752c74ed4c436865be987625,CURRENT_SOURCE
index_archivos/js/themes/bootstrap/slider.css,.css,1696,65843cc97691fe66f6729b4931e98efab6aa0e71195db669cb48ff5e023a190a,CURRENT_SOURCE
index_archivos/js/themes/bootstrap/spinner.css,.css,1159,269d08c2983997f69f77be6d5a5a86d749eeedcd8e6055653d76b9e5b5b660d4,CURRENT_SOURCE
index_archivos/js/themes/bootstrap/splitbutton.css,.css,1018,94e04899bf85fc3594e65b87b2d6a0df157cf15c59d8661d02abf8bba8dac7ec,CURRENT_SOURCE
index_archivos/js/themes/bootstrap/tabs.css,.css,8644,449407956ae41200b274f61f3a6a14418be57eb697df5f5d10a7264e87d67b3b,CURRENT_SOURCE
index_archivos/js/themes/bootstrap/tooltip.css,.css,2033,5d10e93afab6338379ce57d0cdf0af7fea893c23192540c83481f364154c63a1,CURRENT_SOURCE
index_archivos/js/themes/bootstrap/tree.css,.css,3591,7b924364f63847800cd9f4a91316015c2abe27b3338e0da4ce7670da436a66b8,CURRENT_SOURCE
index_archivos/js/themes/bootstrap/validatebox.css,.css,230,f82729666815341d2d3a71f1762ce05a87a435e86269a099e5f3e78b7d8a71b0,CURRENT_SOURCE
index_archivos/js/themes/bootstrap/window.css,.css,2054,614e6b2f08193d8bae14beb02d67986ef4ad25220e4a1514f9eb898258649c02,CURRENT_SOURCE
index_archivos/js/themes/default/accordion.css,.css,879,712d044bdd194a749dc8e2ef0a04cca1dd6c5034be8a8cd32f42d6d68b4c13b7,CURRENT_SOURCE
index_archivos/js/themes/default/calendar.css,.css,3837,b139702f922bc2959b5213e45760c5183482e62c0e0bc956d3a252134bb7a30c,CURRENT_SOURCE
index_archivos/js/themes/default/combo.css,.css,1075,889b07f119e172e45c620edeabdcc155a096d39306c1a908dbea7b5ed246af3f,CURRENT_SOURCE
index_archivos/js/themes/default/combobox.css,.css,420,b947b66b43a275193c142d566efd4a6b87ee2fa33aee2fd569dd6b02611cad97,CURRENT_SOURCE
index_archivos/js/themes/default/datagrid.css,.css,5324,6f3a4b602f6a7aea4844371d947aefdf7f859fa169539453b554b81f7e2e309c,CURRENT_SOURCE
index_archivos/js/themes/default/datebox.css,.css,655,f54017bc03d449b1ef34047a8e57b8f0619701a8b2270580d5151f5fded98bba,CURRENT_SOURCE
index_archivos/js/themes/default/dialog.css,.css,517,bfc3c8de94f5865da7f3e12e49e4db676c1f3b8ed6842e7cb5d0ea273c8f8ff9,CURRENT_SOURCE
index_archivos/js/themes/default/easyui.css,.css,48959,dd0c9be4442a87dc4221fc5680dc7778c16f2967b119f01ade485a9e1c4a8df5,CURRENT_SOURCE
index_archivos/js/themes/default/images/Thumbs.db,.db,35328,55a65a0b6ba99dedee285eb8459e0bc77b95dbc04d14cf7f43960146bcc4c650,CURRENT_SOURCE
index_archivos/js/themes/default/images/accordion_arrows.png,.png,184,55b50845943d1cf4e70d210c51d14de12cd5b9c9020e1eaa083e6c5322c8c3e7,CURRENT_SOURCE
index_archivos/js/themes/default/images/blank.gif,.gif,43,2dfe28cbdb83f01c940de6a88ab86200154fd772d568035ac568664e52068363,CURRENT_SOURCE
index_archivos/js/themes/default/images/calendar_arrows.png,.png,173,15060519427c0c11b284b7a45355687ec04288c7001e6a6ff01e2f2cd96f27aa,CURRENT_SOURCE
index_archivos/js/themes/default/images/combo_arrow.png,.png,117,48f2d5db1f52566e7b2bd046c06b867d5352b151c8ac85b9a92f4e25ff52130a,CURRENT_SOURCE
index_archivos/js/themes/default/images/datagrid_icons.png,.png,220,e373fa1ff4a1bb7ac370a6831ef4893a03c940b651ad7086642ab4e1f2785cd9,CURRENT_SOURCE
index_archivos/js/themes/default/images/datebox_arrow.png,.png,626,ae0edf0eb4494370b7c3d373d3268add63a8637550cb7a6648b033c9b20d4740,CURRENT_SOURCE
index_archivos/js/themes/default/images/layout_arrows.png,.png,319,6f757d04b40d12fef63ae53f4fc12e7b48c84f8949ad0692ddd669b0dbf484fe,CURRENT_SOURCE
index_archivos/js/themes/default/images/linkbutton_bg.png,.png,1274,ece4656205f8e3fc2af9ff63fae06e89de5ad7859203152a969e143dedeca78a,CURRENT_SOURCE
index_archivos/js/themes/default/images/loading.gif,.gif,1737,b66fedaac2c04f0e051e3ab29154613aa887ddbdd86bd0bda491e0bf39e15f42,CURRENT_SOURCE
index_archivos/js/themes/default/images/menu_arrows.png,.png,160,e3ead896f4a667a93cca7b67c578ccb225efc41a623410b97d53fcb4263ba91a,CURRENT_SOURCE
index_archivos/js/themes/default/images/messager_icons.png,.png,6116,bc262bbc9e3d357da3380e4f26c630933d4b3eb2743971790a081bd7d8ede885,CURRENT_SOURCE
index_archivos/js/themes/default/images/pagination_icons.png,.png,628,4238157bedabf5c144bd3f11f40f12382b688a0a7b87f8b43ba47d3b9b7845e1,CURRENT_SOURCE
index_archivos/js/themes/default/images/panel_tools.png,.png,852,6f0314282af62b06234177f2bd0fe1f2969612407c4354f735859e35d74a9a59,CURRENT_SOURCE
index_archivos/js/themes/default/images/searchbox_button.png,.png,813,2cd4bcccf216f8caacb91ad41b61cbdc73b797c66a112ee9a8b3af509725c7f7,CURRENT_SOURCE
index_archivos/js/themes/default/images/slider_handle.png,.png,863,9909fbfc3f70ad8b4cf47ca448e3b2aed55bdcb002dbbeb7e41b7042947b219e,CURRENT_SOURCE
index_archivos/js/themes/default/images/spinner_arrows.png,.png,115,a82cb6c672f90dd6e2e423d2b2033b89c46306f7c8f2b7ea489359e7f2b7d3bc,CURRENT_SOURCE
index_archivos/js/themes/default/images/tabs_icons.png,.png,150,76528aac7be98b73e552f50fab5bb958d0f97b3d4ab5c10878c6169b3940e10d,CURRENT_SOURCE
index_archivos/js/themes/default/images/tree_icons.png,.png,3115,28946d0e6b7802e8d4b256621fb0c374a683ea30d8af451c8be6fb8dd378ef71,CURRENT_SOURCE
index_archivos/js/themes/default/images/validatebox_warning.png,.png,921,d4525bd8babf0d2eb6d9d4d1f9591eab518de9da1c50459b34bba017d9a27fd8,CURRENT_SOURCE
index_archivos/js/themes/default/layout.css,.css,1784,0279d2b10924bb8f21c7d249c3950bf78c6fd243586232241d5cb09d98850cbe,CURRENT_SOURCE
index_archivos/js/themes/default/linkbutton.css,.css,2702,5ff10d41c5f640786f4636e17323ac2cd558165febbd0dfe5200645c21aad5ef,CURRENT_SOURCE
index_archivos/js/themes/default/menu.css,.css,2155,a94e07839f915772decbdfd56a1712b9a5e8d9932746f30508197cc5372b74da,CURRENT_SOURCE
index_archivos/js/themes/default/menubutton.css,.css,719,cede8b45c15cd13dd7cbf67748924e0716ab8e09d5d1937cba703ce9d50ddf71,CURRENT_SOURCE
index_archivos/js/themes/default/messager.css,.css,798,3a77f9268b7361597b84d9d51df17d8390deab7501d5769eddc8f22c0086d2f5,CURRENT_SOURCE
index_archivos/js/themes/default/pagination.css,.css,1634,3c58710db7d57d7ef583ea96d70e96009a7eb627e19a26a87248e0f727f1da6a,CURRENT_SOURCE
index_archivos/js/themes/default/panel.css,.css,2843,a693b2c54344fa6482da5112e740380352068e2e744fb2fadeef1b20d5ff4066,CURRENT_SOURCE
index_archivos/js/themes/default/progressbar.css,.css,685,e62c2873b46da906ab607688976209ceeb77fcc3b7a85f940a6072498a21c6fe,CURRENT_SOURCE
index_archivos/js/themes/default/propertygrid.css,.css,744,1c3068ce9754bbefb728d91fcb18b979e8670d743e214b2d0bc5b8ab5efb7891,CURRENT_SOURCE
index_archivos/js/themes/default/searchbox.css,.css,1739,bf660979a74fc6a85d8c6be383888d7be0e8a9bc1035498cc967129d21d123a0,CURRENT_SOURCE
index_archivos/js/themes/default/slider.css,.css,1699,c5d29fa89823fed4ee4cd5ee9117e78c3aee916ca86f6f715857912bd21b4ef4,CURRENT_SOURCE
index_archivos/js/themes/default/spinner.css,.css,1159,903e1f7c19737722387970e94b5a3d16e0743502320fb5185aadfc5320be6b57,CURRENT_SOURCE
index_archivos/js/themes/default/splitbutton.css,.css,1024,802e55c170d476148891575bd2715a786f73cccd9c97540755dc790225c6bf0e,CURRENT_SOURCE
index_archivos/js/themes/default/tabs.css,.css,8650,bfc615006862dd44af6da257548bd563610ae971eb5a410f8db39ef77ceeb868,CURRENT_SOURCE
index_archivos/js/themes/default/tooltip.css,.css,2036,b5bf2fdbe88fade708d91429ad1df15471c93c15debd18c5794639de06edb139,CURRENT_SOURCE
index_archivos/js/themes/default/tree.css,.css,3597,a93c580201a7045b186037021bc4b92fe0b5cf2afffc3ceeaaaa25ae80498023,CURRENT_SOURCE
index_archivos/js/themes/default/validatebox.css,.css,230,f82729666815341d2d3a71f1762ce05a87a435e86269a099e5f3e78b7d8a71b0,CURRENT_SOURCE
index_archivos/js/themes/default/window.css,.css,2054,ffaf2e34a55733e50572b1f22804a62a698d5897f987aa74bedd9b619e81ee23,CURRENT_SOURCE
index_archivos/js/themes/gray/accordion.css,.css,876,54f5ae5209f7b3501a90b8892e1ba6443bd22429d0ea27a4e1bb340b3d0c222b,CURRENT_SOURCE
index_archivos/js/themes/gray/calendar.css,.css,3831,b765b248d9fd365e300f20eba2f7dfb2d9009a7727847364237046f76efd2484,CURRENT_SOURCE
index_archivos/js/themes/gray/combo.css,.css,1075,44a7cc284f47942106f30e9259f8b1a3bd6f7856c4e39cc61adb98f1c0ba7ec4,CURRENT_SOURCE
index_archivos/js/themes/gray/combobox.css,.css,417,7fee8be846a1c8ccac8259de392798e78b1370e595ee63e877bc48c4cabc6a6d,CURRENT_SOURCE
index_archivos/js/themes/gray/datagrid.css,.css,5318,5f7946ca15f0f18cd1adcad2a7bfce07ea1912d3969be647fc601d3d8ebb2986,CURRENT_SOURCE
index_archivos/js/themes/gray/datebox.css,.css,655,a265db2368dcb2dd052f96f1211466f0b7561789e935bf64d41f4833f816108e,CURRENT_SOURCE
index_archivos/js/themes/gray/dialog.css,.css,511,222f2ef3bad9a9527e8934e897e1ae275ee0e4f2edc255c8265e0b3a53c50ee9,CURRENT_SOURCE
index_archivos/js/themes/gray/easyui.css,.css,48914,bd3ccd00165913c0f9ddb6985b0d1f8279651710e417b4405d878e21ab40a825,CURRENT_SOURCE
index_archivos/js/themes/gray/images/Thumbs.db,.db,35328,55a65a0b6ba99dedee285eb8459e0bc77b95dbc04d14cf7f43960146bcc4c650,CURRENT_SOURCE
index_archivos/js/themes/gray/images/accordion_arrows.png,.png,125,65d395483dd79e4808889fdbbc80aa2b2da2aa7320f6b528fc5384ae7d2c75c0,CURRENT_SOURCE
index_archivos/js/themes/gray/images/blank.gif,.gif,43,2dfe28cbdb83f01c940de6a88ab86200154fd772d568035ac568664e52068363,CURRENT_SOURCE
index_archivos/js/themes/gray/images/calendar_arrows.png,.png,173,15060519427c0c11b284b7a45355687ec04288c7001e6a6ff01e2f2cd96f27aa,CURRENT_SOURCE
index_archivos/js/themes/gray/images/combo_arrow.png,.png,103,f78d6d4a55424624d483f9347881e833b1eea0de301726279a6753d9867b7df6,CURRENT_SOURCE
index_archivos/js/themes/gray/images/datagrid_icons.png,.png,243,57ff8b5b354dc02e6f68a2144e37251bc9056d08d1ad068db917bb83c1206d40,CURRENT_SOURCE
index_archivos/js/themes/gray/images/datebox_arrow.png,.png,626,ae0edf0eb4494370b7c3d373d3268add63a8637550cb7a6648b033c9b20d4740,CURRENT_SOURCE
index_archivos/js/themes/gray/images/layout_arrows.png,.png,181,df3854615e13776527e30831e4baf8bea2916f45f59ab146fc60a9d0ca974e4a,CURRENT_SOURCE
index_archivos/js/themes/gray/images/linkbutton_bg.png,.png,1274,ece4656205f8e3fc2af9ff63fae06e89de5ad7859203152a969e143dedeca78a,CURRENT_SOURCE
index_archivos/js/themes/gray/images/loading.gif,.gif,1737,b66fedaac2c04f0e051e3ab29154613aa887ddbdd86bd0bda491e0bf39e15f42,CURRENT_SOURCE
index_archivos/js/themes/gray/images/menu_arrows.png,.png,160,e3ead896f4a667a93cca7b67c578ccb225efc41a623410b97d53fcb4263ba91a,CURRENT_SOURCE
index_archivos/js/themes/gray/images/messager_icons.png,.png,6116,bc262bbc9e3d357da3380e4f26c630933d4b3eb2743971790a081bd7d8ede885,CURRENT_SOURCE
index_archivos/js/themes/gray/images/pagination_icons.png,.png,466,320904aaee25d1e62fe44c02cc5a0db62fa0e3a016a569964ea39c22498f9fbc,CURRENT_SOURCE
index_archivos/js/themes/gray/images/panel_tools.png,.png,191,c19570511e2beafe25783e3842a1651031aad85fc0bdd325aef4b9bcf7407c49,CURRENT_SOURCE
index_archivos/js/themes/gray/images/searchbox_button.png,.png,813,2cd4bcccf216f8caacb91ad41b61cbdc73b797c66a112ee9a8b3af509725c7f7,CURRENT_SOURCE
index_archivos/js/themes/gray/images/slider_handle.png,.png,863,9909fbfc3f70ad8b4cf47ca448e3b2aed55bdcb002dbbeb7e41b7042947b219e,CURRENT_SOURCE
index_archivos/js/themes/gray/images/spinner_arrows.png,.png,141,90f2467d8cc6b927de848a488fcf07f7474e72731bbac5682437236a54f3c6d9,CURRENT_SOURCE
index_archivos/js/themes/gray/images/tabs_icons.png,.png,144,062ce6db4853227dafcbfcf8d8fafb95ecf76ef3d73023b4969119ed17a898c9,CURRENT_SOURCE
index_archivos/js/themes/gray/images/tree_icons.png,.png,3115,28946d0e6b7802e8d4b256621fb0c374a683ea30d8af451c8be6fb8dd378ef71,CURRENT_SOURCE
index_archivos/js/themes/gray/images/validatebox_warning.png,.png,921,d4525bd8babf0d2eb6d9d4d1f9591eab518de9da1c50459b34bba017d9a27fd8,CURRENT_SOURCE
index_archivos/js/themes/gray/layout.css,.css,1784,3ed650bc4e1f42a17c33d06f2748a3879836f61eb8ef75ecbfc55af40e436639,CURRENT_SOURCE
index_archivos/js/themes/gray/linkbutton.css,.css,2699,79c062e5cdec78b7c727c7b355953cdc806adee45d23a7c1ca611d94957ad232,CURRENT_SOURCE
index_archivos/js/themes/gray/menu.css,.css,2155,091216fbfda1b2881cdb6976e34aff342d85b93aa4d145e957c1533f7baf004f,CURRENT_SOURCE
index_archivos/js/themes/gray/menubutton.css,.css,716,74112b102dec8641700dec615a7bdd1baa7ed6ee6bd38d89f54efc5e90ac597a,CURRENT_SOURCE
index_archivos/js/themes/gray/messager.css,.css,798,cd308d76bc6ee42d9606192fea21bd982dc41b6be4e1c538232e2f9263546bda,CURRENT_SOURCE
index_archivos/js/themes/gray/pagination.css,.css,1634,9ec6e6a80ac3a616ebc1282720a0d00edf4ccc49c83b8343608dcb0737dec58b,CURRENT_SOURCE
index_archivos/js/themes/gray/panel.css,.css,2843,137818151ecb72ea0a6dba2b0b35a10e7e4f08bd311025c2abe1de14123084c2,CURRENT_SOURCE
index_archivos/js/themes/gray/progressbar.css,.css,682,b13b92d1bc378a964e8d6fd6dd500d165cb78b4333c2cfcdff62d92879b5f3b8,CURRENT_SOURCE
index_archivos/js/themes/gray/propertygrid.css,.css,738,403a1e4ddd926669b5287dfb6e874b4e0c5528dc67d9347465154d5934ed284f,CURRENT_SOURCE
index_archivos/js/themes/gray/searchbox.css,.css,1739,0779b1f3d3a4933625536287b9734e9074073e6475031c118943c7fade5bf16f,CURRENT_SOURCE
index_archivos/js/themes/gray/slider.css,.css,1699,6f32a02c8681ef4e06882c1a35180fc17da3b29391b8ce23dc3428bdb5a1bc28,CURRENT_SOURCE
index_archivos/js/themes/gray/spinner.css,.css,1159,6434de978ce109c04c46ee3cd54487bf95db3cf6b2374d08a23ea1de168582d1,CURRENT_SOURCE
index_archivos/js/themes/gray/splitbutton.css,.css,1021,4201b497ebf17c164f859c41ad17d248981e9099d337d97cd1f34d425d1c37b9,CURRENT_SOURCE
index_archivos/js/themes/gray/tabs.css,.css,8650,9d967144a3507cd01dd111ad2a3892af8cff9c91d7625c48c0497cf4e65511fe,CURRENT_SOURCE
index_archivos/js/themes/gray/tooltip.css,.css,2036,850af71f786024fd47a6363a1f61be1b5a567afb6da9cc7217e131fc86c51b35,CURRENT_SOURCE
index_archivos/js/themes/gray/tree.css,.css,3594,9b85bbbd73d01370252ea17a47eed30c7083cd19eea0cb49cb53c0f94d5d6a6e,CURRENT_SOURCE
index_archivos/js/themes/gray/validatebox.css,.css,230,f82729666815341d2d3a71f1762ce05a87a435e86269a099e5f3e78b7d8a71b0,CURRENT_SOURCE
index_archivos/js/themes/gray/window.css,.css,2054,06ad49d8f0c92a55b2efade2d9cec1d0c1e203dce159f0c6c35e587a5db6abcd,CURRENT_SOURCE
index_archivos/js/themes/icon.css,.css,1732,eaeb9925ea66f3457fb1569b16faa31f4df509cf9375385288d844f5935656f9,CURRENT_SOURCE
index_archivos/js/themes/icons/back.png,.png,912,4d4e1426703021e861685ff3bf9eb303022e9476b373cf468e712f3b9d38c907,CURRENT_SOURCE
index_archivos/js/themes/icons/blank.gif,.gif,43,2dfe28cbdb83f01c940de6a88ab86200154fd772d568035ac568664e52068363,CURRENT_SOURCE
index_archivos/js/themes/icons/cancel.png,.png,432,5d32a10dee9c31e9a9d2e076212e797bf810c2ad97648500f71f5af0d05a12de,CURRENT_SOURCE
index_archivos/js/themes/icons/cut.png,.png,1024,64016cb03df08f291aabc53caa2568b33359600f4f55a1bac3a1ebe96bb577ee,CURRENT_SOURCE
index_archivos/js/themes/icons/edit_add.png,.png,478,dcf1ae218c336d96c51972fb34f8a607bd367679c48f788f996e72285de0ca69,CURRENT_SOURCE
index_archivos/js/themes/icons/edit_remove.png,.png,297,9e0a43c2061232605d89f0654edf31d4bd33090e83efbcafde959881dc7dfe17,CURRENT_SOURCE
index_archivos/js/themes/icons/filesave.png,.png,358,bbc0467cc4502cfc5fffd4081a3e1186607e22df56322235b15c0f33d67949fc,CURRENT_SOURCE
index_archivos/js/themes/icons/filter.png,.png,305,704de4b435b256347fe5670a925ed6fd9e6e2efbd73a0475de4721907c610112,CURRENT_SOURCE
index_archivos/js/themes/icons/help.png,.png,1187,65c2c27feaa95cb283d2c0d34efc9ec5a5c7d89d98da9a505594bb636956b637,CURRENT_SOURCE
index_archivos/js/themes/icons/mini_add.png,.png,244,cd1afd8d46e81fe6e0f1b903077121483fb438de904cce8bc1868704cc05e38f,CURRENT_SOURCE
index_archivos/js/themes/icons/mini_edit.png,.png,161,51b94b95fa6b6ac61b93cd642ee4ad4c76c8a27eef94e63f7bcf2b61d322699b,CURRENT_SOURCE
index_archivos/js/themes/icons/mini_refresh.png,.png,160,0ef54e6b5aa5fcce280be3f5c4500404b14fe85d56540a7710fa96f3e313d510,CURRENT_SOURCE
index_archivos/js/themes/icons/no.png,.png,922,3f96d0b41f13f562dc72ead6ac1ae94e0f92abc40e6814f0683f78e894d60edc,CURRENT_SOURCE
index_archivos/js/themes/icons/ok.png,.png,883,69377961efba369a4809e78860e76ca7284e22e9af5166221c96a556678ffb26,CURRENT_SOURCE
index_archivos/js/themes/icons/pencil.png,.png,713,445cd447d701aa86567805b51dc8c472a99dc9b68c80c900ba9877c3b1d40067,CURRENT_SOURCE
index_archivos/js/themes/icons/print.png,.png,1057,f6222355986de3004cc6e0b3689ed4356550fb56a9d08f8761f5227e27685acb,CURRENT_SOURCE
index_archivos/js/themes/icons/redo.png,.png,708,846dc83fae63d166cac92978cdc0262541f23f32b5e640e7a99127ba657a72ef,CURRENT_SOURCE
index_archivos/js/themes/icons/reload.png,.png,1045,6b0b2e24f0a0589fb64fb6fd4667fddfb8150f6d89b6426626e04d0e4c614e82,CURRENT_SOURCE
index_archivos/js/themes/icons/search.png,.png,813,2cd4bcccf216f8caacb91ad41b61cbdc73b797c66a112ee9a8b3af509725c7f7,CURRENT_SOURCE
index_archivos/js/themes/icons/sum.png,.png,213,75ac0ee493993c3d7f6d37a53c653b99c58b300d52e4d626cbc99637ff458411,CURRENT_SOURCE
index_archivos/js/themes/icons/tip.png,.png,743,4d2e0d0e238b6a0cc02194d93f6d62d2d0cba191a2e3a4e3da89a09e27b6b612,CURRENT_SOURCE
index_archivos/js/themes/icons/undo.png,.png,707,2bf01f9bdd6dc0c982270ba5e5f020c7458b71e65942aaa2f315ee0ab1d52b92,CURRENT_SOURCE
index_archivos/js/themes/metro/accordion.css,.css,870,24181f318fd155abe005d919116502b7134a289fa990e8103809e8c665246293,CURRENT_SOURCE
index_archivos/js/themes/metro/calendar.css,.css,3813,e6df1a8dbf14d804373107cf80e6b221a4bfb5a364773fe8350a73f3ff084740,CURRENT_SOURCE
index_archivos/js/themes/metro/combo.css,.css,1066,960d143f195df841fcb649d83121e6a016219f272d20ba1493c9015335bd810e,CURRENT_SOURCE
index_archivos/js/themes/metro/combobox.css,.css,414,b5f880dc9b970abcfca636ee4dc19ab5362e5eedf2938c675080295dd0cde153,CURRENT_SOURCE
index_archivos/js/themes/metro/datagrid.css,.css,4890,ed998ecd7a358ac83402a1104c3cbb52b41ac4db767279e2c860aecf467ade13,CURRENT_SOURCE
index_archivos/js/themes/metro/datebox.css,.css,652,a816955560b3c255f42beaea5a23d892cc10a08c4e4ad8700fb48f1fac656e34,CURRENT_SOURCE
index_archivos/js/themes/metro/dialog.css,.css,508,6867290095fea517d35e870a4564121fcb71f6e10ecf690edbabbe5a9d19d940,CURRENT_SOURCE
index_archivos/js/themes/metro/easyui.css,.css,46544,ceb19a2886517b4d8e635ffdca5e716f9ca75e79fc6d4d4ee611b5f5eff0fa41,CURRENT_SOURCE
index_archivos/js/themes/metro/images/Thumbs.db,.db,35328,55a65a0b6ba99dedee285eb8459e0bc77b95dbc04d14cf7f43960146bcc4c650,CURRENT_SOURCE
index_archivos/js/themes/metro/images/accordion_arrows.png,.png,184,55b50845943d1cf4e70d210c51d14de12cd5b9c9020e1eaa083e6c5322c8c3e7,CURRENT_SOURCE
index_archivos/js/themes/metro/images/blank.gif,.gif,43,2dfe28cbdb83f01c940de6a88ab86200154fd772d568035ac568664e52068363,CURRENT_SOURCE
index_archivos/js/themes/metro/images/calendar_arrows.png,.png,173,15060519427c0c11b284b7a45355687ec04288c7001e6a6ff01e2f2cd96f27aa,CURRENT_SOURCE
index_archivos/js/themes/metro/images/combo_arrow.png,.png,117,48f2d5db1f52566e7b2bd046c06b867d5352b151c8ac85b9a92f4e25ff52130a,CURRENT_SOURCE
index_archivos/js/themes/metro/images/datagrid_icons.png,.png,220,e373fa1ff4a1bb7ac370a6831ef4893a03c940b651ad7086642ab4e1f2785cd9,CURRENT_SOURCE
index_archivos/js/themes/metro/images/datebox_arrow.png,.png,626,ae0edf0eb4494370b7c3d373d3268add63a8637550cb7a6648b033c9b20d4740,CURRENT_SOURCE
index_archivos/js/themes/metro/images/layout_arrows.png,.png,319,6f757d04b40d12fef63ae53f4fc12e7b48c84f8949ad0692ddd669b0dbf484fe,CURRENT_SOURCE
index_archivos/js/themes/metro/images/linkbutton_bg.png,.png,1274,ece4656205f8e3fc2af9ff63fae06e89de5ad7859203152a969e143dedeca78a,CURRENT_SOURCE
index_archivos/js/themes/metro/images/loading.gif,.gif,1737,b66fedaac2c04f0e051e3ab29154613aa887ddbdd86bd0bda491e0bf39e15f42,CURRENT_SOURCE
index_archivos/js/themes/metro/images/menu_arrows.png,.png,160,e3ead896f4a667a93cca7b67c578ccb225efc41a623410b97d53fcb4263ba91a,CURRENT_SOURCE
index_archivos/js/themes/metro/images/messager_icons.png,.png,6116,bc262bbc9e3d357da3380e4f26c630933d4b3eb2743971790a081bd7d8ede885,CURRENT_SOURCE
index_archivos/js/themes/metro/images/pagination_icons.png,.png,628,4238157bedabf5c144bd3f11f40f12382b688a0a7b87f8b43ba47d3b9b7845e1,CURRENT_SOURCE
index_archivos/js/themes/metro/images/panel_tools.png,.png,194,75b663d199b52f88e9ee3b45fa203e7ff1d6352fc8f7141b5ec0bb173d1f0f7c,CURRENT_SOURCE
index_archivos/js/themes/metro/images/searchbox_button.png,.png,813,2cd4bcccf216f8caacb91ad41b61cbdc73b797c66a112ee9a8b3af509725c7f7,CURRENT_SOURCE
index_archivos/js/themes/metro/images/slider_handle.png,.png,863,9909fbfc3f70ad8b4cf47ca448e3b2aed55bdcb002dbbeb7e41b7042947b219e,CURRENT_SOURCE
index_archivos/js/themes/metro/images/spinner_arrows.png,.png,115,a82cb6c672f90dd6e2e423d2b2033b89c46306f7c8f2b7ea489359e7f2b7d3bc,CURRENT_SOURCE
index_archivos/js/themes/metro/images/tabs_icons.png,.png,150,76528aac7be98b73e552f50fab5bb958d0f97b3d4ab5c10878c6169b3940e10d,CURRENT_SOURCE
index_archivos/js/themes/metro/images/tree_icons.png,.png,3115,28946d0e6b7802e8d4b256621fb0c374a683ea30d8af451c8be6fb8dd378ef71,CURRENT_SOURCE
index_archivos/js/themes/metro/images/validatebox_warning.png,.png,921,d4525bd8babf0d2eb6d9d4d1f9591eab518de9da1c50459b34bba017d9a27fd8,CURRENT_SOURCE
index_archivos/js/themes/metro/layout.css,.css,1772,d8e8263936157babf916e6a810b5fe3ef51f696b15d84fc570af6fe98b77adf9,CURRENT_SOURCE
index_archivos/js/themes/metro/linkbutton.css,.css,3963,76ac8901f26b4c9f3ec6bbfa6280128b3b9fa76208a9b8a1564cb0b2bf966d44,CURRENT_SOURCE
index_archivos/js/themes/metro/menu.css,.css,2146,e36ddeba301c53810397179754a6e77d1ce47b093764b86ad9f313f3b706a973,CURRENT_SOURCE
index_archivos/js/themes/metro/menubutton.css,.css,713,c62a46aec50a21397015a3846b12a9da2094a1e104c8cc46d0511da931f69e12,CURRENT_SOURCE
index_archivos/js/themes/metro/messager.css,.css,795,6aec512df7b24b3fd732adc4281f0214a88a4e2311b643f020103a95828fd935,CURRENT_SOURCE
index_archivos/js/themes/metro/pagination.css,.css,1631,69f6680e80fbe77f1f9e77afe9042f1598428ca0e6690d5f09dbf206da9d242a,CURRENT_SOURCE
index_archivos/js/themes/metro/panel.css,.css,2436,aa8617f4f62632437de703691ce6ff54d89f817f0a0676c74ec2469eea30952f,CURRENT_SOURCE
index_archivos/js/themes/metro/progressbar.css,.css,676,c8ed5eefd814d6eca90ad70119ba3ca414fe5f9878318489942bd324676acd04,CURRENT_SOURCE
index_archivos/js/themes/metro/propertygrid.css,.css,738,3547ed8bf387b0cd05ce7aafa3b8dbdcbe46a0d325853156ce0fee9719748ea7,CURRENT_SOURCE
index_archivos/js/themes/metro/searchbox.css,.css,1736,addbcbc852ffa76cccff23f3158afb7ea72a0d05de91220e971d80faed9bddd5,CURRENT_SOURCE
index_archivos/js/themes/metro/slider.css,.css,1690,47c96f598b9dd5cfd47e128169885377c06f0eb83bdc6678e84572ac1fb373ba,CURRENT_SOURCE
index_archivos/js/themes/metro/spinner.css,.css,1156,fc6a2f2a506e8366dc51e9ca87e431555991dac9e2a29b6af01ec6727ca41506,CURRENT_SOURCE
index_archivos/js/themes/metro/splitbutton.css,.css,1018,428731747acf616779d5dfe139b1601d10ac454783108504bf964d4b722ead29,CURRENT_SOURCE
index_archivos/js/themes/metro/tabs.css,.css,6401,73406c22350d33fb1d0357c462a0631c89eebd905ce3abf7a6f3cd8d6fbc35fc,CURRENT_SOURCE
index_archivos/js/themes/metro/tooltip.css,.css,2003,4e6a5a52cbd46f7dda43914839d38f007889d405f1912815eb0bb14352eaa892,CURRENT_SOURCE
index_archivos/js/themes/metro/tree.css,.css,3582,aa6df98bf41e182f7b404073ce50d2ecd4a0f722314788824042c62cbf3184bb,CURRENT_SOURCE
index_archivos/js/themes/metro/validatebox.css,.css,230,f82729666815341d2d3a71f1762ce05a87a435e86269a099e5f3e78b7d8a71b0,CURRENT_SOURCE
index_archivos/js/themes/metro/window.css,.css,1645,896531c1c0974b1f4da7418ab5368ed82a9f91fbe107f9e652843d06fe7b0df1,CURRENT_SOURCE
index_archivos/js/ui/i18n/jquery-ui-i18n.js,.js,71714,fabf66a1568a7babde9dd469650a96db56d58c2b8c368b7be189c2a60e2adf56,CURRENT_SOURCE
index_archivos/js/ui/i18n/jquery.ui.datepicker-af.js,.js,919,2beea82badcb7d97a2cdffb5ff1fece0b51a9a840e05790369235182e672b0f2,CURRENT_SOURCE
index_archivos/js/ui/i18n/jquery.ui.datepicker-ar-DZ.js,.js,1230,bd614503bcb41c0036490f42739ccdafc422904e2fabe1eea598f5dacd25aea2,CURRENT_SOURCE
index_archivos/js/ui/i18n/jquery.ui.datepicker-ar.js,.js,1320,1cd17c64841375829733a765b8984ffd578fcbb6539a9ee03a497da86cd41231,CURRENT_SOURCE
index_archivos/js/ui/i18n/jquery.ui.datepicker-az.js,.js,944,f086bce42b337988a1b190bd7566e969aa2fb7cf6f13695c0969409d9c920011,CURRENT_SOURCE
index_archivos/js/ui/i18n/jquery.ui.datepicker-be.js,.js,1169,ae544397a1fd771b6aa29f750280c4c989c559c9ee8227537f8e597a293a67d0,CURRENT_SOURCE
index_archivos/js/ui/i18n/jquery.ui.datepicker-bg.js,.js,1148,480861e196d64cd8335528a07121ba70813386dc531554840184e326690f76f5,CURRENT_SOURCE
index_archivos/js/ui/i18n/jquery.ui.datepicker-bs.js,.js,867,a1b1d05ea2656dad895bafd3c52f277ad65ae2be30abbc1919c6b2e6b0f908a3,CURRENT_SOURCE
index_archivos/js/ui/i18n/jquery.ui.datepicker-ca.js,.js,897,00b210647d90f3e9519c7d5093653a51b8b907e35c8217bfc6e3d8cbf3625042,CURRENT_SOURCE
index_archivos/js/ui/i18n/jquery.ui.datepicker-cs.js,.js,946,32bf6eb9cd8533dbddc1e0baeefd413de43b148c9e118d3e25a31ee124db6f4a,CURRENT_SOURCE
index_archivos/js/ui/i18n/jquery.ui.datepicker-cy-GB.js,.js,927,44231bf999a7848af992052aa16ad2c7d1953edabc778e110c07331b291959d9,CURRENT_SOURCE
index_archivos/js/ui/i18n/jquery.ui.datepicker-da.js,.js,913,9ac08bba5559a94c079126a11b3161297449991fa81e6d60568cd97d4c079d45,CURRENT_SOURCE
index_archivos/js/ui/i18n/jquery.ui.datepicker-de.js,.js,904,503e280dbfdd3da1fcd443fe917c639d7b875e83d01af04a1ea7e573191559c9,CURRENT_SOURCE
index_archivos/js/ui/i18n/jquery.ui.datepicker-el.js,.js,1222,e2da49f51ebae9e2a7e8d579719bc2a7e4ad92634743649482afe5b2b55716ff,CURRENT_SOURCE
index_archivos/js/ui/i18n/jquery.ui.datepicker-en-AU.js,.js,920,9e4f871f5dde54c6ecc7c1749c87f6d0993693cf38dd574b947d6c254ca963dc,CURRENT_SOURCE
index_archivos/js/ui/i18n/jquery.ui.datepicker-en-GB.js,.js,897,7a4a2aef37b4d9063e6f651ef58187685d58ffed6433eaf20e16933d20902368,CURRENT_SOURCE
index_archivos/js/ui/i18n/jquery.ui.datepicker-en-NZ.js,.js,922,070643d4684558f3802e9a7c3269328595dcb068a4815f249dfe128dd42f285a,CURRENT_SOURCE
index_archivos/js/ui/i18n/jquery.ui.datepicker-eo.js,.js,916,7feaa504142e75f1b723728eefc566145c59e9a9b928d098160d3c00f9a71f81,CURRENT_SOURCE
index_archivos/js/ui/i18n/jquery.ui.datepicker-es.js,.js,911,7c68f2b3cd6d45c47d3c5f33773b6587c7fcd7e00a744ea4ae0c86669c415e98,CURRENT_SOURCE
index_archivos/js/ui/i18n/jquery.ui.datepicker-et.js,.js,974,fd7f486022b032ec5efc32afdf0d3dbb4f4ef0cd11700fc24a013c9f5ea550e6,CURRENT_SOURCE
index_archivos/js/ui/i18n/jquery.ui.datepicker-eu.js,.js,936,c4fa0c42a6978886aa5f8f8260371000ec55d3cf961dd3f4fb310e50cc49481f,CURRENT_SOURCE
index_archivos/js/ui/i18n/jquery.ui.datepicker-fa.js,.js,1223,a97a07f4d5fb0902068046fb4025f61e4df845fe78c3f0b88498bee1feed95d7,CURRENT_SOURCE
index_archivos/js/ui/i18n/jquery.ui.datepicker-fi.js,.js,968,85c1a4dd6e1afec8d2c682ce4daa8054a8c81ac5da21ece3ae09d1f4d044edbe,CURRENT_SOURCE
index_archivos/js/ui/i18n/jquery.ui.datepicker-fo.js,.js,941,211dfc091047f62275a4cf647cca1dff4906a75000969dd9613bd4924edc1857,CURRENT_SOURCE
index_archivos/js/ui/i18n/jquery.ui.datepicker-fr-CA.js,.js,936,b57ca2378698e5a8c5eaad3d423086e99780ec99f11cbc4f1b843da5e72d0071,CURRENT_SOURCE
index_archivos/js/ui/i18n/jquery.ui.datepicker-fr-CH.js,.js,980,c6b0b13b9bfc001f0ed184837c833cee799f0a564b912edcdaf88e04bedc3583,CURRENT_SOURCE
index_archivos/js/ui/i18n/jquery.ui.datepicker-fr.js,.js,1067,002e04292bcfaddfb1eb93571e8fa74237f85f06e4b01b9d50528c8eb6e0e0e2,CURRENT_SOURCE
index_archivos/js/ui/i18n/jquery.ui.datepicker-gl.js,.js,913,3ee1e580984476c4342dd045047266d63213e8cb93cf522cefb90db9a0700f34,CURRENT_SOURCE
index_archivos/js/ui/i18n/jquery.ui.datepicker-he.js,.js,1039,d6cfa67732fdcd27856e10e53bfd000e05de33fe8f7b1258dad9767e5114ceba,CURRENT_SOURCE
index_archivos/js/ui/i18n/jquery.ui.datepicker-hi.js,.js,1336,8fe106d0b88778073f838f939190ea1a9a84ba4b13b3a77a00537c27f5eda0c3,CURRENT_SOURCE
index_archivos/js/ui/i18n/jquery.ui.datepicker-hr.js,.js,892,205efc8ce6a2518abe0dcc6f8a790d84b3f30fa96dddb7bfc96c7ccc0ee72748,CURRENT_SOURCE
index_archivos/js/ui/i18n/jquery.ui.datepicker-hu.js,.js,971,8f86d5eca2e9891a77412982d3daef4f42df8effd8df916dfa80a8f8f52d272a,CURRENT_SOURCE
index_archivos/js/ui/i18n/jquery.ui.datepicker-hy.js,.js,1197,78699d1fc52a4b5f02a7cdc3cbe7efc734c9b038ad2cebf3e48967a103760b54,CURRENT_SOURCE
index_archivos/js/ui/i18n/jquery.ui.datepicker-id.js,.js,905,7da1421e33e2497c6c6e41901d3489f4e7064d3a84e7c3be3cce1b791e2b3066,CURRENT_SOURCE
index_archivos/js/ui/i18n/jquery.ui.datepicker-is.js,.js,969,1f6ab3e801d4e01490876d08350c03ca7cf5bca3d61d0bc67450b71019cc72db,CURRENT_SOURCE
index_archivos/js/ui/i18n/jquery.ui.datepicker-it.js,.js,935,606cb2951710185b02965287bcebc3a4c41aeb7cdda88c52e59479446b215f7f,CURRENT_SOURCE
index_archivos/js/ui/i18n/jquery.ui.datepicker-ja.js,.js,925,f883f014b773b845495235ea512c819286b4d11c6fae17cb2dde034c8bf039dc,CURRENT_SOURCE
index_archivos/js/ui/i18n/jquery.ui.datepicker-ka.js,.js,1435,8206c89f1fa36af6a3146976d2eacd476fae075d00decaa923a8ef9630f834af,CURRENT_SOURCE
index_archivos/js/ui/i18n/jquery.ui.datepicker-kk.js,.js,1140,5596ab2d28b6f98590839252ab45703cc3c2e82429720aa5ac2858586533c400,CURRENT_SOURCE
index_archivos/js/ui/i18n/jquery.ui.datepicker-km.js,.js,1353,223eb8a4e816652b73d0b8a7408527383d4f74ba6fa7588c4d07e6d57adec90f,CURRENT_SOURCE
index_archivos/js/ui/i18n/jquery.ui.datepicker-ko.js,.js,934,a94937431c047ffa61b2204713de73dafc42549b0f1a96ff7af8e69694da9217,CURRENT_SOURCE
index_archivos/js/ui/i18n/jquery.ui.datepicker-ky.js,.js,1133,c542a924c449a14d1213ca0c329a105f8f619dd26a5f5f92f74b12c0fc775c34,CURRENT_SOURCE
index_archivos/js/ui/i18n/jquery.ui.datepicker-lb.js,.js,957,b96c3516e6940a8b025894ead6d133b2f5251c7b27e952ac79e66c6f611a600a,CURRENT_SOURCE
index_archivos/js/ui/i18n/jquery.ui.datepicker-lt.js,.js,984,bf1d2f3ac849071fd412df9b463c2b863d0cf11de78ce0dc382f47fa45c56f6b,CURRENT_SOURCE
index_archivos/js/ui/i18n/jquery.ui.datepicker-lv.js,.js,965,18befdb62619209e69e8a9f262166d321422c95503b7a48faf0a84d08f90af0d,CURRENT_SOURCE
index_archivos/js/ui/i18n/jquery.ui.datepicker-mk.js,.js,1080,b047c201dbf4552be25ccf4038ff12b9878c838ba223c6a3f613e4d8cab2d23e,CURRENT_SOURCE
index_archivos/js/ui/i18n/jquery.ui.datepicker-ml.js,.js,1459,6c7315ab5a0848917b47fb621a7348b976072b24ac8b4dab33976ba823884bd0,CURRENT_SOURCE
index_archivos/js/ui/i18n/jquery.ui.datepicker-ms.js,.js,914,6818924d9750f81f4b697784537741fa30605652122a692550220a8acea23521,CURRENT_SOURCE
index_archivos/js/ui/i18n/jquery.ui.datepicker-nb.js,.js,918,b1bd30608cd3fe78178dcb5fa525eb0f78e88f4610d91e127e58f60cad8d9a95,CURRENT_SOURCE
index_archivos/js/ui/i18n/jquery.ui.datepicker-nl-BE.js,.js,941,3e1a20c5f325555fc9d8825e0829be3638b3d462081d1a0dcedbafb157205eb2,CURRENT_SOURCE
index_archivos/js/ui/i18n/jquery.ui.datepicker-nl.js,.js,945,505abfe66a923155f9a801fcb4f75b4ce1fdbacdc34091e031396863b31c2d82,CURRENT_SOURCE
index_archivos/js/ui/i18n/jquery.ui.datepicker-nn.js,.js,915,8d8d3bdfc70615d4e69555236cde12b11f67066627a4b031f8b546875b740e13,CURRENT_SOURCE
index_archivos/js/ui/i18n/jquery.ui.datepicker-no.js,.js,911,4e5f539f438375da105a9fe734dfc2896be2b5674b02d78db196ffe1baaf080f,CURRENT_SOURCE
index_archivos/js/ui/i18n/jquery.ui.datepicker-pl.js,.js,940,c6ca9a4fe5c13c78a7293d0c9821d9aa56114675576fe924f82e8572cd2b25cc,CURRENT_SOURCE
index_archivos/js/ui/i18n/jquery.ui.datepicker-pt-BR.js,.js,968,da77f2bac180f70c6ca77b6910970a87a44bd40b6ee3a8272ff710855e673ba4,CURRENT_SOURCE
index_archivos/js/ui/i18n/jquery.ui.datepicker-pt.js,.js,890,ce85e8b00fd24d969f1e3625987c1e49b7c33ac04128d8270176d4f8007e87d4,CURRENT_SOURCE
index_archivos/js/ui/i18n/jquery.ui.datepicker-rm.js,.js,926,e8140d3994b13f5cdc07bb6b9fbc0786b52f4515248d82342d908d7ffaef16d3,CURRENT_SOURCE
index_archivos/js/ui/i18n/jquery.ui.datepicker-ro.js,.js,1015,7539c3fc021c61ae8592694b810626eb7fbad7d8ee0b0182229c482bc52474f8,CURRENT_SOURCE
index_archivos/js/ui/i18n/jquery.ui.datepicker-ru.js,.js,1140,227ac88b2e7f3fec648fee4ad4f61f17546552b725aeeefe78f32327938c9fe5,CURRENT_SOURCE
index_archivos/js/ui/i18n/jquery.ui.datepicker-sk.js,.js,928,0157dde9337a927ac0d2802710bee4068ccd4acd5a67de903bbf7634e949e9e0,CURRENT_SOURCE
index_archivos/js/ui/i18n/jquery.ui.datepicker-sl.js,.js,967,e9330698d146145bc86bc30b7c1e6515f671ff073eeee20589742764ca424410,CURRENT_SOURCE
index_archivos/js/ui/i18n/jquery.ui.datepicker-sq.js,.js,910,c90092b77d09a39f6a913310433d37c08e3159874ea38ca462532e91dd596cd0,CURRENT_SOURCE
index_archivos/js/ui/i18n/jquery.ui.datepicker-sr-SR.js,.js,871,74d51721b3c25c13b23e1ac4b9aa096dbe0e62e6db50e717014bdcc1dd0db155,CURRENT_SOURCE
index_archivos/js/ui/i18n/jquery.ui.datepicker-sr.js,.js,1060,a83d9383ff957c7f36397815abe84ac8158df1d9fe1da877faa692892dc6d754,CURRENT_SOURCE
index_archivos/js/ui/i18n/jquery.ui.datepicker-sv.js,.js,913,aeb37c517c48df7166869daf1c4c5446659e628de395b230ca6855975b0b091f,CURRENT_SOURCE
index_archivos/js/ui/i18n/jquery.ui.datepicker-ta.js,.js,1519,26b5616ef38a14ed4ef61889fccc993958a0bc464cec1340fe7b51ed4baaa86b,CURRENT_SOURCE
index_archivos/js/ui/i18n/jquery.ui.datepicker-th.js,.js,1297,ef602ef80a1bd32d102ce88690c57e7b66b0fbe53b4dc883824f38d4322d35d7,CURRENT_SOURCE
index_archivos/js/ui/i18n/jquery.ui.datepicker-tj.js,.js,1097,0c993eadb1e42e31fd5161ba0e523f6a5502008091251c81d2e4d510c4536faa,CURRENT_SOURCE
index_archivos/js/ui/i18n/jquery.ui.datepicker-tr.js,.js,906,e0eefa5a472ed519e637b339f9d13086e7f7e353f1cb2d6bc799a0c17a826120,CURRENT_SOURCE
index_archivos/js/ui/i18n/jquery.ui.datepicker-uk.js,.js,1207,f744c674bf420d980f8c51a3c5f6df42a1ef9583f1663f6ab4e1c0a49f1b4eb7,CURRENT_SOURCE
index_archivos/js/ui/i18n/jquery.ui.datepicker-vi.js,.js,1117,7ca1ed38f83e013b74af402343784b89dea5dbe6cfff75003bafd253adcefe24,CURRENT_SOURCE
index_archivos/js/ui/i18n/jquery.ui.datepicker-zh-CN.js,.js,1006,f53a4afffb8b81276150f03ac17c2c49abaf571d57b94c93d012530c3c2f358f,CURRENT_SOURCE
index_archivos/js/ui/i18n/jquery.ui.datepicker-zh-HK.js,.js,1004,ca1c82034e2d6dbde9842a3aa81584ceb566a63fd4342bc066cc83dc208bdc60,CURRENT_SOURCE
index_archivos/js/ui/i18n/jquery.ui.datepicker-zh-TW.js,.js,1000,46221998eb1c1e1b97cbd9209f222d29c12712dfda29942842c750986ead96af,CURRENT_SOURCE
index_archivos/js/ui/jquery-ui.custom.js,.js,451723,dc0ed300d96bb3f15e73eb69ada33ec33b03f4f2d1326cc7c201c3d8025b75a3,CURRENT_SOURCE
index_archivos/js/ui/jquery.ui.accordion.js,.js,15507,cd6e58c8d3398cc8ee50066d0b856fc2aec285ef75669af0f0e32b3c0322b8cc,CURRENT_SOURCE
index_archivos/js/ui/jquery.ui.autocomplete.js,.js,16502,de2984e0b403ac8a62db8fa90375bf6ecab5271e261443a4f5d9675c2724c052,CURRENT_SOURCE
index_archivos/js/ui/jquery.ui.button.js,.js,11367,ce114536774d6aac45e380c8904c64cdc8ff7b7ec9031158363f82519b01958b,CURRENT_SOURCE
index_archivos/js/ui/jquery.ui.core.js,.js,8518,2947ee7b1c2b90e2447fa9ee92da4c0ae2e82697c36ebc4433cefdf147e86355,CURRENT_SOURCE
index_archivos/js/ui/jquery.ui.datepicker.js,.js,78362,6d7fe28f515c08558dee9219ba629c2af0b60af42bd01e1aed2c1c2af2b69246,CURRENT_SOURCE
index_archivos/js/ui/jquery.ui.dialog.js,.js,21299,b0bc41c064c1927b66609ed2d9b7945907d1547a62295abbc7de7187059aa6e2,CURRENT_SOURCE
index_archivos/js/ui/jquery.ui.draggable.js,.js,32310,e045449ad5ff54da136f27bd9d856ff356e86f5a257cf6111295f2a93f774741,CURRENT_SOURCE
index_archivos/js/ui/jquery.ui.droppable.js,.js,11445,4284994c126ce0a16955581fea9afaeeb6cc290034180e4438983110f3fb4103,CURRENT_SOURCE
index_archivos/js/ui/jquery.ui.effect-blind.js,.js,2010,437aa1523c8cee34a20b881d3d964e40e3dae5d53ffc877e5aeaa9eed253b792,CURRENT_SOURCE
index_archivos/js/ui/jquery.ui.effect-bounce.js,.js,2902,82db2f2efcef102ba16a34c58849df419d7fd5ce5a3f763982f761d6b42f849c,CURRENT_SOURCE
index_archivos/js/ui/jquery.ui.effect-clip.js,.js,1535,1057ac893f524f7593c57be105d3bddcc6755d622d18fb3aad300e39854422d7,CURRENT_SOURCE
index_archivos/js/ui/jquery.ui.effect-drop.js,.js,1538,648d263ed78e10971bfe3fa6215af8f1f375c51f1da67b96872e075c597bdcc3,CURRENT_SOURCE
index_archivos/js/ui/jquery.ui.effect-explode.js,.js,2499,fc5aa34eacdfb86370a60892042736f0ad0dc4eb49890899ebc090c01b0d07cd,CURRENT_SOURCE
index_archivos/js/ui/jquery.ui.effect-fade.js,.js,588,b1bd25dee852a6ac65119d60c16b7a417e4395b521caa5e76e79957090dd497d,CURRENT_SOURCE
index_archivos/js/ui/jquery.ui.effect-fold.js,.js,1774,7fb1aaae6f6ab9f796c7eab2406886480700b171ebf0661e07c746c6b7f3da63,CURRENT_SOURCE
index_archivos/js/ui/jquery.ui.effect-highlight.js,.js,1052,b5aab7550e3fc7248f087a2f005a415b3f1fa13eaeef10f24812255c5c8209f4,CURRENT_SOURCE
index_archivos/js/ui/jquery.ui.effect-pulsate.js,.js,1437,3c0f94571f5fa4467bb54b73c27d47500bbf8a544cadcbbecba976018bf64564,CURRENT_SOURCE
index_archivos/js/ui/jquery.ui.effect-scale.js,.js,8592,93e67bd03baa2658f917c7dbea67eff59c9ae669bdf525ec16707d5b56765318,CURRENT_SOURCE
index_archivos/js/ui/jquery.ui.effect-shake.js,.js,2022,0ef50fdaa3b031ace914da14c990cf47f768680199ca316a0d474aacd1d3f66b,CURRENT_SOURCE
index_archivos/js/ui/jquery.ui.effect-slide.js,.js,1536,269875ce50177ca67f25b0fd0ec9472d7b45befc0729fb647c90e91c7ddc0d6a,CURRENT_SOURCE
index_archivos/js/ui/jquery.ui.effect-transfer.js,.js,1284,e5a3e27945a241afe0143ab00a4653182f8000803be126fb4fe79968ee9ef99d,CURRENT_SOURCE
index_archivos/js/ui/jquery.ui.effect.js,.js,33207,9980eea96df9b9f96978b7bfb4788487829f99a9c7f41d230b32aa0aafbcef5a,CURRENT_SOURCE
index_archivos/js/ui/jquery.ui.menu.js,.js,17461,542d524139b4976ecbdbe2f5543a55e74812983c568dde41ad8c97d0716ba180,CURRENT_SOURCE
index_archivos/js/ui/jquery.ui.mouse.js,.js,4730,5485abe5ed701008235b9ac3b7849ad88cbdf36856fb7f31b110b58938e8222b,CURRENT_SOURCE
index_archivos/js/ui/jquery.ui.position.js,.js,16346,d34c06977c35918d1220fc5b9fc092f78173ee0019ea43ea9f5606ad86b22998,CURRENT_SOURCE
index_archivos/js/ui/jquery.ui.progressbar.js,.js,3513,0214e6a665887d1f3f5bb726145d99ceb22f6d310ae422072d98e38c5de56fbf,CURRENT_SOURCE
index_archivos/js/ui/jquery.ui.resizable.js,.js,28670,f4abecabfa3777cbf5bc249fa1b3d6b003eb8a2dfbefa7f11facd3a59ad95a45,CURRENT_SOURCE
index_archivos/js/ui/jquery.ui.selectable.js,.js,7244,2d5d46fbe0093ec70f7bc391874dc7e2a711eaf9181ab34bdab6f0d015f2b4ee,CURRENT_SOURCE
index_archivos/js/ui/jquery.ui.slider.js,.js,18853,4e4c86c88c3cafe9ab146348759cb817598ebe56bd66bd6c7fdaf43aa51c2a24,CURRENT_SOURCE
index_archivos/js/ui/jquery.ui.sortable.js,.js,44003,fd42f5f56d3454fa0d189c1a56cfb2447aa1299303c88f56b8b5ac301b699682,CURRENT_SOURCE
index_archivos/js/ui/jquery.ui.spinner.js,.js,13026,81bf71f41523843134656f9363ecb99410478f4a9fa481d4b6023fddacb79ea7,CURRENT_SOURCE
index_archivos/js/ui/jquery.ui.tabs.js,.js,22930,a4dfb68d12fba8a161e5bf8878375d8ada2adefbe4642ca70786d285cd870365,CURRENT_SOURCE
index_archivos/js/ui/jquery.ui.tooltip.js,.js,11224,a18ecd097b0eebeae33b7e28edaea36b80084d7eb0db2052c9f40ddb02e7acbc,CURRENT_SOURCE
index_archivos/js/ui/jquery.ui.widget.js,.js,15606,077b98238472785a6deb1d6a35f9f02842dbcbad01dccfe1ed8459daa57530df,CURRENT_SOURCE
index_archivos/js/ui/minified/i18n/jquery-ui-i18n.min.js,.js,58956,ff59d551301071ab82b791e1969fd8b78e0f47f8d50a4c31b8b9e9f048b8b2d6,CURRENT_SOURCE
index_archivos/js/ui/minified/i18n/jquery.ui.datepicker-af.min.js,.js,822,4a779ee36c990bf3a833b162d8364403b994c7d6c05132923fa9182d0bdea4a5,CURRENT_SOURCE
index_archivos/js/ui/minified/i18n/jquery.ui.datepicker-ar-DZ.min.js,.js,1070,17e15364774082f1a139e8992e42b36302a95f543663526f61a0e95d2d280312,CURRENT_SOURCE
index_archivos/js/ui/minified/i18n/jquery.ui.datepicker-ar.min.js,.js,1020,1602e6918655beb7c554de093a754a811fcc909375c726aed010d3e518bdf5f4,CURRENT_SOURCE
index_archivos/js/ui/minified/i18n/jquery.ui.datepicker-az.min.js,.js,839,ae78fdd4ae40df1bba6c4cba2ccd3864f3aa0648bee9d5f7edb772c6e7456c21,CURRENT_SOURCE
index_archivos/js/ui/minified/i18n/jquery.ui.datepicker-be.min.js,.js,1071,46ceef7666069a2e1e94bb40964a3a1d4eb240cfefb131f1004937a81064605c,CURRENT_SOURCE
index_archivos/js/ui/minified/i18n/jquery.ui.datepicker-bg.min.js,.js,1052,ab5e572985592019689c2a59bce708a1dd20c4c263921fff0d5c51e92b985198,CURRENT_SOURCE
index_archivos/js/ui/minified/i18n/jquery.ui.datepicker-bs.min.js,.js,809,04312eafe1be1791d65a98bea9ecc5c4dc21753d94a7e520da051961045dd602,CURRENT_SOURCE
index_archivos/js/ui/minified/i18n/jquery.ui.datepicker-ca.min.js,.js,808,9978f9d2a1444c84d562d0404cd7e0cef2565d30a035a208f46f746af48c1b64,CURRENT_SOURCE
index_archivos/js/ui/minified/i18n/jquery.ui.datepicker-cs.min.js,.js,842,3534d2aa6bed61d57d13576f466c39069ce49148df114f8affae388634d82f78,CURRENT_SOURCE
index_archivos/js/ui/minified/i18n/jquery.ui.datepicker-cy-GB.min.js,.js,836,da80de80ba92c96b37dfec60004f444592c54ee01993894feb4098717e479637,CURRENT_SOURCE
index_archivos/js/ui/minified/i18n/jquery.ui.datepicker-da.min.js,.js,817,477b4214dbbdc89f35063aa201b81336c18283c458ed197380a2f7f5b1df4b99,CURRENT_SOURCE
index_archivos/js/ui/minified/i18n/jquery.ui.datepicker-de.min.js,.js,818,ac4290a5a1860ab3ea514762fe7c57f40ef568d6d4aa85fdc7bf769598fbdbd8,CURRENT_SOURCE
index_archivos/js/ui/minified/i18n/jquery.ui.datepicker-el.min.js,.js,1122,3d6de1fe10713eea531b8a07f8d875e9440ad0d4cc399c1af4489f3a695559cf,CURRENT_SOURCE
index_archivos/js/ui/minified/i18n/jquery.ui.datepicker-en-AU.min.js,.js,815,676b127b05504d9013d21a9652e6dfe1b23815f008e0f6843623df2f97b374ac,CURRENT_SOURCE
index_archivos/js/ui/minified/i18n/jquery.ui.datepicker-en-GB.min.js,.js,815,2dfb5546d22ff91b3e8aeccb9a19ea892da3d3a7ecfb267e32d86478318f9b46,CURRENT_SOURCE
index_archivos/js/ui/minified/i18n/jquery.ui.datepicker-en-NZ.min.js,.js,815,41073f053874b46367dc3f8999d6aa3f09fdee4f32990ae64da99bf9b5391678,CURRENT_SOURCE
index_archivos/js/ui/minified/i18n/jquery.ui.datepicker-eo.min.js,.js,822,a45d32badf65ead37c3c136d605b894b447fa5a062c2cc6461b63c590bf1ff85,CURRENT_SOURCE
index_archivos/js/ui/minified/i18n/jquery.ui.datepicker-es.min.js,.js,809,de119a26aaa37b4663ae6f38811e94e589c57a5ab9ed271d1fa49e39fe63bf77,CURRENT_SOURCE
index_archivos/js/ui/minified/i18n/jquery.ui.datepicker-et.min.js,.js,854,d94b93ac43542108df873b19b82af12cac2f1043be76aa41bd8bdde96176ba67,CURRENT_SOURCE
index_archivos/js/ui/minified/i18n/jquery.ui.datepicker-eu.min.js,.js,843,cb3d7481fb406e87b21914a729f6a65ebfad8218def04d6ba01c6e740ed72615,CURRENT_SOURCE
index_archivos/js/ui/minified/i18n/jquery.ui.datepicker-fa.min.js,.js,877,2017c7c710a1e681e93411608668cd16f84384e2f85bf455990c84fdd4ae65ab,CURRENT_SOURCE
index_archivos/js/ui/minified/i18n/jquery.ui.datepicker-fi.min.js,.js,874,2d822402c2dd8c77181cd07ef8125663d8386a359674ca8fa9cae4159dec856c,CURRENT_SOURCE
index_archivos/js/ui/minified/i18n/jquery.ui.datepicker-fo.min.js,.js,849,8f7b94dcbd168831007f6a4b0f322c4a787530e468cd55b9d7639cf5f500c9a6,CURRENT_SOURCE
index_archivos/js/ui/minified/i18n/jquery.ui.datepicker-fr-CA.min.js,.js,851,a7342718ba5293d5046d8dd80ab026fc5e9e559744a56937f1438dda9d16d129,CURRENT_SOURCE
index_archivos/js/ui/minified/i18n/jquery.ui.datepicker-fr-CH.min.js,.js,848,fc3ccf79e691844cff8442038688487a47721af072635092e3511ec8aa56a380,CURRENT_SOURCE
index_archivos/js/ui/minified/i18n/jquery.ui.datepicker-fr.min.js,.js,839,3965d2aeba4e5ddb577f39f963aad908dabd108e8e306e401f80ffe04a719337,CURRENT_SOURCE
index_archivos/js/ui/minified/i18n/jquery.ui.datepicker-gl.min.js,.js,815,c1decd7d1d95320dafbf6a3bf222898efa5ac6b54bddeffeb57fa63424ae8664,CURRENT_SOURCE
index_archivos/js/ui/minified/i18n/jquery.ui.datepicker-he.min.js,.js,939,fa6819c049d1e53e4c25966908f85719bf9a2c3c365167f47bbf6bfedf23c06b,CURRENT_SOURCE
index_archivos/js/ui/minified/i18n/jquery.ui.datepicker-hi.min.js,.js,1239,c190bd442a05bd0cedc20a998074f772cd84db019b57494d355c5634a9903cc4,CURRENT_SOURCE
index_archivos/js/ui/minified/i18n/jquery.ui.datepicker-hr.min.js,.js,829,53a68da8064657dad839df4aff05982e05aa0d4619ad79d443794858e507c21e,CURRENT_SOURCE
index_archivos/js/ui/minified/i18n/jquery.ui.datepicker-hu.min.js,.js,838,1f1ae32cbced147adb1d7e5d873a65f862b08dd4163d1e275da72b2763a94a9e,CURRENT_SOURCE
index_archivos/js/ui/minified/i18n/jquery.ui.datepicker-hy.min.js,.js,1093,02cc74e0c37d03beddd3b81e6fc9c85cc2723e0d3bb52a4d2816bccbd8b43f8c,CURRENT_SOURCE
index_archivos/js/ui/minified/i18n/jquery.ui.datepicker-id.min.js,.js,809,32023277e65c3988aadcd20b273bffa70e3b240207fa7991a304285a414a4eb0,CURRENT_SOURCE
index_archivos/js/ui/minified/i18n/jquery.ui.datepicker-is.min.js,.js,873,91d1cd31834bfb992428158c2a25d07312fa25bbc3c30d8def558677a7c03157,CURRENT_SOURCE
index_archivos/js/ui/minified/i18n/jquery.ui.datepicker-it.min.js,.js,829,27faa602fc5ffa3ca6fa65f1f47ec86dc7812d8e486d6489f68cbb4c2381be93,CURRENT_SOURCE
index_archivos/js/ui/minified/i18n/jquery.ui.datepicker-ja.min.js,.js,835,6381953fd5126a482276ecf3eb0d5d750d3839008cf2d8533c33e833147cb379,CURRENT_SOURCE
index_archivos/js/ui/minified/i18n/jquery.ui.datepicker-ka.min.js,.js,1338,90344281070dc1ca11c42a207b724049608a4ccc953fc1d939c0494909199cda,CURRENT_SOURCE
index_archivos/js/ui/minified/i18n/jquery.ui.datepicker-kk.min.js,.js,1031,725de4f3be56486b7c145e16101d3436a7b17c08a8371ad30c09918a3bb4332d,CURRENT_SOURCE
index_archivos/js/ui/minified/i18n/jquery.ui.datepicker-km.min.js,.js,1243,7e7261fa0968052affd2fc77bc54cf43a19b934daac98372e4aed98e1ca000fc,CURRENT_SOURCE
index_archivos/js/ui/minified/i18n/jquery.ui.datepicker-ko.min.js,.js,831,133c1403ac37b28def0c77fceb4ad08b60bb4b05088ec0efbc9033166386321c,CURRENT_SOURCE
index_archivos/js/ui/minified/i18n/jquery.ui.datepicker-ky.min.js,.js,1017,98f4a83e3a85c1b538698ec8829d61f4e48db8650c837d162eb702c9634cd8be,CURRENT_SOURCE
index_archivos/js/ui/minified/i18n/jquery.ui.datepicker-lb.min.js,.js,828,0610c513513f95ec391dea7ed334976a7cf48684c709c4779520975a8378549f,CURRENT_SOURCE
index_archivos/js/ui/minified/i18n/jquery.ui.datepicker-lt.min.js,.js,883,65527144a5391b2c24f13e44caae353566f4b81205cc61c1c6dd82a7bde38c4f,CURRENT_SOURCE
index_archivos/js/ui/minified/i18n/jquery.ui.datepicker-lv.min.js,.js,852,772ef2e96774ef970e092f9e56f4049728602ba3b4d6735fcf5146537e47b9b4,CURRENT_SOURCE
index_archivos/js/ui/minified/i18n/jquery.ui.datepicker-mk.min.js,.js,1013,ce87a9aefd84dee7799d63304fe02be13248286f4393afbe539a3e1beb624957,CURRENT_SOURCE
index_archivos/js/ui/minified/i18n/jquery.ui.datepicker-ml.min.js,.js,1334,46b3bc4b1452e1d67a51fe22cf546b2089a62770b04d9e6b53a39058c1921cd0,CURRENT_SOURCE
index_archivos/js/ui/minified/i18n/jquery.ui.datepicker-ms.min.js,.js,807,9f8b461bfbaaa0a37b1cfda80a04e9cb3ad08a20fc8099377c543666f0332cdb,CURRENT_SOURCE
index_archivos/js/ui/minified/i18n/jquery.ui.datepicker-nb.min.js,.js,817,b1c8fc5d4f238b091f7d79f1eb29b67ff212f86abd0717239e43fdfc20757e41,CURRENT_SOURCE
index_archivos/js/ui/minified/i18n/jquery.ui.datepicker-nl-BE.min.js,.js,822,d6399d59365e580499739bcc18a314e2c2a1faa90b28294d9ee0ce6c4e520571,CURRENT_SOURCE
index_archivos/js/ui/minified/i18n/jquery.ui.datepicker-nl.min.js,.js,810,f2380b2dd049a320bcb4e3ac2b2f3c20a23f169547c5676df9754a6e2fae4884,CURRENT_SOURCE
index_archivos/js/ui/minified/i18n/jquery.ui.datepicker-nn.min.js,.js,814,bceda439981879198c40e5c4905a1bec92ae3701cdae0e92db0d7fd52706e1d1,CURRENT_SOURCE
index_archivos/js/ui/minified/i18n/jquery.ui.datepicker-no.min.js,.js,817,b9609d11a316b7cd92cef61874d6ee36723bb9c237e0e6d3779831742b0657c0,CURRENT_SOURCE
index_archivos/js/ui/minified/i18n/jquery.ui.datepicker-pl.min.js,.js,845,31401ea9daebb39ad406c5c5a620c54838d84ee3bf036a7bfee7d60b13d9e52d,CURRENT_SOURCE
index_archivos/js/ui/minified/i18n/jquery.ui.datepicker-pt-BR.min.js,.js,873,2c86af5166d7711c730af5686f64fdaf22a2a1a44d839e11ed73ce3dbdbc25f2,CURRENT_SOURCE
index_archivos/js/ui/minified/i18n/jquery.ui.datepicker-pt.min.js,.js,850,730bafbb802c6a73fbb28e80a7897afd66a8058d94f3dba16f10f936a20dab75,CURRENT_SOURCE
index_archivos/js/ui/minified/i18n/jquery.ui.datepicker-rm.min.js,.js,837,e266ad3abd58635aa725ab8efc16661e482078ff14493d755fbbfd4657563805,CURRENT_SOURCE
index_archivos/js/ui/minified/i18n/jquery.ui.datepicker-ro.min.js,.js,855,bbbb264ec74a7623b464e2ee385a7d0e0ecb88009e93d4fbb34a4bd6193d64d6,CURRENT_SOURCE
index_archivos/js/ui/minified/i18n/jquery.ui.datepicker-ru.min.js,.js,1039,75919b1fea4594895983e573e0e5f9b8acf9f13f09feaa259abff2add971e9e9,CURRENT_SOURCE
index_archivos/js/ui/minified/i18n/jquery.ui.datepicker-sk.min.js,.js,844,2a9a9179b162226cd875b1f37a12f78d446013035ec8126b1196669bfea79706,CURRENT_SOURCE
index_archivos/js/ui/minified/i18n/jquery.ui.datepicker-sl.min.js,.js,830,397e0d61bd6575d3cb66210bfe945c32a6d96449c266d694f329b74e37db4e34,CURRENT_SOURCE
index_archivos/js/ui/minified/i18n/jquery.ui.datepicker-sq.min.js,.js,818,b9060a4a7a873ea8af902f411649430ddff69b01e243b8a6c6ecb643552ea331,CURRENT_SOURCE
index_archivos/js/ui/minified/i18n/jquery.ui.datepicker-sr-SR.min.js,.js,818,6e6c6f0ad1c2f476504c97fdaf2dd1720cd9406de076c200a9b19382eee17eb7,CURRENT_SOURCE
index_archivos/js/ui/minified/i18n/jquery.ui.datepicker-sr.min.js,.js,1001,2777c3aa42d1e897aabf047cf6b7b446005b2534297926d572b6d6703a90733d,CURRENT_SOURCE
index_archivos/js/ui/minified/i18n/jquery.ui.datepicker-sv.min.js,.js,822,43091004b1869f8ac0fe7ac7c413918220c752b7dc9204c10ca66a8e66faee17,CURRENT_SOURCE
index_archivos/js/ui/minified/i18n/jquery.ui.datepicker-ta.min.js,.js,1421,19a88781bfa277ddc62f55098e46aeaf320d16ef23e61220a4ea8e6f137c9834,CURRENT_SOURCE
index_archivos/js/ui/minified/i18n/jquery.ui.datepicker-th.min.js,.js,1220,4bef8365bdca42a27fe61ecb5caa698ea5c7516c27b128dd791a5ae0c1c8fc7a,CURRENT_SOURCE
index_archivos/js/ui/minified/i18n/jquery.ui.datepicker-tj.min.js,.js,995,b76f949d83e98e12da7990c8ed80f24c1c705215bbf03fd107763b9fee1c7615,CURRENT_SOURCE
index_archivos/js/ui/minified/i18n/jquery.ui.datepicker-tr.min.js,.js,810,5048b5f2d0cfb210b916002731de7f782fd14c8a8e9ec1fabcd80e461d4de221,CURRENT_SOURCE
index_archivos/js/ui/minified/i18n/jquery.ui.datepicker-uk.min.js,.js,1044,366f4c9874e3fedabdcc5109658a7b6272c1820028e1408c3766866310d55de0,CURRENT_SOURCE
index_archivos/js/ui/minified/i18n/jquery.ui.datepicker-vi.min.js,.js,977,0c84771c903f8291da84755f651906575077b73b07c5d5be1926c579a0aec794,CURRENT_SOURCE
index_archivos/js/ui/minified/i18n/jquery.ui.datepicker-zh-CN.min.js,.js,925,ce0ff490de127aaba0072bce4fc747bdc4fa65265b045a2c1cca2763cfd19e55,CURRENT_SOURCE
index_archivos/js/ui/minified/i18n/jquery.ui.datepicker-zh-HK.min.js,.js,925,4248207f2959d387e2a5d4c5d23e56ab38b48c66521af8f3aec3af69a062b6e7,CURRENT_SOURCE
index_archivos/js/ui/minified/i18n/jquery.ui.datepicker-zh-TW.min.js,.js,925,042f27f652eefed4dc08b1e69e2877b6334656fc457f69ac7b4818d007264d9f,CURRENT_SOURCE
index_archivos/js/ui/minified/jquery-ui.custom.min.js,.js,228545,51289f1f128870206ba5fa839c871778fac7ad0ddff873659dfe58d563aefbb2,CURRENT_SOURCE
index_archivos/js/ui/minified/jquery.ui.accordion.min.js,.js,8371,dece323b99ec508581c4897bfde856697690e394fcb4edbf92d525cb73d5f09a,CURRENT_SOURCE
index_archivos/js/ui/minified/jquery.ui.autocomplete.min.js,.js,7791,08491ecc081f221052b8b36d2754a2dd5b5aee28695373233735c2d78d00b1c9,CURRENT_SOURCE
index_archivos/js/ui/minified/jquery.ui.button.min.js,.js,6878,c609a781d130af6e0304dd4835a00a022cbbdcf80e6ad6920938b9ea5c261613,CURRENT_SOURCE
index_archivos/js/ui/minified/jquery.ui.core.min.js,.js,4294,902cdffd43020b69d3e05e144b964f3ba97349e1c3c1be0266a56ad412c24c87,CURRENT_SOURCE
index_archivos/js/ui/minified/jquery.ui.datepicker.min.js,.js,35812,6b7ca70661c808fda3d9374e0264d3190c7070056bbbf618e36ce01a202dd24f,CURRENT_SOURCE
index_archivos/js/ui/minified/jquery.ui.dialog.min.js,.js,11267,e1b1b1fb99fa295945193453d80d6d12018783f3dd8de3e2dae858892379d648,CURRENT_SOURCE
index_archivos/js/ui/minified/jquery.ui.draggable.min.js,.js,18564,26e5824c433a280a6bbf92172b7985ee8f8845bc30140c84ac6aa19feea9b3a7,CURRENT_SOURCE
index_archivos/js/ui/minified/jquery.ui.droppable.min.js,.js,5989,773b0a7fa74b9e543157bd5165de996b78d9fba984964473ee376b7e6652afdd,CURRENT_SOURCE
index_archivos/js/ui/minified/jquery.ui.effect-blind.min.js,.js,960,36d9dcfbe4a42a9686801fa4505dc88b827d641cc94224119663fa83144d3616,CURRENT_SOURCE
index_archivos/js/ui/minified/jquery.ui.effect-bounce.min.js,.js,1062,a56a3701ecad8fb6ac47e54150cce2d5df2580ad62323c45e5f8839866c321dc,CURRENT_SOURCE
index_archivos/js/ui/minified/jquery.ui.effect-clip.min.js,.js,737,1d82b9408e5402ee640d83a366699de38c170c9c04102f90823e103af0a658d6,CURRENT_SOURCE
index_archivos/js/ui/minified/jquery.ui.effect-drop.min.js,.js,816,c4258592a26521e7c1ab75c45c904ec3ed428b256d3b29139e56703955426623,CURRENT_SOURCE
index_archivos/js/ui/minified/jquery.ui.effect-explode.min.js,.js,989,57f327d0042f0c19605bf823f8ce0ac1e71c919041b70548e3b51f534a5d4abf,CURRENT_SOURCE
index_archivos/js/ui/minified/jquery.ui.effect-fade.min.js,.js,334,20931b9c652a24775775ec575d8ccb2c509f7ba87a68ef5f7b921e91c7d4ce92,CURRENT_SOURCE
index_archivos/js/ui/minified/jquery.ui.effect-fold.min.js,.js,849,5622f02ad59bec3b55ab0f54e6349a735ff225bf20c0d874b37c63ba15147df4,CURRENT_SOURCE
index_archivos/js/ui/minified/jquery.ui.effect-highlight.min.js,.js,598,925c4ba4b291215a3f84d459cc42599555c9ca6e2818cf884bda5503f65b0e32,CURRENT_SOURCE
index_archivos/js/ui/minified/jquery.ui.effect-pulsate.min.js,.js,613,8c9433c8b973f446863d614afaf98e8f832272778835df0f02792a7e856d761b,CURRENT_SOURCE
index_archivos/js/ui/minified/jquery.ui.effect-scale.min.js,.js,4360,d62292c30bd055e7f90097d119637883296baca48dbfda5e67f8cf849c75c238,CURRENT_SOURCE
index_archivos/js/ui/minified/jquery.ui.effect-shake.min.js,.js,918,b9a8af7e6fae0e56c7a1e7ff7685378eda59bff9d5ad7a6c649413828f9aaaab,CURRENT_SOURCE
index_archivos/js/ui/minified/jquery.ui.effect-slide.min.js,.js,779,622509ca3a71a55653d74617f636a228487251b749ca389a2eaf0bb373e12b7a,CURRENT_SOURCE
index_archivos/js/ui/minified/jquery.ui.effect-transfer.min.js,.js,668,0a6752aee93d43cdb2b472fcb2cdfd213c67a09ba5304db75a918ede6ee542c5,CURRENT_SOURCE
index_archivos/js/ui/minified/jquery.ui.effect.min.js,.js,12977,a2f364ea6cea3453fb1818c946a33ee93c5b6e84b623b1fb1dba440da55c92d6,CURRENT_SOURCE
index_archivos/js/ui/minified/jquery.ui.menu.min.js,.js,9588,3921e14e19a02eefc8a14894454e516cc8076a6b64afb2ab690683f2c0ba91ed,CURRENT_SOURCE
index_archivos/js/ui/minified/jquery.ui.mouse.min.js,.js,2846,14a033a501be567061985301788319d0d656b744988cc5c9d9fd9902162f08b9,CURRENT_SOURCE
index_archivos/js/ui/minified/jquery.ui.position.min.js,.js,6365,6369b33af67e67c216bc70bb702815c9faf86744f9c6e8a7eb730938b1cb37f8,CURRENT_SOURCE
index_archivos/js/ui/minified/jquery.ui.progressbar.min.js,.js,2183,b9523bcb246c119f81c5e40911a3ce12d9520c5912dcf6629deb95622e2e2a17,CURRENT_SOURCE
index_archivos/js/ui/minified/jquery.ui.resizable.min.js,.js,17414,22b90afc734e7bbc3754620da8427aa3dd32655b40e1d0048707e316e248e415,CURRENT_SOURCE
index_archivos/js/ui/minified/jquery.ui.selectable.min.js,.js,4070,453cfcc6a13df83af4bf86389bdf494013f7e7cfb5c0fb8d6c8910c7844530bb,CURRENT_SOURCE
index_archivos/js/ui/minified/jquery.ui.slider.min.js,.js,10249,d05a5cdaafc6a5224ebd3140c0e6df2b86fef494fe441c30577d10b5251dfa9b,CURRENT_SOURCE
index_archivos/js/ui/minified/jquery.ui.sortable.min.js,.js,24115,de47ade8cf1f89aa9140c7975d2baef38febcde7f597e7a52727dd8d10e887a5,CURRENT_SOURCE
index_archivos/js/ui/minified/jquery.ui.spinner.min.js,.js,6894,97177277007ae71dc8077b1ea2d2e5d4676e19a903916777f56b85b1b746fa26,CURRENT_SOURCE
index_archivos/js/ui/minified/jquery.ui.tabs.min.js,.js,11628,f57b43f7cbb8e2f14680dab90825d199170f6e0ccd9ea05ede43a04ae9b9a0dc,CURRENT_SOURCE
index_archivos/js/ui/minified/jquery.ui.tooltip.min.js,.js,4786,b28e8bde86ba6e548bb332c4b8761bf7ee2e147fabcdc14f1483266a95020f5e,CURRENT_SOURCE
index_archivos/js/ui/minified/jquery.ui.widget.min.js,.js,6526,436027eb2de686a3b9f3f43e35ff58027ac10c23ea9d5917d5e397b2a2892261,CURRENT_SOURCE
index_archivos/js/ux/BoxReorderer.js,.js,14076,7b66bb7003ca663d0f7a2d45c327b4181cd79e9e1964be242924fd0ceb735dd7,CURRENT_SOURCE
index_archivos/js/ux/CheckColumn.js,.js,4244,c04dd49e0c6d4174a4db022ad8a3196ae1d666b60cd7a0d1d9ea66715fda4ac5,CURRENT_SOURCE
index_archivos/js/ux/DataView/Animated.js,.js,12400,07b88c2460ef6b830411bbb88f5114ea91243c490fbd4216db16b3ab056e6152,CURRENT_SOURCE
index_archivos/js/ux/DataView/DragSelector.css,.css,79,90fb938f65272eeac11429750e21f9fa1a8b88935316d267c7c1ab338af32da0,CURRENT_SOURCE
index_archivos/js/ux/DataView/DragSelector.js,.js,6918,0eca8a723e6a33e157c9a3ac758a32586257ee1aa8b2bb3a819fd4f33e3ee2d9,CURRENT_SOURCE
index_archivos/js/ux/DataView/Draggable.js,.js,5984,5c2f1112526b409fcfcad0ef63b0eb31f8400ab904a57fd09cde68aae6496c8e,CURRENT_SOURCE
index_archivos/js/ux/DataView/LabelEditor.js,.js,1767,e34dafe1a932a1496dd03e1faabb90b2e759e50dcb64d805068280c1936aed66,CURRENT_SOURCE
index_archivos/js/ux/DataViewTransition.js,.js,12292,421032cc3d13809d0d4d1285dd78953c12cb8885f9c573b2a9f7ea05f11fe948,CURRENT_SOURCE
index_archivos/js/ux/FieldReplicator.js,.js,1840,21b11e798bfccf89236a671b69ba14dc9b92fac882b3f657901bd26e44b51da2,CURRENT_SOURCE
index_archivos/js/ux/GMapPanel.js,.js,2703,53b2b611e23ad91c75a9de28e7a0654c180aaec3356af87e3e2d670f6ff58e7d,CURRENT_SOURCE
index_archivos/js/ux/GroupTabPanel.js,.js,15818,2a55d4e011d9a7c74a659fbcd78802f802483e5b30ee4a6104e845d2746169b7,CURRENT_SOURCE
index_archivos/js/ux/IFrame.js,.js,5048,60d7428954cdaa1356ecdf099d62887fdfd7578731a797a18c9c48cd518cf01e,CURRENT_SOURCE
index_archivos/js/ux/LiveSearchGridPanel.js,.js,8627,c61069460d1af68c1376cf894cd498b405c18a6bfba73060f7aa36d416be91c6,CURRENT_SOURCE
index_archivos/js/ux/PreviewPlugin.js,.js,2250,df19c5c24ba8ca897546d88e5067e19988197490cd3bece4f056c9955de298f9,CURRENT_SOURCE
index_archivos/js/ux/ProgressBarPager.js,.js,3314,685077244d45898df7a8e3e11829164d2c73028c958f4b25bce3b85082f6bcb5,CURRENT_SOURCE
index_archivos/js/ux/RowExpander.js,.js,8407,17c978a207b23fbe5b8c79eb19a163504d953f4f301a4dcc0b650cbcff96f253,CURRENT_SOURCE
index_archivos/js/ux/SlidingPager.js,.js,1457,d431e8c4abf66a2969946eb6cb2131ec207ed0259c1868beb42f2885bc0f5d04,CURRENT_SOURCE
index_archivos/js/ux/Spotlight.js,.js,5854,252c9d65c54855ae00c5393a7dcb95e05240d180a6b5c2527a044f38b9b90a26,CURRENT_SOURCE
index_archivos/js/ux/TabCloseMenu.js,.js,5631,219d534d7eb761913105483380af7afdaad5622c53e2e9990421fc0c9ec7ee0c,CURRENT_SOURCE
index_archivos/js/ux/TabReorderer.js,.js,1496,acd3f5269f93473802b2dda2651de26cf272f90f677ab370a6296aec15b52da4,CURRENT_SOURCE
index_archivos/js/ux/TabScrollerMenu.js,.js,6756,e580f219bff8fe6b5ec1e05adaa6fa2bd6872c59523a24c6f5d34b83b6d1ab93,CURRENT_SOURCE
index_archivos/js/ux/ToolbarDroppable.js,.js,4936,c469be1e4cb72833ac6904a75049c80ad3491fd991c0a1748224bac6df8d4016,CURRENT_SOURCE
index_archivos/js/ux/TreePicker.js,.js,7771,0909b34132957fdbbd6b5aaa4bba48a2b6fd9b91c63c4ad927ba3a6557c97393,CURRENT_SOURCE
index_archivos/js/ux/ajax/DataSimlet.js,.js,4208,eb77bec119cc74fd9fc7f22a6d26ad3661b254e22daf49c15e59810dcbb03b78,CURRENT_SOURCE
index_archivos/js/ux/ajax/JsonSimlet.js,.js,809,ef84b5119d197e33d479d3626791c985dd91607d225cc5bb5888af966c101e71,CURRENT_SOURCE
index_archivos/js/ux/ajax/SimManager.js,.js,6912,18b5b68eea60a75445ae9e3419b9e0b7d7fcbaebf808058ea973f4fc073b3913,CURRENT_SOURCE
index_archivos/js/ux/ajax/SimXhr.js,.js,2586,0cc941d0049d80952005bddbc377e1f24c54c7764828bea93d05d0a5a0fdb4d2,CURRENT_SOURCE
index_archivos/js/ux/ajax/Simlet.js,.js,5335,749687ec7286b8f4bd2987b119cd14747d211ba6c255dd716aa901579d33960a,CURRENT_SOURCE
index_archivos/js/ux/ajax/XmlSimlet.js,.js,2033,4a8e776b325ca763c2aa0aaf3a3e50ab45c0391615daaeab9e1651a9623439ad,CURRENT_SOURCE
index_archivos/js/ux/css/CheckHeader.css,.css,585,6bbe415de5fa4e04f2446dbd3715ff8f8faac9e23de03122743f6c2f988c52bc,CURRENT_SOURCE
index_archivos/js/ux/css/GroupTabPanel.css,.css,4173,8333835519c3bf7dccce25b994ed78f94921169937953b1122642fdc6a2a1b3f,CURRENT_SOURCE
index_archivos/js/ux/css/ItemSelector.css,.css,657,e1f9d87fe76d60739c292026b368864bb7be3247139908815069de8f121c4924,CURRENT_SOURCE
index_archivos/js/ux/css/LiveSearchGridPanel.css,.css,198,16a4a9193d72a8761acd2a094ed5a5ef3c1bde81f273fdc6fa6393dcccf98fa3,CURRENT_SOURCE
index_archivos/js/ux/css/TabScrollerMenu.css,.css,427,34b7c3c65b4563ad956401337ca111a637451ce7796fc8c240eb84527443f271,CURRENT_SOURCE
index_archivos/js/ux/css/images/border.gif,.gif,65,4c1688f6e39f7ef6e4e77ebc41ac8e19091e23dcbfbedbe3a2e2b61d887e9720,CURRENT_SOURCE
index_archivos/js/ux/css/images/bottom2.gif,.gif,1524,4f02fe86d2cbbc565cf4acad572ffb2066be02f53383a4b3fd26dba117a10c67,CURRENT_SOURCE
index_archivos/js/ux/css/images/checked.gif,.gif,959,ff4316885c7da4bd3225b1fa5f3912d4ce800b3b14061b13c2f7f789d88f1672,CURRENT_SOURCE
index_archivos/js/ux/css/images/down2.gif,.gif,1520,feec47d64d23a2b2e5863dd8795a34c20826d0216dcfba031d0d3e2ab62a94b2,CURRENT_SOURCE
index_archivos/js/ux/css/images/elbow-minus-nl.gif,.gif,898,54869ddc1e2f41731dbc527853eb5260ac0b759f2ff7618601b66902e7d01064,CURRENT_SOURCE
index_archivos/js/ux/css/images/elbow-plus-nl.gif,.gif,900,570969cd7e8edf3252d4fd9cfcdf3c8bbbe67966b1672cb1c25ef459cf6c925d,CURRENT_SOURCE
index_archivos/js/ux/css/images/left2.gif,.gif,1522,e54af164e707377ad6da5880b7766fcfa21fd1102c9701d0fec2bab5fe527256,CURRENT_SOURCE
index_archivos/js/ux/css/images/right2.gif,.gif,1521,e89aac500f2cab87d434ae1931ac5d7d83395a73cc5c4398005e3b9c2ee6c5b4,CURRENT_SOURCE
index_archivos/js/ux/css/images/tab-collapsed.gif,.gif,227,145d30bd31b0f8f296013afca840283a1dbcf97d2810fbd81c9f46ae70ca38ce,CURRENT_SOURCE
index_archivos/js/ux/css/images/tab-first.gif,.gif,197,3cb29366f44121c5b0aac46a54ac16f6d019eab25a42c8f87d7b0e7b8e759925,CURRENT_SOURCE
index_archivos/js/ux/css/images/tab-last.gif,.gif,197,2f5a2cd0e9d040f9cb002c228de8a6be51a168a6690b8e491a90566c25e0dbb5,CURRENT_SOURCE
index_archivos/js/ux/css/images/tab-scroller-menu.gif,.gif,535,f9b05ba325f6d5cf81e2b4939da7d5ee6dc38eda90c3e481ba73df50837c0820,CURRENT_SOURCE
index_archivos/js/ux/css/images/top2.gif,.gif,1525,a6f876fbdb2787172c7b8477a4d5ca1812e6568c758a37b202cc29c09ab404f2,CURRENT_SOURCE
index_archivos/js/ux/css/images/unchecked.gif,.gif,941,1372466efbce25154ee25bc43d6bf2614cd76418b6b3bc8a46704613185179fe,CURRENT_SOURCE
index_archivos/js/ux/css/images/up2.gif,.gif,1519,5073a35c2002d754299fc393d4e02123dc4ac04d27027e362408c0f3deb5230c,CURRENT_SOURCE
index_archivos/js/ux/css/images/x-grouptabs-corners.gif,.gif,1080,0bf21a431a2cc52e5d71987b779a54c8b8c095f214cc233ca165bef350449a93,CURRENT_SOURCE
index_archivos/js/ux/data/PagingMemoryProxy.js,.js,2958,7d1da15650559a9e5099ea68979aec24749096bdf2e907fef44c723d0751dc82,CURRENT_SOURCE
index_archivos/js/ux/event/Driver.js,.js,1745,99c482b93c253c0a615f56c5c17fa526bad76b0a2888401c4bf32dfafeafd60f,CURRENT_SOURCE
index_archivos/js/ux/event/Maker.js,.js,1575,e2b54983b922bc7d9d8bbd154b9988ae9df0937d73813b6e23733125e46f788c,CURRENT_SOURCE
index_archivos/js/ux/event/Player.js,.js,13697,b4e0f25171fe842b510077ed5d9f646d78426585c9c78bd2d21ac7f3b6e40e64,CURRENT_SOURCE
index_archivos/js/ux/event/Recorder.js,.js,10532,0cfd12feea39595bd9ea7c3091ed512ed813502b9cec76e1d099aa4201107148,CURRENT_SOURCE
index_archivos/js/ux/event/RecorderManager.html,.html,905,be232f27e4d3b4e2eb1216f05254954270986107302d49eefcfe23b2eb61053b,CURRENT_SOURCE
index_archivos/js/ux/event/RecorderManager.js,.js,7291,e55981baceb078ea003e194dec54f27886da576126ffac5a4d2036801736bbb7,CURRENT_SOURCE
index_archivos/js/ux/form/ItemSelector.js,.js,11585,bdfa69577096dcad19cd542e659eae4e72f8a65c23dd6f28671d4fbe14c7dc21,CURRENT_SOURCE
index_archivos/js/ux/form/MultiSelect.js,.js,14552,156825c154ae6374236bbacae1d87c7079d84df2402e621190d88be67cfa4819,CURRENT_SOURCE
index_archivos/js/ux/form/SearchField.js,.js,2092,3b8538e8f0704fd4f8d15779b5985a0de7a5261c9acf4b67cee9586b16db58ee,CURRENT_SOURCE
index_archivos/js/ux/grid/FiltersFeature.js,.js,24976,9387502523935da39ffb55e9e2848c86d619f3d88648d5a8cbeb0a60da3eac3c,CURRENT_SOURCE
index_archivos/js/ux/grid/TransformGrid.js,.js,2931,4953a704beeaaa3a933347887a80498fb920c5354b2c19c43b6526f95155c164,CURRENT_SOURCE
index_archivos/js/ux/grid/css/GridFilters.css,.css,201,9320495071bffe7041cb08b109239c7d6ca78b7d66b85e9e21c5c549f45bc2c3,CURRENT_SOURCE
index_archivos/js/ux/grid/css/RangeMenu.css,.css,344,663c2daf51e5e9619a83f2be7d0b79e9bb3c99c213c9ba5f528d62b6b9d65824,CURRENT_SOURCE
index_archivos/js/ux/grid/filter/BooleanFilter.js,.js,3041,821ad0876858aacbe53512e9c4809a001a66d3fd4617f581f5940b54530014ce,CURRENT_SOURCE
index_archivos/js/ux/grid/filter/DateFilter.js,.js,10148,28ff53410bde610755f212b3233572ea86ad0f59e44b3c2568f170c527c6e4ed,CURRENT_SOURCE
index_archivos/js/ux/grid/filter/Filter.js,.js,6319,fbcd2ac3632644c1b429e0469704f5fda5af3f675bc799a4fbe8849a860f3a94,CURRENT_SOURCE
index_archivos/js/ux/grid/filter/ListFilter.js,.js,5605,884941dd027993f0da3d0ea6d677a76d0219d004a13dc8dff08dd0b76f5d0826,CURRENT_SOURCE
index_archivos/js/ux/grid/filter/NumericFilter.js,.js,3501,af1e7964a714bd26cff6ef0a0c54582d3e4aa947410e6e6080599aba55b7e54f,CURRENT_SOURCE
index_archivos/js/ux/grid/filter/StringFilter.js,.js,4016,96469432df4afa34360b7a3e079afa31599047301e9140be8f6352425687167b,CURRENT_SOURCE
index_archivos/js/ux/grid/images/equals.png,.png,217,31592331a870e2e3b773e8f220718d427da29c3b03bd1634379e4f1487a5e400,CURRENT_SOURCE
index_archivos/js/ux/grid/images/find.png,.png,659,f83769d1ed8232dadb5b3bd5bf7f4092f432872da32f50691739514d055a377f,CURRENT_SOURCE
index_archivos/js/ux/grid/images/greater_than.png,.png,359,31d56ce35afed3b5811b5b4329d2dbf895605ee4498c01b3d1731261173a73cf,CURRENT_SOURCE
index_archivos/js/ux/grid/images/less_than.png,.png,354,8b56d53c7a7a8661d40ed8b04099025e1e0bab1d407d40a333e6c190d6c15b5c,CURRENT_SOURCE
index_archivos/js/ux/grid/menu/ListMenu.js,.js,5565,abe1360bef8d135d8bb120b9e47661a1134be1c598f3f5cdc5a5acae6d5a8e10,CURRENT_SOURCE
index_archivos/js/ux/grid/menu/RangeMenu.js,.js,7680,94f8f308fcd22b50dec2127fe224aa3db821e30f2c0a12db00401c87669d135f,CURRENT_SOURCE
index_archivos/js/ux/layout/Center.js,.js,3199,9bc607289042c73ccc6456231645a3bd1ef263b31cb3fdfb0223e44d2fa3cf11,CURRENT_SOURCE
index_archivos/js/ux/statusbar/StatusBar.js,.js,16092,333036829aec4bf351e0f888131ae97c6b00cf40925890832bf3ecc87efc2ee7,CURRENT_SOURCE
index_archivos/js/ux/statusbar/ValidationStatus.js,.js,6568,b2c4c5f19dd2322b6e70764d3c1a406f4043ea512c54e5802d0bcda514d729ac,CURRENT_SOURCE
index_archivos/js/ux/statusbar/css/statusbar.css,.css,2731,333af35dd54381d886a2e5e36b9fbdc8d1096bbbe7d97bf0339490a13c94371c,CURRENT_SOURCE
index_archivos/js/ux/statusbar/images/accept.png,.png,781,0a733b99fcd03c5e6359d0973a169bbfaf94485227437480d9c703bbe58e4b4c,CURRENT_SOURCE
index_archivos/js/ux/statusbar/images/exclamation.gif,.gif,996,5ebb601e0f910d85df920d59ac33204a90b334dd2747955687bb55703d7c97f1,CURRENT_SOURCE
index_archivos/js/ux/statusbar/images/loading.gif,.gif,771,81a161d5793ac2a33f02ddcd64fb0dc2d028616dac084e4f64e77f4898b0c4e4,CURRENT_SOURCE
index_archivos/js/ux/statusbar/images/saved.png,.png,537,644faffc659fb1e6778cf5290022fbcde177952c66881848e6380ed91211e878,CURRENT_SOURCE
index_archivos/js/ux/statusbar/images/saving.gif,.gif,2255,11bd158c6ba6f0490e0430e479738a481b245c7456d80a3fbcee44943b342d95,CURRENT_SOURCE
index_archivos/js/vee-validate.js,.js,78545,14b3bb0b1934fd079b63ab09e74cf33a83109a5e91be44f3129f002b194eb3d4,CURRENT_SOURCE
index_archivos/js/vue-json-excel.umd.min.js,.js,8472,86f619ade8dcf023a24d30251e69799bc98f265e5e13c72f9bd03287c4f07dec,CURRENT_SOURCE
index_archivos/js/vue-select.js,.js,21262,45613fbd98be604b200423428ffc012eceb56c0ec75b6b881ad635ca42b38537,CURRENT_SOURCE
index_archivos/js/vue@2.js,.js,107312,386fe468af233fe2847197562c1bddf3bfddd8a98ba37822601228a6d4651322,CURRENT_SOURCE
index_archivos/js/vuejs-datepicker.min.js,.js,40054,d620f24f873093733f036d4ba2f5ad43defe772d8264ec9454b837a9f4942fd9,CURRENT_SOURCE
index_archivos/layouts/google-analytics.php,.php,262,6d0ebbffbaee1c19e069d6f87e03f0312be029980c1190e505b4bc54e35f30ce,CURRENT_SOURCE
index_archivos/layouts/scripts.php,.php,938,01084a264a1d5a79a96893402a77ed1d5d387a0271c6cd7d2f35e6d867d76479,CURRENT_SOURCE
index_archivos/layouts/styles.php,.php,1320,ba4bd59dcac28bc069f646587b1e01997550c20e2e921e7ca63adf8178205717,CURRENT_SOURCE
index_archivos/libs/PDFMerger/.gitattributes,[none],505,12ca81b43544aad1199998a226e032a9ffd27a827437fbb3e9edb5f2f7223bcc,CURRENT_SOURCE
index_archivos/libs/PDFMerger/.gitignore,[none],2133,3a9a00a40cca5ceca86897c4113505349b7da3cc8d67a578d27ca5c214610724,CURRENT_SOURCE
index_archivos/libs/PDFMerger/PDFMerger-master/.gitattributes,[none],505,12ca81b43544aad1199998a226e032a9ffd27a827437fbb3e9edb5f2f7223bcc,CURRENT_SOURCE
index_archivos/libs/PDFMerger/PDFMerger-master/.gitignore,[none],2133,3a9a00a40cca5ceca86897c4113505349b7da3cc8d67a578d27ca5c214610724,CURRENT_SOURCE
index_archivos/libs/PDFMerger/PDFMerger-master/PDFMerger.php,.php,5465,27396d33fc7c2fec7fc4ff795080855c2b1884769e12d7bd0d39b9b67ca2cdda,CURRENT_SOURCE
index_archivos/libs/PDFMerger/PDFMerger-master/README.md,.md,1451,1e330538d41f3f0bc86095ea1256be3688d1a1a39adf635eec49d28ca4da9259,CURRENT_SOURCE
index_archivos/libs/PDFMerger/PDFMerger-master/composer.json,.json,585,f63bc91531d7806cec202387270a712bac697dcdce8a422920da412dfaa8c8ee,CURRENT_SOURCE
index_archivos/libs/PDFMerger/PDFMerger-master/sample.php,.php,411,2f0d7397f483eb49a1d49ff0c93f4081bcbb417491227df1ffa896e5b5a6f581,CURRENT_SOURCE
index_archivos/libs/PDFMerger/PDFMerger-master/tcpdf/CHANGELOG.TXT,.txt,118959,7fae768e77af76b8bfb3fb26f6df2eda2d05c905fc2ed013cf16b125f369de15,CURRENT_SOURCE
index_archivos/libs/PDFMerger/PDFMerger-master/tcpdf/LICENSE.TXT,.txt,44494,1e3b37db4c0e624119497e9553bb0f656389dc4fbe69ae8592227bdde24ac695,CURRENT_SOURCE
index_archivos/libs/PDFMerger/PDFMerger-master/tcpdf/README.TXT,.txt,5748,91004242e30d3f8f6d652aa57ea915244798a0b7e816a93c726325f6a584ddab,CURRENT_SOURCE
index_archivos/libs/PDFMerger/PDFMerger-master/tcpdf/composer.json,.json,984,24edd44cd1b2e27c29d075ebdc5a37fd9c854828daf860f007fd27194fd178a8,CURRENT_SOURCE
index_archivos/libs/PDFMerger/PDFMerger-master/tcpdf/config/tcpdf_config.php,.php,5598,b39ede2b86e230675e72a902d937e016dfeb3aaf1572653accac75e3935496a3,CURRENT_SOURCE
index_archivos/libs/PDFMerger/PDFMerger-master/tcpdf/fonts/ae_fonts_2.0/COPYING,[none],18396,712e4404be9e2018195fee44b0368b86165e9891a9603684c6783718c4587ea9,CURRENT_SOURCE
index_archivos/libs/PDFMerger/PDFMerger-master/tcpdf/fonts/ae_fonts_2.0/ChangeLog,[none],30587,6a039ba1a47d7f919ece728391c1709c40761fc430a70a5c01006a724b53b7a3,CURRENT_SOURCE
index_archivos/libs/PDFMerger/PDFMerger-master/tcpdf/fonts/ae_fonts_2.0/README,[none],2422,05527f8a6c680d60fb37090a0615fcb03c2e28568af505038594f25386c9b5b3,CURRENT_SOURCE
index_archivos/libs/PDFMerger/PDFMerger-master/tcpdf/fonts/aealarabiya.ctg.z,.z,1849,f803cd152facef180b514623937fd423831c48da02b01f1417323410cc98598b,CURRENT_SOURCE
index_archivos/libs/PDFMerger/PDFMerger-master/tcpdf/fonts/aealarabiya.php,.php,35241,d36aafd8246dd8b061814341dcd712c0457e7e0fc628e37c42c04058b7b66270,CURRENT_SOURCE
index_archivos/libs/PDFMerger/PDFMerger-master/tcpdf/fonts/aealarabiya.z,.z,56189,999e1b6fb591d2518342df92068ffee076d75c36c5af911608ea112d15bf71e8,CURRENT_SOURCE
index_archivos/libs/PDFMerger/PDFMerger-master/tcpdf/fonts/aefurat.ctg.z,.z,1843,a37161f64d2048d470585a29ae9ec5547b319a843df1db53b1fff82e899fca50,CURRENT_SOURCE
index_archivos/libs/PDFMerger/PDFMerger-master/tcpdf/fonts/aefurat.php,.php,34994,2af4f616bc587a1ae6366fe126967d497669b6a1ffee2264afd10d6337690ec2,CURRENT_SOURCE
index_archivos/libs/PDFMerger/PDFMerger-master/tcpdf/fonts/aefurat.z,.z,74520,3d8fdf526e74b409e73b2a10928ad3ddbe621c3ca7d4c3a81202d0374380780d,CURRENT_SOURCE
index_archivos/libs/PDFMerger/PDFMerger-master/tcpdf/fonts/cid0cs.php,.php,1582548,a2440cb109ae474b1a6a150addc4f96456e09801c032d620dc2acaf9bc786eee,CURRENT_SOURCE
index_archivos/libs/PDFMerger/PDFMerger-master/tcpdf/fonts/cid0ct.php,.php,1582551,c38c3d2090737855cbda65889326003d9f08c026cc2d5eefc13ba26e961c0aec,CURRENT_SOURCE
index_archivos/libs/PDFMerger/PDFMerger-master/tcpdf/fonts/cid0jp.php,.php,1582542,468087bf1a185b8e56c4ab46a5a6a1ba57124c7c69a2d89112d3002dfce001b5,CURRENT_SOURCE
index_archivos/libs/PDFMerger/PDFMerger-master/tcpdf/fonts/cid0kr.php,.php,1582539,ce0eec2e17917c1e8415085babb1a3840422bbd9c317137040d7fa1097d5ca9f,CURRENT_SOURCE
index_archivos/libs/PDFMerger/PDFMerger-master/tcpdf/fonts/courier.php,.php,2574,aad4b23ecd9d6e819e48e53b01008ff08f18823da63ee9286ed317c160f68230,CURRENT_SOURCE
index_archivos/libs/PDFMerger/PDFMerger-master/tcpdf/fonts/courierb.php,.php,2581,96848f6e20a98d1a9ad04658adb7309a6a307584ab7fa3f0d30ce44d16e85e5c,CURRENT_SOURCE
index_archivos/libs/PDFMerger/PDFMerger-master/tcpdf/fonts/courierbi.php,.php,2589,1f1d509e19d51fdf40710aae68e778a77f5476282d9881ee31b9e13f85983a1c,CURRENT_SOURCE
index_archivos/libs/PDFMerger/PDFMerger-master/tcpdf/fonts/courieri.php,.php,2584,d45962f23bcb57be422a101017beec8d6403c738149392de7a65e9ea95ab9f83,CURRENT_SOURCE
index_archivos/libs/PDFMerger/PDFMerger-master/tcpdf/fonts/dejavu-fonts-ttf-2.33/AUTHORS,[none],883,87f75ef4a6d3294ca6afc5cb8299f020f0fbbf410720975cfceb6864f434429a,CURRENT_SOURCE
index_archivos/libs/PDFMerger/PDFMerger-master/tcpdf/fonts/dejavu-fonts-ttf-2.33/BUGS,[none],98,b901f314b27e3326745e74d574bbdfa15fc4ef9ec2a1b6ecfa6c9da677e4cb8e,CURRENT_SOURCE
index_archivos/libs/PDFMerger/PDFMerger-master/tcpdf/fonts/dejavu-fonts-ttf-2.33/LICENSE,[none],4915,c61ba9e8668a511cbd0bcfdee8329e02ca6ca4048abda6ca7ee8ac68a059776a,CURRENT_SOURCE
index_archivos/libs/PDFMerger/PDFMerger-master/tcpdf/fonts/dejavu-fonts-ttf-2.33/NEWS,[none],70804,c8b6e08235e422f9cb603969cb16479a84d7fa253a2d981611f3dabe63d0b933,CURRENT_SOURCE
index_archivos/libs/PDFMerger/PDFMerger-master/tcpdf/fonts/dejavu-fonts-ttf-2.33/README,[none],2377,42e6143a4acc40a7100a112320f31171ba94a7859eae18de30280ca54e8cb9a3,CURRENT_SOURCE
index_archivos/libs/PDFMerger/PDFMerger-master/tcpdf/fonts/dejavu-fonts-ttf-2.33/langcover.txt,.txt,25403,2f72ed2af5508b7f200d2fc2b611054f1c9891b6eb93f54b87ce894fa5a46e1f,CURRENT_SOURCE
index_archivos/libs/PDFMerger/PDFMerger-master/tcpdf/fonts/dejavu-fonts-ttf-2.33/status.txt,.txt,1413578,1bf26de4589b2a62672f2cde5b3fce4b47870bd739371962b96dc193ec704fed,CURRENT_SOURCE
index_archivos/libs/PDFMerger/PDFMerger-master/tcpdf/fonts/dejavu-fonts-ttf-2.33/unicover.txt,.txt,22448,2a60dd14663626e3fc7a6a9527f3ad01ecd3d452f0690270d3c5c2da72e3dd56,CURRENT_SOURCE
index_archivos/libs/PDFMerger/PDFMerger-master/tcpdf/fonts/dejavu-fonts-ttf-2.34/AUTHORS,[none],902,eabbb14ccd93085448ff9f6abe802ccb634e016de4d0f7ebd0208b826a8f48a5,CURRENT_SOURCE
index_archivos/libs/PDFMerger/PDFMerger-master/tcpdf/fonts/dejavu-fonts-ttf-2.34/BUGS,[none],98,b901f314b27e3326745e74d574bbdfa15fc4ef9ec2a1b6ecfa6c9da677e4cb8e,CURRENT_SOURCE
index_archivos/libs/PDFMerger/PDFMerger-master/tcpdf/fonts/dejavu-fonts-ttf-2.34/LICENSE,[none],4915,c61ba9e8668a511cbd0bcfdee8329e02ca6ca4048abda6ca7ee8ac68a059776a,CURRENT_SOURCE
index_archivos/libs/PDFMerger/PDFMerger-master/tcpdf/fonts/dejavu-fonts-ttf-2.34/NEWS,[none],74019,80d94a1e5a378475b0d4c66a60f3274b0d2bb7f31a2f9e0c470b0be3f3fe339e,CURRENT_SOURCE
index_archivos/libs/PDFMerger/PDFMerger-master/tcpdf/fonts/dejavu-fonts-ttf-2.34/README,[none],2373,f252049a5589a980df7efdf4a591e6bd5c466419ef993de72bb46d2e87d827d6,CURRENT_SOURCE
index_archivos/libs/PDFMerger/PDFMerger-master/tcpdf/fonts/dejavu-fonts-ttf-2.34/langcover.txt,.txt,26194,d18cd870e2d28fa5a1ba00d584eae356541830d4f9846e171fe748195029b2b5,CURRENT_SOURCE
index_archivos/libs/PDFMerger/PDFMerger-master/tcpdf/fonts/dejavu-fonts-ttf-2.34/status.txt,.txt,1450931,03d349d08f93969428a182338e02917eb2e4109a3e901ec98887e14b5a38b6e6,CURRENT_SOURCE
index_archivos/libs/PDFMerger/PDFMerger-master/tcpdf/fonts/dejavu-fonts-ttf-2.34/unicover.txt,.txt,23670,9d034062feebf4bd4caba17e90c89e1cba2899915c06911935549b0e3f40bc2d,CURRENT_SOURCE
index_archivos/libs/PDFMerger/PDFMerger-master/tcpdf/fonts/dejavusans.ctg.z,.z,10454,6d983c257d60508cb24c69e3fa716ff7bebaa9c5e3fd724dab1ba7908f10b87d,CURRENT_SOURCE
index_archivos/libs/PDFMerger/PDFMerger-master/tcpdf/fonts/dejavusans.php,.php,202095,3efc8bbf568148ade96b6a12bd02f726ba2500508a583a4b9007f241be856164,CURRENT_SOURCE
index_archivos/libs/PDFMerger/PDFMerger-master/tcpdf/fonts/dejavusans.z,.z,375806,0b911bc136718959ad0c6e175537dcd3f4c91d1765ddb2c36427af3b50f4a7e1,CURRENT_SOURCE
index_archivos/libs/PDFMerger/PDFMerger-master/tcpdf/fonts/dejavusansb.ctg.z,.z,10200,a640299ef8dab84c25c558c71c8608625c9f762edd3cf305a4716d13a5b68de9,CURRENT_SOURCE
index_archivos/libs/PDFMerger/PDFMerger-master/tcpdf/fonts/dejavusansb.php,.php,197343,ac4f20757158483cee2dd281a8dd30ba9e736b53b6eef041768606846fd144c6,CURRENT_SOURCE
index_archivos/libs/PDFMerger/PDFMerger-master/tcpdf/fonts/dejavusansb.z,.z,347269,18c349b1f422d5b3764a8706949af3306f01baa5b74b8660260a7fa140b2a974,CURRENT_SOURCE
index_archivos/libs/PDFMerger/PDFMerger-master/tcpdf/fonts/dejavusansbi.ctg.z,.z,9101,2a17981112ac3fa2498af66d872f0eed9a0ee3049cdf95f648e6fc23a93a3b16,CURRENT_SOURCE
index_archivos/libs/PDFMerger/PDFMerger-master/tcpdf/fonts/dejavusansbi.php,.php,176905,917980aa0ff35556ac858064a8314e128c0074d8b7870c85ce2457a7ba6bf71c,CURRENT_SOURCE
index_archivos/libs/PDFMerger/PDFMerger-master/tcpdf/fonts/dejavusansbi.z,.z,326692,0ea641a64e22330c084c5a9e4c2aaa4cbd2630874783bbea6fe90ab8e64b6189,CURRENT_SOURCE
index_archivos/libs/PDFMerger/PDFMerger-master/tcpdf/fonts/dejavusanscondensed.ctg.z,.z,10454,6d983c257d60508cb24c69e3fa716ff7bebaa9c5e3fd724dab1ba7908f10b87d,CURRENT_SOURCE
index_archivos/libs/PDFMerger/PDFMerger-master/tcpdf/fonts/dejavusanscondensed.php,.php,201312,b9b35fe3f91569423e19d57261ff43529f034bc446e0a05771bb12c9b041c6cf,CURRENT_SOURCE
index_archivos/libs/PDFMerger/PDFMerger-master/tcpdf/fonts/dejavusanscondensed.z,.z,330293,c1ccfc02d15d9904bcaf30e097fd6b6c33e47da64bc69f37ab0d7b436ffc8ee0,CURRENT_SOURCE
index_archivos/libs/PDFMerger/PDFMerger-master/tcpdf/fonts/dejavusanscondensedb.ctg.z,.z,10200,a640299ef8dab84c25c558c71c8608625c9f762edd3cf305a4716d13a5b68de9,CURRENT_SOURCE
index_archivos/libs/PDFMerger/PDFMerger-master/tcpdf/fonts/dejavusanscondensedb.php,.php,196451,a0949e3675ba89ca87e0b7d478e65506495a3fdd29fa969aed28247a84038919,CURRENT_SOURCE
index_archivos/libs/PDFMerger/PDFMerger-master/tcpdf/fonts/dejavusanscondensedb.z,.z,326753,e1391bd4362e15a9277c0b27952b0dc6f6f44cfa644e1d924a58e4b60776565f,CURRENT_SOURCE
index_archivos/libs/PDFMerger/PDFMerger-master/tcpdf/fonts/dejavusanscondensedbi.ctg.z,.z,9101,2a17981112ac3fa2498af66d872f0eed9a0ee3049cdf95f648e6fc23a93a3b16,CURRENT_SOURCE
index_archivos/libs/PDFMerger/PDFMerger-master/tcpdf/fonts/dejavusanscondensedbi.php,.php,176128,a1143c299514f1438f0e8fbb3f2d398c5d354733c01c0ff7fda7e965bab2f61b,CURRENT_SOURCE
index_archivos/libs/PDFMerger/PDFMerger-master/tcpdf/fonts/dejavusanscondensedbi.z,.z,312796,e607592fbd93e36113df6cc96f70f8ada1da50f7e316031c45e6fa8f89bb60a4,CURRENT_SOURCE
index_archivos/libs/PDFMerger/PDFMerger-master/tcpdf/fonts/dejavusanscondensedi.ctg.z,.z,9343,301d861615d72ee46a2b9c295453c72ffe00f0dfc0a32964fae6b5e2c8e3c8e2,CURRENT_SOURCE
index_archivos/libs/PDFMerger/PDFMerger-master/tcpdf/fonts/dejavusanscondensedi.php,.php,180833,def2bde3c0ca8021df5dd519de228d3d01fb8aa164670f20287319ecae5fdd96,CURRENT_SOURCE
index_archivos/libs/PDFMerger/PDFMerger-master/tcpdf/fonts/dejavusanscondensedi.z,.z,308709,72294f3709cf3d617a43f7dccd65901d27aea67416ff175cafc217c7b38d346d,CURRENT_SOURCE
index_archivos/libs/PDFMerger/PDFMerger-master/tcpdf/fonts/dejavusansextralight.ctg.z,.z,3989,e95749311e3430d72aca89d05f65663a60d55035a5788b28e120bbd0bf664c9e,CURRENT_SOURCE
index_archivos/libs/PDFMerger/PDFMerger-master/tcpdf/fonts/dejavusansextralight.php,.php,72227,751697d8c5ff0e7a9c2f27ea503c1f712b3c00b1613694df2d35ca545bb9d008,CURRENT_SOURCE
index_archivos/libs/PDFMerger/PDFMerger-master/tcpdf/fonts/dejavusansextralight.z,.z,173046,21e2cd9f90458470dc1ec3c083122a4599fa00a5235e8835a9142891a4234579,CURRENT_SOURCE
index_archivos/libs/PDFMerger/PDFMerger-master/tcpdf/fonts/dejavusansi.ctg.z,.z,9343,301d861615d72ee46a2b9c295453c72ffe00f0dfc0a32964fae6b5e2c8e3c8e2,CURRENT_SOURCE
index_archivos/libs/PDFMerger/PDFMerger-master/tcpdf/fonts/dejavusansi.php,.php,181465,6be4ae1dbf69e5eac6db133d067fc57536f33548a28f9b8e1d83be0d035551ab,CURRENT_SOURCE
index_archivos/libs/PDFMerger/PDFMerger-master/tcpdf/fonts/dejavusansi.z,.z,326859,bb51fc0e36775b48b88798b58cfeef076214a0086daaac05792a712a1ec2c524,CURRENT_SOURCE
index_archivos/libs/PDFMerger/PDFMerger-master/tcpdf/fonts/dejavusansmono.ctg.z,.z,6361,a515d829384130976db8f388bf9aaba3a264dea6e972e4fb74c16f5383b2c3f2,CURRENT_SOURCE
index_archivos/libs/PDFMerger/PDFMerger-master/tcpdf/fonts/dejavusansmono.php,.php,120269,56352a19de8fdb6b1cc8bd36de8023b99633c7186194e5aafd2517c762caa1aa,CURRENT_SOURCE
index_archivos/libs/PDFMerger/PDFMerger-master/tcpdf/fonts/dejavusansmono.z,.z,198919,367e500a616149efaf6faaf269aacf15d7d6cce9688558a5a6c8b83449acbeca,CURRENT_SOURCE
index_archivos/libs/PDFMerger/PDFMerger-master/tcpdf/fonts/dejavusansmonob.ctg.z,.z,6120,2ca0468ccb10f2a9c5c2a5e93be2b6513ad47efff33d65a3e835c1dec32f109e,CURRENT_SOURCE
index_archivos/libs/PDFMerger/PDFMerger-master/tcpdf/fonts/dejavusansmonob.php,.php,115114,89ad969767996b1a84fe1dc7340e73102b7144304ab802d3f1f7b476feff1a1e,CURRENT_SOURCE
index_archivos/libs/PDFMerger/PDFMerger-master/tcpdf/fonts/dejavusansmonob.z,.z,193788,08f5b12694a69b404d8dc4c543de51f9e896ea3f87ffda512faa9cde822ecc43,CURRENT_SOURCE
index_archivos/libs/PDFMerger/PDFMerger-master/tcpdf/fonts/dejavusansmonobi.ctg.z,.z,4983,62ecd004f7d18091bbc711c5849b38f2f10dfcd4b320b7d7c4b9afbf16a4e835,CURRENT_SOURCE
index_archivos/libs/PDFMerger/PDFMerger-master/tcpdf/fonts/dejavusansmonobi.php,.php,92901,24bfe8dfe0f46a571bcaf2bbb87ce903e6db041cd488b32fbffe6c322de05cbb,CURRENT_SOURCE
index_archivos/libs/PDFMerger/PDFMerger-master/tcpdf/fonts/dejavusansmonobi.z,.z,145530,6acda976100eb802a6d92231a0edece5c0ccb92a2c4b64e1336deaca70895967,CURRENT_SOURCE
index_archivos/libs/PDFMerger/PDFMerger-master/tcpdf/fonts/dejavusansmonoi.ctg.z,.z,5221,d8ec6a157aaeb91da2553033fe278a287a047d7e2cb4d66ebc4ebde65176b4fc,CURRENT_SOURCE
index_archivos/libs/PDFMerger/PDFMerger-master/tcpdf/fonts/dejavusansmonoi.php,.php,97895,b6d4faf8499e71c21de1388850862e3f88479690540ab614318b923ee8b7d149,CURRENT_SOURCE
index_archivos/libs/PDFMerger/PDFMerger-master/tcpdf/fonts/dejavusansmonoi.z,.z,147290,5b44607e05eab09e57dc358716bee5fac28c72944b9859cfedf1d1d95cff12f0,CURRENT_SOURCE
index_archivos/libs/PDFMerger/PDFMerger-master/tcpdf/fonts/dejavuserif.ctg.z,.z,6458,0fe8e4df8bf597312d39efeae0e54df6d5b1fc692b6e5b64d03423990012e8a9,CURRENT_SOURCE
index_archivos/libs/PDFMerger/PDFMerger-master/tcpdf/fonts/dejavuserif.php,.php,124925,c1373fc6c010fe020516be47427252cf701cd43c2d320a8ed2acd206dd978531,CURRENT_SOURCE
index_archivos/libs/PDFMerger/PDFMerger-master/tcpdf/fonts/dejavuserif.z,.z,205777,bb61517a33c4ce844cd3277ed28260d93751a140005a8ebaca6820ab3f4c4a36,CURRENT_SOURCE
index_archivos/libs/PDFMerger/PDFMerger-master/tcpdf/fonts/dejavuserifb.ctg.z,.z,6199,6e22606d7bf6d399050692cf6ad201e4ed105cd5d0ef3c77e4f97c2a5fd20214,CURRENT_SOURCE
index_archivos/libs/PDFMerger/PDFMerger-master/tcpdf/fonts/dejavuserifb.php,.php,119452,868adc5e495adcadbf9232fb90cf4c43f629d173a88d0ee2cb18be5ca953f954,CURRENT_SOURCE
index_archivos/libs/PDFMerger/PDFMerger-master/tcpdf/fonts/dejavuserifb.z,.z,191695,b30de2442f3cb1866c33661a2b51053e72a361f67f76ba5b5aa298fe424a5345,CURRENT_SOURCE
index_archivos/libs/PDFMerger/PDFMerger-master/tcpdf/fonts/dejavuserifbi.ctg.z,.z,6206,7470b24bb6fef89e3e338b92912ab1441ce023d63067d2841c5f5d5c9707fd21,CURRENT_SOURCE
index_archivos/libs/PDFMerger/PDFMerger-master/tcpdf/fonts/dejavuserifbi.php,.php,120367,7ed596d569cec2a4e1a0be1e7e9b97d073563050c477a6a16d2c5446c010612e,CURRENT_SOURCE
index_archivos/libs/PDFMerger/PDFMerger-master/tcpdf/fonts/dejavuserifbi.z,.z,193465,aeba17165be8f84c47386016af4d442f7c01053fcafad25758b909a07161855b,CURRENT_SOURCE
index_archivos/libs/PDFMerger/PDFMerger-master/tcpdf/fonts/dejavuserifcondensed.ctg.z,.z,6458,0fe8e4df8bf597312d39efeae0e54df6d5b1fc692b6e5b64d03423990012e8a9,CURRENT_SOURCE
index_archivos/libs/PDFMerger/PDFMerger-master/tcpdf/fonts/dejavuserifcondensed.php,.php,124537,0f926f3193ecbd636813e73d22110546fb7b8ce717a512e5c0c05e8a1154185e,CURRENT_SOURCE
index_archivos/libs/PDFMerger/PDFMerger-master/tcpdf/fonts/dejavuserifcondensed.z,.z,184689,02d268e743598cfe03ba2ef0b7b1a5b4589d4fc756956a65d3be448f705f6730,CURRENT_SOURCE
index_archivos/libs/PDFMerger/PDFMerger-master/tcpdf/fonts/dejavuserifcondensedb.ctg.z,.z,6199,6e22606d7bf6d399050692cf6ad201e4ed105cd5d0ef3c77e4f97c2a5fd20214,CURRENT_SOURCE
index_archivos/libs/PDFMerger/PDFMerger-master/tcpdf/fonts/dejavuserifcondensedb.php,.php,119077,0f9ae9148a4b3fa38aeca26ea3e0cd4ccec26599f6dab6357659890034bbd72b,CURRENT_SOURCE
index_archivos/libs/PDFMerger/PDFMerger-master/tcpdf/fonts/dejavuserifcondensedb.z,.z,175232,c2ada9f11be4c3198c69775c387c666fba10ef2d8c0cdb5611d2cb3565c4c451,CURRENT_SOURCE
index_archivos/libs/PDFMerger/PDFMerger-master/tcpdf/fonts/dejavuserifcondensedbi.ctg.z,.z,6206,7470b24bb6fef89e3e338b92912ab1441ce023d63067d2841c5f5d5c9707fd21,CURRENT_SOURCE
index_archivos/libs/PDFMerger/PDFMerger-master/tcpdf/fonts/dejavuserifcondensedbi.php,.php,119954,0f600d1afcd8f4c484aac6afcc9ff1a1a6906b12d3985667fc54d388784b1233,CURRENT_SOURCE
index_archivos/libs/PDFMerger/PDFMerger-master/tcpdf/fonts/dejavuserifcondensedbi.z,.z,195428,aaa7224b3869a1c8b568079b6c5a2303f912ff98676e8329880c483694b87b09,CURRENT_SOURCE
index_archivos/libs/PDFMerger/PDFMerger-master/tcpdf/fonts/dejavuserifcondensedi.ctg.z,.z,6435,35e01af70d7bd5b6a83d8631218a8c0a77fdec40d0f97819c7b76599ce34bc26,CURRENT_SOURCE
index_archivos/libs/PDFMerger/PDFMerger-master/tcpdf/fonts/dejavuserifcondensedi.php,.php,124727,1d0b20352b322adbfccf6baf9d910057cc76d75c4a127d0dc851dcee99ac8ece,CURRENT_SOURCE
index_archivos/libs/PDFMerger/PDFMerger-master/tcpdf/fonts/dejavuserifcondensedi.z,.z,197832,d335151ffdfb4df5eb2f449c62b9837fe94844652f6561aefb7f92975fca87dd,CURRENT_SOURCE
index_archivos/libs/PDFMerger/PDFMerger-master/tcpdf/fonts/dejavuserifi.ctg.z,.z,6435,35e01af70d7bd5b6a83d8631218a8c0a77fdec40d0f97819c7b76599ce34bc26,CURRENT_SOURCE
index_archivos/libs/PDFMerger/PDFMerger-master/tcpdf/fonts/dejavuserifi.php,.php,125140,5511163c650a1c482fccf605250549cb198d0f3ae4de917a0a8e1f36e221ae1f,CURRENT_SOURCE
index_archivos/libs/PDFMerger/PDFMerger-master/tcpdf/fonts/dejavuserifi.z,.z,195509,04b4d65716cdf6d93bafeffe2503e2aaedcd981d90c775c7470081d7da16a4ee,CURRENT_SOURCE
index_archivos/libs/PDFMerger/PDFMerger-master/tcpdf/fonts/freefont-20100919/AUTHORS,[none],6956,019ca544a561c8fe0daab1ae97ea73b292eafe5f21dff4f5ddf5e927c2a9c76a,CURRENT_SOURCE
index_archivos/libs/PDFMerger/PDFMerger-master/tcpdf/fonts/freefont-20100919/COPYING,[none],35821,0b383d5a63da644f628d99c33976ea6487ed89aaa59f0b3257992deac1171e6b,CURRENT_SOURCE
index_archivos/libs/PDFMerger/PDFMerger-master/tcpdf/fonts/freefont-20100919/CREDITS,[none],22878,2201bd278b960953d55382a326ec82322894e21a38ee624cc73a46578cf256c1,CURRENT_SOURCE
index_archivos/libs/PDFMerger/PDFMerger-master/tcpdf/fonts/freefont-20100919/ChangeLog,[none],204549,64d2a031afd1773c7ea6c04be97adbd51f45da62224d8498d37672adc1e6b0b8,CURRENT_SOURCE
index_archivos/libs/PDFMerger/PDFMerger-master/tcpdf/fonts/freefont-20100919/INSTALL,[none],2680,6a1d5eee69d558481805dfdfb8b68ee25121596ba425b647cd92d92beb5a322a,CURRENT_SOURCE
index_archivos/libs/PDFMerger/PDFMerger-master/tcpdf/fonts/freefont-20100919/README,[none],4421,7d5a944377e61d0d95d7efa5dae1fa49b862285a7deb34aea451f7e286587b55,CURRENT_SOURCE
index_archivos/libs/PDFMerger/PDFMerger-master/tcpdf/fonts/freefont-20120503/AUTHORS,[none],7146,c5239da25cea3d47e78d8a992c78c6f69115fa5642ae70ffc12da16f61cc5076,CURRENT_SOURCE
index_archivos/libs/PDFMerger/PDFMerger-master/tcpdf/fonts/freefont-20120503/COPYING,[none],35821,0b383d5a63da644f628d99c33976ea6487ed89aaa59f0b3257992deac1171e6b,CURRENT_SOURCE
index_archivos/libs/PDFMerger/PDFMerger-master/tcpdf/fonts/freefont-20120503/CREDITS,[none],23240,da8e9145591c82a4e1aa2aeb5bfccd18d61ca3c62efb2e403598c85dbafbe8f5,CURRENT_SOURCE
index_archivos/libs/PDFMerger/PDFMerger-master/tcpdf/fonts/freefont-20120503/ChangeLog,[none],446918,ffb0ede4ff2a610caa21f694ef80b873012117d622051d610fe5ae660795948d,CURRENT_SOURCE
index_archivos/libs/PDFMerger/PDFMerger-master/tcpdf/fonts/freefont-20120503/INSTALL,[none],3537,2389ff39f75e027efbcfd2cd595cbe82ee8942f9a242699d491961395c91e3e9,CURRENT_SOURCE
index_archivos/libs/PDFMerger/PDFMerger-master/tcpdf/fonts/freefont-20120503/README,[none],5242,02eec6ffd49657b7d81b83802fc9b7cf146b9985857213a27ca6b5278ad696a2,CURRENT_SOURCE
index_archivos/libs/PDFMerger/PDFMerger-master/tcpdf/fonts/freefont-20120503/TROUBLESHOOTING,[none],4696,39556ff42cdba2758bc7e7c1b69a1d7186547d8b3381d7f88c0001f934b0b38c,CURRENT_SOURCE
index_archivos/libs/PDFMerger/PDFMerger-master/tcpdf/fonts/freefont-20120503/USAGE,[none],6245,b62963a60f57092397335d2594154f9e3740df6d15dfb5b0551fe12ac1b6f8c3,CURRENT_SOURCE
index_archivos/libs/PDFMerger/PDFMerger-master/tcpdf/fonts/freemono.ctg.z,.z,7904,e108f16ebc02c4f67f904083681a6a95ac386348a5cd82b61828dd127bba65f1,CURRENT_SOURCE
index_archivos/libs/PDFMerger/PDFMerger-master/tcpdf/fonts/freemono.php,.php,155932,acc3b4adae91d0506dae259cd90c618370e69fae20b29c485393881570f692cf,CURRENT_SOURCE
index_archivos/libs/PDFMerger/PDFMerger-master/tcpdf/fonts/freemono.z,.z,304768,62aa8c4c63b8f5a2c2355a292d8afe2919afc6591d34e53341fe94751db47970,CURRENT_SOURCE
index_archivos/libs/PDFMerger/PDFMerger-master/tcpdf/fonts/freemonob.ctg.z,.z,3968,037a78a1dc04f3b058fe3938d5e3fe5b3e85776b2319af3676222ddf1500aad1,CURRENT_SOURCE
index_archivos/libs/PDFMerger/PDFMerger-master/tcpdf/fonts/freemonob.php,.php,74921,2592c17e6c949841571d579cd70675b32c63d9f29fd196784fda013640ba4203,CURRENT_SOURCE
index_archivos/libs/PDFMerger/PDFMerger-master/tcpdf/fonts/freemonob.z,.z,161601,dba80cc21f0282b1c41f1e0ae1ea5cbcc93ea73730cbbd0473e4badce10a8e57,CURRENT_SOURCE
index_archivos/libs/PDFMerger/PDFMerger-master/tcpdf/fonts/freemonobi.ctg.z,.z,3528,609a78709427b585350b08b7f04ca9907ec6764b4c8a51decd40e0486930a446,CURRENT_SOURCE
index_archivos/libs/PDFMerger/PDFMerger-master/tcpdf/fonts/freemonobi.php,.php,66061,06dff8a68e6db34f37e9112d55e85ea174f8b395b692415595da1709b8b0d9dc,CURRENT_SOURCE
index_archivos/libs/PDFMerger/PDFMerger-master/tcpdf/fonts/freemonobi.z,.z,170654,da8c7bf2344df5872b7a3bc3ed974b79514da4a66ee3bdb93b08797df2dbd270,CURRENT_SOURCE
index_archivos/libs/PDFMerger/PDFMerger-master/tcpdf/fonts/freemonoi.ctg.z,.z,4364,c0c2add1a335f389e470d4e8128ab76b45a2afbb0bf803b0f56113816cc85952,CURRENT_SOURCE
index_archivos/libs/PDFMerger/PDFMerger-master/tcpdf/fonts/freemonoi.php,.php,83493,44d9f77c456b93cd37baf11a21a223db497004d2c806ccd5c689a3b7afb6bd0a,CURRENT_SOURCE
index_archivos/libs/PDFMerger/PDFMerger-master/tcpdf/fonts/freemonoi.z,.z,221911,fa724fd0a9f7f79a33b2cc85689b332b223007f8449510646ae3c40fcc6562d9,CURRENT_SOURCE
index_archivos/libs/PDFMerger/PDFMerger-master/tcpdf/fonts/freesans.ctg.z,.z,8661,b6494363b71c3fe6be2029a59d13c2d5e51728043c9dd8501ce0c2d6c59b9da7,CURRENT_SOURCE
index_archivos/libs/PDFMerger/PDFMerger-master/tcpdf/fonts/freesans.php,.php,165805,0cc9883d150c0ebfb78fdb7a9d3dfb8914ff0add863813a5cd72e4aa3301c517,CURRENT_SOURCE
index_archivos/libs/PDFMerger/PDFMerger-master/tcpdf/fonts/freesans.z,.z,807705,4c4960e1d89c663814ded279608c02fb00c402ed5054f158ab4a291b771e78ff,CURRENT_SOURCE
index_archivos/libs/PDFMerger/PDFMerger-master/tcpdf/fonts/freesansb.ctg.z,.z,5192,812296b53456a3d7a68c8ff03760c6591cb030e3e303c8f9f56ba520be5cdb1c,CURRENT_SOURCE
index_archivos/libs/PDFMerger/PDFMerger-master/tcpdf/fonts/freesansb.php,.php,97856,c6cd1bfd337f05211358fffb3c465a8d0e23fe24dc5295316379f0ea7fa3ef02,CURRENT_SOURCE
index_archivos/libs/PDFMerger/PDFMerger-master/tcpdf/fonts/freesansb.z,.z,238874,bae492b2aa5835cbc0ad3b72a61d20ab7451f8602ea55ff272c3aaa07d9c716e,CURRENT_SOURCE
index_archivos/libs/PDFMerger/PDFMerger-master/tcpdf/fonts/freesansbi.ctg.z,.z,4626,d463c658ebccac42279b8b6183c2ea47a259d009fb60e555b0ad6e3e8fe60672,CURRENT_SOURCE
index_archivos/libs/PDFMerger/PDFMerger-master/tcpdf/fonts/freesansbi.php,.php,88462,d7cdc4e386d07ae5bff5ccef119e690b2f590499b5e51eb29f5712fd43c520c5,CURRENT_SOURCE
index_archivos/libs/PDFMerger/PDFMerger-master/tcpdf/fonts/freesansbi.z,.z,194919,c092b81211ead83e86302922e5c0413fc8f3a85552ec3839c77534c00043d8be,CURRENT_SOURCE
index_archivos/libs/PDFMerger/PDFMerger-master/tcpdf/fonts/freesansi.ctg.z,.z,4927,8618ffa1f3b7c70b023aa5f4e0e9289ecbb6e17aa2d708c9dbc1ae1626f7eca5,CURRENT_SOURCE
index_archivos/libs/PDFMerger/PDFMerger-master/tcpdf/fonts/freesansi.php,.php,94225,135afef88ed3e5d0974e6c22f2721c352d3ae7844aa0bf9b1afcdc8fa9ea1e79,CURRENT_SOURCE
index_archivos/libs/PDFMerger/PDFMerger-master/tcpdf/fonts/freesansi.z,.z,424478,c41875574b59425f424893de07e1fca686d42c94749ce3bc16bb103c6eb12eed,CURRENT_SOURCE
index_archivos/libs/PDFMerger/PDFMerger-master/tcpdf/fonts/freeserif.ctg.z,.z,12610,5d7ff3bd6ecdc125a7c1bf7a6687ef78bf12cf8e8ed56699fa7a5725a67f166d,CURRENT_SOURCE
index_archivos/libs/PDFMerger/PDFMerger-master/tcpdf/fonts/freeserif.php,.php,242911,d9c18486cc6f8d10735f4632c8d48209a9ec79c2f8e938f9e467b8e65e30c810,CURRENT_SOURCE
index_archivos/libs/PDFMerger/PDFMerger-master/tcpdf/fonts/freeserif.z,.z,1835770,c17cdde06e419b03e4f4c2e5b044c3447471b4706ff2dafa6bf5d248637d4582,CURRENT_SOURCE
index_archivos/libs/PDFMerger/PDFMerger-master/tcpdf/fonts/freeserifb.ctg.z,.z,7834,fd71b4261af00d0ad85ec057a95d097f85551bc6c1a98804a515f54f137d0cc4,CURRENT_SOURCE
index_archivos/libs/PDFMerger/PDFMerger-master/tcpdf/fonts/freeserifb.php,.php,151721,86ca3bba2e8a66cf093c26634b6ea7141a37f3cb0e4e33a8ce6ae30ec7b0e1ec,CURRENT_SOURCE
index_archivos/libs/PDFMerger/PDFMerger-master/tcpdf/fonts/freeserifb.z,.z,688505,43795bf8f6f64e7b43460af4bd3a8ede74e07970a048b9a0d568df44144f769a,CURRENT_SOURCE
index_archivos/libs/PDFMerger/PDFMerger-master/tcpdf/fonts/freeserifbi.ctg.z,.z,5104,8bc779d856f144d5b5184911a30447660b0f2aa7e82634253e08114e8624ebeb,CURRENT_SOURCE
index_archivos/libs/PDFMerger/PDFMerger-master/tcpdf/fonts/freeserifbi.php,.php,97751,3050c92a0a1077ad4d9c268c986a41bccac207598133c00681f4055a4eb03e56,CURRENT_SOURCE
index_archivos/libs/PDFMerger/PDFMerger-master/tcpdf/fonts/freeserifbi.z,.z,345721,0aa2e5e4bea3e2ca1baa4589c816972a63a0f115738054869bae4f9494e5ffbc,CURRENT_SOURCE
index_archivos/libs/PDFMerger/PDFMerger-master/tcpdf/fonts/freeserifi.ctg.z,.z,5353,1d06f6b7db6dcd63940a7eb8f6f13ad2028e86921783624922c06f8b3ac70db4,CURRENT_SOURCE
index_archivos/libs/PDFMerger/PDFMerger-master/tcpdf/fonts/freeserifi.php,.php,102778,cca9824b91e1e1e7bdb95953e11f8a0b772c489fc63035c38e0d9e3ef2043767,CURRENT_SOURCE
index_archivos/libs/PDFMerger/PDFMerger-master/tcpdf/fonts/freeserifi.z,.z,536112,c12dbd16db13689acd2a1316949ffde8beacdd3ef970cd1e5aabcbeb0391abe4,CURRENT_SOURCE
index_archivos/libs/PDFMerger/PDFMerger-master/tcpdf/fonts/helvetica.php,.php,2588,ce8dddcef69e93f784dc17ceccbe05b2b6d1e8bb1578e718b7dcebd5ebc7d383,CURRENT_SOURCE
index_archivos/libs/PDFMerger/PDFMerger-master/tcpdf/fonts/helveticab.php,.php,2592,bf8d5cff88d62d303d8f3c948fc9fd0ad6b11f30a66d137b172856e8bdbd44fb,CURRENT_SOURCE
index_archivos/libs/PDFMerger/PDFMerger-master/tcpdf/fonts/helveticabi.php,.php,2601,26ca4f14e8fca2e9011efd407bab7a4ac567b1a910b673714b9341073504b2e9,CURRENT_SOURCE
index_archivos/libs/PDFMerger/PDFMerger-master/tcpdf/fonts/helveticai.php,.php,2596,cf2ad8038ae0b69ff366a44de5893630e41df4e582c383a0b7ccbc4b2aa2f886,CURRENT_SOURCE
index_archivos/libs/PDFMerger/PDFMerger-master/tcpdf/fonts/hysmyeongjostdmedium.php,.php,1877,e8a8142afa23b570180ed70d5affe936057d1f3f9971ad159b897f7e0270f6b8,CURRENT_SOURCE
index_archivos/libs/PDFMerger/PDFMerger-master/tcpdf/fonts/kozgopromedium.php,.php,3642,ff203e0d95c307ad860a86f16b49490bb2484cb9537d7846cd71286bf4c51c43,CURRENT_SOURCE
index_archivos/libs/PDFMerger/PDFMerger-master/tcpdf/fonts/kozminproregular.php,.php,3517,24d5cfd652da72c114a13e314177e1b25026c2f4d5e82db9e218f5ed77a7ef41,CURRENT_SOURCE
index_archivos/libs/PDFMerger/PDFMerger-master/tcpdf/fonts/msungstdlight.php,.php,1588,58ba22ab4648629fd6705290781cd778be243587993c67bb8f4469b0687cd0da,CURRENT_SOURCE
index_archivos/libs/PDFMerger/PDFMerger-master/tcpdf/fonts/pdfacourier.php,.php,2636,d122f7059e6424ebdc4b2ff44722f1f46ca40d0396eb9aaa0847cb4c197e0b29,CURRENT_SOURCE
index_archivos/libs/PDFMerger/PDFMerger-master/tcpdf/fonts/pdfacourier.z,.z,37531,bbf68df2031af70e78d168fe6f3a4a4dde9f16da5ca56cdde11f7c6af5b457f5,CURRENT_SOURCE
index_archivos/libs/PDFMerger/PDFMerger-master/tcpdf/fonts/pdfacourierb.php,.php,2647,cd367e2dc68f14979e2521c5c3dce0475496b1c31f7c8b81c4263a1d6517afa3,CURRENT_SOURCE
index_archivos/libs/PDFMerger/PDFMerger-master/tcpdf/fonts/pdfacourierb.z,.z,39588,8200fa8122a2edcbcc484afe557ffe0978ecb1e34924efa44c0c21c6c19fd995,CURRENT_SOURCE
index_archivos/libs/PDFMerger/PDFMerger-master/tcpdf/fonts/pdfacourierbi.php,.php,2657,abf5944ebadfd183758a5b66e21e747ac952be1da729c5f234469eb22466d1b9,CURRENT_SOURCE
index_archivos/libs/PDFMerger/PDFMerger-master/tcpdf/fonts/pdfacourierbi.z,.z,44697,0506dec567707895cc07771c7f5f45b84581bdd35be23e1974e2410aeb19ca8e,CURRENT_SOURCE
index_archivos/libs/PDFMerger/PDFMerger-master/tcpdf/fonts/pdfacourieri.php,.php,2648,6c6df73c12d6cd148cc97b0d27ed9c76a6c99a93d6f7e607b27d9ea95d11e819,CURRENT_SOURCE
index_archivos/libs/PDFMerger/PDFMerger-master/tcpdf/fonts/pdfacourieri.z,.z,35283,5d617f0a220f6c1283feb8b9c302521845851cbfcff534a6f883be6e0b862c5f,CURRENT_SOURCE
index_archivos/libs/PDFMerger/PDFMerger-master/tcpdf/fonts/pdfahelvetica.php,.php,2651,3a757f92c92d7ea74e78068b64053878cb074a3f317f5fce910fe164131bf59d,CURRENT_SOURCE
index_archivos/libs/PDFMerger/PDFMerger-master/tcpdf/fonts/pdfahelvetica.z,.z,25258,ca31153dc887b93ce053bf17137fee4d8be3a2024f07bdea56d0f5adb6dd1d90,CURRENT_SOURCE
index_archivos/libs/PDFMerger/PDFMerger-master/tcpdf/fonts/pdfahelveticab.php,.php,2659,c599b8a99faa2541d53852ab110f2625eb92b4276d9b3e16b4e8fa5b48879552,CURRENT_SOURCE
index_archivos/libs/PDFMerger/PDFMerger-master/tcpdf/fonts/pdfahelveticab.z,.z,25613,76dfb888f6355b30f48676cdec4aa61ccbdbc4cbbbd30e27d2a8fd0911b2fab3,CURRENT_SOURCE
index_archivos/libs/PDFMerger/PDFMerger-master/tcpdf/fonts/pdfahelveticabi.php,.php,2669,675c4b06679c4c802bcaa8915ef09dd0968b5b6b2f375aa2ffd31c248f34d814,CURRENT_SOURCE
index_archivos/libs/PDFMerger/PDFMerger-master/tcpdf/fonts/pdfahelveticabi.z,.z,32971,517ad0434044ceb553027378eef5a8aac3c2fe94b6087fda9cf07026529debbb,CURRENT_SOURCE
index_archivos/libs/PDFMerger/PDFMerger-master/tcpdf/fonts/pdfahelveticai.php,.php,2661,cc62e817d19c32a3ecf0d8f50e32b6da4c7f1fd262cc3fae1b138f7a79565340,CURRENT_SOURCE
index_archivos/libs/PDFMerger/PDFMerger-master/tcpdf/fonts/pdfahelveticai.z,.z,29093,e9129ad2aca9d2065d2564afd8d5496777c1cc970f6180e1b0a3caeca5d009e6,CURRENT_SOURCE
index_archivos/libs/PDFMerger/PDFMerger-master/tcpdf/fonts/pdfasymbol.php,.php,4784,d0b1e07fe944961e59a313f401adcb2bcc74e1721980ccabd4b5c90138d3e4a8,CURRENT_SOURCE
index_archivos/libs/PDFMerger/PDFMerger-master/tcpdf/fonts/pdfasymbol.z,.z,30488,244c979df30bd707ac33d9e0ab8cfd3cb7f5881c3e65f8472b4ceee5103bec0f,CURRENT_SOURCE
index_archivos/libs/PDFMerger/PDFMerger-master/tcpdf/fonts/pdfatimes.php,.php,2640,d38faad4a7cb4003c730d8bb41d11558183bdbf1fb0f9b93dc5b450fdc77de12,CURRENT_SOURCE
index_archivos/libs/PDFMerger/PDFMerger-master/tcpdf/fonts/pdfatimes.z,.z,39032,8eff2077372272e8633e64ccbe62cc283957394c5efc6036abe1b6318a60a9be,CURRENT_SOURCE
index_archivos/libs/PDFMerger/PDFMerger-master/tcpdf/fonts/pdfatimesb.php,.php,2654,77ef79af31e897fdc109299599b41d6780f2124354593e01f471dd402f853af7,CURRENT_SOURCE
index_archivos/libs/PDFMerger/PDFMerger-master/tcpdf/fonts/pdfatimesb.z,.z,38174,3cd811d0a8a4fa74159883f8b5721e5afe16af6506c181ec6e5b1d8adc90a388,CURRENT_SOURCE
index_archivos/libs/PDFMerger/PDFMerger-master/tcpdf/fonts/pdfatimesbi.php,.php,2659,bb728caf0205d0bb9492ab8cd2ebe6251f7bfa433ea55fd818c9ab60558beffa,CURRENT_SOURCE
index_archivos/libs/PDFMerger/PDFMerger-master/tcpdf/fonts/pdfatimesbi.z,.z,40718,addd94093f0fdb17530dfcaad418d7e1a699115ff40a111254055af040a4baba,CURRENT_SOURCE
index_archivos/libs/PDFMerger/PDFMerger-master/tcpdf/fonts/pdfatimesi.php,.php,2648,cad99dd419cfedb7d2ed5563c142b3e93f86dc5d7bba30c1dd707127c742b07d,CURRENT_SOURCE
index_archivos/libs/PDFMerger/PDFMerger-master/tcpdf/fonts/pdfatimesi.z,.z,35922,d405699f0c6edb6fa20b8c010b10eda06914bbaca8c302e3bfed9c23fcf61b34,CURRENT_SOURCE
index_archivos/libs/PDFMerger/PDFMerger-master/tcpdf/fonts/pdfazapfdingbats.php,.php,2640,4267d2bed1f67eef2c3aa884c0ae9f1e8821a876a478db08133846351ffda11c,CURRENT_SOURCE
index_archivos/libs/PDFMerger/PDFMerger-master/tcpdf/fonts/pdfazapfdingbats.z,.z,50768,99b40472ab7f3f3b8d900f3ac1339f4761e0aa2f2e075fd957bba8fb1dc4af02,CURRENT_SOURCE
index_archivos/libs/PDFMerger/PDFMerger-master/tcpdf/fonts/stsongstdlight.php,.php,1666,4c58dcb794d303cc24b78010bcdc2ea9d572ac5717d592215949197d96630ed5,CURRENT_SOURCE
index_archivos/libs/PDFMerger/PDFMerger-master/tcpdf/fonts/symbol.php,.php,2567,5476e4fd3b1b9486d6abc26a94f4bd312b109cefab744e0dcac8198b1fd54006,CURRENT_SOURCE
index_archivos/libs/PDFMerger/PDFMerger-master/tcpdf/fonts/times.php,.php,2584,0c89db08820581961dbf0033333bdf8645a21e7d9179525dd7b2f4098f069281,CURRENT_SOURCE
index_archivos/libs/PDFMerger/PDFMerger-master/tcpdf/fonts/timesb.php,.php,2589,cb111dfd6be44ab383fda69dc5cb5f49a94d34c7e22c2ff942c80e4e06924380,CURRENT_SOURCE
index_archivos/libs/PDFMerger/PDFMerger-master/tcpdf/fonts/timesbi.php,.php,2592,860b910b2ad8e787476291bfc6df425632cb61275be1cbe111661d5d99604eb9,CURRENT_SOURCE
index_archivos/libs/PDFMerger/PDFMerger-master/tcpdf/fonts/timesi.php,.php,2587,1c84e893dbf525aa985f6cd22b97c07a174c55be811facc6fc823f76b0fdf0c7,CURRENT_SOURCE
index_archivos/libs/PDFMerger/PDFMerger-master/tcpdf/fonts/uni2cid_ac15.php,.php,296380,924fd29da3eae8d2c164cb7505be53d051d52f33d1a8c17a841e8f412be364ab,CURRENT_SOURCE
index_archivos/libs/PDFMerger/PDFMerger-master/tcpdf/fonts/uni2cid_ag15.php,.php,381021,8e1cfae951fc6253ac16696d590b2a0e1c2983a519d909e4d668b5fedf5d434c,CURRENT_SOURCE
index_archivos/libs/PDFMerger/PDFMerger-master/tcpdf/fonts/uni2cid_aj16.php,.php,193747,4260d2e241cb6450b5cb92635494460b8756722ea0d32c3fe8a97ce4acaa6700,CURRENT_SOURCE
index_archivos/libs/PDFMerger/PDFMerger-master/tcpdf/fonts/uni2cid_ak12.php,.php,216083,6703e42c79a877265a8ea68f776035199284a2e949afcbc4042e67d8447ae04c,CURRENT_SOURCE
index_archivos/libs/PDFMerger/PDFMerger-master/tcpdf/fonts/zapfdingbats.php,.php,2564,96223cff67c48c8105436683f712a1db585fb76e8a9e4a1b65defb9d1d97c511,CURRENT_SOURCE
index_archivos/libs/PDFMerger/PDFMerger-master/tcpdf/fpdf_tpl.php,.php,15874,d766b890e6ff6110bbf8c14b93fbf5f7e6d9cda2e1dfd91681ec4ee08e6927b8,CURRENT_SOURCE
index_archivos/libs/PDFMerger/PDFMerger-master/tcpdf/include/barcodes/datamatrix.php,.php,43976,a19b44358e30cea89fdbaedc7865daef4557c2e0b72cadaae3ff74a1b101ef87,CURRENT_SOURCE
index_archivos/libs/PDFMerger/PDFMerger-master/tcpdf/include/barcodes/pdf417.php,.php,54878,46bdc859c2cce9fda15cf8913cbe538521284f700f5cec2f14e7049313740ea4,CURRENT_SOURCE
index_archivos/libs/PDFMerger/PDFMerger-master/tcpdf/include/barcodes/qrcode.php,.php,82950,8220d6839d0b7ae142cac16c68756b3ecee1e6b9e9e3924a4209847236525788,CURRENT_SOURCE
index_archivos/libs/PDFMerger/PDFMerger-master/tcpdf/include/sRGB.icc,.icc,3048,c4c1153168e817be61a676e403c370ce2c485a6bd54fbb59c3850845cfefad00,CURRENT_SOURCE
index_archivos/libs/PDFMerger/PDFMerger-master/tcpdf/include/tcpdf_colors.php,.php,15161,5e32dee26a7e82d53301c2943f339eaf549c8857b5309a7118400775e842b7cd,CURRENT_SOURCE
index_archivos/libs/PDFMerger/PDFMerger-master/tcpdf/include/tcpdf_filters.php,.php,15163,65dcde1be15dcc7ccfa4e356b724d2253416830535396fbdb89489e713c39f18,CURRENT_SOURCE
index_archivos/libs/PDFMerger/PDFMerger-master/tcpdf/include/tcpdf_font_data.php,.php,331879,022dc888f9c5b1057d89d182baefa970727bae2993d131db4278b44e20f67511,CURRENT_SOURCE
index_archivos/libs/PDFMerger/PDFMerger-master/tcpdf/include/tcpdf_fonts.php,.php,98627,887536287177b2f1ddb72a129f8444c9c029e81cba806db79bb56c5c4cae9fa0,CURRENT_SOURCE
index_archivos/libs/PDFMerger/PDFMerger-master/tcpdf/include/tcpdf_images.php,.php,11873,8d99d7fe8342a3a6283f43216d525f03a57ea0ee4d76d1f20f448e788135eec3,CURRENT_SOURCE
index_archivos/libs/PDFMerger/PDFMerger-master/tcpdf/include/tcpdf_static.php,.php,110295,bf80edf12ca32d00653ae6eb4de23a01328b9aee1dc29a71b8fa7f3c442eadf0,CURRENT_SOURCE
index_archivos/libs/PDFMerger/PDFMerger-master/tcpdf/tcpdf.php,.php,921624,33b04ed319fb1aa63a7d6dfd02b7f81ae035493cca45f90a2ccdb1b332faa9b2,CURRENT_SOURCE
index_archivos/libs/PDFMerger/PDFMerger-master/tcpdf/tcpdf_autoconfig.php,.php,7396,85f197f1e8646ec75d49655e54d50fc51ec04c88df0d07980bae471111b38088,CURRENT_SOURCE
index_archivos/libs/PDFMerger/PDFMerger-master/tcpdf/tcpdf_barcodes_1d.php,.php,75763,0b1df7651fd1941dfc04fe2118da370dc2537d05a7316820eeee661f9ba88eae,CURRENT_SOURCE
index_archivos/libs/PDFMerger/PDFMerger-master/tcpdf/tcpdf_barcodes_2d.php,.php,15032,1233b9ebfa731e6e6e3a5a3cd401187d183fbc623f3f17173f65cbf45e2b9d79,CURRENT_SOURCE
index_archivos/libs/PDFMerger/PDFMerger-master/tcpdf/tcpdf_import.php,.php,3431,c1b0a641430bf4f27811cfa1c63120edd2c2a2e83e69f5e85e1fa1a33bd6ff7a,CURRENT_SOURCE
index_archivos/libs/PDFMerger/PDFMerger-master/tcpdf/tcpdf_parser.php,.php,28451,53e24daaabde3ecd280ce0f782c2e677e8a7c9cfa49825a8dad5b5c12672c8a5,CURRENT_SOURCE
index_archivos/libs/PDFMerger/PDFMerger-master/tcpdf/tcpdi.php,.php,23728,07118b5f472508193c26659ba3a16a69d9e02af8c65b2ce7d663ad26096d2faa,CURRENT_SOURCE
index_archivos/libs/PDFMerger/PDFMerger-master/tcpdf/tcpdi_parser.php,.php,54525,83f776af5214f84c970c82d7c958676a436eac8eeec7f61c31b27295e6e74ee1,CURRENT_SOURCE
index_archivos/libs/PDFMerger/PDFMerger-master/tcpdf/tools/.htaccess,[none],15,5b1221fe09b6bc35512d7daf1b142a4d21b80dae05442f1908605a30c8a1f8bf,CURRENT_SOURCE
index_archivos/libs/PDFMerger/PDFMerger-master/tcpdf/tools/convert_fonts_examples.txt,.txt,2031,5909b61b30a062a5797a85e132d6a39786076a1681981dcae77b7bbb3224b61f,CURRENT_SOURCE
index_archivos/libs/PDFMerger/PDFMerger-master/tcpdf/tools/tcpdf_addfont.php,.php,7718,0efe79e4a9fcf5dc0e64c4363a868515a4eed4922f94e2919730be95122aa5a4,CURRENT_SOURCE
index_archivos/libs/PDFMerger/PDFMerger.php,.php,5465,27396d33fc7c2fec7fc4ff795080855c2b1884769e12d7bd0d39b9b67ca2cdda,CURRENT_SOURCE
index_archivos/libs/PDFMerger/README.md,.md,1451,1e330538d41f3f0bc86095ea1256be3688d1a1a39adf635eec49d28ca4da9259,CURRENT_SOURCE
index_archivos/libs/PDFMerger/composer.json,.json,585,f63bc91531d7806cec202387270a712bac697dcdce8a422920da412dfaa8c8ee,CURRENT_SOURCE
index_archivos/libs/PDFMerger/sample.php,.php,411,2f0d7397f483eb49a1d49ff0c93f4081bcbb417491227df1ffa896e5b5a6f581,CURRENT_SOURCE
index_archivos/libs/PDFMerger/tcpdf/CHANGELOG.TXT,.txt,118959,7fae768e77af76b8bfb3fb26f6df2eda2d05c905fc2ed013cf16b125f369de15,CURRENT_SOURCE
index_archivos/libs/PDFMerger/tcpdf/LICENSE.TXT,.txt,44494,1e3b37db4c0e624119497e9553bb0f656389dc4fbe69ae8592227bdde24ac695,CURRENT_SOURCE
index_archivos/libs/PDFMerger/tcpdf/README.TXT,.txt,5748,91004242e30d3f8f6d652aa57ea915244798a0b7e816a93c726325f6a584ddab,CURRENT_SOURCE
index_archivos/libs/PDFMerger/tcpdf/composer.json,.json,984,24edd44cd1b2e27c29d075ebdc5a37fd9c854828daf860f007fd27194fd178a8,CURRENT_SOURCE
index_archivos/libs/PDFMerger/tcpdf/config/tcpdf_config.php,.php,5598,b39ede2b86e230675e72a902d937e016dfeb3aaf1572653accac75e3935496a3,CURRENT_SOURCE
index_archivos/libs/PDFMerger/tcpdf/fonts/ae_fonts_2.0/COPYING,[none],18396,712e4404be9e2018195fee44b0368b86165e9891a9603684c6783718c4587ea9,CURRENT_SOURCE
index_archivos/libs/PDFMerger/tcpdf/fonts/ae_fonts_2.0/ChangeLog,[none],30587,6a039ba1a47d7f919ece728391c1709c40761fc430a70a5c01006a724b53b7a3,CURRENT_SOURCE
index_archivos/libs/PDFMerger/tcpdf/fonts/ae_fonts_2.0/README,[none],2422,05527f8a6c680d60fb37090a0615fcb03c2e28568af505038594f25386c9b5b3,CURRENT_SOURCE
index_archivos/libs/PDFMerger/tcpdf/fonts/aealarabiya.ctg.z,.z,1849,f803cd152facef180b514623937fd423831c48da02b01f1417323410cc98598b,CURRENT_SOURCE
index_archivos/libs/PDFMerger/tcpdf/fonts/aealarabiya.php,.php,35241,d36aafd8246dd8b061814341dcd712c0457e7e0fc628e37c42c04058b7b66270,CURRENT_SOURCE
index_archivos/libs/PDFMerger/tcpdf/fonts/aealarabiya.z,.z,56189,999e1b6fb591d2518342df92068ffee076d75c36c5af911608ea112d15bf71e8,CURRENT_SOURCE
index_archivos/libs/PDFMerger/tcpdf/fonts/aefurat.ctg.z,.z,1843,a37161f64d2048d470585a29ae9ec5547b319a843df1db53b1fff82e899fca50,CURRENT_SOURCE
index_archivos/libs/PDFMerger/tcpdf/fonts/aefurat.php,.php,34994,2af4f616bc587a1ae6366fe126967d497669b6a1ffee2264afd10d6337690ec2,CURRENT_SOURCE
index_archivos/libs/PDFMerger/tcpdf/fonts/aefurat.z,.z,74520,3d8fdf526e74b409e73b2a10928ad3ddbe621c3ca7d4c3a81202d0374380780d,CURRENT_SOURCE
index_archivos/libs/PDFMerger/tcpdf/fonts/cid0cs.php,.php,1582548,a2440cb109ae474b1a6a150addc4f96456e09801c032d620dc2acaf9bc786eee,CURRENT_SOURCE
index_archivos/libs/PDFMerger/tcpdf/fonts/cid0ct.php,.php,1582551,c38c3d2090737855cbda65889326003d9f08c026cc2d5eefc13ba26e961c0aec,CURRENT_SOURCE
index_archivos/libs/PDFMerger/tcpdf/fonts/cid0jp.php,.php,1582542,468087bf1a185b8e56c4ab46a5a6a1ba57124c7c69a2d89112d3002dfce001b5,CURRENT_SOURCE
index_archivos/libs/PDFMerger/tcpdf/fonts/cid0kr.php,.php,1582539,ce0eec2e17917c1e8415085babb1a3840422bbd9c317137040d7fa1097d5ca9f,CURRENT_SOURCE
index_archivos/libs/PDFMerger/tcpdf/fonts/courier.php,.php,2574,aad4b23ecd9d6e819e48e53b01008ff08f18823da63ee9286ed317c160f68230,CURRENT_SOURCE
index_archivos/libs/PDFMerger/tcpdf/fonts/courierb.php,.php,2581,96848f6e20a98d1a9ad04658adb7309a6a307584ab7fa3f0d30ce44d16e85e5c,CURRENT_SOURCE
index_archivos/libs/PDFMerger/tcpdf/fonts/courierbi.php,.php,2589,1f1d509e19d51fdf40710aae68e778a77f5476282d9881ee31b9e13f85983a1c,CURRENT_SOURCE
index_archivos/libs/PDFMerger/tcpdf/fonts/courieri.php,.php,2584,d45962f23bcb57be422a101017beec8d6403c738149392de7a65e9ea95ab9f83,CURRENT_SOURCE
index_archivos/libs/PDFMerger/tcpdf/fonts/dejavu-fonts-ttf-2.33/AUTHORS,[none],883,87f75ef4a6d3294ca6afc5cb8299f020f0fbbf410720975cfceb6864f434429a,CURRENT_SOURCE
index_archivos/libs/PDFMerger/tcpdf/fonts/dejavu-fonts-ttf-2.33/BUGS,[none],98,b901f314b27e3326745e74d574bbdfa15fc4ef9ec2a1b6ecfa6c9da677e4cb8e,CURRENT_SOURCE
index_archivos/libs/PDFMerger/tcpdf/fonts/dejavu-fonts-ttf-2.33/LICENSE,[none],4915,c61ba9e8668a511cbd0bcfdee8329e02ca6ca4048abda6ca7ee8ac68a059776a,CURRENT_SOURCE
index_archivos/libs/PDFMerger/tcpdf/fonts/dejavu-fonts-ttf-2.33/NEWS,[none],70804,c8b6e08235e422f9cb603969cb16479a84d7fa253a2d981611f3dabe63d0b933,CURRENT_SOURCE
index_archivos/libs/PDFMerger/tcpdf/fonts/dejavu-fonts-ttf-2.33/README,[none],2377,42e6143a4acc40a7100a112320f31171ba94a7859eae18de30280ca54e8cb9a3,CURRENT_SOURCE
index_archivos/libs/PDFMerger/tcpdf/fonts/dejavu-fonts-ttf-2.33/langcover.txt,.txt,25403,2f72ed2af5508b7f200d2fc2b611054f1c9891b6eb93f54b87ce894fa5a46e1f,CURRENT_SOURCE
index_archivos/libs/PDFMerger/tcpdf/fonts/dejavu-fonts-ttf-2.33/status.txt,.txt,1413578,1bf26de4589b2a62672f2cde5b3fce4b47870bd739371962b96dc193ec704fed,CURRENT_SOURCE
index_archivos/libs/PDFMerger/tcpdf/fonts/dejavu-fonts-ttf-2.33/unicover.txt,.txt,22448,2a60dd14663626e3fc7a6a9527f3ad01ecd3d452f0690270d3c5c2da72e3dd56,CURRENT_SOURCE
index_archivos/libs/PDFMerger/tcpdf/fonts/dejavu-fonts-ttf-2.34/AUTHORS,[none],902,eabbb14ccd93085448ff9f6abe802ccb634e016de4d0f7ebd0208b826a8f48a5,CURRENT_SOURCE
index_archivos/libs/PDFMerger/tcpdf/fonts/dejavu-fonts-ttf-2.34/BUGS,[none],98,b901f314b27e3326745e74d574bbdfa15fc4ef9ec2a1b6ecfa6c9da677e4cb8e,CURRENT_SOURCE
index_archivos/libs/PDFMerger/tcpdf/fonts/dejavu-fonts-ttf-2.34/LICENSE,[none],4915,c61ba9e8668a511cbd0bcfdee8329e02ca6ca4048abda6ca7ee8ac68a059776a,CURRENT_SOURCE
index_archivos/libs/PDFMerger/tcpdf/fonts/dejavu-fonts-ttf-2.34/NEWS,[none],74019,80d94a1e5a378475b0d4c66a60f3274b0d2bb7f31a2f9e0c470b0be3f3fe339e,CURRENT_SOURCE
index_archivos/libs/PDFMerger/tcpdf/fonts/dejavu-fonts-ttf-2.34/README,[none],2373,f252049a5589a980df7efdf4a591e6bd5c466419ef993de72bb46d2e87d827d6,CURRENT_SOURCE
index_archivos/libs/PDFMerger/tcpdf/fonts/dejavu-fonts-ttf-2.34/langcover.txt,.txt,26194,d18cd870e2d28fa5a1ba00d584eae356541830d4f9846e171fe748195029b2b5,CURRENT_SOURCE
index_archivos/libs/PDFMerger/tcpdf/fonts/dejavu-fonts-ttf-2.34/status.txt,.txt,1450931,03d349d08f93969428a182338e02917eb2e4109a3e901ec98887e14b5a38b6e6,CURRENT_SOURCE
index_archivos/libs/PDFMerger/tcpdf/fonts/dejavu-fonts-ttf-2.34/unicover.txt,.txt,23670,9d034062feebf4bd4caba17e90c89e1cba2899915c06911935549b0e3f40bc2d,CURRENT_SOURCE
index_archivos/libs/PDFMerger/tcpdf/fonts/dejavusans.ctg.z,.z,10454,6d983c257d60508cb24c69e3fa716ff7bebaa9c5e3fd724dab1ba7908f10b87d,CURRENT_SOURCE
index_archivos/libs/PDFMerger/tcpdf/fonts/dejavusans.php,.php,202095,3efc8bbf568148ade96b6a12bd02f726ba2500508a583a4b9007f241be856164,CURRENT_SOURCE
index_archivos/libs/PDFMerger/tcpdf/fonts/dejavusans.z,.z,375806,0b911bc136718959ad0c6e175537dcd3f4c91d1765ddb2c36427af3b50f4a7e1,CURRENT_SOURCE
index_archivos/libs/PDFMerger/tcpdf/fonts/dejavusansb.ctg.z,.z,10200,a640299ef8dab84c25c558c71c8608625c9f762edd3cf305a4716d13a5b68de9,CURRENT_SOURCE
index_archivos/libs/PDFMerger/tcpdf/fonts/dejavusansb.php,.php,197343,ac4f20757158483cee2dd281a8dd30ba9e736b53b6eef041768606846fd144c6,CURRENT_SOURCE
index_archivos/libs/PDFMerger/tcpdf/fonts/dejavusansb.z,.z,347269,18c349b1f422d5b3764a8706949af3306f01baa5b74b8660260a7fa140b2a974,CURRENT_SOURCE
index_archivos/libs/PDFMerger/tcpdf/fonts/dejavusansbi.ctg.z,.z,9101,2a17981112ac3fa2498af66d872f0eed9a0ee3049cdf95f648e6fc23a93a3b16,CURRENT_SOURCE
index_archivos/libs/PDFMerger/tcpdf/fonts/dejavusansbi.php,.php,176905,917980aa0ff35556ac858064a8314e128c0074d8b7870c85ce2457a7ba6bf71c,CURRENT_SOURCE
index_archivos/libs/PDFMerger/tcpdf/fonts/dejavusansbi.z,.z,326692,0ea641a64e22330c084c5a9e4c2aaa4cbd2630874783bbea6fe90ab8e64b6189,CURRENT_SOURCE
index_archivos/libs/PDFMerger/tcpdf/fonts/dejavusanscondensed.ctg.z,.z,10454,6d983c257d60508cb24c69e3fa716ff7bebaa9c5e3fd724dab1ba7908f10b87d,CURRENT_SOURCE
index_archivos/libs/PDFMerger/tcpdf/fonts/dejavusanscondensed.php,.php,201312,b9b35fe3f91569423e19d57261ff43529f034bc446e0a05771bb12c9b041c6cf,CURRENT_SOURCE
index_archivos/libs/PDFMerger/tcpdf/fonts/dejavusanscondensed.z,.z,330293,c1ccfc02d15d9904bcaf30e097fd6b6c33e47da64bc69f37ab0d7b436ffc8ee0,CURRENT_SOURCE
index_archivos/libs/PDFMerger/tcpdf/fonts/dejavusanscondensedb.ctg.z,.z,10200,a640299ef8dab84c25c558c71c8608625c9f762edd3cf305a4716d13a5b68de9,CURRENT_SOURCE
index_archivos/libs/PDFMerger/tcpdf/fonts/dejavusanscondensedb.php,.php,196451,a0949e3675ba89ca87e0b7d478e65506495a3fdd29fa969aed28247a84038919,CURRENT_SOURCE
index_archivos/libs/PDFMerger/tcpdf/fonts/dejavusanscondensedb.z,.z,326753,e1391bd4362e15a9277c0b27952b0dc6f6f44cfa644e1d924a58e4b60776565f,CURRENT_SOURCE
index_archivos/libs/PDFMerger/tcpdf/fonts/dejavusanscondensedbi.ctg.z,.z,9101,2a17981112ac3fa2498af66d872f0eed9a0ee3049cdf95f648e6fc23a93a3b16,CURRENT_SOURCE
index_archivos/libs/PDFMerger/tcpdf/fonts/dejavusanscondensedbi.php,.php,176128,a1143c299514f1438f0e8fbb3f2d398c5d354733c01c0ff7fda7e965bab2f61b,CURRENT_SOURCE
index_archivos/libs/PDFMerger/tcpdf/fonts/dejavusanscondensedbi.z,.z,312796,e607592fbd93e36113df6cc96f70f8ada1da50f7e316031c45e6fa8f89bb60a4,CURRENT_SOURCE
index_archivos/libs/PDFMerger/tcpdf/fonts/dejavusanscondensedi.ctg.z,.z,9343,301d861615d72ee46a2b9c295453c72ffe00f0dfc0a32964fae6b5e2c8e3c8e2,CURRENT_SOURCE
index_archivos/libs/PDFMerger/tcpdf/fonts/dejavusanscondensedi.php,.php,180833,def2bde3c0ca8021df5dd519de228d3d01fb8aa164670f20287319ecae5fdd96,CURRENT_SOURCE
index_archivos/libs/PDFMerger/tcpdf/fonts/dejavusanscondensedi.z,.z,308709,72294f3709cf3d617a43f7dccd65901d27aea67416ff175cafc217c7b38d346d,CURRENT_SOURCE
index_archivos/libs/PDFMerger/tcpdf/fonts/dejavusansextralight.ctg.z,.z,3989,e95749311e3430d72aca89d05f65663a60d55035a5788b28e120bbd0bf664c9e,CURRENT_SOURCE
index_archivos/libs/PDFMerger/tcpdf/fonts/dejavusansextralight.php,.php,72227,751697d8c5ff0e7a9c2f27ea503c1f712b3c00b1613694df2d35ca545bb9d008,CURRENT_SOURCE
index_archivos/libs/PDFMerger/tcpdf/fonts/dejavusansextralight.z,.z,173046,21e2cd9f90458470dc1ec3c083122a4599fa00a5235e8835a9142891a4234579,CURRENT_SOURCE
index_archivos/libs/PDFMerger/tcpdf/fonts/dejavusansi.ctg.z,.z,9343,301d861615d72ee46a2b9c295453c72ffe00f0dfc0a32964fae6b5e2c8e3c8e2,CURRENT_SOURCE
index_archivos/libs/PDFMerger/tcpdf/fonts/dejavusansi.php,.php,181465,6be4ae1dbf69e5eac6db133d067fc57536f33548a28f9b8e1d83be0d035551ab,CURRENT_SOURCE
index_archivos/libs/PDFMerger/tcpdf/fonts/dejavusansi.z,.z,326859,bb51fc0e36775b48b88798b58cfeef076214a0086daaac05792a712a1ec2c524,CURRENT_SOURCE
index_archivos/libs/PDFMerger/tcpdf/fonts/dejavusansmono.ctg.z,.z,6361,a515d829384130976db8f388bf9aaba3a264dea6e972e4fb74c16f5383b2c3f2,CURRENT_SOURCE
index_archivos/libs/PDFMerger/tcpdf/fonts/dejavusansmono.php,.php,120269,56352a19de8fdb6b1cc8bd36de8023b99633c7186194e5aafd2517c762caa1aa,CURRENT_SOURCE
index_archivos/libs/PDFMerger/tcpdf/fonts/dejavusansmono.z,.z,198919,367e500a616149efaf6faaf269aacf15d7d6cce9688558a5a6c8b83449acbeca,CURRENT_SOURCE
index_archivos/libs/PDFMerger/tcpdf/fonts/dejavusansmonob.ctg.z,.z,6120,2ca0468ccb10f2a9c5c2a5e93be2b6513ad47efff33d65a3e835c1dec32f109e,CURRENT_SOURCE
index_archivos/libs/PDFMerger/tcpdf/fonts/dejavusansmonob.php,.php,115114,89ad969767996b1a84fe1dc7340e73102b7144304ab802d3f1f7b476feff1a1e,CURRENT_SOURCE
index_archivos/libs/PDFMerger/tcpdf/fonts/dejavusansmonob.z,.z,193788,08f5b12694a69b404d8dc4c543de51f9e896ea3f87ffda512faa9cde822ecc43,CURRENT_SOURCE
index_archivos/libs/PDFMerger/tcpdf/fonts/dejavusansmonobi.ctg.z,.z,4983,62ecd004f7d18091bbc711c5849b38f2f10dfcd4b320b7d7c4b9afbf16a4e835,CURRENT_SOURCE
index_archivos/libs/PDFMerger/tcpdf/fonts/dejavusansmonobi.php,.php,92901,24bfe8dfe0f46a571bcaf2bbb87ce903e6db041cd488b32fbffe6c322de05cbb,CURRENT_SOURCE
index_archivos/libs/PDFMerger/tcpdf/fonts/dejavusansmonobi.z,.z,145530,6acda976100eb802a6d92231a0edece5c0ccb92a2c4b64e1336deaca70895967,CURRENT_SOURCE
index_archivos/libs/PDFMerger/tcpdf/fonts/dejavusansmonoi.ctg.z,.z,5221,d8ec6a157aaeb91da2553033fe278a287a047d7e2cb4d66ebc4ebde65176b4fc,CURRENT_SOURCE
index_archivos/libs/PDFMerger/tcpdf/fonts/dejavusansmonoi.php,.php,97895,b6d4faf8499e71c21de1388850862e3f88479690540ab614318b923ee8b7d149,CURRENT_SOURCE
index_archivos/libs/PDFMerger/tcpdf/fonts/dejavusansmonoi.z,.z,147290,5b44607e05eab09e57dc358716bee5fac28c72944b9859cfedf1d1d95cff12f0,CURRENT_SOURCE
index_archivos/libs/PDFMerger/tcpdf/fonts/dejavuserif.ctg.z,.z,6458,0fe8e4df8bf597312d39efeae0e54df6d5b1fc692b6e5b64d03423990012e8a9,CURRENT_SOURCE
index_archivos/libs/PDFMerger/tcpdf/fonts/dejavuserif.php,.php,124925,c1373fc6c010fe020516be47427252cf701cd43c2d320a8ed2acd206dd978531,CURRENT_SOURCE
index_archivos/libs/PDFMerger/tcpdf/fonts/dejavuserif.z,.z,205777,bb61517a33c4ce844cd3277ed28260d93751a140005a8ebaca6820ab3f4c4a36,CURRENT_SOURCE
index_archivos/libs/PDFMerger/tcpdf/fonts/dejavuserifb.ctg.z,.z,6199,6e22606d7bf6d399050692cf6ad201e4ed105cd5d0ef3c77e4f97c2a5fd20214,CURRENT_SOURCE
index_archivos/libs/PDFMerger/tcpdf/fonts/dejavuserifb.php,.php,119452,868adc5e495adcadbf9232fb90cf4c43f629d173a88d0ee2cb18be5ca953f954,CURRENT_SOURCE
index_archivos/libs/PDFMerger/tcpdf/fonts/dejavuserifb.z,.z,191695,b30de2442f3cb1866c33661a2b51053e72a361f67f76ba5b5aa298fe424a5345,CURRENT_SOURCE
index_archivos/libs/PDFMerger/tcpdf/fonts/dejavuserifbi.ctg.z,.z,6206,7470b24bb6fef89e3e338b92912ab1441ce023d63067d2841c5f5d5c9707fd21,CURRENT_SOURCE
index_archivos/libs/PDFMerger/tcpdf/fonts/dejavuserifbi.php,.php,120367,7ed596d569cec2a4e1a0be1e7e9b97d073563050c477a6a16d2c5446c010612e,CURRENT_SOURCE
index_archivos/libs/PDFMerger/tcpdf/fonts/dejavuserifbi.z,.z,193465,aeba17165be8f84c47386016af4d442f7c01053fcafad25758b909a07161855b,CURRENT_SOURCE
index_archivos/libs/PDFMerger/tcpdf/fonts/dejavuserifcondensed.ctg.z,.z,6458,0fe8e4df8bf597312d39efeae0e54df6d5b1fc692b6e5b64d03423990012e8a9,CURRENT_SOURCE
index_archivos/libs/PDFMerger/tcpdf/fonts/dejavuserifcondensed.php,.php,124537,0f926f3193ecbd636813e73d22110546fb7b8ce717a512e5c0c05e8a1154185e,CURRENT_SOURCE
index_archivos/libs/PDFMerger/tcpdf/fonts/dejavuserifcondensed.z,.z,184689,02d268e743598cfe03ba2ef0b7b1a5b4589d4fc756956a65d3be448f705f6730,CURRENT_SOURCE
index_archivos/libs/PDFMerger/tcpdf/fonts/dejavuserifcondensedb.ctg.z,.z,6199,6e22606d7bf6d399050692cf6ad201e4ed105cd5d0ef3c77e4f97c2a5fd20214,CURRENT_SOURCE
index_archivos/libs/PDFMerger/tcpdf/fonts/dejavuserifcondensedb.php,.php,119077,0f9ae9148a4b3fa38aeca26ea3e0cd4ccec26599f6dab6357659890034bbd72b,CURRENT_SOURCE
index_archivos/libs/PDFMerger/tcpdf/fonts/dejavuserifcondensedb.z,.z,175232,c2ada9f11be4c3198c69775c387c666fba10ef2d8c0cdb5611d2cb3565c4c451,CURRENT_SOURCE
index_archivos/libs/PDFMerger/tcpdf/fonts/dejavuserifcondensedbi.ctg.z,.z,6206,7470b24bb6fef89e3e338b92912ab1441ce023d63067d2841c5f5d5c9707fd21,CURRENT_SOURCE
index_archivos/libs/PDFMerger/tcpdf/fonts/dejavuserifcondensedbi.php,.php,119954,0f600d1afcd8f4c484aac6afcc9ff1a1a6906b12d3985667fc54d388784b1233,CURRENT_SOURCE
index_archivos/libs/PDFMerger/tcpdf/fonts/dejavuserifcondensedbi.z,.z,195428,aaa7224b3869a1c8b568079b6c5a2303f912ff98676e8329880c483694b87b09,CURRENT_SOURCE
index_archivos/libs/PDFMerger/tcpdf/fonts/dejavuserifcondensedi.ctg.z,.z,6435,35e01af70d7bd5b6a83d8631218a8c0a77fdec40d0f97819c7b76599ce34bc26,CURRENT_SOURCE
index_archivos/libs/PDFMerger/tcpdf/fonts/dejavuserifcondensedi.php,.php,124727,1d0b20352b322adbfccf6baf9d910057cc76d75c4a127d0dc851dcee99ac8ece,CURRENT_SOURCE
index_archivos/libs/PDFMerger/tcpdf/fonts/dejavuserifcondensedi.z,.z,197832,d335151ffdfb4df5eb2f449c62b9837fe94844652f6561aefb7f92975fca87dd,CURRENT_SOURCE
index_archivos/libs/PDFMerger/tcpdf/fonts/dejavuserifi.ctg.z,.z,6435,35e01af70d7bd5b6a83d8631218a8c0a77fdec40d0f97819c7b76599ce34bc26,CURRENT_SOURCE
index_archivos/libs/PDFMerger/tcpdf/fonts/dejavuserifi.php,.php,125140,5511163c650a1c482fccf605250549cb198d0f3ae4de917a0a8e1f36e221ae1f,CURRENT_SOURCE
index_archivos/libs/PDFMerger/tcpdf/fonts/dejavuserifi.z,.z,195509,04b4d65716cdf6d93bafeffe2503e2aaedcd981d90c775c7470081d7da16a4ee,CURRENT_SOURCE
index_archivos/libs/PDFMerger/tcpdf/fonts/freefont-20100919/AUTHORS,[none],6956,019ca544a561c8fe0daab1ae97ea73b292eafe5f21dff4f5ddf5e927c2a9c76a,CURRENT_SOURCE
index_archivos/libs/PDFMerger/tcpdf/fonts/freefont-20100919/COPYING,[none],35821,0b383d5a63da644f628d99c33976ea6487ed89aaa59f0b3257992deac1171e6b,CURRENT_SOURCE
index_archivos/libs/PDFMerger/tcpdf/fonts/freefont-20100919/CREDITS,[none],22878,2201bd278b960953d55382a326ec82322894e21a38ee624cc73a46578cf256c1,CURRENT_SOURCE
index_archivos/libs/PDFMerger/tcpdf/fonts/freefont-20100919/ChangeLog,[none],204549,64d2a031afd1773c7ea6c04be97adbd51f45da62224d8498d37672adc1e6b0b8,CURRENT_SOURCE
index_archivos/libs/PDFMerger/tcpdf/fonts/freefont-20100919/INSTALL,[none],2680,6a1d5eee69d558481805dfdfb8b68ee25121596ba425b647cd92d92beb5a322a,CURRENT_SOURCE
index_archivos/libs/PDFMerger/tcpdf/fonts/freefont-20100919/README,[none],4421,7d5a944377e61d0d95d7efa5dae1fa49b862285a7deb34aea451f7e286587b55,CURRENT_SOURCE
index_archivos/libs/PDFMerger/tcpdf/fonts/freefont-20120503/AUTHORS,[none],7146,c5239da25cea3d47e78d8a992c78c6f69115fa5642ae70ffc12da16f61cc5076,CURRENT_SOURCE
index_archivos/libs/PDFMerger/tcpdf/fonts/freefont-20120503/COPYING,[none],35821,0b383d5a63da644f628d99c33976ea6487ed89aaa59f0b3257992deac1171e6b,CURRENT_SOURCE
index_archivos/libs/PDFMerger/tcpdf/fonts/freefont-20120503/CREDITS,[none],23240,da8e9145591c82a4e1aa2aeb5bfccd18d61ca3c62efb2e403598c85dbafbe8f5,CURRENT_SOURCE
index_archivos/libs/PDFMerger/tcpdf/fonts/freefont-20120503/ChangeLog,[none],446918,ffb0ede4ff2a610caa21f694ef80b873012117d622051d610fe5ae660795948d,CURRENT_SOURCE
index_archivos/libs/PDFMerger/tcpdf/fonts/freefont-20120503/INSTALL,[none],3537,2389ff39f75e027efbcfd2cd595cbe82ee8942f9a242699d491961395c91e3e9,CURRENT_SOURCE
index_archivos/libs/PDFMerger/tcpdf/fonts/freefont-20120503/README,[none],5242,02eec6ffd49657b7d81b83802fc9b7cf146b9985857213a27ca6b5278ad696a2,CURRENT_SOURCE
index_archivos/libs/PDFMerger/tcpdf/fonts/freefont-20120503/TROUBLESHOOTING,[none],4696,39556ff42cdba2758bc7e7c1b69a1d7186547d8b3381d7f88c0001f934b0b38c,CURRENT_SOURCE
index_archivos/libs/PDFMerger/tcpdf/fonts/freefont-20120503/USAGE,[none],6245,b62963a60f57092397335d2594154f9e3740df6d15dfb5b0551fe12ac1b6f8c3,CURRENT_SOURCE
index_archivos/libs/PDFMerger/tcpdf/fonts/freemono.ctg.z,.z,7904,e108f16ebc02c4f67f904083681a6a95ac386348a5cd82b61828dd127bba65f1,CURRENT_SOURCE
index_archivos/libs/PDFMerger/tcpdf/fonts/freemono.php,.php,155932,acc3b4adae91d0506dae259cd90c618370e69fae20b29c485393881570f692cf,CURRENT_SOURCE
index_archivos/libs/PDFMerger/tcpdf/fonts/freemono.z,.z,304768,62aa8c4c63b8f5a2c2355a292d8afe2919afc6591d34e53341fe94751db47970,CURRENT_SOURCE
index_archivos/libs/PDFMerger/tcpdf/fonts/freemonob.ctg.z,.z,3968,037a78a1dc04f3b058fe3938d5e3fe5b3e85776b2319af3676222ddf1500aad1,CURRENT_SOURCE
index_archivos/libs/PDFMerger/tcpdf/fonts/freemonob.php,.php,74921,2592c17e6c949841571d579cd70675b32c63d9f29fd196784fda013640ba4203,CURRENT_SOURCE
index_archivos/libs/PDFMerger/tcpdf/fonts/freemonob.z,.z,161601,dba80cc21f0282b1c41f1e0ae1ea5cbcc93ea73730cbbd0473e4badce10a8e57,CURRENT_SOURCE
index_archivos/libs/PDFMerger/tcpdf/fonts/freemonobi.ctg.z,.z,3528,609a78709427b585350b08b7f04ca9907ec6764b4c8a51decd40e0486930a446,CURRENT_SOURCE
index_archivos/libs/PDFMerger/tcpdf/fonts/freemonobi.php,.php,66061,06dff8a68e6db34f37e9112d55e85ea174f8b395b692415595da1709b8b0d9dc,CURRENT_SOURCE
index_archivos/libs/PDFMerger/tcpdf/fonts/freemonobi.z,.z,170654,da8c7bf2344df5872b7a3bc3ed974b79514da4a66ee3bdb93b08797df2dbd270,CURRENT_SOURCE
index_archivos/libs/PDFMerger/tcpdf/fonts/freemonoi.ctg.z,.z,4364,c0c2add1a335f389e470d4e8128ab76b45a2afbb0bf803b0f56113816cc85952,CURRENT_SOURCE
index_archivos/libs/PDFMerger/tcpdf/fonts/freemonoi.php,.php,83493,44d9f77c456b93cd37baf11a21a223db497004d2c806ccd5c689a3b7afb6bd0a,CURRENT_SOURCE
index_archivos/libs/PDFMerger/tcpdf/fonts/freemonoi.z,.z,221911,fa724fd0a9f7f79a33b2cc85689b332b223007f8449510646ae3c40fcc6562d9,CURRENT_SOURCE
index_archivos/libs/PDFMerger/tcpdf/fonts/freesans.ctg.z,.z,8661,b6494363b71c3fe6be2029a59d13c2d5e51728043c9dd8501ce0c2d6c59b9da7,CURRENT_SOURCE
index_archivos/libs/PDFMerger/tcpdf/fonts/freesans.php,.php,165805,0cc9883d150c0ebfb78fdb7a9d3dfb8914ff0add863813a5cd72e4aa3301c517,CURRENT_SOURCE
index_archivos/libs/PDFMerger/tcpdf/fonts/freesans.z,.z,807705,4c4960e1d89c663814ded279608c02fb00c402ed5054f158ab4a291b771e78ff,CURRENT_SOURCE
index_archivos/libs/PDFMerger/tcpdf/fonts/freesansb.ctg.z,.z,5192,812296b53456a3d7a68c8ff03760c6591cb030e3e303c8f9f56ba520be5cdb1c,CURRENT_SOURCE
index_archivos/libs/PDFMerger/tcpdf/fonts/freesansb.php,.php,97856,c6cd1bfd337f05211358fffb3c465a8d0e23fe24dc5295316379f0ea7fa3ef02,CURRENT_SOURCE
index_archivos/libs/PDFMerger/tcpdf/fonts/freesansb.z,.z,238874,bae492b2aa5835cbc0ad3b72a61d20ab7451f8602ea55ff272c3aaa07d9c716e,CURRENT_SOURCE
index_archivos/libs/PDFMerger/tcpdf/fonts/freesansbi.ctg.z,.z,4626,d463c658ebccac42279b8b6183c2ea47a259d009fb60e555b0ad6e3e8fe60672,CURRENT_SOURCE
index_archivos/libs/PDFMerger/tcpdf/fonts/freesansbi.php,.php,88462,d7cdc4e386d07ae5bff5ccef119e690b2f590499b5e51eb29f5712fd43c520c5,CURRENT_SOURCE
index_archivos/libs/PDFMerger/tcpdf/fonts/freesansbi.z,.z,194919,c092b81211ead83e86302922e5c0413fc8f3a85552ec3839c77534c00043d8be,CURRENT_SOURCE
index_archivos/libs/PDFMerger/tcpdf/fonts/freesansi.ctg.z,.z,4927,8618ffa1f3b7c70b023aa5f4e0e9289ecbb6e17aa2d708c9dbc1ae1626f7eca5,CURRENT_SOURCE
index_archivos/libs/PDFMerger/tcpdf/fonts/freesansi.php,.php,94225,135afef88ed3e5d0974e6c22f2721c352d3ae7844aa0bf9b1afcdc8fa9ea1e79,CURRENT_SOURCE
index_archivos/libs/PDFMerger/tcpdf/fonts/freesansi.z,.z,424478,c41875574b59425f424893de07e1fca686d42c94749ce3bc16bb103c6eb12eed,CURRENT_SOURCE
index_archivos/libs/PDFMerger/tcpdf/fonts/freeserif.ctg.z,.z,12610,5d7ff3bd6ecdc125a7c1bf7a6687ef78bf12cf8e8ed56699fa7a5725a67f166d,CURRENT_SOURCE
index_archivos/libs/PDFMerger/tcpdf/fonts/freeserif.php,.php,242911,d9c18486cc6f8d10735f4632c8d48209a9ec79c2f8e938f9e467b8e65e30c810,CURRENT_SOURCE
index_archivos/libs/PDFMerger/tcpdf/fonts/freeserif.z,.z,1835770,c17cdde06e419b03e4f4c2e5b044c3447471b4706ff2dafa6bf5d248637d4582,CURRENT_SOURCE
index_archivos/libs/PDFMerger/tcpdf/fonts/freeserifb.ctg.z,.z,7834,fd71b4261af00d0ad85ec057a95d097f85551bc6c1a98804a515f54f137d0cc4,CURRENT_SOURCE
index_archivos/libs/PDFMerger/tcpdf/fonts/freeserifb.php,.php,151721,86ca3bba2e8a66cf093c26634b6ea7141a37f3cb0e4e33a8ce6ae30ec7b0e1ec,CURRENT_SOURCE
index_archivos/libs/PDFMerger/tcpdf/fonts/freeserifb.z,.z,688505,43795bf8f6f64e7b43460af4bd3a8ede74e07970a048b9a0d568df44144f769a,CURRENT_SOURCE
index_archivos/libs/PDFMerger/tcpdf/fonts/freeserifbi.ctg.z,.z,5104,8bc779d856f144d5b5184911a30447660b0f2aa7e82634253e08114e8624ebeb,CURRENT_SOURCE
index_archivos/libs/PDFMerger/tcpdf/fonts/freeserifbi.php,.php,97751,3050c92a0a1077ad4d9c268c986a41bccac207598133c00681f4055a4eb03e56,CURRENT_SOURCE
index_archivos/libs/PDFMerger/tcpdf/fonts/freeserifbi.z,.z,345721,0aa2e5e4bea3e2ca1baa4589c816972a63a0f115738054869bae4f9494e5ffbc,CURRENT_SOURCE
index_archivos/libs/PDFMerger/tcpdf/fonts/freeserifi.ctg.z,.z,5353,1d06f6b7db6dcd63940a7eb8f6f13ad2028e86921783624922c06f8b3ac70db4,CURRENT_SOURCE
index_archivos/libs/PDFMerger/tcpdf/fonts/freeserifi.php,.php,102778,cca9824b91e1e1e7bdb95953e11f8a0b772c489fc63035c38e0d9e3ef2043767,CURRENT_SOURCE
index_archivos/libs/PDFMerger/tcpdf/fonts/freeserifi.z,.z,536112,c12dbd16db13689acd2a1316949ffde8beacdd3ef970cd1e5aabcbeb0391abe4,CURRENT_SOURCE
index_archivos/libs/PDFMerger/tcpdf/fonts/helvetica.php,.php,2588,ce8dddcef69e93f784dc17ceccbe05b2b6d1e8bb1578e718b7dcebd5ebc7d383,CURRENT_SOURCE
index_archivos/libs/PDFMerger/tcpdf/fonts/helveticab.php,.php,2592,bf8d5cff88d62d303d8f3c948fc9fd0ad6b11f30a66d137b172856e8bdbd44fb,CURRENT_SOURCE
index_archivos/libs/PDFMerger/tcpdf/fonts/helveticabi.php,.php,2601,26ca4f14e8fca2e9011efd407bab7a4ac567b1a910b673714b9341073504b2e9,CURRENT_SOURCE
index_archivos/libs/PDFMerger/tcpdf/fonts/helveticai.php,.php,2596,cf2ad8038ae0b69ff366a44de5893630e41df4e582c383a0b7ccbc4b2aa2f886,CURRENT_SOURCE
index_archivos/libs/PDFMerger/tcpdf/fonts/hysmyeongjostdmedium.php,.php,1877,e8a8142afa23b570180ed70d5affe936057d1f3f9971ad159b897f7e0270f6b8,CURRENT_SOURCE
index_archivos/libs/PDFMerger/tcpdf/fonts/kozgopromedium.php,.php,3642,ff203e0d95c307ad860a86f16b49490bb2484cb9537d7846cd71286bf4c51c43,CURRENT_SOURCE
index_archivos/libs/PDFMerger/tcpdf/fonts/kozminproregular.php,.php,3517,24d5cfd652da72c114a13e314177e1b25026c2f4d5e82db9e218f5ed77a7ef41,CURRENT_SOURCE
index_archivos/libs/PDFMerger/tcpdf/fonts/msungstdlight.php,.php,1588,58ba22ab4648629fd6705290781cd778be243587993c67bb8f4469b0687cd0da,CURRENT_SOURCE
index_archivos/libs/PDFMerger/tcpdf/fonts/pdfacourier.php,.php,2636,d122f7059e6424ebdc4b2ff44722f1f46ca40d0396eb9aaa0847cb4c197e0b29,CURRENT_SOURCE
index_archivos/libs/PDFMerger/tcpdf/fonts/pdfacourier.z,.z,37531,bbf68df2031af70e78d168fe6f3a4a4dde9f16da5ca56cdde11f7c6af5b457f5,CURRENT_SOURCE
index_archivos/libs/PDFMerger/tcpdf/fonts/pdfacourierb.php,.php,2647,cd367e2dc68f14979e2521c5c3dce0475496b1c31f7c8b81c4263a1d6517afa3,CURRENT_SOURCE
index_archivos/libs/PDFMerger/tcpdf/fonts/pdfacourierb.z,.z,39588,8200fa8122a2edcbcc484afe557ffe0978ecb1e34924efa44c0c21c6c19fd995,CURRENT_SOURCE
index_archivos/libs/PDFMerger/tcpdf/fonts/pdfacourierbi.php,.php,2657,abf5944ebadfd183758a5b66e21e747ac952be1da729c5f234469eb22466d1b9,CURRENT_SOURCE
index_archivos/libs/PDFMerger/tcpdf/fonts/pdfacourierbi.z,.z,44697,0506dec567707895cc07771c7f5f45b84581bdd35be23e1974e2410aeb19ca8e,CURRENT_SOURCE
index_archivos/libs/PDFMerger/tcpdf/fonts/pdfacourieri.php,.php,2648,6c6df73c12d6cd148cc97b0d27ed9c76a6c99a93d6f7e607b27d9ea95d11e819,CURRENT_SOURCE
index_archivos/libs/PDFMerger/tcpdf/fonts/pdfacourieri.z,.z,35283,5d617f0a220f6c1283feb8b9c302521845851cbfcff534a6f883be6e0b862c5f,CURRENT_SOURCE
index_archivos/libs/PDFMerger/tcpdf/fonts/pdfahelvetica.php,.php,2651,3a757f92c92d7ea74e78068b64053878cb074a3f317f5fce910fe164131bf59d,CURRENT_SOURCE
index_archivos/libs/PDFMerger/tcpdf/fonts/pdfahelvetica.z,.z,25258,ca31153dc887b93ce053bf17137fee4d8be3a2024f07bdea56d0f5adb6dd1d90,CURRENT_SOURCE
index_archivos/libs/PDFMerger/tcpdf/fonts/pdfahelveticab.php,.php,2659,c599b8a99faa2541d53852ab110f2625eb92b4276d9b3e16b4e8fa5b48879552,CURRENT_SOURCE
index_archivos/libs/PDFMerger/tcpdf/fonts/pdfahelveticab.z,.z,25613,76dfb888f6355b30f48676cdec4aa61ccbdbc4cbbbd30e27d2a8fd0911b2fab3,CURRENT_SOURCE
index_archivos/libs/PDFMerger/tcpdf/fonts/pdfahelveticabi.php,.php,2669,675c4b06679c4c802bcaa8915ef09dd0968b5b6b2f375aa2ffd31c248f34d814,CURRENT_SOURCE
index_archivos/libs/PDFMerger/tcpdf/fonts/pdfahelveticabi.z,.z,32971,517ad0434044ceb553027378eef5a8aac3c2fe94b6087fda9cf07026529debbb,CURRENT_SOURCE
index_archivos/libs/PDFMerger/tcpdf/fonts/pdfahelveticai.php,.php,2661,cc62e817d19c32a3ecf0d8f50e32b6da4c7f1fd262cc3fae1b138f7a79565340,CURRENT_SOURCE
index_archivos/libs/PDFMerger/tcpdf/fonts/pdfahelveticai.z,.z,29093,e9129ad2aca9d2065d2564afd8d5496777c1cc970f6180e1b0a3caeca5d009e6,CURRENT_SOURCE
index_archivos/libs/PDFMerger/tcpdf/fonts/pdfasymbol.php,.php,4784,d0b1e07fe944961e59a313f401adcb2bcc74e1721980ccabd4b5c90138d3e4a8,CURRENT_SOURCE
index_archivos/libs/PDFMerger/tcpdf/fonts/pdfasymbol.z,.z,30488,244c979df30bd707ac33d9e0ab8cfd3cb7f5881c3e65f8472b4ceee5103bec0f,CURRENT_SOURCE
index_archivos/libs/PDFMerger/tcpdf/fonts/pdfatimes.php,.php,2640,d38faad4a7cb4003c730d8bb41d11558183bdbf1fb0f9b93dc5b450fdc77de12,CURRENT_SOURCE
index_archivos/libs/PDFMerger/tcpdf/fonts/pdfatimes.z,.z,39032,8eff2077372272e8633e64ccbe62cc283957394c5efc6036abe1b6318a60a9be,CURRENT_SOURCE
index_archivos/libs/PDFMerger/tcpdf/fonts/pdfatimesb.php,.php,2654,77ef79af31e897fdc109299599b41d6780f2124354593e01f471dd402f853af7,CURRENT_SOURCE
index_archivos/libs/PDFMerger/tcpdf/fonts/pdfatimesb.z,.z,38174,3cd811d0a8a4fa74159883f8b5721e5afe16af6506c181ec6e5b1d8adc90a388,CURRENT_SOURCE
index_archivos/libs/PDFMerger/tcpdf/fonts/pdfatimesbi.php,.php,2659,bb728caf0205d0bb9492ab8cd2ebe6251f7bfa433ea55fd818c9ab60558beffa,CURRENT_SOURCE
index_archivos/libs/PDFMerger/tcpdf/fonts/pdfatimesbi.z,.z,40718,addd94093f0fdb17530dfcaad418d7e1a699115ff40a111254055af040a4baba,CURRENT_SOURCE
index_archivos/libs/PDFMerger/tcpdf/fonts/pdfatimesi.php,.php,2648,cad99dd419cfedb7d2ed5563c142b3e93f86dc5d7bba30c1dd707127c742b07d,CURRENT_SOURCE
index_archivos/libs/PDFMerger/tcpdf/fonts/pdfatimesi.z,.z,35922,d405699f0c6edb6fa20b8c010b10eda06914bbaca8c302e3bfed9c23fcf61b34,CURRENT_SOURCE
index_archivos/libs/PDFMerger/tcpdf/fonts/pdfazapfdingbats.php,.php,2640,4267d2bed1f67eef2c3aa884c0ae9f1e8821a876a478db08133846351ffda11c,CURRENT_SOURCE
index_archivos/libs/PDFMerger/tcpdf/fonts/pdfazapfdingbats.z,.z,50768,99b40472ab7f3f3b8d900f3ac1339f4761e0aa2f2e075fd957bba8fb1dc4af02,CURRENT_SOURCE
index_archivos/libs/PDFMerger/tcpdf/fonts/stsongstdlight.php,.php,1666,4c58dcb794d303cc24b78010bcdc2ea9d572ac5717d592215949197d96630ed5,CURRENT_SOURCE
index_archivos/libs/PDFMerger/tcpdf/fonts/symbol.php,.php,2567,5476e4fd3b1b9486d6abc26a94f4bd312b109cefab744e0dcac8198b1fd54006,CURRENT_SOURCE
index_archivos/libs/PDFMerger/tcpdf/fonts/times.php,.php,2584,0c89db08820581961dbf0033333bdf8645a21e7d9179525dd7b2f4098f069281,CURRENT_SOURCE
index_archivos/libs/PDFMerger/tcpdf/fonts/timesb.php,.php,2589,cb111dfd6be44ab383fda69dc5cb5f49a94d34c7e22c2ff942c80e4e06924380,CURRENT_SOURCE
index_archivos/libs/PDFMerger/tcpdf/fonts/timesbi.php,.php,2592,860b910b2ad8e787476291bfc6df425632cb61275be1cbe111661d5d99604eb9,CURRENT_SOURCE
index_archivos/libs/PDFMerger/tcpdf/fonts/timesi.php,.php,2587,1c84e893dbf525aa985f6cd22b97c07a174c55be811facc6fc823f76b0fdf0c7,CURRENT_SOURCE
index_archivos/libs/PDFMerger/tcpdf/fonts/uni2cid_ac15.php,.php,296380,924fd29da3eae8d2c164cb7505be53d051d52f33d1a8c17a841e8f412be364ab,CURRENT_SOURCE
index_archivos/libs/PDFMerger/tcpdf/fonts/uni2cid_ag15.php,.php,381021,8e1cfae951fc6253ac16696d590b2a0e1c2983a519d909e4d668b5fedf5d434c,CURRENT_SOURCE
index_archivos/libs/PDFMerger/tcpdf/fonts/uni2cid_aj16.php,.php,193747,4260d2e241cb6450b5cb92635494460b8756722ea0d32c3fe8a97ce4acaa6700,CURRENT_SOURCE
index_archivos/libs/PDFMerger/tcpdf/fonts/uni2cid_ak12.php,.php,216083,6703e42c79a877265a8ea68f776035199284a2e949afcbc4042e67d8447ae04c,CURRENT_SOURCE
index_archivos/libs/PDFMerger/tcpdf/fonts/zapfdingbats.php,.php,2564,96223cff67c48c8105436683f712a1db585fb76e8a9e4a1b65defb9d1d97c511,CURRENT_SOURCE
index_archivos/libs/PDFMerger/tcpdf/fpdf_tpl.php,.php,15874,d766b890e6ff6110bbf8c14b93fbf5f7e6d9cda2e1dfd91681ec4ee08e6927b8,CURRENT_SOURCE
index_archivos/libs/PDFMerger/tcpdf/include/barcodes/datamatrix.php,.php,43976,a19b44358e30cea89fdbaedc7865daef4557c2e0b72cadaae3ff74a1b101ef87,CURRENT_SOURCE
index_archivos/libs/PDFMerger/tcpdf/include/barcodes/pdf417.php,.php,54878,46bdc859c2cce9fda15cf8913cbe538521284f700f5cec2f14e7049313740ea4,CURRENT_SOURCE
index_archivos/libs/PDFMerger/tcpdf/include/barcodes/qrcode.php,.php,82950,8220d6839d0b7ae142cac16c68756b3ecee1e6b9e9e3924a4209847236525788,CURRENT_SOURCE
index_archivos/libs/PDFMerger/tcpdf/include/sRGB.icc,.icc,3048,c4c1153168e817be61a676e403c370ce2c485a6bd54fbb59c3850845cfefad00,CURRENT_SOURCE
index_archivos/libs/PDFMerger/tcpdf/include/tcpdf_colors.php,.php,15161,5e32dee26a7e82d53301c2943f339eaf549c8857b5309a7118400775e842b7cd,CURRENT_SOURCE
index_archivos/libs/PDFMerger/tcpdf/include/tcpdf_filters.php,.php,15163,65dcde1be15dcc7ccfa4e356b724d2253416830535396fbdb89489e713c39f18,CURRENT_SOURCE
index_archivos/libs/PDFMerger/tcpdf/include/tcpdf_font_data.php,.php,331879,022dc888f9c5b1057d89d182baefa970727bae2993d131db4278b44e20f67511,CURRENT_SOURCE
index_archivos/libs/PDFMerger/tcpdf/include/tcpdf_fonts.php,.php,98627,887536287177b2f1ddb72a129f8444c9c029e81cba806db79bb56c5c4cae9fa0,CURRENT_SOURCE
index_archivos/libs/PDFMerger/tcpdf/include/tcpdf_images.php,.php,11873,8d99d7fe8342a3a6283f43216d525f03a57ea0ee4d76d1f20f448e788135eec3,CURRENT_SOURCE
index_archivos/libs/PDFMerger/tcpdf/include/tcpdf_static.php,.php,110295,bf80edf12ca32d00653ae6eb4de23a01328b9aee1dc29a71b8fa7f3c442eadf0,CURRENT_SOURCE
index_archivos/libs/PDFMerger/tcpdf/tcpdf.php,.php,921624,33b04ed319fb1aa63a7d6dfd02b7f81ae035493cca45f90a2ccdb1b332faa9b2,CURRENT_SOURCE
index_archivos/libs/PDFMerger/tcpdf/tcpdf_autoconfig.php,.php,7396,85f197f1e8646ec75d49655e54d50fc51ec04c88df0d07980bae471111b38088,CURRENT_SOURCE
index_archivos/libs/PDFMerger/tcpdf/tcpdf_barcodes_1d.php,.php,75763,0b1df7651fd1941dfc04fe2118da370dc2537d05a7316820eeee661f9ba88eae,CURRENT_SOURCE
index_archivos/libs/PDFMerger/tcpdf/tcpdf_barcodes_2d.php,.php,15032,1233b9ebfa731e6e6e3a5a3cd401187d183fbc623f3f17173f65cbf45e2b9d79,CURRENT_SOURCE
index_archivos/libs/PDFMerger/tcpdf/tcpdf_import.php,.php,3431,c1b0a641430bf4f27811cfa1c63120edd2c2a2e83e69f5e85e1fa1a33bd6ff7a,CURRENT_SOURCE
index_archivos/libs/PDFMerger/tcpdf/tcpdf_parser.php,.php,28451,53e24daaabde3ecd280ce0f782c2e677e8a7c9cfa49825a8dad5b5c12672c8a5,CURRENT_SOURCE
index_archivos/libs/PDFMerger/tcpdf/tcpdi.php,.php,23728,07118b5f472508193c26659ba3a16a69d9e02af8c65b2ce7d663ad26096d2faa,CURRENT_SOURCE
index_archivos/libs/PDFMerger/tcpdf/tcpdi_parser.php,.php,54525,83f776af5214f84c970c82d7c958676a436eac8eeec7f61c31b27295e6e74ee1,CURRENT_SOURCE
index_archivos/libs/PDFMerger/tcpdf/tools/.htaccess,[none],15,5b1221fe09b6bc35512d7daf1b142a4d21b80dae05442f1908605a30c8a1f8bf,CURRENT_SOURCE
index_archivos/libs/PDFMerger/tcpdf/tools/convert_fonts_examples.txt,.txt,2031,5909b61b30a062a5797a85e132d6a39786076a1681981dcae77b7bbb3224b61f,CURRENT_SOURCE
index_archivos/libs/PDFMerger/tcpdf/tools/tcpdf_addfont.php,.php,7718,0efe79e4a9fcf5dc0e64c4363a868515a4eed4922f94e2919730be95122aa5a4,CURRENT_SOURCE
index_archivos/libs/PHPXLSXWriter/.gitignore,[none],61,9cfeb70979e3f5992de9a1cf298bf24bbe5fa57de64b2ca7b72b0b37075a07d7,CURRENT_SOURCE
index_archivos/libs/PHPXLSXWriter/LICENSE,[none],1097,dec13cf01239e0e647400d1641fd7336bcd2b5692f70a79eb371044e9d23b773,CURRENT_SOURCE
index_archivos/libs/PHPXLSXWriter/README.md,.md,3193,9f2d82cf61bcf6a4430c5ff160434ba8a49f60be84bca85888b9b6aa84be830e,CURRENT_SOURCE
index_archivos/libs/PHPXLSXWriter/composer.json,.json,480,3292f6c4274460d8c40b23f0c289675320057ca2f1f4bfabdcedd8691a3d2113,CURRENT_SOURCE
index_archivos/libs/PHPXLSXWriter/composer.lock,.lock,27132,dd631e82ba40ad2189c9fd75aedb9be51b1853477174fa5fea49cf469de34d40,CURRENT_SOURCE
index_archivos/libs/PHPXLSXWriter/example-cli.php,.php,523,6eaf8b01fee6c005aae23e6f5e4b81b41420d9f6d195178eadb6ec14d9c6b6b3,CURRENT_SOURCE
index_archivos/libs/PHPXLSXWriter/example.php,.php,907,9c5be67fc99bba42aef1dc981c3549e144a6266710ee8619ada03e12b0416937,CURRENT_SOURCE
index_archivos/libs/PHPXLSXWriter/examples/ex00-simple.php,.php,1153,b6ea92f9e48346eeffb78211b412e09e3f0ec174db5b70c1d32bf7465e06dfdf,CURRENT_SOURCE
index_archivos/libs/PHPXLSXWriter/examples/ex01-multiple-sheets.php,.php,965,9dc3364d6fa22cfba0819bc0ed76c7fec91c1f3a8736cf5d5b4ae8be5e032dbc,CURRENT_SOURCE
index_archivos/libs/PHPXLSXWriter/examples/ex02-formats.php,.php,2332,98659e069ef4a8a8d2110293c96d50ad3556c7fb616773b124b200ae1346f123,CURRENT_SOURCE
index_archivos/libs/PHPXLSXWriter/examples/ex03-styles.php,.php,1854,4d05bc3d4d74d430670c1f729a17f6cc0a50b9e58a2a63b587f4a923e8cbf777,CURRENT_SOURCE
index_archivos/libs/PHPXLSXWriter/examples/ex04-colors.php,.php,500,d8627b8cc9eaa7fad59eec94f839f51ab24b2733d7977e7b4c8f6fa29e5295fc,CURRENT_SOURCE
index_archivos/libs/PHPXLSXWriter/examples/ex05-numbers-250k-rows.php,.php,516,573b7f2e181e6daafcc980730498b030944a85c8caf5a34c257874ee822dc917,CURRENT_SOURCE
index_archivos/libs/PHPXLSXWriter/examples/ex06-strings-250k-rows.php,.php,780,33e44746e6ac6b028ae309760cffbed4f285440790320e2b7675cb20916c6e93,CURRENT_SOURCE
index_archivos/libs/PHPXLSXWriter/examples/ex07-widths.php,.php,684,f84522b39f593e41de64dce8f3bc5f01d56c1cee3e45d72e726205aeb76e77a3,CURRENT_SOURCE
index_archivos/libs/PHPXLSXWriter/examples/ex08-advanced.php,.php,2419,7d090b44aa89d7b125ed85ba4f6f59d8d9775b7ac2ed627990836632c3d57e9b,CURRENT_SOURCE
index_archivos/libs/PHPXLSXWriter/examples/ex09-autofilter.php,.php,656,725330b51c307bfd454fcd52ea1da6906ccc72b23b6ba6081f5382a38e9e7f00,CURRENT_SOURCE
index_archivos/libs/PHPXLSXWriter/examples/ex10-freeze-rows-columns.php,.php,676,6ba0ae1ff00febabb5db064012e2971591c39faa7c3c89e8ed413846941e34f0,CURRENT_SOURCE
index_archivos/libs/PHPXLSXWriter/examples/ex11-right-to-left.php,.php,466,14ba179ad8b941062c8163db1424b679a2ae64f8846ba3cb75c94e496ace51f3,CURRENT_SOURCE
index_archivos/libs/PHPXLSXWriter/examples/ex12-hyperlink.php,.php,442,0ac01a7a2d85b5a98cc3b5e1759d2152bd2b89eb1df8e32ccdb57f0ac32c4d93,CURRENT_SOURCE
index_archivos/libs/PHPXLSXWriter/testbench/README.txt,.txt,454,923a34df199430182dc722395533ccdd320a7d3d508a2459b1e84ce48afba1b9,CURRENT_SOURCE
index_archivos/libs/PHPXLSXWriter/testbench/diff-two.sh,.sh,263,ea18506f5edf5f3890fe6445e2a3a4834640acc98eb098684c5df0a5b98d30d5,CURRENT_SOURCE
index_archivos/libs/PHPXLSXWriter/testbench/extract.sh,.sh,729,3202ffcbaa9f209de276d58d6bb84bb48f6d4ab416f2e63d4acfc1ec63ce8554,CURRENT_SOURCE
index_archivos/libs/PHPXLSXWriter/testbench/openoffice.xlsx,.xlsx,5772,0b373da761551759d4c526c3293e4b073b749c2e3a7151149d6a94ad39dc50f8,CURRENT_SOURCE
index_archivos/libs/PHPXLSXWriter/testbench/pairs/formats.php,.php,2542,3b1683a2ee870761952b5a992c4b3bbaafa1001b14fe85b2007f2663a2c7502a,CURRENT_SOURCE
index_archivos/libs/PHPXLSXWriter/testbench/pairs/formats_openoffice.xlsx,.xlsx,10482,80d325f46123663f244e6fbf9bfb69c61a86045036aa5edbfb95ef0c696038b5,CURRENT_SOURCE
index_archivos/libs/PHPXLSXWriter/testbench/pairs/test.php,.php,2543,55c59fb513fff950aefd13479a363383d1307a28ccad6c57246d6a54742190e4,CURRENT_SOURCE
index_archivos/libs/PHPXLSXWriter/testbench/test.php,.php,919,077d328df8210fe76a270968d90fa4adcbd30fa37b623c48af8b038a00f04f87,CURRENT_SOURCE
index_archivos/libs/PHPXLSXWriter/testbench/test.xlsx,.xlsx,5944,f4df90b1288c5d8366ad3086a4b7cf8f5606438058fdf1b5ff4f56680def8f34,CURRENT_SOURCE
index_archivos/libs/PHPXLSXWriter/testbench/xlsxwriter.class.Test.php,.php,3596,334bbb98e175ea839db3b50954329d9ad86fd6b562c81493afed26406b60d5b7,CURRENT_SOURCE
index_archivos/libs/PHPXLSXWriter/xlsxwriter.class.php,.php,49918,edfc861d32bf92ab79785d60b7cb9e0e98de75113176ef2f286b2e6a7564199e,CURRENT_SOURCE
index_archivos/libs/assets/fonts/BentonSans Condensed Medium.otf,.otf,13980,051574e0bb395d711c1aea0551989419c7567263e18371609d5f9fdb3f9bb1a3,CURRENT_SOURCE
index_archivos/libs/assets/fonts/BentonSans Regular.otf,.otf,25264,323630dbb33a50a5ad3a939cbba60480276f6ad1130e67a7de5d53ed7fd1f89b,CURRENT_SOURCE
index_archivos/libs/assets/icons/index.html,.html,0,e3b0c44298fc1c149afbf4c8996fb92427ae41e4649b934ca495991b7852b855,CURRENT_SOURCE
index_archivos/libs/assets/images/index.html,.html,0,e3b0c44298fc1c149afbf4c8996fb92427ae41e4649b934ca495991b7852b855,CURRENT_SOURCE
index_archivos/libs/assets/styles/main.css,.css,200832,5c93c69a5ed0bd9362f25fc0364bbcf2f07c9a4344e8705dfe50be2476703490,CURRENT_SOURCE
index_archivos/libs/assets/styles/main.css.map,.map,213357,a74adef58c739663e8ebea491b14a14b2da61eae063fe81ee6d0ee27ec1b0b10,CURRENT_SOURCE
index_archivos/libs/assets/styles/main.scss,.scss,13738,1d0042ca90f124427281e9d68e3fddd79ae308ff1ea3c8824e0f258547e77c6d,CURRENT_SOURCE
index_archivos/libs/bootstrap/css/bootstrap-grid.css,.css,71769,e4b4003037d4c4b11fd5e303902f01eaa4f03ea46460ee222e656f04fb172a27,CURRENT_SOURCE
index_archivos/libs/bootstrap/css/bootstrap-grid.css.map,.map,157964,0413545e5f8c19b48c4a03af3a4c7e96cb373af9b1142b13cb04c2ba3482e730,CURRENT_SOURCE
index_archivos/libs/bootstrap/css/bootstrap-grid.min.css,.css,50941,cc6ba90d2d98b4947d955848bc7f8d4f6dd46c65b292f723e40984d192dbec32,CURRENT_SOURCE
index_archivos/libs/bootstrap/css/bootstrap-grid.min.css.map,.map,115021,de042a3ee0c8ba161560799b8a6d63e66a19ea331596d8b2bedfa7e93738ae35,CURRENT_SOURCE
index_archivos/libs/bootstrap/css/bootstrap-reboot.css,.css,5119,577ae02a587732bc4f9a20398a252477d6dcc509f56d702fe1a4e59a416cf638,CURRENT_SOURCE
index_archivos/libs/bootstrap/css/bootstrap-reboot.css.map,.map,77346,3713f95132fb54c2fc201d67f6e338f89e136bee4239d422e963243874b04f7e,CURRENT_SOURCE
index_archivos/libs/bootstrap/css/bootstrap-reboot.min.css,.css,3934,9430c4e27c3d558184eac01bec190ddeb490408ddfc75d65d8342ecb302f894d,CURRENT_SOURCE
index_archivos/libs/bootstrap/css/bootstrap-reboot.min.css.map,.map,32546,7991ded2c4e7445eb2a37ef4143ffac8094ccf38b232782a982e31e64d044f27,CURRENT_SOURCE
index_archivos/libs/bootstrap/css/bootstrap.css,.css,207393,6ac3cfaae4ec74e7e74d180ef0154743b47feaf8b41f8ad2e71c884e854eab6c,CURRENT_SOURCE
index_archivos/libs/bootstrap/css/bootstrap.css.map,.map,504418,77a8191f4f54d25ec75dffd80efba147f1743dbd051840c40b9a1dae6a3fe7a6,CURRENT_SOURCE
index_archivos/libs/bootstrap/css/bootstrap.min.css,.css,159521,31268c5e83a3d6528dfc18561208e25f45f168b37d23c5f06804dfa680f34fef,CURRENT_SOURCE
index_archivos/libs/bootstrap/css/bootstrap.min.css.map,.map,641867,8c7814d762e22ce88cffd95b0dcbef124db4a60a401e120a3de19c2226321058,CURRENT_SOURCE
index_archivos/libs/bootstrap/js/bootstrap.bundle.js,.js,235114,6d907f293af0fa094e6611bd7e25e2c7315c496fd8e01588b2609cf5f27e0023,CURRENT_SOURCE
index_archivos/libs/bootstrap/js/bootstrap.bundle.js.map,.map,410007,31903ed09df4fc4058fe5233d95b5128c744a2bb1b21eda4ed64bf8efed74c78,CURRENT_SOURCE
index_archivos/libs/bootstrap/js/bootstrap.bundle.min.js,.js,80704,c02c36ee26e55ba10188928a6bcab41f44fdfade35f020397cc6eaf0991c4e57,CURRENT_SOURCE
index_archivos/libs/bootstrap/js/bootstrap.bundle.min.js.map,.map,318045,0136e674b92de43fbc645dfae086822eaef0fb1d5f677f20af2f80c35ed0a1cc,CURRENT_SOURCE
index_archivos/libs/bootstrap/js/bootstrap.js,.js,139600,6538b5da6a45dcc5b03e1a7ab623a702df90f6e05ab7e5257b3b3fd56f8f27e7,CURRENT_SOURCE
index_archivos/libs/bootstrap/js/bootstrap.js.map,.map,256099,1543c92e0d2e924a4ab6c195384df4385ca9f23144320ab319a04f2d83defa04,CURRENT_SOURCE
index_archivos/libs/bootstrap/js/bootstrap.min.js,.js,60016,4fb5913ee978bde28acce2944e8139aaedc5c22bd51f88a1fcab174b1cc5694a,CURRENT_SOURCE
index_archivos/libs/bootstrap/js/bootstrap.min.js.map,.map,194435,17d2be171fae03fef1f5d7b19a59183a28a14bca0d6ea3a361f3ef860b35f54b,CURRENT_SOURCE
index_archivos/libs/bootstrap/js/popper.min.js,.js,21167,f50abb71e586b6f0b4bebc65fe205ae76596cb9b5d970772ab61c3a6e7fe5198,CURRENT_SOURCE
index_archivos/libs/bootstrap/js/popper.min.js.map,.map,115794,5ee75b68b2d7e0586eccbeefe43931a8a12d694599362062c848c2156a46e0c8,CURRENT_SOURCE
index_archivos/libs/bootstrap/js/tooltip.min.js,.js,6375,13ac7ab7114168c54a4e2fb090f05d4e677539b8e417e30f63118e83ebb80d7c,CURRENT_SOURCE
index_archivos/libs/configjs.js,.js,1135,ce9c6bf53abb7728fa18b0f1c7c5d31d0f5a8ee89a2f0f5cf23761fbd69a97f1,CURRENT_SOURCE
index_archivos/libs/datatables/AutoFill-2.3.4/css/autoFill.bootstrap.css,.css,2164,4345c831b8130a0946c9239cc02188957356684c0ddae8a588801e7c7a237268,CURRENT_SOURCE
index_archivos/libs/datatables/AutoFill-2.3.4/css/autoFill.bootstrap.min.css,.css,1768,190f2030deb4b382ab924cee3f41e90501cdd0d92d2a2ed53f0134a9ee6f8721,CURRENT_SOURCE
index_archivos/libs/datatables/AutoFill-2.3.4/css/autoFill.bootstrap4.css,.css,2164,5d2a7782a39390634f0e2281a2b78ff805928d1b73b7f3967498e0d7d02540f1,CURRENT_SOURCE
index_archivos/libs/datatables/AutoFill-2.3.4/css/autoFill.bootstrap4.min.css,.css,1768,9636acade4bb2a5ca2aefcc3fd7ee3362fa20121292d3feb99d1244b56b3bfe6,CURRENT_SOURCE
index_archivos/libs/datatables/AutoFill-2.3.4/css/autoFill.dataTables.css,.css,2302,e3c3fd72711e7ba44f25784302db1ff2a33ec85b7a3900981896376dfdfeb69e,CURRENT_SOURCE
index_archivos/libs/datatables/AutoFill-2.3.4/css/autoFill.dataTables.min.css,.css,1878,8a08e31fa8b4eaeb2e4572b1bbe6aa3ffb6df3497738a49bb57c9d62bcaeb053,CURRENT_SOURCE
index_archivos/libs/datatables/AutoFill-2.3.4/css/autoFill.foundation.css,.css,2089,a9ca842e53a21051f7e85935615aef9980969c8b471ce062531432c595adf8f9,CURRENT_SOURCE
index_archivos/libs/datatables/AutoFill-2.3.4/css/autoFill.foundation.min.css,.css,1703,c3fbac6020384eba1971a983195cf5c2df387be789359e91eb6f243c6d343743,CURRENT_SOURCE
index_archivos/libs/datatables/AutoFill-2.3.4/css/autoFill.jqueryui.css,.css,2099,dab0c4a45c8ced599704961f884116285740cc0e16db905a9998790dfe733428,CURRENT_SOURCE
index_archivos/libs/datatables/AutoFill-2.3.4/css/autoFill.jqueryui.min.css,.css,1713,edec516cd695087f5301252cc9c90450d4f45d964cbe929fdbb12b49a90e6187,CURRENT_SOURCE
index_archivos/libs/datatables/AutoFill-2.3.4/css/autoFill.semanticui.css,.css,2033,16b79a09407cf8ebca192b09faeed44fd2eefab0cb4c8e494208a9c18071bd1f,CURRENT_SOURCE
index_archivos/libs/datatables/AutoFill-2.3.4/css/autoFill.semanticui.min.css,.css,1660,06d591dbb91a1fc79c177da0be5bb011c8b77ad2ee2378e90c9b05595fa0f730,CURRENT_SOURCE
index_archivos/libs/datatables/AutoFill-2.3.4/js/autoFill.bootstrap.js,.js,982,277a84e682ffb9ae7f5a58d89694a9737e1dc15e68ede2493c3f5309a373ec78,CURRENT_SOURCE
index_archivos/libs/datatables/AutoFill-2.3.4/js/autoFill.bootstrap.min.js,.js,600,1390aad4b04d187966bf359b9231f74f81a492b24e0fef41b75ab479d320aed3,CURRENT_SOURCE
index_archivos/libs/datatables/AutoFill-2.3.4/js/autoFill.bootstrap4.js,.js,984,a845e05f1cc6826c1380e2805a6154a6bdacbb254608329a381a7b59aa926192,CURRENT_SOURCE
index_archivos/libs/datatables/AutoFill-2.3.4/js/autoFill.bootstrap4.min.js,.js,602,189974b47894f75bebc837313ec94e4830f1fbf67b537d70060834a6ba46a15a,CURRENT_SOURCE
index_archivos/libs/datatables/AutoFill-2.3.4/js/autoFill.foundation.js,.js,979,36eb6e415f8bcddfcb2402823439bfa866bd18adba3604c62498388067b7c034,CURRENT_SOURCE
index_archivos/libs/datatables/AutoFill-2.3.4/js/autoFill.foundation.min.js,.js,597,4b68fdd02c61a3f9a34dea77434217bc27784ca23368d0421e5a28f743c8fe43,CURRENT_SOURCE
index_archivos/libs/datatables/AutoFill-2.3.4/js/autoFill.jqueryui.js,.js,1013,2851de43894b53d662103942aacab13ef6f3300ad19abdf7a9788d50415cc151,CURRENT_SOURCE
index_archivos/libs/datatables/AutoFill-2.3.4/js/autoFill.jqueryui.min.js,.js,631,0de6b0dbf9c7801e3923d7dbc3b36de0ee370d0f1524424493fa26f6acf61f18,CURRENT_SOURCE
index_archivos/libs/datatables/AutoFill-2.3.4/js/autoFill.semanticui.js,.js,976,db62f5fc1bb0b60f201689e6fa56af1df5d4bdd7f48b578906678054838e0c5d,CURRENT_SOURCE
index_archivos/libs/datatables/AutoFill-2.3.4/js/autoFill.semanticui.min.js,.js,594,24f7f1a788755d6aa89cd7558689512578482f02412a107d99ca1a9c2732efd5,CURRENT_SOURCE
index_archivos/libs/datatables/AutoFill-2.3.4/js/dataTables.autoFill.js,.js,31665,8e3bfe3756ad36ed393b95e8066b3086aef7e30e4eb51fa714450630e3e78217,CURRENT_SOURCE
index_archivos/libs/datatables/AutoFill-2.3.4/js/dataTables.autoFill.min.js,.js,14585,f8bc136d3c19ea7bc38f51848fa74d552b708d387888f9fcd6b48a24fabfdc3d,CURRENT_SOURCE
index_archivos/libs/datatables/Buttons-1.6.1/css/buttons.bootstrap.css,.css,4143,f9d7d2db9432ce20d153bf36a0a1ef1835dbcbe5d784d99bc57448949765f5b2,CURRENT_SOURCE
index_archivos/libs/datatables/Buttons-1.6.1/css/buttons.bootstrap.min.css,.css,3315,9bbf55cf58e6120afe7d20e58f3b44bccab957e990462522ad1cd86572175f41,CURRENT_SOURCE
index_archivos/libs/datatables/Buttons-1.6.1/css/buttons.bootstrap4.css,.css,4360,8a551b3d5838402f0b5bcae3733885b97e33202907893722dec4d5c14d311908,CURRENT_SOURCE
index_archivos/libs/datatables/Buttons-1.6.1/css/buttons.bootstrap4.min.css,.css,3496,4ad0d396c808d839044b4a6b547f96b578640a044fad0f2eb2fa010b98e80cd8,CURRENT_SOURCE
index_archivos/libs/datatables/Buttons-1.6.1/css/buttons.dataTables.css,.css,12122,79b8b78b8901e127bbec07053daf0f61882864b7f8969e160db7ef8d1ecbb230,CURRENT_SOURCE
index_archivos/libs/datatables/Buttons-1.6.1/css/buttons.dataTables.min.css,.css,9654,aed45b8d87342f714b4ee05358eded3b64f0b9bd2616d2adfbd59f61784303ca,CURRENT_SOURCE
index_archivos/libs/datatables/Buttons-1.6.1/css/buttons.foundation.css,.css,4718,18dedbc709a69698417c5ce64f8efcd004f929b02724a5d5d386ac8312a2bd1d,CURRENT_SOURCE
index_archivos/libs/datatables/Buttons-1.6.1/css/buttons.foundation.min.css,.css,3781,562d332ba4e8a1b2772cf4ac30c9f3ee1dc9c0950243ceb9cc157bc491e71010,CURRENT_SOURCE
index_archivos/libs/datatables/Buttons-1.6.1/css/buttons.jqueryui.css,.css,5925,329a05a0a6cd62183b9daa989a343981751668807e328ff56343e3b36c01f878,CURRENT_SOURCE
index_archivos/libs/datatables/Buttons-1.6.1/css/buttons.jqueryui.min.css,.css,4651,49d1417a6e3da46acfdb62a3c627e385f69d604485144f79064ff52662597a01,CURRENT_SOURCE
index_archivos/libs/datatables/Buttons-1.6.1/css/buttons.semanticui.css,.css,4247,613bf4aab331cb0cbfbb3dd6178748dd704cb9115cf9a25ad2d2c79a0eb75f6e,CURRENT_SOURCE
index_archivos/libs/datatables/Buttons-1.6.1/css/buttons.semanticui.min.css,.css,3377,1dba698188ea662aace645e2a4449cc056f25e92c8797c622b58d7678c83ea2f,CURRENT_SOURCE
index_archivos/libs/datatables/Buttons-1.6.1/css/common.scss,.scss,627,152aad6fbb68d619816b22ac68ffc118dd18effc7196c9ff4e3a51ca7b4308ed,CURRENT_SOURCE
index_archivos/libs/datatables/Buttons-1.6.1/css/mixins.scss,.scss,4126,878f254a675223dfffd56d809462a4c85d3085aad1b2d2c7f236181a003f6796,CURRENT_SOURCE
index_archivos/libs/datatables/Buttons-1.6.1/js/buttons.bootstrap.js,.js,1497,590ccc5d89f711aa4449f73f4eadb92112ce034e53d547e44b19e2e0651f6c54,CURRENT_SOURCE
index_archivos/libs/datatables/Buttons-1.6.1/js/buttons.bootstrap.min.js,.js,960,b6063ec27d7bfe006d831a1b2954a9dc67127509b55d32f579451e506d7bb12d,CURRENT_SOURCE
index_archivos/libs/datatables/Buttons-1.6.1/js/buttons.bootstrap4.js,.js,1610,3d796c6b32336ad5c5e29df3c54f1de12db609c06921ac49e7736c78bf050cc1,CURRENT_SOURCE
index_archivos/libs/datatables/Buttons-1.6.1/js/buttons.bootstrap4.min.js,.js,1049,f8a47850763413f149a9c65fd1d6d4d97c8bd930830a471f14304dcdcf553b38,CURRENT_SOURCE
index_archivos/libs/datatables/Buttons-1.6.1/js/buttons.colVis.js,.js,5611,53a13178360593560dcebd1767912eb5e1a7a4c6dd843a4275fd23488583af3b,CURRENT_SOURCE
index_archivos/libs/datatables/Buttons-1.6.1/js/buttons.colVis.min.js,.js,2915,1b83709fc394d572753fb219fde7c973b5ff6dc21f9a0dd40d80cc2822265a5a,CURRENT_SOURCE
index_archivos/libs/datatables/Buttons-1.6.1/js/buttons.flash.js,.js,47627,13b48735069d27754192a5d76122cb8d0c3302a26afc740d2c4d0f6d929edc00,CURRENT_SOURCE
index_archivos/libs/datatables/Buttons-1.6.1/js/buttons.flash.min.js,.js,26270,602a97faa89696eab5f4afcac1bcfcd9e94171621e2d621f197032cf6dc49c7c,CURRENT_SOURCE
index_archivos/libs/datatables/Buttons-1.6.1/js/buttons.foundation.js,.js,1960,333a86732b662dd9b43a816cf2a42a6ef33836e511482a66dfac3442dc0bad7f,CURRENT_SOURCE
index_archivos/libs/datatables/Buttons-1.6.1/js/buttons.foundation.min.js,.js,1095,c4b496a4ff1e2c24b24efd76691989549adf3e35dd718b8a8ce4bb773d8dc682,CURRENT_SOURCE
index_archivos/libs/datatables/Buttons-1.6.1/js/buttons.html5.js,.js,45446,f6dec8868bc44881342e87bad3cd86b71fbd1bf477d68513307b55ee878f9269,CURRENT_SOURCE
index_archivos/libs/datatables/Buttons-1.6.1/js/buttons.html5.min.js,.js,24801,a45b2b9e42d98e6f5bd0b0a5abe853ff702168b9386b1b0588e42623af0f92d0,CURRENT_SOURCE
index_archivos/libs/datatables/Buttons-1.6.1/js/buttons.jqueryui.js,.js,1486,f909bb5f04f75efe80874940b9e927ee4e3a19e28a9bd2b1a8f2a66f59dcb122,CURRENT_SOURCE
index_archivos/libs/datatables/Buttons-1.6.1/js/buttons.jqueryui.min.js,.js,1001,c789646bc1b63023d66d8a650ad10391d2a620f60444371c360242492d747c6e,CURRENT_SOURCE
index_archivos/libs/datatables/Buttons-1.6.1/js/buttons.print.js,.js,5276,681da6c2f44c9503b3493711de7e4f10f19211ba4ec0ab59ba501b05899a4785,CURRENT_SOURCE
index_archivos/libs/datatables/Buttons-1.6.1/js/buttons.print.min.js,.js,2311,0a124c43ea5e3e120ee00c1e3305be595e2e09b45051b313e81887e039c806c5,CURRENT_SOURCE
index_archivos/libs/datatables/Buttons-1.6.1/js/buttons.semanticui.js,.js,1214,1a98cc3d146412fda974ffae86deb0ee62e605d144d6bb3b68aec74590977f6f,CURRENT_SOURCE
index_archivos/libs/datatables/Buttons-1.6.1/js/buttons.semanticui.min.js,.js,762,d790f0d0eb9dddc568290066058b9f93715e40c51729bd135e61e0925c441c1f,CURRENT_SOURCE
index_archivos/libs/datatables/Buttons-1.6.1/js/dataTables.buttons.js,.js,51413,ccbe5cd6a1f4f583b983d6832ac955e2d8e4f1289587c3ae6347730d90b80ab9,CURRENT_SOURCE
index_archivos/libs/datatables/Buttons-1.6.1/js/dataTables.buttons.min.js,.js,19574,7afa9130e28d2a7f3f54e20f9634a64ec4a19313d19f4026afe5a617733612dc,CURRENT_SOURCE
index_archivos/libs/datatables/Buttons-1.6.1/swf/flashExport.swf,.swf,64603,7f4576ce8ea075f6dc4d4c721b140986acdfa33816caf3b62917c8c59e9cdddf,CURRENT_SOURCE
index_archivos/libs/datatables/ColReorder-1.5.2/css/colReorder.bootstrap.css,.css,224,7de088d4a296637405ffd4989cf5a9e691bb97d74d78f14d10c6ea9c43aa3886,CURRENT_SOURCE
index_archivos/libs/datatables/ColReorder-1.5.2/css/colReorder.bootstrap.min.css,.css,179,1ae729cd44ece5351bf5a6b4cbd59e349a40e895746c05345ff69c21c233fe8e,CURRENT_SOURCE
index_archivos/libs/datatables/ColReorder-1.5.2/css/colReorder.bootstrap4.css,.css,224,41631ae30a1254160b53d604f09fdc3eb380f0395bc34d8cddb35b40b1f43066,CURRENT_SOURCE
index_archivos/libs/datatables/ColReorder-1.5.2/css/colReorder.bootstrap4.min.css,.css,179,d8e95af561f7c74a4318f5ead2d45a41392714d4f046fa7095f7b5e4b77015c3,CURRENT_SOURCE
index_archivos/libs/datatables/ColReorder-1.5.2/css/colReorder.dataTables.css,.css,224,944b58a91fa2c312a0a45644f990c03aed20ed1dccaf10db35bd769bdc9f3862,CURRENT_SOURCE
index_archivos/libs/datatables/ColReorder-1.5.2/css/colReorder.dataTables.min.css,.css,179,38f231ca1425f9bd98b3f8d95b5d30f58068432ce122cf009fbf8615b9c9e1df,CURRENT_SOURCE
index_archivos/libs/datatables/ColReorder-1.5.2/css/colReorder.foundation.css,.css,224,7872fca451256bcfe6724bdcd38c3e4e3938c2089a896d42ad0d351a85994418,CURRENT_SOURCE
index_archivos/libs/datatables/ColReorder-1.5.2/css/colReorder.foundation.min.css,.css,179,16ae02af8aa4f5182e1345c9f7472f0bbcfdd58678fd91c92b2aff6e4e115303,CURRENT_SOURCE
index_archivos/libs/datatables/ColReorder-1.5.2/css/colReorder.jqueryui.css,.css,224,944b58a91fa2c312a0a45644f990c03aed20ed1dccaf10db35bd769bdc9f3862,CURRENT_SOURCE
index_archivos/libs/datatables/ColReorder-1.5.2/css/colReorder.jqueryui.min.css,.css,179,38f231ca1425f9bd98b3f8d95b5d30f58068432ce122cf009fbf8615b9c9e1df,CURRENT_SOURCE
index_archivos/libs/datatables/ColReorder-1.5.2/css/colReorder.semanticui.css,.css,221,bbe9fe480c96636415538bcc59ee125f11984ca972e5c1a3a90f64d99f622ef0,CURRENT_SOURCE
index_archivos/libs/datatables/ColReorder-1.5.2/css/colReorder.semanticui.min.css,.css,176,2d405ba5908902e77142c37b8ff4e8b567a7825131b7f580feeba0544d7b12f9,CURRENT_SOURCE
index_archivos/libs/datatables/ColReorder-1.5.2/js/colReorder.bootstrap.js,.js,884,7fe5d962480d92df389b16e686e6106f9ab5bd86efd73c41d491829b13de4a1b,CURRENT_SOURCE
index_archivos/libs/datatables/ColReorder-1.5.2/js/colReorder.bootstrap.min.js,.js,557,a5bf7835a7c5ef427172ec49e159b5be18d30ad17b56afddd3e9272a7743bf10,CURRENT_SOURCE
index_archivos/libs/datatables/ColReorder-1.5.2/js/colReorder.bootstrap4.js,.js,886,fa106a2ac659c7ec3c906e0192f86bb5f7a2b94373e7d35ce8460259ab574c31,CURRENT_SOURCE
index_archivos/libs/datatables/ColReorder-1.5.2/js/colReorder.bootstrap4.min.js,.js,559,8d33ee9cb368eb0056df687c8aa906184e9f005afb87badf236f60404067830d,CURRENT_SOURCE
index_archivos/libs/datatables/ColReorder-1.5.2/js/colReorder.dataTables.js,.js,883,ba7987eb3866c79c94d5cd5de6af4fdcdcc98c4c8d99a5879509e074e35ae019,CURRENT_SOURCE
index_archivos/libs/datatables/ColReorder-1.5.2/js/colReorder.foundation.js,.js,883,131abacc747c175a2babeaca06ce5aa31e63d98196c51edb63cc28d625e2c56c,CURRENT_SOURCE
index_archivos/libs/datatables/ColReorder-1.5.2/js/colReorder.foundation.min.js,.js,556,4941b91da4353d5a2413e599adbdd6847d9a7ba76d4a1066b9a96dd24a5814c2,CURRENT_SOURCE
index_archivos/libs/datatables/ColReorder-1.5.2/js/colReorder.jqueryui.js,.js,886,3949713e9c0fa2c41d98fa780fb592da444f55652c8ca49e4f48db02298bfafc,CURRENT_SOURCE
index_archivos/libs/datatables/ColReorder-1.5.2/js/colReorder.jqueryui.min.js,.js,559,635d1093b318bd4d48df5868c8015f7650afd06242fc13cbabc4e3e3f161764a,CURRENT_SOURCE
index_archivos/libs/datatables/ColReorder-1.5.2/js/colReorder.semanicui.js,.js,0,e3b0c44298fc1c149afbf4c8996fb92427ae41e4649b934ca495991b7852b855,CURRENT_SOURCE
index_archivos/libs/datatables/ColReorder-1.5.2/js/colReorder.semanticui.js,.js,883,98738a02885c77509037819bdd36f948714dd6f72644b514e2454735398d7ed7,CURRENT_SOURCE
index_archivos/libs/datatables/ColReorder-1.5.2/js/colReorder.semanticui.min.js,.js,556,639afefd5fe6da5bbe38ab47ae95679d8d3600980c9a70092f1b0af49c82b77b,CURRENT_SOURCE
index_archivos/libs/datatables/ColReorder-1.5.2/js/dataTables.colReorder.js,.js,40852,f6c358b1ccda397f48211556bb62afd40d2577b34ead2c73bdd0a0ad0feabd69,CURRENT_SOURCE
index_archivos/libs/datatables/ColReorder-1.5.2/js/dataTables.colReorder.min.js,.js,13684,c2a5c73d6d119bd2e43aa39fd2c704390f9558b45d6f197544b419635d63897b,CURRENT_SOURCE
index_archivos/libs/datatables/DataTables-1.10.20/css/dataTables.bootstrap.css,.css,5127,764696ac3e435b8b76521da64556ce6956f1e9c36af227408dc92f4a839c21d6,CURRENT_SOURCE
index_archivos/libs/datatables/DataTables-1.10.20/css/dataTables.bootstrap.min.css,.css,4294,8d43531a474a3eb71ffe09637d0aeed4e445431958f48d2bf1b2aedba243e398,CURRENT_SOURCE
index_archivos/libs/datatables/DataTables-1.10.20/css/dataTables.bootstrap4.css,.css,6005,c90935dcbd70f7d1ba19bab807502326fda228bf25bd380eac2382077ca6fb29,CURRENT_SOURCE
index_archivos/libs/datatables/DataTables-1.10.20/css/dataTables.bootstrap4.min.css,.css,5223,e64a99384f542863c895cc3d97d528c413de79c8c16544bc362956f63cef1ce7,CURRENT_SOURCE
index_archivos/libs/datatables/DataTables-1.10.20/css/dataTables.foundation.css,.css,3133,08be284f81cccdcd15fe836c8fa7d03413d6c0c50dd950b402e68f7a5e3144ea,CURRENT_SOURCE
index_archivos/libs/datatables/DataTables-1.10.20/css/dataTables.foundation.min.css,.css,2670,23d5d69e9e0ad6429e7b20c606e1916dd205e5d54c7dc2039589609d4fe8c200,CURRENT_SOURCE
index_archivos/libs/datatables/DataTables-1.10.20/css/dataTables.jqueryui.css,.css,16985,356f55c3d1b1bcdb028eed2f3783449eb4ddd051e5fc6d0e6e4499763f3e7488,CURRENT_SOURCE
index_archivos/libs/datatables/DataTables-1.10.20/css/dataTables.jqueryui.min.css,.css,14485,1932c93781ec01dc5f2132ab76a5febc430a175fb06db224526f92c78f4bd6ef,CURRENT_SOURCE
index_archivos/libs/datatables/DataTables-1.10.20/css/dataTables.semanticui.css,.css,3044,abd0c04a87d1f002396fc4072e331af135bc55f557e7e891a764aa0c8e2e6dc0,CURRENT_SOURCE
index_archivos/libs/datatables/DataTables-1.10.20/css/dataTables.semanticui.min.css,.css,2626,eab9f76c1746f48c294894eb102b5a6a1c1ec2e290078bbd046f8eaaf676eaa8,CURRENT_SOURCE
index_archivos/libs/datatables/DataTables-1.10.20/css/jquery.dataTables.css,.css,16248,bd59682b4c88ed5b7f4b0234a5753306e5d50753e1727ac59eb9a75cf4e726d6,CURRENT_SOURCE
index_archivos/libs/datatables/DataTables-1.10.20/css/jquery.dataTables.min.css,.css,13901,f4efd3e4b3ca3fdf440d1d6449293309fe3e7593bcc6b4d8d53a567955487e4e,CURRENT_SOURCE
index_archivos/libs/datatables/DataTables-1.10.20/images/sort_asc.png,.png,160,595704c3f3cf4cb65c7d9c8508a99e7480e150095473faed31a07c21b13389b8,CURRENT_SOURCE
index_archivos/libs/datatables/DataTables-1.10.20/images/sort_asc_disabled.png,.png,148,a65b8f4f84d6427a81c360282fc5394d51bf99dada5f159e6aa0fce3c396825c,CURRENT_SOURCE
index_archivos/libs/datatables/DataTables-1.10.20/images/sort_both.png,.png,201,3e016c23ae51417382b640ae2d19eb48047532c37ad53894bd185586559ccffb,CURRENT_SOURCE
index_archivos/libs/datatables/DataTables-1.10.20/images/sort_desc.png,.png,158,d08ed0e21f187dd309030d465224da8085119a15a17d616ba0e477bb50c6f10d,CURRENT_SOURCE
index_archivos/libs/datatables/DataTables-1.10.20/images/sort_desc_disabled.png,.png,146,6c0f0c1b21ef6807057afc8ddc1a925d1dbd21cb11e9270ec84ff4ac40d9a3fa,CURRENT_SOURCE
index_archivos/libs/datatables/DataTables-1.10.20/js/dataTables.bootstrap.js,.js,4741,dca5b08df2a752c521a354da5e50c0b2fb57351136d0c7a2c7c96d08785fdc3d,CURRENT_SOURCE
index_archivos/libs/datatables/DataTables-1.10.20/js/dataTables.bootstrap.min.js,.js,3051,601f64b7dd6f604abdb40ffc449e7c016bca31ca92a4df5f07161ae039d58b12,CURRENT_SOURCE
index_archivos/libs/datatables/DataTables-1.10.20/js/dataTables.bootstrap4.js,.js,4877,faf0ae6dfe59813439a5e719ab0096f859c92758108ee9d2019f21b7e9c4aa2b,CURRENT_SOURCE
index_archivos/libs/datatables/DataTables-1.10.20/js/dataTables.bootstrap4.min.js,.js,3170,15c4821e93ac28d52347ed06d5815b04dba5dddd6f53628070faf8167f5d7870,CURRENT_SOURCE
index_archivos/libs/datatables/DataTables-1.10.20/js/dataTables.foundation.js,.js,4547,6542f6f44d90ff4bbe08082c5dc7c265b2d4b2e91dd4d5708f440838909272ee,CURRENT_SOURCE
index_archivos/libs/datatables/DataTables-1.10.20/js/dataTables.foundation.min.js,.js,2155,9742776a6d4b535b2f3ba5be6b9b7dc4cb677a778a5942317fcaf28df531bb85,CURRENT_SOURCE
index_archivos/libs/datatables/DataTables-1.10.20/js/dataTables.jqueryui.js,.js,4650,90dc9dc1c2b07a7ee7aa2af110bab11d4b11650bd8c01e77b03e4ba58eab976c,CURRENT_SOURCE
index_archivos/libs/datatables/DataTables-1.10.20/js/dataTables.jqueryui.min.js,.js,3723,cd1fe0725dfcd504223916a9666f38b161b8a7e9b4edca7060d3dbf6df240f93,CURRENT_SOURCE
index_archivos/libs/datatables/DataTables-1.10.20/js/dataTables.semanticui.js,.js,5525,41fb6b855d2e7e65e4b528adabe63b91e7bfe9c7256108438ffd8741c830c708,CURRENT_SOURCE
index_archivos/libs/datatables/DataTables-1.10.20/js/dataTables.semanticui.min.js,.js,3522,be407af58fc4c0bf0028f6729ad87395b6d363a422feada462adc49a69005b37,CURRENT_SOURCE
index_archivos/libs/datatables/DataTables-1.10.20/js/jquery.dataTables.js,.js,463898,78417a469898b80e26444db73b5029eefbfc1f61b8b58a6f6d1111abfe0e9cb6,CURRENT_SOURCE
index_archivos/libs/datatables/DataTables-1.10.20/js/jquery.dataTables.min.js,.js,84501,21cdf5a6a2e3cae88918a0cd9be9fa7c063c02e8bf3acfd1346a2b25093cc97b,CURRENT_SOURCE
index_archivos/libs/datatables/FixedColumns-3.3.0/css/fixedColumns.bootstrap.css,.css,2250,cc7d35389adc33a6d4f13b4f55d8672c3dc21c9db67ad127b566a433eb844c77,CURRENT_SOURCE
index_archivos/libs/datatables/FixedColumns-3.3.0/css/fixedColumns.bootstrap.min.css,.css,2075,67ae759a8fb833d864d1a3ca5698c372c3bed9f2244f7aa6bc11150b2e005424,CURRENT_SOURCE
index_archivos/libs/datatables/FixedColumns-3.3.0/css/fixedColumns.bootstrap4.css,.css,2334,da501175f6709e9cde52100d6f82a05ba7628d51dff5a0e050e913511f2ceb66,CURRENT_SOURCE
index_archivos/libs/datatables/FixedColumns-3.3.0/css/fixedColumns.bootstrap4.min.css,.css,2146,7c816ef8ffb450caa03ba17d0769315d99cbd3e9d35357dea03d686b08a1fc67,CURRENT_SOURCE
index_archivos/libs/datatables/FixedColumns-3.3.0/css/fixedColumns.dataTables.css,.css,385,8f038210183d818d05accb3647707c3cb06bacd50d84cbeee513ef1e83b34546,CURRENT_SOURCE
index_archivos/libs/datatables/FixedColumns-3.3.0/css/fixedColumns.dataTables.min.css,.css,328,8c09fa4c4980151ad3eb1aebeeab0655fdfc12bd85a254c1dcda36589b3d976b,CURRENT_SOURCE
index_archivos/libs/datatables/FixedColumns-3.3.0/css/fixedColumns.foundation.css,.css,656,c08d63448c3856bb8f8e3df6fff3137768e93baccd047c92fd8ac66dc38919c6,CURRENT_SOURCE
index_archivos/libs/datatables/FixedColumns-3.3.0/css/fixedColumns.foundation.min.css,.css,558,cda678bc70e7c7fd2b479e5d15c982524a59b376e9c6b92d252d6e16c85a0199,CURRENT_SOURCE
index_archivos/libs/datatables/FixedColumns-3.3.0/css/fixedColumns.jqueryui.css,.css,278,77f138c4a4b7d4439cf1bdc0c6f90b516e712837f57b3ec5a6e124a33ed57280,CURRENT_SOURCE
index_archivos/libs/datatables/FixedColumns-3.3.0/css/fixedColumns.jqueryui.min.css,.css,241,44d13e8e3f0a4bebf5c0c93d46edfd94d9ad6e15f49036458e9fdaf4b120b156,CURRENT_SOURCE
index_archivos/libs/datatables/FixedColumns-3.3.0/css/fixedColumns.semanticui.css,.css,1512,d85350f91d237dbfc1b2688fc41755d1bbf5a44966b2d2e4dbfd43e4b73b1d90,CURRENT_SOURCE
index_archivos/libs/datatables/FixedColumns-3.3.0/css/fixedColumns.semanticui.min.css,.css,1399,de058fdf223b8893b90385ff1c7a0f70f365f5c582d1a8633c37f08d6bbbee79,CURRENT_SOURCE
index_archivos/libs/datatables/FixedColumns-3.3.0/js/dataTables.fixedColumns.js,.js,48572,cc3638df54fb6f9d93d620deb1367059aafafdbd4f1d61412041bea51b502f62,CURRENT_SOURCE
index_archivos/libs/datatables/FixedColumns-3.3.0/js/dataTables.fixedColumns.min.js,.js,18724,37b41d73a25c17d8ea8c9bc5051c4053e99968dbe6fd839beddec295550ad62e,CURRENT_SOURCE
index_archivos/libs/datatables/FixedColumns-3.3.0/js/fixedColumns.bootstrap.js,.js,892,877f72bbf95d5137de7432394a64829456659797775bb8ef041f1391a366dd28,CURRENT_SOURCE
index_archivos/libs/datatables/FixedColumns-3.3.0/js/fixedColumns.bootstrap.min.js,.js,565,95423b96d258a0123e56e311add45c88ea91e6e3b955534a4c0bace1a315281d,CURRENT_SOURCE
index_archivos/libs/datatables/FixedColumns-3.3.0/js/fixedColumns.bootstrap4.js,.js,894,2d6dbc3e13ff6f30a0fbd131dbd73cd9efbe647d4511641eb2ed68117b92059f,CURRENT_SOURCE
index_archivos/libs/datatables/FixedColumns-3.3.0/js/fixedColumns.bootstrap4.min.js,.js,567,c7c8660f6ef14fe95149379631030b6cc76ead5a2dca26b65408ae7eda47f6df,CURRENT_SOURCE
index_archivos/libs/datatables/FixedColumns-3.3.0/js/fixedColumns.dataTables.js,.js,891,02d66a4c5286feb98dc28c4fec49918df58a04932b21c5649cdd32c6aa0fb2a9,CURRENT_SOURCE
index_archivos/libs/datatables/FixedColumns-3.3.0/js/fixedColumns.foundation.js,.js,892,8a0aa52abffb9e57b3fea7e3a614eb0772379fd695149c3e2a882ed91161aa92,CURRENT_SOURCE
index_archivos/libs/datatables/FixedColumns-3.3.0/js/fixedColumns.foundation.min.js,.js,565,72492690cccd49dad7f007921ded6e1aa1cb33da952ea4d1550729c04c28fa1e,CURRENT_SOURCE
index_archivos/libs/datatables/FixedColumns-3.3.0/js/fixedColumns.jqueryui.js,.js,894,63d8448630b6226942c5af8368f2f32d9c8008ae845eb4c263c52a17c2fa5f32,CURRENT_SOURCE
index_archivos/libs/datatables/FixedColumns-3.3.0/js/fixedColumns.jqueryui.min.js,.js,567,51a7d33497f597a44ba81d92bdb32a866bb5288764cae2a5fd19bea6feb3e493,CURRENT_SOURCE
index_archivos/libs/datatables/FixedColumns-3.3.0/js/fixedColumns.semanicui.js,.js,0,e3b0c44298fc1c149afbf4c8996fb92427ae41e4649b934ca495991b7852b855,CURRENT_SOURCE
index_archivos/libs/datatables/FixedColumns-3.3.0/js/fixedColumns.semanticui.js,.js,891,aa1046567749430fbe1bc7a662c3aef24de76cf43437e5ef1b9c219d34704ff1,CURRENT_SOURCE
index_archivos/libs/datatables/FixedColumns-3.3.0/js/fixedColumns.semanticui.min.js,.js,564,a01554a531d200937a79cd908de5a78c46b605d19f48f0586b378d425aba636f,CURRENT_SOURCE
index_archivos/libs/datatables/FixedHeader-3.1.6/css/fixedHeader.bootstrap.css,.css,400,65bcdb23c54148c3b2e90e34b29de17323d6d6dae5635ce894d42fca055bd7a7,CURRENT_SOURCE
index_archivos/libs/datatables/FixedHeader-3.1.6/css/fixedHeader.bootstrap.min.css,.css,329,77de50ede3b0975eabca41b97bf7a9ba00d3455b10eddca84069b4e13899bb62,CURRENT_SOURCE
index_archivos/libs/datatables/FixedHeader-3.1.6/css/fixedHeader.bootstrap4.css,.css,400,65bcdb23c54148c3b2e90e34b29de17323d6d6dae5635ce894d42fca055bd7a7,CURRENT_SOURCE
index_archivos/libs/datatables/FixedHeader-3.1.6/css/fixedHeader.bootstrap4.min.css,.css,329,77de50ede3b0975eabca41b97bf7a9ba00d3455b10eddca84069b4e13899bb62,CURRENT_SOURCE
index_archivos/libs/datatables/FixedHeader-3.1.6/css/fixedHeader.dataTables.css,.css,337,96605c0aea69f4b60775eb57511346d7b32debdec2724e2c32e0b358f3c02d67,CURRENT_SOURCE
index_archivos/libs/datatables/FixedHeader-3.1.6/css/fixedHeader.dataTables.min.css,.css,268,8ca97a540ce27732e3e90f2cc55f25506222800d1e2ce25bbe0167087b164d03,CURRENT_SOURCE
index_archivos/libs/datatables/FixedHeader-3.1.6/css/fixedHeader.foundation.css,.css,400,65bcdb23c54148c3b2e90e34b29de17323d6d6dae5635ce894d42fca055bd7a7,CURRENT_SOURCE
index_archivos/libs/datatables/FixedHeader-3.1.6/css/fixedHeader.foundation.min.css,.css,329,77de50ede3b0975eabca41b97bf7a9ba00d3455b10eddca84069b4e13899bb62,CURRENT_SOURCE
index_archivos/libs/datatables/FixedHeader-3.1.6/css/fixedHeader.jqueryui.css,.css,265,76ba6767738484090b5a51fff0dcdda783ec6d818fe209af9bc39ff9f4a5aeed,CURRENT_SOURCE
index_archivos/libs/datatables/FixedHeader-3.1.6/css/fixedHeader.jqueryui.min.css,.css,209,0e663cd6b203346b5c7ada1073ea6a0b4897f10550406fc19e3ccea304307e01,CURRENT_SOURCE
index_archivos/libs/datatables/FixedHeader-3.1.6/css/fixedHeader.semanticui.css,.css,247,70e973220c69507f5f6cb82d44f1dd294ea2cd349db718826526ab608907cd4d,CURRENT_SOURCE
index_archivos/libs/datatables/FixedHeader-3.1.6/css/fixedHeader.semanticui.min.css,.css,196,8bc909aea43bed08b6b8372df8eb64e3444bf3abe702dc5e044ea9a9a049ec03,CURRENT_SOURCE
index_archivos/libs/datatables/FixedHeader-3.1.6/js/dataTables.fixedHeader.js,.js,18328,0a9bd176a9b04003a8aadf3679d20097fda0025538d2c094f580c3535b352ff3,CURRENT_SOURCE
index_archivos/libs/datatables/FixedHeader-3.1.6/js/dataTables.fixedHeader.min.js,.js,8718,7acb73e5e87a4b813bece1e3f226801fcea9fbeb07e7b79a70b0af96087f09b5,CURRENT_SOURCE
index_archivos/libs/datatables/FixedHeader-3.1.6/js/fixedHeader.bootstrap.js,.js,888,02796e3df65ad7493e9510cbd981ed614cfc0f8df6aaf1ea3316436d273b5119,CURRENT_SOURCE
index_archivos/libs/datatables/FixedHeader-3.1.6/js/fixedHeader.bootstrap.min.js,.js,561,c6d7013efad732a4997b666edad034e15e7d824eb04aeea4565b66760e979404,CURRENT_SOURCE
index_archivos/libs/datatables/FixedHeader-3.1.6/js/fixedHeader.bootstrap4.js,.js,890,f7aa260cbe206d79fb55abacbefd826277b1ea5d4c1fa1fc8ac3d1ebd04dbba4,CURRENT_SOURCE
index_archivos/libs/datatables/FixedHeader-3.1.6/js/fixedHeader.bootstrap4.min.js,.js,563,8693dc449b5d3661798726cfee55916573280fc6431352f9979801c6fac77979,CURRENT_SOURCE
index_archivos/libs/datatables/FixedHeader-3.1.6/js/fixedHeader.dataTables.js,.js,887,eb19145df1d427174a07e2906984f48118c5d00cd4352e3d1c7ba49df7db1cda,CURRENT_SOURCE
index_archivos/libs/datatables/FixedHeader-3.1.6/js/fixedHeader.foundation.js,.js,888,c1d10562e38051208d22a111b771afcf1fe1f081c5e631716903e8d1ad7cd446,CURRENT_SOURCE
index_archivos/libs/datatables/FixedHeader-3.1.6/js/fixedHeader.foundation.min.js,.js,561,a91a2ea632a034c332f80dcbcc90e39a9327fd3c533dccc8553a1cc0c4df2d41,CURRENT_SOURCE
index_archivos/libs/datatables/FixedHeader-3.1.6/js/fixedHeader.jqueryui.js,.js,890,12e06dea244834fd8ee22c04f6ac793f212de6b7ec8ad2f01518f921728bcf99,CURRENT_SOURCE
index_archivos/libs/datatables/FixedHeader-3.1.6/js/fixedHeader.jqueryui.min.js,.js,563,630175b3135e13317911ccd790078be62507eb44a5f7aa95818499910a2a2ee9,CURRENT_SOURCE
index_archivos/libs/datatables/FixedHeader-3.1.6/js/fixedHeader.semanicui.js,.js,0,e3b0c44298fc1c149afbf4c8996fb92427ae41e4649b934ca495991b7852b855,CURRENT_SOURCE
index_archivos/libs/datatables/FixedHeader-3.1.6/js/fixedHeader.semanticui.js,.js,887,083d3a09ac54789c36140f9f694fae5349611d58d84a8644ffdb073d53dd3fc7,CURRENT_SOURCE
index_archivos/libs/datatables/FixedHeader-3.1.6/js/fixedHeader.semanticui.min.js,.js,560,4b00a9bf21794f428a9c167e20e38b0232ba9fe0398f562593349b5f985001af,CURRENT_SOURCE
index_archivos/libs/datatables/JSZip-2.5.0/jszip.js,.js,302626,68e09c5e74bcc2fb30ad219480bbbd4c32984f85558d72f8df3adff84ea408fe,CURRENT_SOURCE
index_archivos/libs/datatables/JSZip-2.5.0/jszip.min.js,.js,76998,dce4ba5345aaf86e83f3715c7f9db0578fd72a8dbe043e1dfefc9c0879362b58,CURRENT_SOURCE
index_archivos/libs/datatables/KeyTable-2.5.1/css/keyTable.bootstrap.css,.css,262,c40d1ef9ed5038b717ec2c49f08a7b6f03f41db89cbfc0df9b3eb3b5f6732c72,CURRENT_SOURCE
index_archivos/libs/datatables/KeyTable-2.5.1/css/keyTable.bootstrap.min.css,.css,236,ca89cc7e8e68b73c4d6ad8a08710fed7b2562e7de00551f44476bf253b0b949a,CURRENT_SOURCE
index_archivos/libs/datatables/KeyTable-2.5.1/css/keyTable.bootstrap4.css,.css,262,ee6a9e7e858d387c9e8b8bfb7db7bbbb6ac9210fb7c45771d53c07b219c163d5,CURRENT_SOURCE
index_archivos/libs/datatables/KeyTable-2.5.1/css/keyTable.bootstrap4.min.css,.css,236,543b3ae774f064620f2a0e779abd01b54712fc4caa54811c67fbda4289a60090,CURRENT_SOURCE
index_archivos/libs/datatables/KeyTable-2.5.1/css/keyTable.dataTables.css,.css,262,6eabeb11318dd8c840783b1aa02c9702c6227dd74fee19b791b75cbcad606811,CURRENT_SOURCE
index_archivos/libs/datatables/KeyTable-2.5.1/css/keyTable.dataTables.min.css,.css,236,42647b93379a93a04d0e2065e32ba92b46c1829d2a21075f53a3a3166660beda,CURRENT_SOURCE
index_archivos/libs/datatables/KeyTable-2.5.1/css/keyTable.foundation.css,.css,262,9f117fc82f62caa72d80ac7f6c19f929248b00db56c8bec80836b920369de700,CURRENT_SOURCE
index_archivos/libs/datatables/KeyTable-2.5.1/css/keyTable.foundation.min.css,.css,236,4ad825290b20c8f7db470322c3eae041daccce700f7a3fb2966ed963b3d533c5,CURRENT_SOURCE
index_archivos/libs/datatables/KeyTable-2.5.1/css/keyTable.jqueryui.css,.css,262,6eabeb11318dd8c840783b1aa02c9702c6227dd74fee19b791b75cbcad606811,CURRENT_SOURCE
index_archivos/libs/datatables/KeyTable-2.5.1/css/keyTable.jqueryui.min.css,.css,236,42647b93379a93a04d0e2065e32ba92b46c1829d2a21075f53a3a3166660beda,CURRENT_SOURCE
index_archivos/libs/datatables/KeyTable-2.5.1/css/keyTable.semanticui.css,.css,259,e4c8e12c426e4a3cb92d10c3be7f88accd7046588f70462890fbb14226af10f0,CURRENT_SOURCE
index_archivos/libs/datatables/KeyTable-2.5.1/css/keyTable.semanticui.min.css,.css,233,fff5fc54b5a584d57c363ba6936efc0e764e88e581844187ecfe91e4bc1167e7,CURRENT_SOURCE
index_archivos/libs/datatables/KeyTable-2.5.1/js/dataTables.keyTable.js,.js,30707,311b499daacb0044866b279c915792385dc29244b11b924481be72e252ac94ed,CURRENT_SOURCE
index_archivos/libs/datatables/KeyTable-2.5.1/js/dataTables.keyTable.min.js,.js,13804,760af4638062bc3167b0446320e05f775059dbb1528e9b80bfcf6f2641b9d9bf,CURRENT_SOURCE
index_archivos/libs/datatables/KeyTable-2.5.1/js/keyTable.bootstrap.js,.js,876,1abdab656a60422747f148e183dc786247eeb9f043b29c1497ce981fa9461737,CURRENT_SOURCE
index_archivos/libs/datatables/KeyTable-2.5.1/js/keyTable.bootstrap.min.js,.js,549,b01d3306d770e94daf18085e9ccd0e71135138a517d6e1e43b77024b25e5191e,CURRENT_SOURCE
index_archivos/libs/datatables/KeyTable-2.5.1/js/keyTable.bootstrap4.js,.js,878,1070c0c3db606a2b69e0e5115e2b351bf68d01d9e307364b26288248d3f93b45,CURRENT_SOURCE
index_archivos/libs/datatables/KeyTable-2.5.1/js/keyTable.bootstrap4.min.js,.js,551,2d7a7940f00d53fa194fd9416c92e4f5f0ce81e89d75fbbe3f0c6e7475878a5a,CURRENT_SOURCE
index_archivos/libs/datatables/KeyTable-2.5.1/js/keyTable.dataTables.js,.js,875,708e8ffe6181a6fc92c00ceea5a489a5af3694cd1af0d67cd9daa1e5a94320b9,CURRENT_SOURCE
index_archivos/libs/datatables/KeyTable-2.5.1/js/keyTable.foundation.js,.js,875,58b40f024bc50d4ee8ffc8cfef8883d88b43a42bb3d07bebd92efb89db4b07fd,CURRENT_SOURCE
index_archivos/libs/datatables/KeyTable-2.5.1/js/keyTable.foundation.min.js,.js,548,71b605e2910c8c20dd142a9e52e8d542afecdd7ad1a13a7ca78f97f436135aac,CURRENT_SOURCE
index_archivos/libs/datatables/KeyTable-2.5.1/js/keyTable.jqueryui.js,.js,878,90642611168fc98cfcc31a91ee2f79b276e7b7da282eccf4177615fed6486313,CURRENT_SOURCE
index_archivos/libs/datatables/KeyTable-2.5.1/js/keyTable.jqueryui.min.js,.js,551,29f4c4533ff66cc5cc13598e7055e97c1f4d0c62fc17d53af49b1aa4503fec41,CURRENT_SOURCE
index_archivos/libs/datatables/KeyTable-2.5.1/js/keyTable.semanicui.js,.js,0,e3b0c44298fc1c149afbf4c8996fb92427ae41e4649b934ca495991b7852b855,CURRENT_SOURCE
index_archivos/libs/datatables/KeyTable-2.5.1/js/keyTable.semanticui.js,.js,875,a8954667a70247e25308c838018f52c965e15d699cd920290ffbdd1e66b54ef8,CURRENT_SOURCE
index_archivos/libs/datatables/KeyTable-2.5.1/js/keyTable.semanticui.min.js,.js,548,660a2472f78446d238b66135056c808598c4a6402f124a393a25939a055c615d,CURRENT_SOURCE
index_archivos/libs/datatables/Responsive-2.2.3/css/responsive.bootstrap.css,.css,4918,cfb30e15fc8d33169637242694417359f01e5fadcb0726da5606e1f3818000a8,CURRENT_SOURCE
index_archivos/libs/datatables/Responsive-2.2.3/css/responsive.bootstrap.min.css,.css,3993,dc4462c38cfdf290e57a7ac8d25eaf46d010097b89a62c7ab1f2caccee9f360c,CURRENT_SOURCE
index_archivos/libs/datatables/Responsive-2.2.3/css/responsive.bootstrap4.css,.css,4919,184420dbf0bcc9983e3b172ef32168eb3bbdb7ee487dc7f5cb60f74974144bfb,CURRENT_SOURCE
index_archivos/libs/datatables/Responsive-2.2.3/css/responsive.bootstrap4.min.css,.css,3994,99e381361415be98d3b7da26d63e68b93b9a1033c9151991e4a1b50108b07349,CURRENT_SOURCE
index_archivos/libs/datatables/Responsive-2.2.3/css/responsive.dataTables.css,.css,4844,b801cea1c7d3e3b9b7d5e32013082dd7957ec2096a61ed3337c59f9623465fb3,CURRENT_SOURCE
index_archivos/libs/datatables/Responsive-2.2.3/css/responsive.dataTables.min.css,.css,3930,1c9d755c782277904276c47ccd1901ee76d7c6c598689c2586dd38ca39dda2d3,CURRENT_SOURCE
index_archivos/libs/datatables/Responsive-2.2.3/css/responsive.foundation.css,.css,4907,41b03d97e15510798cc3c873c785791997070237dbdeff5e8283d61c8af7a92a,CURRENT_SOURCE
index_archivos/libs/datatables/Responsive-2.2.3/css/responsive.foundation.min.css,.css,3978,dd0ff9ead2a076a4b8520419d1049fbeed36bc907ea4547e09f38d9cd3f90636,CURRENT_SOURCE
index_archivos/libs/datatables/Responsive-2.2.3/css/responsive.jqueryui.css,.css,4844,b801cea1c7d3e3b9b7d5e32013082dd7957ec2096a61ed3337c59f9623465fb3,CURRENT_SOURCE
index_archivos/libs/datatables/Responsive-2.2.3/css/responsive.jqueryui.min.css,.css,3930,1c9d755c782277904276c47ccd1901ee76d7c6c598689c2586dd38ca39dda2d3,CURRENT_SOURCE
index_archivos/libs/datatables/Responsive-2.2.3/css/responsive.semanticui.css,.css,4918,23067109aff8e361e798b5c8845a365a6700ec02970bd7f15b795261c3907628,CURRENT_SOURCE
index_archivos/libs/datatables/Responsive-2.2.3/css/responsive.semanticui.min.css,.css,3993,7ec6366584d07c3f870df99b422c1585de60cb0e74202f9c834645785833187c,CURRENT_SOURCE
index_archivos/libs/datatables/Responsive-2.2.3/js/dataTables.responsive.js,.js,39998,03da4bb366a9f96955f413bb9de8b1b8db80f2a7bb9849b3f3af11f0a9b5ea25,CURRENT_SOURCE
index_archivos/libs/datatables/Responsive-2.2.3/js/dataTables.responsive.min.js,.js,13061,cdeb7fe27c30e4edbf1e1bae52dfbfbc3b445bde4084267c60c9dc664336046d,CURRENT_SOURCE
index_archivos/libs/datatables/Responsive-2.2.3/js/responsive.bootstrap.js,.js,2084,2dfb30a08222ea9790eaf69d27dec37a2ee54f8ee780c51a4381ae1c5e421372,CURRENT_SOURCE
index_archivos/libs/datatables/Responsive-2.2.3/js/responsive.bootstrap.min.js,.js,1252,abb3c52ab113ae9e011e8cff84ba45d39f7937b1c19551f25dd2a83811c4f725,CURRENT_SOURCE
index_archivos/libs/datatables/Responsive-2.2.3/js/responsive.bootstrap4.js,.js,2082,b5378b4209102c7f42c4f59e5b10323d65b66425746b6d8690412f5b33c4841b,CURRENT_SOURCE
index_archivos/libs/datatables/Responsive-2.2.3/js/responsive.bootstrap4.min.js,.js,1250,0b580d6fde9be41dd86a9ff39c6e4b603710d2b38237811d3b9c32131cde90ff,CURRENT_SOURCE
index_archivos/libs/datatables/Responsive-2.2.3/js/responsive.foundation.js,.js,1553,0bec13bc774004f772cfc69f16283ed29d3c25b7e41655da839a644a24e134fd,CURRENT_SOURCE
index_archivos/libs/datatables/Responsive-2.2.3/js/responsive.foundation.min.js,.js,911,a11a5664637955e3a47547265b282e96439e18ace4108dfec6ee5b153069b89f,CURRENT_SOURCE
index_archivos/libs/datatables/Responsive-2.2.3/js/responsive.jqueryui.js,.js,1462,5feda8b9e3aba316518dba9c4d8a21d25ad2e74b9aa3dec57f323a420f194088,CURRENT_SOURCE
index_archivos/libs/datatables/Responsive-2.2.3/js/responsive.jqueryui.min.js,.js,802,779b17fd71f04b98b46750d32a740fc5638be0508f8ecaae57ff4fdf4e47d888,CURRENT_SOURCE
index_archivos/libs/datatables/Responsive-2.2.3/js/responsive.semanticui.js,.js,1821,10d4ef09c1f230ad66ffc427498d552333d53889b4098258eef96e6144f167ee,CURRENT_SOURCE
index_archivos/libs/datatables/Responsive-2.2.3/js/responsive.semanticui.min.js,.js,1076,fe84c5abf07a4c4f5541db433e190851330e54aa8024a41fc9448c5f326a6494,CURRENT_SOURCE
index_archivos/libs/datatables/RowGroup-1.1.1/css/rowGroup.bootstrap.css,.css,455,d1359fe0ce8b323a599fba76a619f8f226a543672f080138380c5d193325b1f1,CURRENT_SOURCE
index_archivos/libs/datatables/RowGroup-1.1.1/css/rowGroup.bootstrap.min.css,.css,385,622ef283fe7869a28cdcbe7fa48634eac380ca04776dfb4ad5e294760d06a48e,CURRENT_SOURCE
index_archivos/libs/datatables/RowGroup-1.1.1/css/rowGroup.bootstrap4.css,.css,455,d1359fe0ce8b323a599fba76a619f8f226a543672f080138380c5d193325b1f1,CURRENT_SOURCE
index_archivos/libs/datatables/RowGroup-1.1.1/css/rowGroup.bootstrap4.min.css,.css,385,622ef283fe7869a28cdcbe7fa48634eac380ca04776dfb4ad5e294760d06a48e,CURRENT_SOURCE
index_archivos/libs/datatables/RowGroup-1.1.1/css/rowGroup.dataTables.css,.css,455,d1359fe0ce8b323a599fba76a619f8f226a543672f080138380c5d193325b1f1,CURRENT_SOURCE
index_archivos/libs/datatables/RowGroup-1.1.1/css/rowGroup.dataTables.min.css,.css,385,622ef283fe7869a28cdcbe7fa48634eac380ca04776dfb4ad5e294760d06a48e,CURRENT_SOURCE
index_archivos/libs/datatables/RowGroup-1.1.1/css/rowGroup.foundation.css,.css,455,d1359fe0ce8b323a599fba76a619f8f226a543672f080138380c5d193325b1f1,CURRENT_SOURCE
index_archivos/libs/datatables/RowGroup-1.1.1/css/rowGroup.foundation.min.css,.css,385,622ef283fe7869a28cdcbe7fa48634eac380ca04776dfb4ad5e294760d06a48e,CURRENT_SOURCE
index_archivos/libs/datatables/RowGroup-1.1.1/css/rowGroup.jqueryui.css,.css,455,d1359fe0ce8b323a599fba76a619f8f226a543672f080138380c5d193325b1f1,CURRENT_SOURCE
index_archivos/libs/datatables/RowGroup-1.1.1/css/rowGroup.jqueryui.min.css,.css,385,622ef283fe7869a28cdcbe7fa48634eac380ca04776dfb4ad5e294760d06a48e,CURRENT_SOURCE
index_archivos/libs/datatables/RowGroup-1.1.1/css/rowGroup.semanticui.css,.css,455,02debd9419f80ed35f35a49ae91aa908616a9286c276cd2271894938ceb59eac,CURRENT_SOURCE
index_archivos/libs/datatables/RowGroup-1.1.1/css/rowGroup.semanticui.min.css,.css,385,c5f5865533e3da2ee93c3f53382ae6e3e091295df6d2a5d75f4c28aa5c8a3807,CURRENT_SOURCE
index_archivos/libs/datatables/RowGroup-1.1.1/js/dataTables.rowGroup.js,.js,10733,784ab331305ff88f466147f3f7907dddd7f546677d4fa7be815ee0877500636f,CURRENT_SOURCE
index_archivos/libs/datatables/RowGroup-1.1.1/js/dataTables.rowGroup.min.js,.js,5343,ae03d386ceba4818539d60c6df1d3c45cfc9324d1cd7772349ba9127dbff5bc0,CURRENT_SOURCE
index_archivos/libs/datatables/RowGroup-1.1.1/js/rowGroup.bootstrap.js,.js,876,71d39365a6268c9c0faa67ff887e01c67acb198b148805c30be9b31d1e9687ca,CURRENT_SOURCE
index_archivos/libs/datatables/RowGroup-1.1.1/js/rowGroup.bootstrap.min.js,.js,549,ac972c74565b266342979703e5502286e747f9560dcbf526ad9d07e34ec53525,CURRENT_SOURCE
index_archivos/libs/datatables/RowGroup-1.1.1/js/rowGroup.bootstrap4.js,.js,878,2a84046829c0a85820508c5494154db9d5dd8dff70d686831c16fe6bc2f0304a,CURRENT_SOURCE
index_archivos/libs/datatables/RowGroup-1.1.1/js/rowGroup.bootstrap4.min.js,.js,551,ac66beaf414eb2c965c81cb25b5ae424fccfbca9e994dd2a61e74482b891c08f,CURRENT_SOURCE
index_archivos/libs/datatables/RowGroup-1.1.1/js/rowGroup.dataTables.js,.js,875,2db3a5164036f7410c3ba3232fee7bed37d0b8b9549e0e7ce0095266def19efa,CURRENT_SOURCE
index_archivos/libs/datatables/RowGroup-1.1.1/js/rowGroup.foundation.js,.js,875,db5387c9516b9d67c6dfd151feaafbf70013d0ccf07af7266cb9084f4f4c0df6,CURRENT_SOURCE
index_archivos/libs/datatables/RowGroup-1.1.1/js/rowGroup.foundation.min.js,.js,548,b9b89f5471946faa5e14b524c7fdb903e35a36a040d3190682aa82de86f2c873,CURRENT_SOURCE
index_archivos/libs/datatables/RowGroup-1.1.1/js/rowGroup.jqueryui.js,.js,878,8d4e0b734710e726a514cccac25e7df6766fe694f82a2201167fcbbd8268e18e,CURRENT_SOURCE
index_archivos/libs/datatables/RowGroup-1.1.1/js/rowGroup.jqueryui.min.js,.js,551,b9582d2db3963881027cb6fcf9eeb07a360b5957081fb25c48f59da37630e93d,CURRENT_SOURCE
index_archivos/libs/datatables/RowGroup-1.1.1/js/rowGroup.semanicui.js,.js,0,e3b0c44298fc1c149afbf4c8996fb92427ae41e4649b934ca495991b7852b855,CURRENT_SOURCE
index_archivos/libs/datatables/RowGroup-1.1.1/js/rowGroup.semanticui.js,.js,875,5696d6d6949aadf58b7685a21035fde5a0102f058396e973f99c27fa1d655fe1,CURRENT_SOURCE
index_archivos/libs/datatables/RowGroup-1.1.1/js/rowGroup.semanticui.min.js,.js,548,6841ad3ac6d6c48771a129d257253ead811689fe7631b88c599e3224fd763e20,CURRENT_SOURCE
index_archivos/libs/datatables/RowReorder-1.2.6/css/rowReorder.bootstrap.css,.css,402,3c85022272e8b0d45de7f85736746c3ab99d6b7e0f921c20220c38303be19530,CURRENT_SOURCE
index_archivos/libs/datatables/RowReorder-1.2.6/css/rowReorder.bootstrap.min.css,.css,319,01673c982833f2824a239321ac97e3a03aa1d071a2758c3e1870265d04492f79,CURRENT_SOURCE
index_archivos/libs/datatables/RowReorder-1.2.6/css/rowReorder.bootstrap4.css,.css,402,a126d7929d9d75edd1c08bfe58d1d65e4e5178459afa8ee7a146c1477ae6b93e,CURRENT_SOURCE
index_archivos/libs/datatables/RowReorder-1.2.6/css/rowReorder.bootstrap4.min.css,.css,319,35b2dc3e90a4789ad875f077615277eed4a144244171b0e35c0c820d04e8c6dd,CURRENT_SOURCE
index_archivos/libs/datatables/RowReorder-1.2.6/css/rowReorder.dataTables.css,.css,399,0951ef6d48436007026117bbef897cf83bc1ba312c996ee2932f276d5ee0a6c3,CURRENT_SOURCE
index_archivos/libs/datatables/RowReorder-1.2.6/css/rowReorder.dataTables.min.css,.css,316,ad33608a5b21491970c8c353325d47ac76f9a4e9f430fea318ebfe94769425f0,CURRENT_SOURCE
index_archivos/libs/datatables/RowReorder-1.2.6/css/rowReorder.foundation.css,.css,402,3c85022272e8b0d45de7f85736746c3ab99d6b7e0f921c20220c38303be19530,CURRENT_SOURCE
index_archivos/libs/datatables/RowReorder-1.2.6/css/rowReorder.foundation.min.css,.css,319,01673c982833f2824a239321ac97e3a03aa1d071a2758c3e1870265d04492f79,CURRENT_SOURCE
index_archivos/libs/datatables/RowReorder-1.2.6/css/rowReorder.jqueryui.css,.css,399,0951ef6d48436007026117bbef897cf83bc1ba312c996ee2932f276d5ee0a6c3,CURRENT_SOURCE
index_archivos/libs/datatables/RowReorder-1.2.6/css/rowReorder.jqueryui.min.css,.css,316,ad33608a5b21491970c8c353325d47ac76f9a4e9f430fea318ebfe94769425f0,CURRENT_SOURCE
index_archivos/libs/datatables/RowReorder-1.2.6/css/rowReorder.semanticui.css,.css,414,d6aff6e46374c44d4e678b3cab6c4f70de45d55d2d38e6df61c64ddb24bec3f0,CURRENT_SOURCE
index_archivos/libs/datatables/RowReorder-1.2.6/css/rowReorder.semanticui.min.css,.css,328,c457ca29decb22158cd46aa7200b4ee2dd0cff8ff164bd9b683f921c279b1a7f,CURRENT_SOURCE
index_archivos/libs/datatables/RowReorder-1.2.6/js/dataTables.rowReorder.js,.js,22019,ab2177b07f09ee47a78d7de4d144d62d2221fbc1abb41a13d774023de0a82575,CURRENT_SOURCE
index_archivos/libs/datatables/RowReorder-1.2.6/js/dataTables.rowReorder.min.js,.js,8730,e4c910c91c6c7b02182083c92031ac9d6c3b430ba996a4e5ddd5e9d1d04a4b3d,CURRENT_SOURCE
index_archivos/libs/datatables/RowReorder-1.2.6/js/rowReorder.bootstrap.js,.js,884,9302ec9db70495e1c0f91d6b6df1b8344f7c266d7828d5f3a03fe1ba458ef43d,CURRENT_SOURCE
index_archivos/libs/datatables/RowReorder-1.2.6/js/rowReorder.bootstrap.min.js,.js,557,4d692385e977a1202de5e762a7384a89c2e106941259065a623bf1c4fe6775e4,CURRENT_SOURCE
index_archivos/libs/datatables/RowReorder-1.2.6/js/rowReorder.bootstrap4.js,.js,886,922fdcdd2f83d3e5e129d08d5b8a9fb13bd5aeb6bfe563e7ae8c0e0b707a4156,CURRENT_SOURCE
index_archivos/libs/datatables/RowReorder-1.2.6/js/rowReorder.bootstrap4.min.js,.js,559,d917ca59b05d74cea0f939821b9f808c98a17a7584f34f6391aa04ea765cbe04,CURRENT_SOURCE
index_archivos/libs/datatables/RowReorder-1.2.6/js/rowReorder.dataTables.js,.js,883,7b208cd98568a4923d2f0695938cf9b86307acb3a79036cf6ba4df98b3766e3e,CURRENT_SOURCE
index_archivos/libs/datatables/RowReorder-1.2.6/js/rowReorder.foundation.js,.js,883,4ec17e000710eb22e2fb77ef2388b8fc3bfa6d403f5810f7bf0fc491a92d6847,CURRENT_SOURCE
index_archivos/libs/datatables/RowReorder-1.2.6/js/rowReorder.foundation.min.js,.js,556,16686c853e6ae33e3c71f80d22614f2dd2b4ce2b1075230c85e3c3193039eb87,CURRENT_SOURCE
index_archivos/libs/datatables/RowReorder-1.2.6/js/rowReorder.jqueryui.js,.js,886,2ec5fa1874523c107a1ebc4204babeeb9aca97d79ce6c4e7d4ccd64471c5ec9b,CURRENT_SOURCE
index_archivos/libs/datatables/RowReorder-1.2.6/js/rowReorder.jqueryui.min.js,.js,559,84fe94b0438a22cf4d9061faab19cd67a437b25009edd779de8781dfb24c66b4,CURRENT_SOURCE
index_archivos/libs/datatables/RowReorder-1.2.6/js/rowReorder.semanticui.js,.js,883,6d6bc193293cdcf09f28e2e762d93c9b42dff4a581e62db93673d21015687c64,CURRENT_SOURCE
index_archivos/libs/datatables/RowReorder-1.2.6/js/rowReorder.semanticui.min.js,.js,556,a4a419f459458b9c5d901f640dcfdaf9129225fef4109a78e78a00c2fa6c4826,CURRENT_SOURCE
index_archivos/libs/datatables/Scroller-2.0.1/css/scroller.bootstrap.css,.css,757,be002a3014c5305aaa36a154a2ce21e5c9ea6b8641d260966ba8dea1a0622cc7,CURRENT_SOURCE
index_archivos/libs/datatables/Scroller-2.0.1/css/scroller.bootstrap.min.css,.css,612,d78a11c7bf94bf641b09c345a4c1067e06c69e606bf12cbe1e06bb322cb9c119,CURRENT_SOURCE
index_archivos/libs/datatables/Scroller-2.0.1/css/scroller.bootstrap4.css,.css,780,58eb479de4aa6e0dced1afc4c674403ad1daf0b5bcee54677205d72d149bc6fd,CURRENT_SOURCE
index_archivos/libs/datatables/Scroller-2.0.1/css/scroller.bootstrap4.min.css,.css,635,eec384fb2309ebe3a4f12727f844a1130c4565bd9d73eaa90271532d31f4ab98,CURRENT_SOURCE
index_archivos/libs/datatables/Scroller-2.0.1/css/scroller.dataTables.css,.css,704,0d8bdb8e8d23fd8026f1cfecc2c477815647d4fb03337bb0169eaa02f3c9727e,CURRENT_SOURCE
index_archivos/libs/datatables/Scroller-2.0.1/css/scroller.dataTables.min.css,.css,572,16be13ef08aad7ced9d0d371fe2e39023d87579ae60a605cf75e1c36b03626c4,CURRENT_SOURCE
index_archivos/libs/datatables/Scroller-2.0.1/css/scroller.foundation.css,.css,396,a6a6daf5d3b5c96e87d87136380069b0cfba95d885f31080e148d261d6a5a2fe,CURRENT_SOURCE
index_archivos/libs/datatables/Scroller-2.0.1/css/scroller.foundation.min.css,.css,337,dba743bdbece24d83a3a4ec346fcb614e436fd84bbcc3e0be6203a2f70a555c6,CURRENT_SOURCE
index_archivos/libs/datatables/Scroller-2.0.1/css/scroller.jqueryui.css,.css,704,0d8bdb8e8d23fd8026f1cfecc2c477815647d4fb03337bb0169eaa02f3c9727e,CURRENT_SOURCE
index_archivos/libs/datatables/Scroller-2.0.1/css/scroller.jqueryui.min.css,.css,572,16be13ef08aad7ced9d0d371fe2e39023d87579ae60a605cf75e1c36b03626c4,CURRENT_SOURCE
index_archivos/libs/datatables/Scroller-2.0.1/css/scroller.semanticui.css,.css,704,0d8bdb8e8d23fd8026f1cfecc2c477815647d4fb03337bb0169eaa02f3c9727e,CURRENT_SOURCE
index_archivos/libs/datatables/Scroller-2.0.1/css/scroller.semanticui.min.css,.css,572,16be13ef08aad7ced9d0d371fe2e39023d87579ae60a605cf75e1c36b03626c4,CURRENT_SOURCE
index_archivos/libs/datatables/Scroller-2.0.1/js/dataTables.scroller.js,.js,40106,602189849a1e5e086158ab0bb329c5359aae85b447774ece5f4a8543ad69e549,CURRENT_SOURCE
index_archivos/libs/datatables/Scroller-2.0.1/js/dataTables.scroller.min.js,.js,12793,e6a4db35d4520597cbf6301b7d3098f643374731d49c2d436502df6c12efd127,CURRENT_SOURCE
index_archivos/libs/datatables/Scroller-2.0.1/js/scroller.bootstrap.js,.js,876,7fa8acccbcddcfa55b68b8b938ba44f22ffaf66ff3f2df99240d4283faf67247,CURRENT_SOURCE
index_archivos/libs/datatables/Scroller-2.0.1/js/scroller.bootstrap.min.js,.js,549,e67e2c1e9ad489cf30e4f7462d4f00e341440826809709ac9dceed401e17572a,CURRENT_SOURCE
index_archivos/libs/datatables/Scroller-2.0.1/js/scroller.bootstrap4.js,.js,878,e553d6fd4e3b9a68161291f961bd8eeaacb13df318ca2473e623bb87f280671c,CURRENT_SOURCE
index_archivos/libs/datatables/Scroller-2.0.1/js/scroller.bootstrap4.min.js,.js,551,3bed6e4219cb3cc78a29eec70ea620e47743933dd3a1728d7314cbeee4814514,CURRENT_SOURCE
index_archivos/libs/datatables/Scroller-2.0.1/js/scroller.dataTables.js,.js,875,d7758ea7e89feace0b3d852b512bb0ce96dd1c5dd7766490cc43869eb0dc6f76,CURRENT_SOURCE
index_archivos/libs/datatables/Scroller-2.0.1/js/scroller.foundation.js,.js,875,98fb5542538d17f0fe83d6f1e9b3cfb8fd956074924470590d4f725b137ce41c,CURRENT_SOURCE
index_archivos/libs/datatables/Scroller-2.0.1/js/scroller.foundation.min.js,.js,548,7d48887f9547229c6253fd4d24827c28c8ebe23c28f0d9a47bfa26f196a614c4,CURRENT_SOURCE
index_archivos/libs/datatables/Scroller-2.0.1/js/scroller.jqueryui.js,.js,878,d1080b50ad8ee7e8e601457f9f7eabb8240760253c6673c34b504d30d5047051,CURRENT_SOURCE
index_archivos/libs/datatables/Scroller-2.0.1/js/scroller.jqueryui.min.js,.js,551,a744c051b389c827eeafd0a5b3d2e570cc14f30be3e3bec7fcfc46f78352adc9,CURRENT_SOURCE
index_archivos/libs/datatables/Scroller-2.0.1/js/scroller.semanicui.js,.js,0,e3b0c44298fc1c149afbf4c8996fb92427ae41e4649b934ca495991b7852b855,CURRENT_SOURCE
index_archivos/libs/datatables/Scroller-2.0.1/js/scroller.semanticui.js,.js,875,1d32043002a55d9bb1a562778c35168102599abcd334b42df2a576813f71335c,CURRENT_SOURCE
index_archivos/libs/datatables/Scroller-2.0.1/js/scroller.semanticui.min.js,.js,548,277d30bc32aa24707b243108a2c4e1d530f708f22b9475229930e54c4cdbf4a8,CURRENT_SOURCE
index_archivos/libs/datatables/SearchPanes-1.0.1/css/searchPanes.bootstrap.css,.css,8686,2a3aaca86d49f2c5746756a46182696f4548959e55e33635ed30e4b51b8b81b5,CURRENT_SOURCE
index_archivos/libs/datatables/SearchPanes-1.0.1/css/searchPanes.bootstrap.min.css,.css,7744,bc9c0fd6d276eb6ba442ddbc2f047d551ddf51ada23b8baa26b6e0d7995c365e,CURRENT_SOURCE
index_archivos/libs/datatables/SearchPanes-1.0.1/css/searchPanes.bootstrap4.css,.css,9498,63889e5937bfcaef82ff157c52c6a7272f2ad1b20f6a9619ba0c7c54932ee78b,CURRENT_SOURCE
index_archivos/libs/datatables/SearchPanes-1.0.1/css/searchPanes.bootstrap4.min.css,.css,8418,12d6edd3f832fff8e2ff807ba792df712e039adb6787e93f36ca71b6658df46e,CURRENT_SOURCE
index_archivos/libs/datatables/SearchPanes-1.0.1/css/searchPanes.dataTables.css,.css,13254,7e5949a3b346385eee66705b760ad84bb2af530b5187fb7aed7d1fe31d1b08f4,CURRENT_SOURCE
index_archivos/libs/datatables/SearchPanes-1.0.1/css/searchPanes.dataTables.min.css,.css,11713,96bbbe2547ad38bec9274530feb484bf9f16badd6de89a99158e737fd58493fc,CURRENT_SOURCE
index_archivos/libs/datatables/SearchPanes-1.0.1/css/searchPanes.foundation.css,.css,11146,bb0f9b5c87b18ada80c8669cadbf23c133635fd2d2f4616e7b95f2e8700ef777,CURRENT_SOURCE
index_archivos/libs/datatables/SearchPanes-1.0.1/css/searchPanes.foundation.min.css,.css,9719,482b8c2877b25c21bd47df0f71d9ec9b78a3d9c80f8330801c78ab07e865e69e,CURRENT_SOURCE
index_archivos/libs/datatables/SearchPanes-1.0.1/css/searchPanes.jqueryui.css,.css,11922,3eee16df2c4757ddc680835fc883b8a5eb8110cca45dcbd190bb5addc1fc383d,CURRENT_SOURCE
index_archivos/libs/datatables/SearchPanes-1.0.1/css/searchPanes.jqueryui.min.css,.css,10635,301a4f854a8d4e47be1f7801f3cc8a58f2ee53c4ead9044cbb270851569cd95b,CURRENT_SOURCE
index_archivos/libs/datatables/SearchPanes-1.0.1/css/searchPanes.semanticui.css,.css,10162,5ba2401d2d7f8fb2b22a2c8aef2d5d8f130ff4e2f12bd834dad59e05d5cb109a,CURRENT_SOURCE
index_archivos/libs/datatables/SearchPanes-1.0.1/css/searchPanes.semanticui.min.css,.css,9169,2e97e87d7bb74b5efc4bce976f112dadb30e819e20bb9621c0c8701483572d27,CURRENT_SOURCE
index_archivos/libs/datatables/SearchPanes-1.0.1/js/dataTables.searchPanes.js,.js,100721,c01b36124f5ff741c32606fe1ff9ee0673f2f7d1e95d1b307c9e902c9b738197,CURRENT_SOURCE
index_archivos/libs/datatables/SearchPanes-1.0.1/js/dataTables.searchPanes.min.js,.js,40516,e78f18a63fb5c441a3b3cd000c57ea12779d60032de0b2e7b48ed277a299e718,CURRENT_SOURCE
index_archivos/libs/datatables/SearchPanes-1.0.1/js/searchPanes.bootstrap.js,.js,1939,bbf7e8a2a047a183b81fcf4bba1a3f413ec951dcb378e770a717ec96d6caa5a3,CURRENT_SOURCE
index_archivos/libs/datatables/SearchPanes-1.0.1/js/searchPanes.bootstrap.min.js,.js,1132,e4efea005b1e8e80cf3ca64d85c3a4dd4d86313833d1d4e9ad8a3b4715f822e0,CURRENT_SOURCE
index_archivos/libs/datatables/SearchPanes-1.0.1/js/searchPanes.bootstrap4.js,.js,1907,7cd0db57d472f0da0e143ec90fa4dd73f579c15b20f5b5334de5e9116f8519a5,CURRENT_SOURCE
index_archivos/libs/datatables/SearchPanes-1.0.1/js/searchPanes.bootstrap4.min.js,.js,1122,7420ead1d8f9563945a72f00846b1de5471b4b27bc2df57ba251512969e430d0,CURRENT_SOURCE
index_archivos/libs/datatables/SearchPanes-1.0.1/js/searchPanes.dataTables.js,.js,979,ac84a5bb4fe507038716179881ba1a75985be1d1c6a53d526f77b9badf93fedc,CURRENT_SOURCE
index_archivos/libs/datatables/SearchPanes-1.0.1/js/searchPanes.dataTables.min.js,.js,468,8427e1651d8d2a8233e9067583d327923619dac8fafc0ac58c11dc391858f908,CURRENT_SOURCE
index_archivos/libs/datatables/SearchPanes-1.0.1/js/searchPanes.foundation.js,.js,1653,477dcee938b3a019d26a58ec6383b98860f86722f4c4b77fdef75a2f946fe715,CURRENT_SOURCE
index_archivos/libs/datatables/SearchPanes-1.0.1/js/searchPanes.foundation.min.js,.js,935,5c3c87c3d3f9fe69760204e8618a76bade792a5dcbbec725eb7fc7d9f93f6ad4,CURRENT_SOURCE
index_archivos/libs/datatables/SearchPanes-1.0.1/js/searchPanes.jqueryui.js,.js,1304,2dc9ec12dfef2126f2a3bae4dfc9a315b20dcc8c0ad69985c3b592914ebb10ee,CURRENT_SOURCE
index_archivos/libs/datatables/SearchPanes-1.0.1/js/searchPanes.jqueryui.min.js,.js,707,c77ddce6b49d8229f378552bb637af850ec611fb6bcc790b64f144570f16b0fe,CURRENT_SOURCE
index_archivos/libs/datatables/SearchPanes-1.0.1/js/searchPanes.semanicui.js,.js,0,e3b0c44298fc1c149afbf4c8996fb92427ae41e4649b934ca495991b7852b855,CURRENT_SOURCE
index_archivos/libs/datatables/SearchPanes-1.0.1/js/searchPanes.semanticui.js,.js,1846,03bec9dd6d511d53702b1eb6c6be0bab0b6defc11c6d8ebb24ab7cc57ec9d762,CURRENT_SOURCE
index_archivos/libs/datatables/SearchPanes-1.0.1/js/searchPanes.semanticui.min.js,.js,1054,f237527f59d21820ae8e76e67cc2e57decd9b5a3a419dbf1aa27f4fdcb031e7f,CURRENT_SOURCE
index_archivos/libs/datatables/Select-1.3.1/css/select.bootstrap.css,.css,4738,19d1bee1ce1e08c929a19c091293ba9ecba233182059c40aadd6892bf18ab73e,CURRENT_SOURCE
index_archivos/libs/datatables/Select-1.3.1/css/select.bootstrap.min.css,.css,4152,5fdfcc97a97896f647996d1059e504e80030a4c34a4e851069cf563d92fc8123,CURRENT_SOURCE
index_archivos/libs/datatables/Select-1.3.1/css/select.bootstrap4.css,.css,4741,5ec9015964bebe9584f9f49ca48be7beae52c48cbddb2e7e1f314a321642746d,CURRENT_SOURCE
index_archivos/libs/datatables/Select-1.3.1/css/select.bootstrap4.min.css,.css,4155,75007f66d29f6a84018c94cf0be30cb8fc79bf6e3aa016860e864126ba29ea41,CURRENT_SOURCE
index_archivos/libs/datatables/Select-1.3.1/css/select.dataTables.css,.css,4475,aff691fe1d12f85360d65554bcf7e79df776ecaec191c46ea9c06ea1fb574b61,CURRENT_SOURCE
index_archivos/libs/datatables/Select-1.3.1/css/select.dataTables.min.css,.css,3919,9c5375476f8d4f58ee4961119b006c7246f033530ac8c6063318c2dfed3cd78c,CURRENT_SOURCE
index_archivos/libs/datatables/Select-1.3.1/css/select.foundation.css,.css,4827,69e4c5baac775785f7f6b0c772db5b80dd65360e1d01cb2a4c10b2021996a6a2,CURRENT_SOURCE
index_archivos/libs/datatables/Select-1.3.1/css/select.foundation.min.css,.css,4237,d15e2eeb30c43aaf057d94d0d582113632847a048596453921fce0a9c03d8056,CURRENT_SOURCE
index_archivos/libs/datatables/Select-1.3.1/css/select.jqueryui.css,.css,4475,aff691fe1d12f85360d65554bcf7e79df776ecaec191c46ea9c06ea1fb574b61,CURRENT_SOURCE
index_archivos/libs/datatables/Select-1.3.1/css/select.jqueryui.min.css,.css,3919,9c5375476f8d4f58ee4961119b006c7246f033530ac8c6063318c2dfed3cd78c,CURRENT_SOURCE
index_archivos/libs/datatables/Select-1.3.1/css/select.semanticui.css,.css,4843,34cbf2d4b0e8c81b0212fd283f6ff12a84226c50ca8a535a13af6dc8844a556b,CURRENT_SOURCE
index_archivos/libs/datatables/Select-1.3.1/css/select.semanticui.min.css,.css,4221,f8b22f701254073212d63503a72dbe2650d07b1f11510ad101a76c88d48e9aa7,CURRENT_SOURCE
index_archivos/libs/datatables/Select-1.3.1/js/dataTables.select.js,.js,33803,4fe7c824669fd05447653df5187f277545290a135083f91219e96d167f722e03,CURRENT_SOURCE
index_archivos/libs/datatables/Select-1.3.1/js/dataTables.select.min.js,.js,12588,b9a9de3ae2493b8a8ab649cc96059f2bc53688f0f6085606a6585c5f3886435e,CURRENT_SOURCE
index_archivos/libs/datatables/Select-1.3.1/js/select.bootstrap.js,.js,868,2cdc8d52dbd9d65b9ac43e463b0ca1899afa49e94e2a86e71285ebdef6f6848f,CURRENT_SOURCE
index_archivos/libs/datatables/Select-1.3.1/js/select.bootstrap.min.js,.js,541,ea12be2109237fddf7fa36a8bd9226ca5ab8c35df9c275eab3a69a4483a8d9f8,CURRENT_SOURCE
index_archivos/libs/datatables/Select-1.3.1/js/select.bootstrap4.js,.js,870,a49d937052ccf10070c72e06d82e8a9e51f96a4ad9fb81d2f2f9dbdac1aa9ffe,CURRENT_SOURCE
index_archivos/libs/datatables/Select-1.3.1/js/select.bootstrap4.min.js,.js,543,ba8b0b37df30005a0655729eaf0362c1895a35e115cf6e98a5540f8a5ad9f1e7,CURRENT_SOURCE
index_archivos/libs/datatables/Select-1.3.1/js/select.dataTables.js,.js,867,ca3d444276833cca89ef661fc4197c39557fe1fe8025333f2a713cc115a405aa,CURRENT_SOURCE
index_archivos/libs/datatables/Select-1.3.1/js/select.foundation.js,.js,867,a1d312b55bcc77f5e5d719d7daed1fffb13e1f4430b3417db840e41c3d0f49ce,CURRENT_SOURCE
index_archivos/libs/datatables/Select-1.3.1/js/select.foundation.min.js,.js,540,f7275a59da5ba8cf6834666dd7f7944d004075a84468b900f594abf0de12120e,CURRENT_SOURCE
index_archivos/libs/datatables/Select-1.3.1/js/select.jqueryui.js,.js,870,6dd45cf926e419eda8726236481bd2da5ac81fce6bea49457d2b2d2e0add148a,CURRENT_SOURCE
index_archivos/libs/datatables/Select-1.3.1/js/select.jqueryui.min.js,.js,543,e21804e4ddd1182a73dde167a79adfa96cb0830518cf5e05058d534bd1ec01fd,CURRENT_SOURCE
index_archivos/libs/datatables/Select-1.3.1/js/select.semanticui.js,.js,867,6f304679025fe5f3f5d0f942f9844dcf0cd044487f6b81e148f458a3ec897f58,CURRENT_SOURCE
index_archivos/libs/datatables/Select-1.3.1/js/select.semanticui.min.js,.js,540,f5d14f77738969c2b2e24aa9f883113e3863628bd14e77bafdc1a4a757f4f489,CURRENT_SOURCE
index_archivos/libs/datatables/css/dataTables.bootstrap4.min.css,.css,5223,e64a99384f542863c895cc3d97d528c413de79c8c16544bc362956f63cef1ce7,CURRENT_SOURCE
index_archivos/libs/datatables/css/datatables.min.css,.css,14225,f6825db8b4961971b4c299f1d8ac7b24a4769b22969e412bfdd5925b66ba15c1,CURRENT_SOURCE
index_archivos/libs/datatables/css/jquery.dataTables.min.css,.css,13901,f4efd3e4b3ca3fdf440d1d6449293309fe3e7593bcc6b4d8d53a567955487e4e,CURRENT_SOURCE
index_archivos/libs/datatables/css/responsive.dataTables.min.css,.css,4239,bbd8cd1c4deaad335e9a3dcd0ca3e6145f7925cb6de3a6808b755e37a76cfd75,CURRENT_SOURCE
index_archivos/libs/datatables/dataTables.bootstrap4.min.js,.js,3172,bc8d5b1d29b1ab8dd4959aabef9cc7cd91156408bc279f8df477077ea262bbce,CURRENT_SOURCE
index_archivos/libs/datatables/datatables.css,.css,47429,9ed0fd215a99c6ce289864b223ba5e14137f9c3ebe3c063897466f42a311ee06,CURRENT_SOURCE
index_archivos/libs/datatables/datatables.js,.js,4181164,94ed974eea0d2ac2ba680c4055213f31a370cf87503d3d97b2441a8912d6fe3b,CURRENT_SOURCE
index_archivos/libs/datatables/datatables.min.css,.css,40843,d4da75f9ef6a298625d6939ea9d3786581df61f28d491b2efb1987f517000699,CURRENT_SOURCE
index_archivos/libs/datatables/datatables.min.js,.js,2242182,cc177f0da8576f61bdbc41ede126164f77ecd3107bdb644c5d515e67d36eda99,CURRENT_SOURCE
index_archivos/libs/datatables/es.json,.json,1012,19f43050217eee0ffa40cc0327e5a4525693f2e2216f016686f592e5ef7cf780,CURRENT_SOURCE
index_archivos/libs/datatables/esAnimate.json,.json,1253,8aef38dfa4439874a67205a297a4d2eddb3c2f515e3eb24c546bc58197585abc,CURRENT_SOURCE
index_archivos/libs/datatables/js/dataTables.bootstrap4.min.js,.js,3170,15c4821e93ac28d52347ed06d5815b04dba5dddd6f53628070faf8167f5d7870,CURRENT_SOURCE
index_archivos/libs/datatables/js/dataTables.responsive.min.js,.js,16897,dcf984498bb55f321842aa76948512663b832e6e3c37cecbcc3084103b0c8048,CURRENT_SOURCE
index_archivos/libs/datatables/js/datatables.min.js,.js,84843,13feef1f1c03d5937d560ac9a9d0956a8ec35e0688e3c2c238e7b2cd177a0d62,CURRENT_SOURCE
index_archivos/libs/datatables/js/jquery.dataTables.min.js,.js,84501,21cdf5a6a2e3cae88918a0cd9be9fa7c063c02e8bf3acfd1346a2b25093cc97b,CURRENT_SOURCE
index_archivos/libs/datatables/pdfmake-0.1.36/pdfmake.js,.js,1969377,dd8d92944608afd6e26b15ac71b676902e26302d8e735cda5ebbbd209ca903ba,CURRENT_SOURCE
index_archivos/libs/datatables/pdfmake-0.1.36/pdfmake.min.js,.js,970390,3d64409b66cac2bd7fac778e5e9157b109e4f676065d39c84283703403463d91,CURRENT_SOURCE
index_archivos/libs/datatables/pdfmake-0.1.36/vfs_fonts.js,.js,870289,c2f1ff513843fdf543eaccf56c0597ec90d6e4dc754c17617a05fc2075f6d210,CURRENT_SOURCE
index_archivos/libs/datatables/pdfmake.min.js.map,.map,3631467,9b0c743100689cb4d0106dfda790506b5f8212c686789720715d7840105590e3,CURRENT_SOURCE
index_archivos/libs/datosSolicitud.js,.js,2142,0966a1c4b7e143cdc0ec487f133937a4d23693ae4ff65a5e9511e855267dd3d5,CURRENT_SOURCE
index_archivos/libs/fileinput/.github/CODE_OF_CONDUCT.md,.md,3261,e2ff7dadfde2473d31132e5b4d1d5a68a4d1e58aefcb3cc02f6166f0e64ee2a7,CURRENT_SOURCE
index_archivos/libs/fileinput/.github/CONTRIBUTING.md,.md,6399,fa1fb9fe8b7aff814ea58a40202d6ae8a09dc9a87d951c9870462e79930f9e4e,CURRENT_SOURCE
index_archivos/libs/fileinput/.github/FUNDING.yml,.yml,109,669cab145cf5b5efb29c200da43e7c43b9bba4bea70d96b1b3b19c466a51b921,CURRENT_SOURCE
index_archivos/libs/fileinput/.github/ISSUE_TEMPLATE.md,.md,1443,01f15d9ee8c0157ca91aeae87396cc0e5e51880071d579c424e6d3a315dd5e48,CURRENT_SOURCE
index_archivos/libs/fileinput/.github/PULL_REQUEST_TEMPLATE.md,.md,245,8c6dd044405e30aaf41986be3e82010a2b8ad0c799319eb511c819f3756e3265,CURRENT_SOURCE
index_archivos/libs/fileinput/.github/config.yml,.yml,456,2bea11e2ba1b5166eb3068912f153b12354066667e2fc3b3862b93df20a2cf3c,CURRENT_SOURCE
index_archivos/libs/fileinput/.github/stale.yml,.yml,725,7ef06f31eb0f3e50ebde79ee0b1052be0b648ef75be8c618a23a671d6d61b528,CURRENT_SOURCE
index_archivos/libs/fileinput/.gitignore,[none],67,55b5a9b89a0aff91a329f0b12d66422ffdfb1289bb04cb5c70170f4443337b21,CURRENT_SOURCE
index_archivos/libs/fileinput/.npmignore,[none],75,bcdfc4d17683f3396cde805842a43f3d4d0d5110612c8a731271e9ef9b038752,CURRENT_SOURCE
index_archivos/libs/fileinput/CHANGE.md,.md,75514,b486cdc60e92ab52c05d111658e5c92853e20b7fd058e5c84c170a8ad76c4e4f,CURRENT_SOURCE
index_archivos/libs/fileinput/LICENSE.md,.md,1555,2787a08276203aa5fed0550f262505519367ab8332a289ad341acdb6d16723c1,CURRENT_SOURCE
index_archivos/libs/fileinput/README.md,.md,12513,fcba3e86615730a10c553f56f0935bc64c4a1f336eb12eb723154bc13221c53a,CURRENT_SOURCE
index_archivos/libs/fileinput/bower.json,.json,989,f7b6a6eda966cb6bb3deec82c483966d0734cb0421ab6b23644b1353de4c1077,CURRENT_SOURCE
index_archivos/libs/fileinput/composer.json,.json,944,29ba4cc50df20fc8c28de19fe8ce45e597fbaa33754786db7396c8361824ef90,CURRENT_SOURCE
index_archivos/libs/fileinput/css/fileinput-rtl.css,.css,2123,e7a4f8512d05867aec3423bb94a1323e77bfc102e1c467b23468b661a1879c69,CURRENT_SOURCE
index_archivos/libs/fileinput/css/fileinput-rtl.min.css,.css,1755,75cd351e82f0915630b1aa78d25b72bf41b14ceaeb4320467685b1750acfc700,CURRENT_SOURCE
index_archivos/libs/fileinput/css/fileinput.css,.css,11959,5d2950c56017c82d4854cfc397a62f463df1e44826ff96d30cc41c5392d84208,CURRENT_SOURCE
index_archivos/libs/fileinput/css/fileinput.min.css,.css,9086,4a3e344db116f3683f178f356b2dc15c2e85a0e3edff6a3908dc61add72511a7,CURRENT_SOURCE
index_archivos/libs/fileinput/examples/index.html,.html,9769,6b22f6ecb99e080ac9353a7837b12e46b9c881c383b09fcffffac09cc21351d0,CURRENT_SOURCE
index_archivos/libs/fileinput/img/loading-sm.gif,.gif,2670,84b11496418cc9cb300b44f9d331580dce32229b8d624f542fb1ab4a02ea9b04,CURRENT_SOURCE
index_archivos/libs/fileinput/img/loading.gif,.gif,847,abb2c87444ef9f0ad7ff70d880ab21728e26380949753c630fa1831fe62b8026,CURRENT_SOURCE
index_archivos/libs/fileinput/js/fileinput.js,.js,272713,daa64d00a40ba6aa74426a4768f342807e851fc0fdfb488db41ac3dc1794a348,CURRENT_SOURCE
index_archivos/libs/fileinput/js/fileinput.min.js,.js,119708,6183fe475715c18ce6b1c24b819277768e907bbdef195917bc9fa6c00bf0ce86,CURRENT_SOURCE
index_archivos/libs/fileinput/js/locales/LANG.js,.js,5568,f0bbbf680c26f229d271d517f6eccdd3959a81a5676d2f96be511796ee5bfa44,CURRENT_SOURCE
index_archivos/libs/fileinput/js/locales/ar.js,.js,6284,551046e90cd319661efdb27d42951750d68a28c3dded717dd73cda4e26e94b11,CURRENT_SOURCE
index_archivos/libs/fileinput/js/locales/az.js,.js,6151,32b5118b97e137ed927b873cddcfd0dd7466fc1408856a20e1c711cb7c24f6c0,CURRENT_SOURCE
index_archivos/libs/fileinput/js/locales/bg.js,.js,6558,a241742ae3544b3788b97a578eeeb26be0876297bd6c96b1d1c74be2bbc06b8c,CURRENT_SOURCE
index_archivos/libs/fileinput/js/locales/ca.js,.js,5828,c7b4eaf74cd4b5f25d94611cfb62b11a52e8592fbad7739f414d7e19aca0adbb,CURRENT_SOURCE
index_archivos/libs/fileinput/js/locales/cr.js,.js,5860,547ef93b57a4a13d1530e0f374aecf18019b08a10bcf8724966c1332e80ff3f4,CURRENT_SOURCE
index_archivos/libs/fileinput/js/locales/cs.js,.js,6105,d74094de8f65787dba534cc7c34f53e801f0868b5acf26157636df341191b3d0,CURRENT_SOURCE
index_archivos/libs/fileinput/js/locales/da.js,.js,5812,42622b11806f83adf5b5ce08b03e1157a370e6949c5cdefd62782176d2f1dc79,CURRENT_SOURCE
index_archivos/libs/fileinput/js/locales/de.js,.js,6048,1792645254972ca9f68297cf451cba2a382e4618853033cae24d78a0b7148c39,CURRENT_SOURCE
index_archivos/libs/fileinput/js/locales/el.js,.js,7540,96077400af71cf52bd6098f4b084af2d89ce556ec0b8e3e77d7677774c92eb7d,CURRENT_SOURCE
index_archivos/libs/fileinput/js/locales/es.js,.js,6086,3bfa01a5b6946529ab70c0743805d952303cd07e7210b439d0ca35f0993dd5e3,CURRENT_SOURCE
index_archivos/libs/fileinput/js/locales/et.js,.js,5459,ac66024819fa017a894164e6cbe46e7f414ef4d3771c4bbccb0845e85ea90ac5,CURRENT_SOURCE
index_archivos/libs/fileinput/js/locales/fa.js,.js,7039,70f0fb9fe4158aa7f9bb069e1f2b5760e5d772f7314606c88e177905a9fa851f,CURRENT_SOURCE
index_archivos/libs/fileinput/js/locales/fi.js,.js,5204,619d31865c625cdbcb5edc4e42932be8076fb6fb1cffbc24698b7c3385759f6d,CURRENT_SOURCE
index_archivos/libs/fileinput/js/locales/fr.js,.js,6163,d0d1e10810c3e6a49cef08aba2862e376a9fa31eab7e1623ef98a54bfaac0e10,CURRENT_SOURCE
index_archivos/libs/fileinput/js/locales/gl.js,.js,6062,8b5cbb73ad3ea6f59f32aa2e0c983bdae6a67636f51ce46b72d07515a2425a0b,CURRENT_SOURCE
index_archivos/libs/fileinput/js/locales/he.js,.js,6176,227de5e3ed8d998f656eb61fcf5c69f73915790025f60c53796c7b15f89b6bc2,CURRENT_SOURCE
index_archivos/libs/fileinput/js/locales/hu.js,.js,6211,a93f094bfd27fe487d24b493fbb38f460f7cfdb6f4b65cd16e8f04dc9e63c7b5,CURRENT_SOURCE
index_archivos/libs/fileinput/js/locales/id.js,.js,5908,9fd08f902586e9e1a1078a1b52f2b69bf408d377ed855911102c6e5bfce80e41,CURRENT_SOURCE
index_archivos/libs/fileinput/js/locales/it.js,.js,5997,60a766a84e27c750dfc5f28f84875a456b580cc32d360018b611522821655ff7,CURRENT_SOURCE
index_archivos/libs/fileinput/js/locales/ja.js,.js,7291,a9ace5188bc09f22ec260018df245135e0b0b5075b191ebead3b5a5740b46a85,CURRENT_SOURCE
index_archivos/libs/fileinput/js/locales/ka.js,.js,9056,95c11243c7246e0a797e5798be41b2fe989657c56ec967f1edddd29ede66d946,CURRENT_SOURCE
index_archivos/libs/fileinput/js/locales/kr.js,.js,6201,8f6a5aa4be8c6c5860c98c7e1e3cff98c205e6ce81bff0f6e36adb0f3829acc7,CURRENT_SOURCE
index_archivos/libs/fileinput/js/locales/kz.js,.js,6086,ba911276d4373898910b48ed44225e2664890c0be8bedfb9cd488792c30eb69d,CURRENT_SOURCE
index_archivos/libs/fileinput/js/locales/lt.js,.js,5863,4774ddb987a976c012204fafc7006b5c8dbcfd5a89064f73a3dd548487019457,CURRENT_SOURCE
index_archivos/libs/fileinput/js/locales/nl.js,.js,5892,fd38bdb00c4a786cce9af7a1157564a41ec99e71484ea5da48b5380fd20549da,CURRENT_SOURCE
index_archivos/libs/fileinput/js/locales/no.js,.js,5502,2bc59c4a04011c76c71961fba2b58fc6edcd6d953712228086280a387b5f37b8,CURRENT_SOURCE
index_archivos/libs/fileinput/js/locales/pl.js,.js,5811,d554197b78d4549f397188ec9914d15eb8f2a63dd1721cbf692ecfe89cb804f0,CURRENT_SOURCE
index_archivos/libs/fileinput/js/locales/pt-BR.js,.js,6109,2fb5856c4b43e898e7bcc9d20772dea9977c216140b2c757b3da3dcf61772c4d,CURRENT_SOURCE
index_archivos/libs/fileinput/js/locales/pt.js,.js,6094,574e9e551b8c7dc536b9bc891501236e6fc49500ffc52bf6c37729ea58198d25,CURRENT_SOURCE
index_archivos/libs/fileinput/js/locales/ro.js,.js,5947,a3a01135e632d04a23e0e34b8cc54453c1602c43253eb8b29a832811b365cbf1,CURRENT_SOURCE
index_archivos/libs/fileinput/js/locales/ru.js,.js,7670,32198cd6be83f4c9aa362c7ebeb22c3e4beb53449fb0c4f51cd2ca6e077e3b81,CURRENT_SOURCE
index_archivos/libs/fileinput/js/locales/sk.js,.js,6101,c300efbf9c715b8bf67e9ce16a9c77ba66bd485a27d0615c891b6d523ceb62ee,CURRENT_SOURCE
index_archivos/libs/fileinput/js/locales/sl.js,.js,5550,3d5a42f4fe344c4674a7141490abf16e474db7b3248e7a77681b592690cda32b,CURRENT_SOURCE
index_archivos/libs/fileinput/js/locales/sv.js,.js,5651,1dca5801d188866237c4e5273ca45fccaa0772cbf921d6be7bb20fa5208623f5,CURRENT_SOURCE
index_archivos/libs/fileinput/js/locales/th.js,.js,7276,7d29671a64564d0c94773387fbc3c0a225ed342ad4e39152c52855c01ed2a625,CURRENT_SOURCE
index_archivos/libs/fileinput/js/locales/tr.js,.js,6105,be33de4b84af26bb534e9a61e55708bed5c884d41455ecce82fa94ddb99e12ac,CURRENT_SOURCE
index_archivos/libs/fileinput/js/locales/uk.js,.js,7336,b2c4c98ec8d14aae8616d2797dc6032d9451f120d4b669f77589ab283ff4b47c,CURRENT_SOURCE
index_archivos/libs/fileinput/js/locales/uz.js,.js,6502,51d5c23037655770633744a1ff2b3901eb720eaee0f6f51934c03ca306a227a3,CURRENT_SOURCE
index_archivos/libs/fileinput/js/locales/vi.js,.js,5988,43089f5166261ebd85a7a13719f2704e2b775110f8b9d140cf243a12aa35d677,CURRENT_SOURCE
index_archivos/libs/fileinput/js/locales/zh-TW.js,.js,5538,fec2ca454bdb1b4fa70544bb9d665a0a3f3d8d51854557747edca96b91b921af,CURRENT_SOURCE
index_archivos/libs/fileinput/js/locales/zh.js,.js,5563,51378794772b9d09ae8f488a4d15939650254ea84c8928d251e9992b5f6ebe21,CURRENT_SOURCE
index_archivos/libs/fileinput/js/plugins/piexif.js,.js,78461,3ef5549bc6bdca3529891ded06b7caca02285fb5ebf4e16e8c2f166303b26290,CURRENT_SOURCE
index_archivos/libs/fileinput/js/plugins/piexif.min.js,.js,29919,598a0a7b4b911229a230a93b679a1c28384eb9b0aa3f7a87c660b881770cbad9,CURRENT_SOURCE
index_archivos/libs/fileinput/js/plugins/purify.js,.js,39994,dc0e605c0f23ebd855d7e66e1e9397342aaca65e0e369a7c505e79d609c4e4b4,CURRENT_SOURCE
index_archivos/libs/fileinput/js/plugins/purify.min.js,.js,13852,0890e1fe3ab7bb06dd68788988944f3366f5b5e073b138f4712087dd5eac6e3a,CURRENT_SOURCE
index_archivos/libs/fileinput/js/plugins/sortable.js,.js,40269,0805816557de2a3402c61f68076811f730f82e17018cb8d18f7b93d4b60321f7,CURRENT_SOURCE
index_archivos/libs/fileinput/js/plugins/sortable.min.js,.js,16188,fe55323689334ce5d5f45a522c184b6e41f601d32caf05dafe44abc84c8058cd,CURRENT_SOURCE
index_archivos/libs/fileinput/nuget/Package.nuspec,.nuspec,1012,715cd745cfe756a3315ff573d6bb9bd92dae2974dbfbb5a97aad70d532a5b551,CURRENT_SOURCE
index_archivos/libs/fileinput/nuget/build.bat,.bat,1049,a5817cbf5ee4486bf2038097064dd8441e2a3b6c0950e285760c13a31034b814,CURRENT_SOURCE
index_archivos/libs/fileinput/package.json,.json,1385,5d3e04204f42b62fa40657eb551ba7fcc501869efee630730f2f7af370b118e9,CURRENT_SOURCE
index_archivos/libs/fileinput/scss/fileinput-rtl.scss,.scss,3227,1415fc319951d92c540aa826dbf427f45c83d5918334de25cb894b82448a916b,CURRENT_SOURCE
index_archivos/libs/fileinput/scss/fileinput.scss,.scss,15282,7b8d71954acbfc276d7f9789e19d3a2107a1fdd1f3d19132dd81654297bdc43b,CURRENT_SOURCE
index_archivos/libs/fileinput/scss/themes/explorer-fa/theme.scss,.scss,4958,7c7240eb557cd72643b7647c5712533114e0786db1876a55a5ccad6a58bd24ff,CURRENT_SOURCE
index_archivos/libs/fileinput/scss/themes/explorer-fas/theme.scss,.scss,4958,7c7240eb557cd72643b7647c5712533114e0786db1876a55a5ccad6a58bd24ff,CURRENT_SOURCE
index_archivos/libs/fileinput/scss/themes/explorer/theme.scss,.scss,4939,e3b517edd9e699b1b02f0005ab0406469685ef6058d2eba9f8f6735a5265aa91,CURRENT_SOURCE
index_archivos/libs/fileinput/themes/explorer-fa/theme.css,.css,3818,6318b0fe4d5691476fd0f058b312f176b00868bb03a94502ab3a9396f53d70dc,CURRENT_SOURCE
index_archivos/libs/fileinput/themes/explorer-fa/theme.js,.js,4456,ce324254d929beb87fa597abd558fb288f6fde203e9d6245052012b818e93dae,CURRENT_SOURCE
index_archivos/libs/fileinput/themes/explorer-fa/theme.min.css,.css,2924,8a6f2a38b120f5a4a7a7544347c6f1f3fd1f29e7464d5c412d08a5c1d63f4f72,CURRENT_SOURCE
index_archivos/libs/fileinput/themes/explorer-fa/theme.min.js,.js,3349,f05bbe4ba05d305df50b71f4035caf578ed12e28470d492ec0df33fd22c9f30e,CURRENT_SOURCE
index_archivos/libs/fileinput/themes/explorer-fas/theme.css,.css,3849,96d14224260c75b85b310be72665bd6e2397f1eb5371df7c74994a99fbb5e967,CURRENT_SOURCE
index_archivos/libs/fileinput/themes/explorer-fas/theme.js,.js,4502,f7187cec99e7b16a65e349101dbf052ae2059a7214fef3f4f7e88e74eb845660,CURRENT_SOURCE
index_archivos/libs/fileinput/themes/explorer-fas/theme.min.css,.css,2955,937b3df84305e19f508bfa8dc7812cdd7734e0f6313471d8469cf851e25fa8d9,CURRENT_SOURCE
index_archivos/libs/fileinput/themes/explorer-fas/theme.min.js,.js,3395,2263820fe44ba4f135bb3487f12b8a0bbc58efcbeaffdb264b7957a7b8fc8e60,CURRENT_SOURCE
index_archivos/libs/fileinput/themes/explorer/theme.css,.css,3681,603a7e19f0fd0f6de52d6f855453659c31bdc8fb3ac243f5026887e5ff462579,CURRENT_SOURCE
index_archivos/libs/fileinput/themes/explorer/theme.js,.js,2674,235ecba9eb0bf86c0d8be99b74797931ecc14e7ae835069c9179ecd5e1519432,CURRENT_SOURCE
index_archivos/libs/fileinput/themes/explorer/theme.min.css,.css,2785,980820c404093dc72a3ae151990a02651cdac419d1bf8484ee361a512aa36702,CURRENT_SOURCE
index_archivos/libs/fileinput/themes/explorer/theme.min.js,.js,1957,08aef919dbeae4d8ee481de6c58cc32f02d907999c0ccde5e787a9ce1aab8b14,CURRENT_SOURCE
index_archivos/libs/fileinput/themes/fa/theme.js,.js,2226,3135f61bbb39dd344721732363e7e83f1a41e8800d60b572fb3ccdd43b06af72,CURRENT_SOURCE
index_archivos/libs/fileinput/themes/fa/theme.min.js,.js,1784,aa640f6a8f47f0caa09c9ba25fa678b06976e4920fde4270ab8c6e5d3f6c5606,CURRENT_SOURCE
index_archivos/libs/fileinput/themes/fas/theme.js,.js,2276,63a0bb94ec7a7b05182cab85714d845ab39d9832b3ea820cc543d71d076aed29,CURRENT_SOURCE
index_archivos/libs/fileinput/themes/fas/theme.min.js,.js,1836,67cf199dd687cb022d11279155bebed96beee430ebe006dd7dc9e1108d3efa4b,CURRENT_SOURCE
index_archivos/libs/fileinput/themes/gly/theme.js,.js,2270,9e5eb4c16ebd08f17b1b3987365104425d0a38ed897c56b39b495008c825a0d4,CURRENT_SOURCE
index_archivos/libs/fileinput/themes/gly/theme.min.js,.js,1873,e585a846611502be844b4d4b633b8e527e1ad3dccaa932ee4468a430180eab47,CURRENT_SOURCE
index_archivos/libs/fontawesome/LICENSE.txt,.txt,1582,04223cef842cb167b40f1a697df12f0ccc46a7ab63962931ce066b244c1bf079,CURRENT_SOURCE
index_archivos/libs/fontawesome/css/all.css,.css,77226,af157f8bebcff5d78ecad877ac1c7e0671f92fb78a244c627eb32d449d00e0f2,CURRENT_SOURCE
index_archivos/libs/fontawesome/css/all.min.css,.css,58582,b726a2cced0a9e28dc93be27ae974937e87d68df8b09baf2a4fca2ba5c5a0404,CURRENT_SOURCE
index_archivos/libs/fontawesome/css/brands.css,.css,747,229b84b6a57b508960d271dc3308a388ce1f3f487d32b6efde431200d4afc789,CURRENT_SOURCE
index_archivos/libs/fontawesome/css/brands.min.css,.css,679,87e8c709e6723a3f9ab5385e9bf922d8fb375b2c11547a46decd9937b084a1cb,CURRENT_SOURCE
index_archivos/libs/fontawesome/css/fontawesome.css,.css,75557,05b716bab9ae79dc2e7e40ec10510343ff815268e20f00326b459a28d73365c6,CURRENT_SOURCE
index_archivos/libs/fontawesome/css/fontawesome.min.css,.css,57150,fb6bd43442456737097b905749b88fb235421e70c95cd111822ab1e49817ad7b,CURRENT_SOURCE
index_archivos/libs/fontawesome/css/regular.css,.css,749,7b572a53505b2fe0e204641cfcfa502217633389f687e9ed9a962fa0d5a31158,CURRENT_SOURCE
index_archivos/libs/fontawesome/css/regular.min.css,.css,681,a2ce6597ce5b85e159534ff44e460193c614462fd5beb51541be174a1998d5ec,CURRENT_SOURCE
index_archivos/libs/fontawesome/css/solid.css,.css,743,89e7c3bf932eecfea5de2301df2d9c36db1f9f81ba3ad3b7577e1a8bd678c2fa,CURRENT_SOURCE
index_archivos/libs/fontawesome/css/solid.min.css,.css,673,b060e1ab8ea2b537ef36fd5523e17679121d72165b2510c2ac8dd35e7410bbd0,CURRENT_SOURCE
index_archivos/libs/fontawesome/css/svg-with-js.css,.css,8448,3d48ad5b05633cf112a0b9d99a392fe57ba4d97879af729f1c6eb224ac5ddae0,CURRENT_SOURCE
index_archivos/libs/fontawesome/css/svg-with-js.min.css,.css,6363,f2ad1d48e8b39930057198e370119784a697eef362bc84aafd81bd717c053024,CURRENT_SOURCE
index_archivos/libs/fontawesome/css/v4-shims.css,.css,43484,8466a4bd5509dae7cefd3cbef43da8e694572cf555ba907c356cab398bf9bc9e,CURRENT_SOURCE
index_archivos/libs/fontawesome/css/v4-shims.min.css,.css,26706,8ba07e3cabe0baff8625eb29099766470d5150cb37152b80c0fb976121c9e7a1,CURRENT_SOURCE
index_archivos/libs/fontawesome/js/all.js,.js,1242204,2e2273ef39b761438ccf697a6bbdf10488f388e1b4b846d4986aa38a0d633369,CURRENT_SOURCE
index_archivos/libs/fontawesome/js/all.min.js,.js,1172044,bbd74c15abdabae119e925362e542531ed408621f2fe514a392c8eff986fc9a7,CURRENT_SOURCE
index_archivos/libs/fontawesome/js/brands.js,.js,440863,88c58f81913d5d271721a10abdc83782a1f37ea172af3603b936756e7141e405,CURRENT_SOURCE
index_archivos/libs/fontawesome/js/brands.min.js,.js,433160,9137136b5d702fb5461dfb53952bf2e75f8d6be901de7340c1c9b3bae87380a2,CURRENT_SOURCE
index_archivos/libs/fontawesome/js/conflict-detection.js,.js,34927,d3872044573f5205fd444c044dd5b121e08f3e3182939f1e6cc06f8a926e94b1,CURRENT_SOURCE
index_archivos/libs/fontawesome/js/conflict-detection.min.js,.js,13506,ec95cb5a9b96a694f38f93a653650b50451cfd13d1220ea737cdb797f1c44513,CURRENT_SOURCE
index_archivos/libs/fontawesome/js/fontawesome.js,.js,81617,956a9ef7f77b9df9baae451e87edcfe646f40e0331b26b472b576d8d189f866d,CURRENT_SOURCE
index_archivos/libs/fontawesome/js/fontawesome.min.js,.js,37195,3b05af379b89251d4831fdd72e2bc7a2dc076a029a5d17fd3a494b9f23db321e,CURRENT_SOURCE
index_archivos/libs/fontawesome/js/regular.js,.js,107390,07e5eee0969a0049f3151de6438279722421a2a2f0034920d211997dd51602b9,CURRENT_SOURCE
index_archivos/libs/fontawesome/js/regular.min.js,.js,103390,7d5066c9947e2ce80320e37f206b66f3d1583fd2dfa2f10cebd82ebcdb061d7c,CURRENT_SOURCE
index_archivos/libs/fontawesome/js/solid.js,.js,612904,37675b4f2b3709a67bb274bf5e709a010431cf67ea74fa735f1ce2a149120de3,CURRENT_SOURCE
index_archivos/libs/fontawesome/js/solid.min.js,.js,598872,8b746b3e3ec26255d144d484559ac9a896613c003f74aaabf77aedac7237fb91,CURRENT_SOURCE
index_archivos/libs/fontawesome/js/v4-shims.js,.js,17527,42ec72943561ab49f0932d6eeb17c41c708402c7d43bb92b2bb0238efccac91a,CURRENT_SOURCE
index_archivos/libs/fontawesome/js/v4-shims.min.js,.js,15059,ae3cc7afc845553cb2b1e8abe01ce448dbba5828a99a286f34e464e1ff298355,CURRENT_SOURCE
index_archivos/libs/fontawesome/less/_animated.less,.less,316,f446ada66a6b4bf8aa0f8fe758ac102681c51c72dc5435ddf130925047986914,CURRENT_SOURCE
index_archivos/libs/fontawesome/less/_bordered-pulled.less,.less,438,17804b4461241a065431915a4ec37dce0cf965369fc8beccdea6669a38312357,CURRENT_SOURCE
index_archivos/libs/fontawesome/less/_core.less,.less,309,a3d4ff8ee33243f383eb088e401b639a5808b2153cfc8e0e1e8dbe9aeb755360,CURRENT_SOURCE
index_archivos/libs/fontawesome/less/_fixed-width.less,.less,125,4ba4fa8dadadacb454b0bc48f367caa9f35ad3a1b579cd03cda1ff6cca16eaee,CURRENT_SOURCE
index_archivos/libs/fontawesome/less/_icons.less,.less,99210,c8a560f60d489158e68bd883be47548dc3ca8a09e1e9d70b8145a03eec281783,CURRENT_SOURCE
index_archivos/libs/fontawesome/less/_larger.less,.less,481,00319aa2ba58e8604536e16b1613aa63c9854d8cfb09e60caad00b0795c0393d,CURRENT_SOURCE
index_archivos/libs/fontawesome/less/_list.less,.less,340,4ff15f059305d4aec0f4f90e6920fb0f0d9fed6b18c6fb31fba0d9cc2319f9dd,CURRENT_SOURCE
index_archivos/libs/fontawesome/less/_mixins.less,.less,1293,6a5474a3d812e27f030363c91c7e01b6ad532a62ffadff19ca3e9c8fa3381979,CURRENT_SOURCE
index_archivos/libs/fontawesome/less/_rotated-flipped.less,.less,795,ad731992b2eb1a6f2bff0638af799709b83546cb84ce4796658dd7c85dc1809d,CURRENT_SOURCE
index_archivos/libs/fontawesome/less/_screen-reader.less,.less,123,4e5596feeae316f16d0cc57593c372d82fe0d033343f53acaaeaf1c1c7634e68,CURRENT_SOURCE
index_archivos/libs/fontawesome/less/_shims.less,.less,62832,bce9951d1a6387c99847b363ff945a9fa8be05dffdb74db2ee95aa37a9d7fe7e,CURRENT_SOURCE
index_archivos/libs/fontawesome/less/_stacked.less,.less,500,d2d2994de6955f4ea1095305737abcbe7b2f5b20283cdfb0d72da8377a66ec97,CURRENT_SOURCE
index_archivos/libs/fontawesome/less/_variables.less,.less,42724,7956577d663656228afe29e8b50a860c97da20dba3908ed2ee33820898ed9932,CURRENT_SOURCE
index_archivos/libs/fontawesome/less/brands.less,.less,834,be6a2d71b8c3a718ed616ea8931762e4d25b575f374c804972d011d8e49bcf29,CURRENT_SOURCE
index_archivos/libs/fontawesome/less/fontawesome.less,.less,521,baa20579df8af1786c71924047ce5e3e43d2f126a37d604479f2884233c5e954,CURRENT_SOURCE
index_archivos/libs/fontawesome/less/regular.less,.less,836,721cd9bab6ce436ea736c3437124359e4fed94d9b7e75f9f9e1f1243f5e9195a,CURRENT_SOURCE
index_archivos/libs/fontawesome/less/solid.less,.less,830,83d7a55f71874996cbd326792b31a95e1e2febd089a6a80fde14af5db14af7fa,CURRENT_SOURCE
index_archivos/libs/fontawesome/less/v4-shims.less,.less,242,91625c20bfe9fccd0ec5a2d737f8c80aace50b18bf9205fed2d29486a778c5e5,CURRENT_SOURCE
index_archivos/libs/fontawesome/metadata/categories.yml,.yml,42746,8cb64adaa99ac3b0ef27f6381a2c5e642a51e2b0e65e249b56598b577dde1b1e,CURRENT_SOURCE
index_archivos/libs/fontawesome/metadata/icons.json,.json,3277441,ba3ed7314669f029d5b6f56df6b31a8a0240d3f513708c782ce75d8b541fe303,CURRENT_SOURCE
index_archivos/libs/fontawesome/metadata/icons.yml,.yml,314007,ab1c0caa8f13631a0e6d7cd6a4d9fa7cf0276657704fdec30cd76ffda05bf3ea,CURRENT_SOURCE
index_archivos/libs/fontawesome/metadata/shims.json,.json,26015,290a4a5711f7c15cf2807622b8772bbf25bcb15ca3b5c741548064094f00f292,CURRENT_SOURCE
index_archivos/libs/fontawesome/metadata/shims.yml,.yml,4980,b1311e71647751a4015b8fd9df1c8feb3f14c2146e0b80c34a789d62a914869c,CURRENT_SOURCE
index_archivos/libs/fontawesome/metadata/sponsors.yml,.yml,12620,c38cae7464171e3ebaf44ab174049e5e6129e9d33b8b54dc569037b81932e0b1,CURRENT_SOURCE
index_archivos/libs/fontawesome/scss/_animated.scss,.scss,320,77d54abae78936ce6d9cfe5725834ce09b44be1c8845eff25d6ee00c161126df,CURRENT_SOURCE
index_archivos/libs/fontawesome/scss/_bordered-pulled.scss,.scss,448,9124436c19a63bdd0c6d14426e64176164c0aad1382b586ad946c4f9440fb3a5,CURRENT_SOURCE
index_archivos/libs/fontawesome/scss/_core.scss,.scss,353,7ac3034b07ebf2699ce53395709521773a164bcdf25e51fc36796957348aa31b,CURRENT_SOURCE
index_archivos/libs/fontawesome/scss/_fixed-width.scss,.scss,127,7107e70435777912fc95cfe94cbc1eccd8606491bc5e754ed91ffe3613e16011,CURRENT_SOURCE
index_archivos/libs/fontawesome/scss/_icons.scss,.scss,117901,54c1e8a265a2262c6d8bd306f9841e7f92b53f34752c34f19410f017f0e1a315,CURRENT_SOURCE
index_archivos/libs/fontawesome/scss/_larger.scss,.scss,416,8e349fcb28056dfab5653530e97ece7353648e793d78daab6b41d8fc50b9d73a,CURRENT_SOURCE
index_archivos/libs/fontawesome/scss/_list.scss,.scss,340,0cdc541051b137134f08d85553d91c327d6cb262b8cd89a4d56e105142e63600,CURRENT_SOURCE
index_archivos/libs/fontawesome/scss/_mixins.scss,.scss,1322,b3f2f695c8e6e50c23316b1b0daa7e2aae605da002ceee6409ce34ff8be759d3,CURRENT_SOURCE
index_archivos/libs/fontawesome/scss/_rotated-flipped.scss,.scss,857,f58dfd21be3a8665829b60f3b4579c6127c1f143559c1c328df67f0249f7b63d,CURRENT_SOURCE
index_archivos/libs/fontawesome/scss/_screen-reader.scss,.scss,135,d4f1eb6a5989af71bd6d2588dc2263210ab2098f4ad8dcc50a7b7bb30fc071e0,CURRENT_SOURCE
index_archivos/libs/fontawesome/scss/_shims.scss,.scss,67454,fea64765adced5d5470e7aa5dcee1551c981cc820827f46d985f62b3ced486f1,CURRENT_SOURCE
index_archivos/libs/fontawesome/scss/_stacked.scss,.scss,536,afe2915e1e18decff29a9c45b5f636079459f66c5e713d4b05ab0c910284b985,CURRENT_SOURCE
index_archivos/libs/fontawesome/scss/_variables.scss,.scss,40080,3c984e298eddefceca41b1b0f31df030f716e17106ffbcfb009701816c14399a,CURRENT_SOURCE
index_archivos/libs/fontawesome/scss/brands.scss,.scss,826,8f47a4f0de5ff71c5814c718498235e67b66f44206b3285d3028e4ea0e3e5376,CURRENT_SOURCE
index_archivos/libs/fontawesome/scss/fontawesome.scss,.scss,449,d6bca1bd6a4807286fe9d45788d9e10c67ab78ea4891348f7155e7ae3c614528,CURRENT_SOURCE
index_archivos/libs/fontawesome/scss/regular.scss,.scss,828,68aa57e603f3c0729fae5c67bb9ee7c5e6b8d7024b82124563e7eba37b7dc0b5,CURRENT_SOURCE
index_archivos/libs/fontawesome/scss/solid.scss,.scss,822,d7b8f57ed0fe8a5b98e129526ccb5fda22ff956bba015a132f46a36885fa606c,CURRENT_SOURCE
index_archivos/libs/fontawesome/scss/v4-shims.scss,.scss,230,45388db8e27f16e5af7bd92e2348c3837ec70f4caabe6d1f47d68ebb9ad2be39,CURRENT_SOURCE
index_archivos/libs/fontawesome/sprites/brands.svg,.svg,455094,faf3d9c724ac210b68b172d9365980df68dc94db9b0788107227632f38404764,CURRENT_SOURCE
index_archivos/libs/fontawesome/sprites/regular.svg,.svg,109981,eac8938226eee13ea441f868982f4d054717148ff3ba1c0e4611f342e44fccaa,CURRENT_SOURCE
index_archivos/libs/fontawesome/sprites/solid.svg,.svg,649255,057520105bf12e36400f49106d4717482670ffc7dd948c06787d4bb803befae4,CURRENT_SOURCE
index_archivos/libs/fontawesome/svgs/brands/500px.svg,.svg,1245,b22782668b8e60253c10cc2159b97ea924c44c93bfd55d8c72327e476f195890,CURRENT_SOURCE
index_archivos/libs/fontawesome/svgs/brands/accessible-icon.svg,.svg,775,8470179f3743d763d28113eff5c4224a26fa7e5bd300f6c12954e4299391a40f,CURRENT_SOURCE
index_archivos/libs/fontawesome/svgs/brands/accusoft.svg,.svg,852,df08dda43335a349dc05c7039870ab4cee1ca77c95f734c60f4a849b87a52645,CURRENT_SOURCE
index_archivos/libs/fontawesome/svgs/brands/acquisitions-incorporated.svg,.svg,1391,51c24ea2277b1e2b845e218abd37d984e399a9a55794b4be9bb6643188e8a900,CURRENT_SOURCE
index_archivos/libs/fontawesome/svgs/brands/adn.svg,.svg,267,386c68630c5c93fc7ef7bd42eaff8134f9ac02e24ac8418e44dcd89daa42e465,CURRENT_SOURCE
index_archivos/libs/fontawesome/svgs/brands/adobe.svg,.svg,187,d0544cafdbb96558d1509d150fe6a81e1c478ec48025ab955285b82102e7f952,CURRENT_SOURCE
index_archivos/libs/fontawesome/svgs/brands/adversal.svg,.svg,1306,f66d580f0d2a7da7e6b2ad35085d9c1e34c92262b2e69073dd4628bb123d5d7a,CURRENT_SOURCE
index_archivos/libs/fontawesome/svgs/brands/affiliatetheme.svg,.svg,404,c36e171c9609794d3cdbe56294900997fccdb185b5ef1ef5b0d7f068fe3f22ff,CURRENT_SOURCE
index_archivos/libs/fontawesome/svgs/brands/airbnb.svg,.svg,849,ce8a352b347e473fbd94f5677a0e5db42e1ffe79ccc36ac243be8348be8a327d,CURRENT_SOURCE
index_archivos/libs/fontawesome/svgs/brands/algolia.svg,.svg,907,f5033b338ac1014c901706d959d65042e04887a98561a39db6a5db789beca638,CURRENT_SOURCE
index_archivos/libs/fontawesome/svgs/brands/alipay.svg,.svg,745,8962107edba0d188e16ef28a3bdf044e573f18bd5c3e6c1a0609d77bde6c3309,CURRENT_SOURCE
index_archivos/libs/fontawesome/svgs/brands/amazon-pay.svg,.svg,3466,21854efb184d6b90a5aae95b5a6664f3810737a9d72549109a4b7041766c3ea8,CURRENT_SOURCE
index_archivos/libs/fontawesome/svgs/brands/amazon.svg,.svg,720,595815bc037c863d838b0fbb4fe76661b699a552ae08964b8c067b756650bd6d,CURRENT_SOURCE
index_archivos/libs/fontawesome/svgs/brands/amilia.svg,.svg,605,ea3c5cfef869ab4e5b49eac9687e24330ddac52b1455abe8422414b0bd1eb7db,CURRENT_SOURCE
index_archivos/libs/fontawesome/svgs/brands/android.svg,.svg,381,4e6d64509d369153fd11d38b8a9cd72a3cadae179a909095462bb48ddc43ecd6,CURRENT_SOURCE
index_archivos/libs/fontawesome/svgs/brands/angellist.svg,.svg,1382,a72bf58010ea135839600f49d594ea11d32e4552bbbd4563655f3bf99aece0e8,CURRENT_SOURCE
index_archivos/libs/fontawesome/svgs/brands/angrycreative.svg,.svg,1951,19426475d523b3101f8c8cb303a44631f9c85f79605d5ba37919dd95c7373138,CURRENT_SOURCE
index_archivos/libs/fontawesome/svgs/brands/angular.svg,.svg,239,0ddf2133a204b3292af0b51d0ec53df724ec7ff17a62fb7aefd28b5dac0480a8,CURRENT_SOURCE
index_archivos/libs/fontawesome/svgs/brands/app-store-ios.svg,.svg,726,1750015a3e252dadca63027fde3ec443c288719f26b6e9d34c664653de18342c,CURRENT_SOURCE
index_archivos/libs/fontawesome/svgs/brands/app-store.svg,.svg,858,bd064bc266411c7cedd7419dfb1773777c2d5f6f92bb49ae59a970a28177bf9e,CURRENT_SOURCE
index_archivos/libs/fontawesome/svgs/brands/apper.svg,.svg,1729,07448f6ed1981c3550cc54d35d5eba6c4323f39d06bfd78e51d82d990528466a,CURRENT_SOURCE
index_archivos/libs/fontawesome/svgs/brands/apple-pay.svg,.svg,1190,99f512385830dc12c131f79eb057c5f461af03bc9b0f1227a4fb52463f30e089,CURRENT_SOURCE
index_archivos/libs/fontawesome/svgs/brands/apple.svg,.svg,515,053736aea8b783f897fd7e6c8b738c8c41d93521a4528f06ad525e62a1e81c9e,CURRENT_SOURCE
index_archivos/libs/fontawesome/svgs/brands/artstation.svg,.svg,273,0194f955e992f8ee176af0efe108f25eda9bb38ac48164d7114f5e99ac718d2c,CURRENT_SOURCE
index_archivos/libs/fontawesome/svgs/brands/asymmetrik.svg,.svg,764,432933d6a05e504cefc4d24bbf78f4753a642a6439853e23dc4ced83dc874f9b,CURRENT_SOURCE
index_archivos/libs/fontawesome/svgs/brands/atlassian.svg,.svg,366,235ff1afc6b5a64c649e3e4055d24cd99fa0e0eb913b12f683d33afe2d194c46,CURRENT_SOURCE
index_archivos/libs/fontawesome/svgs/brands/audible.svg,.svg,574,fea51a30561c6ba0f4c01a215412c0133e06522463817d7528bb8cca528d68ef,CURRENT_SOURCE
index_archivos/libs/fontawesome/svgs/brands/autoprefixer.svg,.svg,279,d7b2a3808bf9cf373ad55ed14852654d48a4b567d5a1e3238b4d55ac05944a3b,CURRENT_SOURCE
index_archivos/libs/fontawesome/svgs/brands/avianex.svg,.svg,571,153c2f38f5abb32ecb02760370559a120f99a3562962e7333d6571a5f7049eb1,CURRENT_SOURCE
index_archivos/libs/fontawesome/svgs/brands/aviato.svg,.svg,2177,e57cead2b5807a33fd2a6c4dcfa64f289017465c38abdebc92c498aa438ef4cb,CURRENT_SOURCE
index_archivos/libs/fontawesome/svgs/brands/aws.svg,.svg,2310,674982e5b46db1e1a0411063fc8686a12b14f2a8b38cddf252bc15fb8e082f29,CURRENT_SOURCE
index_archivos/libs/fontawesome/svgs/brands/bandcamp.svg,.svg,192,e06807166ddec24aad9d3cfa59c5aa6169b50dda37c0e9dc65193f72ba01b4e9,CURRENT_SOURCE
index_archivos/libs/fontawesome/svgs/brands/battle-net.svg,.svg,2573,5da38a3ea005c018e39692ce383f116e8127a542717fc35c4338655ce016bb55,CURRENT_SOURCE
index_archivos/libs/fontawesome/svgs/brands/behance-square.svg,.svg,783,11567cbd6fe9001a8ce9060ff9e7409f433d6e53030b19e634853a480a3602d6,CURRENT_SOURCE
index_archivos/libs/fontawesome/svgs/brands/behance.svg,.svg,684,5d77218061099354414442620984fad5410ca6fb29911d865de0c7dd4dcd6c24,CURRENT_SOURCE
index_archivos/libs/fontawesome/svgs/brands/bimobject.svg,.svg,485,5a07d4ba2ec71f1becca72bca529dfab53d7d28f94e8171bd6834d55bc6c5ec9,CURRENT_SOURCE
index_archivos/libs/fontawesome/svgs/brands/bitbucket.svg,.svg,306,d3b7ff1e7897f14ad523d42b9a89ab5620276aefd1a398006341457875419af6,CURRENT_SOURCE
index_archivos/libs/fontawesome/svgs/brands/bitcoin.svg,.svg,1165,53894b3ed7c580686bf9ee048bad9164f5b298d7bf9518484b0008ec8a316ce1,CURRENT_SOURCE
index_archivos/libs/fontawesome/svgs/brands/bity.svg,.svg,759,196cd4447ba1817e2ad0c65f496e185b531336c181658ccf1d05994d697372bc,CURRENT_SOURCE
index_archivos/libs/fontawesome/svgs/brands/black-tie.svg,.svg,177,e36c85c97daffaef22927a83a5b08434344f1904c7294d5964c5a1f75d3881f8,CURRENT_SOURCE
index_archivos/libs/fontawesome/svgs/brands/blackberry.svg,.svg,676,75e49ba3f0005743b87446ec72dd1aaf9e0487ee7c20cdfe2467c8a305cabb38,CURRENT_SOURCE
index_archivos/libs/fontawesome/svgs/brands/blogger-b.svg,.svg,900,11cea145fd48d044d343e9ceb6ca3f35bd7d21adf341a7a1a701c776317444e9,CURRENT_SOURCE
index_archivos/libs/fontawesome/svgs/brands/blogger.svg,.svg,1199,46cc320d9e375fb3eb191028d5abfbe3aa410f3a41f1a533a10340e2a946c75b,CURRENT_SOURCE
index_archivos/libs/fontawesome/svgs/brands/bluetooth-b.svg,.svg,371,4bfa3b7dd8728efb39408b3b9cb8845cc955651a3cc45dcf1b2d7ea3619b8d3f,CURRENT_SOURCE
index_archivos/libs/fontawesome/svgs/brands/bluetooth.svg,.svg,370,a28e102e9b62c4163012316722a8d83431976df37289b89e0a6294e3dabdfec3,CURRENT_SOURCE
index_archivos/libs/fontawesome/svgs/brands/bootstrap.svg,.svg,606,a448f94f5c550c4ce8848cdf2fea9b2b0a287e23d84dfb5c1d8a2a6013e1579b,CURRENT_SOURCE
index_archivos/libs/fontawesome/svgs/brands/btc.svg,.svg,758,95d5083de16a0ce71824ce88c48b3bbb384ed8e661987981d9153437b67103e9,CURRENT_SOURCE
index_archivos/libs/fontawesome/svgs/brands/buffer.svg,.svg,719,5b7152ffe046e3d11ccdd1d96cd595c31336008a32f56f3cb0121ed01715137a,CURRENT_SOURCE
index_archivos/libs/fontawesome/svgs/brands/buromobelexperte.svg,.svg,474,3dbfb6eb953dfc42c34df5623723d0aeb3e98c03eebf1af06b01a27cdd6ad1d4,CURRENT_SOURCE
index_archivos/libs/fontawesome/svgs/brands/buy-n-large.svg,.svg,856,a05b59a9042b9a4e1a1d2e04823b5bce3b4899f90e595146fb85d32358c8436e,CURRENT_SOURCE
index_archivos/libs/fontawesome/svgs/brands/buysellads.svg,.svg,297,6e5c8049ab11a170ffdfe1c2fe7555e55ac8eebc898f86368e942f3001075947,CURRENT_SOURCE
index_archivos/libs/fontawesome/svgs/brands/canadian-maple-leaf.svg,.svg,866,259df0131c1f02368bb28e73f075c8f0573fb8e8b289382ab78399e05bce9f39,CURRENT_SOURCE
index_archivos/libs/fontawesome/svgs/brands/cc-amazon-pay.svg,.svg,3428,81d33d06dee3b4963c8f04cc41bbc7b700fc46e2752a9f97837db10220c63bb1,CURRENT_SOURCE
index_archivos/libs/fontawesome/svgs/brands/cc-amex.svg,.svg,3197,757895805da509e5b473db6bb8553f2c6bc0f3c7b3835437e11dcf8e6e8fe795,CURRENT_SOURCE
index_archivos/libs/fontawesome/svgs/brands/cc-apple-pay.svg,.svg,1285,1e7f4d36513b34534d4af7569a44f0c2437fc0006bd4997fdb00dbe1f0040453,CURRENT_SOURCE
index_archivos/libs/fontawesome/svgs/brands/cc-diners-club.svg,.svg,600,2573153c24c6d89d829f0deb2dee38f5d52bcfd9fa523eed23123e6d1e75f220,CURRENT_SOURCE
index_archivos/libs/fontawesome/svgs/brands/cc-discover.svg,.svg,1237,1d84313cab80ee9c5c51d22ae45385acaf318f55fcbc25b80d89f331b93a4218,CURRENT_SOURCE
index_archivos/libs/fontawesome/svgs/brands/cc-jcb.svg,.svg,779,2669346dbf0aa4047c0f5598b6e90bf262e68098e316f5429a7c95bd96527a6c,CURRENT_SOURCE
index_archivos/libs/fontawesome/svgs/brands/cc-mastercard.svg,.svg,3020,baa19d0e2f473718b471b77e0792f14c5027c350fc33c3949e0e2fc77fb21c59,CURRENT_SOURCE
index_archivos/libs/fontawesome/svgs/brands/cc-paypal.svg,.svg,1762,b2192815fb69f46aaa1cabc7995d3743ef52d0598cbe9f16d8af74a0a0f2542e,CURRENT_SOURCE
index_archivos/libs/fontawesome/svgs/brands/cc-stripe.svg,.svg,1288,064cb74215e838a4d58d4ad9a51edd54f07c6f86150f9ee4146c46ed967e4b60,CURRENT_SOURCE
index_archivos/libs/fontawesome/svgs/brands/cc-visa.svg,.svg,934,af4dbc68f91fc0c3532b59cd1a1eb142e879fee811e6170e9bf793ee99160016,CURRENT_SOURCE
index_archivos/libs/fontawesome/svgs/brands/centercode.svg,.svg,455,de2810ec6a6d0e15a9e404fbe6259c239a9af3d145778be4a76c626be94c6976,CURRENT_SOURCE
index_archivos/libs/fontawesome/svgs/brands/centos.svg,.svg,913,0b988079eada02238487d2838d5b7f03194751989599b532c60f2b8326e3929c,CURRENT_SOURCE
index_archivos/libs/fontawesome/svgs/brands/chrome.svg,.svg,577,5e8a995813fac739e68b0519250bcdabfcbd3f29e1618229c55db8cd3b0e9bd6,CURRENT_SOURCE
index_archivos/libs/fontawesome/svgs/brands/chromecast.svg,.svg,474,0a402d0a3311297ca5c18f85ed9c6b51b4233b295c5d7e263e00dd4c5d5b0362,CURRENT_SOURCE
index_archivos/libs/fontawesome/svgs/brands/cloudscale.svg,.svg,631,4e081845a8773e2976befdf78429aad3ac44142e078cbf04132dc76535314e92,CURRENT_SOURCE
index_archivos/libs/fontawesome/svgs/brands/cloudsmith.svg,.svg,294,4883ac96870596f1da73f62dcef2420081f17958e111405fe9ca50e5302bcbc8,CURRENT_SOURCE
index_archivos/libs/fontawesome/svgs/brands/cloudversify.svg,.svg,1362,a2498f04947a1bbfb602343bb8825aa0c7f287273409c6d5c43026e76e9b20dd,CURRENT_SOURCE
index_archivos/libs/fontawesome/svgs/brands/codepen.svg,.svg,745,87fe90b4a1043fbfd77282e418a4bb5316a97e4d95c0f82088c082b11d538c16,CURRENT_SOURCE
index_archivos/libs/fontawesome/svgs/brands/codiepie.svg,.svg,537,c5862fec7d21a8d38990108ddc03de3adcbc1c7d33a46f9ee2b6258c20580d21,CURRENT_SOURCE
index_archivos/libs/fontawesome/svgs/brands/confluence.svg,.svg,592,d6157dbc6d83eec27ac7f4bad673988df7828e93ded6328040a54f97ec2adb65,CURRENT_SOURCE
index_archivos/libs/fontawesome/svgs/brands/connectdevelop.svg,.svg,3122,60877468c85164bab4301a5374aa8266b239492cf9add27460f1e1bdefbf06b5,CURRENT_SOURCE
index_archivos/libs/fontawesome/svgs/brands/contao.svg,.svg,552,697256b288d05fa7aaa893b378f9621346d2fec42601b695b49e0ee9dd04d26f,CURRENT_SOURCE
index_archivos/libs/fontawesome/svgs/brands/cotton-bureau.svg,.svg,1290,9b2c7d514795ab6b46d6ebd411dc0e7ae945cac599abf9f4ce91d7f50e615131,CURRENT_SOURCE
index_archivos/libs/fontawesome/svgs/brands/cpanel.svg,.svg,1431,516c95104b26619c8069d12ddf568b23a2f29c153877c4229047544f99e38a5b,CURRENT_SOURCE
index_archivos/libs/fontawesome/svgs/brands/creative-commons-by.svg,.svg,579,eac13770ecc6998a2243b6c24ec298764db17f67111d360bff4972bd72e5d76d,CURRENT_SOURCE
index_archivos/libs/fontawesome/svgs/brands/creative-commons-nc-eu.svg,.svg,824,7b2edf6a26e8bb6f6245d95e3c8ea1319b545405128d5aae688634544fd67c95,CURRENT_SOURCE
index_archivos/libs/fontawesome/svgs/brands/creative-commons-nc-jp.svg,.svg,582,2258031dd27b451ad5d07788ceb03fb101cef867ff6594e4d8bb253866b70382,CURRENT_SOURCE
index_archivos/libs/fontawesome/svgs/brands/creative-commons-nc.svg,.svg,742,6d8490209fc8c76abedb7a462e0a53d9b857d4ec11d3ccee15aec69a0e2404c0,CURRENT_SOURCE
index_archivos/libs/fontawesome/svgs/brands/creative-commons-nd.svg,.svg,386,21d854eaef8ba89ba5ebf1b2ee06114df43e081c8838979bbe7f8d44c1751f90,CURRENT_SOURCE
index_archivos/libs/fontawesome/svgs/brands/creative-commons-pd-alt.svg,.svg,618,fa17bcd4d048124e4bd8072dfbdfd86d80dbc9bf68301fe202bb51ef02e856bf,CURRENT_SOURCE
index_archivos/libs/fontawesome/svgs/brands/creative-commons-pd.svg,.svg,658,204da7b5fe484d3322f8cdb45ba72bec344ae6f264cb83075d4e362f8a2972e3,CURRENT_SOURCE
index_archivos/libs/fontawesome/svgs/brands/creative-commons-remix.svg,.svg,648,8ee1220323eb8308bdbf19cf98144f85397c2cc7f87ce8966d69c57c58ae6912,CURRENT_SOURCE
index_archivos/libs/fontawesome/svgs/brands/creative-commons-sa.svg,.svg,586,b64559ccd63e15825b6eed61691c4efb4eb668bfae164cd1c93e170e754923b0,CURRENT_SOURCE
index_archivos/libs/fontawesome/svgs/brands/creative-commons-sampling-plus.svg,.svg,1171,489e246fa01a2452b9ddc805c6443c09b1737cfa1fa6c45aefe80183f8b93786,CURRENT_SOURCE
index_archivos/libs/fontawesome/svgs/brands/creative-commons-sampling.svg,.svg,1235,acbf5211d2b3cd43b88537e657843b6baecf0fc8dd325a46763082a006d2b412,CURRENT_SOURCE
index_archivos/libs/fontawesome/svgs/brands/creative-commons-share.svg,.svg,625,4d81c5f3780710a31a7893640004861ec31071065404782a9492341422f4bb5a,CURRENT_SOURCE
index_archivos/libs/fontawesome/svgs/brands/creative-commons-zero.svg,.svg,664,10442fa15907993e462db7ec59a6e2f19145b6aae76ede3985c4f6cd971d55ab,CURRENT_SOURCE
index_archivos/libs/fontawesome/svgs/brands/creative-commons.svg,.svg,962,b0f79040317f0eecf0ba1712c83aba81d831f3714705d85a7bbc8c66f24e449d,CURRENT_SOURCE
index_archivos/libs/fontawesome/svgs/brands/critical-role.svg,.svg,7133,ca71c5e49925d5ea7c54b27a08860b5d64a4ac751d2773a9a97897006d4f6303,CURRENT_SOURCE
index_archivos/libs/fontawesome/svgs/brands/css3-alt.svg,.svg,317,eb90ea330309e8ef1fb1529cbc129c6e8eb87d61961fb59f89fdf7b0cc9fb239,CURRENT_SOURCE
index_archivos/libs/fontawesome/svgs/brands/css3.svg,.svg,207,b4aa83078f3c24a15da6e0714770c85f0f712fa6dc8fdc9169ad6a0f62576add,CURRENT_SOURCE
index_archivos/libs/fontawesome/svgs/brands/cuttlefish.svg,.svg,330,a0e860e48fef3f3ec75a761aaa9c08ce9975374611d84b883ad2d5e32fbb6fdc,CURRENT_SOURCE
index_archivos/libs/fontawesome/svgs/brands/d-and-d-beyond.svg,.svg,3996,1d949468ad8bc0ca074251b69aed3ee3d66d92de08c0186d227800ef1a1b836b,CURRENT_SOURCE
index_archivos/libs/fontawesome/svgs/brands/d-and-d.svg,.svg,4519,646c06f6ea7256365f1a35e1a6820f04765f5b8a8e022086fa76a90538bde9a1,CURRENT_SOURCE
index_archivos/libs/fontawesome/svgs/brands/dailymotion.svg,.svg,550,7f955ec086f5c88a42b94c0a4ca19eda2c2cb04aa6a3fcc07d9cab310ded9021,CURRENT_SOURCE
index_archivos/libs/fontawesome/svgs/brands/dashcube.svg,.svg,320,a2f5a8dfcb8559da60fb70d3a12799db3d7b6f1c5cbd8b249f843c6b6b8dbaee,CURRENT_SOURCE
index_archivos/libs/fontawesome/svgs/brands/delicious.svg,.svg,546,83b924484bc013535de42b1782753d0c4f68503c3e7f4baeb3c906549d8ea85c,CURRENT_SOURCE
index_archivos/libs/fontawesome/svgs/brands/deploydog.svg,.svg,844,41a58701499fa7fcbe07359a5c81c25353a70cd52ae5fed60f8b5845534e25c0,CURRENT_SOURCE
index_archivos/libs/fontawesome/svgs/brands/deskpro.svg,.svg,687,07c6a3cb5415462b5a284938d18ed4147c71c5ab036ebdc96c53e2a047b13114,CURRENT_SOURCE
index_archivos/libs/fontawesome/svgs/brands/dev.svg,.svg,765,5eef85c9778a76d7d556c10f3106da2f0638c12139f8f01bacea1c132569b99d,CURRENT_SOURCE
index_archivos/libs/fontawesome/svgs/brands/deviantart.svg,.svg,252,6923811872ec24150cc15b42f852c98f121281b3eaa088753b450e2603c6c5f1,CURRENT_SOURCE
index_archivos/libs/fontawesome/svgs/brands/dhl.svg,.svg,839,548bbc4083955b1ca007b2da5982d0047343476a7037d505f3986ad9e6117d1d,CURRENT_SOURCE
index_archivos/libs/fontawesome/svgs/brands/diaspora.svg,.svg,486,ca8e9e7b3d701723d22becf343ac86ab98f7297bb754c398db7a9c30bbb28008,CURRENT_SOURCE
index_archivos/libs/fontawesome/svgs/brands/digg.svg,.svg,384,0802c933b7467a63a9700781a05d1b0218cd02dae6273404d5fd0e3ca5b39877,CURRENT_SOURCE
index_archivos/libs/fontawesome/svgs/brands/digital-ocean.svg,.svg,376,7c5727022d6453ddaa49bb4b82c7f470045eb6298a43c70940d13a7341a8b8d3,CURRENT_SOURCE
index_archivos/libs/fontawesome/svgs/brands/discord.svg,.svg,1218,d5dc8655dc0c2a0673d4bfd1489c9514e83afd27113d8e67fbbdeaa0f115fea1,CURRENT_SOURCE
index_archivos/libs/fontawesome/svgs/brands/discourse.svg,.svg,343,bf3c21f1bc07822c1c3493d3f7ee2c99f3f98552ae438e0a2072a81fd881ebc8,CURRENT_SOURCE
index_archivos/libs/fontawesome/svgs/brands/dochub.svg,.svg,267,d4571ceaf39658cb57ee4467aa176152253835c676c6a2d7816c7137a2deb6c4,CURRENT_SOURCE
index_archivos/libs/fontawesome/svgs/brands/docker.svg,.svg,663,a2fb01825302196489d78bae86d784f429e302e5af0976fb6e1c4b9b264ccfe9,CURRENT_SOURCE
index_archivos/libs/fontawesome/svgs/brands/draft2digital.svg,.svg,779,5db82e9ec0baa90d6d981cb40f7b75849af9cde0cc6c5521147e7b8bb3c16c8a,CURRENT_SOURCE
index_archivos/libs/fontawesome/svgs/brands/dribbble-square.svg,.svg,921,c95a173e04465f6208383a87eb7f865a210409ef7398d75affa66a5612e8d1c9,CURRENT_SOURCE
index_archivos/libs/fontawesome/svgs/brands/dribbble.svg,.svg,1131,af85129d3fc27c92bfde1633112e2ecfb81d24560fbbcc895b0d20c52b0acade,CURRENT_SOURCE
index_archivos/libs/fontawesome/svgs/brands/dropbox.svg,.svg,310,aff1b9f6bb5d2eb04caee989fab2f110572dc5c24af67bbbb8c82ece53022808,CURRENT_SOURCE
index_archivos/libs/fontawesome/svgs/brands/drupal.svg,.svg,771,d5954b435aab5d98cac4cced0c21b7e3f0dd3a06cdcc972919f364d94511424d,CURRENT_SOURCE
index_archivos/libs/fontawesome/svgs/brands/dyalog.svg,.svg,260,45676ff1d8edb2641824b3f6d7e2a6457a84d93e98bfcfd30c4fb39bb34ebb15,CURRENT_SOURCE
index_archivos/libs/fontawesome/svgs/brands/earlybirds.svg,.svg,1927,75014bf94af9b18324517b52bfc8b3eb533773b6a024e911a25358a2f037ddba,CURRENT_SOURCE
index_archivos/libs/fontawesome/svgs/brands/ebay.svg,.svg,1097,eecfc9a00a9c35b044309208ddd6740e0f5e0493a6086a0032bf58139b1c7a57,CURRENT_SOURCE
index_archivos/libs/fontawesome/svgs/brands/edge.svg,.svg,1212,ce27f45ddc2587c306c630512a141e3ba90af3205dfa15b8279f223b8b186245,CURRENT_SOURCE
index_archivos/libs/fontawesome/svgs/brands/elementor.svg,.svg,326,2af0ff7f8054ab07ea394730bc5754207de003399fc63135170c5f9777a74eb2,CURRENT_SOURCE
index_archivos/libs/fontawesome/svgs/brands/ello.svg,.svg,428,71d56596a7721ace4516048d4987e9b0bae4ccc5d6c47480b23df642d20e55c6,CURRENT_SOURCE
index_archivos/libs/fontawesome/svgs/brands/ember.svg,.svg,1933,c4f50bd6dc652b6970d7cd1cdffe10f10fbcc2d84885defa79ce3e51baf106a9,CURRENT_SOURCE
index_archivos/libs/fontawesome/svgs/brands/empire.svg,.svg,1847,f1b01619bfcb518105712744e98aec563a27dccfd15c7a9bdfe8fb710965cb48,CURRENT_SOURCE
index_archivos/libs/fontawesome/svgs/brands/envira.svg,.svg,366,0e2d1591bbaa58d58171a653544f763b6430edc602468f73b527a611b306c833,CURRENT_SOURCE
index_archivos/libs/fontawesome/svgs/brands/erlang.svg,.svg,432,d1936a6dcd70a95588327a9bbb9a74256284378e624514021a7c5a90ecc65573,CURRENT_SOURCE
index_archivos/libs/fontawesome/svgs/brands/ethereum.svg,.svg,175,814b33c889ccb71d8bf9eb6ef5707e1114b4b6945d6d0e3a460e04fada4db53f,CURRENT_SOURCE
index_archivos/libs/fontawesome/svgs/brands/etsy.svg,.svg,662,b2a3a46ab21cd5f007d0183fdbefcc85178e543ae1f64500e804e7c08f96f06d,CURRENT_SOURCE
index_archivos/libs/fontawesome/svgs/brands/evernote.svg,.svg,1009,8d8ba74707bf1905063bd87a8f2725212be956c275b6b19e69b3a2bdcb81293e,CURRENT_SOURCE
index_archivos/libs/fontawesome/svgs/brands/expeditedssl.svg,.svg,962,0d07b091f478939eb14063ec287ce21fd23eb0b11918a346118a5aa9354e0f13,CURRENT_SOURCE
index_archivos/libs/fontawesome/svgs/brands/facebook-f.svg,.svg,252,d907cc0c4954f89fcdaf9ae17505474d44d1ba3f279fb04c09e7a76d49b78ddf,CURRENT_SOURCE
index_archivos/libs/fontawesome/svgs/brands/facebook-messenger.svg,.svg,554,fa5f1bc041552208671e4cb885efa04f605515d950ce4a19b513f72eae738949,CURRENT_SOURCE
index_archivos/libs/fontawesome/svgs/brands/facebook-square.svg,.svg,338,77f45a8847bb0990f725ab8fb93b29ca6d22cffbc92ff1671fc9c8ade7c4364c,CURRENT_SOURCE
index_archivos/libs/fontawesome/svgs/brands/facebook.svg,.svg,344,e9265cd3d4486f4cdf582eaa4c43cd58ef626b63e5c559a93e03dd15b5447da4,CURRENT_SOURCE
index_archivos/libs/fontawesome/svgs/brands/fantasy-flight-games.svg,.svg,1139,cc1cf10ebb2e5eadacddccf840e8b06e40f237a9d8ddac167e4a88a39c4b27d1,CURRENT_SOURCE
index_archivos/libs/fontawesome/svgs/brands/fedex.svg,.svg,819,1af844be200a17fa60fd117dc206c34fd5974fbad39b55ebda5b615a9c4c1904,CURRENT_SOURCE
index_archivos/libs/fontawesome/svgs/brands/fedora.svg,.svg,2243,43bb8ff2c120ef7ad76ef419e280d585c24cbc311240b25981fe6b2fb5a059ea,CURRENT_SOURCE
index_archivos/libs/fontawesome/svgs/brands/figma.svg,.svg,263,3ec03c300171e6c956ecb5f8b8dba68b8bf8f8aaee65b8777612bc9f17705f4d,CURRENT_SOURCE
index_archivos/libs/fontawesome/svgs/brands/firefox-browser.svg,.svg,1680,aff1d6ca2adea8bd124730c58bb0a0e2ae8c5b80de4cddf112547f2fbe7012da,CURRENT_SOURCE
index_archivos/libs/fontawesome/svgs/brands/firefox.svg,.svg,2178,e77242fdf68f2615e171adfe60cf92dc0e088f134004c439d460721f4c591883,CURRENT_SOURCE
index_archivos/libs/fontawesome/svgs/brands/first-order-alt.svg,.svg,1530,a7217207748f15ded34b0a3ce8eae8832ace5d2a9617629a6733d50ce851c51b,CURRENT_SOURCE
index_archivos/libs/fontawesome/svgs/brands/first-order.svg,.svg,1242,6acafc49aa849faa690f123932bdf82760b72108b18e447b950cd2c65cf8b5b9,CURRENT_SOURCE
index_archivos/libs/fontawesome/svgs/brands/firstdraft.svg,.svg,267,73ccd0536ec4295804585bb91d72520d11097bf10f1f5191708af26927304bd6,CURRENT_SOURCE
index_archivos/libs/fontawesome/svgs/brands/flickr.svg,.svg,379,c5b5f7090cd518f878ea3d613194ab2457edd65acc740b802b66f77bff1e1c9f,CURRENT_SOURCE
index_archivos/libs/fontawesome/svgs/brands/flipboard.svg,.svg,156,61b99dfbdfbdc0173ff58fb8df23db427fe849a42be5fb8e7b1cc2cdb4a17517,CURRENT_SOURCE
index_archivos/libs/fontawesome/svgs/brands/fly.svg,.svg,740,2065d8133f072345359f3ce53f12ba95ecf839fb5ae10d0a9cf40a11781197bd,CURRENT_SOURCE
index_archivos/libs/fontawesome/svgs/brands/font-awesome-alt.svg,.svg,814,f2d560b97063840858d82a9c9157373ba87410a79fe0e9bb718538e98bbd69ba,CURRENT_SOURCE
index_archivos/libs/fontawesome/svgs/brands/font-awesome-flag.svg,.svg,657,e1dc31fa50520c599808feefa4e54fa409c0a8a9bd35e9dc28ebcc30a3ba634b,CURRENT_SOURCE
index_archivos/libs/fontawesome/svgs/brands/font-awesome-logo-full.svg,.svg,2994,e69fec16d387f1c3037452e5927e213059d325396d73ef790cd023d7bd3fd515,CURRENT_SOURCE
index_archivos/libs/fontawesome/svgs/brands/font-awesome.svg,.svg,699,0b180ab0b1a73110ca32f395f2c2429b668e9ef9a276efbedc2f0b4ff22dc77c,CURRENT_SOURCE
index_archivos/libs/fontawesome/svgs/brands/fonticons-fi.svg,.svg,614,3571702da4bab39509734fef0a411dfc4c887b4d6e591bd76f83da0f76ff9b88,CURRENT_SOURCE
index_archivos/libs/fontawesome/svgs/brands/fonticons.svg,.svg,640,e76e8d624d455950e045efdc0897161c629bd372f102a7c27e25f7b58bd3ea72,CURRENT_SOURCE
index_archivos/libs/fontawesome/svgs/brands/fort-awesome-alt.svg,.svg,3691,7bca0567da0ef3b2fe8f70359c786a5eb2950af646c6902e3a561478fda364d8,CURRENT_SOURCE
index_archivos/libs/fontawesome/svgs/brands/fort-awesome.svg,.svg,1019,7e53fca6a689a35ee4071dd9d915f5c4f620e609b6b7ca947e08f28e302c64ef,CURRENT_SOURCE
index_archivos/libs/fontawesome/svgs/brands/forumbee.svg,.svg,617,3d07a3d696b93246cbdaa49c7962a337814290d9d7a25e0d8c788de5383fde11,CURRENT_SOURCE
index_archivos/libs/fontawesome/svgs/brands/foursquare.svg,.svg,623,ab23125a46650067bbee08be6653585e85218aef9869276e500c205e5126d8af,CURRENT_SOURCE
index_archivos/libs/fontawesome/svgs/brands/free-code-camp.svg,.svg,1250,d4e1e61556224b13d404237383f370a7a6dec296a54d759bf8b69405e450adc7,CURRENT_SOURCE
index_archivos/libs/fontawesome/svgs/brands/freebsd.svg,.svg,596,29f3b101ff5c35354e73f8fd0d67d7f274a1333b36f2df83981c8872808b8788,CURRENT_SOURCE
index_archivos/libs/fontawesome/svgs/brands/fulcrum.svg,.svg,339,1ec814683aa879752ad6efb8e0e4792e27e25c606d0093bb82ce4f1086008a00,CURRENT_SOURCE
index_archivos/libs/fontawesome/svgs/brands/galactic-republic.svg,.svg,1603,7006d88744e311795d06781a75f160ea21733aac8d014066b5e3e3fc68e7042a,CURRENT_SOURCE
index_archivos/libs/fontawesome/svgs/brands/galactic-senate.svg,.svg,2684,1828efdb8dd96496371faac2415a4e0c2addb89d67495e10152eaf085b7a17be,CURRENT_SOURCE
index_archivos/libs/fontawesome/svgs/brands/get-pocket.svg,.svg,424,f5267674081207fc86d8d187f8714be6bd70071daba4e56a60231539fc6f58fb,CURRENT_SOURCE
index_archivos/libs/fontawesome/svgs/brands/gg-circle.svg,.svg,410,672897cede93409754e94054ae92a714f10e804cb671958b925c3419aa37bf43,CURRENT_SOURCE
index_archivos/libs/fontawesome/svgs/brands/gg.svg,.svg,341,7f02ff8ba85edc7a584037314bbb2365ee080e8da4a62e1a3c5ba6cc418d4cc3,CURRENT_SOURCE
index_archivos/libs/fontawesome/svgs/brands/git-alt.svg,.svg,538,abaab8a7dda503fd77d856bc3bd3807fd6f3df79bc01e8427219571b0c1990c8,CURRENT_SOURCE
index_archivos/libs/fontawesome/svgs/brands/git-square.svg,.svg,1216,b3ea4f3c82b3e8df407c875d81f717c6d52af10bfd32a55434f5ad896c36503e,CURRENT_SOURCE
index_archivos/libs/fontawesome/svgs/brands/git.svg,.svg,1099,2dfcaa54240ca4fb21193ad8e8b63b69fbffb9ab86f40389c7bfe024e56dab09,CURRENT_SOURCE
index_archivos/libs/fontawesome/svgs/brands/github-alt.svg,.svg,880,d1817e1ceb13f8abf750c303091cbde93de8ec50e2f2c2f00369d03b6ab39d46,CURRENT_SOURCE
index_archivos/libs/fontawesome/svgs/brands/github-square.svg,.svg,1494,218fa541f25df12f8f03008aabedaf802acb10dd24c61a9f8af45bdd16313810,CURRENT_SOURCE
index_archivos/libs/fontawesome/svgs/brands/github.svg,.svg,1384,90369a2009661ee0746a5b2e335cf0e75eb41182886f77d84ae30db127d28584,CURRENT_SOURCE
index_archivos/libs/fontawesome/svgs/brands/gitkraken.svg,.svg,1354,d80a9d7bca17860cbb9280055214666c27409b149ab47dc8a4996c4cf2bab945,CURRENT_SOURCE
index_archivos/libs/fontawesome/svgs/brands/gitlab.svg,.svg,354,01dd9134c47d12cf07928e7d02daf19451b859bbdd6da0884d8f970a1756cea0,CURRENT_SOURCE
index_archivos/libs/fontawesome/svgs/brands/gitter.svg,.svg,194,23bf09f107ecfa984c622f5da7ee50a698d57fb3d54057a3af34e50881ceedae,CURRENT_SOURCE
index_archivos/libs/fontawesome/svgs/brands/glide-g.svg,.svg,758,d797f4599cf4311477aea9060cbf290721f0702d29e7c09782455283bf2d0e6c,CURRENT_SOURCE
index_archivos/libs/fontawesome/svgs/brands/glide.svg,.svg,855,538e5466c2c1baeb21cc8476e74a8a6a32fa1154a15bf7116ffd62bde01540ba,CURRENT_SOURCE
index_archivos/libs/fontawesome/svgs/brands/gofore.svg,.svg,440,b5aa7ab31f543ed93448587fbd5f6bdd10b4f2f8a5304995268f96a53f3f83e5,CURRENT_SOURCE
index_archivos/libs/fontawesome/svgs/brands/goodreads-g.svg,.svg,723,2aa68303e381d1999cc1bfe0de7688c1dcd1fedaa42c72309a2a56d90a5d45d8,CURRENT_SOURCE
index_archivos/libs/fontawesome/svgs/brands/goodreads.svg,.svg,811,d4e3f8fa0169f40fca00c77a870584156c5acc91397fe8b7bfc127cb1fefcd22,CURRENT_SOURCE
index_archivos/libs/fontawesome/svgs/brands/google-drive.svg,.svg,217,f92aeefd228f5533a045d19cffbf35b0c15d90f7735556db3a0c9bb65560c917,CURRENT_SOURCE
index_archivos/libs/fontawesome/svgs/brands/google-play.svg,.svg,326,46cdf34b9ba7d96103f74636b4438cdeb9407cc0332f7bd97444c7deb5c13a0c,CURRENT_SOURCE
index_archivos/libs/fontawesome/svgs/brands/google-plus-g.svg,.svg,557,96f04af2e7d03b4aeaf61a893664c61a16392492764432478b0e8498e94fd36a,CURRENT_SOURCE
index_archivos/libs/fontawesome/svgs/brands/google-plus-square.svg,.svg,498,11aade853b28337b57f5464a977ce31142d35dd0193bd34c40d97f4204fe4047,CURRENT_SOURCE
index_archivos/libs/fontawesome/svgs/brands/google-plus.svg,.svg,501,d758c34bcbc36d12d926e20cb6235c55b86f4ea66d4f73e1bc0c4b6b1cff78a6,CURRENT_SOURCE
index_archivos/libs/fontawesome/svgs/brands/google-wallet.svg,.svg,598,6c96c7a56fd8b3363e996e48320e2c25a08b85de5baf2dd914267b78b122aae7,CURRENT_SOURCE
index_archivos/libs/fontawesome/svgs/brands/google.svg,.svg,327,9c5d023c224f791aec9d608e5502e8d0bd0ef5ce8623e292951ad60a664b03b8,CURRENT_SOURCE
index_archivos/libs/fontawesome/svgs/brands/gratipay.svg,.svg,333,c6c8823869ea24fdea8cbbb18157ad23c1d555c0b41e9755b507d1a0ff8e80e4,CURRENT_SOURCE
index_archivos/libs/fontawesome/svgs/brands/grav.svg,.svg,1628,141c8263d7fb53c06aab46927f4ff84d03e4bd6f05026fcb23af083103cca468,CURRENT_SOURCE
index_archivos/libs/fontawesome/svgs/brands/gripfire.svg,.svg,690,7f582277581344453b2bb92e9a8b03576ea6e940c7e88e48158ea2786b7bd5d0,CURRENT_SOURCE
index_archivos/libs/fontawesome/svgs/brands/grunt.svg,.svg,5490,0ce8f8e56e85e1c1df4318ba3c3367c96aefffb18f52c1938909c504d76eeb52,CURRENT_SOURCE
index_archivos/libs/fontawesome/svgs/brands/gulp.svg,.svg,2601,e6f2114762077583e6f69c966ca242190cf34f02f55d950b92be6d793b013de2,CURRENT_SOURCE
index_archivos/libs/fontawesome/svgs/brands/hacker-news-square.svg,.svg,346,9793ec11b83d72cbebf3f190853969ba36c91161f4ceda438f2ffd6efbfd9a4e,CURRENT_SOURCE
index_archivos/libs/fontawesome/svgs/brands/hacker-news.svg,.svg,260,a99d27babf813b510d220e8f251eb04958c247702e61142c5a0ed3d13f83def6,CURRENT_SOURCE
index_archivos/libs/fontawesome/svgs/brands/hackerrank.svg,.svg,843,fe9dfb43383fc5b1ad05fd7e39afbc1b2bab739a71ca29fed9b9a21cb562a753,CURRENT_SOURCE
index_archivos/libs/fontawesome/svgs/brands/hips.svg,.svg,1445,09547258dbe8f1df2a4b49d3fd28a8bc61bb1f63361f153d1107dc9cc3806d52,CURRENT_SOURCE
index_archivos/libs/fontawesome/svgs/brands/hire-a-helper.svg,.svg,1062,9a14f6551c017dfcf9178affe8ba21aece4ef960f2e0bbf51dd313af4906baa1,CURRENT_SOURCE
index_archivos/libs/fontawesome/svgs/brands/hooli.svg,.svg,1486,d3ee77c5428eb03cdaeb1d0107a1cca1d8a5404eca337cdc289d738632f39f3a,CURRENT_SOURCE
index_archivos/libs/fontawesome/svgs/brands/hornbill.svg,.svg,1094,c64badf6e9eb5281bc49a5f00a738bd1f774835d9dbe2b5ef149c0f74c98b63e,CURRENT_SOURCE
index_archivos/libs/fontawesome/svgs/brands/hotjar.svg,.svg,350,b159a95be19b02559caf014a388a9cd3c2fdcc5cd16bca9fc436860061b8fbe2,CURRENT_SOURCE
index_archivos/libs/fontawesome/svgs/brands/houzz.svg,.svg,142,6e849f8d6a33de7ec2524f5f2b42261b89da804e6bfedc0d45bafac38e9e6ec0,CURRENT_SOURCE
index_archivos/libs/fontawesome/svgs/brands/html5.svg,.svg,279,8ce484d8bb1437afe3a6192f6b4c380bcf00953f3941b1dc00c5a0f3742a85e9,CURRENT_SOURCE
index_archivos/libs/fontawesome/svgs/brands/hubspot.svg,.svg,832,490f6aec6a15af5a36c043fcf56478670bb14a9b9787fb49f7d76848f80a81d3,CURRENT_SOURCE
index_archivos/libs/fontawesome/svgs/brands/ideal.svg,.svg,857,b2a96e74f100a6b4092bfc648e19f3b353238549c19576e9f46c6e4128418a47,CURRENT_SOURCE
index_archivos/libs/fontawesome/svgs/brands/imdb.svg,.svg,753,bd8d4b9a44ceed9deac9b0270ac2f8daa8406b0e9860149963a014ba2a59d0ad,CURRENT_SOURCE
index_archivos/libs/fontawesome/svgs/brands/instagram-square.svg,.svg,1037,848ff135074c089ec88347247390a71d370df56ba5f3dd5ad33aee3d20c8a8f3,CURRENT_SOURCE
index_archivos/libs/fontawesome/svgs/brands/instagram.svg,.svg,1002,e58b529d0358a268a829d1a81346ddd9b081d0936fe8ad776a9196389491e7b2,CURRENT_SOURCE
index_archivos/libs/fontawesome/svgs/brands/intercom.svg,.svg,662,5b50545b8e2c071b1a4227138427766c5baeb04cee403babc59cb8ccc7350cc6,CURRENT_SOURCE
index_archivos/libs/fontawesome/svgs/brands/internet-explorer.svg,.svg,937,730ecb9ca53e80a80697bff0f7c36d7090bb73209a8dd7707898bc753b53eddb,CURRENT_SOURCE
index_archivos/libs/fontawesome/svgs/brands/invision.svg,.svg,683,1a3f636d822979b35516145fb18852ff55fb86869d4a134a84482c12284190ae,CURRENT_SOURCE
index_archivos/libs/fontawesome/svgs/brands/ioxhost.svg,.svg,703,759455b2ff8dd4e9e4dcf6fdacd912f45b35c6b116f9e3443baecd372c74afc8,CURRENT_SOURCE
index_archivos/libs/fontawesome/svgs/brands/itch-io.svg,.svg,1265,9117378deec6dbc88b5a9758cc5d7341f6e7f30533e776c71a7b78a3d32f7e41,CURRENT_SOURCE
index_archivos/libs/fontawesome/svgs/brands/itunes-note.svg,.svg,662,06e756a8deb8dd69cb7ca19cac77df7940e39357254dc1046745efc786f32483,CURRENT_SOURCE
index_archivos/libs/fontawesome/svgs/brands/itunes.svg,.svg,952,5a0349b9af7212cd42e440102d08135f5866dc72cdfc39dd3baab1959809affa,CURRENT_SOURCE
index_archivos/libs/fontawesome/svgs/brands/java.svg,.svg,1182,a2232469c9ab1fe91b5899d52852cdf1f8361869b8589f12d3b838b27e972dd4,CURRENT_SOURCE
index_archivos/libs/fontawesome/svgs/brands/jedi-order.svg,.svg,736,0f57789362776dcb243986769fa2ded5a2f22f34b02a4dbea0e7267bfd8d2523,CURRENT_SOURCE
index_archivos/libs/fontawesome/svgs/brands/jenkins.svg,.svg,4341,fcbf625e63b80195628b52f8e8971e9b70782938591ef7ea048027fde9aa8d38,CURRENT_SOURCE
index_archivos/libs/fontawesome/svgs/brands/jira.svg,.svg,299,4486fa61b55c08beb34944cb077e65fe91eee51e4652e7371f2a40b41ba170dd,CURRENT_SOURCE
index_archivos/libs/fontawesome/svgs/brands/joget.svg,.svg,877,4b530ffefd6c9ffa03aaaca445654f39d038dccf61cb9097e279671f1948a36a,CURRENT_SOURCE
index_archivos/libs/fontawesome/svgs/brands/joomla.svg,.svg,1145,0e5678fb5244763cf4b5191a9e148a36fc22ba7cf5695d1f2c67e4bcf38be1fd,CURRENT_SOURCE
index_archivos/libs/fontawesome/svgs/brands/js-square.svg,.svg,697,6296c2619d86bb252ce4fdf0c1545b876724e18286030f6b53d0ae228a71701c,CURRENT_SOURCE
index_archivos/libs/fontawesome/svgs/brands/js.svg,.svg,611,ea31af82d474548b6fa5d3f06f9e957a7d18d9012183005f9bed834f170274c4,CURRENT_SOURCE
index_archivos/libs/fontawesome/svgs/brands/jsfiddle.svg,.svg,1903,51761ae419534f1f6452bdcf406bbf2ff67a7379ea18380b80b3128c2a6c6778,CURRENT_SOURCE
index_archivos/libs/fontawesome/svgs/brands/kaggle.svg,.svg,318,cc3f556c040664432682cb9176ee09b9334d1838368b9eddb45eaf7786c44858,CURRENT_SOURCE
index_archivos/libs/fontawesome/svgs/brands/keybase.svg,.svg,1565,534e674c536345dc83ba2cff9512d7cef45fd2ddc8cdac40375a58b9172799c3,CURRENT_SOURCE
index_archivos/libs/fontawesome/svgs/brands/keycdn.svg,.svg,1519,7d8f0210f6a45e35e4b2703888cec2e987cd61844ec8b8382a28c56cd5d1aa14,CURRENT_SOURCE
index_archivos/libs/fontawesome/svgs/brands/kickstarter-k.svg,.svg,372,95b8cc2ed066f04b47e09b9eb6f598657e2ad3ba3d7cdeff6616882a50f680a3,CURRENT_SOURCE
index_archivos/libs/fontawesome/svgs/brands/kickstarter.svg,.svg,469,f97901132ccd5efd129840c900b79f4edec760cdd70cb30978a733139f89e5e1,CURRENT_SOURCE
index_archivos/libs/fontawesome/svgs/brands/korvue.svg,.svg,330,b9d20d9a843856dc8c4b28f4a67add76ab7bd9234ee0d108642914b3c1e0ea68,CURRENT_SOURCE
index_archivos/libs/fontawesome/svgs/brands/laravel.svg,.svg,1711,af5920c313b14e3d8ec4d0119d932196925184ab20f53bb52a2fa3935200043a,CURRENT_SOURCE
index_archivos/libs/fontawesome/svgs/brands/lastfm-square.svg,.svg,737,76c77667d744e645b29fb691a08e5155a5b81b67b54c07040a3c9feca33890ee,CURRENT_SOURCE
index_archivos/libs/fontawesome/svgs/brands/lastfm.svg,.svg,649,75a7b162b97edb679226d73301d92c44e416cb0b526ea9fe47256a8b9927b100,CURRENT_SOURCE
index_archivos/libs/fontawesome/svgs/brands/leanpub.svg,.svg,1163,a490151176956083dbafc6633edf50a9294e473745cc7dbe7473a590b2b0dcb9,CURRENT_SOURCE
index_archivos/libs/fontawesome/svgs/brands/less.svg,.svg,1840,b3b6e9f244c5f2bd9368f26337f54e2e8db5ff20d5ef23bbb3217a4d62ff8b53,CURRENT_SOURCE
index_archivos/libs/fontawesome/svgs/brands/line.svg,.svg,1205,c13cef37c9c1c840bb7b6545c34dc739cad052ab64fca9feaf280276362cfaf7,CURRENT_SOURCE
index_archivos/libs/fontawesome/svgs/brands/linkedin-in.svg,.svg,380,eb269561a11336f6d4099c890907a8c34dfe5d7a9b7e2ca9be3e69e70edb2e53,CURRENT_SOURCE
index_archivos/libs/fontawesome/svgs/brands/linkedin.svg,.svg,504,38ae4702b6b2c7d60c2a4a5a438448518f486160c2cc5c2eaeb2da48d467ee79,CURRENT_SOURCE
index_archivos/libs/fontawesome/svgs/brands/linode.svg,.svg,1337,c851e88c37bea948867de4dd81fe9f28862ca3b5173a1d3d9941f6626b5fd15b,CURRENT_SOURCE
index_archivos/libs/fontawesome/svgs/brands/linux.svg,.svg,3568,490a336f010765eb9f909183ef5076ba860aca28a2f1963180b3949bc5ae36aa,CURRENT_SOURCE
index_archivos/libs/fontawesome/svgs/brands/lyft.svg,.svg,675,23cbd3639fa485b8110017d83f66a42a5f6ef97c6012d60cdb415d8b66aac069,CURRENT_SOURCE
index_archivos/libs/fontawesome/svgs/brands/magento.svg,.svg,279,ae3c2363952ab5cb38ead745a446c2aa16bb59be89ac2a3ad3a9e604ecb5e4d5,CURRENT_SOURCE
index_archivos/libs/fontawesome/svgs/brands/mailchimp.svg,.svg,3137,a48ed0f4bae40829925171a2737aa3c02e65db25daaae91b8ede514363024d42,CURRENT_SOURCE
index_archivos/libs/fontawesome/svgs/brands/mandalorian.svg,.svg,5988,4f905e6ab33fa9e23fe230e9cb16caf80d793b32c438e66785d9b60d0e3fa1a0,CURRENT_SOURCE
index_archivos/libs/fontawesome/svgs/brands/markdown.svg,.svg,359,6ed4619c49891eca488b235c6ad9e8d446caec5e8865b9956ab068832e166ab7,CURRENT_SOURCE
index_archivos/libs/fontawesome/svgs/brands/mastodon.svg,.svg,695,48605fe8bdc2a5933780c6e20f2666c842f887fa8ebec2d82c10705e67322712,CURRENT_SOURCE
index_archivos/libs/fontawesome/svgs/brands/maxcdn.svg,.svg,300,da27cbee44f692a77deb9bcb9bf6caf32001d4059431a9b3ca59c0b4c8530a7f,CURRENT_SOURCE
index_archivos/libs/fontawesome/svgs/brands/mdb.svg,.svg,633,1c044db7d7f610be732d0a486df1a1013aefc05c590057ccd953a3ff69cfcb21,CURRENT_SOURCE
index_archivos/libs/fontawesome/svgs/brands/medapps.svg,.svg,896,c48afd7fec4511ab7498426df4af6126fe819b10e8f7d81ed12ff7fc246e7182,CURRENT_SOURCE
index_archivos/libs/fontawesome/svgs/brands/medium-m.svg,.svg,413,7d3bfe1a6e5bd12bf54a89370b71950a686454347dbe0ba330a7d77609e1ad04,CURRENT_SOURCE
index_archivos/libs/fontawesome/svgs/brands/medium.svg,.svg,416,a087e6458d855a78f907e33d3e686a62a5bb8ca9da45855e2c7b5e65b9ae1a9e,CURRENT_SOURCE
index_archivos/libs/fontawesome/svgs/brands/medrt.svg,.svg,836,6cca175f8b22ce3df0c50893f9b706bd4ae242cb573a51c1fb54290ead57bcfb,CURRENT_SOURCE
index_archivos/libs/fontawesome/svgs/brands/meetup.svg,.svg,2132,d10e8ec4958b8dd95f41c9f25236c148bebbc2b84f1f589df1b98e0a7f7aafa1,CURRENT_SOURCE
index_archivos/libs/fontawesome/svgs/brands/megaport.svg,.svg,429,41fcf8e7215ab5e460ba6370ffe9b1a7cd57869a7bf1c01e047acf2cce903d7f,CURRENT_SOURCE
index_archivos/libs/fontawesome/svgs/brands/mendeley.svg,.svg,736,03cf1f44370dc2a5b3b17cbf5ad9e144f08de9d33949f9027f7396f85145cfcf,CURRENT_SOURCE
index_archivos/libs/fontawesome/svgs/brands/microblog.svg,.svg,628,eca20314f08b52005ef66e3c8503deffe2fa79c23b08406fbddfd5a5fcc4b1fd,CURRENT_SOURCE
index_archivos/libs/fontawesome/svgs/brands/microsoft.svg,.svg,187,3fc760e8ba9a55424d7c9735223421c6587413d2ab4035c0613ca12d26ae647f,CURRENT_SOURCE
index_archivos/libs/fontawesome/svgs/brands/mix.svg,.svg,224,770405816e5b392965cb743841752d3ff18bfa60cd6eb9e3fa732b607cc1d841,CURRENT_SOURCE
index_archivos/libs/fontawesome/svgs/brands/mixcloud.svg,.svg,1375,95940f388c190a06b6737b5d6bc39e0d14a90d38178125794197c93b8b9757f1,CURRENT_SOURCE
index_archivos/libs/fontawesome/svgs/brands/mixer.svg,.svg,506,2ebbc8429e87b62e5f014464ca40e603587d113417c1449506adfff91801da3a,CURRENT_SOURCE
index_archivos/libs/fontawesome/svgs/brands/mizuni.svg,.svg,437,31f65941897608027411e2234c2d6e47721b920685577467b098efb1585bdb0d,CURRENT_SOURCE
index_archivos/libs/fontawesome/svgs/brands/modx.svg,.svg,248,39aae90ad9579a0beb29d2a63ca74833cf90b7f28c74ee4409ad368e50d5fe45,CURRENT_SOURCE
index_archivos/libs/fontawesome/svgs/brands/monero.svg,.svg,294,0e99c29bd418f1d9dc62025f855eb21a09603161ea4ba1867e84d9eca86283f8,CURRENT_SOURCE
index_archivos/libs/fontawesome/svgs/brands/napster.svg,.svg,980,d25d7b4f826b23c229468d2bb3adeb8aa100e8f7f3b2fbac7069dce85da52a3d,CURRENT_SOURCE
index_archivos/libs/fontawesome/svgs/brands/neos.svg,.svg,439,faa87933ae9a622657d7f2f4ce9c87905361c908d8530c2d28004093bc63a7a0,CURRENT_SOURCE
index_archivos/libs/fontawesome/svgs/brands/nimblr.svg,.svg,554,d1b7809368ceebb5ad080152da9ee31e164ba84ddf7ecd71f12615a2eb7e155b,CURRENT_SOURCE
index_archivos/libs/fontawesome/svgs/brands/node-js.svg,.svg,1164,a04a838059b09a443e8909a299311bf55772529aa2d8ccc2f4ed257e88255c29,CURRENT_SOURCE
index_archivos/libs/fontawesome/svgs/brands/node.svg,.svg,3117,17333d38fdcf831a3b735903b41aad24dfebbb5f9bc3a569f25039f9ceb4c819,CURRENT_SOURCE
index_archivos/libs/fontawesome/svgs/brands/npm.svg,.svg,254,70da8a593dcbc4c5078af004fc741541b75683dee4f0bea705803c6be1cee809,CURRENT_SOURCE
index_archivos/libs/fontawesome/svgs/brands/ns8.svg,.svg,1026,efd8bb3236c42305b4f2792103d853105514efd3d1e913114177400294da9794,CURRENT_SOURCE
index_archivos/libs/fontawesome/svgs/brands/nutritionix.svg,.svg,1498,b4cd664515f2a10ebd863f1626d3e04bef4c02740d410748ba264cb725aa9f48,CURRENT_SOURCE
index_archivos/libs/fontawesome/svgs/brands/odnoklassniki-square.svg,.svg,768,2703cd73c24a444bf432650553fbc369da257dd042fdcfc9989fdbe816027c15,CURRENT_SOURCE
index_archivos/libs/fontawesome/svgs/brands/odnoklassniki.svg,.svg,663,9f407256a539dcaef307886a000947de677eebafeaec0b5296af2db32c97c976,CURRENT_SOURCE
index_archivos/libs/fontawesome/svgs/brands/old-republic.svg,.svg,11219,23dd3264af764adeaaa2814ffd7e342b7bb95e3f5c3c9fdfcc2a8b6aab27f43d,CURRENT_SOURCE
index_archivos/libs/fontawesome/svgs/brands/opencart.svg,.svg,426,b12cd57047480b2f59402ddf4ca0f73b8712ca0dc568d16875c0946467748674,CURRENT_SOURCE
index_archivos/libs/fontawesome/svgs/brands/openid.svg,.svg,334,56070ef5d69713703ef5d6ffd6f06cb3aa7ec31145fadf7aeb474cdf2c925fec,CURRENT_SOURCE
index_archivos/libs/fontawesome/svgs/brands/opera.svg,.svg,494,8020d16333cf9b2362c99261c9019c4f546457361fe5f28b01081a967172b299,CURRENT_SOURCE
index_archivos/libs/fontawesome/svgs/brands/optin-monster.svg,.svg,4751,6b7aaddef6e52747c9a43ef623acca58f0096fd42a6f66fbf4948d97bd036ba0,CURRENT_SOURCE
index_archivos/libs/fontawesome/svgs/brands/orcid.svg,.svg,443,3e7b1a2277ac06a9f56d4bac6bd81c4c112fa419a3fdbe7d7a77c0b0f8aabff8,CURRENT_SOURCE
index_archivos/libs/fontawesome/svgs/brands/osi.svg,.svg,955,0b93ee5ab3c11d405a589b940f2488eab6e66a9d595be856b1f3418ae74bf84e,CURRENT_SOURCE
index_archivos/libs/fontawesome/svgs/brands/page4.svg,.svg,804,5d7c66d116046407f378a0443c815c5f4d5fe8072a9dbd991cd380aeba9c850a,CURRENT_SOURCE
index_archivos/libs/fontawesome/svgs/brands/pagelines.svg,.svg,564,aaa469fa7b42e09afd2b45e6188f0e6e537228415673a0b6b05a6767c790716e,CURRENT_SOURCE
index_archivos/libs/fontawesome/svgs/brands/palfed.svg,.svg,842,04c25d3a966ad4c1fb9fd59604a0625948b5974d0b59aaa091563fe75d1e44c3,CURRENT_SOURCE
index_archivos/libs/fontawesome/svgs/brands/patreon.svg,.svg,237,982aa4f280cc6c1cd33d44faf49783820fd7021a00063208cd4885a21c94f1e8,CURRENT_SOURCE
index_archivos/libs/fontawesome/svgs/brands/paypal.svg,.svg,633,f5deaef612619f4b82fe5923128d3bee0e26aa5ede857bf6d2c367dc450dd97c,CURRENT_SOURCE
index_archivos/libs/fontawesome/svgs/brands/penny-arcade.svg,.svg,1202,69f95013b5659f4be247c4fdf13364fa4ef8efd69f7f0d8eecd97b8f7ae1b413,CURRENT_SOURCE
index_archivos/libs/fontawesome/svgs/brands/periscope.svg,.svg,608,1ddaab4763bc37b4c3af2f04b7ac317320a6a44738bcb89a8e9db7915e7c6c6c,CURRENT_SOURCE
index_archivos/libs/fontawesome/svgs/brands/phabricator.svg,.svg,1028,f739cbc25a869244b19e3ae29c8db8b1fe1e53995da0e310325b226fa6fab397,CURRENT_SOURCE
index_archivos/libs/fontawesome/svgs/brands/phoenix-framework.svg,.svg,2492,375dd29c46b56d3027e990f92c770e4768820e3acfb1b9e60d61644669384759,CURRENT_SOURCE
index_archivos/libs/fontawesome/svgs/brands/phoenix-squadron.svg,.svg,1597,3842f092dcafc77a678ff3767e36cefbeb328c91748e966f0b2a7c77aa5f9925,CURRENT_SOURCE
index_archivos/libs/fontawesome/svgs/brands/php.svg,.svg,852,19b245eb6da2ec852aaa807fdd1cbb6e4d132fdff1122e414848a860b662912f,CURRENT_SOURCE
index_archivos/libs/fontawesome/svgs/brands/pied-piper-alt.svg,.svg,1672,22cff0626b760a1f5caed80e447357e6abc115226cfc39c843b7040806ca7a14,CURRENT_SOURCE
index_archivos/libs/fontawesome/svgs/brands/pied-piper-hat.svg,.svg,620,5f50d6b5d47babbadf0e87c96154b5a36fcfb5c501961dc0016b2cba64cdba8c,CURRENT_SOURCE
index_archivos/libs/fontawesome/svgs/brands/pied-piper-pp.svg,.svg,742,fd9eb3c77cf4015a7799e953c4847a4ee9a443e113c157dac3fe0621d0bf76d6,CURRENT_SOURCE
index_archivos/libs/fontawesome/svgs/brands/pied-piper-square.svg,.svg,363,b9138016390b910473a3cb3c3af495d000c8c649d8a18f1e5dfff3c18bf72de3,CURRENT_SOURCE
index_archivos/libs/fontawesome/svgs/brands/pied-piper.svg,.svg,629,b7dcf2f0bde2eb2373b277fd855d6aa046957eb0528138c4acb2379b19f40110,CURRENT_SOURCE
index_archivos/libs/fontawesome/svgs/brands/pinterest-p.svg,.svg,575,2e2209fc9a55a89cb11585dab85bc98753dfce1bccc961cfb2ed4e5e86e65b5e,CURRENT_SOURCE
index_archivos/libs/fontawesome/svgs/brands/pinterest-square.svg,.svg,709,56d5632cbc6e687d4624f953ce0f974d131f1923f80cff1ae25af93ee2aaf8bf,CURRENT_SOURCE
index_archivos/libs/fontawesome/svgs/brands/pinterest.svg,.svg,746,5210730d709661d57b74fbb3608618e511d3b9cafa557f365ba7da4412e912a1,CURRENT_SOURCE
index_archivos/libs/fontawesome/svgs/brands/playstation.svg,.svg,674,b10493c0ad948cfd3f0f38e7aa5ae3579b06f2e9538cad6d0836f769b16572f4,CURRENT_SOURCE
index_archivos/libs/fontawesome/svgs/brands/product-hunt.svg,.svg,328,64db62160ee98d34e3eea91cb9dbf67f294795161237de3107812f9afa61871a,CURRENT_SOURCE
index_archivos/libs/fontawesome/svgs/brands/pushed.svg,.svg,543,2d0e9fe78472d3091910a7f75864a2e76eb0251c5898e057e17e32b80387a80c,CURRENT_SOURCE
index_archivos/libs/fontawesome/svgs/brands/python.svg,.svg,844,0b6b4f097b82d5497f4272f15de46bd8fc849ac00fb7483f783dbea82dd6f277,CURRENT_SOURCE
index_archivos/libs/fontawesome/svgs/brands/qq.svg,.svg,647,0f4c508ba103bc29ab66311ba0ff02fb377ef0318af70417fa1542eaaf2f9155,CURRENT_SOURCE
index_archivos/libs/fontawesome/svgs/brands/quinscape.svg,.svg,410,de8c7a7b3046d6db18bbc35cc1981ee78fbff84d384f4dd696def9a70dd69c13,CURRENT_SOURCE
index_archivos/libs/fontawesome/svgs/brands/quora.svg,.svg,572,6638cbbd3ad2557ea39b0f18cb23499047da98197d527db94b508c823cda2584,CURRENT_SOURCE
index_archivos/libs/fontawesome/svgs/brands/r-project.svg,.svg,625,1b7c692ab384878adbe2a4cd319e63ad73403f4cc2ee131d3030424f863b2577,CURRENT_SOURCE
index_archivos/libs/fontawesome/svgs/brands/raspberry-pi.svg,.svg,3819,1cad1518ad90f6c36c6275f9c9814562409c41a17d6b37ed3ef8fc90b7fb2919,CURRENT_SOURCE
index_archivos/libs/fontawesome/svgs/brands/ravelry.svg,.svg,1302,70b9b1217d27ae218e0a001a2fad3378017d5f1f13f0b32fb111220fbfdcc0ff,CURRENT_SOURCE
index_archivos/libs/fontawesome/svgs/brands/react.svg,.svg,2908,3452791828bd81e06565b5d360403c50969002d2817d988166f04d347828e332,CURRENT_SOURCE
index_archivos/libs/fontawesome/svgs/brands/reacteurope.svg,.svg,5488,1f2a052afa7f3ad3bf11286794da27f28db2289fbba7ade6e96a6d7841e71001,CURRENT_SOURCE
index_archivos/libs/fontawesome/svgs/brands/readme.svg,.svg,1063,b4db4c26255d877307121e89b3b7749136c94724d7838ca24c6b46496da29d05,CURRENT_SOURCE
index_archivos/libs/fontawesome/svgs/brands/rebel.svg,.svg,631,e4d7c4fe105ead764ef7e9b2d1d655c6cabdc0eb26a2e4fcf0c376848af50d3c,CURRENT_SOURCE
index_archivos/libs/fontawesome/svgs/brands/red-river.svg,.svg,489,f1868ea854d28a8ca633004e3166a44a8e046041f9a6be87698e698481662c3b,CURRENT_SOURCE
index_archivos/libs/fontawesome/svgs/brands/reddit-alien.svg,.svg,926,ac23221d071c8b06a38a6a692844231a5056562b30ca9e1b993f3c7ba69c7004,CURRENT_SOURCE
index_archivos/libs/fontawesome/svgs/brands/reddit-square.svg,.svg,1037,07d8f1ba66f3acf9058d57c04877b006dc3a13c892342cc747890101649febcd,CURRENT_SOURCE
index_archivos/libs/fontawesome/svgs/brands/reddit.svg,.svg,988,d0c3947e45a069085f3d751f967b16aa6cd294eeb75c6e1465ce34bd68e64931,CURRENT_SOURCE
index_archivos/libs/fontawesome/svgs/brands/redhat.svg,.svg,643,ba04326f6de10f972eb520d0a07e726f00bbfabe3ba40127988e27980dd6ac03,CURRENT_SOURCE
index_archivos/libs/fontawesome/svgs/brands/renren.svg,.svg,412,11bd027d57abcc5ef3ef55de2b5445ac3e3a0bc24f0a74391b6b771727ba58b5,CURRENT_SOURCE
index_archivos/libs/fontawesome/svgs/brands/replyd.svg,.svg,1297,6448668da11037585631cf605029ef2a169be8cd429e366cc94128809d91d163,CURRENT_SOURCE
index_archivos/libs/fontawesome/svgs/brands/researchgate.svg,.svg,812,5191e40e3478d8da1b00f6c2c14c4bc4197821b632a899d80a80db02afc59ce3,CURRENT_SOURCE
index_archivos/libs/fontawesome/svgs/brands/resolving.svg,.svg,553,677bb1b4029bc01eca8d71478a501d7dfd6ec1e14281f735e76269cb4cd707c8,CURRENT_SOURCE
index_archivos/libs/fontawesome/svgs/brands/rev.svg,.svg,443,09c0ee429e2092325630d34080863d8a2e9266c1cdc3d099cf773b089babe0a8,CURRENT_SOURCE
index_archivos/libs/fontawesome/svgs/brands/rocketchat.svg,.svg,938,83862c9770b12b7e70785e38ab68714e62208c353321fe492f7a3228b50e03ab,CURRENT_SOURCE
index_archivos/libs/fontawesome/svgs/brands/rockrms.svg,.svg,343,1d5cb93f8da297f2e761edac4d17f490582952f1248ff5015c05942cc4da79c9,CURRENT_SOURCE
index_archivos/libs/fontawesome/svgs/brands/safari.svg,.svg,1697,cc8e93b29e5988853044f147353f9c6c2d51f3d0329ad79b286fe55cc3174e54,CURRENT_SOURCE
index_archivos/libs/fontawesome/svgs/brands/salesforce.svg,.svg,4278,cfd13b04077e105b4e5f12fe10c80f29ea607bb2366c34e8e446d684e4b8a630,CURRENT_SOURCE
index_archivos/libs/fontawesome/svgs/brands/sass.svg,.svg,3087,5c4ea24626fa7a40c1b77484f1a6e50bfdaa7fb2242de08e55c738ba89716c41,CURRENT_SOURCE
index_archivos/libs/fontawesome/svgs/brands/schlix.svg,.svg,864,39ebf27e115ef873d4745154c3ca5d5f1d3825c778bdd4cffe6e6f2b6775f4b2,CURRENT_SOURCE
index_archivos/libs/fontawesome/svgs/brands/scribd.svg,.svg,737,b00265fbdbc8d8b19ef3176605ab2f6fe67d79547d8f6535f59c104ba6ab0f85,CURRENT_SOURCE
index_archivos/libs/fontawesome/svgs/brands/searchengin.svg,.svg,757,ebedd958a3ead7ee52d842a1c703edb8ff939e202f5474537e6c31da6153a498,CURRENT_SOURCE
index_archivos/libs/fontawesome/svgs/brands/sellcast.svg,.svg,830,7037a6cf82e399082bd97ba5cb9e36f9489d3377dab1ceb7f138c69f9acfbd0a,CURRENT_SOURCE
index_archivos/libs/fontawesome/svgs/brands/sellsy.svg,.svg,1210,7b5140fd5629be7707905ac176860a7de67970ff1d13dc5d22829b252c22190c,CURRENT_SOURCE
index_archivos/libs/fontawesome/svgs/brands/servicestack.svg,.svg,250,6637c92f76f251ff07fa529181af1fc6c9ebb975ad3419d6fa947a8fbe5f7a7f,CURRENT_SOURCE
index_archivos/libs/fontawesome/svgs/brands/shirtsinbulk.svg,.svg,1588,0f336568146125fd40f469b21235f60a54f6198fab6dc9ed5bdbc29345e77b82,CURRENT_SOURCE
index_archivos/libs/fontawesome/svgs/brands/shopify.svg,.svg,1317,99d603b7367da0522f0ea299f7cbf56fa7d5c6ea59dca19786ae9676a9c16b3e,CURRENT_SOURCE
index_archivos/libs/fontawesome/svgs/brands/shopware.svg,.svg,591,01907c8a86653fe0682c84db9a8e69073f0e2008d5f1155746967f0bce91af5b,CURRENT_SOURCE
index_archivos/libs/fontawesome/svgs/brands/simplybuilt.svg,.svg,533,e866705bdd4337f739b9f29023fd7cc6b1f63a3fb18edb5364f865e1856f3cb4,CURRENT_SOURCE
index_archivos/libs/fontawesome/svgs/brands/sistrix.svg,.svg,357,1c57b2829a8b92521325293eaf74b1c2f5e61599d92a30df454ac81dff0d808b,CURRENT_SOURCE
index_archivos/libs/fontawesome/svgs/brands/sith.svg,.svg,826,14c4ce06fa2db982eba00cee2d4d52810f5ae79f790e667c4cb922fae8c1f5a6,CURRENT_SOURCE
index_archivos/libs/fontawesome/svgs/brands/sketch.svg,.svg,410,91a3b12f5faea2f42da41b2eb8fdbeef884dfdafbe929fafc7fbb8b8db2c7272,CURRENT_SOURCE
index_archivos/libs/fontawesome/svgs/brands/skyatlas.svg,.svg,739,2cd555fd615a31038ae5155a5e0e6d83e485fb07926251837bf861e11d758ba5,CURRENT_SOURCE
index_archivos/libs/fontawesome/svgs/brands/skype.svg,.svg,785,fd547129723d58fceb1065e95ad9f01a1715548aa61985fe9e6189b0a95c1c9c,CURRENT_SOURCE
index_archivos/libs/fontawesome/svgs/brands/slack-hash.svg,.svg,771,ec0a79a9f51e19319ae2401d0c9d8412e2a5fa32e723438f40d2f2307ba6a068,CURRENT_SOURCE
index_archivos/libs/fontawesome/svgs/brands/slack.svg,.svg,1069,da7df193c39a41a5bd7af5566f2d92ecede552e279a442261a95602b309c1245,CURRENT_SOURCE
index_archivos/libs/fontawesome/svgs/brands/slideshare.svg,.svg,862,9cd8901e6792672c6509e3a44cee194663bf94576c58072a205b35509c67d61d,CURRENT_SOURCE
index_archivos/libs/fontawesome/svgs/brands/snapchat-ghost.svg,.svg,1482,d48d6c6d2ca609cdeb5a265f95dbe3f045e3d5fc1c492c20045dadfbdb75ab58,CURRENT_SOURCE
index_archivos/libs/fontawesome/svgs/brands/snapchat-square.svg,.svg,1090,2ccbab2b2b25426ce0e9e7dc70091610e6f20cf07e08a10ed73586fe3c2f36b4,CURRENT_SOURCE
index_archivos/libs/fontawesome/svgs/brands/snapchat.svg,.svg,1055,07cc150bea427d1c2361ccb87638054edf62bb456501529a0c64bc01a97716b8,CURRENT_SOURCE
index_archivos/libs/fontawesome/svgs/brands/soundcloud.svg,.svg,2188,a2c445f8c021283bc8ae3edb90d2eb3a447e3088edd13010bd165593fe489997,CURRENT_SOURCE
index_archivos/libs/fontawesome/svgs/brands/sourcetree.svg,.svg,334,fd63f588e601e6ca3c3ac53fa0b168fe756f34e6db71740d1045e5b3de3abc52,CURRENT_SOURCE
index_archivos/libs/fontawesome/svgs/brands/speakap.svg,.svg,635,d91ede2b02d97a76a556695aa1d6093f917cfe94f2ec653bfb7b759dc32e9e15,CURRENT_SOURCE
index_archivos/libs/fontawesome/svgs/brands/speaker-deck.svg,.svg,440,966b30a90d42c75907f07a0ffa23385a5ef0d16172994a870b8408982fe7ac52,CURRENT_SOURCE
index_archivos/libs/fontawesome/svgs/brands/spotify.svg,.svg,869,0087cbf3c07bafd61c9047c0565abe4b9a630ffcd452f923a6c10a3f400e1f20,CURRENT_SOURCE
index_archivos/libs/fontawesome/svgs/brands/squarespace.svg,.svg,1185,f8530c751bd33a37749ea71aabb018e5e08259e4009c16ba1a997203596dfa64,CURRENT_SOURCE
index_archivos/libs/fontawesome/svgs/brands/stack-exchange.svg,.svg,300,c9a261c8476382b43c813e01a5c033200f466c5ca012b08db39810823f064b4b,CURRENT_SOURCE
index_archivos/libs/fontawesome/svgs/brands/stack-overflow.svg,.svg,299,34d70fcb2814bf863b2563b52758128d6b08e342b73aaa74c9bb21696cf40d87,CURRENT_SOURCE
index_archivos/libs/fontawesome/svgs/brands/stackpath.svg,.svg,786,dcc277a73a8ea7a509018668348ac4b10502a2345e456a7c7e93f4e0b847067a,CURRENT_SOURCE
index_archivos/libs/fontawesome/svgs/brands/staylinked.svg,.svg,795,6fdccf2a3026c25312e4dca82c78f29a3d859814f1817026860d9050d01d81b3,CURRENT_SOURCE
index_archivos/libs/fontawesome/svgs/brands/steam-square.svg,.svg,829,f0fc874902f8051d32c9ea4ca6ccb676686f2d5fd64c92c2ab00941b6df70938,CURRENT_SOURCE
index_archivos/libs/fontawesome/svgs/brands/steam-symbol.svg,.svg,694,e1d78029d8bec8bc2bdc4ce59b73005d9d42dad76b9cb310365148bc22afae28,CURRENT_SOURCE
index_archivos/libs/fontawesome/svgs/brands/steam.svg,.svg,812,5e72b0974afdc7d80725cd05f8b84689f17cd0e0c6fbee644b5f457bb8f7aa18,CURRENT_SOURCE
index_archivos/libs/fontawesome/svgs/brands/sticker-mule.svg,.svg,1635,7d4b49b11e082399cb830526526e9465767cc3ea34aba004ac00c7c4a71be958,CURRENT_SOURCE
index_archivos/libs/fontawesome/svgs/brands/strava.svg,.svg,184,d9f49c466142cf8353e22a9c9633a99ecbafd4d2b57ebbc78bff529b2bffbd2e,CURRENT_SOURCE
index_archivos/libs/fontawesome/svgs/brands/stripe-s.svg,.svg,383,1c4299651de2bfc208101de00958be9fc753537262fabc8aadc24d893ae3503e,CURRENT_SOURCE
index_archivos/libs/fontawesome/svgs/brands/stripe.svg,.svg,1199,67de04aa7b8301a1f923b966005d086e3b2e0c197b419e6db2d577a0e8ead4f3,CURRENT_SOURCE
index_archivos/libs/fontawesome/svgs/brands/studiovinari.svg,.svg,567,819ca41dbbc29cbd47ab2211a7d4ee764a0d6ba15e27b70e234f90963bbd895d,CURRENT_SOURCE
index_archivos/libs/fontawesome/svgs/brands/stumbleupon-circle.svg,.svg,587,f1754eea31fa55a4dbba16eac45680608d02ea2de0811186410e98d1797c0b74,CURRENT_SOURCE
index_archivos/libs/fontawesome/svgs/brands/stumbleupon.svg,.svg,498,04ded145f79d663cf1344835641db3cd43bc25acdb672b8244009375cf4308ac,CURRENT_SOURCE
index_archivos/libs/fontawesome/svgs/brands/superpowers.svg,.svg,400,7d4e5bc64f94997669c553c8c2e736d6623f1ac8e6f8bf2cabe2ea15d2ece390,CURRENT_SOURCE
index_archivos/libs/fontawesome/svgs/brands/supple.svg,.svg,1712,c0b208d17054f67c5f310d6c04a6ee4349ff5ed86659fe284eefe79a45ac9d2b,CURRENT_SOURCE
index_archivos/libs/fontawesome/svgs/brands/suse.svg,.svg,1289,aa65ea9c771b82f00177fe8a319963ac13e3623ad8511d2b629ede0ad91db66c,CURRENT_SOURCE
index_archivos/libs/fontawesome/svgs/brands/swift.svg,.svg,1553,0c189256fa3d09d989f4ee11c7f7ecbd4e9e5d543a620d9a3acd94b60ef7fb86,CURRENT_SOURCE
index_archivos/libs/fontawesome/svgs/brands/symfony.svg,.svg,1183,aabd438449f1696c2d51a18e6604ed66f267c48bf74c7784e55be66d9b0e1f7a,CURRENT_SOURCE
index_archivos/libs/fontawesome/svgs/brands/teamspeak.svg,.svg,1075,eb456c258286987c73f52fdcad32b60f20673d973595e11f677eef861f8cd51b,CURRENT_SOURCE
index_archivos/libs/fontawesome/svgs/brands/telegram-plane.svg,.svg,320,74e851907b10f674521f4bee3f24b90283fa53534bda9940bc721f047dffe8c2,CURRENT_SOURCE
index_archivos/libs/fontawesome/svgs/brands/telegram.svg,.svg,376,40cdd85d14660c54022777af356d12f4a7ea85460012b0193eab0bd889068a32,CURRENT_SOURCE
index_archivos/libs/fontawesome/svgs/brands/tencent-weibo.svg,.svg,496,b1c308b3fa9e484242e4469783450855ddd8de24558c1850131b275a4eab80c3,CURRENT_SOURCE
index_archivos/libs/fontawesome/svgs/brands/the-red-yeti.svg,.svg,6169,cf0423f1732fb851326ea9fcac00863edcbeaede9fbe3bbf439424f6b0864b0b,CURRENT_SOURCE
index_archivos/libs/fontawesome/svgs/brands/themeco.svg,.svg,756,211a9175297b99ee5c4b513ca33bf13895b3404372f8fe36c0a5f52ab69d9656,CURRENT_SOURCE
index_archivos/libs/fontawesome/svgs/brands/themeisle.svg,.svg,3279,1247abb2f7a425ad803ddad27ea39f843a237a57c1fd40ea78a8d941d76b7ce9,CURRENT_SOURCE
index_archivos/libs/fontawesome/svgs/brands/think-peaks.svg,.svg,211,12fb1b79955809a488b9dc7c682ea75e23beac22c9cc3c6c23502989152f6970,CURRENT_SOURCE
index_archivos/libs/fontawesome/svgs/brands/trade-federation.svg,.svg,1378,adfed1f2e7757c138d4f7dbe71917a6611020f9dc949dfb40becfb50b4c1965c,CURRENT_SOURCE
index_archivos/libs/fontawesome/svgs/brands/trello.svg,.svg,484,4b1534f5b4f5ec35411a685252892ab1e147bbe4def037f86970250e18e91a55,CURRENT_SOURCE
index_archivos/libs/fontawesome/svgs/brands/tripadvisor.svg,.svg,2012,6505681eb53dc6971bd736a4d7d541d653efb3256781abc75b8bfa2531bd71fc,CURRENT_SOURCE
index_archivos/libs/fontawesome/svgs/brands/tumblr-square.svg,.svg,557,ed10e8fb25ee0a9cadabd88b5ac169ecdb7e1991401e16dfeea5db73bea23374,CURRENT_SOURCE
index_archivos/libs/fontawesome/svgs/brands/tumblr.svg,.svg,445,a7c3fb502573be1151d12d9863bc32f58c83682ba3c8e7046d612993bc321261,CURRENT_SOURCE
index_archivos/libs/fontawesome/svgs/brands/twitch.svg,.svg,282,2c67cc8c8f88b2939edbf5c1cb286929fc68395ff5a6762daaf284e29f8d30dc,CURRENT_SOURCE
index_archivos/libs/fontawesome/svgs/brands/twitter-square.svg,.svg,671,4178961d4aee6b3e4fed3c30cce0dc82102f02e4fa5f7ca69dcb69b051f97355,CURRENT_SOURCE
index_archivos/libs/fontawesome/svgs/brands/twitter.svg,.svg,871,082f579d2670dd6302b31a7be61ece128710bf84b8f46b6b7208967ed883a390,CURRENT_SOURCE
index_archivos/libs/fontawesome/svgs/brands/typo3.svg,.svg,402,868f50306e18df4301d086b0daf8beec02d7fae530d789ebb7b68d7c4351b47b,CURRENT_SOURCE
index_archivos/libs/fontawesome/svgs/brands/uber.svg,.svg,460,f166c87a714ecda401a1a14665e7f6fb68eb6b19d460e24a744d67fd6a3f54d2,CURRENT_SOURCE
index_archivos/libs/fontawesome/svgs/brands/ubuntu.svg,.svg,949,6650ba2faca5d7cf532a1cbfc80b8b33033455669630024b6d529249b90933f7,CURRENT_SOURCE
index_archivos/libs/fontawesome/svgs/brands/uikit.svg,.svg,235,4a0e811f3003cd0cc10c35fa009bc8fb8f83302564c796ff8a5e2a82deb3b245,CURRENT_SOURCE
index_archivos/libs/fontawesome/svgs/brands/umbraco.svg,.svg,975,33e065bee0a6ba32e305d82972e8ec2e8efac8c3a81f4bfa80fbbdea264f79e9,CURRENT_SOURCE
index_archivos/libs/fontawesome/svgs/brands/uniregistry.svg,.svg,1048,f1b4bbe31282d9daa026292b519020f5f7856ef8d3f5a7ea571ce945e736cd42,CURRENT_SOURCE
index_archivos/libs/fontawesome/svgs/brands/unity.svg,.svg,346,1c934679de49a8a8827cc01f14abf080d4a5c5b36bbd73ff7c912330019ea2e3,CURRENT_SOURCE
index_archivos/libs/fontawesome/svgs/brands/untappd.svg,.svg,1122,e884300d17d560ba955aa9da4fdee90c9e0da16406bc9568d640a780e6b5a6e2,CURRENT_SOURCE
index_archivos/libs/fontawesome/svgs/brands/ups.svg,.svg,747,f2e7c85f0efe749325590bafe7cd548fd2eb069a8a73ecea65bafe8ce33ba78d,CURRENT_SOURCE
index_archivos/libs/fontawesome/svgs/brands/usb.svg,.svg,761,03665d3efd4787d62cec8235920fb9a4f31a1c6ad2c246919d91b4c15a6eaa68,CURRENT_SOURCE
index_archivos/libs/fontawesome/svgs/brands/usps.svg,.svg,569,9698e61e5fea318fc9fa84093e0f918f373b601aadf34f3c4241db489deb903b,CURRENT_SOURCE
index_archivos/libs/fontawesome/svgs/brands/ussunnah.svg,.svg,3256,6657a786ae1b4261207b71dbafd2f019f681936763638dca7e78ed944a954f23,CURRENT_SOURCE
index_archivos/libs/fontawesome/svgs/brands/vaadin.svg,.svg,765,b9122a16eceeb3a874ea608589bd7421901d17a26933412f93e6789f1f55b2ac,CURRENT_SOURCE
index_archivos/libs/fontawesome/svgs/brands/viacoin.svg,.svg,236,b1144b9c4690b9b4aa099bfa05b847851789c23dae85513f6b37842cf56a3617,CURRENT_SOURCE
index_archivos/libs/fontawesome/svgs/brands/viadeo-square.svg,.svg,885,4c86ea6013606818c857c71aa9e79fb0a7cf1fb632dfc611115a6904babc9235,CURRENT_SOURCE
index_archivos/libs/fontawesome/svgs/brands/viadeo.svg,.svg,817,a5493e4bfeef6895de6f5fd5117dc9431c3a43b4361eae02fc8862f7ba5c0def,CURRENT_SOURCE
index_archivos/libs/fontawesome/svgs/brands/viber.svg,.svg,1457,c21937bce9dceaeaf6f5c637f18dd69ae2eea412c9158bb933dd19b9cce57180,CURRENT_SOURCE
index_archivos/libs/fontawesome/svgs/brands/vimeo-square.svg,.svg,552,b04b7da4d7e5bf8a79ceac95c21a688298fc9acdddc512f2ea1dfb95e67360f1,CURRENT_SOURCE
index_archivos/libs/fontawesome/svgs/brands/vimeo-v.svg,.svg,461,824a064402d02a30aab93ef3a3ead7ae383d5717d5f085865a36261e7ad2f720,CURRENT_SOURCE
index_archivos/libs/fontawesome/svgs/brands/vimeo.svg,.svg,575,4f578f9bee45720e77ae8c5c27d780375fd6dabf15b7318fabf426bb823f5d66,CURRENT_SOURCE
index_archivos/libs/fontawesome/svgs/brands/vine.svg,.svg,501,2654bbe20882e6d728ac161113f0cfc677123b03aa8157b9cea430862201cce8,CURRENT_SOURCE
index_archivos/libs/fontawesome/svgs/brands/vk.svg,.svg,689,c2ebfcfe1a6c4476aae965b8b071181fb3237e31c1c8dba3cecf243d31ae534b,CURRENT_SOURCE
index_archivos/libs/fontawesome/svgs/brands/vnv.svg,.svg,851,c42228456cb0aed96e59f3ea4af94dcf2303027a7f5a342513d7fec0baa5f7e4,CURRENT_SOURCE
index_archivos/libs/fontawesome/svgs/brands/vuejs.svg,.svg,200,6fbd94ff2dfe011edee69a02033fac3171bd72ed99a905e6e0e90f5121652565,CURRENT_SOURCE
index_archivos/libs/fontawesome/svgs/brands/waze.svg,.svg,1053,421248ae4e72a0be7867ed334f806be6f848026a040d7b6c579adfa08238efff,CURRENT_SOURCE
index_archivos/libs/fontawesome/svgs/brands/weebly.svg,.svg,1008,97ddaca53f4b21dec984d27608ebdf4748cf0a645852f144f5418605c02dfdaa,CURRENT_SOURCE
index_archivos/libs/fontawesome/svgs/brands/weibo.svg,.svg,1000,32b0d80cf119466a65aefbeafeae01eccbdb5a4a8232133054ec80fef8c5e301,CURRENT_SOURCE
index_archivos/libs/fontawesome/svgs/brands/weixin.svg,.svg,948,7d7c5b8d1ca45e3b18c784e78579d6bf9a391f0add74dbb1e94ecbf30e5bf7fc,CURRENT_SOURCE
index_archivos/libs/fontawesome/svgs/brands/whatsapp-square.svg,.svg,1028,0df3ab4543243c9b84f43e5913293e7e64726af9b9f47982dfbe3343bdc3bae0,CURRENT_SOURCE
index_archivos/libs/fontawesome/svgs/brands/whatsapp.svg,.svg,966,d419bdeddb077bdfa5079ef59a244a7f1dc4a99fff114dc137f610f1f78da387,CURRENT_SOURCE
index_archivos/libs/fontawesome/svgs/brands/whmcs.svg,.svg,1258,0fdef1c0d8985208106008a2d4029eb3cbebd4a9bea4f8ba80a9dead26a8fe76,CURRENT_SOURCE
index_archivos/libs/fontawesome/svgs/brands/wikipedia-w.svg,.svg,777,2ec015231fb4b9ce193a13652747f405d4707d45c78ea175faca7f2fa1db5f6d,CURRENT_SOURCE
index_archivos/libs/fontawesome/svgs/brands/windows.svg,.svg,215,42e813d0c4b835ae3505059714806524957dc27610961054628bc4d6d43799bc,CURRENT_SOURCE
index_archivos/libs/fontawesome/svgs/brands/wix.svg,.svg,1228,fbd385ada7c631366c2317bca30783c57a143e14cef8e7dc05f5bca367403fbb,CURRENT_SOURCE
index_archivos/libs/fontawesome/svgs/brands/wizards-of-the-coast.svg,.svg,8139,2b890c92f383ef59cc88c9cbed83ac122e328893abe0a91b10614851dae48c27,CURRENT_SOURCE
index_archivos/libs/fontawesome/svgs/brands/wolf-pack-battalion.svg,.svg,2472,002804c3ade7ef3a1161a4f642ebbbf49306e4de77fb5a02b0e8fc7367221f4a,CURRENT_SOURCE
index_archivos/libs/fontawesome/svgs/brands/wordpress-simple.svg,.svg,963,81d156de3c6cf4a8c72ad7644f02be865ba72cc7de2d16e4fafd792e2bc71222,CURRENT_SOURCE
index_archivos/libs/fontawesome/svgs/brands/wordpress.svg,.svg,1104,6816012e213ddf83ab2c2533c57f64be08e613e5f2fb0f28dbd970d5f9916bc9,CURRENT_SOURCE
index_archivos/libs/fontawesome/svgs/brands/wpbeginner.svg,.svg,578,d93226411f07df88521708b61705dbeb4ac73ea5c4024df4d7f8ea631429ec9e,CURRENT_SOURCE
index_archivos/libs/fontawesome/svgs/brands/wpexplorer.svg,.svg,517,907d6dd6d445104e27e3af903b437a4a1ea1df304473fdc3e7ff3e03e70630ae,CURRENT_SOURCE
index_archivos/libs/fontawesome/svgs/brands/wpforms.svg,.svg,590,d840808e163d4bd9c8ce6210aa32589ace749c7ff2881c96fc039e479b3c1392,CURRENT_SOURCE
index_archivos/libs/fontawesome/svgs/brands/wpressr.svg,.svg,1212,0d4b0458ab8c30fd26ccaa2089b69530681464fada6234cd60d8201356ce1b2f,CURRENT_SOURCE
index_archivos/libs/fontawesome/svgs/brands/xbox.svg,.svg,971,d45b44339d8132f0894d9d8cc5d635cec99daad6ac4e2e46bf487d5cef69d5d3,CURRENT_SOURCE
index_archivos/libs/fontawesome/svgs/brands/xing-square.svg,.svg,550,5a48a10de2fef110f5843e6790c0041ca349109ca8b84f35e089a5f4007cb34b,CURRENT_SOURCE
index_archivos/libs/fontawesome/svgs/brands/xing.svg,.svg,459,88a6119082f2606dabca3e0caf907482ca068339b7101ce254be2fb55eb1ab75,CURRENT_SOURCE
index_archivos/libs/fontawesome/svgs/brands/y-combinator.svg,.svg,209,457ad3047446a6a7a6d40e39c080bf11575b48508a4b05b7d60f03262627013b,CURRENT_SOURCE
index_archivos/libs/fontawesome/svgs/brands/yahoo.svg,.svg,363,bbdcd3c51a7ca397f5ec503c817c6f6aed75a37b8d04c90f9bd2b0edd74e375a,CURRENT_SOURCE
index_archivos/libs/fontawesome/svgs/brands/yammer.svg,.svg,695,a5efe19d5e88eb12287c278990fd5fcd526f2e821f8eced0b21163c3842d221a,CURRENT_SOURCE
index_archivos/libs/fontawesome/svgs/brands/yandex-international.svg,.svg,156,17165c1b214281325818254f2324092dc585aecde144f87299fd64613bdf39e4,CURRENT_SOURCE
index_archivos/libs/fontawesome/svgs/brands/yandex.svg,.svg,282,1cb1dab445202a73504210e11b75e7e51aa47bcaadf402e16ce90282903601af,CURRENT_SOURCE
index_archivos/libs/fontawesome/svgs/brands/yarn.svg,.svg,1412,8fb102bf2e53e8e9967c77342a135bd615a995943414e2a4012302b005c4159e,CURRENT_SOURCE
index_archivos/libs/fontawesome/svgs/brands/yelp.svg,.svg,837,8d3beaad69c1d0adfb333055bf33a241c4e43f88a0d3f57ab3a35ed604227641,CURRENT_SOURCE
index_archivos/libs/fontawesome/svgs/brands/yoast.svg,.svg,520,37f1936766e2fc706e8245ab4f17f489f8d19ca2352dcb8dd8187b0777733d61,CURRENT_SOURCE
index_archivos/libs/fontawesome/svgs/brands/youtube-square.svg,.svg,526,c718574246eb3d4210fa8d44f7a30398b454ee06fef9b3556d0e02163d111100,CURRENT_SOURCE
index_archivos/libs/fontawesome/svgs/brands/youtube.svg,.svg,550,c26a8a2af321e7c439be6290eb94788504bc8aba8260252c5bbf4380ecdec93a,CURRENT_SOURCE
index_archivos/libs/fontawesome/svgs/brands/zhihu.svg,.svg,1544,8d1f285377e6bd1f2126d7aa24824ca8dc81a905a55f7f39be380e85ee80c80c,CURRENT_SOURCE
index_archivos/libs/fontawesome/svgs/regular/address-book.svg,.svg,615,b2f3fd56bcad1f141cea64306272cf7d0cb73a736f201ac713199754afec4237,CURRENT_SOURCE
index_archivos/libs/fontawesome/svgs/regular/address-card.svg,.svg,715,eb8d99ff1f15e7f6f2a70d7c8ca55c1a7a50a4f5949c0f4a8fe8a104cff9456b,CURRENT_SOURCE
index_archivos/libs/fontawesome/svgs/regular/angry.svg,.svg,816,6cd3cde77720b549aab22ce794c16f4df79c566cdd38cfe7135a98eafc793518,CURRENT_SOURCE
index_archivos/libs/fontawesome/svgs/regular/arrow-alt-circle-down.svg,.svg,385,1ae10031136f3e7eceaf4e4470d93cd5d7e7395ad09d6d7fd6d4b1204400e1a9,CURRENT_SOURCE
index_archivos/libs/fontawesome/svgs/regular/arrow-alt-circle-left.svg,.svg,379,518f6ca646965267541b6ed8f28c215359c80ffb3e1ba379f3b45930e1fda78e,CURRENT_SOURCE
index_archivos/libs/fontawesome/svgs/regular/arrow-alt-circle-right.svg,.svg,388,4e1597a45381b120f61a6c17bbe67bb61bb444beaa0d0402ad57bb1253ed0744,CURRENT_SOURCE
index_archivos/libs/fontawesome/svgs/regular/arrow-alt-circle-up.svg,.svg,385,ec9c8f9a18f02ce03fa66d6a99f864e3b4d6767712ad18f5199c0058e731e4f1,CURRENT_SOURCE
index_archivos/libs/fontawesome/svgs/regular/bell-slash.svg,.svg,791,be358b318e42166e114c31ba3efff8b6d3518e228de1f80c21a45324d76ef4d0,CURRENT_SOURCE
index_archivos/libs/fontawesome/svgs/regular/bell.svg,.svg,649,357f3bd68ab40938e8cbcd2d5ddaec86e5c96d0c07739868c9acd4cc718689c2,CURRENT_SOURCE
index_archivos/libs/fontawesome/svgs/regular/bookmark.svg,.svg,234,89fac2ded3872803e51f5e0fbe1eaa3073701db1dee5dcce9f192f850b54d22f,CURRENT_SOURCE
index_archivos/libs/fontawesome/svgs/regular/building.svg,.svg,877,d2c415426dae331c084266b60b6cbcb7bb0f5d7addbefb190d22e8746012f0e2,CURRENT_SOURCE
index_archivos/libs/fontawesome/svgs/regular/calendar-alt.svg,.svg,935,cd7007d632497ea8adfd7efcc2597c621e204c62b677120931f4672ffd5aabcd,CURRENT_SOURCE
index_archivos/libs/fontawesome/svgs/regular/calendar-check.svg,.svg,655,22e793844e1666396f1d4baec979b17cf1a877ef8823665bcb491c22e909977e,CURRENT_SOURCE
index_archivos/libs/fontawesome/svgs/regular/calendar-minus.svg,.svg,446,55443a9c77e0e6247aaeeb5bddf984d59a3ee6b99c776841f3ce106e7ae0fa88,CURRENT_SOURCE
index_archivos/libs/fontawesome/svgs/regular/calendar-plus.svg,.svg,550,16be49e37d01537059dd503a59289ebf8a0e73d7e634ec8da7f94d881339b581,CURRENT_SOURCE
index_archivos/libs/fontawesome/svgs/regular/calendar-times.svg,.svg,645,daa26cb69c074dcf2aba55f3e7e7de15bde437a8d5f876eeb8701611490a8881,CURRENT_SOURCE
index_archivos/libs/fontawesome/svgs/regular/calendar.svg,.svg,349,3b1fb9bb9ce680eeb0718705e4ee0ccb08e6cd02c84bdc17cac0b682eb823288,CURRENT_SOURCE
index_archivos/libs/fontawesome/svgs/regular/caret-square-down.svg,.svg,390,e35c8a49fbc3d7092c5fecba498f1383ce33459aff738187c9a2cb27d1bbbea5,CURRENT_SOURCE
index_archivos/libs/fontawesome/svgs/regular/caret-square-left.svg,.svg,388,3326fb18ee588debb1a1f0facdef5b6dca68a3f3951da9a57ae05e93cc534ffa,CURRENT_SOURCE
index_archivos/libs/fontawesome/svgs/regular/caret-square-right.svg,.svg,388,946c9166dc4aa5b727c55bf717e9900f28708e1bdc1a975e6c6cb1e792369c53,CURRENT_SOURCE
index_archivos/libs/fontawesome/svgs/regular/caret-square-up.svg,.svg,387,a7730bbff2b8615cfddcdf9a6aa6abb9c71d27b66d7b4954daf241cce4a04655,CURRENT_SOURCE
index_archivos/libs/fontawesome/svgs/regular/chart-bar.svg,.svg,748,de9d703e7cb67ec69f7def9782d57ec880f5098f010cf311e37ca26cbf380109,CURRENT_SOURCE
index_archivos/libs/fontawesome/svgs/regular/check-circle.svg,.svg,581,190f2fcd12bc93680934fb3731d78ef4e1f2cbe65b268894fbe5e20e92bce594,CURRENT_SOURCE
index_archivos/libs/fontawesome/svgs/regular/check-square.svg,.svg,500,a04d84b3a1062e17a367e83a1e11a3205095e36165a7e897b3d2bdaf77b3dca2,CURRENT_SOURCE
index_archivos/libs/fontawesome/svgs/regular/circle.svg,.svg,232,4028cd0397295e6340a8398a8cc4e23635ffdf3e9fbf90ebb99c5e430f6b9102,CURRENT_SOURCE
index_archivos/libs/fontawesome/svgs/regular/clipboard.svg,.svg,435,45e9bf587e8680105ba690a25afd8b1d3b5212609f7c71e82b1a6e5c89ef74a5,CURRENT_SOURCE
index_archivos/libs/fontawesome/svgs/regular/clock.svg,.svg,404,e7bb71b5fc3e1d655ec4dbfce75720f82994851b7fff7ab898c4330da5ac7884,CURRENT_SOURCE
index_archivos/libs/fontawesome/svgs/regular/clone.svg,.svg,428,8c1df5b5a2fa08d152c8bca2501ce04d60a9b23b3ee30e707fb2bf02bfc0ad63,CURRENT_SOURCE
index_archivos/libs/fontawesome/svgs/regular/closed-captioning.svg,.svg,740,d42ee6a7aeda83d0636079b8ee1cb6687f2fbaba3f4933544c82420605b02414,CURRENT_SOURCE
index_archivos/libs/fontawesome/svgs/regular/comment-alt.svg,.svg,362,2748122b6f221120b025864f1dfd434f366607b65c89026a55fe5b665cd41425,CURRENT_SOURCE
index_archivos/libs/fontawesome/svgs/regular/comment-dots.svg,.svg,733,b2578e6a872798b76d035ab465d7d7d10e3e9310bf2f72c8fec0adf23d6be101,CURRENT_SOURCE
index_archivos/libs/fontawesome/svgs/regular/comment.svg,.svg,518,13e343fb587b0de5ff11287a4719fd13bee7b5f2b459e1225fcf3bd36f312578,CURRENT_SOURCE
index_archivos/libs/fontawesome/svgs/regular/comments.svg,.svg,971,a164150848671e0475740c428cf5447c9768affe6af807bb00ee46924c83b71a,CURRENT_SOURCE
index_archivos/libs/fontawesome/svgs/regular/compass.svg,.svg,593,ef88301f8c09d07eca6febdf22a45cb7bd963c171a5c795dd07081f8a2a85e75,CURRENT_SOURCE
index_archivos/libs/fontawesome/svgs/regular/copy.svg,.svg,588,6b228ecdbd16ae83b5fcdcf0d3caa50affcc49cbb384723a3bbda97ffdb88750,CURRENT_SOURCE
index_archivos/libs/fontawesome/svgs/regular/copyright.svg,.svg,784,fae044ccbe43e09861def3e12cefd6d7425742676b579d5f04bd1297924a6e12,CURRENT_SOURCE
index_archivos/libs/fontawesome/svgs/regular/credit-card.svg,.svg,519,bf6615ba4f0cc345160c57ffdbb54dc4a3eb22f1137efc2f413e2db1c6350a04,CURRENT_SOURCE
index_archivos/libs/fontawesome/svgs/regular/dizzy.svg,.svg,879,a66b047d0d7a744afcc53ab580c64f1fab5375b345bc9817c8867b034dcc6b56,CURRENT_SOURCE
index_archivos/libs/fontawesome/svgs/regular/dot-circle.svg,.svg,372,c0a575575c4594f3d6c1cf2d2dd56dbb23649ca294c924e9b2e69e164908ad21,CURRENT_SOURCE
index_archivos/libs/fontawesome/svgs/regular/edit.svg,.svg,598,6fb2ac493a01f6c1f05ef5a93ce8835101db8b37442299d55d4f0edd269c103d,CURRENT_SOURCE
index_archivos/libs/fontawesome/svgs/regular/envelope-open.svg,.svg,1143,4550a4e430993bd529de9486fbcb0f3960dda317b5b5c5a152bb80104c3e98f9,CURRENT_SOURCE
index_archivos/libs/fontawesome/svgs/regular/envelope.svg,.svg,574,2e2b0891dcec2b150139b2f10ddf5fa2bc43aded3aedcd5a120aaa62dece920c,CURRENT_SOURCE
index_archivos/libs/fontawesome/svgs/regular/eye-slash.svg,.svg,864,534cd2bc172a5deff13e64ab3c28d27d7a7a47bc57cf2a3c4463efa9a87a6764,CURRENT_SOURCE
index_archivos/libs/fontawesome/svgs/regular/eye.svg,.svg,509,ed864e1eded66bd5ec8acf3fdf746e706af94384bcf813c2769ec8011ccd3dce,CURRENT_SOURCE
index_archivos/libs/fontawesome/svgs/regular/file-alt.svg,.svg,510,4b02a883ce60fab7929a8b0f56c64e4c48b4343295d52e34539ee2e9243f9650,CURRENT_SOURCE
index_archivos/libs/fontawesome/svgs/regular/file-archive.svg,.svg,610,5c5bc2a7f084f9305bf67007cbe01b1e9f0bbdba0e6834f0a69b79c1bbdbb8eb,CURRENT_SOURCE
index_archivos/libs/fontawesome/svgs/regular/file-audio.svg,.svg,684,3c9ac3185392baed5895983987cd432a076d4ea6ac8c2e5c414cf1df600141be,CURRENT_SOURCE
index_archivos/libs/fontawesome/svgs/regular/file-code.svg,.svg,850,c24be61ec650eeae126fb443768b61904dc343b77eb354f22585f6001b7766be,CURRENT_SOURCE
index_archivos/libs/fontawesome/svgs/regular/file-excel.svg,.svg,672,a450ec6ca2da314c198842b2790a7996b18862bab16dfd1daf7a170ae03566fc,CURRENT_SOURCE
index_archivos/libs/fontawesome/svgs/regular/file-image.svg,.svg,477,4a2849b679c7be43a0b6a14d6b05dd02067703909aae447fd724fd81bc485417,CURRENT_SOURCE
index_archivos/libs/fontawesome/svgs/regular/file-pdf.svg,.svg,878,fcfc50a957538fbaffa6240abe43dff120bf06fd9cf8dfe9222e13ce98e76dab,CURRENT_SOURCE
index_archivos/libs/fontawesome/svgs/regular/file-powerpoint.svg,.svg,530,b3d5866c08071fdbf7b4aadc5ce9c965ea8b602626e3416eee0ff99cea8d4fd3,CURRENT_SOURCE
index_archivos/libs/fontawesome/svgs/regular/file-video.svg,.svg,584,3d70a85ec1d51bbdc2ddd56902bad91da2b960efed47909b7f0825833ddf1eb4,CURRENT_SOURCE
index_archivos/libs/fontawesome/svgs/regular/file-word.svg,.svg,855,0ad000adde3adb83f7d08aaa34afc432e07195e833a25ccd951cb7bbceeaebe7,CURRENT_SOURCE
index_archivos/libs/fontawesome/svgs/regular/file.svg,.svg,304,72265ff0bdcce8820ea3a2b06f67a8c139d0400edf490025648311b7218a9619,CURRENT_SOURCE
index_archivos/libs/fontawesome/svgs/regular/flag.svg,.svg,792,959135c80302d225accee508c9fe80e849aba8f7ef07abc113b07fb5f067b3a4,CURRENT_SOURCE
index_archivos/libs/fontawesome/svgs/regular/flushed.svg,.svg,749,ff8a6703a38245d073855b4e2c95e14ce975b996a457e6fd593d17474e2411be,CURRENT_SOURCE
index_archivos/libs/fontawesome/svgs/regular/folder-open.svg,.svg,368,610559f051c7d5b271f111e62c79e72387ad265a5d5a65cfb2ad5a23839aa3fa,CURRENT_SOURCE
index_archivos/libs/fontawesome/svgs/regular/folder.svg,.svg,307,bd3c9295d80c867909db470e8d6fbb70394c15e565592bd5e520db5bfd07ad71,CURRENT_SOURCE
index_archivos/libs/fontawesome/svgs/regular/font-awesome-logo-full.svg,.svg,2994,e69fec16d387f1c3037452e5927e213059d325396d73ef790cd023d7bd3fd515,CURRENT_SOURCE
index_archivos/libs/fontawesome/svgs/regular/frown-open.svg,.svg,541,4f3af18d67f9f76d39023fff06657109be27aaaa2c28fcd74f39c8f739297835,CURRENT_SOURCE
index_archivos/libs/fontawesome/svgs/regular/frown.svg,.svg,598,839aac77483add3d87c4680eeea74310bf9f980ad4991a459940b0843c909e71,CURRENT_SOURCE
index_archivos/libs/fontawesome/svgs/regular/futbol.svg,.svg,725,a89490d40c1dd127e3234866a659608fa10d2bab1212aa11475cb00d13b56f90,CURRENT_SOURCE
index_archivos/libs/fontawesome/svgs/regular/gem.svg,.svg,446,7c0828ddbb42b3fc3b433f614efaca9e14f63925138f621fa235e6ce1dd1fed6,CURRENT_SOURCE
index_archivos/libs/fontawesome/svgs/regular/grimace.svg,.svg,722,90f9426097b9c0268bf28e3c9cae860fb7e29b999ff95c1190a7d2205d22b15c,CURRENT_SOURCE
index_archivos/libs/fontawesome/svgs/regular/grin-alt.svg,.svg,720,ff8f0f55538a156c25254dca5599100446e44052558191dc573f6d27de6f4396,CURRENT_SOURCE
index_archivos/libs/fontawesome/svgs/regular/grin-beam-sweat.svg,.svg,1100,0bcb64a27ba2c695d997bc37faa950a2961a4636d713ee7410fe57ec2e58932f,CURRENT_SOURCE
index_archivos/libs/fontawesome/svgs/regular/grin-beam.svg,.svg,820,96cd45c5c0871e92764385498d3e8b980edef445c7d8d9cd92e23483849c502b,CURRENT_SOURCE
index_archivos/libs/fontawesome/svgs/regular/grin-hearts.svg,.svg,762,c79e1d02a53a94f6dbfe92743c81957eca64f3187f974cdb4ac9b61b273bc31f,CURRENT_SOURCE
index_archivos/libs/fontawesome/svgs/regular/grin-squint-tears.svg,.svg,1386,480bb07bf6a7719b152ceee00bf589eb9f06b772717fb74fa2c07a8be5e361e2,CURRENT_SOURCE
index_archivos/libs/fontawesome/svgs/regular/grin-squint.svg,.svg,770,4b2b54aad4e365a426185d95bc6db50200172e885077ef6715e2819e39a71baf,CURRENT_SOURCE
index_archivos/libs/fontawesome/svgs/regular/grin-stars.svg,.svg,839,2ad66a72e687ca981ab92dcc833e2ece00ce1d6c0c916915352a29fa08f5719c,CURRENT_SOURCE
index_archivos/libs/fontawesome/svgs/regular/grin-tears.svg,.svg,1323,8724f0d4717e13eee862db648ad8bce9bbfd69b234c3526fb50eb1f63f97eda8,CURRENT_SOURCE
index_archivos/libs/fontawesome/svgs/regular/grin-tongue-squint.svg,.svg,1033,8566d254a836ae936f8e00fcede3572cea1c19c8d28e1e2b70fd758dbec6862e,CURRENT_SOURCE
index_archivos/libs/fontawesome/svgs/regular/grin-tongue-wink.svg,.svg,1076,8471f0c59214de1a6b4f58caf5f0a1925011706804bc16bd9fa7b1580ab2f1a8,CURRENT_SOURCE
index_archivos/libs/fontawesome/svgs/regular/grin-tongue.svg,.svg,806,6c8a5661179508f81cdf46d91a576dbe36c45b6222faed85084611b433fb26d4,CURRENT_SOURCE
index_archivos/libs/fontawesome/svgs/regular/grin-wink.svg,.svg,721,07ca842383f8d6de72d78f30bdbdf8093f66a67cb0b41d3290e0dcc702b98424,CURRENT_SOURCE
index_archivos/libs/fontawesome/svgs/regular/grin.svg,.svg,542,af45b3d7bf83eb57d4bc4dbc78b73bd2b33a0b790a1885e1bccd608b47ed5f35,CURRENT_SOURCE
index_archivos/libs/fontawesome/svgs/regular/hand-lizard.svg,.svg,775,b42f4e9c9febb7ce474ce1e6187bcc3b12578cdd92572b2dd1e8af68238f5174,CURRENT_SOURCE
index_archivos/libs/fontawesome/svgs/regular/hand-paper.svg,.svg,987,f40ecb315f1914ccc86e844c2df706966a71a237788058bd1175b7dc45a2edea,CURRENT_SOURCE
index_archivos/libs/fontawesome/svgs/regular/hand-peace.svg,.svg,1120,ec0ebc4ebc18bbd7b6664dc347d7cceeeb4370105dc3c869d1e3dc7d82d384c1,CURRENT_SOURCE
index_archivos/libs/fontawesome/svgs/regular/hand-point-down.svg,.svg,1135,e4e7bfe2af1edc14261c61da4d514362ec2d6e1032371b523a04830f0cb4dd20,CURRENT_SOURCE
index_archivos/libs/fontawesome/svgs/regular/hand-point-left.svg,.svg,1139,7c7a86cadd4e60ca9457069c42ea6ec9b16541cfda17c9d3e9024ad8f9e88f05,CURRENT_SOURCE
index_archivos/libs/fontawesome/svgs/regular/hand-point-right.svg,.svg,1146,b5d6fe85c58cb48b26f7d4f642256069ab0bce764b7cfe81aefff84375d4d0c1,CURRENT_SOURCE
index_archivos/libs/fontawesome/svgs/regular/hand-point-up.svg,.svg,1140,a1edf939a3a9178953b4be5fe993e1479b29998e9bc2cfb0978f903a39c613bd,CURRENT_SOURCE
index_archivos/libs/fontawesome/svgs/regular/hand-pointer.svg,.svg,1398,949ed56a2dc06c93473632a0d6ed74fbb2304fd14673c55edcf013695073b2a8,CURRENT_SOURCE
index_archivos/libs/fontawesome/svgs/regular/hand-rock.svg,.svg,1131,75e8c9e7c5280f8ccdbcc45bc2c039106b3c8abf19c253594cc23a6ce3c619d8,CURRENT_SOURCE
index_archivos/libs/fontawesome/svgs/regular/hand-scissors.svg,.svg,1121,4051037aec56d44782cd0ee747d28e2c76875e8547c0624d7f525b76d64455c8,CURRENT_SOURCE
index_archivos/libs/fontawesome/svgs/regular/hand-spock.svg,.svg,1487,3c30917fee4777a7f604f8d161b3f3a05e09d33cf5811af4e9aa89757d90de67,CURRENT_SOURCE
index_archivos/libs/fontawesome/svgs/regular/handshake.svg,.svg,1133,9992374a5ee6a9e7185b8ed5daba381ff7e90a4349bec0ee8b4d5d6731c961df,CURRENT_SOURCE
index_archivos/libs/fontawesome/svgs/regular/hdd.svg,.svg,542,299614b90e6f2bfda5b7d38e01eec10e5a294a99b6ea390f8d94976023ecc1da,CURRENT_SOURCE
index_archivos/libs/fontawesome/svgs/regular/heart.svg,.svg,490,ca519dae71a3ed06e94a17ac8c91196388d11f8af641173445e27177d2f4559e,CURRENT_SOURCE
index_archivos/libs/fontawesome/svgs/regular/hospital.svg,.svg,1065,43c277104562e12915be80499f6995d7f988c56e8d1fbfcb8455263e9d5100db,CURRENT_SOURCE
index_archivos/libs/fontawesome/svgs/regular/hourglass.svg,.svg,547,a784c9423f319a807bfa47f09fc3a39385cd4df63a0990b9b255098b3efd5202,CURRENT_SOURCE
index_archivos/libs/fontawesome/svgs/regular/id-badge.svg,.svg,533,a172e6c4109587900691934af1fccc601163685d1708ce4dc1e3e08474ba7379,CURRENT_SOURCE
index_archivos/libs/fontawesome/svgs/regular/id-card.svg,.svg,683,8f7a800100a0941e2007a19ac026b6e90734a7eeff02a55640a94d6955fbcddb,CURRENT_SOURCE
index_archivos/libs/fontawesome/svgs/regular/image.svg,.svg,491,9ddddf63c7c96ddb856e1ab5a2fca3f1674aa431a9c284b6c145979a816ba006,CURRENT_SOURCE
index_archivos/libs/fontawesome/svgs/regular/images.svg,.svg,644,85c1e3694fa3efc27d652e653e23552e3a6909ef38c3f56e97194bcb486b5cf1,CURRENT_SOURCE
index_archivos/libs/fontawesome/svgs/regular/keyboard.svg,.svg,1666,54c32432a26515d3c3ab52929c3afe21f995f4a0cbb04087821a18b46d8b26dc,CURRENT_SOURCE
index_archivos/libs/fontawesome/svgs/regular/kiss-beam.svg,.svg,1013,38e674a0b37c6fc0d3f27cb10c7415fca23ca346021e703a039498e828c57b01,CURRENT_SOURCE
index_archivos/libs/fontawesome/svgs/regular/kiss-wink-heart.svg,.svg,1182,0d8ec538b52c9a5fee4e47ffe3b6a0bc24bb30d335916e040926021aa499b881,CURRENT_SOURCE
index_archivos/libs/fontawesome/svgs/regular/kiss.svg,.svg,732,1b808829e7321abd8ba54d0c3f6fdbd0cccdd142ca380bef4e07b7d0e047761d,CURRENT_SOURCE
index_archivos/libs/fontawesome/svgs/regular/laugh-beam.svg,.svg,795,394619f60207622388e3cf3e5f2dd59eec42b2b1a1df42fc6b5d37f4f732463f,CURRENT_SOURCE
index_archivos/libs/fontawesome/svgs/regular/laugh-squint.svg,.svg,692,9d0d7365b336d449744b5a7642e013a0af20968cc64142ecf4b398602c9b1873,CURRENT_SOURCE
index_archivos/libs/fontawesome/svgs/regular/laugh-wink.svg,.svg,715,6a4d26a7c900176744c1d510ee0d295618ee5ade68d187cc008fdd3697cf9fc7,CURRENT_SOURCE
index_archivos/libs/fontawesome/svgs/regular/laugh.svg,.svg,595,3579ae0ae827fc0a8a36b051ff7a67c9642cee5848a37f76d04e66dacdc5fb68,CURRENT_SOURCE
index_archivos/libs/fontawesome/svgs/regular/lemon.svg,.svg,964,54b2e5742a7a33ddef8664e331a97889972f4b63b7c976c1b616a21b8b1cd096,CURRENT_SOURCE
index_archivos/libs/fontawesome/svgs/regular/life-ring.svg,.svg,737,780f9282891c7d7f4707365e94cd3952ba4e226f6ae5f4b282ce8c859653d5bc,CURRENT_SOURCE
index_archivos/libs/fontawesome/svgs/regular/lightbulb.svg,.svg,856,3ce05fb5c71315d992b4f0b10ea3732fd8bfe2fcbed4429cf2cda6bdfe7a6e1c,CURRENT_SOURCE
index_archivos/libs/fontawesome/svgs/regular/list-alt.svg,.svg,858,514c318d5f2f5eb93700d28e2d193b7d43556d3cb811d058ad84ca0bbe1a5a0c,CURRENT_SOURCE
index_archivos/libs/fontawesome/svgs/regular/map.svg,.svg,579,053bdd1d0cc445e43a3826bb0172eaa4ae60e33bc7ed29ea1b27bf198b6e22be,CURRENT_SOURCE
index_archivos/libs/fontawesome/svgs/regular/meh-blank.svg,.svg,376,88518fa895a124ecf1650920f3d1c6664ae852b8cff864e898287740a58ff996,CURRENT_SOURCE
index_archivos/libs/fontawesome/svgs/regular/meh-rolling-eyes.svg,.svg,826,f4fc96e60d1ccccc86e029aa5b17905e48e867e532b2c480e81f8de8db5273d1,CURRENT_SOURCE
index_archivos/libs/fontawesome/svgs/regular/meh.svg,.svg,464,f3c9b5c47fd7275304d5518af9f935da0f3190559bd9b5516c8afbb653593630,CURRENT_SOURCE
index_archivos/libs/fontawesome/svgs/regular/minus-square.svg,.svg,376,d386859aa23a7d7af44ea55f9870c4c160fbaf639c50f198d1d72909ed606825,CURRENT_SOURCE
index_archivos/libs/fontawesome/svgs/regular/money-bill-alt.svg,.svg,665,aadcbfdc7b441ee4835374fb983efaf303b5e6bc8b3f7ba63407ae02752b93ce,CURRENT_SOURCE
index_archivos/libs/fontawesome/svgs/regular/moon.svg,.svg,599,4ea5db0352742a854288a2d0e07c7e4ee7c5552044c66e25886bb97793094172,CURRENT_SOURCE
index_archivos/libs/fontawesome/svgs/regular/newspaper.svg,.svg,946,70e2c9165708cf17a032c5df8db85cf9a3980eda3a7fd0bbcc0a98e52b72196d,CURRENT_SOURCE
index_archivos/libs/fontawesome/svgs/regular/object-group.svg,.svg,916,0c3ee19890c733ef25ccff4839f8b155d835ca2e65bc742388d570ce6d156e46,CURRENT_SOURCE
index_archivos/libs/fontawesome/svgs/regular/object-ungroup.svg,.svg,1110,a1dae6d470196369a4e9a80ff11e7042d4efe35dd27c1c4977a358cf3df981d3,CURRENT_SOURCE
index_archivos/libs/fontawesome/svgs/regular/paper-plane.svg,.svg,441,0e853ad7d08817aa264b4d11a219abb5af4dae15f43c92760488da2464d4f0cd,CURRENT_SOURCE
index_archivos/libs/fontawesome/svgs/regular/pause-circle.svg,.svg,432,83b799a4ae19167033109e170fdf6f1f6cc6028f16d5f60a20be6823bc20cfc7,CURRENT_SOURCE
index_archivos/libs/fontawesome/svgs/regular/play-circle.svg,.svg,344,8dcf476274ca2b30a003be4c2eb81122ac23dc70913c76f3a284ef5256bae140,CURRENT_SOURCE
index_archivos/libs/fontawesome/svgs/regular/plus-square.svg,.svg,480,c7326caeead87dfa372c0acb8c498b660ad721b9fd2532d8568de9ebe682f734,CURRENT_SOURCE
index_archivos/libs/fontawesome/svgs/regular/question-circle.svg,.svg,829,ae807b48c327467b43d8bf5233df64abd0a2083027f80b101621c9acac97ecd7,CURRENT_SOURCE
index_archivos/libs/fontawesome/svgs/regular/registered.svg,.svg,734,17ce21d099ceb5521006f7b4a6bb777650515c65ccd65e9c7d5f660a6b87e9cc,CURRENT_SOURCE
index_archivos/libs/fontawesome/svgs/regular/sad-cry.svg,.svg,863,f4e4c696f529be2756c04faffb331590aa82ab99c63a54f1e90da0fc83605f47,CURRENT_SOURCE
index_archivos/libs/fontawesome/svgs/regular/sad-tear.svg,.svg,661,57d819589ee77fc4c57e27a9572105b147d596b15ed1e171606446ff4f171ffd,CURRENT_SOURCE
index_archivos/libs/fontawesome/svgs/regular/save.svg,.svg,599,1684b24fdae9ae1b66f99d455019e893cd3051fe7ac4999bba7c15547666cc1d,CURRENT_SOURCE
index_archivos/libs/fontawesome/svgs/regular/share-square.svg,.svg,1001,de53468b6570eebffc4c43b7ea53faf56e241073b0f4a2b16f3904cbdd8886ae,CURRENT_SOURCE
index_archivos/libs/fontawesome/svgs/regular/smile-beam.svg,.svg,875,616877efa94d86ac6d1b53d4968a1acdfc2cda7d912f759f9c6b2d3608c85599,CURRENT_SOURCE
index_archivos/libs/fontawesome/svgs/regular/smile-wink.svg,.svg,681,16f175367120bb0f13bae8214b43afd4dea593658ee65cb554eb4b37594274dd,CURRENT_SOURCE
index_archivos/libs/fontawesome/svgs/regular/smile.svg,.svg,589,02301e33b8adff2e144fb02bedbe51bc9c6a35dd0118bf80af107b4d61d14b87,CURRENT_SOURCE
index_archivos/libs/fontawesome/svgs/regular/snowflake.svg,.svg,1602,f9fc31084069a062fbf87b9b0fc37f3e38a9f9cbd71181a14f703d340a3937e3,CURRENT_SOURCE
index_archivos/libs/fontawesome/svgs/regular/square.svg,.svg,272,49f00243eb397aad214ab54b6a420d1c7288e845eb55aa11428d9d2eec89bb21,CURRENT_SOURCE
index_archivos/libs/fontawesome/svgs/regular/star-half.svg,.svg,282,a00c0996950aae31b153b78082a98c0a1e9ed0c37cbae848da094f0f46276327,CURRENT_SOURCE
index_archivos/libs/fontawesome/svgs/regular/star.svg,.svg,448,3b6de75cd3ac2ccfbdc0895ec3b544a1880c03831633f7c111a57ad4fbf15c86,CURRENT_SOURCE
index_archivos/libs/fontawesome/svgs/regular/sticky-note.svg,.svg,343,056411e18783658a02ac4f3f7a75f99f20ec74d4ab39b1eba67c429c92c56f77,CURRENT_SOURCE
index_archivos/libs/fontawesome/svgs/regular/stop-circle.svg,.svg,337,5465bd00a81d37d05fd1aaac8173282d862d2776c2d1f4cfe95de672e5cab276,CURRENT_SOURCE
index_archivos/libs/fontawesome/svgs/regular/sun.svg,.svg,952,42b785a32c114d1da672fde43aed225c54fa0d7e3ad7be1a0001e703263877a1,CURRENT_SOURCE
index_archivos/libs/fontawesome/svgs/regular/surprise.svg,.svg,447,ed71318b4029c801018192400070ee0603cee26eda6a529b2cda1f6a7f55a148,CURRENT_SOURCE
index_archivos/libs/fontawesome/svgs/regular/thumbs-down.svg,.svg,1051,059796b78a5c8b6314b2b5683d85fa185b3751c66e58c0857beb32080939d5b5,CURRENT_SOURCE
index_archivos/libs/fontawesome/svgs/regular/thumbs-up.svg,.svg,1044,8c4565fdc0465df98088e0dac7ccecd7a570f08318d4fffcd530c53c87a5b6c6,CURRENT_SOURCE
index_archivos/libs/fontawesome/svgs/regular/times-circle.svg,.svg,548,f9856dc8f7275b5322bd7592ed58edda4829e66fa3a46c0e83b626f217b3bccb,CURRENT_SOURCE
index_archivos/libs/fontawesome/svgs/regular/tired.svg,.svg,770,8c07dd89d0a40ba6fdfb3a83657ea78a405f427dcda6bc72bfb8a1fb0c6a9981,CURRENT_SOURCE
index_archivos/libs/fontawesome/svgs/regular/trash-alt.svg,.svg,581,414845c1f8211b93743c947c721bca6da6fb8bc39e9a738081836bd41cd7cc23,CURRENT_SOURCE
index_archivos/libs/fontawesome/svgs/regular/user-circle.svg,.svg,665,25e15c3cc136e40ff98117e9a994a0f6dc60fee547cd9874fcb0229921c27c2b,CURRENT_SOURCE
index_archivos/libs/fontawesome/svgs/regular/user.svg,.svg,521,41d352b3882479148dca642b72cdfdd12c8325a9103d0409e548550d86fefaac,CURRENT_SOURCE
index_archivos/libs/fontawesome/svgs/regular/window-close.svg,.svg,603,cd8c802661de3b506179f3fd7fb31fa6545cee738542c77faea1f4483f3cad49,CURRENT_SOURCE
index_archivos/libs/fontawesome/svgs/regular/window-maximize.svg,.svg,240,76a70e0cda74eac127fe6934fea96f7ccd7353b1e8416716ee215eac82bd6d64,CURRENT_SOURCE
index_archivos/libs/fontawesome/svgs/regular/window-minimize.svg,.svg,168,bbd9ae7ded2563541bfd3e6b01c9dec33f70e4d95e1f9041b2dec7203cd82243,CURRENT_SOURCE
index_archivos/libs/fontawesome/svgs/regular/window-restore.svg,.svg,318,e31f12d3cab91a38b2da5e6e0457d025727921ad6e71cbf7a48fa4133ddc82ad,CURRENT_SOURCE
index_archivos/libs/fontawesome/svgs/solid/ad.svg,.svg,780,d5f78452f93615908d0d94e69e18335116a24f51fd658f2f07c5dd87c13ee464,CURRENT_SOURCE
index_archivos/libs/fontawesome/svgs/solid/address-book.svg,.svg,593,d6409f3a282bf8246cffad96ded25fb93507441fd2d8bee1459de2eedf0868a3,CURRENT_SOURCE
index_archivos/libs/fontawesome/svgs/solid/address-card.svg,.svg,693,2a38e7a7498346018eeaaac8c5844e31b82234ecc645d9e949eb66dedc8ee5a7,CURRENT_SOURCE
index_archivos/libs/fontawesome/svgs/solid/adjust.svg,.svg,239,86ffdf7b04526844f1dd574654ec57598dd4370b12020cc79b5f90b4c0a3c8c0,CURRENT_SOURCE
index_archivos/libs/fontawesome/svgs/solid/air-freshener.svg,.svg,643,ddcbc4caaa48c85ef6700b87f8772b04920f626e479a98816218691942060f77,CURRENT_SOURCE
index_archivos/libs/fontawesome/svgs/solid/align-center.svg,.svg,551,e34c7dfe5290b07a66e690fd59a61dcfa80bc163d69744fb74f053b6e2d27ec4,CURRENT_SOURCE
index_archivos/libs/fontawesome/svgs/solid/align-justify.svg,.svg,452,c9d39c5870327c1141dbd00aaf51a5ce2318316eccc6744cc5653858da488293,CURRENT_SOURCE
index_archivos/libs/fontawesome/svgs/solid/align-left.svg,.svg,559,b0ccc378197e3a2c2058d6f0dec9f7a9abaeb5163b4826288fe47f23ffe130c7,CURRENT_SOURCE
index_archivos/libs/fontawesome/svgs/solid/align-right.svg,.svg,567,c7ed7968bdb4c5d30d51319f7e2a662d1365d0bdedaf4a4fff9e513d2be425f2,CURRENT_SOURCE
index_archivos/libs/fontawesome/svgs/solid/allergies.svg,.svg,1005,f0d37627a4d5ec701ef131f4f613e6856e24d91bdbebdf0f64261679f6a6f0c5,CURRENT_SOURCE
index_archivos/libs/fontawesome/svgs/solid/ambulance.svg,.svg,707,afc21408c77a7d2009eb1d0ff99fbd999f1541411f504ef0a416b578fd3abb87,CURRENT_SOURCE
index_archivos/libs/fontawesome/svgs/solid/american-sign-language-interpreting.svg,.svg,2169,cc2d837e13852054c825221f5f3578f4a35a514781288bfce6deaecc5d21eea1,CURRENT_SOURCE
index_archivos/libs/fontawesome/svgs/solid/anchor.svg,.svg,905,6aa337c10aaf4590f916123ab61466a2e480127630e54cdfaeb7abecc96eb830,CURRENT_SOURCE
index_archivos/libs/fontawesome/svgs/solid/angle-double-down.svg,.svg,454,b2692bd5431159c32085e92f1bbe38d2604ef9a02d46d91ac173891dc3d871b1,CURRENT_SOURCE
index_archivos/libs/fontawesome/svgs/solid/angle-double-left.svg,.svg,456,a7b19e7160d3b662d83803eb7f39fbda235bba0d2c820d30c6441d3add823a9a,CURRENT_SOURCE
index_archivos/libs/fontawesome/svgs/solid/angle-double-right.svg,.svg,458,5785ccef57aa69a5c36e4cfebf85dd95157497382126d9a7cc22bd879cc70c8f,CURRENT_SOURCE
index_archivos/libs/fontawesome/svgs/solid/angle-double-up.svg,.svg,457,a11efb9dab02d28e3f698e8e72c2b17a43c4291bb78fde6eaa203302160e7441,CURRENT_SOURCE
index_archivos/libs/fontawesome/svgs/solid/angle-down.svg,.svg,270,7fed44ce6bad6921ad5cae617154596930b1f838915a6ffacec90cdf82415619,CURRENT_SOURCE
index_archivos/libs/fontawesome/svgs/solid/angle-left.svg,.svg,268,05114e96c6b41ad46c482db505c0542b0eb7f6ab39d0b6991a24d1db42645249,CURRENT_SOURCE
index_archivos/libs/fontawesome/svgs/solid/angle-right.svg,.svg,269,8252ef53271b61c149a9e7b9163ac8f259ac726ae29589b5175828991a1d68e9,CURRENT_SOURCE
index_archivos/libs/fontawesome/svgs/solid/angle-up.svg,.svg,269,f07121cd6367bee0c2bc058ceba9d15d52d2f579094b2dc74a35e047216f5e3c,CURRENT_SOURCE
index_archivos/libs/fontawesome/svgs/solid/angry.svg,.svg,767,cca84318bdc27db8da7d87ce6d1d02e379ef03654cac1cd9c9b814f51e2b704c,CURRENT_SOURCE
index_archivos/libs/fontawesome/svgs/solid/ankh.svg,.svg,481,ad4d14252df8696bde941af5188d8f5f1cfd11add93c00a27fbb8bc5642ad566,CURRENT_SOURCE
index_archivos/libs/fontawesome/svgs/solid/apple-alt.svg,.svg,876,4e2337170b2820cd3a8c57060ffc1a1f2ba3f1eb4da1f031fc5fbbd516165469,CURRENT_SOURCE
index_archivos/libs/fontawesome/svgs/solid/archive.svg,.svg,344,a52a8ffbc9f60989ef0f9ac3dee1d8bf8f847c331bf71e42d01a96bc74013b46,CURRENT_SOURCE
index_archivos/libs/fontawesome/svgs/solid/archway.svg,.svg,406,ccb3258217baa3ce26a7d4bb14126f77626ec6249516aca0f93c2a3ee5760574,CURRENT_SOURCE
index_archivos/libs/fontawesome/svgs/solid/arrow-alt-circle-down.svg,.svg,320,966401b0dd5bfba80834abf961a112d534fb6d0988cc71042e677b83204686fb,CURRENT_SOURCE
index_archivos/libs/fontawesome/svgs/solid/arrow-alt-circle-left.svg,.svg,321,a14663ba78df0bb009bd29b28c2f9da43d82b6f7b7f7239a40e423de41b8cd86,CURRENT_SOURCE
index_archivos/libs/fontawesome/svgs/solid/arrow-alt-circle-right.svg,.svg,315,7494e848e8c7855c90ccad6a684989631ef4782d9c2b1d2b753969257fc38146,CURRENT_SOURCE
index_archivos/libs/fontawesome/svgs/solid/arrow-alt-circle-up.svg,.svg,315,b96f3573b9f397641eb76d905e3648b01954f74d66e46347e27cdb6c0d9e7c47,CURRENT_SOURCE
index_archivos/libs/fontawesome/svgs/solid/arrow-circle-down.svg,.svg,404,62274cb1edc0cf027082722f414465725fe2ec527d51cd15f5c2226bf541932b,CURRENT_SOURCE
index_archivos/libs/fontawesome/svgs/solid/arrow-circle-left.svg,.svg,401,3d7b6e0ffb9c1664d919e61afdbb8ed6edabf8d1466b7390169066563a386a4d,CURRENT_SOURCE
index_archivos/libs/fontawesome/svgs/solid/arrow-circle-right.svg,.svg,402,eab37e9cb1875281d5b1725a7ae9d7ba3d65e738df127fdf1f94f14bf5d70f40,CURRENT_SOURCE
index_archivos/libs/fontawesome/svgs/solid/arrow-circle-up.svg,.svg,397,104547515878bee6fe277241759b7581e8740faeaf663d1af8c19aa81adf1563,CURRENT_SOURCE
index_archivos/libs/fontawesome/svgs/solid/arrow-down.svg,.svg,328,3558b92f720c41aeabcc4a76b174574ef5aa72b8989f734ff01f7d773f97beb9,CURRENT_SOURCE
index_archivos/libs/fontawesome/svgs/solid/arrow-left.svg,.svg,328,06bb2b2b1ffb7100145ff14d04816658d07301c584cd2f8c771080aaf7fab819,CURRENT_SOURCE
index_archivos/libs/fontawesome/svgs/solid/arrow-right.svg,.svg,333,3e67700ad4d38433483dc0e80fcc9fa7979bf85ef48d6830946a904f2d5f4335,CURRENT_SOURCE
index_archivos/libs/fontawesome/svgs/solid/arrow-up.svg,.svg,331,b515e7a47b460e28d361e6eb140773f0e146be3d09a97bfd4aa6e5bc615ef932,CURRENT_SOURCE
index_archivos/libs/fontawesome/svgs/solid/arrows-alt-h.svg,.svg,415,63b1df5be3de6257785e9052e659d7ef30b1e001a180fc979d0fb9dc91bd2250,CURRENT_SOURCE
index_archivos/libs/fontawesome/svgs/solid/arrows-alt-v.svg,.svg,413,c0b5b978121e0f80aac75f0ac3bdf011bc6248f94338c44bc339b142ac80aa8e,CURRENT_SOURCE
index_archivos/libs/fontawesome/svgs/solid/arrows-alt.svg,.svg,759,0bf0bb15ffe844f2cc5bcbb9ebf6a301888a66e25e8ade59a8b42134689fe8cf,CURRENT_SOURCE
index_archivos/libs/fontawesome/svgs/solid/assistive-listening-systems.svg,.svg,1105,f1dcaaa631d4c57c43ebb3f968d667aa883369575e2c79d74aa1c7b77bf9a41f,CURRENT_SOURCE
index_archivos/libs/fontawesome/svgs/solid/asterisk.svg,.svg,779,8d77deab44b168885e970f525b491462588ff0e3647aabb3d1d7277d2dbc80cc,CURRENT_SOURCE
index_archivos/libs/fontawesome/svgs/solid/at.svg,.svg,977,1079778e640c89787e0be2db996acf5d1fc8e3163c0f877872ca9c1f33ff91cc,CURRENT_SOURCE
index_archivos/libs/fontawesome/svgs/solid/atlas.svg,.svg,937,d1e5bc30b01675f60d763fdfc314c14e6ee8bf360c350804e4b77177b6ffcc40,CURRENT_SOURCE
index_archivos/libs/fontawesome/svgs/solid/atom.svg,.svg,1876,44ebc8d22cb0b86e36ab9d41ee96588346b273a38a57e2bb5151f94ad18fbc0d,CURRENT_SOURCE
index_archivos/libs/fontawesome/svgs/solid/audio-description.svg,.svg,862,19d4eacde37807c78614d503c63b017a9725786fdde6523d7aa13996960d2410,CURRENT_SOURCE
index_archivos/libs/fontawesome/svgs/solid/award.svg,.svg,1522,4ac72e148f8d03bc01dffd44fcc8406db88025f99e664d725ad20dbc671a083b,CURRENT_SOURCE
index_archivos/libs/fontawesome/svgs/solid/baby-carriage.svg,.svg,655,160e6d4588982b1114904d9a5396611a7bc52b7a636cf0bf207c23ef49921e10,CURRENT_SOURCE
index_archivos/libs/fontawesome/svgs/solid/baby.svg,.svg,706,3bde2498a50d7fe4d2e15f98d869a12b0bc4457579770e6eadc7b85f4ffd3b50,CURRENT_SOURCE
index_archivos/libs/fontawesome/svgs/solid/backspace.svg,.svg,655,0eff731f44fed30107c3a9a506b8f28347dd052b6ebc260ffe73be94a9248f6f,CURRENT_SOURCE
index_archivos/libs/fontawesome/svgs/solid/backward.svg,.svg,307,743882f2da14a60df3ad3e6a368a04b595626b759ae82becf1cc4a167ebd0f27,CURRENT_SOURCE
index_archivos/libs/fontawesome/svgs/solid/bacon.svg,.svg,900,6ac8e27eaf47a3321a0ba70fb4efaf4a7ceb31676356e9ede552bec8377db07c,CURRENT_SOURCE
index_archivos/libs/fontawesome/svgs/solid/bahai.svg,.svg,949,9ef6353bf3a2261014d117309ac176e4751048aeb511a94f28555b085234c593,CURRENT_SOURCE
index_archivos/libs/fontawesome/svgs/solid/balance-scale-left.svg,.svg,908,d5d32b8f81d4cde91f9b4811d37c3878f669e9254d5910bfc084843ce25edea9,CURRENT_SOURCE
index_archivos/libs/fontawesome/svgs/solid/balance-scale-right.svg,.svg,888,1e8d7f7e98a5548791561560a86a7c11a549f5e5e02ff0ddebbc13f3de32ccf0,CURRENT_SOURCE
index_archivos/libs/fontawesome/svgs/solid/balance-scale.svg,.svg,804,66a777c2083bbb8f71a407bba9803659124fa916507129683017fab0406c71dc,CURRENT_SOURCE
index_archivos/libs/fontawesome/svgs/solid/ban.svg,.svg,403,2d918590c75aaeb9a7b6cde5221432bc5fd8e81426d9e3d3abe7542b87d8d333,CURRENT_SOURCE
index_archivos/libs/fontawesome/svgs/solid/band-aid.svg,.svg,517,97d7c4599f06aae645b853807a278b248766a3cba3086d603b6a84701a9262f4,CURRENT_SOURCE
index_archivos/libs/fontawesome/svgs/solid/barcode.svg,.svg,569,b971a884cc9c8850d74a26416b8343ba5f77af325dbd16086f5f0ebde47a30f7,CURRENT_SOURCE
index_archivos/libs/fontawesome/svgs/solid/bars.svg,.svg,421,a674eac92c46fc0e1b376dd853a86e81966baa198a3e5987261bc12f8b3ba204,CURRENT_SOURCE
index_archivos/libs/fontawesome/svgs/solid/baseball-ball.svg,.svg,751,a1903bde61c807d2cd551a1309fb78a03ceb2a82f8872a1cc0fd8fb9fcb801ea,CURRENT_SOURCE
index_archivos/libs/fontawesome/svgs/solid/basketball-ball.svg,.svg,770,8b45ba10ce90ec74342a2a5be7eff1ba83da7b0c381aceb9aba95085d8aa05e4,CURRENT_SOURCE
index_archivos/libs/fontawesome/svgs/solid/bath.svg,.svg,632,6c6e0a54d825923297d7071479dea918f60116489a1d4b426e63c49b4dd6ef86,CURRENT_SOURCE
index_archivos/libs/fontawesome/svgs/solid/battery-empty.svg,.svg,293,d9287f78bd08b488ccd5b9db3f779adfa6529d334381b0b1d91254780d09691b,CURRENT_SOURCE
index_archivos/libs/fontawesome/svgs/solid/battery-full.svg,.svg,316,77a7c78e04d114e0926845e4df3b7ae7ccb7968903cf01b31ee30d13cc3be28e,CURRENT_SOURCE
index_archivos/libs/fontawesome/svgs/solid/battery-half.svg,.svg,317,73b917a7baec710b30e09f214e074598c8506c1e66419597de3ba3adda1c428c,CURRENT_SOURCE
index_archivos/libs/fontawesome/svgs/solid/battery-quarter.svg,.svg,317,9b78cad6c046cd1944a51c803b2d18240e8439e9a81881bafda2cdcb80ec1d8c,CURRENT_SOURCE
index_archivos/libs/fontawesome/svgs/solid/battery-three-quarters.svg,.svg,317,8c0c7e3d6d3ff5dee242edffb732c3c61a5443805fe47b4a28d65606d6ec5600,CURRENT_SOURCE
index_archivos/libs/fontawesome/svgs/solid/bed.svg,.svg,383,ed45f9f974756509373b64c9f69f7e8903cf75c72eafbfd0f738d6673b93b850,CURRENT_SOURCE
index_archivos/libs/fontawesome/svgs/solid/beer.svg,.svg,589,ac1949f306f6c13ef7101bba6cb42219806905bf32011b5b624984667967bc68,CURRENT_SOURCE
index_archivos/libs/fontawesome/svgs/solid/bell-slash.svg,.svg,695,bbae0dc95f84d2999d6dca111d022af2f0153fabf415ff4850002c9f734d15df,CURRENT_SOURCE
index_archivos/libs/fontawesome/svgs/solid/bell.svg,.svg,477,bef543696eeaddfc5916ca17a787512f1ea672bfbd711fd0ddb9c3f5cb62c7c1,CURRENT_SOURCE
index_archivos/libs/fontawesome/svgs/solid/bezier-curve.svg,.svg,876,f620f060e01a7bcef0f861b5f20a7cf15ee584184b8ddc4a9811c4276885bb15,CURRENT_SOURCE
index_archivos/libs/fontawesome/svgs/solid/bible.svg,.svg,553,c7e978cd5dd998ad82ac228ea6bc5e8412eea903e6df5108392c2cb3d5a7f6b5,CURRENT_SOURCE
index_archivos/libs/fontawesome/svgs/solid/bicycle.svg,.svg,1422,f4ba743b565d9d724b53cf26e3885bf8ff9ad7384551e133a53a8f80915435e3,CURRENT_SOURCE
index_archivos/libs/fontawesome/svgs/solid/biking.svg,.svg,522,5e377a33765b4449c9b86d97eb0a213119b38b0c0848021d34237a826ad6c925,CURRENT_SOURCE
index_archivos/libs/fontawesome/svgs/solid/binoculars.svg,.svg,527,6a2583fd0f894992606a0aa4c656796c7eddd3bc0e031dce60dca7106b542895,CURRENT_SOURCE
index_archivos/libs/fontawesome/svgs/solid/biohazard.svg,.svg,1521,fef14e732d2a4ed5e8d5de7b7b613525772d438c3f69c9adc925565be8748cb8,CURRENT_SOURCE
index_archivos/libs/fontawesome/svgs/solid/birthday-cake.svg,.svg,778,38947890dce6a6d604a916ff9e681611dbb7f9988c9a95511a2ed08ce8c69e60,CURRENT_SOURCE
index_archivos/libs/fontawesome/svgs/solid/blender-phone.svg,.svg,825,dd9ed2cc6af3904965e74b966f631d773802b48a3e89038bc1a4ab3dc730c212,CURRENT_SOURCE
index_archivos/libs/fontawesome/svgs/solid/blender.svg,.svg,571,6234e55d4a8308878c9d0e755447aeb5d66bde1a271ec1800a373c51a709b6f8,CURRENT_SOURCE
index_archivos/libs/fontawesome/svgs/solid/blind.svg,.svg,893,35dca1f6e3e724817fdd23199950f8b44f926e299d478be6bb8b85e0ad6b6911,CURRENT_SOURCE
index_archivos/libs/fontawesome/svgs/solid/blog.svg,.svg,699,e91df59a50c8fc43cb21b6486351d6633490fffa02fdf44b8b9d81ae3d2dbe1b,CURRENT_SOURCE
index_archivos/libs/fontawesome/svgs/solid/bold.svg,.svg,399,215b206b675346b4ca864fffbc497e7db3ab82666197d1756835f4fa4ca976d6,CURRENT_SOURCE
index_archivos/libs/fontawesome/svgs/solid/bolt.svg,.svg,289,9e7bb1d095cdfc94dd69a54f8a537724ead38ca7b875009d4a63adbdfeaa9be6,CURRENT_SOURCE
index_archivos/libs/fontawesome/svgs/solid/bomb.svg,.svg,922,391ae9dec7235a92c06ddd5cfa8afebb5aa56d9665e41f15ef6b6f0a57b3563d,CURRENT_SOURCE
index_archivos/libs/fontawesome/svgs/solid/bone.svg,.svg,695,0e620634204757544a8f391d694866448754dbda2b6c978ad9ce40f35c0bd944,CURRENT_SOURCE
index_archivos/libs/fontawesome/svgs/solid/bong.svg,.svg,835,b0670631b2d0037260b9ccef6f281c87b48eecfc096423662c82bb71f096ee29,CURRENT_SOURCE
index_archivos/libs/fontawesome/svgs/solid/book-dead.svg,.svg,948,40e1c5696b3aeeabb9d887ca4ae256d426eb7faa08a003303734b9ffb3558386,CURRENT_SOURCE
index_archivos/libs/fontawesome/svgs/solid/book-medical.svg,.svg,472,ecd70027974f7ef584b52fe9bb626d5ca4e82e78e080a9311e761a899f60f08c,CURRENT_SOURCE
index_archivos/libs/fontawesome/svgs/solid/book-open.svg,.svg,533,3286cf2f6c8378af3be1b3f7c1041350b34ed46f303893af3d76195a5957f31f,CURRENT_SOURCE
index_archivos/libs/fontawesome/svgs/solid/book-reader.svg,.svg,618,8667f44b35efdcfdfe96a1e3e26e1f438a9460919750e1d9dc860760f1554ad2,CURRENT_SOURCE
index_archivos/libs/fontawesome/svgs/solid/book.svg,.svg,518,f54e1cdb9a5a86bf437c38e7caf63b683783000b69a0d1d544b2b52fb1b8915c,CURRENT_SOURCE
index_archivos/libs/fontawesome/svgs/solid/bookmark.svg,.svg,156,071fe0577d3fb773f67be41115a5d15cc906dbb2d20386f5ccc908d315b25725,CURRENT_SOURCE
index_archivos/libs/fontawesome/svgs/solid/border-all.svg,.svg,249,efd81f934e986e836cd935eaac65c0c9cb8d954edc2ab20ed20bee7a890033d6,CURRENT_SOURCE
index_archivos/libs/fontawesome/svgs/solid/border-none.svg,.svg,2022,a6440f26ec2c05a343a221336897eb8a0190c0fe7bf9888fc80b8bbaa6489cc4,CURRENT_SOURCE
index_archivos/libs/fontawesome/svgs/solid/border-style.svg,.svg,847,df365cb26ec0090918df8a783faa451d786423c235afd14301dc81266b4f9ad5,CURRENT_SOURCE
index_archivos/libs/fontawesome/svgs/solid/bowling-ball.svg,.svg,364,53889830490c8334734417ff1ba010a99614af37a15ff9a880f0c8c8a5fbadd6,CURRENT_SOURCE
index_archivos/libs/fontawesome/svgs/solid/box-open.svg,.svg,581,89229853c8fb290326a2e018373971e876e8c971496eb983a375d9c368f90c56,CURRENT_SOURCE
index_archivos/libs/fontawesome/svgs/solid/box-tissue.svg,.svg,380,f71760e7d0f2143de84cd0652d6420e9019700639792db6c469dac3e6197bab2,CURRENT_SOURCE
index_archivos/libs/fontawesome/svgs/solid/box.svg,.svg,306,d6098fd432ca487d23e402f1af1ddaa397ec35432624f69155585cd481dd63e3,CURRENT_SOURCE
index_archivos/libs/fontawesome/svgs/solid/boxes.svg,.svg,462,694a815320b8f69891560caf29f7543df02e318edd8aee95cc035e615ec58879,CURRENT_SOURCE
index_archivos/libs/fontawesome/svgs/solid/braille.svg,.svg,1058,0c040e988ed71b82bf571b18b32ded9f5b7aec3849fc05d55a1e4553b9209647,CURRENT_SOURCE
index_archivos/libs/fontawesome/svgs/solid/brain.svg,.svg,745,d3f6c1d67e6ef2f04283ab5ec4d4a809d8497711e8b4bdbb184d1d6cdeab9e29,CURRENT_SOURCE
index_archivos/libs/fontawesome/svgs/solid/bread-slice.svg,.svg,240,22a5da3198f2ce030db843a4f78a3701a0574d864cbfb12e1a307f9beaa7dcc0,CURRENT_SOURCE
index_archivos/libs/fontawesome/svgs/solid/briefcase-medical.svg,.svg,449,0114216c1382ec6c039703e0592bf848788a86f89a1c859dd0098d9cc172e452,CURRENT_SOURCE
index_archivos/libs/fontawesome/svgs/solid/briefcase.svg,.svg,348,d0314a6126f27f29f60ddb54a7c40272e5ec685cd1a0c2b74e5eb8d620754010,CURRENT_SOURCE
index_archivos/libs/fontawesome/svgs/solid/broadcast-tower.svg,.svg,1480,322a0c81c506a79c1d139d62ee22775ca3a2fdd65f13f9f9a867aa0b2ea5c8bb,CURRENT_SOURCE
index_archivos/libs/fontawesome/svgs/solid/broom.svg,.svg,547,f3b8fcc8f9c9a4d123da004ff76637bfe048c0894a9cf8712b4389a8b41fdcf0,CURRENT_SOURCE
index_archivos/libs/fontawesome/svgs/solid/brush.svg,.svg,352,b0c1ae85c2af6890a80ced4459ce4016f3f000e94ef73305f4ceed852c93cf93,CURRENT_SOURCE
index_archivos/libs/fontawesome/svgs/solid/bug.svg,.svg,949,a108a19ed0d4d4148b63887b504b7042f603411f4dbd800eae52af5b14293cc2,CURRENT_SOURCE
index_archivos/libs/fontawesome/svgs/solid/building.svg,.svg,964,c246944203b219b71da06970e28af00d4685e5b8de15545878d9c8aec43fc631,CURRENT_SOURCE
index_archivos/libs/fontawesome/svgs/solid/bullhorn.svg,.svg,736,f3ad186c47be9ca6f591281cfc33f37bae7f42c694e013d43f3e70c7622a2b7d,CURRENT_SOURCE
index_archivos/libs/fontawesome/svgs/solid/bullseye.svg,.svg,444,1b851dc675eece15878bd7f052d6e5e0d82946c40beb660cd88b897246f0ca51,CURRENT_SOURCE
index_archivos/libs/fontawesome/svgs/solid/burn.svg,.svg,287,ddada64f21717b3ae9a4cc1b05ff04a2fbd8ca05810076fdccfe92daa1db2162,CURRENT_SOURCE
index_archivos/libs/fontawesome/svgs/solid/bus-alt.svg,.svg,807,5cd8d48630c3e730d31da9a960c2fc1341a1ef7d343cda2a18802cfd512d063f,CURRENT_SOURCE
index_archivos/libs/fontawesome/svgs/solid/bus.svg,.svg,690,9b84f343f5554b97f403a4be59b6c61db499582e0e0ce867df46bd7ff5421a4b,CURRENT_SOURCE
index_archivos/libs/fontawesome/svgs/solid/business-time.svg,.svg,686,e5471aa3880bc30c01d5dcf74986fa2917f39d717cc97d18aa344f77d28c89d2,CURRENT_SOURCE
index_archivos/libs/fontawesome/svgs/solid/calculator.svg,.svg,969,a00b5110f816d824433d8dcc952f9b6fe0bb53407253e05784918b0053fc2285,CURRENT_SOURCE
index_archivos/libs/fontawesome/svgs/solid/calendar-alt.svg,.svg,904,f25feb0769e0be14d4a2aee7f1a0b4ad8171c8b9840f4e9f5a55b7b9a5c286a3,CURRENT_SOURCE
index_archivos/libs/fontawesome/svgs/solid/calendar-check.svg,.svg,714,82ae71de45c8e7b42669594f77033b1459a8e9025a6d166b8e38c4af84c357bf,CURRENT_SOURCE
index_archivos/libs/fontawesome/svgs/solid/calendar-day.svg,.svg,411,5e7478270cda222ca1b703fc21c8cb37e1f8b26a5ceac927e7decee82d4214ff,CURRENT_SOURCE
index_archivos/libs/fontawesome/svgs/solid/calendar-minus.svg,.svg,489,fbdc5500545f42613a7ce713b7b45e3cae3efd31955da0e3363705f3001efd90,CURRENT_SOURCE
index_archivos/libs/fontawesome/svgs/solid/calendar-plus.svg,.svg,593,ac5cfcdf0138ef5dc56d6a02203b1c7bef1f399fc7e9464be01f3657d719dc0f,CURRENT_SOURCE
index_archivos/libs/fontawesome/svgs/solid/calendar-times.svg,.svg,702,70e90e676f7246eef9d99275422769bed1d68305850590ced792e85d4103e4b5,CURRENT_SOURCE
index_archivos/libs/fontawesome/svgs/solid/calendar-week.svg,.svg,412,7b47514472cbf54afd8acfb2bc525f7ac1c4813b515e34d6a6a503d5b279b844,CURRENT_SOURCE
index_archivos/libs/fontawesome/svgs/solid/calendar.svg,.svg,392,ead42263879310c1aefd514b6ab9d308d24d2fd1a579f7eca0ec57f97b45e435,CURRENT_SOURCE
index_archivos/libs/fontawesome/svgs/solid/camera-retro.svg,.svg,675,13f8631a51232fcdd28e0480639bf7bfa0cd3fde56678b26be8d21f69b9ff386,CURRENT_SOURCE
index_archivos/libs/fontawesome/svgs/solid/camera.svg,.svg,422,4ab474ce93145ac113381b1aa37d2e0c3ec861d689be28761d0eaabf7313cd9f,CURRENT_SOURCE
index_archivos/libs/fontawesome/svgs/solid/campground.svg,.svg,451,6416f143bfb58302e197132ad9275dc11e9a1fa62dd85c45320fa2586ae7f42b,CURRENT_SOURCE
index_archivos/libs/fontawesome/svgs/solid/candy-cane.svg,.svg,913,cc66ee065909b397d6f5fdfb41377d0116d8ad910d05127e21f412bbfc059675,CURRENT_SOURCE
index_archivos/libs/fontawesome/svgs/solid/cannabis.svg,.svg,1154,cd8575173a7c0668b1046a617710d987e342abf4efbab7525a431b8e99998c24,CURRENT_SOURCE
index_archivos/libs/fontawesome/svgs/solid/capsules.svg,.svg,608,763f762f9018680bfced1d4e5b2fa5d1fe685b64d28569eea448532f86f86321,CURRENT_SOURCE
index_archivos/libs/fontawesome/svgs/solid/car-alt.svg,.svg,738,556b9712ec0a43cc2485d2d0684227763830cd96f6d1f0568c4691cf05bbf223,CURRENT_SOURCE
index_archivos/libs/fontawesome/svgs/solid/car-battery.svg,.svg,601,d27a7922bd4571fa9c83b246a49d5564a604ea1fdaa43171e4a926cfa4bbb4a9,CURRENT_SOURCE
index_archivos/libs/fontawesome/svgs/solid/car-crash.svg,.svg,1980,d17df13b3fb286474f846ed20c6a866ac90c669bfbdd130c7a8fae19c265dbe9,CURRENT_SOURCE
index_archivos/libs/fontawesome/svgs/solid/car-side.svg,.svg,584,b94a4eeeacb0d39d9aec6bd8ddd785119209cb12721a6a0855275e9670b74974,CURRENT_SOURCE
index_archivos/libs/fontawesome/svgs/solid/car.svg,.svg,864,dd65ecf6c37e78b6ef257003c45e861ccd7daf5c5c05e9c7ddee71d61776185f,CURRENT_SOURCE
index_archivos/libs/fontawesome/svgs/solid/caravan.svg,.svg,473,b08cd7bdbc675e373e99cf55078a97bf99ae1329b12e07f3f10b3ced69f47810,CURRENT_SOURCE
index_archivos/libs/fontawesome/svgs/solid/caret-down.svg,.svg,199,4f73088b0e9ecb91172a832197594a169ede1c6be2b0a54e57392ac3f6245149,CURRENT_SOURCE
index_archivos/libs/fontawesome/svgs/solid/caret-left.svg,.svg,240,6143ea6acf3ed8079903f3a454354a17e35805475732fb3ccfeeffd17dae7cec,CURRENT_SOURCE
index_archivos/libs/fontawesome/svgs/solid/caret-right.svg,.svg,232,77b9be038597376a746349b37d507beb3fa1eb56b909d6c169829459202a4633,CURRENT_SOURCE
index_archivos/libs/fontawesome/svgs/solid/caret-square-down.svg,.svg,294,a3709e080dc486ff440dbd1e4bd200f8abcb196c9a13b4673e70890dc64ba6ff,CURRENT_SOURCE
index_archivos/libs/fontawesome/svgs/solid/caret-square-left.svg,.svg,362,e634fe16177c40a3693de2956fd59c272f8d40814ee8a39df9446be4f0a7fe8b,CURRENT_SOURCE
index_archivos/libs/fontawesome/svgs/solid/caret-square-right.svg,.svg,358,6f10dad2508948dfa7359d8b44b2e4e5216d5e6aaf05d701bd9a00b1cb117691,CURRENT_SOURCE
index_archivos/libs/fontawesome/svgs/solid/caret-square-up.svg,.svg,357,4c216f3221d6289905d88c9562bc7a8196fdf9c1fcc149c80666d424da1ae6c5,CURRENT_SOURCE
index_archivos/libs/fontawesome/svgs/solid/caret-up.svg,.svg,240,e575900788e2a4d22adab0d612b110f60f070b7616a143f4dd930bc18790aa38,CURRENT_SOURCE
index_archivos/libs/fontawesome/svgs/solid/carrot.svg,.svg,550,02a45a55f7783228011b122be031540df82a367f4e24aa402c530cf10b3b6191,CURRENT_SOURCE
index_archivos/libs/fontawesome/svgs/solid/cart-arrow-down.svg,.svg,913,b44e2cb292e29a78ce65cfbb40d36be45d0c673ac5bc1724cc876959d239bcfc,CURRENT_SOURCE
index_archivos/libs/fontawesome/svgs/solid/cart-plus.svg,.svg,930,2440fb9a633e535cf52a8bb5e4b1c12f102b57df843c5f5bc8d86128b98f382a,CURRENT_SOURCE
index_archivos/libs/fontawesome/svgs/solid/cash-register.svg,.svg,1174,213e6fdb80507ea91fbe0f7038e4fc1a5d3f805d4a6c01263b5e8badc9f132b6,CURRENT_SOURCE
index_archivos/libs/fontawesome/svgs/solid/cat.svg,.svg,638,412796f5378458561fc94b8a3dce6b03dff7a39a6c2736306baddad176a8a1de,CURRENT_SOURCE
index_archivos/libs/fontawesome/svgs/solid/certificate.svg,.svg,911,414b656fc44ea0d1d7714dacab78c6d368b1fc3e034a480d8edced3f97935768,CURRENT_SOURCE
index_archivos/libs/fontawesome/svgs/solid/chair.svg,.svg,478,a86185a40b1502a9a4f416cd9a71f8856bc3654a3b7539b1d28c82ea7c750125,CURRENT_SOURCE
index_archivos/libs/fontawesome/svgs/solid/chalkboard-teacher.svg,.svg,599,03a3ebb1433a493369850bd6c514c49fd5f4275fd0a8d80f6750b0856ab6eefa,CURRENT_SOURCE
index_archivos/libs/fontawesome/svgs/solid/chalkboard.svg,.svg,283,2a177a65ac809124ccc3454e7fa113b02c4407c90151d854ace43b719fa46dd1,CURRENT_SOURCE
index_archivos/libs/fontawesome/svgs/solid/charging-station.svg,.svg,908,3a5f10895d62536a7631f323112cfa9ef8099ce9e4ffce2a78a84decfbe29bfc,CURRENT_SOURCE
index_archivos/libs/fontawesome/svgs/solid/chart-area.svg,.svg,317,ccc42d55499c3714394ca8cb59e5189a947de692abc54d5ebadabda4f17968d0,CURRENT_SOURCE
index_archivos/libs/fontawesome/svgs/solid/chart-bar.svg,.svg,742,df4a6d511810c4999ee96e671db188d4a8fa6ebdcbe9d849353e56a964e88c48,CURRENT_SOURCE
index_archivos/libs/fontawesome/svgs/solid/chart-line.svg,.svg,546,084d9910dade11ad0cb8754141f463ffaf78c46f99cc47f13430302357d77aa8,CURRENT_SOURCE
index_archivos/libs/fontawesome/svgs/solid/chart-pie.svg,.svg,515,76072501cb4f6a5c6fcfa255aed96602c5ae6ce8f7ae1aa395cadfc83fc9b258,CURRENT_SOURCE
index_archivos/libs/fontawesome/svgs/solid/check-circle.svg,.svg,436,1aeca8e829ae1e6798147515fb8f2b1fd920d0bcd5cb8a8f07e44458cac95346,CURRENT_SOURCE
index_archivos/libs/fontawesome/svgs/solid/check-double.svg,.svg,463,c5f3d0335695cea6e7e044b272afc4c06b73ac12566e68f6858eaf79f2efa1ad,CURRENT_SOURCE
index_archivos/libs/fontawesome/svgs/solid/check-square.svg,.svg,459,963d349c0aba08abaee6ae739601d3b8e7ab87f165f72561a86ec47d946c2962,CURRENT_SOURCE
index_archivos/libs/fontawesome/svgs/solid/check.svg,.svg,354,5df42666ae9647539780673d7d2a3aecb93808bd04f8967164cc28d40467c1e2,CURRENT_SOURCE
index_archivos/libs/fontawesome/svgs/solid/cheese.svg,.svg,205,355b224ff3657d54755ce221c3a67b16b3b654678c2fab4c61c5b614905e1c45,CURRENT_SOURCE
index_archivos/libs/fontawesome/svgs/solid/chess-bishop.svg,.svg,519,aa57391493d00eed4cec0a43a91b16f8f57a996600a0ff02cbe9ef95f3432005,CURRENT_SOURCE
index_archivos/libs/fontawesome/svgs/solid/chess-board.svg,.svg,740,7aa491e0f18eb6e50c9355cc2487d49123e6b7ea0aacdec228500e9114020fad,CURRENT_SOURCE
index_archivos/libs/fontawesome/svgs/solid/chess-king.svg,.svg,384,ea0ae7ab1020b8b1c773604ba45245593a70c202009154f9fc32c13d072d3a03,CURRENT_SOURCE
index_archivos/libs/fontawesome/svgs/solid/chess-knight.svg,.svg,552,7acf7af8ccdc39368e93f3ade8c40706cbaf03748e15aefab44f82df503da710,CURRENT_SOURCE
index_archivos/libs/fontawesome/svgs/solid/chess-pawn.svg,.svg,429,804027d296664120a1359187803f5bdcad3aaafa4f6344cfed901d2de3db846e,CURRENT_SOURCE
index_archivos/libs/fontawesome/svgs/solid/chess-queen.svg,.svg,660,2dee474ff24319c46141d95a697b28714306944b532d2262df6c436101b11d46,CURRENT_SOURCE
index_archivos/libs/fontawesome/svgs/solid/chess-rook.svg,.svg,438,f535e15cec738708a84b053997dd16710898ba2133ddc351ca6066211e781df8,CURRENT_SOURCE
index_archivos/libs/fontawesome/svgs/solid/chess.svg,.svg,1055,249c8ec18ec3661fefec836fcb6a607cc858dee2c906ebf954191e731dddffef,CURRENT_SOURCE
index_archivos/libs/fontawesome/svgs/solid/chevron-circle-down.svg,.svg,341,99b55ec9703c32c5acea74442f9f7826521f1f3002c34773329e3334aef8e87a,CURRENT_SOURCE
index_archivos/libs/fontawesome/svgs/solid/chevron-circle-left.svg,.svg,341,afeb0d21610f2f7167fbf8163ac90f6268b21ca45ae39e58d107c3641d5a74b4,CURRENT_SOURCE
index_archivos/libs/fontawesome/svgs/solid/chevron-circle-right.svg,.svg,338,9c5e16db504de04cee4679a9d7751da5f58aec30b027bbf5bae6ec622e3c1a71,CURRENT_SOURCE
index_archivos/libs/fontawesome/svgs/solid/chevron-circle-up.svg,.svg,336,8b3949f651e6a374b4beced1f7e7ea69effccacfe791d88484410a3581942de1,CURRENT_SOURCE
index_archivos/libs/fontawesome/svgs/solid/chevron-down.svg,.svg,359,0202002fd43752e40f41f429a4c34ae367802c7ea58f65c7383a9417f0c1fd17,CURRENT_SOURCE
index_archivos/libs/fontawesome/svgs/solid/chevron-left.svg,.svg,318,d6a343d1f22a917f6cd12624a677162451fa8c0f9059b5b8abbf06eab46b793a,CURRENT_SOURCE
index_archivos/libs/fontawesome/svgs/solid/chevron-right.svg,.svg,361,34ce795978408b2395117f918992bea43ef2c8b5c25ceebe38b635a0fc0970ca,CURRENT_SOURCE
index_archivos/libs/fontawesome/svgs/solid/chevron-up.svg,.svg,364,940cb0db68a592b508824f9bb8a0e4a752a47bef5c153be7a28b5197287d82c4,CURRENT_SOURCE
index_archivos/libs/fontawesome/svgs/solid/child.svg,.svg,525,1a28ce3f051e915ca8be9dff5ee7ab88aa8f2a61cb8bb31d3b6ff471c350b486,CURRENT_SOURCE
index_archivos/libs/fontawesome/svgs/solid/church.svg,.svg,582,d464724edb7bd950e001b3503e589c653a890bf3e12f065e26e3aeefdb5e80a7,CURRENT_SOURCE
index_archivos/libs/fontawesome/svgs/solid/circle-notch.svg,.svg,548,7bda152fce85efd7dfb3fcbd4c812258da2325c5c53eed71707358040117a69c,CURRENT_SOURCE
index_archivos/libs/fontawesome/svgs/solid/circle.svg,.svg,149,1f36e6941ccb13967f486c99c13a0f063555582dfbe58d08a788e0186633be08,CURRENT_SOURCE
index_archivos/libs/fontawesome/svgs/solid/city.svg,.svg,1533,d567d7a8c57c2bf7c416213d9f7afa67988adc5f7141826e71f45315dd629882,CURRENT_SOURCE
index_archivos/libs/fontawesome/svgs/solid/clinic-medical.svg,.svg,590,e12993dd6bbd0dc5468d0d52d9b6f3ad7e7244e8397d1daf470b3651a4980aa7,CURRENT_SOURCE
index_archivos/libs/fontawesome/svgs/solid/clipboard-check.svg,.svg,487,0fc3b5f00c47a4b1918636d00c31eca1edd8e39c63736b1546bd3c4b940122bc,CURRENT_SOURCE
index_archivos/libs/fontawesome/svgs/solid/clipboard-list.svg,.svg,772,3f8c026ec58bfb7a1d8a5d4477f399a62b124c4fec4d8f772ce8332c998c6865,CURRENT_SOURCE
index_archivos/libs/fontawesome/svgs/solid/clipboard.svg,.svg,397,f34e1197161a63f8da3c22af13c2a380f8cc543b1e83ccc80b19c99ce0238571,CURRENT_SOURCE
index_archivos/libs/fontawesome/svgs/solid/clock.svg,.svg,302,a5740732adcb57b63c0e2e912dd1b52da8242c678c87916e077616930c89fe64,CURRENT_SOURCE
index_archivos/libs/fontawesome/svgs/solid/clone.svg,.svg,322,b193a944a808f31992c3714b55857190b03fc46250223c767bcca6cedf475973,CURRENT_SOURCE
index_archivos/libs/fontawesome/svgs/solid/closed-captioning.svg,.svg,654,bad023d5ad4c60b6d00353e86e40543d4d3b3e5afdd548f246d048f990b59797,CURRENT_SOURCE
index_archivos/libs/fontawesome/svgs/solid/cloud-download-alt.svg,.svg,511,6d456e74d28b3ccbbde4a0056f56d99bb9539aaf72a15f4fa72a322ea51b9b71,CURRENT_SOURCE
index_archivos/libs/fontawesome/svgs/solid/cloud-meatball.svg,.svg,1075,5721b74daf5f30ff16b81f3c99a9eee1ac2c529c6f1290636ba90357d059b469,CURRENT_SOURCE
index_archivos/libs/fontawesome/svgs/solid/cloud-moon-rain.svg,.svg,1170,d455993d3719411e83f6e7746e9632cbcd3f348b907c66d308b1518d761d46bd,CURRENT_SOURCE
index_archivos/libs/fontawesome/svgs/solid/cloud-moon.svg,.svg,676,7353700036102b8460c4408f98cbae8e27c4f12eb335cd4207d74dd40687a125,CURRENT_SOURCE
index_archivos/libs/fontawesome/svgs/solid/cloud-rain.svg,.svg,694,3885936db2b8dba4641466521a919c37ae791ef9245806fc323f74a2cf9c388a,CURRENT_SOURCE
index_archivos/libs/fontawesome/svgs/solid/cloud-showers-heavy.svg,.svg,1051,897e09bc92eeef4e357b9697ec207bfe330da0b0986d73bf98cf38212071d34e,CURRENT_SOURCE
index_archivos/libs/fontawesome/svgs/solid/cloud-sun-rain.svg,.svg,1450,b723d9607a090d7a9b3ab2ba6397aaad0fe22df96e938444e19ff5eba1e2abc7,CURRENT_SOURCE
index_archivos/libs/fontawesome/svgs/solid/cloud-sun.svg,.svg,865,77144d861b89ee0b1f95b846e91fe98b9c0669d27128cec7dab12ae7e4ed8c97,CURRENT_SOURCE
index_archivos/libs/fontawesome/svgs/solid/cloud-upload-alt.svg,.svg,511,b8a2a10deaa2cf4decaeb3dbc21ad4821702f9f7182f35e7bccae3d53f511c05,CURRENT_SOURCE
index_archivos/libs/fontawesome/svgs/solid/cloud.svg,.svg,334,11637384309fc7511b4dc1abc51b1b0e59592dc6adb6f51e19978714af039c51,CURRENT_SOURCE
index_archivos/libs/fontawesome/svgs/solid/cocktail.svg,.svg,524,965c415d9bd3b9207d8a7ec371bd171e843277d6f996dce41b204ae59e6e3994,CURRENT_SOURCE
index_archivos/libs/fontawesome/svgs/solid/code-branch.svg,.svg,755,405a02aab3ed9be05e213ed56cdfcd8b17139893462e48ce8f6a364cf0de4fac,CURRENT_SOURCE
index_archivos/libs/fontawesome/svgs/solid/code.svg,.svg,620,a6d19b457e8930d693fb6a9a8b875cf46087a650cdcbd00183c8d674c5159083,CURRENT_SOURCE
index_archivos/libs/fontawesome/svgs/solid/coffee.svg,.svg,316,ea534eaf0a8ab53d8e82dfbb66f5b23101e64403f9f3fe68c4c699d54f70568b,CURRENT_SOURCE
index_archivos/libs/fontawesome/svgs/solid/cog.svg,.svg,890,7a4860215d08f4a8d699266b88c4ebf02720413df9b3e8bae6be281ec57cc316,CURRENT_SOURCE
index_archivos/libs/fontawesome/svgs/solid/cogs.svg,.svg,2465,5e5e1c8b476b5d8c031078ec9e4d8a8e882f616b2c7e25d92266fd090866136e,CURRENT_SOURCE
index_archivos/libs/fontawesome/svgs/solid/coins.svg,.svg,611,e082cfc9341e940de8c8989526a5da5f734095f324f3ad2ea9b217babd6e480d,CURRENT_SOURCE
index_archivos/libs/fontawesome/svgs/solid/columns.svg,.svg,240,de2eb459f5ce0273197436d38a9ec3022d2efd7ba55b218e2af0d06c6486d141,CURRENT_SOURCE
index_archivos/libs/fontawesome/svgs/solid/comment-alt.svg,.svg,222,7f5be9193f5443e364cc12cc4bcac4bd329730f890288921b41d16b0ce1b142a,CURRENT_SOURCE
index_archivos/libs/fontawesome/svgs/solid/comment-dollar.svg,.svg,1007,44b9e28df1731b0cc755930f3336f61aa066e502eefc541e43bc5f0b362b0eed,CURRENT_SOURCE
index_archivos/libs/fontawesome/svgs/solid/comment-dots.svg,.svg,515,1da4d89feb6e84100334e74e26fe7a4f45a09ff21fdc92420c5b683f56bf3bcf,CURRENT_SOURCE
index_archivos/libs/fontawesome/svgs/solid/comment-medical.svg,.svg,448,d9f166b2d3255335e5c6bd79ec400ca5a3491bfdd7e6d01064e54690f4a4175f,CURRENT_SOURCE
index_archivos/libs/fontawesome/svgs/solid/comment-slash.svg,.svg,550,867da201f4ef591983f225f6966b61a596496c558b881045f59865701f1449dd,CURRENT_SOURCE
index_archivos/libs/fontawesome/svgs/solid/comment.svg,.svg,300,7efea5a256a7ad947aea9803373340a5601a1c147b9b7fb20f9e4319d9189640,CURRENT_SOURCE
index_archivos/libs/fontawesome/svgs/solid/comments-dollar.svg,.svg,1318,0488ce6e39e558227cb5fa05e82fdf85be98c060a506add1914b597eb72619f8,CURRENT_SOURCE
index_archivos/libs/fontawesome/svgs/solid/comments.svg,.svg,579,187ccec67b1989ac825b3ce1c8a0b2a1672f834a7802a66ade848a5dff806351,CURRENT_SOURCE
index_archivos/libs/fontawesome/svgs/solid/compact-disc.svg,.svg,346,1016ec78744e03409e4db22902be73e73418974be08d485a0b2278e5d769b742,CURRENT_SOURCE
index_archivos/libs/fontawesome/svgs/solid/compass.svg,.svg,495,8f855725d64567ee2acc84cc6b4ce26ba97c2bac3d2dd36b7ef62703b28b5da7,CURRENT_SOURCE
index_archivos/libs/fontawesome/svgs/solid/compress-alt.svg,.svg,595,249243a792e5d17b23c34169e71b23b4eab281dbafdf4f02c76d78042a02f7d3,CURRENT_SOURCE
index_archivos/libs/fontawesome/svgs/solid/compress-arrows-alt.svg,.svg,802,dc3101f5748e2acb94df4e9f6bda684d1805fc7259bf92dd2911f236ae3068cc,CURRENT_SOURCE
index_archivos/libs/fontawesome/svgs/solid/compress.svg,.svg,585,151f92faa57d4bcc0cf53138a6432e3cb700b2aece5e46ebd3b2e7c9447e48bb,CURRENT_SOURCE
index_archivos/libs/fontawesome/svgs/solid/concierge-bell.svg,.svg,379,9ea85d50875d2690c5703050e9ba36958dea4c69c2928b22670131ac1d6835cb,CURRENT_SOURCE
index_archivos/libs/fontawesome/svgs/solid/cookie-bite.svg,.svg,751,19addaa421dd694e2efb9df771c5254aed1dd2eb068e8799aafa88853b9798fb,CURRENT_SOURCE
index_archivos/libs/fontawesome/svgs/solid/cookie.svg,.svg,784,6286c3b02ad8e55f218e83dd522bb87f5efbab8e9d1b49b1f8e464a6ba7e774a,CURRENT_SOURCE
index_archivos/libs/fontawesome/svgs/solid/copy.svg,.svg,431,7b3433b88c4c5d9844b3d42371b0d4076d8345f8450aae0e8436ac24421847ed,CURRENT_SOURCE
index_archivos/libs/fontawesome/svgs/solid/copyright.svg,.svg,653,81633e7d62979c0c2e22a4750fb4e7d0ff5624eed1ae83c8174f9d2e558c9cb0,CURRENT_SOURCE
index_archivos/libs/fontawesome/svgs/solid/couch.svg,.svg,447,e3670a3c6cacbfce6d29bbac94b3ea885798065785b4c89fee2fd28ed532d4fd,CURRENT_SOURCE
index_archivos/libs/fontawesome/svgs/solid/credit-card.svg,.svg,403,125a80ae7f559a9d40ef58ce9ec9919bc04b64b08199102f4e07f919eb1aaa23,CURRENT_SOURCE
index_archivos/libs/fontawesome/svgs/solid/crop-alt.svg,.svg,396,c0a8994f6ac49bdaa313b64cf620920013922877bba158debd47d6590604daff,CURRENT_SOURCE
index_archivos/libs/fontawesome/svgs/solid/crop.svg,.svg,490,60f2be7df228e9663f6bc8fef213713053cf9515f1178afd4879cb6a85a964f3,CURRENT_SOURCE
index_archivos/libs/fontawesome/svgs/solid/cross.svg,.svg,316,854072368d6e1554f46194dcdede0a8d676c36d464cc1146a649a43ebac8d2ba,CURRENT_SOURCE
index_archivos/libs/fontawesome/svgs/solid/crosshairs.svg,.svg,1030,552a80ad39ff10465fb04f4d59d2134652bfc5d67ad2cc06392cf24a50515fb1,CURRENT_SOURCE
index_archivos/libs/fontawesome/svgs/solid/crow.svg,.svg,627,a12d5067cb82be869be37aac7f7569e44c39b4ced83e42699860ea62001a17bf,CURRENT_SOURCE
index_archivos/libs/fontawesome/svgs/solid/crown.svg,.svg,583,df4458e45d5c943245ff1c86cb66b86642763b135d618d86205f98d5fd1f8b0f,CURRENT_SOURCE
index_archivos/libs/fontawesome/svgs/solid/crutch.svg,.svg,569,d6ac055a3b25f80695c3a26fce31fc788e185e3908f090e87c4b0cb7cf93515c,CURRENT_SOURCE
index_archivos/libs/fontawesome/svgs/solid/cube.svg,.svg,374,24177a7659f0e1630ca9b003b0cac6e6e5d724bea284ca4fedcecc8fc79af210,CURRENT_SOURCE
index_archivos/libs/fontawesome/svgs/solid/cubes.svg,.svg,687,f3262b293a78574cfa2141dac892092a74beae5ba011603a92798255e43052e4,CURRENT_SOURCE
index_archivos/libs/fontawesome/svgs/solid/cut.svg,.svg,686,fba315fec6588e80ae7c3a9c8ac48aa23cced89a10eecfc50b84c5c788eeb108,CURRENT_SOURCE
index_archivos/libs/fontawesome/svgs/solid/database.svg,.svg,477,9bc341f3727fc445e12d3b1e488fe81b32c3ca0e6b1f07ca58a633839034c967,CURRENT_SOURCE
index_archivos/libs/fontawesome/svgs/solid/deaf.svg,.svg,999,6012d12b6b613eadb011ebfb76cbc109d30f015c8062b81726b8faedb169b454,CURRENT_SOURCE
index_archivos/libs/fontawesome/svgs/solid/democrat.svg,.svg,1313,cec5104c886911fd3a59e4b7acd6283f45244e63b96b1c7c759854c7d2eabff6,CURRENT_SOURCE
index_archivos/libs/fontawesome/svgs/solid/desktop.svg,.svg,308,f06c7e47b3c5c41df2a6645a8a05f7b8fb0bf17858003c98a036a6ac69c3d34f,CURRENT_SOURCE
index_archivos/libs/fontawesome/svgs/solid/dharmachakra.svg,.svg,2038,ddeddda4c5c0a10a1d037b56ebfccdc394d606f2a4a7efd1786aedd483f0da79,CURRENT_SOURCE
index_archivos/libs/fontawesome/svgs/solid/diagnoses.svg,.svg,907,458e6be979e4843cbae5f3d4aaca7e9d413dc7f26069e8d48f261ffe2d07e0bc,CURRENT_SOURCE
index_archivos/libs/fontawesome/svgs/solid/dice-d20.svg,.svg,1006,f326824831934a2aee355dc3f4cd2b64688810e87770204edcffb86eb75705e4,CURRENT_SOURCE
index_archivos/libs/fontawesome/svgs/solid/dice-d6.svg,.svg,527,d613313e922e9f2a3aedee1fabe5942800d3d27f209d837d500cbeba1ffd0901,CURRENT_SOURCE
index_archivos/libs/fontawesome/svgs/solid/dice-five.svg,.svg,575,fe5cf5fd5d62531fcba4308a7ea684b011fd30727ae0b6484623379e2b17311f,CURRENT_SOURCE
index_archivos/libs/fontawesome/svgs/solid/dice-four.svg,.svg,501,864687ecd3ab305501833cd6d70814e2719727c047c1a1981da55dfcedb46c26,CURRENT_SOURCE
index_archivos/libs/fontawesome/svgs/solid/dice-one.svg,.svg,271,ba25fbd024d0cbd3fd99593b8a8d4229564f47b4d665baa303377e41bf8aec4c,CURRENT_SOURCE
index_archivos/libs/fontawesome/svgs/solid/dice-six.svg,.svg,649,f96ad4f4a7e936a6eb72b5f0080d730dc98c274bdce91c5ff0622913c9e7a8d6,CURRENT_SOURCE
index_archivos/libs/fontawesome/svgs/solid/dice-three.svg,.svg,423,4b8dbf7c3d24042bcd1923c876a941828f22fba50ac627359191afb5ebfbf683,CURRENT_SOURCE
index_archivos/libs/fontawesome/svgs/solid/dice-two.svg,.svg,349,67ee68355fc4c50f1acd635715a44cf989ad2664f960c84c3a5ba3cae2c91a4f,CURRENT_SOURCE
index_archivos/libs/fontawesome/svgs/solid/dice.svg,.svg,971,cace66ecd6e5172b20cd423d16c868545896b870e75262da7e238df58e54066c,CURRENT_SOURCE
index_archivos/libs/fontawesome/svgs/solid/digital-tachograph.svg,.svg,864,9da460f962e3b7c9b5de853d0453016f04e97715d7c54aaa28cc2794a6ee951f,CURRENT_SOURCE
index_archivos/libs/fontawesome/svgs/solid/directions.svg,.svg,495,2b02f8855ea18a24998a77b6dead370427a3ac31261794509f4191059b86ab3b,CURRENT_SOURCE
index_archivos/libs/fontawesome/svgs/solid/disease.svg,.svg,666,e88863b4e66c2f1ddeb733415312d43cad7d697a46d792492c18423b18f2a22c,CURRENT_SOURCE
index_archivos/libs/fontawesome/svgs/solid/divide.svg,.svg,349,512ffdbcaa100b97a2bb9f23d04b10a03a02916e0af76cb09d423d22ca6e8a6d,CURRENT_SOURCE
index_archivos/libs/fontawesome/svgs/solid/dizzy.svg,.svg,628,3a9957c011d3ccbfa00bffc5694ea4199372328a6aa95eb9e1d45ebbc9332fe6,CURRENT_SOURCE
index_archivos/libs/fontawesome/svgs/solid/dna.svg,.svg,845,f3145eb21eb77b9aef4883416b50e36daa9414e6f4baf9f1b46a345830a1b273,CURRENT_SOURCE
index_archivos/libs/fontawesome/svgs/solid/dog.svg,.svg,486,d84a334af5d669e1c7e3f6486e161d2d3e80b9e192c449f6dcab4e361da04f6c,CURRENT_SOURCE
index_archivos/libs/fontawesome/svgs/solid/dollar-sign.svg,.svg,681,7b68a2eb0132e906a4081084e5d5ca31b8fff3f35049f966398063fe130f0d6c,CURRENT_SOURCE
index_archivos/libs/fontawesome/svgs/solid/dolly-flatbed.svg,.svg,518,5ee6a8650914f1422981c74f337ac7c0ca720b7caa90be3b5dd689948ba1e1e6,CURRENT_SOURCE
index_archivos/libs/fontawesome/svgs/solid/dolly.svg,.svg,664,84d60c5c2521253b812deb23242628acde71f59df8e2eadab36ae3dfd50d52d0,CURRENT_SOURCE
index_archivos/libs/fontawesome/svgs/solid/donate.svg,.svg,1015,9cc1a84c928459477e8ed6498a30fb40181ded2d03ae7d71f65160066841aac4,CURRENT_SOURCE
index_archivos/libs/fontawesome/svgs/solid/door-closed.svg,.svg,350,fbfb6b4554020a718736277a2e8eae388fe3b9f6ee18179fc654b7ad13336763,CURRENT_SOURCE
index_archivos/libs/fontawesome/svgs/solid/door-open.svg,.svg,418,864e66b94151d2a33bdd287483535a32cb1133c8d33bf65f642d76dac0c494b2,CURRENT_SOURCE
index_archivos/libs/fontawesome/svgs/solid/dot-circle.svg,.svg,251,68c21c4a252395a98cf942fd0c933439c5b04f9e1996a2b44fb897be771f3726,CURRENT_SOURCE
index_archivos/libs/fontawesome/svgs/solid/dove.svg,.svg,598,979f93078672f00ea555df0f79672388b22b331245af7ae6734071d4a9b56150,CURRENT_SOURCE
index_archivos/libs/fontawesome/svgs/solid/download.svg,.svg,522,f2066b4f01679e9519f3336a18a347b0248bb6229be1876b5b632d507df0d3a5,CURRENT_SOURCE
index_archivos/libs/fontawesome/svgs/solid/drafting-compass.svg,.svg,963,5a79163d0ebe811c3e2d5619faf3c38f6cba334c846dfb5538361dfbbd42aa34,CURRENT_SOURCE
index_archivos/libs/fontawesome/svgs/solid/dragon.svg,.svg,920,711bad003edd0b6b167bcb11823d3ae2dababdfaa71a3a14be3ab6dd585e4bea,CURRENT_SOURCE
index_archivos/libs/fontawesome/svgs/solid/draw-polygon.svg,.svg,1093,bd72ec7aceda2e607f02caff061cde3f3298fcba4b76b53469ae812ab1791a24,CURRENT_SOURCE
index_archivos/libs/fontawesome/svgs/solid/drum-steelpan.svg,.svg,731,93fd9667fb68587f786c03c182d15fa84493118159afac6db9116fd63e87060c,CURRENT_SOURCE
index_archivos/libs/fontawesome/svgs/solid/drum.svg,.svg,724,2dda19a055530956d9b540555c01f71bf24bbe6f41dd06ff588343176808ed30,CURRENT_SOURCE
index_archivos/libs/fontawesome/svgs/solid/drumstick-bite.svg,.svg,500,4e991aad631adeb7b15e001fe1e72d755c63d7dfd9fc4c21a394e970816369b9,CURRENT_SOURCE
index_archivos/libs/fontawesome/svgs/solid/dumbbell.svg,.svg,610,5457f632ade13352cd91d1b2eba660e69bcffb7bf32bc39bd5da572acb484a95,CURRENT_SOURCE
index_archivos/libs/fontawesome/svgs/solid/dumpster-fire.svg,.svg,984,d891bffa236953698199fb32dd016b8c6dc03e8ac1f8456086b5860ff960b0ab,CURRENT_SOURCE
index_archivos/libs/fontawesome/svgs/solid/dumpster.svg,.svg,539,debc868d8e8fdd93a592404410dfad3b733ba74832680591c0ab5e03fd4047fe,CURRENT_SOURCE
index_archivos/libs/fontawesome/svgs/solid/dungeon.svg,.svg,1922,73a435ebcbcc4a5775ed1b076ce390d42cffcea1300b472dd0604d923bcc0ea1,CURRENT_SOURCE
index_archivos/libs/fontawesome/svgs/solid/edit.svg,.svg,587,a99231419ebc30211be9d4f9de50a5aa3af4ac8c5477210588f3e95f98895216,CURRENT_SOURCE
index_archivos/libs/fontawesome/svgs/solid/egg.svg,.svg,146,2b28d8612cfe9d0f74aab1a76c12614df13f0b1ec3b6fee862302a9558057c98,CURRENT_SOURCE
index_archivos/libs/fontawesome/svgs/solid/eject.svg,.svg,365,62e073a8b8766e58e3d1afe8a80508c63080e562789e3edf17bf1793dd2d6e51,CURRENT_SOURCE
index_archivos/libs/fontawesome/svgs/solid/ellipsis-h.svg,.svg,297,2c5104805e984e778c38b1f148eedc9f6fe316bb504574c013c61f3eee565c09,CURRENT_SOURCE
index_archivos/libs/fontawesome/svgs/solid/ellipsis-v.svg,.svg,291,302e1968f3d3eca0b81232589a9e0febd0b234f68de6aa7fb66e490edac9c5d8,CURRENT_SOURCE
index_archivos/libs/fontawesome/svgs/solid/envelope-open-text.svg,.svg,836,c93b4ff6e3743dbca4f1a6f3cd7c64a59644c3d90878aadf86d42d4dccbe3529,CURRENT_SOURCE
index_archivos/libs/fontawesome/svgs/solid/envelope-open.svg,.svg,871,50d2e758faa8223af196ed1275b9f00dd5b17292026b1aaaca7564c45fb4ef95,CURRENT_SOURCE
index_archivos/libs/fontawesome/svgs/solid/envelope-square.svg,.svg,679,a0123f0af494899a9c2a0ffbfd9872c54de7908d9353f229255dad26adae88f5,CURRENT_SOURCE
index_archivos/libs/fontawesome/svgs/solid/envelope.svg,.svg,544,7b5e7285786c817aa1bb66afb1d3d9b28fe82cf82f346270d2f5694f5940a3e6,CURRENT_SOURCE
index_archivos/libs/fontawesome/svgs/solid/equals.svg,.svg,310,4cef519c685d22c20a790c1b89a947cdb44a3bc9548c3896cb941d303ed278c1,CURRENT_SOURCE
index_archivos/libs/fontawesome/svgs/solid/eraser.svg,.svg,416,00d8ef0a5bee2cf21e340223514f7a37e25f7f2b765878a6c2c4e3b1eaadee2c,CURRENT_SOURCE
index_archivos/libs/fontawesome/svgs/solid/ethernet.svg,.svg,342,d2a1995c5ba5c8748af43e7448a57d007c7e24ae5d99cdcc05334e4c9e7150ef,CURRENT_SOURCE
index_archivos/libs/fontawesome/svgs/solid/euro-sign.svg,.svg,958,a74ebd4f07fadf835864f3f44b6b0d6e6d6d0e35670721667a24a2e41516a61d,CURRENT_SOURCE
index_archivos/libs/fontawesome/svgs/solid/exchange-alt.svg,.svg,475,299d4b0562c5c6dc6adc6a9581b058096d8ff3dcbb144e618616d9898013994a,CURRENT_SOURCE
index_archivos/libs/fontawesome/svgs/solid/exclamation-circle.svg,.svg,462,988df2d270f84624bd60a1c2b60eac774621143e1a57e7d9ab0c74569f1fb9b3,CURRENT_SOURCE
index_archivos/libs/fontawesome/svgs/solid/exclamation-triangle.svg,.svg,528,963bd98626111e21eb0b5d39b1e0a3d66b5f99b333ddc391f00e6e9409163538,CURRENT_SOURCE
index_archivos/libs/fontawesome/svgs/solid/exclamation.svg,.svg,347,44d394cb4a155a7dad29aaecdd3adba59af39b77ed5dc30684f1c56ada2389cd,CURRENT_SOURCE
index_archivos/libs/fontawesome/svgs/solid/expand-alt.svg,.svg,589,61e331b04641ce006fb06b06aaa5d46b7631d304dafd21c18aeb59835302725c,CURRENT_SOURCE
index_archivos/libs/fontawesome/svgs/solid/expand-arrows-alt.svg,.svg,583,6f2e242f8af0871233ec55104041b1fcc00e97814e6449cfc462311792ccdd7c,CURRENT_SOURCE
index_archivos/libs/fontawesome/svgs/solid/expand.svg,.svg,588,0a30fe9f64cdb4d1f31d5a73d5c3d320fb21e832044e451fb03402df731544fe,CURRENT_SOURCE
index_archivos/libs/fontawesome/svgs/solid/external-link-alt.svg,.svg,423,0a475fda407b7fce9786acf2373f419de66c6970ed517a012aa7ac712c98ddfe,CURRENT_SOURCE
index_archivos/libs/fontawesome/svgs/solid/external-link-square-alt.svg,.svg,459,2a95a15cf6febc13418f7b66180ff9afda5b672b74de8bd5b3836b244afe8709,CURRENT_SOURCE
index_archivos/libs/fontawesome/svgs/solid/eye-dropper.svg,.svg,501,1df511af558b1bb12cd4b9b3c5606540ce6ddbc9497bec7d33da2872aa07e755,CURRENT_SOURCE
index_archivos/libs/fontawesome/svgs/solid/eye-slash.svg,.svg,815,92593c2ad7e640a7b25c8d4ab232918e9921bcf31c8fd1a424877b0fe8176aeb,CURRENT_SOURCE
index_archivos/libs/fontawesome/svgs/solid/eye.svg,.svg,410,4a2359cf02bd7db3632cae5ff5049bd7fd191212eb048ad6976e451245b3c5c7,CURRENT_SOURCE
index_archivos/libs/fontawesome/svgs/solid/fan.svg,.svg,582,fdd7a09c543ab5c97177faafd28a1bf912062615202aab585c08b1ee32333328,CURRENT_SOURCE
index_archivos/libs/fontawesome/svgs/solid/fast-backward.svg,.svg,346,20637481a702250993086d92e8922c73ce0afb2c298325dfb4bc293929ba1243,CURRENT_SOURCE
index_archivos/libs/fontawesome/svgs/solid/fast-forward.svg,.svg,349,971823d6e69cbc860d1a554fe12454f06ef39e652d0e604af40f2e86d15aa083,CURRENT_SOURCE
index_archivos/libs/fontawesome/svgs/solid/faucet.svg,.svg,611,7df669c93813d0bb510bf2f5cfb81b30ce7e3750a72f6a294ffc27202f78cb88,CURRENT_SOURCE
index_archivos/libs/fontawesome/svgs/solid/fax.svg,.svg,739,f9e91cacd38d70b1d30fc0bd0e34a00f5dcc03e522430c6136accc16be82698a,CURRENT_SOURCE
index_archivos/libs/fontawesome/svgs/solid/feather-alt.svg,.svg,479,9afc05238e753c7d5985b97412d76ea7837e8a30afc925b6f59ba1c55ac78517,CURRENT_SOURCE
index_archivos/libs/fontawesome/svgs/solid/feather.svg,.svg,498,d3fc43c16fc700680b73464ecac8aa0590d7acf7e5ad2f527695969527701c20,CURRENT_SOURCE
index_archivos/libs/fontawesome/svgs/solid/female.svg,.svg,430,166993e20352189d3fd22cc9029f48ed6bc297beccd657a8d08c55081bc1be8f,CURRENT_SOURCE
index_archivos/libs/fontawesome/svgs/solid/fighter-jet.svg,.svg,451,3dca05f8a0da2d8dc7869ce69d0fcc3e465c47df1e061311cf8ed892721fa79d,CURRENT_SOURCE
index_archivos/libs/fontawesome/svgs/solid/file-alt.svg,.svg,557,ad87a1be830f915680eea354e539f36504555bd8d6e8e73f65878d80d06bb867,CURRENT_SOURCE
index_archivos/libs/fontawesome/svgs/solid/file-archive.svg,.svg,587,ccfd916e16746465ec944d8701fdee148d1d7aadaefd144c4c1779eaaa8573c0,CURRENT_SOURCE
index_archivos/libs/fontawesome/svgs/solid/file-audio.svg,.svg,646,146c1a473e225563f72063a90c3d97c94c97f4079b0e642f855d58cee211fbf1,CURRENT_SOURCE
index_archivos/libs/fontawesome/svgs/solid/file-code.svg,.svg,940,3cce8820ad3554149211a0f7bbd1dea876b0caa19b831dc63dec35c37cc63d24,CURRENT_SOURCE
index_archivos/libs/fontawesome/svgs/solid/file-contract.svg,.svg,962,12b7169a1f6b7cf433599dfbdc9ca5b5b743b92bc100e1bdde02429d97f309d4,CURRENT_SOURCE
index_archivos/libs/fontawesome/svgs/solid/file-csv.svg,.svg,1116,15795e1daebe1000bb4bfa19ec1bad136b7d7bfc850306f9eefbb325b7454e44,CURRENT_SOURCE
index_archivos/libs/fontawesome/svgs/solid/file-download.svg,.svg,464,12cd8eaddaf1e5304f7e47fd173ff9bca17cfc9404033de784148ac32f06cc84,CURRENT_SOURCE
index_archivos/libs/fontawesome/svgs/solid/file-excel.svg,.svg,642,5554f95aacfa34c3a438236897a20fca2c8b8f0258a510594d7c4eaa4f1e2b92,CURRENT_SOURCE
index_archivos/libs/fontawesome/svgs/solid/file-export.svg,.svg,446,06b77797408589f730acf9283489191a15e372b30569e57e0ae5ec68306849cb,CURRENT_SOURCE
index_archivos/libs/fontawesome/svgs/solid/file-image.svg,.svg,538,e64c805db0f2d4b7bf3e287be8dfbcc9f1c29af631d1094b14514813517f9bc6,CURRENT_SOURCE
index_archivos/libs/fontawesome/svgs/solid/file-import.svg,.svg,450,313ba730f32c0e5a5548d2d44f5cf704685abcd64f4c5dc7cfffaf67f52f71fe,CURRENT_SOURCE
index_archivos/libs/fontawesome/svgs/solid/file-invoice-dollar.svg,.svg,1113,dbc48659dd0a961aa71bfae4d6eb7009d93d57da818f7f09f5d946baf4ec953a,CURRENT_SOURCE
index_archivos/libs/fontawesome/svgs/solid/file-invoice.svg,.svg,678,c6db44cdd09ed63e6818592e5ed1411795afb0cba03b4d4d826bb546e0e4b426,CURRENT_SOURCE
index_archivos/libs/fontawesome/svgs/solid/file-medical-alt.svg,.svg,497,41b298aebdec969076d1db6363ae469b5601283b69682064eab002e2d959447e,CURRENT_SOURCE
index_archivos/libs/fontawesome/svgs/solid/file-medical.svg,.svg,450,c0fc4425b29297ddc49f3822996de3bc5974ec6a72d752cf82a2a6804dee12de,CURRENT_SOURCE
index_archivos/libs/fontawesome/svgs/solid/file-pdf.svg,.svg,888,36cf47794da71f3c4746075a8b2a822b61d9358fc7685463cbdf7f1e143a1440,CURRENT_SOURCE
index_archivos/libs/fontawesome/svgs/solid/file-powerpoint.svg,.svg,513,726191317f7600813e1ed7950dc11048da6c95cf67a1ad5ff7f32f2731622d29,CURRENT_SOURCE
index_archivos/libs/fontawesome/svgs/solid/file-prescription.svg,.svg,774,6dcd040c0cd5d0261170ea052c900159c22daddd9ba7c781d152d85722be50be,CURRENT_SOURCE
index_archivos/libs/fontawesome/svgs/solid/file-signature.svg,.svg,896,11dc8682485884ae1beda4a70f23d0490babf535122b88a427c744d577481145,CURRENT_SOURCE
index_archivos/libs/fontawesome/svgs/solid/file-upload.svg,.svg,467,a4d870200d292d28265498e4a1705bd1a5e535b039d2f4e7722908e715b54680,CURRENT_SOURCE
index_archivos/libs/fontawesome/svgs/solid/file-video.svg,.svg,558,c213371c22c7c12d9a51fee17ccb39fae3a1ca6facdf05fe0f63d20d2903c679,CURRENT_SOURCE
index_archivos/libs/fontawesome/svgs/solid/file-word.svg,.svg,744,b7f6bf6815a02429a2819398e95df5e7a3f669de141c2f3b2dfa2dd55ab21d2d,CURRENT_SOURCE
index_archivos/libs/fontawesome/svgs/solid/file.svg,.svg,267,508a280008b18b0ee15127de3eed4dfb2092ee18d14cab5653ba584624ed8670,CURRENT_SOURCE
index_archivos/libs/fontawesome/svgs/solid/fill-drip.svg,.svg,702,4766379c71aaaf71e9c9ba4b6336820f1b2560428b3ddc602955cf17880a6af5,CURRENT_SOURCE
index_archivos/libs/fontawesome/svgs/solid/fill.svg,.svg,640,c1d6552b5b76c8247f61215d9822db8b00b8c486d14f88229bc78f32f7539c0f,CURRENT_SOURCE
index_archivos/libs/fontawesome/svgs/solid/film.svg,.svg,1172,c3c688b4765d07eec7d2edba6a195630a3d8e568659d7465e6b1fd6c5e2f9cb4,CURRENT_SOURCE
index_archivos/libs/fontawesome/svgs/solid/filter.svg,.svg,285,4c0fe9a3e2a1904f7609e2d05f051d802560b7f46fbd348a2af7a6b3aba07b7c,CURRENT_SOURCE
index_archivos/libs/fontawesome/svgs/solid/fingerprint.svg,.svg,1943,37e2748255e3ef4ce219f60a9f3d2af1dfe0d134ba692d96620b0d1d690ffb16,CURRENT_SOURCE
index_archivos/libs/fontawesome/svgs/solid/fire-alt.svg,.svg,506,68d2da80dd9999fc90cf8e07b0d2ba74503fabdc7754b78fee2eca7d40283b1a,CURRENT_SOURCE
index_archivos/libs/fontawesome/svgs/solid/fire-extinguisher.svg,.svg,708,71a2a1a445fc192002bf1e6cc6c29b7e050e69373261f3991231ebe9d3a2eee1,CURRENT_SOURCE
index_archivos/libs/fontawesome/svgs/solid/fire.svg,.svg,351,7c0e614077843c2161ce0353ab855aa28b590ebdbbfc26636237751758d67d58,CURRENT_SOURCE
index_archivos/libs/fontawesome/svgs/solid/first-aid.svg,.svg,408,8fc9987ce7b959b6057d08d4631b78b86db9d52578fd6df8fdb094f395386c95,CURRENT_SOURCE
index_archivos/libs/fontawesome/svgs/solid/fish.svg,.svg,423,b9194bfaa6d642855516c5fd4197c8d90093a0994e1c7b14e969bfa355679caa,CURRENT_SOURCE
index_archivos/libs/fontawesome/svgs/solid/fist-raised.svg,.svg,1110,a1f3d25ec9135dd8134e5054ca825af70c371b91e7199d6aa4c2a45c1fb3b0f8,CURRENT_SOURCE
index_archivos/libs/fontawesome/svgs/solid/flag-checkered.svg,.svg,1014,fc006be79291fda9efd79fa0d8768236f0aff6548d6a5e608d4a35981d674899,CURRENT_SOURCE
index_archivos/libs/fontawesome/svgs/solid/flag-usa.svg,.svg,1104,803fa3a338eadbc96cac9cb782a509823d2c4aaed42884bffc156568cc931abe,CURRENT_SOURCE
index_archivos/libs/fontawesome/svgs/solid/flag.svg,.svg,607,a7481032ecaeccaade6929958db7630404312e728d5d5907e5d3c41d993a24b6,CURRENT_SOURCE
index_archivos/libs/fontawesome/svgs/solid/flask.svg,.svg,378,b83d1a54de681712fa63d3a8e036c6547f5e7abf2516158d0f6e463b926efdf1,CURRENT_SOURCE
index_archivos/libs/fontawesome/svgs/solid/flushed.svg,.svg,495,8ecaf107823f03085dc98c6de416fe1e7d0e35e8ce8a965c6cce417a9a0593c9,CURRENT_SOURCE
index_archivos/libs/fontawesome/svgs/solid/folder-minus.svg,.svg,316,df88d95fbef6290b7d66f83d98faa84a13774b81e48f91fc3a283a5920e087ce,CURRENT_SOURCE
index_archivos/libs/fontawesome/svgs/solid/folder-open.svg,.svg,402,0921a260c6853e7449fe057f16e9bd766be22af9710c3da601ede00b0ff6fa48,CURRENT_SOURCE
index_archivos/libs/fontawesome/svgs/solid/folder-plus.svg,.svg,383,906f897212294f3106548d8827f9b25190f1ccd81636ad79287b4029131e4bb8,CURRENT_SOURCE
index_archivos/libs/fontawesome/svgs/solid/folder.svg,.svg,207,9daa580e54338bff8fb9cc033780a3e70792c598e06085cf000e2c7ee0c01466,CURRENT_SOURCE
index_archivos/libs/fontawesome/svgs/solid/font-awesome-logo-full.svg,.svg,2994,e69fec16d387f1c3037452e5927e213059d325396d73ef790cd023d7bd3fd515,CURRENT_SOURCE
index_archivos/libs/fontawesome/svgs/solid/font.svg,.svg,408,44966ad2cf0395892c682114f3cc2d4dd71a733bbdc555f9b74a82a6da414f20,CURRENT_SOURCE
index_archivos/libs/fontawesome/svgs/solid/football-ball.svg,.svg,1067,9e65cda49d646803bfcc43d34c1ba8c3548a77cc2314463f42b9866fbb94108d,CURRENT_SOURCE
index_archivos/libs/fontawesome/svgs/solid/forward.svg,.svg,300,a2a48f327813a95a5946ba8c5c05d849733e0a4ea188effa4ddc7ddc0a17a9af,CURRENT_SOURCE
index_archivos/libs/fontawesome/svgs/solid/frog.svg,.svg,799,e05355dfa60de4fb6ad559a176b7de4ffc1b4bdd1fc564a21bf88f2fe30ab828,CURRENT_SOURCE
index_archivos/libs/fontawesome/svgs/solid/frown-open.svg,.svg,457,8e4bd725fad441807535ad5d77083c285fae2523926c4c8052755d92d79c662c,CURRENT_SOURCE
index_archivos/libs/fontawesome/svgs/solid/frown.svg,.svg,466,cf72bf3ef9d8f47dc85c8acb0364d00cf13668ddaaeebc233acd7e606a9c9abb,CURRENT_SOURCE
index_archivos/libs/fontawesome/svgs/solid/funnel-dollar.svg,.svg,1074,3cbfa70574a83322762f018ca71ee7bff564e82c927aca46e6c7bda4e7859ee6,CURRENT_SOURCE
index_archivos/libs/fontawesome/svgs/solid/futbol.svg,.svg,743,3d32ed7fdaf24c3a474a271e21dd593a0041471af549cbd70b6b206af1bdfdd0,CURRENT_SOURCE
index_archivos/libs/fontawesome/svgs/solid/gamepad.svg,.svg,428,0deaa2de925620b6a063a9acb528fe3ef5b97d3aa732c9031ef631fa20405539,CURRENT_SOURCE
index_archivos/libs/fontawesome/svgs/solid/gas-pump.svg,.svg,558,eb6182520f73b44278c0835dd9fb1da5b09f35d56e9de2051d60b285ee46847e,CURRENT_SOURCE
index_archivos/libs/fontawesome/svgs/solid/gavel.svg,.svg,796,f7a96c09a8257c348ba252d163a3297f06704e4eed446618c4c42c8ecf58a97a,CURRENT_SOURCE
index_archivos/libs/fontawesome/svgs/solid/gem.svg,.svg,352,a390c8d2554ce5731cfd1114c0d372cff943b2a106f8a07aebed7427afd30029,CURRENT_SOURCE
index_archivos/libs/fontawesome/svgs/solid/genderless.svg,.svg,232,79270a8bbb5a204c3e8a8d999c1e0c3a125da988989de688e7e9b4d08d8a2780,CURRENT_SOURCE
index_archivos/libs/fontawesome/svgs/solid/ghost.svg,.svg,597,d84eaa63b66a18a355579f1b82db0d35f7c86ddf2688ce637939e9ae45f9b247,CURRENT_SOURCE
index_archivos/libs/fontawesome/svgs/solid/gift.svg,.svg,578,c22ded8c8ac7506ffa2ea14afb205ed9d3eee5eb7ef26bae08b49e3070d29517,CURRENT_SOURCE
index_archivos/libs/fontawesome/svgs/solid/gifts.svg,.svg,1157,df1062060d6aac324fcfd233d9cda24feab003f1b43b6c6021d92cf0f5e988ec,CURRENT_SOURCE
index_archivos/libs/fontawesome/svgs/solid/glass-cheers.svg,.svg,782,842328b769b4a0182b760f81544c30a16dfb8e7e47677db1b4c1cc4de4948d1e,CURRENT_SOURCE
index_archivos/libs/fontawesome/svgs/solid/glass-martini-alt.svg,.svg,323,5669a703c36b90412c9bbf5f4347fb2bab0f7c9308f91646391b0f62f055672b,CURRENT_SOURCE
index_archivos/libs/fontawesome/svgs/solid/glass-martini.svg,.svg,284,a47cdef86e2da7d4899616b024d99e2211e6577cd7f160087ed70ee600d7742b,CURRENT_SOURCE
index_archivos/libs/fontawesome/svgs/solid/glass-whiskey.svg,.svg,259,c00df459c8a4825c9c91de200b18b1a7220831bc9c2aa8e07db8100282872b1b,CURRENT_SOURCE
index_archivos/libs/fontawesome/svgs/solid/glasses.svg,.svg,1330,a70c7e3e8c0849fe845b98a0ea89f66765e5ae11f0e6ffd4273bb30cb7fd6b3a,CURRENT_SOURCE
index_archivos/libs/fontawesome/svgs/solid/globe-africa.svg,.svg,1313,46a9ed3f9522027d83e2c97808698aa5d6dc4560fb54fc5fc3917f83a5c35cbf,CURRENT_SOURCE
index_archivos/libs/fontawesome/svgs/solid/globe-americas.svg,.svg,1472,d13428f35f026bb638b92b2f42ec17a65a8ecd81f4d6e289115d8d5cc893c42d,CURRENT_SOURCE
index_archivos/libs/fontawesome/svgs/solid/globe-asia.svg,.svg,1351,a828d49de001ef5c5f4e33fb23213252aa5b9c7ba37160d195fdc4a8906c467b,CURRENT_SOURCE
index_archivos/libs/fontawesome/svgs/solid/globe-europe.svg,.svg,1458,6cb234221efa93f33a3469c2e246114fd5af3dc7710d390b648fbf25e739febd,CURRENT_SOURCE
index_archivos/libs/fontawesome/svgs/solid/globe.svg,.svg,818,275e609b8bf7631b3f9ebd813c9707d2f97d1a269a8c20b6e07956f6c0405332,CURRENT_SOURCE
index_archivos/libs/fontawesome/svgs/solid/golf-ball.svg,.svg,699,a9f84c4506173b688e740565e5230a986d500aa10624ec10d5f9e6826f71e806,CURRENT_SOURCE
index_archivos/libs/fontawesome/svgs/solid/gopuram.svg,.svg,710,8a62b0204a6db54e32dee58dab6c35eb670821116f645e342fd45c19ad41b3a8,CURRENT_SOURCE
index_archivos/libs/fontawesome/svgs/solid/graduation-cap.svg,.svg,694,23fc8b8795077dbc69dce7a8401041dbbda55b27cd11a4f35173ee39c05761f8,CURRENT_SOURCE
index_archivos/libs/fontawesome/svgs/solid/greater-than-equal.svg,.svg,489,dca874095eca9615e88c9135deb5171c5a32937773bba527201e8e657c2da058,CURRENT_SOURCE
index_archivos/libs/fontawesome/svgs/solid/greater-than.svg,.svg,374,55030c24bcb6b3c9c5ea011c50141f7b0a0b3b78979b7e35d146d84e8e14e5a2,CURRENT_SOURCE
index_archivos/libs/fontawesome/svgs/solid/grimace.svg,.svg,578,edcd0ef175c6795db6d680a794e19e9eac0561214f482b2de71776b0b14cc263,CURRENT_SOURCE
index_archivos/libs/fontawesome/svgs/solid/grin-alt.svg,.svg,668,56f0f345687ec893471e3ed14b78673d20b032faf8263c6b9779d758c58df924,CURRENT_SOURCE
index_archivos/libs/fontawesome/svgs/solid/grin-beam-sweat.svg,.svg,891,1b926947982b7ed5453837b50d371406ed41c1fa4334c3daf233ee8b3de50cf5,CURRENT_SOURCE
index_archivos/libs/fontawesome/svgs/solid/grin-beam.svg,.svg,669,d3597370548b55fcea48f0ff060cad01ccd231c12d806b06aa11a1fe4bcbb85c,CURRENT_SOURCE
index_archivos/libs/fontawesome/svgs/solid/grin-hearts.svg,.svg,685,9766708f020e5b0a64d9d7c8547556411dc9ffd9e2fd669ea3bd252a7a8beb87,CURRENT_SOURCE
index_archivos/libs/fontawesome/svgs/solid/grin-squint-tears.svg,.svg,1111,5c978311fcbc60b52a16ec16eadc5aae6a16fa821f7b764c2ea43ae0fd6e2956,CURRENT_SOURCE
index_archivos/libs/fontawesome/svgs/solid/grin-squint.svg,.svg,556,a302590a791f187438e0ef6cf1ff14027a6b7365b955fcb1d6f6ffa259760896,CURRENT_SOURCE
index_archivos/libs/fontawesome/svgs/solid/grin-stars.svg,.svg,751,c58a7afcde7568699751c3e310215c0223c3b154e13d21ace284ea3667e2c84d,CURRENT_SOURCE
index_archivos/libs/fontawesome/svgs/solid/grin-tears.svg,.svg,1187,02e5daae31f61ad4474d65c4d52fe43b88d9c4f83f219ba15370d7ad2749640e,CURRENT_SOURCE
index_archivos/libs/fontawesome/svgs/solid/grin-tongue-squint.svg,.svg,847,3ca0b687f6cef573be26cdc4e5b5214dad40b8b2604531770e100495ef59c1f0,CURRENT_SOURCE
index_archivos/libs/fontawesome/svgs/solid/grin-tongue-wink.svg,.svg,902,0e1f4dc1316f83038f500abbf155bf8e3c2cd4ff1de9109c0fe4f904376a2070,CURRENT_SOURCE
index_archivos/libs/fontawesome/svgs/solid/grin-tongue.svg,.svg,751,f8e71be07b16a77d1b462dabac8a85ac91832cc5e7a5272cbb04fa122cb1a518,CURRENT_SOURCE
index_archivos/libs/fontawesome/svgs/solid/grin-wink.svg,.svg,533,5263da91e68995d7a6d66cf63cf4df88519cdbc2e66fb26c1ccedbfeb04fe435,CURRENT_SOURCE
index_archivos/libs/fontawesome/svgs/solid/grin.svg,.svg,461,3a37e98292f9befabc93d50714987bcfe29e01c04e3086184f7b8e0f71158b83,CURRENT_SOURCE
index_archivos/libs/fontawesome/svgs/solid/grip-horizontal.svg,.svg,763,fbf49f63132cbb98bfde4f7a6717613398646451ee7cfd9757a54ef7a6476991,CURRENT_SOURCE
index_archivos/libs/fontawesome/svgs/solid/grip-lines-vertical.svg,.svg,276,86031c1509a363c3235ddb235cfefdc267d685c827412d3f40cf212dddded9e5,CURRENT_SOURCE
index_archivos/libs/fontawesome/svgs/solid/grip-lines.svg,.svg,278,d2a6862cb7465ebc1bd1c35734564d52309fc129f6589675d3b2a2c521ccffb4,CURRENT_SOURCE
index_archivos/libs/fontawesome/svgs/solid/grip-vertical.svg,.svg,758,69e681b32015a294270f50efc59f6cc9135d33669217c9f5b37e39bc4f0fcd16,CURRENT_SOURCE
index_archivos/libs/fontawesome/svgs/solid/guitar.svg,.svg,687,497253a3c1bd30f3a9eb5791e2cd4001f1d4194d2fd12ed3a0a458a53420a5f4,CURRENT_SOURCE
index_archivos/libs/fontawesome/svgs/solid/h-square.svg,.svg,434,659b9c40bbbbee7f9540f96d784efd497b6f5d135bab69a322b53bfe5ce4a35b,CURRENT_SOURCE
index_archivos/libs/fontawesome/svgs/solid/hamburger.svg,.svg,497,3062fe9a2031059771a0b7381295e833167d3aafac3c45301cd16fd5746208d4,CURRENT_SOURCE
index_archivos/libs/fontawesome/svgs/solid/hammer.svg,.svg,646,4cf428243d4e37a75def47fe3073ef8c3dcf76b0291f04318c8a7b2514f890d9,CURRENT_SOURCE
index_archivos/libs/fontawesome/svgs/solid/hamsa.svg,.svg,666,c84a3f8c45b996b6c59ffcc1a2c3a5b66bffbca3bc6f0b2de6f98457b66d6d16,CURRENT_SOURCE
index_archivos/libs/fontawesome/svgs/solid/hand-holding-heart.svg,.svg,593,660170cb7bd38fd0c117f867b4dd2df42c34d7eff36d69a3e3ebff52b67484fa,CURRENT_SOURCE
index_archivos/libs/fontawesome/svgs/solid/hand-holding-medical.svg,.svg,609,01df93ad8db666a2e1f53924eb8f89f22c42881fc522f1be8e98194e0572db42,CURRENT_SOURCE
index_archivos/libs/fontawesome/svgs/solid/hand-holding-usd.svg,.svg,1079,082632c9eb41c11ec0cf927e616399898715f0077309e06eb7bbe5b8373a6755,CURRENT_SOURCE
index_archivos/libs/fontawesome/svgs/solid/hand-holding-water.svg,.svg,521,c1cba1ebce681d350d9b0271b6accc924d1bfab91b502c85ee2357417f3a8fd3,CURRENT_SOURCE
index_archivos/libs/fontawesome/svgs/solid/hand-holding.svg,.svg,397,c807ba3339e7a0b6001b44396ce369173f569cf3ff74d0efe63faa42d2334fb4,CURRENT_SOURCE
index_archivos/libs/fontawesome/svgs/solid/hand-lizard.svg,.svg,460,b6f39e4f3274a817a764a64f64c423794495888a97d441a0288544d9f01b0f80,CURRENT_SOURCE
index_archivos/libs/fontawesome/svgs/solid/hand-middle-finger.svg,.svg,537,b47430ae589086a6181e9c9ec66dc80dcad6e1889756915c27141386e0607e75,CURRENT_SOURCE
index_archivos/libs/fontawesome/svgs/solid/hand-paper.svg,.svg,659,20e782bdd825febe2603d8d7fb865b31b1990baa0edd8fc0365d2b9386084772,CURRENT_SOURCE
index_archivos/libs/fontawesome/svgs/solid/hand-peace.svg,.svg,526,c03e655409fa04010429757eac9b37efebb4663329b83bd4bba71ecd41de1716,CURRENT_SOURCE
index_archivos/libs/fontawesome/svgs/solid/hand-point-down.svg,.svg,808,90fd4ba42412da966ad223677962dcc2ae61d27fd958043e893aec1ddbed9c41,CURRENT_SOURCE
index_archivos/libs/fontawesome/svgs/solid/hand-point-left.svg,.svg,812,cbce62b78142ca9ec23aded4fb2939461aed553d5c23ed99556b9c61adbd08fe,CURRENT_SOURCE
index_archivos/libs/fontawesome/svgs/solid/hand-point-right.svg,.svg,815,f350f6a11cdc1febfb5cac7a8f49167391488d1a6c12434fdbd4ce07f6f4277a,CURRENT_SOURCE
index_archivos/libs/fontawesome/svgs/solid/hand-point-up.svg,.svg,810,4e13b510a074daca807fc36b04cff70dad9b5b1e3b3c0d3e9d246e25388a1172,CURRENT_SOURCE
index_archivos/libs/fontawesome/svgs/solid/hand-pointer.svg,.svg,557,441637cd7f8c86e2dbb1f05de477c8e27253f533a5958246b7bca9b84f805b8e,CURRENT_SOURCE
index_archivos/libs/fontawesome/svgs/solid/hand-rock.svg,.svg,594,c94c1bedfa1e5de85d25baba468b3079817a3a50536f33bccbf5567e4084b849,CURRENT_SOURCE
index_archivos/libs/fontawesome/svgs/solid/hand-scissors.svg,.svg,531,dcef8e02e7f04616b2b7c01b97e8f9f5d8c306a43172624eb9d62ff44bc89333,CURRENT_SOURCE
index_archivos/libs/fontawesome/svgs/solid/hand-sparkles.svg,.svg,1281,869672e1f09986b79955ccd6f0c0daaa41ad5c7f9200975f7109e2317390f4fa,CURRENT_SOURCE
index_archivos/libs/fontawesome/svgs/solid/hand-spock.svg,.svg,788,12b370b1678ba2ff0d2aba174c2a3190cd14807dc3efdfdd9cfbdb4566985593,CURRENT_SOURCE
index_archivos/libs/fontawesome/svgs/solid/hands-helping.svg,.svg,599,8e89cce0a09e2ae83810d96b408d0da68adb5e3162d3d457dc46beb1313f26bd,CURRENT_SOURCE
index_archivos/libs/fontawesome/svgs/solid/hands-wash.svg,.svg,1301,31c7b7a5eae3a6ff1e56f795cc7723c34160bb7a41f417bbd0285fbea33a0757,CURRENT_SOURCE
index_archivos/libs/fontawesome/svgs/solid/hands.svg,.svg,778,f55df55409b48b98584eed95d107e3230c697f7a46e091380c621261b20a3efe,CURRENT_SOURCE
index_archivos/libs/fontawesome/svgs/solid/handshake-alt-slash.svg,.svg,685,f04f9cc4669f31ec6ce2cef0099c59b2a6d2478b75dcf9bc31db888e3041f46a,CURRENT_SOURCE
index_archivos/libs/fontawesome/svgs/solid/handshake-slash.svg,.svg,780,c984bb5a3eaa20f1bf3b4d31c40b17e0e365187f8594acb7fd553039609b9e0b,CURRENT_SOURCE
index_archivos/libs/fontawesome/svgs/solid/handshake.svg,.svg,903,f24b571f08b47870726882ccc2a6baceb7f6cb99968e00c5476e253660a6eb0f,CURRENT_SOURCE
index_archivos/libs/fontawesome/svgs/solid/hanukiah.svg,.svg,1580,e7c4f23e9f2494e6e634868975bb729fa8a98dba160713726c1a0a6613d7adb0,CURRENT_SOURCE
index_archivos/libs/fontawesome/svgs/solid/hard-hat.svg,.svg,322,caa576495a769e0f6b19854a8fc6f71459e04b46045c41ab4c0c694f61827d9f,CURRENT_SOURCE
index_archivos/libs/fontawesome/svgs/solid/hashtag.svg,.svg,911,9783bb98090099a894ee4db6f960f3f76aa39d37d907f2b06d131ddbef64b670,CURRENT_SOURCE
index_archivos/libs/fontawesome/svgs/solid/hat-cowboy-side.svg,.svg,501,56f2664fb852779ad86db7b1fcaddc0c23055932fd4a498a35e6898f301ed851,CURRENT_SOURCE
index_archivos/libs/fontawesome/svgs/solid/hat-cowboy.svg,.svg,482,ae1571c969c901b5e2887aedfbb3ec91f19ed96b829638e692cb3cb03a344c6b,CURRENT_SOURCE
index_archivos/libs/fontawesome/svgs/solid/hat-wizard.svg,.svg,417,ef55cec110d6ebfcd092165df024150b9bf5bc5085203700908f23962a6f240d,CURRENT_SOURCE
index_archivos/libs/fontawesome/svgs/solid/hdd.svg,.svg,525,c466bb10506eb1404a0746d50069eaacb96abe736bb3351a81a29e1dea5d47c2,CURRENT_SOURCE
index_archivos/libs/fontawesome/svgs/solid/head-side-cough-slash.svg,.svg,774,66250c7d0645ef8ec57d09d99c242738579b19ea780dbcb66965d27a2c5376db,CURRENT_SOURCE
index_archivos/libs/fontawesome/svgs/solid/head-side-cough.svg,.svg,623,3dd5d12d921546fb5e9262f8cf672634c60e1a4a9ef5bb5a3f2692ef4b092bfa,CURRENT_SOURCE
index_archivos/libs/fontawesome/svgs/solid/head-side-mask.svg,.svg,517,0a3fb897cbb56d656819c2bcb278c43d20588d1d1787e398af0ad02558b5dd4d,CURRENT_SOURCE
index_archivos/libs/fontawesome/svgs/solid/head-side-virus.svg,.svg,931,2febd63c22aa441ce77ce565ef8d7dd2ec6395fa3d7b485b887a6a02aa60d469,CURRENT_SOURCE
index_archivos/libs/fontawesome/svgs/solid/heading.svg,.svg,470,818877e9c87983f2e206e523702423bc606a0acb4789a9a57f1beb98dedcb65f,CURRENT_SOURCE
index_archivos/libs/fontawesome/svgs/solid/headphones-alt.svg,.svg,593,c0f4da65e35988855b9f6ffc05bb1b6cc7cbe629fbcb362d619f60efc11a6e4f,CURRENT_SOURCE
index_archivos/libs/fontawesome/svgs/solid/headphones.svg,.svg,548,2f8749c8038b30d5f8138bec4c5be39a0c5c696ff958e7b8d75991723572f448,CURRENT_SOURCE
index_archivos/libs/fontawesome/svgs/solid/headset.svg,.svg,652,170805313778455c088e2956a1d019b2184f07454b7d529f7d75e6bdba8f5ba8,CURRENT_SOURCE
index_archivos/libs/fontawesome/svgs/solid/heart-broken.svg,.svg,317,4f89d50dcf16cf474e687614fc42dc87727bd4c0a1ae3ffc8a03299865bbe574,CURRENT_SOURCE
index_archivos/libs/fontawesome/svgs/solid/heart.svg,.svg,287,b504d8a763386ac788238811c5a1b2fd317d407de05b56eb57cbb5d782d05953,CURRENT_SOURCE
index_archivos/libs/fontawesome/svgs/solid/heartbeat.svg,.svg,486,e7e27b65dba40eeb52ce4f99e327670b40299905aa1365a205542aad9ff37662,CURRENT_SOURCE
index_archivos/libs/fontawesome/svgs/solid/helicopter.svg,.svg,659,e513ea4361649b6958cd1e7880cb5507b1f215b948886fcd369898b455fbd687,CURRENT_SOURCE
index_archivos/libs/fontawesome/svgs/solid/highlighter.svg,.svg,446,aee1d2bdcf9064d366a054080e4a81145b40189aafea4b9a19eb30bbc183034f,CURRENT_SOURCE
index_archivos/libs/fontawesome/svgs/solid/hiking.svg,.svg,906,3b32d44733aae640c0c2c3e7b2449aa9e790d8556e6934b13bcdbbd3f0d07582,CURRENT_SOURCE
index_archivos/libs/fontawesome/svgs/solid/hippo.svg,.svg,651,88be4012f73196b63f9096fbe7009673ddc9bfce41f3f811f02a0c9f22227fd6,CURRENT_SOURCE
index_archivos/libs/fontawesome/svgs/solid/history.svg,.svg,801,da92dc67fa0a64e8154dc0f6696b6aaa756f434ee91befeca53bba1ca9bbb0d7,CURRENT_SOURCE
index_archivos/libs/fontawesome/svgs/solid/hockey-puck.svg,.svg,232,367453c1951acdb5287216321236b206afcde80b3205fc4349280c311016ca11,CURRENT_SOURCE
index_archivos/libs/fontawesome/svgs/solid/holly-berry.svg,.svg,1212,1505c38c2ec4b8cfd7fb594b5cf9e11376a5f580ad3014999aa3ebb5ba89a08a,CURRENT_SOURCE
index_archivos/libs/fontawesome/svgs/solid/home.svg,.svg,565,fe4b3d417095c8f3d5d4d67ae16d591974a04d18b8148969b12f41c1f56c31b5,CURRENT_SOURCE
index_archivos/libs/fontawesome/svgs/solid/horse-head.svg,.svg,602,05c9fb5344e2ace9f6c462ab7cd2dfb4cb6f7cf18b66bd81116430ffd51fc200,CURRENT_SOURCE
index_archivos/libs/fontawesome/svgs/solid/horse.svg,.svg,911,cb0229d41e2c9ff313fbf5cd71df8aca1b3bf763375ffff6e03a5557844283c6,CURRENT_SOURCE
index_archivos/libs/fontawesome/svgs/solid/hospital-alt.svg,.svg,1014,243173b08a99316001c858940c57df8de19d3532c25b7f71c248277e3c6f8985,CURRENT_SOURCE
index_archivos/libs/fontawesome/svgs/solid/hospital-symbol.svg,.svg,341,5a319fbe5d96bcc554e9086eec0112e126234d00aa4ec301c5a261d6271ab6e9,CURRENT_SOURCE
index_archivos/libs/fontawesome/svgs/solid/hospital-user.svg,.svg,1073,c2016a89520ddcab89f1da90e200ced33b1397728a127245e66334f50ad10663,CURRENT_SOURCE
index_archivos/libs/fontawesome/svgs/solid/hospital.svg,.svg,965,1e50255ee439488b646006cc04da62b458c0157a236e59227fc1c15cec1cf9fb,CURRENT_SOURCE
index_archivos/libs/fontawesome/svgs/solid/hot-tub.svg,.svg,1258,4891063410318e8940d16a9417cf8f7f9349d55c6fbb6fbf033b1cb9e352db52,CURRENT_SOURCE
index_archivos/libs/fontawesome/svgs/solid/hotdog.svg,.svg,1049,d0b5372edb9903b9f0c3d714edef04791eafd3c18637c0c4f0603b98678c33e0,CURRENT_SOURCE
index_archivos/libs/fontawesome/svgs/solid/hotel.svg,.svg,1193,c2f0e680321a2661c1967208592e6478b46ab95e0f87857aedeecee129c7a740,CURRENT_SOURCE
index_archivos/libs/fontawesome/svgs/solid/hourglass-end.svg,.svg,516,e4b1efad95932b42041494b8c106d0b290c89f910b02e5ad8a965afa4d041e2e,CURRENT_SOURCE
index_archivos/libs/fontawesome/svgs/solid/hourglass-half.svg,.svg,615,37e65322a3408361b84b0dc68ea7f7d86a4074e4b95d7fa45c171b7ba8b55c31,CURRENT_SOURCE
index_archivos/libs/fontawesome/svgs/solid/hourglass-start.svg,.svg,514,9d0f3d77c90b01e246846e6c0214c055f386e512f1aa85ee1b72a85646cf8f02,CURRENT_SOURCE
index_archivos/libs/fontawesome/svgs/solid/hourglass.svg,.svg,447,830fc75eae5b73c46eab31e5080de511c4b2fc3bcc7d1d624962ae99b87cd1cd,CURRENT_SOURCE
index_archivos/libs/fontawesome/svgs/solid/house-damage.svg,.svg,663,8207def2fa3fb293c13355f1590d645bbf140919d60448a5551740781b7a9ddb,CURRENT_SOURCE
index_archivos/libs/fontawesome/svgs/solid/house-user.svg,.svg,675,36ee45360cdc305ff4530fbd6cd077c302288a1da3b40b47ce0fb58b2f751472,CURRENT_SOURCE
index_archivos/libs/fontawesome/svgs/solid/hryvnia.svg,.svg,959,87a01b0387fa3429264afe265133dcb8b63b28fbb17997ca809486a99bac75a4,CURRENT_SOURCE
index_archivos/libs/fontawesome/svgs/solid/i-cursor.svg,.svg,815,7028608154c5b027ea3c29f8885ac8af0ef6f12fc2aa5d8aa98824a14bee1387,CURRENT_SOURCE
index_archivos/libs/fontawesome/svgs/solid/ice-cream.svg,.svg,210,0493aff970231d1f69bfd63364ee739b5c3d44482e4312984a3666150be969a8,CURRENT_SOURCE
index_archivos/libs/fontawesome/svgs/solid/icicles.svg,.svg,322,966afe73b2c8bafdc6a8815f5000afd701b2e02bab51064c258915e96cd50c33,CURRENT_SOURCE
index_archivos/libs/fontawesome/svgs/solid/icons.svg,.svg,1128,c48be6e2380a32731ce1415b570584e0139285e887ab764885da21c478267f99,CURRENT_SOURCE
index_archivos/libs/fontawesome/svgs/solid/id-badge.svg,.svg,511,f96282da2094a48ef22a5755ab41df7d53771e96264efe928907109c37f4ebf8,CURRENT_SOURCE
index_archivos/libs/fontawesome/svgs/solid/id-card-alt.svg,.svg,511,c97828d6c578c930599d5c1faa546097366254e0b48d9b337bf868ec0a00c4f3,CURRENT_SOURCE
index_archivos/libs/fontawesome/svgs/solid/id-card.svg,.svg,711,62e8876e9c0640e6571c38f479ed3abce831ce1bfec79bfb571f0cb149f2c0d3,CURRENT_SOURCE
index_archivos/libs/fontawesome/svgs/solid/igloo.svg,.svg,552,760fd9ca0800bf97e30ea686225cdee3abf3defd2d1b39da4224a95b912ae3d2,CURRENT_SOURCE
index_archivos/libs/fontawesome/svgs/solid/image.svg,.svg,414,3ab98fffdb10b9b736f9d4eebd42b0df8d7a98d22481b8e74e4ee0a0444d613e,CURRENT_SOURCE
index_archivos/libs/fontawesome/svgs/solid/images.svg,.svg,533,8cbfc8fb66df63c91b57dea2ab8641197eabfe4d73630f9cc8f3c597df627684,CURRENT_SOURCE
index_archivos/libs/fontawesome/svgs/solid/inbox.svg,.svg,387,0af7eabd37feb2c48c96e7fa56ac13cc10d6a53307b5adfec809ed3c0a960460,CURRENT_SOURCE
index_archivos/libs/fontawesome/svgs/solid/indent.svg,.svg,678,49606cdf98f7f763496bc70e9c42096827e4134ced217b66ab3918ea50ea0631,CURRENT_SOURCE
index_archivos/libs/fontawesome/svgs/solid/industry.svg,.svg,323,e23e8613d1f8b1674382972ff2804873d846d73564b8ae72fb8b15457309c2df,CURRENT_SOURCE
index_archivos/libs/fontawesome/svgs/solid/infinity.svg,.svg,491,6be9f68c0ff3a8ef3ba6808b2a0d4fe4b5ab5e006780d7862c2402f546a6805a,CURRENT_SOURCE
index_archivos/libs/fontawesome/svgs/solid/info-circle.svg,.svg,479,a9250bfa59faa5539b49a93475ec662f02d67aa2f141bec484a793843087db91,CURRENT_SOURCE
index_archivos/libs/fontawesome/svgs/solid/info.svg,.svg,388,7b1974bb0bf6361da2c5e41fbc88504cc140633bc99ef43b082bcb0e8c5eb5d1,CURRENT_SOURCE
index_archivos/libs/fontawesome/svgs/solid/italic.svg,.svg,288,3f1294d2a66abf12a2dadbf1958d426363436d7981a092cb06408cff0f0a9dc9,CURRENT_SOURCE
index_archivos/libs/fontawesome/svgs/solid/jedi.svg,.svg,1891,6e8d076c4701f1788e1948f7f2f247b3c569bfb7055862547e18f6f07c057a3e,CURRENT_SOURCE
index_archivos/libs/fontawesome/svgs/solid/joint.svg,.svg,956,61a5f92a9812b4ec2571bc8ed02c6a9be846e0f9582765bfe72dc25f2ffd07c5,CURRENT_SOURCE
index_archivos/libs/fontawesome/svgs/solid/journal-whills.svg,.svg,2055,0a63a196916cd8ffbe9e5cde3824121077b70a29c8ac59d445244d7132c57549,CURRENT_SOURCE
index_archivos/libs/fontawesome/svgs/solid/kaaba.svg,.svg,1096,b9725f9de8e2b3fb4fbb447e3643f2314613919ea54ef4871ae9eb4c32b80a8a,CURRENT_SOURCE
index_archivos/libs/fontawesome/svgs/solid/key.svg,.svg,538,d537c52f979725f3f52bf70627f977f2b10b7d7502bc5c26f3715aea350468ec,CURRENT_SOURCE
index_archivos/libs/fontawesome/svgs/solid/keyboard.svg,.svg,1562,b8d09157e96993e01c50cbbc5968eac138dac4fa31adb6b8ce365b8750fb6d37,CURRENT_SOURCE
index_archivos/libs/fontawesome/svgs/solid/khanda.svg,.svg,1677,bccbf210a57fdd428a33430f65b5e327b95b556b6e235e9dbf4648877c74a6c1,CURRENT_SOURCE
index_archivos/libs/fontawesome/svgs/solid/kiss-beam.svg,.svg,797,82a51b5b00f0e14b36e333f568fefbb40052a24d3872f3b0231d317dd259e3c2,CURRENT_SOURCE
index_archivos/libs/fontawesome/svgs/solid/kiss-wink-heart.svg,.svg,1004,4bacf2e38d787cc757d93d40adb6af790077cbb1b933a6535794617b5c4e07ff,CURRENT_SOURCE
index_archivos/libs/fontawesome/svgs/solid/kiss.svg,.svg,601,07e7c899a8b51d23272f58e4c5ea8d608618a83bc5552caa2b4e1ec8b551e903,CURRENT_SOURCE
index_archivos/libs/fontawesome/svgs/solid/kiwi-bird.svg,.svg,821,63f04dc6f377e138eb1e77549a6426040bcb9fcf7a2f534e518714edd2014b08,CURRENT_SOURCE
index_archivos/libs/fontawesome/svgs/solid/landmark.svg,.svg,482,6a60b4462c1ed8fc34e90c1caec8ac7e319630fb027f00ae3075df4becc30934,CURRENT_SOURCE
index_archivos/libs/fontawesome/svgs/solid/language.svg,.svg,1066,eca52813ed7571b27023ba9f12ff62b643d81499b6993da8aabea708fc8b88bc,CURRENT_SOURCE
index_archivos/libs/fontawesome/svgs/solid/laptop-code.svg,.svg,812,83c40d594ae9f585038494ed56f5ad0ffdc1b0fcaf3093be7aaea89149f89488,CURRENT_SOURCE
index_archivos/libs/fontawesome/svgs/solid/laptop-house.svg,.svg,786,b2301459954db1711915f1c31e49b8fce273da1739e515186e1325f6909a3e0e,CURRENT_SOURCE
index_archivos/libs/fontawesome/svgs/solid/laptop-medical.svg,.svg,504,423de8c6d7735827465429c45e71339c09aadedb5440558725cb18e65d3e4f84,CURRENT_SOURCE
index_archivos/libs/fontawesome/svgs/solid/laptop.svg,.svg,343,e50eadbdfe768eb670c71b6dcb2d2b832a88f28e8b406f84bc4351b49804c0be,CURRENT_SOURCE
index_archivos/libs/fontawesome/svgs/solid/laugh-beam.svg,.svg,609,f920a7b4018bc5390a07164944f6949599553aad2658077360590102cd7ac2bd,CURRENT_SOURCE
index_archivos/libs/fontawesome/svgs/solid/laugh-squint.svg,.svg,503,061d7c5cf54378593357889f796785038e824d259507421d170d7ff04a67de74,CURRENT_SOURCE
index_archivos/libs/fontawesome/svgs/solid/laugh-wink.svg,.svg,495,ad8315ff00faf61243e4fdc92d9d1acdc6ec40138f0f21b85da98769045efe0c,CURRENT_SOURCE
index_archivos/libs/fontawesome/svgs/solid/laugh.svg,.svg,406,52a57ce58aa6844b6e6bee2ab99588e3cd15d830cc80bda7be070b2511c33b8e,CURRENT_SOURCE
index_archivos/libs/fontawesome/svgs/solid/layer-group.svg,.svg,719,004d2bd7ded1867a8b96147c03c8bf3cdc29c608a221664ba67cb37cb5ed7923,CURRENT_SOURCE
index_archivos/libs/fontawesome/svgs/solid/leaf.svg,.svg,454,686835dec6ab0f0a07df525d44c17364882b48c84dde6e80c8a8e594ccda4a19,CURRENT_SOURCE
index_archivos/libs/fontawesome/svgs/solid/lemon.svg,.svg,683,c7be413df633c4bdc625e418e63f1f326c6c3a07ae1e2f8850da4c5e3208cb5d,CURRENT_SOURCE
index_archivos/libs/fontawesome/svgs/solid/less-than-equal.svg,.svg,489,51fd1eec2593ba07b88e9cbb3892df4ab45b58c8ebf3aa6e8416a35f44274076,CURRENT_SOURCE
index_archivos/libs/fontawesome/svgs/solid/less-than.svg,.svg,367,1dd8e468e7a19230f7ff60866990746ea1f6bb70ff6e8d431b70d36e106d2c1e,CURRENT_SOURCE
index_archivos/libs/fontawesome/svgs/solid/level-down-alt.svg,.svg,363,3aa66421080587267b5051084a59d61292161d587a401e279e61561ef8a02a1e,CURRENT_SOURCE
index_archivos/libs/fontawesome/svgs/solid/level-up-alt.svg,.svg,367,2551bad2897a36fbf803d60218489553908cbe5b0ca93044ccaaafe5ddf51c7c,CURRENT_SOURCE
index_archivos/libs/fontawesome/svgs/solid/life-ring.svg,.svg,743,1a4222c227a9f09146e7d7b44ccaad390826d821b5a9e7dae6d2240d34e615ff,CURRENT_SOURCE
index_archivos/libs/fontawesome/svgs/solid/lightbulb.svg,.svg,644,0ef7c943f2718cb94c4ebdc23a0ed7725c46ff98543f2d6467448a0657d4bf0e,CURRENT_SOURCE
index_archivos/libs/fontawesome/svgs/solid/link.svg,.svg,1327,e28216d626055b60fdab4b76c4c43b58524489ba901c8d45c289a844e00cc553,CURRENT_SOURCE
index_archivos/libs/fontawesome/svgs/solid/lira-sign.svg,.svg,718,83a29bc3f56347faac58f745732a88178920d6e7be47d3d84a3fb58a6c9dd92e,CURRENT_SOURCE
index_archivos/libs/fontawesome/svgs/solid/list-alt.svg,.svg,784,91f127081b8b3d17a2cb458c2a305b3b90a24ffac917770d614ae00c29b53d91,CURRENT_SOURCE
index_archivos/libs/fontawesome/svgs/solid/list-ol.svg,.svg,1316,5e37c3b3a811d113792f9088c3fb6a497ba774623d93949a199b24b00e93a1bf,CURRENT_SOURCE
index_archivos/libs/fontawesome/svgs/solid/list-ul.svg,.svg,491,593e01fe73c6bf6cc7c3fdcca9b65ab3d08e2db806f60f1fafaf61ce0af6652b,CURRENT_SOURCE
index_archivos/libs/fontawesome/svgs/solid/list.svg,.svg,638,be2de824da09922b7fe15c2fe8f9c0ab07f3634c9657733c4a6272d519de85a9,CURRENT_SOURCE
index_archivos/libs/fontawesome/svgs/solid/location-arrow.svg,.svg,238,aee75c4c803c06743478868750cec3a7a2004c492a9b6c256b757c60ea03f39f,CURRENT_SOURCE
index_archivos/libs/fontawesome/svgs/solid/lock-open.svg,.svg,357,d3b33efd1c269e743a8432e7f933e6e127396ea524a221419dc664ca2aa44654,CURRENT_SOURCE
index_archivos/libs/fontawesome/svgs/solid/lock.svg,.svg,292,c82a7e0a362ab6ae87652a0406b299d638c61c94d7d2af77e6e11becc156dcd2,CURRENT_SOURCE
index_archivos/libs/fontawesome/svgs/solid/long-arrow-alt-down.svg,.svg,306,5ded24fa976e1a00cbe2a4b42b74c50235bfee1828d6b644b91d6fb1f7c27a7e,CURRENT_SOURCE
index_archivos/libs/fontawesome/svgs/solid/long-arrow-alt-left.svg,.svg,307,57121a3ab76478a9c116736bc91d60790db8c07cc37ea8d489a0fb7bae8e79ef,CURRENT_SOURCE
index_archivos/libs/fontawesome/svgs/solid/long-arrow-alt-right.svg,.svg,306,a3860b80853be74ffbb2e14307cad8feb3f4e41824872c015f403c690be9c3f2,CURRENT_SOURCE
index_archivos/libs/fontawesome/svgs/solid/long-arrow-alt-up.svg,.svg,306,28be90546a6abfe8bdfe469ebc9be8b1000ca06f598aaa3f15faf4e9223c161a,CURRENT_SOURCE
index_archivos/libs/fontawesome/svgs/solid/low-vision.svg,.svg,1124,c3cc78d672b40111671e0655a371211b65bc44d204c63f6933886eb5d632dda0,CURRENT_SOURCE
index_archivos/libs/fontawesome/svgs/solid/luggage-cart.svg,.svg,672,06928c0e430c5716af8922eb6dc6a0387d169666f5d51b12414ad3e4d556e186,CURRENT_SOURCE
index_archivos/libs/fontawesome/svgs/solid/lungs-virus.svg,.svg,1479,0f3aae207993483d16c1465d1504e214a0d8c97385d1cd0f33fbab3e34db405f,CURRENT_SOURCE
index_archivos/libs/fontawesome/svgs/solid/lungs.svg,.svg,870,3cfcb987d4de1ec32d8651dbdc46d8c12192884e62f2cda7db944792f6170597,CURRENT_SOURCE
index_archivos/libs/fontawesome/svgs/solid/magic.svg,.svg,613,708c978fba78f78d3dd95d7c59bc22a486d6dc6bba690a41fa1a39119ed443ed,CURRENT_SOURCE
index_archivos/libs/fontawesome/svgs/solid/magnet.svg,.svg,510,2dd483ca8e0ea1d3e9213769f2be7d5e5a2d80d5d33ed3cec8fc346c23e669e9,CURRENT_SOURCE
index_archivos/libs/fontawesome/svgs/solid/mail-bulk.svg,.svg,686,b00369cc323e90b00941c8936e5e020ac8b00f37d77d1822507487e3cb326a13,CURRENT_SOURCE
index_archivos/libs/fontawesome/svgs/solid/male.svg,.svg,383,3752054541a384c8252caae3ad66206f314565dad8110ca7e6ca2b86e65b988c,CURRENT_SOURCE
index_archivos/libs/fontawesome/svgs/solid/map-marked-alt.svg,.svg,725,31c02ee85c8660821d04b2dc4e5656a39c7c3c1eaeb613b11432a7e19576f6f2,CURRENT_SOURCE
index_archivos/libs/fontawesome/svgs/solid/map-marked.svg,.svg,654,5ad47b8beff8edfda50d3ffb1483a3d25a74c8de3ba6748eec1b519858ef0244,CURRENT_SOURCE
index_archivos/libs/fontawesome/svgs/solid/map-marker-alt.svg,.svg,324,005d68cc267693fc2502ad15d32be13c0d54e69a6743221a8ea45476ba3d4db3,CURRENT_SOURCE
index_archivos/libs/fontawesome/svgs/solid/map-marker.svg,.svg,241,c83c3d2fa1d7de8a746c12bcc6f8e6640a56351cba1c5e82dd989480326f950b,CURRENT_SOURCE
index_archivos/libs/fontawesome/svgs/solid/map-pin.svg,.svg,412,b8f937a55f58bf79d41931058896091586f8e9e743f0d19d913dfb548061be67,CURRENT_SOURCE
index_archivos/libs/fontawesome/svgs/solid/map-signs.svg,.svg,576,76104eea04210a6ebd39f22e9cf4f8a66e9a0bca84d1a4e4bd3c72197f564dea,CURRENT_SOURCE
index_archivos/libs/fontawesome/svgs/solid/map.svg,.svg,318,500f45c988e1639efb166af312f2cd89669dfb30d01934acd4060ee92226abbe,CURRENT_SOURCE
index_archivos/libs/fontawesome/svgs/solid/marker.svg,.svg,519,63d6f6023162237d7b66782cfb32776f88a51d7dbf5abd3eeaecd69d420e8a17,CURRENT_SOURCE
index_archivos/libs/fontawesome/svgs/solid/mars-double.svg,.svg,814,a26f96cacbbeb2d48491907849ee7a3700800186b04dc78fb9cf910eb1a7a757,CURRENT_SOURCE
index_archivos/libs/fontawesome/svgs/solid/mars-stroke-h.svg,.svg,587,467a2fb8c9bda6be838829e951d872e571d208704e36e75aba7d44417d1d7083,CURRENT_SOURCE
index_archivos/libs/fontawesome/svgs/solid/mars-stroke-v.svg,.svg,586,fccc1b78ff88d1b0e4b53e0a56d6bb94f419b5a757d686070156b5aa6ab38bb1,CURRENT_SOURCE
index_archivos/libs/fontawesome/svgs/solid/mars-stroke.svg,.svg,556,25b53236a1400c05fdf088e25765dd8076e27c479f4788c42215ad27afd8a821,CURRENT_SOURCE
index_archivos/libs/fontawesome/svgs/solid/mars.svg,.svg,390,3c8b3554d09884b4e174c4482dee30aea3a5ee613772bf11c573236eec6e2443,CURRENT_SOURCE
index_archivos/libs/fontawesome/svgs/solid/mask.svg,.svg,666,484dee1c32f2bbf6e1aafd30c4ceb6aebe1af39fe07c73f9ec63b67de25e11d1,CURRENT_SOURCE
index_archivos/libs/fontawesome/svgs/solid/medal.svg,.svg,767,916e215a3c33ac73ccbcbdb9e0d7720be367664f358a760e7d82feb7d1fb6a53,CURRENT_SOURCE
index_archivos/libs/fontawesome/svgs/solid/medkit.svg,.svg,561,267b29f161f222dab9d8402c43dc0d8670a2292a929dc77b36be8a4077b92ea9,CURRENT_SOURCE
index_archivos/libs/fontawesome/svgs/solid/meh-blank.svg,.svg,293,b131c4da19511f1e78ea4d7221aaf3e1ea694d8927c71f32f676ff1ee11a0dec,CURRENT_SOURCE
index_archivos/libs/fontawesome/svgs/solid/meh-rolling-eyes.svg,.svg,558,4f746dc2f62550fbce189db4f048f0a2bb97ab7222de38ee931800b3481c9e1b,CURRENT_SOURCE
index_archivos/libs/fontawesome/svgs/solid/meh.svg,.svg,353,9198a954b1552ad27992c71b7b978bbccc533a14db9ec82a0e0059e78eb00910,CURRENT_SOURCE
index_archivos/libs/fontawesome/svgs/solid/memory.svg,.svg,548,453c7ae9cbadc7a41f20a5e43c7f2cf8ae8967535beac29305c3c8c7e35cb9b8,CURRENT_SOURCE
index_archivos/libs/fontawesome/svgs/solid/menorah.svg,.svg,1237,1629f3ccd4b39a58334c8ca342d8cbe409595b5eadeecfec6baae5b8ec008f7f,CURRENT_SOURCE
index_archivos/libs/fontawesome/svgs/solid/mercury.svg,.svg,730,cf2b173391cb44516c6c27ac532effafb015d8796a1a79632848bed66d227395,CURRENT_SOURCE
index_archivos/libs/fontawesome/svgs/solid/meteor.svg,.svg,949,ce8c8f9349d82c39dcaf47b482eb383647435c17060cabaf92779820646ed3c7,CURRENT_SOURCE
index_archivos/libs/fontawesome/svgs/solid/microchip.svg,.svg,890,fc147d0385a6e52fa30e0c0a7652a8e5c9b695c34b2cb1781d11b7fd344cdd84,CURRENT_SOURCE
index_archivos/libs/fontawesome/svgs/solid/microphone-alt-slash.svg,.svg,920,83e31faed49ec9dc6adb24d0750a9b0413bd9f43a099dacd83152ab46d1b732e,CURRENT_SOURCE
index_archivos/libs/fontawesome/svgs/solid/microphone-alt.svg,.svg,740,6d690fb4dcb109204f7ced15934d1a0a209e6549b59770deb4611f5d9fbc5120,CURRENT_SOURCE
index_archivos/libs/fontawesome/svgs/solid/microphone-slash.svg,.svg,768,81fada6b4bc7729f5f363fb02ab28e7c1b4999d19649ab9e3577f3402f811ee3,CURRENT_SOURCE
index_archivos/libs/fontawesome/svgs/solid/microphone.svg,.svg,543,60d64a564412e4cfbee3ae7e5244165dfc937cb418d27483cab9070c41710898,CURRENT_SOURCE
index_archivos/libs/fontawesome/svgs/solid/microscope.svg,.svg,615,586b2d077e82708fc06b67c4f893d13f4d203d4b86ed5ff2efaf231df7148d89,CURRENT_SOURCE
index_archivos/libs/fontawesome/svgs/solid/minus-circle.svg,.svg,250,45d6e3af6b3f627c84b420f5a754baec2425b62df5a30f8ceed62d3e690cfb4f,CURRENT_SOURCE
index_archivos/libs/fontawesome/svgs/solid/minus-square.svg,.svg,284,e2126b14cc163a152294dc476ab7658c42b12aeb7465730f817fa2cbe32188a2,CURRENT_SOURCE
index_archivos/libs/fontawesome/svgs/solid/minus.svg,.svg,196,eb2111711b416df6fdd528af85a50ad673ad462ddd15960aa6514b0798669401,CURRENT_SOURCE
index_archivos/libs/fontawesome/svgs/solid/mitten.svg,.svg,346,cd81b800a337db2d7a3a1c6fcabf768d210d8988199ca33dacd56f764fdc3dca,CURRENT_SOURCE
index_archivos/libs/fontawesome/svgs/solid/mobile-alt.svg,.svg,356,635334ffe7ea6f11578a0eea9ef718a7c170ee74e8e33938131a9ddb8811017b,CURRENT_SOURCE
index_archivos/libs/fontawesome/svgs/solid/mobile.svg,.svg,256,d21f6ce89abbe7d8669c30696cba66c2c9a23da66d2cdf85c2f89cff9f4da158,CURRENT_SOURCE
index_archivos/libs/fontawesome/svgs/solid/money-bill-alt.svg,.svg,691,8854d26ecdb31fa7b8814b4306485f29c452627aae18a5e452d18b0f4fd04fc2,CURRENT_SOURCE
index_archivos/libs/fontawesome/svgs/solid/money-bill-wave-alt.svg,.svg,583,66717ee51646ae287e7e49062fa2d612fb0e85169afb5250dd898d1d28411afb,CURRENT_SOURCE
index_archivos/libs/fontawesome/svgs/solid/money-bill-wave.svg,.svg,917,6b8d33bf7ab06284b9df497db1e8b8cb6b4eb646ca18796038adea7005be46ec,CURRENT_SOURCE
index_archivos/libs/fontawesome/svgs/solid/money-bill.svg,.svg,437,d1433c3684872a49e16dbb6a10fe048eb8d029d989de4074343cf66b00b2f6d8,CURRENT_SOURCE
index_archivos/libs/fontawesome/svgs/solid/money-check-alt.svg,.svg,1137,8bd9c232c25af2416463e6ab6ae62015c204970c2aa20897a634703128fc2263,CURRENT_SOURCE
index_archivos/libs/fontawesome/svgs/solid/money-check.svg,.svg,601,c40f10a4d651a0fcc3c74133788a98ec762e879c80b1fd82ae36913c803adc37,CURRENT_SOURCE
index_archivos/libs/fontawesome/svgs/solid/monument.svg,.svg,474,18891a1167b6e25146e4c07b2f2014bf413f8131f01b414428655bf176899a11,CURRENT_SOURCE
index_archivos/libs/fontawesome/svgs/solid/moon.svg,.svg,383,b5bc8d944eb986f10c00fdd97722e1a29db3377ced4638c054c1112b7403adff,CURRENT_SOURCE
index_archivos/libs/fontawesome/svgs/solid/mortar-pestle.svg,.svg,506,a68e850728d3ea8515e375ff3534c7c0d7d412b7cb625b40069e67a4aa113ef5,CURRENT_SOURCE
index_archivos/libs/fontawesome/svgs/solid/mosque.svg,.svg,687,cc7912afdf74669239a9790f9f35c141f7a3272d0212d4a9e17d822a6cffd8cf,CURRENT_SOURCE
index_archivos/libs/fontawesome/svgs/solid/motorcycle.svg,.svg,1091,5613cef2f3fce5c4a167348f2c2a4ebca66a3736da3f18b9cb02c4bb4f7b11e1,CURRENT_SOURCE
index_archivos/libs/fontawesome/svgs/solid/mountain.svg,.svg,341,702feacb2541b4a819418de8585ac0abd0de831aaf8e915c5049cf0bbdb431c0,CURRENT_SOURCE
index_archivos/libs/fontawesome/svgs/solid/mouse-pointer.svg,.svg,366,24d907d305a616be67c9acaa45eb72c316a4d51124a49d5dc364c36fbb6da667,CURRENT_SOURCE
index_archivos/libs/fontawesome/svgs/solid/mouse.svg,.svg,220,c7107848206aa950484d2ac463dcef1096842ed63b3be6d622efe2ea3a181bb9,CURRENT_SOURCE
index_archivos/libs/fontawesome/svgs/solid/mug-hot.svg,.svg,709,c3211ecd43df2ec668aaf5cf0acfeea3f588e47e1968730caa467c67ded3f896,CURRENT_SOURCE
index_archivos/libs/fontawesome/svgs/solid/music.svg,.svg,324,15c87834a635d58aec406557c710daa6ed94cea5b323e4c09cbae08e95356068,CURRENT_SOURCE
index_archivos/libs/fontawesome/svgs/solid/network-wired.svg,.svg,622,1d78b78ee385390dd9dae08b38bd4a3d8feb4383a25a8d9ad46941983972fb89,CURRENT_SOURCE
index_archivos/libs/fontawesome/svgs/solid/neuter.svg,.svg,307,b4771ca0cdeed0b3d7b171509adcba74fe13e9b43ff7cbe58691ae46bd20d1a1,CURRENT_SOURCE
index_archivos/libs/fontawesome/svgs/solid/newspaper.svg,.svg,848,f89fc4191455c352dc42c1263df4d93747753bf280c89af18d09c0a4ad09c993,CURRENT_SOURCE
index_archivos/libs/fontawesome/svgs/solid/not-equal.svg,.svg,546,b7e7f0571ddb1540db8066dbc32698885fdacc8c3d48b85f0a03772e5de364d4,CURRENT_SOURCE
index_archivos/libs/fontawesome/svgs/solid/notes-medical.svg,.svg,566,f5c8253b1d8b04ab456a124914ac125f119340633c85fb94c203780b22c1682b,CURRENT_SOURCE
index_archivos/libs/fontawesome/svgs/solid/object-group.svg,.svg,679,8ab1ab02f8d7c5e5fb77ce177407ea0c68e5fd576f2ea177fc33ca6b135f8a21,CURRENT_SOURCE
index_archivos/libs/fontawesome/svgs/solid/object-ungroup.svg,.svg,610,7709861fb90adbff9de4962d013a293643b6e44c7a659fedfa27d37cb7f6a98c,CURRENT_SOURCE
index_archivos/libs/fontawesome/svgs/solid/oil-can.svg,.svg,667,770411b7c0afc6bbda07ad226c2de8695fb1b1a92a71068f76736ce2cb6a5744,CURRENT_SOURCE
index_archivos/libs/fontawesome/svgs/solid/om.svg,.svg,1420,9fa2d32257879c22ab511d0360aa17acaa91abe8f46040deecd35cf4da73e6f8,CURRENT_SOURCE
index_archivos/libs/fontawesome/svgs/solid/otter.svg,.svg,754,f888aba5a59dafc1a6362d20113e8ffc775fe213c8d2275b7eb9757cb1e9bde1,CURRENT_SOURCE
index_archivos/libs/fontawesome/svgs/solid/outdent.svg,.svg,677,250827c6bffbaef35813b9bf5894a4f48ba23eefbe3658d87a9edc59dfe17a39,CURRENT_SOURCE
index_archivos/libs/fontawesome/svgs/solid/pager.svg,.svg,377,d1bade6fb55c82f40e1605da6d27c900ae40bf8983f33f83ac6573960f2ba90a,CURRENT_SOURCE
index_archivos/libs/fontawesome/svgs/solid/paint-brush.svg,.svg,525,8ea5d7b015cbd449cfc7137c85e75cc56d9f5ca323d61a50fe4f9c1e98610575,CURRENT_SOURCE
index_archivos/libs/fontawesome/svgs/solid/paint-roller.svg,.svg,419,764f752ee7a03209c93512155a5e4a50be43e2c5b4a1f75d90df3c545e78eb5e,CURRENT_SOURCE
index_archivos/libs/fontawesome/svgs/solid/palette.svg,.svg,561,ba8b3775c97fc4a9556d6042beeeb9f363477806e60d090187bb9b12026c0aca,CURRENT_SOURCE
index_archivos/libs/fontawesome/svgs/solid/pallet.svg,.svg,454,7570255ec0054b712b54dd2a637e2bb0f54b54382e2fc7236fa90eb20244dbf9,CURRENT_SOURCE
index_archivos/libs/fontawesome/svgs/solid/paper-plane.svg,.svg,293,2454267d40db0094b15813f6056b60edcb2adc08f7e004721a1d734bf1d6cc48,CURRENT_SOURCE
index_archivos/libs/fontawesome/svgs/solid/paperclip.svg,.svg,866,776ef38d5568abe8a3579d49185991b7ee3823510d7605c392da065e3e6017d9,CURRENT_SOURCE
index_archivos/libs/fontawesome/svgs/solid/parachute-box.svg,.svg,514,668ba730b04655887939a49471247909d5f71c0529cec0f86cf57d68d350bc2d,CURRENT_SOURCE
index_archivos/libs/fontawesome/svgs/solid/paragraph.svg,.svg,258,331c8719d9e1076f4ac9f91e9777cc4ae478f1532dfb7c520debe8c10c58bb02,CURRENT_SOURCE
index_archivos/libs/fontawesome/svgs/solid/parking.svg,.svg,359,f2ed8e39e08b5ea50329522cc9358e21cd37428a0ff5f38e25d0148e9915dc89,CURRENT_SOURCE
index_archivos/libs/fontawesome/svgs/solid/passport.svg,.svg,888,07aa3cae921b8d645f11bfd31d5c0913d695f200f8e9c0d5a233a79f78d3250b,CURRENT_SOURCE
index_archivos/libs/fontawesome/svgs/solid/pastafarianism.svg,.svg,2115,13779998f59592f776a622497a35dff481094acc7e8bcffd1afc80c0418fc41c,CURRENT_SOURCE
index_archivos/libs/fontawesome/svgs/solid/paste.svg,.svg,582,d517a5a3699efc322e088a9a918f3965c6aa9eae0b6e19e3a4d6574631f962be,CURRENT_SOURCE
index_archivos/libs/fontawesome/svgs/solid/pause-circle.svg,.svg,349,a24fc85184498162fddc6b2ee7a22b422197c770dc56c38e1c1a9b5814d943cb,CURRENT_SOURCE
index_archivos/libs/fontawesome/svgs/solid/pause.svg,.svg,294,327075b96110a36e138cc4c445462360bd778fd4360ceb63c79b2e10581225a1,CURRENT_SOURCE
index_archivos/libs/fontawesome/svgs/solid/paw.svg,.svg,867,970816dc7281075943319c3152607d69dc6cd6ea534267fafd5aebe78f61dcc0,CURRENT_SOURCE
index_archivos/libs/fontawesome/svgs/solid/peace.svg,.svg,474,1bffca632cfac94e92394706d662bda770d1c53ad4f264b08ebc6e1ca60dcf4b,CURRENT_SOURCE
index_archivos/libs/fontawesome/svgs/solid/pen-alt.svg,.svg,525,27c5eb84600c7e47ab5df891e22c416591e71805ab3420f032348f70c99f52c7,CURRENT_SOURCE
index_archivos/libs/fontawesome/svgs/solid/pen-fancy.svg,.svg,455,a8277f94bb192a1f44b4c263ad6ee21de51584851db0ab2fb6f051391858a06b,CURRENT_SOURCE
index_archivos/libs/fontawesome/svgs/solid/pen-nib.svg,.svg,493,dc3a72dc2b65a94a5402cf18a80dcd34a9013e67934231e12636f7facaee39c0,CURRENT_SOURCE
index_archivos/libs/fontawesome/svgs/solid/pen-square.svg,.svg,469,fcc869c69009174a8102bd7267195106efb48e13f769d02694eccd19f8e85283,CURRENT_SOURCE
index_archivos/libs/fontawesome/svgs/solid/pen.svg,.svg,324,fe17f74791a7e5d1da026ca6904160f7092c30a499bc20817f800e44d616f218,CURRENT_SOURCE
index_archivos/libs/fontawesome/svgs/solid/pencil-alt.svg,.svg,545,a82baf2fe16080557b52655bee7a773315474a1610528defbc6c3b898b2e7d38,CURRENT_SOURCE
index_archivos/libs/fontawesome/svgs/solid/pencil-ruler.svg,.svg,780,b2fc3c56d1869aa1fc0b12ab2669c746519ab7dd0dce58fa5518241074b155fb,CURRENT_SOURCE
index_archivos/libs/fontawesome/svgs/solid/people-arrows.svg,.svg,840,11aa4e5af2543e5c40f7bb4b552aace6879e07d644bc8f815149159d88bff0f2,CURRENT_SOURCE
index_archivos/libs/fontawesome/svgs/solid/people-carry.svg,.svg,1228,9195a73d07954d94290527a5d41872f433bd79703ef1f260af5be195b46365cc,CURRENT_SOURCE
index_archivos/libs/fontawesome/svgs/solid/pepper-hot.svg,.svg,502,23a44fec53efce5a43b8deda13f04bfc28d7c58ee1537859b323bb4c1803c64d,CURRENT_SOURCE
index_archivos/libs/fontawesome/svgs/solid/percent.svg,.svg,538,297636696cccc168f94ebc83f74fe1a92c69c88028d7145cd28253de782e6dfe,CURRENT_SOURCE
index_archivos/libs/fontawesome/svgs/solid/percentage.svg,.svg,534,b856d7d24ce8a5f49165e46b929374c0551c52be09118cf7fce5bf40b4a0d3e9,CURRENT_SOURCE
index_archivos/libs/fontawesome/svgs/solid/person-booth.svg,.svg,874,20e707435fb94c3474599a10fa56bf80287c6536995393676a1a986beb518210,CURRENT_SOURCE
index_archivos/libs/fontawesome/svgs/solid/phone-alt.svg,.svg,344,63698fb2832ee334be062a30a3dea624f0933c54f7911ae676c8a6d156f7b2fe,CURRENT_SOURCE
index_archivos/libs/fontawesome/svgs/solid/phone-slash.svg,.svg,594,ca47ef5001a02b1e23c2e48086d3e39da408607becacc7e6a118e23844620de4,CURRENT_SOURCE
index_archivos/libs/fontawesome/svgs/solid/phone-square-alt.svg,.svg,540,98a2c3cd3194f746eeaa21d53297130b190ef39a66c8a2f88d6b984001e8c890,CURRENT_SOURCE
index_archivos/libs/fontawesome/svgs/solid/phone-square.svg,.svg,518,29d27fdd606dc97c96e3698b67933f8115db137a86204837fb4a002d5a7b1cec,CURRENT_SOURCE
index_archivos/libs/fontawesome/svgs/solid/phone-volume.svg,.svg,1245,5f72b7fb007b644f0908ddd1554de11d32f737fa4f5fa42432dc72bae1985a2b,CURRENT_SOURCE
index_archivos/libs/fontawesome/svgs/solid/phone.svg,.svg,361,3bd72fde1d7e72abef98b6b10092321d57d553ba6d6dfe81ed9201f906077ac1,CURRENT_SOURCE
index_archivos/libs/fontawesome/svgs/solid/photo-video.svg,.svg,650,585b06d0d2a344cb38e921469a15d2018671eb6d131423e2496b2c9203afe5d2,CURRENT_SOURCE
index_archivos/libs/fontawesome/svgs/solid/piggy-bank.svg,.svg,760,4efd071acb28a355fb9fabf3a4609c5359b8573cbf828caf15e02e714cb6b21f,CURRENT_SOURCE
index_archivos/libs/fontawesome/svgs/solid/pills.svg,.svg,502,fcd03f85a01c676009dc4808dd2e2428eb0c057955dd0c0f7b9dcf474676a857,CURRENT_SOURCE
index_archivos/libs/fontawesome/svgs/solid/pizza-slice.svg,.svg,492,c0aef298aff5fd0a601f70a049fe72fd59e106fc6be23b33aa11b24c7d0ac9b2,CURRENT_SOURCE
index_archivos/libs/fontawesome/svgs/solid/place-of-worship.svg,.svg,522,5b4d61166678ec8b15c5bc05b2044ea650c9954293f564940935c69c8f59ad0a,CURRENT_SOURCE
index_archivos/libs/fontawesome/svgs/solid/plane-arrival.svg,.svg,645,47009f38eb2ace993f78caf7ce07216607a50714a757892c17aec9bbe65fa3bb,CURRENT_SOURCE
index_archivos/libs/fontawesome/svgs/solid/plane-departure.svg,.svg,653,f13cb09d2e346df31fb05694afc724655c57f806fd43cbf1e155218cc1150720,CURRENT_SOURCE
index_archivos/libs/fontawesome/svgs/solid/plane-slash.svg,.svg,590,71fbd62a32069168f837c7a76eafa1508f6cda79adaec6cb77700d8982ead407,CURRENT_SOURCE
index_archivos/libs/fontawesome/svgs/solid/plane.svg,.svg,493,09fc5a9ce0b476a80c4777f8230cf9f08a1bd9f4454dbadd630a00c9dcdc3b3c,CURRENT_SOURCE
index_archivos/libs/fontawesome/svgs/solid/play-circle.svg,.svg,257,4971fbfa67f97b204a2fc9cdaa1d93b1af8c870adf0077aa7c26155928741f3e,CURRENT_SOURCE
index_archivos/libs/fontawesome/svgs/solid/play.svg,.svg,191,ed59072202f51a370ad2d1e0d0861b7d1d296e1e12851c3e26cfc15ce43038fa,CURRENT_SOURCE
index_archivos/libs/fontawesome/svgs/solid/plug.svg,.svg,318,9f77d34e0b08806891682324cda281d6d11b3671c6fc9914a5a638ad496a1391,CURRENT_SOURCE
index_archivos/libs/fontawesome/svgs/solid/plus-circle.svg,.svg,354,16f4465367b441d524491b4e2d0320b45039f04c79b1406311e9411ab68b343a,CURRENT_SOURCE
index_archivos/libs/fontawesome/svgs/solid/plus-square.svg,.svg,389,f77df5b7176867f9bfa4196c9e623a3d88aa96e4819efa83700cd02afb52b03d,CURRENT_SOURCE
index_archivos/libs/fontawesome/svgs/solid/plus.svg,.svg,319,ba0a27380fa713946dc2bb6754c37efef66ee1b2b7a8bf0a5f4c552bcf6153d5,CURRENT_SOURCE
index_archivos/libs/fontawesome/svgs/solid/podcast.svg,.svg,1393,c2a7e27ea7c70f3bff24808ae027757c2546cea04f8f7ad33ed26ac348ac8e8f,CURRENT_SOURCE
index_archivos/libs/fontawesome/svgs/solid/poll-h.svg,.svg,506,944cc2e76598700eb277dde1936afc3c0a735b363744f7da1f85eac9e6f18dc6,CURRENT_SOURCE
index_archivos/libs/fontawesome/svgs/solid/poll.svg,.svg,505,bd4cd4adda7aa3f223d259434ef5b00d5038eba9e3619671c9e2fcff4757e9f4,CURRENT_SOURCE
index_archivos/libs/fontawesome/svgs/solid/poo-storm.svg,.svg,767,88837cd00b1618d2af8cbbd0b15f4e830a3eca2aa1c16fd82dba1f1c6ac5afd3,CURRENT_SOURCE
index_archivos/libs/fontawesome/svgs/solid/poo.svg,.svg,759,2e711df1c519282e4f41052f251d61e2e27715a0fb7b9c882cbc9192c98f90bf,CURRENT_SOURCE
index_archivos/libs/fontawesome/svgs/solid/poop.svg,.svg,579,d380fd0c0054cf8587532f5224e0e06af381e396c073c47052f1a5f7f21ad196,CURRENT_SOURCE
index_archivos/libs/fontawesome/svgs/solid/portrait.svg,.svg,431,06c95a9958d24d0911dcbd08ccf772297bbfa0e0f096bd9235a6d59dddf73f26,CURRENT_SOURCE
index_archivos/libs/fontawesome/svgs/solid/pound-sign.svg,.svg,604,e9683b96e4a414be53c8250deef39bf9cf257e6f95ec5457910f0dcb8ed5a959,CURRENT_SOURCE
index_archivos/libs/fontawesome/svgs/solid/power-off.svg,.svg,543,e82706a9878914798d235297388a08bf02bb6a740e59e9ea11b9425df2cc71c0,CURRENT_SOURCE
index_archivos/libs/fontawesome/svgs/solid/pray.svg,.svg,550,d111e40e192caa143106d4242b264bbeb7d38a387e95765972f835785ec14d39,CURRENT_SOURCE
index_archivos/libs/fontawesome/svgs/solid/praying-hands.svg,.svg,941,9c7bd85080c836bf8ab55590a4a808d4069a787fd1408c3d1182d102dea272c1,CURRENT_SOURCE
index_archivos/libs/fontawesome/svgs/solid/prescription-bottle-alt.svg,.svg,427,42c4e76340f2a4fb4dce95c6cbc6edc55b2777f9f56e9cbb6966ded081526149,CURRENT_SOURCE
index_archivos/libs/fontawesome/svgs/solid/prescription-bottle.svg,.svg,381,4704ff8c6f4c86797d678eee30841fa9237b9af90bedfc43b1c0612cad3a9bdc,CURRENT_SOURCE
index_archivos/libs/fontawesome/svgs/solid/prescription.svg,.svg,588,66e79e88bcb781c146a4d5123eee8f2f9158aee41467cb462273eb70d3d2a939,CURRENT_SOURCE
index_archivos/libs/fontawesome/svgs/solid/print.svg,.svg,517,5579ce4a770100d1e2b61647a97251fbdc1c183e25816b2ba2efc26d00015afb,CURRENT_SOURCE
index_archivos/libs/fontawesome/svgs/solid/procedures.svg,.svg,596,ba3f099a5ea7fd384f6ff3e192f09c44c0d584af6b2e579fb67693b5f1959f04,CURRENT_SOURCE
index_archivos/libs/fontawesome/svgs/solid/project-diagram.svg,.svg,479,21db953ba3ca0d51811a53525b5c66880bb1c8c58a9042ed005319c3a21f61de,CURRENT_SOURCE
index_archivos/libs/fontawesome/svgs/solid/pump-medical.svg,.svg,703,cd8f17b5c16d99b594564f9b581774224143c36f6f726e8e7b1a89cba60e1c4c,CURRENT_SOURCE
index_archivos/libs/fontawesome/svgs/solid/pump-soap.svg,.svg,529,c50c962ac6f4a45c8cbcfbb6694cc88f6a0168c09b0fab6f7150cfd4a19f7ca8,CURRENT_SOURCE
index_archivos/libs/fontawesome/svgs/solid/puzzle-piece.svg,.svg,724,c8448aea6240aab314d60c700bc5d5fb235f9e21296dde04fd722043e70a7e2d,CURRENT_SOURCE
index_archivos/libs/fontawesome/svgs/solid/qrcode.svg,.svg,299,731a39588adfe9294e304a7a9d1933e959965f33d2462766a3837c02f74b1b45,CURRENT_SOURCE
index_archivos/libs/fontawesome/svgs/solid/question-circle.svg,.svg,702,b2fad66714b87c6a0da8f7a6efa34a8574b5a9dd40953cee418b759c4fe9da5f,CURRENT_SOURCE
index_archivos/libs/fontawesome/svgs/solid/question.svg,.svg,660,b0127710296f197de2408d1d92c805c29c2f4078ca608769872b2676854d6b8b,CURRENT_SOURCE
index_archivos/libs/fontawesome/svgs/solid/quidditch.svg,.svg,583,00e7fdcc961267c4f7f0dcc97d71a70f28531907e2b68b0ebf7162c4ae850f98,CURRENT_SOURCE
index_archivos/libs/fontawesome/svgs/solid/quote-left.svg,.svg,451,2ddbdbe2445615ec17b3ef921073be5b1dfcf6279735b244cd4522c0547c5d61,CURRENT_SOURCE
index_archivos/libs/fontawesome/svgs/solid/quote-right.svg,.svg,447,c7604d330b98880c24a40cc7cd027ab27ebd7d1ad2a73d7dbe8a277c35c92da8,CURRENT_SOURCE
index_archivos/libs/fontawesome/svgs/solid/quran.svg,.svg,1005,318145326cd2efeb64b1a1e1fe086af9ce640651cf3a92c5308c6645abb85719,CURRENT_SOURCE
index_archivos/libs/fontawesome/svgs/solid/radiation-alt.svg,.svg,745,d545597b86b6843a4c73ee081143f9250a9d774e7c4e3690446db99fb606b815,CURRENT_SOURCE
index_archivos/libs/fontawesome/svgs/solid/radiation.svg,.svg,624,824d3767d354dda0620c0220b6339f8d2b2ac35ff89e59a4ae234029e7521afd,CURRENT_SOURCE
index_archivos/libs/fontawesome/svgs/solid/rainbow.svg,.svg,737,484913c57a1680d7018e4e14ce4df7b42eba5ffe3f97b98d9ab68c07a4a1b19b,CURRENT_SOURCE
index_archivos/libs/fontawesome/svgs/solid/random.svg,.svg,752,9de95c9e56a8b626ebb890911609ad3d18853261a118760c59b8de981726aabc,CURRENT_SOURCE
index_archivos/libs/fontawesome/svgs/solid/receipt.svg,.svg,644,b93e37d0bd7617dfb86355877e9790ec510079c7b1e4dd122947abaaec0b3a3c,CURRENT_SOURCE
index_archivos/libs/fontawesome/svgs/solid/record-vinyl.svg,.svg,296,e389aa060fb594060be60664a0e6b52aa9082333d3c69a5daf1a8dfad3cdb225,CURRENT_SOURCE
index_archivos/libs/fontawesome/svgs/solid/recycle.svg,.svg,1210,9e8e558a4222b76adb6a0dd04a6b4fdd6b5bfc932b3392e6ee2068f8118ca420,CURRENT_SOURCE
index_archivos/libs/fontawesome/svgs/solid/redo-alt.svg,.svg,625,bd66cf4141cde8693a67ca30cb1a1e5210436aad81b9325016f59b5d6230b3cf,CURRENT_SOURCE
index_archivos/libs/fontawesome/svgs/solid/redo.svg,.svg,422,8b1c0fa557caedf1336987a3c48c156e22af92d5e1157d991127dba8b4889876,CURRENT_SOURCE
index_archivos/libs/fontawesome/svgs/solid/registered.svg,.svg,622,9b0151531501b89000ff2688ca6a1512f27bfccb4160e1c044b33612ac1bb57f,CURRENT_SOURCE
index_archivos/libs/fontawesome/svgs/solid/remove-format.svg,.svg,518,57c39ea3b7d13f6f6e7fb24b4bea874f699990aae646246e71a6bb724ca7f5b1,CURRENT_SOURCE
index_archivos/libs/fontawesome/svgs/solid/reply-all.svg,.svg,668,1f88a580d4ba41b0b30f5551005530ba0c35ae05b63797bf8737339069b4cfb5,CURRENT_SOURCE
index_archivos/libs/fontawesome/svgs/solid/reply.svg,.svg,401,7454973ea85f1c96d71247906dffc13bd3dc08ecece02a0cf240aaa8a94a1a66,CURRENT_SOURCE
index_archivos/libs/fontawesome/svgs/solid/republican.svg,.svg,1077,7e2f05c191e212c3eb65bcb316b309224f74f18c0f36b565de4b653a58f40ab6,CURRENT_SOURCE
index_archivos/libs/fontawesome/svgs/solid/restroom.svg,.svg,807,bb08c811320bb8f70411d02b1e645b8e21179c6553ec6a5b3e1ebeacd704ca50,CURRENT_SOURCE
index_archivos/libs/fontawesome/svgs/solid/retweet.svg,.svg,895,82cfba3fce0be80dbf758d8f12c7f8a8bcad39b4f81fc5558c96297dce023ae2,CURRENT_SOURCE
index_archivos/libs/fontawesome/svgs/solid/ribbon.svg,.svg,538,4d34b9fe159f57fde62b57466a18056a115733393f932bc459a730d1df234027,CURRENT_SOURCE
index_archivos/libs/fontawesome/svgs/solid/ring.svg,.svg,507,57000b66789e0f7d017f56a2c336f9a6c6423f58e58f275e12755eae0b526723,CURRENT_SOURCE
index_archivos/libs/fontawesome/svgs/solid/road.svg,.svg,769,8e24bb02b10b429f3ac96aae25719da5d43ab20171a2ee2c38184ea8a7fa6207,CURRENT_SOURCE
index_archivos/libs/fontawesome/svgs/solid/robot.svg,.svg,576,70a12620294e20b5c1db0140144ed194eae4c3da327024ed8f92b1769954f2b8,CURRENT_SOURCE
index_archivos/libs/fontawesome/svgs/solid/rocket.svg,.svg,853,142a743008164a1aa8e508ad2e51817ab88b07ac414eb9bde82e7ef686edf25f,CURRENT_SOURCE
index_archivos/libs/fontawesome/svgs/solid/route.svg,.svg,555,b1bfa684249f2bc42720d3f052d5b56d9e2ff87015f0772a2294657389504e61,CURRENT_SOURCE
index_archivos/libs/fontawesome/svgs/solid/rss-square.svg,.svg,788,73fe9f23bc4dca00c0980113c919dd33ede5aa21b19d64ff603aa35a315ecb87,CURRENT_SOURCE
index_archivos/libs/fontawesome/svgs/solid/rss.svg,.svg,723,0d31bd1e264ee752985429423025714002d26941e7271afd0010b55327096c08,CURRENT_SOURCE
index_archivos/libs/fontawesome/svgs/solid/ruble-sign.svg,.svg,531,6b188f7b1b1bb660e0cd4bbac5aa70e395e28df4d5e254fe0c355ad0c69ad3c8,CURRENT_SOURCE
index_archivos/libs/fontawesome/svgs/solid/ruler-combined.svg,.svg,596,1be0975bd3bcb05cfbc1fe8d44a671944a95e5261f2511b0b5feb9c61bb91c19,CURRENT_SOURCE
index_archivos/libs/fontawesome/svgs/solid/ruler-horizontal.svg,.svg,456,d0fe419b0b1150106a692e1469f0974231112422c2d8541476f8b9294ae4ec69,CURRENT_SOURCE
index_archivos/libs/fontawesome/svgs/solid/ruler-vertical.svg,.svg,401,556c5b6a13316578f19783de1857f4adcee2e2ccd07bef3fbf6bb685f43cad62,CURRENT_SOURCE
index_archivos/libs/fontawesome/svgs/solid/ruler.svg,.svg,684,97776ce6283d5b42804de14cafb1371575f914b6bbd17baa9465666844702dc3,CURRENT_SOURCE
index_archivos/libs/fontawesome/svgs/solid/running.svg,.svg,887,85ccdf75da37278fb4b56a11118b7dad1d4dabc8eec578b5d1fb965ea5873aaf,CURRENT_SOURCE
index_archivos/libs/fontawesome/svgs/solid/rupee-sign.svg,.svg,652,975e2d56cd41e4de316d0fe7c707ad66ef49db378fb78f7ae542fff15fcdc7a8,CURRENT_SOURCE
index_archivos/libs/fontawesome/svgs/solid/sad-cry.svg,.svg,775,a12ac23c31c131fdf0f7d2372bcb6e3391051d4caef40a09a2486331640b8620,CURRENT_SOURCE
index_archivos/libs/fontawesome/svgs/solid/sad-tear.svg,.svg,539,7280f30a065f4dfc339aeff759c17c9e5b0686ad884da56275e1774f07a503c1,CURRENT_SOURCE
index_archivos/libs/fontawesome/svgs/solid/satellite-dish.svg,.svg,1101,6208dbc516c026d2fa7fccd8fedf2dbbca431c2b0be134c3b9121e6cf413fb10,CURRENT_SOURCE
index_archivos/libs/fontawesome/svgs/solid/satellite.svg,.svg,1065,dcd50dd7cd32447d7289db2aff6ab0d179fdfc290f755f9e629fec8b67b9a532,CURRENT_SOURCE
index_archivos/libs/fontawesome/svgs/solid/save.svg,.svg,521,c9afc4b5bf0dbd855275630ce248e930c0ed224544c9cd51404c1e2e25749a1f,CURRENT_SOURCE
index_archivos/libs/fontawesome/svgs/solid/school.svg,.svg,607,76b399d71def264c0e576561dcd9411758245085470fefd43877381170834ea0,CURRENT_SOURCE
index_archivos/libs/fontawesome/svgs/solid/screwdriver.svg,.svg,370,799ce3b73c7f972c78d20ba3090a82709f5880706113c1c8f61b77f4100c0096,CURRENT_SOURCE
index_archivos/libs/fontawesome/svgs/solid/scroll.svg,.svg,401,42def13c829a3497fdf1e268df3e7b554ad38ff20ff37e8326b35e832476d433,CURRENT_SOURCE
index_archivos/libs/fontawesome/svgs/solid/sd-card.svg,.svg,231,812778670e67c20e5b41997f45bcb7f1d80a92f7548533df499176dd70ebb0d1,CURRENT_SOURCE
index_archivos/libs/fontawesome/svgs/solid/search-dollar.svg,.svg,1169,0a5e66df16740b4f8f47e3737b31a9479a919c70ae091b09fb3c6a7530b01506,CURRENT_SOURCE
index_archivos/libs/fontawesome/svgs/solid/search-location.svg,.svg,763,300ff1a0483281fde3d1bb1c5c3aef7560f4476621bdc13b04126a1ee7a92eaa,CURRENT_SOURCE
index_archivos/libs/fontawesome/svgs/solid/search-minus.svg,.svg,505,f617481aa461c7b13f004e6025eb456a4a7cc57e32fe1036aa8a056b4126948d,CURRENT_SOURCE
index_archivos/libs/fontawesome/svgs/solid/search-plus.svg,.svg,609,76a38ee5f160302e782b3dc24c579a488213fa67216287047c5f36feb00fa2c2,CURRENT_SOURCE
index_archivos/libs/fontawesome/svgs/solid/search.svg,.svg,425,b76d39c3dcfbe97339cd673bd933078c8da4da73dff4349d822f46cc54f6695e,CURRENT_SOURCE
index_archivos/libs/fontawesome/svgs/solid/seedling.svg,.svg,288,65423c22aadbf32f6f4a24258102a4687d2c6948c05aefaf7d815f7d76ca7376,CURRENT_SOURCE
index_archivos/libs/fontawesome/svgs/solid/server.svg,.svg,940,837f12daa10b0c8481d09bf46ea04184697bf0b9559338e9de6184477d148706,CURRENT_SOURCE
index_archivos/libs/fontawesome/svgs/solid/shapes.svg,.svg,374,3e650322d3bea11c37b5a983a17447646f52e546a7a50babe0e9bcd183747742,CURRENT_SOURCE
index_archivos/libs/fontawesome/svgs/solid/share-alt-square.svg,.svg,671,e4b472a91f36a6363e1ac573ae343aa3e071e96e5612e3ba0ed23b333d5ca419,CURRENT_SOURCE
index_archivos/libs/fontawesome/svgs/solid/share-alt.svg,.svg,536,08d0a218d8e65b1f95404a0320e23ad583dbc461dc2d39f37a6602ac71ca0263,CURRENT_SOURCE
index_archivos/libs/fontawesome/svgs/solid/share-square.svg,.svg,739,7021fc006c71af385cf02108f925955d29e2c9513ae8f6f51dabbec57af04eda,CURRENT_SOURCE
index_archivos/libs/fontawesome/svgs/solid/share.svg,.svg,397,b3d03fe993f6e5c921c7d4b195e5d77b06664f6806e4f78552ea46dd32a4ab23,CURRENT_SOURCE
index_archivos/libs/fontawesome/svgs/solid/shekel-sign.svg,.svg,470,86af5bd9b105e5ef77a2272922cfa274a917b9ee3862ee2a7aa74fd28ad63f18,CURRENT_SOURCE
index_archivos/libs/fontawesome/svgs/solid/shield-alt.svg,.svg,339,4b9c7cdb39497e287204887642c9cd57f6fb3f66b22508d7295472396169d5d0,CURRENT_SOURCE
index_archivos/libs/fontawesome/svgs/solid/shield-virus.svg,.svg,965,711b239c4c4082d79cd513ac2ad8f85fe51c41e20107906cd09b9b8780831449,CURRENT_SOURCE
index_archivos/libs/fontawesome/svgs/solid/ship.svg,.svg,777,3723a841a3a5b01fc4095840e1950d1b0fb04015d3c1d3a06162f414edb71c3f,CURRENT_SOURCE
index_archivos/libs/fontawesome/svgs/solid/shipping-fast.svg,.svg,741,eed8bb8a61442f47b7b371405f4983c26d18d6effa2b8a99a7ebbb82ba503a79,CURRENT_SOURCE
index_archivos/libs/fontawesome/svgs/solid/shoe-prints.svg,.svg,619,0f13e8aa44c08391343935093a226427377a015764704cfeac6379ca4d630a4c,CURRENT_SOURCE
index_archivos/libs/fontawesome/svgs/solid/shopping-bag.svg,.svg,438,74cb507caefe5ea773c79cc92d46a2ce8f47e295b02faca2e12bae1669340e7c,CURRENT_SOURCE
index_archivos/libs/fontawesome/svgs/solid/shopping-basket.svg,.svg,842,dea9d7ed5c0e3d74da1d5d31fcc00e44d2be55a7bcf7cd6a1a020990aaf0c9eb,CURRENT_SOURCE
index_archivos/libs/fontawesome/svgs/solid/shopping-cart.svg,.svg,616,e412c7b095b03c61ac8159bff3a920d74426279d88c2aebee64217203cd07f86,CURRENT_SOURCE
index_archivos/libs/fontawesome/svgs/solid/shower.svg,.svg,1216,d4f98247954c88fe5028c42c0a88fdc6cd205df03a5065bc2038734d21cea551,CURRENT_SOURCE
index_archivos/libs/fontawesome/svgs/solid/shuttle-van.svg,.svg,559,6e28bd0e16130dd280c403c212e2c009562eb331e37f7317fb2c3a7c9c4266bf,CURRENT_SOURCE
index_archivos/libs/fontawesome/svgs/solid/sign-in-alt.svg,.svg,416,2a83cd900f804c1104cc9aee27b6780dbca2560ed466f0347ab316c1a66703d3,CURRENT_SOURCE
index_archivos/libs/fontawesome/svgs/solid/sign-language.svg,.svg,1507,2e1ca023814a793addda35f2ac0b2db07b444b4e4484c6133bab4588628f1af2,CURRENT_SOURCE
index_archivos/libs/fontawesome/svgs/solid/sign-out-alt.svg,.svg,420,dbc8e415147dbaf2e0bcee71853c3a9cdaabdac74e9d8bc35e31e0ce9decf10f,CURRENT_SOURCE
index_archivos/libs/fontawesome/svgs/solid/sign.svg,.svg,306,0d1ca7d7e59c939d112fd8808730b8a54540e1ecbe011aed5bed33ac1f1de0e2,CURRENT_SOURCE
index_archivos/libs/fontawesome/svgs/solid/signal.svg,.svg,618,4544c7dd0745a00a5d90c7623c65d3863aeb612534d36d8d3f7d8c939247edab,CURRENT_SOURCE
index_archivos/libs/fontawesome/svgs/solid/signature.svg,.svg,642,e729afdf273c571febce06a35df0cd443c96cc26e81524969b680a77edf0dd3d,CURRENT_SOURCE
index_archivos/libs/fontawesome/svgs/solid/sim-card.svg,.svg,399,3790234723cf4b7fe92bca9ac6c10854cb704d5b1a5120fb5354e22fb2891996,CURRENT_SOURCE
index_archivos/libs/fontawesome/svgs/solid/sitemap.svg,.svg,662,56352b1cc6b80d48f138262282aa8245d71cb3b24cb0e028bc437ecefc8d9c6b,CURRENT_SOURCE
index_archivos/libs/fontawesome/svgs/solid/skating.svg,.svg,886,806334f1d636a1d49a086700f18eb9780a61d7630c184930a8c0177fa775877d,CURRENT_SOURCE
index_archivos/libs/fontawesome/svgs/solid/skiing-nordic.svg,.svg,839,8108bc4d370ebedeee3c22b8bfd429440c63dd7fa3415d3a77000f19d0d75be4,CURRENT_SOURCE
index_archivos/libs/fontawesome/svgs/solid/skiing.svg,.svg,830,25cb9c80d2387aa850c8ad5a27a0150d8c2856f05be70ce8555843ff00caf2d1,CURRENT_SOURCE
index_archivos/libs/fontawesome/svgs/solid/skull-crossbones.svg,.svg,854,82f270744eff19f8e3ba0d9a32e51e775c554cb4e1693c827ac81827e125b9bb,CURRENT_SOURCE
index_archivos/libs/fontawesome/svgs/solid/skull.svg,.svg,558,76e8c13788c0a2254695693d48b4ac15bcc194acfdadb46756e95e67a80808d4,CURRENT_SOURCE
index_archivos/libs/fontawesome/svgs/solid/slash.svg,.svg,271,97d03c6932a26f5ed63b79b16723c2833e34c9232262895871c162562d7a515b,CURRENT_SOURCE
index_archivos/libs/fontawesome/svgs/solid/sleigh.svg,.svg,567,90630d2decf17a00bcb37e5397c530bf02e7f1931c2641fe9ff9fdab796e5a51,CURRENT_SOURCE
index_archivos/libs/fontawesome/svgs/solid/sliders-h.svg,.svg,689,892e4ee6b6cf56237786dc94c30641cff80818ffab889ba4a1edb80f752edb1c,CURRENT_SOURCE
index_archivos/libs/fontawesome/svgs/solid/smile-beam.svg,.svg,666,fef2ae7f48d0c375b95fd0e1a65464ab0d978d965eb896a7162b4de077037a6a,CURRENT_SOURCE
index_archivos/libs/fontawesome/svgs/solid/smile-wink.svg,.svg,549,48e23f096f77421f6f5f27e33087db6cbe42281b9a375465e162ba994f0d9b91,CURRENT_SOURCE
index_archivos/libs/fontawesome/svgs/solid/smile.svg,.svg,466,57f8c2f08c45c8508f7e93743d7bae3c092e0d48bff765a5f2d0ac0c2f8e7c7d,CURRENT_SOURCE
index_archivos/libs/fontawesome/svgs/solid/smog.svg,.svg,613,4cd8c17e744b15b3f22611bb8ce1b876f0db5e98ca466d63e02a8f08c5bf93c7,CURRENT_SOURCE
index_archivos/libs/fontawesome/svgs/solid/smoking-ban.svg,.svg,738,6016caebf35caa167925bf0ac53e8a39c4ce57b4e13713e089f805aab711d02c,CURRENT_SOURCE
index_archivos/libs/fontawesome/svgs/solid/smoking.svg,.svg,808,404e23820b43030821fc7ab364565d84362a3f2c2c6fb6ec875d44a97be6426d,CURRENT_SOURCE
index_archivos/libs/fontawesome/svgs/solid/sms.svg,.svg,1199,50c189283306b57f3a663b8cd00ddff6c48340f3ee6ab74625a0c222850a13e6,CURRENT_SOURCE
index_archivos/libs/fontawesome/svgs/solid/snowboarding.svg,.svg,1003,d90413adb8935e323a88b71c9f0506780c42796a008f31a82da47880e291c9a3,CURRENT_SOURCE
index_archivos/libs/fontawesome/svgs/solid/snowflake.svg,.svg,1557,14935a20aff4a079ea42a27ae3d7f99e36f4cd4f1f18a6e441f041362b6108c1,CURRENT_SOURCE
index_archivos/libs/fontawesome/svgs/solid/snowman.svg,.svg,1203,67463794bd5ad4ae2e2fb3b8787441c7301a5b7ac554f398a034ad93748febd8,CURRENT_SOURCE
index_archivos/libs/fontawesome/svgs/solid/snowplow.svg,.svg,1029,47573cc884585ceaaadc470449f575782d572255cb6a77afffbbe3d45d232114,CURRENT_SOURCE
index_archivos/libs/fontawesome/svgs/solid/soap.svg,.svg,469,82b3dced1b822dcce947cc43ca1b7c926f6679d7dd06cc4cf2da5ac5516df4eb,CURRENT_SOURCE
index_archivos/libs/fontawesome/svgs/solid/socks.svg,.svg,620,46117b2b39150538dc00e71b78f620aae668918cc2d419ac934473680860aae0,CURRENT_SOURCE
index_archivos/libs/fontawesome/svgs/solid/solar-panel.svg,.svg,754,4b5b67f5385051cd57d9a6014b490c0b4f825a4b9fb0145d3f6652589f866528,CURRENT_SOURCE
index_archivos/libs/fontawesome/svgs/solid/sort-alpha-down-alt.svg,.svg,702,9466ded490aa2f516a8af1fdcf63f40fa697a17e0c66f4ed066c62ba1cb7b693,CURRENT_SOURCE
index_archivos/libs/fontawesome/svgs/solid/sort-alpha-down.svg,.svg,699,51ea4d82a7f0952de9b946d3a4391fda6aa65eaf0e718037f5b9018530498ee1,CURRENT_SOURCE
index_archivos/libs/fontawesome/svgs/solid/sort-alpha-up-alt.svg,.svg,697,f16cda642ac889d26cb954fc03279505bd8313c0fb2fe07555a5d95e4ebf2813,CURRENT_SOURCE
index_archivos/libs/fontawesome/svgs/solid/sort-alpha-up.svg,.svg,696,de7cd03f5a8c2f1d221688bfc45d25eeb649651d25cd5b0c174beb6ce6d66b32,CURRENT_SOURCE
index_archivos/libs/fontawesome/svgs/solid/sort-amount-down-alt.svg,.svg,617,2c1334c8f2f2c93a9843c8053112eb3c9a03cf69c98383b3c6a9ea08aae1925d,CURRENT_SOURCE
index_archivos/libs/fontawesome/svgs/solid/sort-amount-down.svg,.svg,621,1de0c80b18d0976afd43b9ede00df10344cc1daf324ad93a26ec4b6fb549f6f4,CURRENT_SOURCE
index_archivos/libs/fontawesome/svgs/solid/sort-amount-up-alt.svg,.svg,615,063375239e6140bae7fcb9ded2d50c47d478c173acdce49c036e10eb2a2dd8be,CURRENT_SOURCE
index_archivos/libs/fontawesome/svgs/solid/sort-amount-up.svg,.svg,615,1f1ef1564ac59ca01dea67d119804158dce377354f80e667c982ebc33f6c789e,CURRENT_SOURCE
index_archivos/libs/fontawesome/svgs/solid/sort-down.svg,.svg,179,1bcd7417c8f3a454a5fb7fe44483c7f25cd2f321fe98f98aaf53365783e1bcf2,CURRENT_SOURCE
index_archivos/libs/fontawesome/svgs/solid/sort-numeric-down-alt.svg,.svg,709,0d9ada1cef262acdc692137d5b16acec3c0b2e1e1d5f32f4a9ab666c1065a1f5,CURRENT_SOURCE
index_archivos/libs/fontawesome/svgs/solid/sort-numeric-down.svg,.svg,706,48766301334cf3a3d8e04abff5070752ef3d7cf574b29d7b117e393454b630a1,CURRENT_SOURCE
index_archivos/libs/fontawesome/svgs/solid/sort-numeric-up-alt.svg,.svg,705,81a3b708e6cfe293c6584d499e5e2e60da3045e87ec446befb04bad0c9ca0ec9,CURRENT_SOURCE
index_archivos/libs/fontawesome/svgs/solid/sort-numeric-up.svg,.svg,703,d6d61410644ed93774b3353ffb81dccc89566c575db130145e5f69c30df3c351,CURRENT_SOURCE
index_archivos/libs/fontawesome/svgs/solid/sort-up.svg,.svg,180,7296ed8680b182f0dcee6f561186eb7dc3c390b3a1a10c07ba03430ec85ec271,CURRENT_SOURCE
index_archivos/libs/fontawesome/svgs/solid/sort.svg,.svg,278,a42f2916392804ea7c32bf7fbe8f2825ea9fe713b7342790f9fbf2ef03c150ac,CURRENT_SOURCE
index_archivos/libs/fontawesome/svgs/solid/spa.svg,.svg,664,c34106efaf25c04aa01312b3300d9ed9c80398f895f48166465043f0421b9efa,CURRENT_SOURCE
index_archivos/libs/fontawesome/svgs/solid/space-shuttle.svg,.svg,660,d1a72e0e15e41200e40c204b2027b34dd31f7308c15ee4eb6f256969d06736af,CURRENT_SOURCE
index_archivos/libs/fontawesome/svgs/solid/spell-check.svg,.svg,748,4321c1e0d146d343f7dbd8fa80f6985ca9530942dc1c7babcb7c64c1f59cc242,CURRENT_SOURCE
index_archivos/libs/fontawesome/svgs/solid/spider.svg,.svg,1538,31c03a98115296fe75fe151bc4ebd91e40fdee39f747e9f20587b809310b97d8,CURRENT_SOURCE
index_archivos/libs/fontawesome/svgs/solid/spinner.svg,.svg,658,cebf7c9b96a19a7205d672f92c2de135bc6e0297e9eea108742b4d887bfec8ea,CURRENT_SOURCE
index_archivos/libs/fontawesome/svgs/solid/splotch.svg,.svg,565,2d9e224b7fb67a02a368d5539b8f1a8b128a0a7b481a68a1ff43aedf2ebf684a,CURRENT_SOURCE
index_archivos/libs/fontawesome/svgs/solid/spray-can.svg,.svg,804,08f8ec6a16512ce9c35b2386ffc9b3fb99efcc71c3b5806bb83aece4718acbac,CURRENT_SOURCE
index_archivos/libs/fontawesome/svgs/solid/square-full.svg,.svg,101,2b73802c6eecea7bef5ed59bfb1d99988276ecd936fcea8e6d996ed06c0bec05,CURRENT_SOURCE
index_archivos/libs/fontawesome/svgs/solid/square-root-alt.svg,.svg,773,44ffd195b17d98ffbd3acebe4ffa70d3e9688d61ad02b5801850ac7ca3946d73,CURRENT_SOURCE
index_archivos/libs/fontawesome/svgs/solid/square.svg,.svg,185,1232c45d0f3ea9cd37db4b01dd97d8bbdc1a12c6f55dc94ed507ab04be764046,CURRENT_SOURCE
index_archivos/libs/fontawesome/svgs/solid/stamp.svg,.svg,492,2ed00709196e35b0d0406bcfa8578ad5d4316764aabdc0cd781a0c4ea3fd4872,CURRENT_SOURCE
index_archivos/libs/fontawesome/svgs/solid/star-and-crescent.svg,.svg,793,62aff4a63d17a0cca0b1a8ee20474f64c49000e7f5fd04db4dcbf9fdc0ca939d,CURRENT_SOURCE
index_archivos/libs/fontawesome/svgs/solid/star-half-alt.svg,.svg,622,12b8048f845e2d3f0fc96b1efc567ffa3e003ab1fa68fb4d35d9ca4b9baa6ca0,CURRENT_SOURCE
index_archivos/libs/fontawesome/svgs/solid/star-half.svg,.svg,222,7b4c3ca95440742a927f2d5fc4f05244e85c4dea6fb54b82815b4eb13fd1f07a,CURRENT_SOURCE
index_archivos/libs/fontawesome/svgs/solid/star-of-david.svg,.svg,732,2bae0d3f65a0b65d6736c58156482d887eec88b38d618749ddeac1f4f798b2fc,CURRENT_SOURCE
index_archivos/libs/fontawesome/svgs/solid/star-of-life.svg,.svg,640,42db148d8cb597a68ac0a237cae237e382ac519ac3db8315cd30183457eb4d4a,CURRENT_SOURCE
index_archivos/libs/fontawesome/svgs/solid/star.svg,.svg,336,49b70c81a1bd486f6b461466a8837cab36948a442d7bf07d811b24beb06d1ed0,CURRENT_SOURCE
index_archivos/libs/fontawesome/svgs/solid/step-backward.svg,.svg,262,69152ce0f3c6fd56aafab6739e3c09e6bf10c1eb259ec7b13823ab55517de4ed,CURRENT_SOURCE
index_archivos/libs/fontawesome/svgs/solid/step-forward.svg,.svg,263,4b6ff202e78ba50d251f1403354b33d3464779f7738a09d75d80a3d719ac6485,CURRENT_SOURCE
index_archivos/libs/fontawesome/svgs/solid/stethoscope.svg,.svg,708,5eb4e70be7510093d83089d52b491951a5e6b009979e37ba746daa03404e4955,CURRENT_SOURCE
index_archivos/libs/fontawesome/svgs/solid/sticky-note.svg,.svg,267,248b76b7af96720a174beb81bdafff85b03c50bf1d2037213478638ac7369024,CURRENT_SOURCE
index_archivos/libs/fontawesome/svgs/solid/stop-circle.svg,.svg,250,5fd289fc055d5251d88a2fdb1faa78ff914ccdcbb2a8325dbe4bfeeef13a9ff3,CURRENT_SOURCE
index_archivos/libs/fontawesome/svgs/solid/stop.svg,.svg,185,1232c45d0f3ea9cd37db4b01dd97d8bbdc1a12c6f55dc94ed507ab04be764046,CURRENT_SOURCE
index_archivos/libs/fontawesome/svgs/solid/stopwatch-20.svg,.svg,1148,0f7c13e3361173b637ddfefb87f5a98b084eeafd2226bd3043dfbdcb167efa25,CURRENT_SOURCE
index_archivos/libs/fontawesome/svgs/solid/stopwatch.svg,.svg,502,efbd5a3812141aaf8054a3611244b7d53fce7872b170e2876a6f91ccabfe1447,CURRENT_SOURCE
index_archivos/libs/fontawesome/svgs/solid/store-alt-slash.svg,.svg,525,de1ec88fa918279e29130bd707f58d07533920d9a6fa768d228a30cfc0b14842,CURRENT_SOURCE
index_archivos/libs/fontawesome/svgs/solid/store-alt.svg,.svg,374,5e4ea72fe362f5c73cf18cd270d207ca0d2f741765f82e00eb4d2d72d7f96cc3,CURRENT_SOURCE
index_archivos/libs/fontawesome/svgs/solid/store-slash.svg,.svg,874,d5a8f45664056ce0b8765352bb3ab09f1def488fa7f4713e18eb75cd59abfd84,CURRENT_SOURCE
index_archivos/libs/fontawesome/svgs/solid/store.svg,.svg,645,05a74b81e349fcc5f97975cffe7da5dcd2c886c41affa9087915cd0aae780950,CURRENT_SOURCE
index_archivos/libs/fontawesome/svgs/solid/stream.svg,.svg,400,d857fb69f538ef6cba1b47576e3a3140cc930b1c4bcc08dba1971c9a4b8fa17d,CURRENT_SOURCE
index_archivos/libs/fontawesome/svgs/solid/street-view.svg,.svg,672,7692f55345242d04f741162b4e0a7306aed6607d06fa07c426f0cb00182258ff,CURRENT_SOURCE
index_archivos/libs/fontawesome/svgs/solid/strikethrough.svg,.svg,668,76eb6cc0d4dacd3d34ba49e29a859eef1ac25b81dcd6f7873aaa959b6500ab64,CURRENT_SOURCE
index_archivos/libs/fontawesome/svgs/solid/stroopwafel.svg,.svg,2484,968e0e8b3cef026534cebcef3a8e3b024e3a6ad1e50b1a078b75ccd7375723a2,CURRENT_SOURCE
index_archivos/libs/fontawesome/svgs/solid/subscript.svg,.svg,620,3205e8ecb155bd6129ecbb14698f0be513b19c9401d83fd7bcb0ac8c41b47c32,CURRENT_SOURCE
index_archivos/libs/fontawesome/svgs/solid/subway.svg,.svg,700,f112c33e224ca40af32e06d1829ff888aef81273657aba726cffc109960cbfd8,CURRENT_SOURCE
index_archivos/libs/fontawesome/svgs/solid/suitcase-rolling.svg,.svg,576,27f38b27ecfc27692447158cb420d52b89705abff73995e63beb0109746f8bfd,CURRENT_SOURCE
index_archivos/libs/fontawesome/svgs/solid/suitcase.svg,.svg,299,f8d155b97e206b432f7405398b73f550cc9029ba36c2968d5fa6e7a957f083ff,CURRENT_SOURCE
index_archivos/libs/fontawesome/svgs/solid/sun.svg,.svg,667,84100248feba0a0122aa675d540de212d5454eb1ee4829259f8a97248c864f5d,CURRENT_SOURCE
index_archivos/libs/fontawesome/svgs/solid/superscript.svg,.svg,618,86f092b793726f06409cc249ac4ff49ca7ab0221d1843249b8634a4526d168a2,CURRENT_SOURCE
index_archivos/libs/fontawesome/svgs/solid/surprise.svg,.svg,366,8eba3b4895f2b59f03bc46d9b109c88328b40955580a81a958f5458589739347,CURRENT_SOURCE
index_archivos/libs/fontawesome/svgs/solid/swatchbook.svg,.svg,455,287aa745388172fea52a172b00aa43b902a2206ef7c93cb4e52a9a1784750889,CURRENT_SOURCE
index_archivos/libs/fontawesome/svgs/solid/swimmer.svg,.svg,1314,f25febdeba0ac95b0f539ef6ac130096bc966e0575129ce0ee0f54dbe319ddbc,CURRENT_SOURCE
index_archivos/libs/fontawesome/svgs/solid/swimming-pool.svg,.svg,1165,648da09f14dcb363b0deb3d10d0a8ad3c870f1fc1b037b2871f3fc9aa91b4435,CURRENT_SOURCE
index_archivos/libs/fontawesome/svgs/solid/synagogue.svg,.svg,786,be48823ab5a759316d01360b68300380d09d76b7595fa3c357b5fd7e059982be,CURRENT_SOURCE
index_archivos/libs/fontawesome/svgs/solid/sync-alt.svg,.svg,842,765ac8b6d6ba1252dd2fb325fc14cf79b80781d25a15468c86e2b1af666b8516,CURRENT_SOURCE
index_archivos/libs/fontawesome/svgs/solid/sync.svg,.svg,707,a7a8463bbb22347a45f9d3c1986cf172bc4ca59b514288261f1254b216eb82ce,CURRENT_SOURCE
index_archivos/libs/fontawesome/svgs/solid/syringe.svg,.svg,790,902f19fc64e4c5b0d4d626c7bf96269c01403cb3b01056467d355e4556b5f2a9,CURRENT_SOURCE
index_archivos/libs/fontawesome/svgs/solid/table-tennis.svg,.svg,494,45a7f77ee6cd37fadc9809c1a25e24e3bad0bcb2acec5290c63dfd755aa5945d,CURRENT_SOURCE
index_archivos/libs/fontawesome/svgs/solid/table.svg,.svg,283,a0fc3a2a4940b41c6b793ce28afee2be5b667cb2e814e0ff703ce2ccdc634b5f,CURRENT_SOURCE
index_archivos/libs/fontawesome/svgs/solid/tablet-alt.svg,.svg,356,cf427299e27dc8edd5aedf22a563767177a128af4218c3071cfb412a5bf07dc4,CURRENT_SOURCE
index_archivos/libs/fontawesome/svgs/solid/tablet.svg,.svg,256,16b9650a4976fba09d3c5e0c3e458b653bbf3fe7499bff25ba7510a4e174e748,CURRENT_SOURCE
index_archivos/libs/fontawesome/svgs/solid/tablets.svg,.svg,566,7632d41975b1eea1ea641f8f066fad382c7754df10bfe4a6067ad8f2b0f98fcb,CURRENT_SOURCE
index_archivos/libs/fontawesome/svgs/solid/tachometer-alt.svg,.svg,1017,e7ccacb353300054f66b34f15cacbcb01fcbcb0abc2d2bc751a45690eb72b08a,CURRENT_SOURCE
index_archivos/libs/fontawesome/svgs/solid/tag.svg,.svg,370,a0edb2051b0ac78aba9a2adbcb5cb1fe5c2bc8629cb3f99466dbe88154ed441b,CURRENT_SOURCE
index_archivos/libs/fontawesome/svgs/solid/tags.svg,.svg,630,21ef5369d389e308f0a4737a088f1b8ab25a9e500893735d1fbe7ebe27800d4d,CURRENT_SOURCE
index_archivos/libs/fontawesome/svgs/solid/tape.svg,.svg,364,67fea7c02a7ac7afeccd7bfe921ebc0bfb947bc56babdc14b387cae4fb35041c,CURRENT_SOURCE
index_archivos/libs/fontawesome/svgs/solid/tasks.svg,.svg,786,c27827e554cfcaf96d24b6fb009ebc8e3a8ced69bf95bb98e84668874ccebc77,CURRENT_SOURCE
index_archivos/libs/fontawesome/svgs/solid/taxi.svg,.svg,743,e8354b142711964d9493fd0e1cab8a0b6c5a23a4566ef836783c1008b63434b3,CURRENT_SOURCE
index_archivos/libs/fontawesome/svgs/solid/teeth-open.svg,.svg,1095,d2fdff9195a91eda05b0d2e8a17c70a7729f918a0aa47e23d10013a1640ecd27,CURRENT_SOURCE
index_archivos/libs/fontawesome/svgs/solid/teeth.svg,.svg,986,3b887c96ae12eddd45e8a24f01933e2fbe2cf87c50ce2d0af792cc895428e8d4,CURRENT_SOURCE
index_archivos/libs/fontawesome/svgs/solid/temperature-high.svg,.svg,653,8d20ee2ec68b3df762e0357b941bb10b1cd08b45f2e2c0b027ed36843e97f6ec,CURRENT_SOURCE
index_archivos/libs/fontawesome/svgs/solid/temperature-low.svg,.svg,652,f6246333d4d7fd900d692c160a7b8b12fd5d62f51d3b6f101264e11b6d6364cd,CURRENT_SOURCE
index_archivos/libs/fontawesome/svgs/solid/tenge.svg,.svg,329,9cd2947e1383e943db91c0bc760744c2ef9f4da1fc1983c713c745ef580d611a,CURRENT_SOURCE
index_archivos/libs/fontawesome/svgs/solid/terminal.svg,.svg,481,efa88d9487bd6eb64f855243300d17c54dac64e9be9a51c07b880cfc0179d119,CURRENT_SOURCE
index_archivos/libs/fontawesome/svgs/solid/text-height.svg,.svg,543,312629a2459c6519f9d6637aeb4b26a8dfa8d133781ea296a4698854ef26e1f2,CURRENT_SOURCE
index_archivos/libs/fontawesome/svgs/solid/text-width.svg,.svg,543,7190b0343b87faf0b88fece86b781c8d8b1566338eb16e2a68562a4f4b98f127,CURRENT_SOURCE
index_archivos/libs/fontawesome/svgs/solid/th-large.svg,.svg,573,9a57b193aa1513a6ae8f390cb27319411aadc4c3a82cb19207e838725ed5f27e,CURRENT_SOURCE
index_archivos/libs/fontawesome/svgs/solid/th-list.svg,.svg,850,49ead5dd1703755120d3e4228226687d7bfb8faec1895f973f3dd76d098af5aa,CURRENT_SOURCE
index_archivos/libs/fontawesome/svgs/solid/th.svg,.svg,1275,83158fe1fb14e1b7a002821df88be6771a87308cb2dcb4be2a50ea0f6bac2b95,CURRENT_SOURCE
index_archivos/libs/fontawesome/svgs/solid/theater-masks.svg,.svg,1623,1c51a24b9228cd76a87200efdb8173c7a7f55cd892b9f69fe5fb994fa83f3180,CURRENT_SOURCE
index_archivos/libs/fontawesome/svgs/solid/thermometer-empty.svg,.svg,606,c9527fc3b89dad2a6984ac8bfa6e7d9dbac4ec843774e9e1f748efdf4b05b26c,CURRENT_SOURCE
index_archivos/libs/fontawesome/svgs/solid/thermometer-full.svg,.svg,680,0b2a0a8cb03a4572d5003bb70cecc484490db6cbea6653b9ea0077faf308e867,CURRENT_SOURCE
index_archivos/libs/fontawesome/svgs/solid/thermometer-half.svg,.svg,685,329fc78ef6fd464e57621f2447eb369ad3fa835ff0c9bc8cff1eb45a3e4d2b58,CURRENT_SOURCE
index_archivos/libs/fontawesome/svgs/solid/thermometer-quarter.svg,.svg,684,c189b6ab91182f1e379101169e9fc659590d348a1f333b08681653852d69a386,CURRENT_SOURCE
index_archivos/libs/fontawesome/svgs/solid/thermometer-three-quarters.svg,.svg,693,5cc898b9322a2f2ae3d3c3f2216b510ba15eafd797bac3bdc3b58ef5c55165c7,CURRENT_SOURCE
index_archivos/libs/fontawesome/svgs/solid/thermometer.svg,.svg,508,4fef7c693021b80f5af209d0d7b387cc140b21a807b08f323da8beca812aec22,CURRENT_SOURCE
index_archivos/libs/fontawesome/svgs/solid/thumbs-down.svg,.svg,879,1a771e96f3cc85c3db9e178e3507804f420914837a778232db97da11caa2bcda,CURRENT_SOURCE
index_archivos/libs/fontawesome/svgs/solid/thumbs-up.svg,.svg,886,d4b7853d8a92a0a9499944f7ec9c518ecd09e35a5fdcc3d9ca9faa9a17f041b5,CURRENT_SOURCE
index_archivos/libs/fontawesome/svgs/solid/thumbtack.svg,.svg,486,08d590ad4c75eb9802307ca42929954f7b3d2d0d1c64e876f65ebeb39da37b83,CURRENT_SOURCE
index_archivos/libs/fontawesome/svgs/solid/ticket-alt.svg,.svg,439,a66870a9aff8dd24e004e59932bc5e7bd501b3ccb76829573d3a9aa15894ab59,CURRENT_SOURCE
index_archivos/libs/fontawesome/svgs/solid/times-circle.svg,.svg,455,b17e09bf17bef820563b4ac915795b7d556cb8c34fbc7dbb1580d4fa075402cf,CURRENT_SOURCE
index_archivos/libs/fontawesome/svgs/solid/times.svg,.svg,495,19adad8c96fb9028c466ecab6e6ed081c2bd70cd8655a78c03e3bee6c7d9ac2e,CURRENT_SOURCE
index_archivos/libs/fontawesome/svgs/solid/tint-slash.svg,.svg,540,a07aaca947c0bedf795f4c2f1d5abeb0b39a6b4dcd7fc091e7c3f51157ebbef2,CURRENT_SOURCE
index_archivos/libs/fontawesome/svgs/solid/tint.svg,.svg,372,9af014a6e16abd3d8b7ac0ca55e90357f0e76b6e049d2c4a820f64b639e9ba28,CURRENT_SOURCE
index_archivos/libs/fontawesome/svgs/solid/tired.svg,.svg,560,f2616cdf480955c800aa14f167ab373d6e1bfed6eff75a79d0f6c80799bf3fab,CURRENT_SOURCE
index_archivos/libs/fontawesome/svgs/solid/toggle-off.svg,.svg,418,b581428a3a4a29de9cb22fdadce7605c3694820ad768b970c18d53d5d45d4e58,CURRENT_SOURCE
index_archivos/libs/fontawesome/svgs/solid/toggle-on.svg,.svg,268,37cfa4569a866bf32d683dcf1655c537d0b1f2c5156d07954059413fb972876f,CURRENT_SOURCE
index_archivos/libs/fontawesome/svgs/solid/toilet-paper-slash.svg,.svg,671,ee16d057b4f0198a70db4dd8488e9aef69012fc0d06c9450f6b47e52aedbf383,CURRENT_SOURCE
index_archivos/libs/fontawesome/svgs/solid/toilet-paper.svg,.svg,727,fa8359017e6fe0e8a296ec98b3cef5ed66e7bf96230c591e1d57c77f18ce9bfa,CURRENT_SOURCE
index_archivos/libs/fontawesome/svgs/solid/toilet.svg,.svg,550,4c4f09ce96fed18045cb97506bbfd534bba4be1e7c193ca4a597f45ba678d4f5,CURRENT_SOURCE
index_archivos/libs/fontawesome/svgs/solid/toolbox.svg,.svg,633,b0db40de3cf6e8af915d10d04fbad34babd58929c9c06622a24062534444f00f,CURRENT_SOURCE
index_archivos/libs/fontawesome/svgs/solid/tools.svg,.svg,771,b3e4b34ea255b243356e1ce97b6f60e167ac20728dbee45e2677a151c920762d,CURRENT_SOURCE
index_archivos/libs/fontawesome/svgs/solid/tooth.svg,.svg,791,89d554bf50dca656fbe3b37d7fd9513ea83e6a0fe33b54109ac627688b8bee54,CURRENT_SOURCE
index_archivos/libs/fontawesome/svgs/solid/torah.svg,.svg,942,9166d648b9c7b85d7f6587f0761d8648a674c82a78f99536cc66f8783ce7fb8b,CURRENT_SOURCE
index_archivos/libs/fontawesome/svgs/solid/torii-gate.svg,.svg,476,654a9be814fbe7e1f396aa6b75079510bb4004ee27f37674446877daf31996cf,CURRENT_SOURCE
index_archivos/libs/fontawesome/svgs/solid/tractor.svg,.svg,1286,5a7ec094931ad379fde15cb1ce0856d0dcc3c97d16c8303a54584566bbb851c6,CURRENT_SOURCE
index_archivos/libs/fontawesome/svgs/solid/trademark.svg,.svg,734,1aa72e41844a44e6dca274d96affb2e3b9721ce91a7000152e98f709e92df2a3,CURRENT_SOURCE
index_archivos/libs/fontawesome/svgs/solid/traffic-light.svg,.svg,649,8c31b72dbf3563da56da3a97599d8ab8cfbdad9ce0ed626e4e32c0202c244597,CURRENT_SOURCE
index_archivos/libs/fontawesome/svgs/solid/trailer.svg,.svg,683,2718dd5b51adb7a8423b49152906de3d31f632ae8c8b468b9519f294ab23557b,CURRENT_SOURCE
index_archivos/libs/fontawesome/svgs/solid/train.svg,.svg,505,5c87a4fb19417243993f82a5ea48df6340c8ba691bfe9d9b8aa6206d84a482f1,CURRENT_SOURCE
index_archivos/libs/fontawesome/svgs/solid/tram.svg,.svg,572,57d8596647e72530c99a74b3c8d8886a05f76d94f92a40b3ca2cc865dbd9968b,CURRENT_SOURCE
index_archivos/libs/fontawesome/svgs/solid/transgender-alt.svg,.svg,875,c291323f220957e946213cd0069074b1dc6c498cca336419cb2e47f1188d566e,CURRENT_SOURCE
index_archivos/libs/fontawesome/svgs/solid/transgender.svg,.svg,565,bd450754c0e2c59b71b1b1690a69cd1e74cae051f1e1b6b8b8e6616526803fd8,CURRENT_SOURCE
index_archivos/libs/fontawesome/svgs/solid/trash-alt.svg,.svg,439,bb2a39c45383143d32bf837bec511f213fbd4ea171f3b9f991e7db2a6ac15de0,CURRENT_SOURCE
index_archivos/libs/fontawesome/svgs/solid/trash-restore-alt.svg,.svg,488,7bcdf38e749ca53842f4677e92dd8f0c2a1cf12053d514a44b5df7dbb0839083,CURRENT_SOURCE
index_archivos/libs/fontawesome/svgs/solid/trash-restore.svg,.svg,500,c356e1682174bd74a3a674c5e2693aa4ede4dc57af87305fb33c90b17e072604,CURRENT_SOURCE
index_archivos/libs/fontawesome/svgs/solid/trash.svg,.svg,314,4e7dc391fff89141233d2398e094123e2788d758836e3b58d2ab800350b5ad33,CURRENT_SOURCE
index_archivos/libs/fontawesome/svgs/solid/tree.svg,.svg,705,e4dcc96e0f3e7283166cb9b6cb47ffa96d9fae55c2001825e17a151db35d1b75,CURRENT_SOURCE
index_archivos/libs/fontawesome/svgs/solid/trophy.svg,.svg,660,b97576d3dc350a18ab893d54fccebafe865e118ecd6a18fd27151cde04f366b6,CURRENT_SOURCE
index_archivos/libs/fontawesome/svgs/solid/truck-loading.svg,.svg,534,919ba81ce371be194ad5729696060fc513ad7c104e1e7d1a678a5505c1c8df70,CURRENT_SOURCE
index_archivos/libs/fontawesome/svgs/solid/truck-monster.svg,.svg,2330,f2be0c7550ea48298b57bd7eab67c14cdc91f9d3978e61fa3140dd934cbd0603,CURRENT_SOURCE
index_archivos/libs/fontawesome/svgs/solid/truck-moving.svg,.svg,712,84fcaa795c70df3e9768a90b47ece4b79e3f9fecb6c7c9407c9a65d539344bc3,CURRENT_SOURCE
index_archivos/libs/fontawesome/svgs/solid/truck-pickup.svg,.svg,719,ec9caa8c6259dcc5208eb64f36227185f3e115eb5e2abe18922de12850e50408,CURRENT_SOURCE
index_archivos/libs/fontawesome/svgs/solid/truck.svg,.svg,524,d2c5ec2cd092880ca583a891222a31f0219a46dc5c8f38f1beae5df5e5fab585,CURRENT_SOURCE
index_archivos/libs/fontawesome/svgs/solid/tshirt.svg,.svg,400,9610f9d7cefd2424bab955f67687a15a3ff3bc9690c9cf832b6371fcabe35bdf,CURRENT_SOURCE
index_archivos/libs/fontawesome/svgs/solid/tty.svg,.svg,1825,8341e196be6af45a87cc79c5d09a5af9b86098cb48fd9a19455c04b52dbf7bdc,CURRENT_SOURCE
index_archivos/libs/fontawesome/svgs/solid/tv.svg,.svg,293,38cbdde9730a2bcad8c4f2e218bebc5717eb0556098e505f9ac4b8b64721717b,CURRENT_SOURCE
index_archivos/libs/fontawesome/svgs/solid/umbrella-beach.svg,.svg,669,c436a70c45c245c9809cfecf212d0f65571329f0b4a1bf6e3883fa01649fba6a,CURRENT_SOURCE
index_archivos/libs/fontawesome/svgs/solid/umbrella.svg,.svg,639,c9fbe67394ed333b675a48c55219eba4a7951d91e59eb32f17ba5ff46be71b0f,CURRENT_SOURCE
index_archivos/libs/fontawesome/svgs/solid/underline.svg,.svg,433,34295973117cfb27b41db6219fb5684299f808c39e89fb26ad70e75847471335,CURRENT_SOURCE
index_archivos/libs/fontawesome/svgs/solid/undo-alt.svg,.svg,624,14d5993ee4974b270d4077514a0e147c265ab8b671f1a4bdefddb7f39ff7097e,CURRENT_SOURCE
index_archivos/libs/fontawesome/svgs/solid/undo.svg,.svg,619,2809720b81f9edfa23f096c334ca7a1d90138b62124b0f8545235f21748d2f31,CURRENT_SOURCE
index_archivos/libs/fontawesome/svgs/solid/universal-access.svg,.svg,1069,08b75397f99a70a9c6733c56ce425ba9d8a19546bdb6678157b38c615cb57053,CURRENT_SOURCE
index_archivos/libs/fontawesome/svgs/solid/university.svg,.svg,486,83decde72b0797a6e745854f392c22836551222917237f6476693d3b3636ae5b,CURRENT_SOURCE
index_archivos/libs/fontawesome/svgs/solid/unlink.svg,.svg,1074,4e44176beab71bf34f7c2ceb88abca0f90c1d26c00be0a29df3e925759421894,CURRENT_SOURCE
index_archivos/libs/fontawesome/svgs/solid/unlock-alt.svg,.svg,442,5dcfb4564cac12f44da93f01477f5463f516a2e4ccf5f8cb465208cefc93f1c6,CURRENT_SOURCE
index_archivos/libs/fontawesome/svgs/solid/unlock.svg,.svg,355,553a1cd63a4753a26a5a688ac60de709dae6102889348af045c97c71a0065769,CURRENT_SOURCE
index_archivos/libs/fontawesome/svgs/solid/upload.svg,.svg,533,b6ea19b3da8e095d48572529b15c3a68b8d16e1413e619e3cc02f868eb79adc1,CURRENT_SOURCE
index_archivos/libs/fontawesome/svgs/solid/user-alt-slash.svg,.svg,404,9e16eb59b37f7b0f213c502bcc138286ae4f9c291ecb6ebfa004a3b0ed65857f,CURRENT_SOURCE
index_archivos/libs/fontawesome/svgs/solid/user-alt.svg,.svg,324,1a005ac44ff38440626b5ffc14dd250cd3d1deb3bc47eb105f0799c49026fa27,CURRENT_SOURCE
index_archivos/libs/fontawesome/svgs/solid/user-astronaut.svg,.svg,787,a9629ac8b2ba365a630219f09c4924172ab84800f18a3f1291f7cf3180cd72e7,CURRENT_SOURCE
index_archivos/libs/fontawesome/svgs/solid/user-check.svg,.svg,538,661d134cdbe3f53b030b355064b2c44ec1ff6823c22bb5fb3be1884a95038e5a,CURRENT_SOURCE
index_archivos/libs/fontawesome/svgs/solid/user-circle.svg,.svg,434,d04e4fc8b6de2fb4f61169ce3ae2aff76e8cccf14b05d4ab439fce4cbcd9a534,CURRENT_SOURCE
index_archivos/libs/fontawesome/svgs/solid/user-clock.svg,.svg,598,8eeab37f107841c9a521b4b602de8c97ccaad3e39c1302d16aa086feda46b1d1,CURRENT_SOURCE
index_archivos/libs/fontawesome/svgs/solid/user-cog.svg,.svg,1382,152e7b76376d55fd0e56a4cb63c7301d5f5abed59fa5eb973e37abcea9048c87,CURRENT_SOURCE
index_archivos/libs/fontawesome/svgs/solid/user-edit.svg,.svg,572,7cfebc5571477f356514565fd4b3b9d20ef955321a869815f3ba75b6e6309999,CURRENT_SOURCE
index_archivos/libs/fontawesome/svgs/solid/user-friends.svg,.svg,583,da22549b540e400e22c11c84dad0794aeffc182ff7a624779d0a4138e8bfa6e4,CURRENT_SOURCE
index_archivos/libs/fontawesome/svgs/solid/user-graduate.svg,.svg,619,1d238908be4f54f3f0fdf3e1875fbcbff4d7f5ae28d57837c1a0bc665015342c,CURRENT_SOURCE
index_archivos/libs/fontawesome/svgs/solid/user-injured.svg,.svg,758,e5182f9e45d2ea8a35223051a3f0c7c6af4091d8148e5d69f49ae2f4f05c6c7a,CURRENT_SOURCE
index_archivos/libs/fontawesome/svgs/solid/user-lock.svg,.svg,515,e08ee0ca0c9df2c33a2f9a4dd5e5c9ea787d0a5fbd3df101b6e66ac943c127c2,CURRENT_SOURCE
index_archivos/libs/fontawesome/svgs/solid/user-md.svg,.svg,857,5f3a4954f397e3f8a77505295bae487c1c8f4dbc8577c79d9c2c419ef48c18bc,CURRENT_SOURCE
index_archivos/libs/fontawesome/svgs/solid/user-minus.svg,.svg,437,460b7778924aa0c48e820ee72abc4b5faead69486aec3e94e8188dc3450c9f6c,CURRENT_SOURCE
index_archivos/libs/fontawesome/svgs/solid/user-ninja.svg,.svg,485,38d682133fbee49c32753afb6fac0ddb9a1e9ed2c6d83c4debc510dfbc0875d7,CURRENT_SOURCE
index_archivos/libs/fontawesome/svgs/solid/user-nurse.svg,.svg,605,7da1ed17878d454b80a1c1080e79135c2e95252626bcb94e6d6f792d6f993542,CURRENT_SOURCE
index_archivos/libs/fontawesome/svgs/solid/user-plus.svg,.svg,541,062800864dc6131ee1547a1e425deacdbd4af937e25b3e28b7d0e57fd5ac695c,CURRENT_SOURCE
index_archivos/libs/fontawesome/svgs/solid/user-secret.svg,.svg,914,fe491a844c194c61ef3d7913fb90098915c596d44afd114ce207a1b20e48f7d0,CURRENT_SOURCE
index_archivos/libs/fontawesome/svgs/solid/user-shield.svg,.svg,620,33debae91a5e54db9fc2b82b80c38eaff635922695b4ebb041c559636a1b44d1,CURRENT_SOURCE
index_archivos/libs/fontawesome/svgs/solid/user-slash.svg,.svg,403,5dce1911757850488ce351ae6bd93038958cab58dd2afba26df3897c36cccb6b,CURRENT_SOURCE
index_archivos/libs/fontawesome/svgs/solid/user-tag.svg,.svg,668,306a5f0598697ee5dea1ab5aab89f6794b0c3792afc8b23bbd163ff1038ba19b,CURRENT_SOURCE
index_archivos/libs/fontawesome/svgs/solid/user-tie.svg,.svg,331,9991beabfb9fef9bd4b0c1173e833de8ca10510bd7bfe1e7059c6e27a5e018a0,CURRENT_SOURCE
index_archivos/libs/fontawesome/svgs/solid/user-times.svg,.svg,666,e377ff6c89501469b1c9a7425afc99db98de047128aa9206d13eb2cb797cd40d,CURRENT_SOURCE
index_archivos/libs/fontawesome/svgs/solid/user.svg,.svg,336,882441b5453d61d492bd76c8101b6f83884902ee7a86741d33f94ef682e35f76,CURRENT_SOURCE
index_archivos/libs/fontawesome/svgs/solid/users-cog.svg,.svg,1636,f6276af82de9241270d381391d4b10132067a12a04b9b32694690e6643bcf570,CURRENT_SOURCE
index_archivos/libs/fontawesome/svgs/solid/users.svg,.svg,724,08e5e7e9025474d3a27bb6cf6ba4821751047b662c5b2d1a140b5af4dd1e7066,CURRENT_SOURCE
index_archivos/libs/fontawesome/svgs/solid/utensil-spoon.svg,.svg,297,9c257fd627261de89e692f53d3dea8f86d60ecf34942c085e75cda887d6f049a,CURRENT_SOURCE
index_archivos/libs/fontawesome/svgs/solid/utensils.svg,.svg,584,8a633ec32a7a7d63cb28b26098a220fd851373ad9dee6dd9b2e6690f5f7f367e,CURRENT_SOURCE
index_archivos/libs/fontawesome/svgs/solid/vector-square.svg,.svg,632,3162a7619dc8da0559abc6ea91d604e9efafa52b7ae10f81bd93bf705edbceb3,CURRENT_SOURCE
index_archivos/libs/fontawesome/svgs/solid/venus-double.svg,.svg,825,62eabaf180b2199a39172bc507591c7e60271039dcbb68befab1668ab01e04e1,CURRENT_SOURCE
index_archivos/libs/fontawesome/svgs/solid/venus-mars.svg,.svg,835,3b4d0e4fec2b0cd0bb737d473572d165f7f7d5cd261bda14ee92907b7c2657ad,CURRENT_SOURCE
index_archivos/libs/fontawesome/svgs/solid/venus.svg,.svg,409,701b79207a39966ecd91b7acc1361e0273ba593c2128b0cbc5c48d33e20001cb,CURRENT_SOURCE
index_archivos/libs/fontawesome/svgs/solid/vial.svg,.svg,376,916868746565be8c986722b97c37adf333c56a741ca48e865a6f9bfc879ee85c,CURRENT_SOURCE
index_archivos/libs/fontawesome/svgs/solid/vials.svg,.svg,476,baec0f9f87a8524debf8e4bed786ffcb149948530c547d9dc2c6642c97ce3de0,CURRENT_SOURCE
index_archivos/libs/fontawesome/svgs/solid/video-slash.svg,.svg,455,e67c0332d5d8fddc9af1d9bbfb1aa234bfedec078a6540b9e06341bdf42ad203,CURRENT_SOURCE
index_archivos/libs/fontawesome/svgs/solid/video.svg,.svg,316,d247fc561fcf5d0aa60f2efb5d89e5e2304d750e4185c3da9fe447f84cb15313,CURRENT_SOURCE
index_archivos/libs/fontawesome/svgs/solid/vihara.svg,.svg,681,1db6072b49d73635cae28a41e34bc6ba406852b2585d3b05f5ecba4a5846cf77,CURRENT_SOURCE
index_archivos/libs/fontawesome/svgs/solid/virus-slash.svg,.svg,945,b7b27326775c29180008a205aaf900cee1759c9f0c8c8ab40c0af32146319fa1,CURRENT_SOURCE
index_archivos/libs/fontawesome/svgs/solid/virus.svg,.svg,802,ccb8497d07042a4118f259eb8237d15b21f8174f63ed7d7ddf534348406d617c,CURRENT_SOURCE
index_archivos/libs/fontawesome/svgs/solid/viruses.svg,.svg,1428,77396902c2ed1a87d7864797b3499731444626a41407af3368727aeed79209ba,CURRENT_SOURCE
index_archivos/libs/fontawesome/svgs/solid/voicemail.svg,.svg,255,ecf83b6e03eadb8ae68d1c367180e9abf79554a8f52c9dc565cb2fa79ca0e39e,CURRENT_SOURCE
index_archivos/libs/fontawesome/svgs/solid/volleyball-ball.svg,.svg,835,20048daa226c19dacf17dceb50aa8295a249cd24d5da0b308f62efa23607b2e6,CURRENT_SOURCE
index_archivos/libs/fontawesome/svgs/solid/volume-down.svg,.svg,517,0c1a0e3d6e15cd4f152f95614a4f8ab5721cbc00fcf7b4fb5be492e0ef2d0a17,CURRENT_SOURCE
index_archivos/libs/fontawesome/svgs/solid/volume-mute.svg,.svg,619,24dadde02d8ff9cac013be38dd12e120f89298241df98e5a095c6f01e1ca96a7,CURRENT_SOURCE
index_archivos/libs/fontawesome/svgs/solid/volume-off.svg,.svg,196,aa8f1c2789ca725f3a53e1a47d515bdf7aac469657d9eac2eda747aab423d74d,CURRENT_SOURCE
index_archivos/libs/fontawesome/svgs/solid/volume-up.svg,.svg,1058,1f888dec32d3547c44ff3e40f0c25433962ae8724a263ce6f35088ccd655defc,CURRENT_SOURCE
index_archivos/libs/fontawesome/svgs/solid/vote-yea.svg,.svg,563,cf4785fd41015995d8c49b92922beb2b6d2bb7a64a42e992201aa008243c6df3,CURRENT_SOURCE
index_archivos/libs/fontawesome/svgs/solid/vr-cardboard.svg,.svg,502,77971b9ab025095fc3037c8f8e5190286af5fcf506de62c4d156831d89c8e475,CURRENT_SOURCE
index_archivos/libs/fontawesome/svgs/solid/walking.svg,.svg,861,e56bf768360ef430ad1f1ef341ed8b73d6fd2beb7792cb603fb1166e79a6c737,CURRENT_SOURCE
index_archivos/libs/fontawesome/svgs/solid/wallet.svg,.svg,370,6b39b302f3d9abe5b5c93f294065ea1851cde6623de627984c59afc87c6f6d30,CURRENT_SOURCE
index_archivos/libs/fontawesome/svgs/solid/warehouse.svg,.svg,609,329bedcc43a53832184b9d5f22a4d3a5720ffc61f1e62315069b24b72d48fd69,CURRENT_SOURCE
index_archivos/libs/fontawesome/svgs/solid/water.svg,.svg,1337,1183538cfcae5aed9a96fe088947e7e0227e193d636cbd804bf223fd468e16eb,CURRENT_SOURCE
index_archivos/libs/fontawesome/svgs/solid/wave-square.svg,.svg,328,392e0969169de9eda810c4f4e31f57a6d20779b253456f073bb44b73e1a8ffdb,CURRENT_SOURCE
index_archivos/libs/fontawesome/svgs/solid/weight-hanging.svg,.svg,447,168f31c637cfa9da3adc638310eeda40c937e71cc7c40d76da36db908b47b9a9,CURRENT_SOURCE
index_archivos/libs/fontawesome/svgs/solid/weight.svg,.svg,589,cde00c79f0812ae05d2ef2c2adebd532019717c57111e737b0985f88430eec9d,CURRENT_SOURCE
index_archivos/libs/fontawesome/svgs/solid/wheelchair.svg,.svg,853,541604cbbf1ce02f92e2e204851f3ae4ce4bee73c1753bd3244bdca6d1dc6305,CURRENT_SOURCE
index_archivos/libs/fontawesome/svgs/solid/wifi.svg,.svg,615,0f20cf592a92dbc98560bce7024624feea3c11478ba3e93e96e654aa91d28e51,CURRENT_SOURCE
index_archivos/libs/fontawesome/svgs/solid/wind.svg,.svg,906,414be1070fa730198d81f1a309de4bb9b2e0b41517719e5c43d5836cf6aef480,CURRENT_SOURCE
index_archivos/libs/fontawesome/svgs/solid/window-close.svg,.svg,517,21c0085ec9b22f473d85f8082a342c2bd57158c6557e2d9b86b9436ce8f79416,CURRENT_SOURCE
index_archivos/libs/fontawesome/svgs/solid/window-maximize.svg,.svg,246,9e7c946f95f8eb0157c65036d3d56146a24f11b9e78d375617288e82e72d50e0,CURRENT_SOURCE
index_archivos/libs/fontawesome/svgs/solid/window-minimize.svg,.svg,188,577c6625312eb6bb7f8a15e9f63e1065ab1f255013e6bd0527a0a01b25937acd,CURRENT_SOURCE
index_archivos/libs/fontawesome/svgs/solid/window-restore.svg,.svg,365,98b1ad4a7850e476d56dc739c6696826023e4b118ec5e45ce56e229ddd126176,CURRENT_SOURCE
index_archivos/libs/fontawesome/svgs/solid/wine-bottle.svg,.svg,522,d483e8538772963e4965ab78dea743ad018e1a7c0f6b400ad50706a43e365273,CURRENT_SOURCE
index_archivos/libs/fontawesome/svgs/solid/wine-glass-alt.svg,.svg,395,666d6a6ba2f17d2ddbc4ac0982facee3568f76eba0a44767fbd6f0aa15b5f484,CURRENT_SOURCE
index_archivos/libs/fontawesome/svgs/solid/wine-glass.svg,.svg,357,19628bc65b52c886029a4ac7a415c826fb0780669e308a3f18bd28799a6732eb,CURRENT_SOURCE
index_archivos/libs/fontawesome/svgs/solid/won-sign.svg,.svg,972,4556e91c917102a11a3a9c042d9896fc49b4905b08be0415a52ed4a9fd542f5c,CURRENT_SOURCE
index_archivos/libs/fontawesome/svgs/solid/wrench.svg,.svg,533,92e1f5a6961cd32f484727ac23d8eed653a4a6b0ddf43d69c075bbd48a92c3a9,CURRENT_SOURCE
index_archivos/libs/fontawesome/svgs/solid/x-ray.svg,.svg,874,0ec0457b484dd213755f05ac6660e6a64b88b66bcc8a010f5dba0e4a42e49ea1,CURRENT_SOURCE
index_archivos/libs/fontawesome/svgs/solid/yen-sign.svg,.svg,582,c58eefa1202b915fb8290909b411e4d8162dc7d1074f3e4b2accbd7ade924501,CURRENT_SOURCE
index_archivos/libs/fontawesome/svgs/solid/yin-yang.svg,.svg,446,9ff74349767110ddc6a2d33188b9b67e476e8b4bdc406d34d806a5a79bba9773,CURRENT_SOURCE
index_archivos/libs/fontawesome/webfonts/fa-brands-400.eot,.eot,133034,811e1577184066108ceca86d5a624a9012303df5206c5cb0b27d5e3fedcba5a3,CURRENT_SOURCE
index_archivos/libs/fontawesome/webfonts/fa-brands-400.svg,.svg,719460,980a773627e3fc82248a99c21a6763bcccc1d04d2fbf22af74274f2381270158,CURRENT_SOURCE
index_archivos/libs/fontawesome/webfonts/fa-brands-400.ttf,.ttf,132728,a0c145382acfe59767d1487d6505f349665b685c2885cd91b621d141a292b0f8,CURRENT_SOURCE
index_archivos/libs/fontawesome/webfonts/fa-brands-400.woff,.woff,89824,e836c5d5dfc13e18170c5bddefb4fdac7c65ac0ad43a4b431acdc4a98865a260,CURRENT_SOURCE
index_archivos/libs/fontawesome/webfonts/fa-brands-400.woff2,.woff2,76612,5d9190292acdd48ba0fc35080f7e7448f3cdf0d79199a4d23f0f49b5341fdf29,CURRENT_SOURCE
index_archivos/libs/fontawesome/webfonts/fa-regular-400.eot,.eot,34390,01f4416f5db59e2dd6b6fbd9dc32336d99db18f7eb623a49f584d04afd279473,CURRENT_SOURCE
index_archivos/libs/fontawesome/webfonts/fa-regular-400.svg,.svg,145125,9a5dd62ffcb96d027ac0db084eebac320bad33e267ff5d56a685702cc3209f1c,CURRENT_SOURCE
index_archivos/libs/fontawesome/webfonts/fa-regular-400.ttf,.ttf,34092,f32b94a29060dfec0c797a1dfe111357eb1d682f1aca4ac4b95cf0f4c3e2bfa9,CURRENT_SOURCE
index_archivos/libs/fontawesome/webfonts/fa-regular-400.woff,.woff,16800,8e2d96198711b63752e5f2f5987b8ffc536df6156a065bdbe28cb7231cad793d,CURRENT_SOURCE
index_archivos/libs/fontawesome/webfonts/fa-regular-400.woff2,.woff2,13584,6a8c8e9e1e7f692c21af1956de163f3d026778e6449fe93a09a671847ca1ae65,CURRENT_SOURCE
index_archivos/libs/fontawesome/webfonts/fa-solid-900.eot,.eot,202902,32501727bb23fc77615b1ec76b5f298ec22198c0f3d6a3e7d6fe4ac3cf315db9,CURRENT_SOURCE
index_archivos/libs/fontawesome/webfonts/fa-solid-900.svg,.svg,902364,96b9988db47361f88539a3bb4d0750bb7dd5cab3f8435cd941d00f97da1ad4bd,CURRENT_SOURCE
index_archivos/libs/fontawesome/webfonts/fa-solid-900.ttf,.ttf,202616,231d68cefbc6846fb78cafca8467401a4f371e226418662e8900e3d52adc00ab,CURRENT_SOURCE
index_archivos/libs/fontawesome/webfonts/fa-solid-900.woff,.woff,103300,352f8ead280419dd953d2bc7843386bb9430e8152c2dbd2c2d2494f6b9567ee7,CURRENT_SOURCE
index_archivos/libs/fontawesome/webfonts/fa-solid-900.woff2,.woff2,79444,7f4d3fd0a705dbf8403298aad91d5de6972e6b5d536068eba8b24954a5a0a8c7,CURRENT_SOURCE
index_archivos/libs/jqGrid/css/fontawesome/css/fa-brands.css,.css,699,883cc345e21eb5f7a260754b5ba90ca2dc7fad637076ac00e22d39c0c965f69f,CURRENT_SOURCE
index_archivos/libs/jqGrid/css/fontawesome/css/fa-brands.min.css,.css,636,079746e445ed4d62786d8365a9e434cfb2c0da9052f38888ca8c3702edf8236e,CURRENT_SOURCE
index_archivos/libs/jqGrid/css/fontawesome/css/fa-regular.css,.css,719,1fe2a66e992e8857857d6b90c2496ef91850d2a126153c680fc1a6bb070305ec,CURRENT_SOURCE
index_archivos/libs/jqGrid/css/fontawesome/css/fa-regular.min.css,.css,654,9da63f151168f4c4ca59a4606d766e33169455951801ae24a9f0f41e9d6c4fe3,CURRENT_SOURCE
index_archivos/libs/jqGrid/css/fontawesome/css/fa-solid.css,.css,713,ca20224dee345e457d5f325f387f0534a88aaa478c638ebc80c47d87f548d4d8,CURRENT_SOURCE
index_archivos/libs/jqGrid/css/fontawesome/css/fa-solid.min.css,.css,646,232c8506da93f9ccfec1e6db7eb3c36d86eb08415461e2d751113caa8dd49783,CURRENT_SOURCE
index_archivos/libs/jqGrid/css/fontawesome/css/fontawesome-all.css,.css,46733,411e4b5a5b3220cc2dd78ffa1c0afabeb58cf54ed809b29099cbc809854aca8d,CURRENT_SOURCE
index_archivos/libs/jqGrid/css/fontawesome/css/fontawesome-all.min.css,.css,35363,0a895211c801735061d0ed2bb9c8f8ec14ddb663b5a50eb6b5f24bdeeac1e25d,CURRENT_SOURCE
index_archivos/libs/jqGrid/css/fontawesome/css/fontawesome.css,.css,45154,0aefab2aec54280faf7fa2cb29643572b862fab28ccae16673489bc0d39798bd,CURRENT_SOURCE
index_archivos/libs/jqGrid/css/fontawesome/css/fontawesome.min.css,.css,33998,5e9fcb2c3f5224662f077d0d00a015b83f733822cf12c3956db9238f8dd0ef08,CURRENT_SOURCE
index_archivos/libs/jqGrid/css/fontawesome/less/_animated.less,.less,316,f446ada66a6b4bf8aa0f8fe758ac102681c51c72dc5435ddf130925047986914,CURRENT_SOURCE
index_archivos/libs/jqGrid/css/fontawesome/less/_bordered-pulled.less,.less,438,17804b4461241a065431915a4ec37dce0cf965369fc8beccdea6669a38312357,CURRENT_SOURCE
index_archivos/libs/jqGrid/css/fontawesome/less/_core.less,.less,303,8db7df626745bee55aad044ea8f43c23744fb485e8370f23dcce1a2d1e439a1f,CURRENT_SOURCE
index_archivos/libs/jqGrid/css/fontawesome/less/_fixed-width.less,.less,125,4ba4fa8dadadacb454b0bc48f367caa9f35ad3a1b579cd03cda1ff6cca16eaee,CURRENT_SOURCE
index_archivos/libs/jqGrid/css/fontawesome/less/_icons.less,.less,56748,3b0f6daad78def97f6f4df0a4a0cc30daacebe3e2b411d4bc650350a3212e0f4,CURRENT_SOURCE
index_archivos/libs/jqGrid/css/fontawesome/less/_larger.less,.less,481,00319aa2ba58e8604536e16b1613aa63c9854d8cfb09e60caad00b0795c0393d,CURRENT_SOURCE
index_archivos/libs/jqGrid/css/fontawesome/less/_list.less,.less,338,44f15f89884733884c4350a4ba5a0450715c5b4621d86936d8cf5528988f1ceb,CURRENT_SOURCE
index_archivos/libs/jqGrid/css/fontawesome/less/_mixins.less,.less,1321,cbd9b11cdc97963f8effb3c398ecb076bf7d81d3ef72acbb841741488bb592db,CURRENT_SOURCE
index_archivos/libs/jqGrid/css/fontawesome/less/_rotated-flipped.less,.less,734,659f1b1ee7844924b9a31cf5797143c12e7b1433210344cbb8d1bd35c788af5a,CURRENT_SOURCE
index_archivos/libs/jqGrid/css/fontawesome/less/_screen-reader.less,.less,123,4e5596feeae316f16d0cc57593c372d82fe0d033343f53acaaeaf1c1c7634e68,CURRENT_SOURCE
index_archivos/libs/jqGrid/css/fontawesome/less/_stacked.less,.less,500,d2d2994de6955f4ea1095305737abcbe7b2f5b20283cdfb0d72da8377a66ec97,CURRENT_SOURCE
index_archivos/libs/jqGrid/css/fontawesome/less/_variables.less,.less,24438,9feee04c5fd962278324c05059a1643791169151feaeb94970d5dafa9e029076,CURRENT_SOURCE
index_archivos/libs/jqGrid/css/fontawesome/less/fa-brands.less,.less,775,9edf28dc8fb8940c6051de659cc4068047f20e21ab9829aa34c03fcd104bf89d,CURRENT_SOURCE
index_archivos/libs/jqGrid/css/fontawesome/less/fa-regular.less,.less,795,cae1261b82c0134af0018e760967b602cf8bf79d2f047d9fd6869fe618436932,CURRENT_SOURCE
index_archivos/libs/jqGrid/css/fontawesome/less/fa-solid.less,.less,789,3f0792e2ee3ed55050d105ac5dfae1f71a45cd4a3296bed90a80833f30472d73,CURRENT_SOURCE
index_archivos/libs/jqGrid/css/fontawesome/less/fontawesome.less,.less,515,62c867bdcb3079c2d4c1ad66b5b3df25e14f475de25871b092dc487858d268c4,CURRENT_SOURCE
index_archivos/libs/jqGrid/css/fontawesome/scss/_animated.scss,.scss,320,77d54abae78936ce6d9cfe5725834ce09b44be1c8845eff25d6ee00c161126df,CURRENT_SOURCE
index_archivos/libs/jqGrid/css/fontawesome/scss/_bordered-pulled.scss,.scss,448,9124436c19a63bdd0c6d14426e64176164c0aad1382b586ad946c4f9440fb3a5,CURRENT_SOURCE
index_archivos/libs/jqGrid/css/fontawesome/scss/_core.scss,.scss,308,90f1e230d3ee090610a42084bad1d57cf1b5ed718fd53674f50fbbedee4e1cf8,CURRENT_SOURCE
index_archivos/libs/jqGrid/css/fontawesome/scss/_fixed-width.scss,.scss,126,d53138ed84da5bb1aac5c0992eca75728e6f7faed98e88baacf0d9c2c66bb49a,CURRENT_SOURCE
index_archivos/libs/jqGrid/css/fontawesome/scss/_icons.scss,.scss,67535,3d2fd66113d7914296e93f0b35aa9d51f06503e9b53c4ea80cb8d2b454d4abd2,CURRENT_SOURCE
index_archivos/libs/jqGrid/css/fontawesome/scss/_larger.scss,.scss,416,8e349fcb28056dfab5653530e97ece7353648e793d78daab6b41d8fc50b9d73a,CURRENT_SOURCE
index_archivos/libs/jqGrid/css/fontawesome/scss/_list.scss,.scss,340,0cdc541051b137134f08d85553d91c327d6cb262b8cd89a4d56e105142e63600,CURRENT_SOURCE
index_archivos/libs/jqGrid/css/fontawesome/scss/_mixins.scss,.scss,1350,6465f97b73dcf0d02f3bd98b598af60eff59e4d148969e07f85960fe5ca2d313,CURRENT_SOURCE
index_archivos/libs/jqGrid/css/fontawesome/scss/_rotated-flipped.scss,.scss,794,33ac91c848cd96d8cedec1b5c8e3420e8a859b3cbe1a1b3077046d4029168995,CURRENT_SOURCE
index_archivos/libs/jqGrid/css/fontawesome/scss/_screen-reader.scss,.scss,135,d4f1eb6a5989af71bd6d2588dc2263210ab2098f4ad8dcc50a7b7bb30fc071e0,CURRENT_SOURCE
index_archivos/libs/jqGrid/css/fontawesome/scss/_stacked.scss,.scss,523,8c3dbe8391dd57a78c85ae8b930ba8e749d8ddf912bc1f0e3c1809fdf723cd65,CURRENT_SOURCE
index_archivos/libs/jqGrid/css/fontawesome/scss/_variables.scss,.scss,23003,c80b974a6644c97c6183e8d24c4e3af81deefb0fc60ba4ad9c45412be4fe3b9c,CURRENT_SOURCE
index_archivos/libs/jqGrid/css/fontawesome/scss/fa-brands.scss,.scss,767,237b72e25feedbd38633724b9e2c1e19589ef9009de0c98688b3e57dddcf0c94,CURRENT_SOURCE
index_archivos/libs/jqGrid/css/fontawesome/scss/fa-regular.scss,.scss,787,30ad032c54c7e06677b671517423b4b07ce1f747b0ac1890adc35c81b910094c,CURRENT_SOURCE
index_archivos/libs/jqGrid/css/fontawesome/scss/fa-solid.scss,.scss,781,38dfc1b7533a7a621145732caf01b760d1cfe7353367d4aace1e3bdd0b65e6d7,CURRENT_SOURCE
index_archivos/libs/jqGrid/css/fontawesome/scss/fontawesome.scss,.scss,443,19ee24f9c481b32dee223d0b9e375c7ddf9c5f0432a5b0a4145e3ec3e3ad2322,CURRENT_SOURCE
index_archivos/libs/jqGrid/css/fontawesome/webfonts/fa-brands-400.eot,.eot,98640,bb778c6ffcd7120b289b886ea5b46d645eb67430ea893e9618d41b5fcef44e1c,CURRENT_SOURCE
index_archivos/libs/jqGrid/css/fontawesome/webfonts/fa-brands-400.svg,.svg,508636,640befe8c6542faba4a8fa79ee8a32e30d26c0358eeca27bef37dc65308613e3,CURRENT_SOURCE
index_archivos/libs/jqGrid/css/fontawesome/webfonts/fa-brands-400.ttf,.ttf,98404,f8c00fb60d9e80851f77db7eafa8fabef5939591b62dd5aed09192e0f4efa9f6,CURRENT_SOURCE
index_archivos/libs/jqGrid/css/fontawesome/webfonts/fa-brands-400.woff,.woff,63728,b738e3dafd06be4426b02769f0082ab59d0d7cae881639b43d42705a51eec687,CURRENT_SOURCE
index_archivos/libs/jqGrid/css/fontawesome/webfonts/fa-brands-400.woff2,.woff2,54468,abbcb43a4cf5b5c586d440527b87830cc4d6d069e2eabaeb7e0c433ca0edf8d5,CURRENT_SOURCE
index_archivos/libs/jqGrid/css/fontawesome/webfonts/fa-regular-400.eot,.eot,31156,7c6b79ee3da2438dc9c1f85b4c4a03ea8223c52d354fbfc07a2044867b25b182,CURRENT_SOURCE
index_archivos/libs/jqGrid/css/fontawesome/webfonts/fa-regular-400.svg,.svg,107567,9ad1298be3d53dd83525f237518987a608fa2d3d1992f5b2e0e76a99c1392dd1,CURRENT_SOURCE
index_archivos/libs/jqGrid/css/fontawesome/webfonts/fa-regular-400.ttf,.ttf,30928,0465105ae513d3be4a7d102c2827d057ad7832733f34b5038c8978bac549a83e,CURRENT_SOURCE
index_archivos/libs/jqGrid/css/fontawesome/webfonts/fa-regular-400.woff,.woff,14712,74d63644acecb753b532914d7f5bc9c47c7a4f8277fe1f963de0050aa3bae3f2,CURRENT_SOURCE
index_archivos/libs/jqGrid/css/fontawesome/webfonts/fa-regular-400.woff2,.woff2,12220,a7c95dca8cd84819f8a72cf87efdfbbd889de284690477f391d080e6252352ac,CURRENT_SOURCE
index_archivos/libs/jqGrid/css/fontawesome/webfonts/fa-solid-900.eot,.eot,106004,4132816d1cfb7edaa141960478adffc5903a9fb3e6178b30af50a09373b9297c,CURRENT_SOURCE
index_archivos/libs/jqGrid/css/fontawesome/webfonts/fa-solid-900.svg,.svg,392355,379e19293f786abcd19a4fce1ec04c71fb3013ee80219e312e720a728cf0af5f,CURRENT_SOURCE
index_archivos/libs/jqGrid/css/fontawesome/webfonts/fa-solid-900.ttf,.ttf,105784,0f24078d012d58bce65e7dcb6e7511d65b5db18b07bff7fad6a4c3d00a5b3887,CURRENT_SOURCE
index_archivos/libs/jqGrid/css/fontawesome/webfonts/fa-solid-900.woff,.woff,50524,8864d9c9bb487295db8e93d55c5a52e360b4553d8685fc29a9870fad6cd5a26d,CURRENT_SOURCE
index_archivos/libs/jqGrid/css/fontawesome/webfonts/fa-solid-900.woff2,.woff2,40244,ececd30b13956872441d17b03b9de4c032b5983f0932051e763a0a6d0250842b,CURRENT_SOURCE
index_archivos/libs/jqGrid/css/iconic/font/css/open-iconic-bootstrap.css,.css,12348,a86fc66a39c8bb955cfa84bece1a53ebcaa5c3c85282708e1e6bbd0c68f57133,CURRENT_SOURCE
index_archivos/libs/jqGrid/css/iconic/font/css/open-iconic-bootstrap.less,.less,12509,f3abdbf8d000060e63f6b1aeac995d5ecea02fad8f5ae866a978aaf24460c8a6,CURRENT_SOURCE
index_archivos/libs/jqGrid/css/iconic/font/css/open-iconic-bootstrap.min.css,.css,9395,049fc6f9efb2edb41dad8912d91053c8d7c11e903d22e19a3e67fd86db9be4c4,CURRENT_SOURCE
index_archivos/libs/jqGrid/css/iconic/font/css/open-iconic-bootstrap.scss,.scss,12484,fc8a360c02f0670b52debbae7f9d6cc9f7333b3cd1c8f6737a5594dcf1b4ede8,CURRENT_SOURCE
index_archivos/libs/jqGrid/css/iconic/font/css/open-iconic-bootstrap.styl,.styl,11807,e66e54ac27c64df5c3666ed6a13f2a8dbeba824d101db4e02d57b01c13df206b,CURRENT_SOURCE
index_archivos/libs/jqGrid/css/iconic/font/css/open-iconic-foundation.css,.css,17978,d22f9472656ace2fb3639ddb39be3e555dfbec828f9c071c2685d03adc71e1db,CURRENT_SOURCE
index_archivos/libs/jqGrid/css/iconic/font/css/open-iconic-foundation.less,.less,18083,1dcba50fe55739e9f4a070b3dfa834d68c854a50a29aef44591616132d989c22,CURRENT_SOURCE
index_archivos/libs/jqGrid/css/iconic/font/css/open-iconic-foundation.min.css,.css,14136,de7e8d2267c9cd74ebec674d1cc27f3a42e0b97e71111d023571dc6be68c7218,CURRENT_SOURCE
index_archivos/libs/jqGrid/css/iconic/font/css/open-iconic-foundation.scss,.scss,18100,26fa01e5ee092ffa4d9f4c0e889c63ba620e072fd6099105f1e2ab8c04b5be6e,CURRENT_SOURCE
index_archivos/libs/jqGrid/css/iconic/font/css/open-iconic-foundation.styl,.styl,16556,85ee6d9c210e40660dc3e53c69ee825ba35075249e20224397400b3d45a99894,CURRENT_SOURCE
index_archivos/libs/jqGrid/css/iconic/font/css/open-iconic.css,.css,14367,8e8ad6a0f3fcdc6109d8199f3574ff691ca1efaa2040b820ab540d8e24e31e31,CURRENT_SOURCE
index_archivos/libs/jqGrid/css/iconic/font/css/open-iconic.less,.less,15605,27b0b38465b488eac951dfde0c5058e113f0c7cbd16f6acda11d2388e876db1e,CURRENT_SOURCE
index_archivos/libs/jqGrid/css/iconic/font/css/open-iconic.min.css,.css,12297,09f376afa8bf76a9141d546aa41ccedf0db54a72166a5c067e3e527013d5ce62,CURRENT_SOURCE
index_archivos/libs/jqGrid/css/iconic/font/css/open-iconic.scss,.scss,15622,edf42f12d932c79096212e122390db570e3a58565bbdc75a4a7d63aae4a292a8,CURRENT_SOURCE
index_archivos/libs/jqGrid/css/iconic/font/css/open-iconic.styl,.styl,13819,7d4cd7aa59bd3fc608ed090b3eb8ad3c38f52f65c075ce5474de9d8257d0a443,CURRENT_SOURCE
index_archivos/libs/jqGrid/css/iconic/font/fonts/open-iconic.eot,.eot,28196,38ade9a063e0cca2363733603f4ed731b25adc3cfa512a1487f7214a44af4297,CURRENT_SOURCE
index_archivos/libs/jqGrid/css/iconic/font/fonts/open-iconic.otf,.otf,20996,b0352db99004cd6672bff535c65ffd0f77a1c94ebd244f85bc072ee4743efdad,CURRENT_SOURCE
index_archivos/libs/jqGrid/css/iconic/font/fonts/open-iconic.svg,.svg,55332,f8fd684398cfcce549182e76135a31197217c710b2325ab2e80f5c371198cd59,CURRENT_SOURCE
index_archivos/libs/jqGrid/css/iconic/font/fonts/open-iconic.ttf,.ttf,28028,a7e44ff02577bd12b561b224373ab7acfa358f21133e7474ed42dbf875582fcc,CURRENT_SOURCE
index_archivos/libs/jqGrid/css/iconic/font/fonts/open-iconic.woff,.woff,14984,7193ea5654497d2356d0a690e3e50f39767fbff4335e57a3443c1435d648a1f2,CURRENT_SOURCE
index_archivos/libs/jqGrid/css/images/animated-overlay.gif,.gif,1738,c7bcc76fb23c0430b36ec448eb79f8bc34129dae95da10f3c14ed0eacdf2f1b9,CURRENT_SOURCE
index_archivos/libs/jqGrid/css/images/code.png,.png,603,77a2b14114528eb6e3af76637f52c640c83cd80a3f5c72de76a3bbc5d79c1627,CURRENT_SOURCE
index_archivos/libs/jqGrid/css/images/php.png,.png,538,43feb0939cf820a2170fbbdb9a3099670ac424b71c58426d9efc71ecb20da2d7,CURRENT_SOURCE
index_archivos/libs/jqGrid/css/images/ui-bg_flat_55_999999_40x100.png,.png,259,00109c7936c38810aadd0cfebcc42eafdf7afd65e26dc698c09e829167a6a7ef,CURRENT_SOURCE
index_archivos/libs/jqGrid/css/images/ui-bg_flat_75_aaaaaa_40x100.png,.png,251,8c048eb5245a434371f87767f8212cbf6c9cd2410447b58d115815a156e3530d,CURRENT_SOURCE
index_archivos/libs/jqGrid/css/images/ui-bg_glass_45_0078ae_1x400.png,.png,385,ebc9a141fff182445ceb454682e4b46d378664f3061f0f2bc66a80a2de58220e,CURRENT_SOURCE
index_archivos/libs/jqGrid/css/images/ui-bg_glass_55_f8da4e_1x400.png,.png,384,1fd20ca856875d6d5ef90b29ddb7b9f4dcfaca2e3f0e369d18b19e1ff222fc37,CURRENT_SOURCE
index_archivos/libs/jqGrid/css/images/ui-bg_glass_75_79c9ec_1x400.png,.png,387,ef602719b97ee13bdf92a483c0eb6a4916f5c58a1cf263c919b6fcf7a5c500a9,CURRENT_SOURCE
index_archivos/libs/jqGrid/css/images/ui-bg_gloss-wave_45_e14f1c_500x100.png,.png,5903,6c5de685f21b08d83c0c1384fefc7a74fe491f37a0a74facd025c3bb3737d8d6,CURRENT_SOURCE
index_archivos/libs/jqGrid/css/images/ui-bg_gloss-wave_50_6eac2c_500x100.png,.png,5945,a973d47dae5297011bff89fa85bad15b79db6e1aceb39dac732388c0a251a4a4,CURRENT_SOURCE
index_archivos/libs/jqGrid/css/images/ui-bg_gloss-wave_75_2191c0_500x100.png,.png,6016,0bdbd4ac92492c6406e1472cd876205162fd4cb9a2257345b59a84074007ed0a,CURRENT_SOURCE
index_archivos/libs/jqGrid/css/images/ui-bg_inset-hard_100_fcfdfd_1x100.png,.png,331,c82b9eb82ee4bba7675d2fbc4f1305d635ac4ae015bcf9fcb96383cc0712befe,CURRENT_SOURCE
index_archivos/libs/jqGrid/css/images/ui-icons_0078ae_256x240.png,.png,4599,51f417232d60d3c83d125dd5547c7ef3efc12efd1465d70d755d19b5c5804013,CURRENT_SOURCE
index_archivos/libs/jqGrid/css/images/ui-icons_056b93_256x240.png,.png,4599,24c8827258d662df08eca84c4ee770cb46489fd8ef1e7ba55f582b718c86953b,CURRENT_SOURCE
index_archivos/libs/jqGrid/css/images/ui-icons_d8e7f3_256x240.png,.png,4599,c7cf20c83c3d87bb7df83d0f1d02677d731c6ca0ffe45a439fcbee5b81339a89,CURRENT_SOURCE
index_archivos/libs/jqGrid/css/images/ui-icons_e0fdff_256x240.png,.png,4599,d4d2cf71bd7f664aa518f1be536c5cf33c5293c5575bdc6ea96e7a7f89aff3b0,CURRENT_SOURCE
index_archivos/libs/jqGrid/css/images/ui-icons_f5e175_256x240.png,.png,4599,7642afefa4b1d8cca17c0c4698522f581c7f8580591ef83058b28c97599d925b,CURRENT_SOURCE
index_archivos/libs/jqGrid/css/images/ui-icons_f7a50d_256x240.png,.png,4599,4c1a04b9418e7a222fe1f978e7a4df0064e4e3951a3c5fc306481887f214fd80,CURRENT_SOURCE
index_archivos/libs/jqGrid/css/images/ui-icons_fcd113_256x240.png,.png,4599,53310aae02cf924e430c0c81c9256c5b19bb4811004bbef1f7cefd53cd35e0df,CURRENT_SOURCE
index_archivos/libs/jqGrid/css/jquery-ui-timepicker-addon.css,.css,580,9f046d6aa58517119fd6f15c419d5507c3e0e1e57106c1267b516face72426c5,CURRENT_SOURCE
index_archivos/libs/jqGrid/css/jquery-ui.css,.css,36472,317b083413255a69d60ef50deed04552fab4725eec10d8fe669652ce131adfca,CURRENT_SOURCE
index_archivos/libs/jqGrid/css/prettify.css,.css,741,54eceeab960ff499a6709be80045d6d68453e9500bfc6e9bb567a0673650ae21,CURRENT_SOURCE
index_archivos/libs/jqGrid/css/trirand/addons/ui.multiselect.css,.css,1915,3f7bf838e88fb9e4b0edae03d416781194dfc6309a78dabfdad162913470af6b,CURRENT_SOURCE
index_archivos/libs/jqGrid/css/trirand/ui-anim_basic_16x16_2.gif,.gif,1459,9a0ffce1687801edf1c2d453f8ca359655de6579774cc14827f3cdf95a51e159,CURRENT_SOURCE
index_archivos/libs/jqGrid/css/trirand/ui.jqgrid-bootstrap-ui.css,.css,692,70efac9b33f18bb08a72162ffc374fc74a98c0396b1cee4eb448529441ebea5e,CURRENT_SOURCE
index_archivos/libs/jqGrid/css/trirand/ui.jqgrid-bootstrap.css,.css,20540,ebb8443455b81f5ad749d30c58bdbf3b3eeba0299ea0c791d2871bc21fa67320,CURRENT_SOURCE
index_archivos/libs/jqGrid/css/trirand/ui.jqgrid-bootstrap4.css,.css,25089,fd453fdf69379ea9043d6c1b5c518456cf0e5fe998290a0b2cdf5e99206ee2a7,CURRENT_SOURCE
index_archivos/libs/jqGrid/css/trirand/ui.jqgrid-bootstrap5.css,.css,27817,5cada87db5838ed5698871abc07171a773ac8b614764db711769fbe175fe63e2,CURRENT_SOURCE
index_archivos/libs/jqGrid/css/trirand/ui.jqgrid.css,.css,20863,396d949ad9449d84039cae25c4652b06dfd775a37dca97d495bd1bc1771062f7,CURRENT_SOURCE
index_archivos/libs/jqGrid/css/ui.multiselect.css,.css,1915,3f7bf838e88fb9e4b0edae03d416781194dfc6309a78dabfdad162913470af6b,CURRENT_SOURCE
index_archivos/libs/jqGrid/js/bootstrap-datepicker.js,.js,56139,5369deac3728cd6aa51df04eeda2e4d0a50fd79eaec7705128dddb2b9060541d,CURRENT_SOURCE
index_archivos/libs/jqGrid/js/bootstrap-multiselect.js,.js,56035,562af92ba389cc041a091086f4708ee8ae87dcfa35321dd0443d246d8b9296f9,CURRENT_SOURCE
index_archivos/libs/jqGrid/js/bootstrap3-typeahead.js,.js,13372,62c0e164ec803aae3c25ebfe58379e0b8035d9f07892a7e0793e218ff3d54c5a,CURRENT_SOURCE
index_archivos/libs/jqGrid/js/codetabs-b.js,.js,3763,0553c21eebc9f318cf80f24e146d654bb64084fe0d5a88ffdb073bb09bbbd2a2,CURRENT_SOURCE
index_archivos/libs/jqGrid/js/codetabs.js,.js,3158,4f0a08b4e34e8da86e036235d648aa039c91ab8522ab048c50f30466454d14dc,CURRENT_SOURCE
index_archivos/libs/jqGrid/js/context-menu.js,.js,4441,bbc639f999aaf78ec5d33e40721cd07ec33b66bb5cfd3caaba9ae5806220ab46,CURRENT_SOURCE
index_archivos/libs/jqGrid/js/jquery-ui-timepicker-addon.js,.js,76979,15d4d9bd332d47a50599ad818e2d84a56b9e4d9fa071e636bf3aa9db4554ca20,CURRENT_SOURCE
index_archivos/libs/jqGrid/js/jquery-ui.min.js,.js,239576,b99cb3f5a0978988ae8d179c872a10ef306036cf74189a0cd6f7821e26b1df3c,CURRENT_SOURCE
index_archivos/libs/jqGrid/js/jquery.cookie.js,.js,1250,ceb76cdcbcaacda41a320d15f09c1ac94a6b5b5b30361e36064ae70970396d7e,CURRENT_SOURCE
index_archivos/libs/jqGrid/js/jquery.min.js,.js,84249,b2ce8462d173fc92b60f98701f45443710e423af1b11525a762008ff2c1a0204,CURRENT_SOURCE
index_archivos/libs/jqGrid/js/jquery.multiselect.js,.js,22984,7b4803da6c295effca7898dd8b4b07566232105d7071f8bdd0395c6c85ebf4f2,CURRENT_SOURCE
index_archivos/libs/jqGrid/js/prettify/lang-apollo.js,.js,990,d371a3cc80bfa79a584973d0286b401b6d723ec01fdb7e1beb2f9dcd6882af6a,CURRENT_SOURCE
index_archivos/libs/jqGrid/js/prettify/lang-basic.js,.js,519,9a4cb6091c6c9bcbc9f36bb9024f6369e4abfb897e176720b02ced239ded8356,CURRENT_SOURCE
index_archivos/libs/jqGrid/js/prettify/lang-clj.js,.js,1464,5ec77d63b1ca91386f1a09a52fcfb9b152c3e07430e5ac509474c54adfea50db,CURRENT_SOURCE
index_archivos/libs/jqGrid/js/prettify/lang-css.js,.js,870,43b636501b4a81cbd7a6a5a64be9fcfa35f7d5013418267471d79b2616606d75,CURRENT_SOURCE
index_archivos/libs/jqGrid/js/prettify/lang-dart.js,.js,950,be228e813ed7daeab05f40a42af86388429932c5b0acc735e3585b2dea602cc3,CURRENT_SOURCE
index_archivos/libs/jqGrid/js/prettify/lang-erlang.js,.js,585,16a1bc6079394d2c39b8eb241a28cacde45955711c7c8b8679bb8e88b13dfc67,CURRENT_SOURCE
index_archivos/libs/jqGrid/js/prettify/lang-go.js,.js,284,a33f3a38e8b022c93060f659a9687182126f0452debc5e700bedfb02b00d2ca5,CURRENT_SOURCE
index_archivos/libs/jqGrid/js/prettify/lang-hs.js,.js,581,33d02f894ed6900fc54a8e04c0f4194e38bc3afc550b303ee3b60a8ecf87b8d4,CURRENT_SOURCE
index_archivos/libs/jqGrid/js/prettify/lang-lisp.js,.js,777,9e3e5e10bc29b6f77866520cdba3782f96b26f422d5b68cffadba7aaca4d5244,CURRENT_SOURCE
index_archivos/libs/jqGrid/js/prettify/lang-llvm.js,.js,359,3899982e82a428258a45ac687ac4d2da72a597794566caf0207bfc3a12ce8573,CURRENT_SOURCE
index_archivos/libs/jqGrid/js/prettify/lang-lua.js,.js,555,4eaa3400a341400612c9877e5427fe821e33bce21de2618a3601b9be2a861df8,CURRENT_SOURCE
index_archivos/libs/jqGrid/js/prettify/lang-matlab.js,.js,19706,7479f363166acd86f5c2beb095b39583207788ca7fbdde0b645b692d2fc34e40,CURRENT_SOURCE
index_archivos/libs/jqGrid/js/prettify/lang-ml.js,.js,1108,d32f41c202d232907d1b8aaebef0dd127864eb0655eb4a012fc61c6ef0ed61f7,CURRENT_SOURCE
index_archivos/libs/jqGrid/js/prettify/lang-mumps.js,.js,889,9ea98573f9c15d993e75b5c54e9fe475c0615a4f77c97f3caa503ea731a1c546,CURRENT_SOURCE
index_archivos/libs/jqGrid/js/prettify/lang-n.js,.js,1406,f2d84b573329263c576cc62918c271f4643079157b56adba5e2a0ce4b5d72819,CURRENT_SOURCE
index_archivos/libs/jqGrid/js/prettify/lang-pascal.js,.js,716,5159de99bda7e24ddf2e21785cb282390487403f1653f02b777f26dfb561f855,CURRENT_SOURCE
index_archivos/libs/jqGrid/js/prettify/lang-proto.js,.js,303,13c746fabc1ab88c0eea2b211c6dc3c9719c2b67ccda0ed1598f3fb4ad7c65ca,CURRENT_SOURCE
index_archivos/libs/jqGrid/js/prettify/lang-r.js,.js,698,d877144b91606f6f0499b51c4dc346beb7d5332ce351f29504ae56691be95b1f,CURRENT_SOURCE
index_archivos/libs/jqGrid/js/prettify/lang-rd.js,.js,269,269274a2a598801a335d77918d81246b08b923371a645687565ad93ff57a1d13,CURRENT_SOURCE
index_archivos/libs/jqGrid/js/prettify/lang-scala.js,.js,918,5f2ba199c033541557de3b122afb268d4c33652489e23b8336d0a1e17aeb7288,CURRENT_SOURCE
index_archivos/libs/jqGrid/js/prettify/lang-sql.js,.js,1804,722a5b71b2ddd767aca2d46ac72fb0ad0f842b73db8de50b20d988fe1ad77b58,CURRENT_SOURCE
index_archivos/libs/jqGrid/js/prettify/lang-tcl.js,.js,638,f72c622848ecb1d4189c00210d97aa551ffd9d646ded5e6b2f35bd3d0ba7cc6f,CURRENT_SOURCE
index_archivos/libs/jqGrid/js/prettify/lang-tex.js,.js,287,04e0d743129811801348a24471b81ea03af9c3f4d7845516a9c83b704729253f,CURRENT_SOURCE
index_archivos/libs/jqGrid/js/prettify/lang-vb.js,.js,1793,44692011126aa3c5fa5701540edb5aed3d5be2b7613513f294a55ea6df5450db,CURRENT_SOURCE
index_archivos/libs/jqGrid/js/prettify/lang-vhdl.js,.js,1453,3f4f91039a38ede2b86a7ee3682625fd5382bc253439eb01ce087fe053d0da67,CURRENT_SOURCE
index_archivos/libs/jqGrid/js/prettify/lang-wiki.js,.js,546,437f7bf88ad74c31046306fc0427daa87577def044c41e150b1f0f9e640ddca8,CURRENT_SOURCE
index_archivos/libs/jqGrid/js/prettify/lang-xq.js,.js,23245,ca42f729860b87c06876a29a35bee8a5ab5cbd862ea3c042247535f07bb859ed,CURRENT_SOURCE
index_archivos/libs/jqGrid/js/prettify/lang-yaml.js,.js,414,d6a6a3003ed0454c9856cbe600ef13b5b0f060b6c3c6bee3e0f7fdcb4faf43fa,CURRENT_SOURCE
index_archivos/libs/jqGrid/js/prettify/prettify.js,.js,14581,16432af5d130db1efbf834932820f55e4c44e5def3cf109f806af900419592d2,CURRENT_SOURCE
index_archivos/libs/jqGrid/js/prettify/run_prettify.js,.js,16716,2667bdb79a61c43ce8e54e926eba71da70c258e744edbba5fa81a6ca0be342ef,CURRENT_SOURCE
index_archivos/libs/jqGrid/js/themeswitchertool.js,.js,105,ea2e9a54c6f985489bcafa1241fe57c8359bc6ead4e8e0398d43b91b25e8c5b7,CURRENT_SOURCE
index_archivos/libs/jqGrid/js/trirand/i18n/grid.locale-ar.js,.js,6769,a09f56d275cc202bc88be3105f08e7d5b1df0ee0e3abefa218af66743f7bc715,CURRENT_SOURCE
index_archivos/libs/jqGrid/js/trirand/i18n/grid.locale-bg.js,.js,7957,daf9ffc952c6eb90439c6874fcc83712ea878a5ddb0cdd9729d9f4d4f17f95d3,CURRENT_SOURCE
index_archivos/libs/jqGrid/js/trirand/i18n/grid.locale-ca.js,.js,6431,9ba6b86b87936f2e0a54e59abecfdea70054b0f82636c26920afb3daa8675994,CURRENT_SOURCE
index_archivos/libs/jqGrid/js/trirand/i18n/grid.locale-cn.js,.js,10001,d7c52bb001534f0bf5988ae1e1502c55b9f9f149a2bc1709b311ec416536d44d,CURRENT_SOURCE
index_archivos/libs/jqGrid/js/trirand/i18n/grid.locale-cs.js,.js,6465,c4c26ed4855400a570bfeaf92c55f1fcbc553b00f073b456c0fbfc9bd2fb63db,CURRENT_SOURCE
index_archivos/libs/jqGrid/js/trirand/i18n/grid.locale-de.js,.js,8944,102dd6562c5862999c287e53fae706c80aafaa91d44aaaaaa2ff76cc0bd98216,CURRENT_SOURCE
index_archivos/libs/jqGrid/js/trirand/i18n/grid.locale-dk.js,.js,6301,2708d9f07729262b014a2164085d27f38a66927cda9e3d03923540716b567896,CURRENT_SOURCE
index_archivos/libs/jqGrid/js/trirand/i18n/grid.locale-el.js,.js,7322,732139e2342ca0c5a327f88cbeee13e2f5c7c820a5312cd2f15dafb43c7ebcfc,CURRENT_SOURCE
index_archivos/libs/jqGrid/js/trirand/i18n/grid.locale-en.js,.js,8697,2c9565805975f4308d4c6488ef2847078a1955e670298ec0602550fad0b02d21,CURRENT_SOURCE
index_archivos/libs/jqGrid/js/trirand/i18n/grid.locale-es.js,.js,6972,3321574a1742961e691c62915f2557d8b5c7c4100b66af46e997680034040ce4,CURRENT_SOURCE
index_archivos/libs/jqGrid/js/trirand/i18n/grid.locale-fa.js,.js,8552,0c9abba4b5219e597fcbc1228af064622fe7ba56608cdb2d2ab8803a668f17af,CURRENT_SOURCE
index_archivos/libs/jqGrid/js/trirand/i18n/grid.locale-fi.js,.js,6623,2a250bd285309762d805480ee5c996575504c69863e7bdc8bbdd4436a9d7acc3,CURRENT_SOURCE
index_archivos/libs/jqGrid/js/trirand/i18n/grid.locale-fr.js,.js,6684,f7b9bb06100cf45dcc96ec6b111a9d9c05b972a702b07de626cef0ce31511c7d,CURRENT_SOURCE
index_archivos/libs/jqGrid/js/trirand/i18n/grid.locale-gl.js,.js,6581,c8afb48117d7730bfaf36eb50e6b942d58434fc05c2a727241a64ba8fe0aefef,CURRENT_SOURCE
index_archivos/libs/jqGrid/js/trirand/i18n/grid.locale-he.js,.js,7102,60498940e4a846250db0edf443ce0d9dc223d4fd367e8001a032bfb11938841c,CURRENT_SOURCE
index_archivos/libs/jqGrid/js/trirand/i18n/grid.locale-hr.js,.js,8248,c3af6ce83ae4bfac7ce8b248ed404027ffb7dda31455af6759c04fd4ae0e448b,CURRENT_SOURCE
index_archivos/libs/jqGrid/js/trirand/i18n/grid.locale-hu.js,.js,6303,a3c59cca339d053f2d6f44f020dbda1a52b2539f7dd6ac764a7f025f3bc7f0fa,CURRENT_SOURCE
index_archivos/libs/jqGrid/js/trirand/i18n/grid.locale-id.js,.js,8801,4f09c138446bfd1264e0e7b38e8d08a1241159f6c5f9e2db6fc965b4709b015c,CURRENT_SOURCE
index_archivos/libs/jqGrid/js/trirand/i18n/grid.locale-is.js,.js,6384,4f23c1ba9e3ce9417bbfd65f88803dfb70a583663dd05261cd3754fee12a7d17,CURRENT_SOURCE
index_archivos/libs/jqGrid/js/trirand/i18n/grid.locale-it.js,.js,6142,002aa40a73fc9e0a568bae25c7a89eaf60a3a1c075b1a878c897081139d823fd,CURRENT_SOURCE
index_archivos/libs/jqGrid/js/trirand/i18n/grid.locale-ja.js,.js,9633,cbc07db66522a60827b211d6ecf409370c5b881d7729c247da8bd4b620389c89,CURRENT_SOURCE
index_archivos/libs/jqGrid/js/trirand/i18n/grid.locale-kr.js,.js,6421,20335960cb4edd5435730ca0adf99ba84ce4b506ac00ad7e5fda006279c30f17,CURRENT_SOURCE
index_archivos/libs/jqGrid/js/trirand/i18n/grid.locale-lt.js,.js,6433,17e9c2f47932b69f62a677e5235317577bb1fc6b773985445c3d87a9d787a733,CURRENT_SOURCE
index_archivos/libs/jqGrid/js/trirand/i18n/grid.locale-me.js,.js,6276,915375958f83414acfb8d456a093e94582ceea3483b4d72d7c6150963be9ee2a,CURRENT_SOURCE
index_archivos/libs/jqGrid/js/trirand/i18n/grid.locale-nl.js,.js,7642,554f07acf8638fb3e5543242c20965e0c93fd9e6fd0ea5bf1b5c54f4ecd388cf,CURRENT_SOURCE
index_archivos/libs/jqGrid/js/trirand/i18n/grid.locale-no.js,.js,5374,f2b0308f732e5fdbd73c04dcb50d125ca77d7a3e7f3e17a57df9d935865bfcb4,CURRENT_SOURCE
index_archivos/libs/jqGrid/js/trirand/i18n/grid.locale-pl.js,.js,6491,d1828e742479aa0ee9a40fad6aa64b510f89904272ed96e9de4fb02c689e813b,CURRENT_SOURCE
index_archivos/libs/jqGrid/js/trirand/i18n/grid.locale-pt-br.js,.js,6826,688a76e0fa870015dede9477648ef22ed4b9c27797ce02b0081f4c7779bb1d12,CURRENT_SOURCE
index_archivos/libs/jqGrid/js/trirand/i18n/grid.locale-pt.js,.js,6459,49e77b9f349645153b4f9e2776ee57c2d2afe327cfbe578bef6e4d078e9986da,CURRENT_SOURCE
index_archivos/libs/jqGrid/js/trirand/i18n/grid.locale-ro.js,.js,7111,f9d17e4d828480956f979a51c6e4e61b3c41b42b036a6fcd5b7815ee9f42741d,CURRENT_SOURCE
index_archivos/libs/jqGrid/js/trirand/i18n/grid.locale-ru.js,.js,8375,f47d8aadcbfe39d2984df2b44337b61da10a408446552f647e0ed3b662c52e53,CURRENT_SOURCE
index_archivos/libs/jqGrid/js/trirand/i18n/grid.locale-sk.js,.js,6441,9ab4183b1a71329519ac813145291e5980f7e857cd7e8852f3f23ebc959eab3d,CURRENT_SOURCE
index_archivos/libs/jqGrid/js/trirand/i18n/grid.locale-sq.js,.js,8812,d548d06fafa847b878363a372bf4fcea1f7a5375bf28eca1bdeaa7ee7bbb6627,CURRENT_SOURCE
index_archivos/libs/jqGrid/js/trirand/i18n/grid.locale-sr-latin.js,.js,6255,7e2694b887de427d2f05589da3ce23823d1f12d87357650218e1d84e7059c470,CURRENT_SOURCE
index_archivos/libs/jqGrid/js/trirand/i18n/grid.locale-sr.js,.js,7186,84bdad2e5c8ba5aaa5382d2fe1157750bf5a598bf09a57280894c7bc1a4c449c,CURRENT_SOURCE
index_archivos/libs/jqGrid/js/trirand/i18n/grid.locale-sv.js,.js,6415,04d9c012bcfd9e06dcc994a67d34139f0385dbad9689e2a4dfa5fef7a078c67e,CURRENT_SOURCE
index_archivos/libs/jqGrid/js/trirand/i18n/grid.locale-th.js,.js,8269,bf0e3f6004b005827b1899ee196fdaecabfa7fa2bc0da5bd4fbb9fbe0c92f258,CURRENT_SOURCE
index_archivos/libs/jqGrid/js/trirand/i18n/grid.locale-tr.js,.js,6497,0c1f9b7a77b8d9d0ef26895978181e3d323a760f088eeec6c396dace2e3492b0,CURRENT_SOURCE
index_archivos/libs/jqGrid/js/trirand/i18n/grid.locale-tw.js,.js,6056,1df269a4d59909b46f9a564aa0d9e73502f2c5e181eac280554defc842a0e108,CURRENT_SOURCE
index_archivos/libs/jqGrid/js/trirand/i18n/grid.locale-ua.js,.js,5055,130dfb30a2b6ebfb45d0408e28b8c6dffbaaa465afff894701f8ea3f85021f59,CURRENT_SOURCE
index_archivos/libs/jqGrid/js/trirand/i18n/grid.locale-uk.js,.js,7606,782aa4e8a70a8a64c68d9ff355064982197362fdbb4504c65c4c4a7f1445dcb2,CURRENT_SOURCE
index_archivos/libs/jqGrid/js/trirand/i18n/grid.locale-vi.js,.js,9143,d0b14f83eea7f4446fc6361c818ca11bde1eca5ff21f39917f2d16d227aef07c,CURRENT_SOURCE
index_archivos/libs/jqGrid/js/trirand/jquery.jqGrid.min.js,.js,490274,feb472b04d22ec1d22cdf804770eaccba4777375bb2a1bfe94966f22dc1fab16,CURRENT_SOURCE
index_archivos/libs/jqGrid/js/trirand/src/jquery.jqGrid.js,.js,490274,feb472b04d22ec1d22cdf804770eaccba4777375bb2a1bfe94966f22dc1fab16,CURRENT_SOURCE
index_archivos/libs/jqGrid/js/ui.multiselect.js,.js,11779,418edb1bdf56ad88deb51405aa4864608bdb05fd0c89b32d9786409ed434aa32,CURRENT_SOURCE
index_archivos/libs/jquery.js,.js,88148,eb3d10b43a13f5df861d5decc64128ef70920f382f6332af11f672f80c416529,CURRENT_SOURCE
index_archivos/libs/js.php,.php,190,c05aa1b25639564b3f9cf46645d40d66914e5ed36e55af0325153577898f9125,CURRENT_SOURCE
index_archivos/libs/js/collect.min.js,.js,52726,2f54d43d7cc186c133bf677cc28a8aa52924144e3098fa1ec289db46173c1bef,CURRENT_SOURCE
index_archivos/libs/js/loadingoverlay.js,.js,12055,8c1ae83906dad09b9830724e18d763e223c1338fc24c815ce5b48c90ffbd21a8,CURRENT_SOURCE
index_archivos/libs/logistica.js,.js,6713,7f56ffe46ba7733ea6bf397f03a13dfccd7f6945aac87126810ec319a4d83bd3,CURRENT_SOURCE
index_archivos/libs/modulos/config.php,.php,680,18b46087aedb304c4ff77350b73e5331aa931f49e20723a3a8d2d31dfbd440a6,CURRENT_SOURCE
index_archivos/libs/modulos/libs/Correo.class.php,.php,6178,622511e60f8babc4d56cb8fb623866029be474f3fb79e860dfd8c11fd2d4f076,CURRENT_SOURCE
index_archivos/libs/modulos/libs/MonedaLiteral.class.php,.php,6842,0c36ec6547397676ac160ca5f56570a1f9ba4cb0ced67345ce76792c4d2709ed,CURRENT_SOURCE
index_archivos/libs/modulos/libs/PDO.Iterator.class.php,.php,990,a6f25a64bf5d6e1f9e35fd66e4acdf3c59a7717ba0424c8cbc4071edc51ad3df,CURRENT_SOURCE
index_archivos/libs/modulos/libs/PDO.Log.class.php,.php,1186,d44ef05741a619f7ba37806209d46f1567dc598be6cc8039dfdf614cee4eef9b,CURRENT_SOURCE
index_archivos/libs/modulos/libs/PDO.class.php,.php,10176,12a864bff120b9d7949c85be417039611a372c1c8ffb337472b8ab777f9642c2,CURRENT_SOURCE
index_archivos/libs/modulos/libs/logs/2020-02-10-dd7154667e557a6a4d56b53c769607d7.txt,.txt,1426,ad4e7dadfe86fbdc261ff087b3a1c2fa2a7546b615acbc7cfd67ce2f058c7e00,CURRENT_SOURCE
index_archivos/libs/modulos/libs/logs/2020-02-11-e577d59c6035d3b5bf72eca3ab535d5e.txt,.txt,5824,18117b77c8e51ff9a9be10e38be096f77fbf7f6ffc45d129b5c9c73f469ecba5,CURRENT_SOURCE
index_archivos/libs/moment.min.js,.js,58863,602eb5c4c25c5a06b0fa60cbe793ae493f132f8d82304505365cd008cc55d77b,CURRENT_SOURCE
index_archivos/libs/pdo/PDO.Iterator.class.php,.php,988,272248b60678c5a80eddfde6ae61728437e8bc74666db8a657e47a7570e2f460,CURRENT_SOURCE
index_archivos/libs/pdo/PDO.Log.class.php,.php,1184,3582d5c15fa8dd2e583ec6dca896a63a1c6ff77d7832a6fe74d19f4cdda67ed5,CURRENT_SOURCE
index_archivos/libs/pdo/PDO.class.php,.php,10198,a1dbfb0905674f13d589ad862a180bd859681eb73a906e69ad7dc359d4054b82,CURRENT_SOURCE
index_archivos/libs/pdo/logs/2020-02-14-9afd24370d2b91339ebd660e8fed4608.txt,.txt,70,ba644005f6429b3b74d134560f07cc14f9fc7a70c18d7f8842038a910fcc4c44,CURRENT_SOURCE
index_archivos/libs/php/arraycolumn/array_column.php,.php,4222,bb758637b79f6db33be60b8aca7824254961ae7d6ea10cbad1b6175f0ef22618,CURRENT_SOURCE
index_archivos/libs/phpmailer/Exception.php,.php,1253,0c3b2f86b1e758435e37aa9b8906fa4f8854fbf9c81ebdd934407e85cf641dba,CURRENT_SOURCE
index_archivos/libs/phpmailer/OAuth.php,.php,3882,23f47d66fa6b7fc7e3322bdaae76f61e7ff7afb3eeb4ace697c5e43d4c4c109d,CURRENT_SOURCE
index_archivos/libs/phpmailer/PHPMailer.php,.php,163499,9489ce919e675caa0ae642ebe6222ead17e0c9ee3d8a7001a0d2e338b44f428a,CURRENT_SOURCE
index_archivos/libs/phpmailer/POP3.php,.php,11450,04deb3a2bd10a9e78efdd0ed1ee9749219e1949033dfb6266381b9fba504a9bc,CURRENT_SOURCE
index_archivos/libs/phpmailer/SMTP.php,.php,44959,c3ada1772e9cdec458be35d9248f44a7610fe273cd3771bc8efc9850b26acda9,CURRENT_SOURCE
index_archivos/libs/reportelibs.php,.php,1689,1c9914e8bc4cf39a04e31f581ca1653c15a15f4876f6caf0314f227e852cf594,CURRENT_SOURCE
index_archivos/libs/reportelibs_bs2.php,.php,972,038683bfb8964ca4c4bb3d2e495a86d01b225dcf701450463ec523f03a95606d,CURRENT_SOURCE
index_archivos/libs/select2/css/select2-bootstrap4.css,.css,5493,5068c53711e4e5fb18a6630baaac25fde329b27d84064684b32c7c536357d610,CURRENT_SOURCE
index_archivos/libs/select2/css/select2-bootstrap4.min.css,.css,4564,0f3bdae86f42de14901469b1356cf4017e148f199520d7244252610d86d4388e,CURRENT_SOURCE
index_archivos/libs/select2/css/select2.css,.css,17839,2de24926fbdb031853645d19afe832a4865351231d4e66805d90c6c075e8ff37,CURRENT_SOURCE
index_archivos/libs/select2/css/select2.min.css,.css,14967,c2a282dd6dac10a3fbf469b4e67f489608777854e6d157bf11233dfbaa16851e,CURRENT_SOURCE
index_archivos/libs/select2/js/i18n/af.js,.js,867,29115274b118f5af87543efd91affb3462a9b43405a8540e71aa114b5a43acd6,CURRENT_SOURCE
index_archivos/libs/select2/js/i18n/ar.js,.js,906,d79b235ac9c66650ed2e14f34299d3a4becaa898202f88956ccb944b655a7d51,CURRENT_SOURCE
index_archivos/libs/select2/js/i18n/az.js,.js,722,ac66dc2a0960dbf770e0ecf1ee5aefb570ec2dffb3db6fbacd8f3c51a6ab0c80,CURRENT_SOURCE
index_archivos/libs/select2/js/i18n/bg.js,.js,969,aa8f9e8b605dfdb52d164c4ac6dcd6f37a894b7b084b2d6d9448c79d56fd5e77,CURRENT_SOURCE
index_archivos/libs/select2/js/i18n/bn.js,.js,1292,90eca46045647a6ab845b5be2571a877c4128176255c809de809d16581595efc,CURRENT_SOURCE
index_archivos/libs/select2/js/i18n/bs.js,.js,966,9a52b00195bb1eea490dd21340c8bfc61e00de5337a73fd176b681bfcd4da7da,CURRENT_SOURCE
index_archivos/libs/select2/js/i18n/ca.js,.js,901,46901cbf4cea7b2db3a17c5b5f41c8cca6d937553be49e2cad26d21391434ccd,CURRENT_SOURCE
index_archivos/libs/select2/js/i18n/cs.js,.js,1293,88e977f69477f1355510179d3a6a141e2639e451dcffddaa5fd9420787899f44,CURRENT_SOURCE
index_archivos/libs/select2/js/i18n/da.js,.js,829,6740c7c8021d433a1dada62df7a05c005ddc00c59da5a12480688475c0bf87e8,CURRENT_SOURCE
index_archivos/libs/select2/js/i18n/de.js,.js,878,2c9daded6e7a91588e9fef2107b46b0b42aa4e12aee64a8622280721433f97fa,CURRENT_SOURCE
index_archivos/libs/select2/js/i18n/dsb.js,.js,1018,0097b2be20e9fe103ad2aa53373c4472c2498fce19327dda2e8b51a8a09d6033,CURRENT_SOURCE
index_archivos/libs/select2/js/i18n/el.js,.js,1183,a8b60525797f87796a3034fc37add8256cd4d343bae65bc1968d0efe86eae674,CURRENT_SOURCE
index_archivos/libs/select2/js/i18n/en.js,.js,845,7171cca11b5fbd307cacc0f7f79a0a5ae620ea908611fa6394b652d1c7195fac,CURRENT_SOURCE
index_archivos/libs/select2/js/i18n/es.js,.js,923,1b7d47277068cd920a40b5467c135e9ce1c5fde154219e08dee6fabd78dafcbf,CURRENT_SOURCE
index_archivos/libs/select2/js/i18n/et.js,.js,802,b7be06d069cd8c45ba1e4f85d7b05e9e2e0e19a086cc2196f132e095a4a8e614,CURRENT_SOURCE
index_archivos/libs/select2/js/i18n/eu.js,.js,869,d9edd644894f0712d125a4ad372239e08e921e1b0b8141778c80aabd6d74116a,CURRENT_SOURCE
index_archivos/libs/select2/js/i18n/fa.js,.js,1024,ed9d415bf59fe55a4f607c403f90b3a609a44bccbc5e87b951f9c1c1553dc750,CURRENT_SOURCE
index_archivos/libs/select2/js/i18n/fi.js,.js,804,0a6c1892bbcd8da127e465b1a5054d987ee9ecc90b03017e9160c9ed9b44d687,CURRENT_SOURCE
index_archivos/libs/select2/js/i18n/fr.js,.js,925,af153cd8ba57de38a3c840deaaf7af2e2c24f4387e521d74578b7a6d5d95559a,CURRENT_SOURCE
index_archivos/libs/select2/js/i18n/gl.js,.js,925,35d273137a477bcd1c828743895de1e89e5f3cf3e6678247f78a669fc4d674d1,CURRENT_SOURCE
index_archivos/libs/select2/js/i18n/he.js,.js,985,4a9464f8e433ca80031d69b824e8d6ea055027c06a7d6155447005505e3e1487,CURRENT_SOURCE
index_archivos/libs/select2/js/i18n/hi.js,.js,1176,d9c415fceac0f20202753da13aa0d62835033733a24ec05b8e8a5a75a15ea7f9,CURRENT_SOURCE
index_archivos/libs/select2/js/i18n/hr.js,.js,853,70678f6e3514fd33168e2de2f1f8681f40930b253cc622d5f0a8997568c5d3c3,CURRENT_SOURCE
index_archivos/libs/select2/js/i18n/hsb.js,.js,1019,b50af3828f6b3899ff62a1674a27d775803bea6f87025bd3f3714b34ffa8ecb1,CURRENT_SOURCE
index_archivos/libs/select2/js/i18n/hu.js,.js,832,002e7841d00034ab49f8a5dc55b00ff75f6b278f1894568a10a8228f8b4a57e5,CURRENT_SOURCE
index_archivos/libs/select2/js/i18n/hy.js,.js,1029,66be1ec35346e82c2a4978bcd38c11175c7e89a0afaecaf535e2ce286f804341,CURRENT_SOURCE
index_archivos/libs/select2/js/i18n/id.js,.js,769,bc449b9100ab74d8794d45a789183c3b0de5421c4236419643eea855c5f2a3c3,CURRENT_SOURCE
index_archivos/libs/select2/js/i18n/is.js,.js,808,58be0914faefcf2aebb2767f210d20ab94404eb823de82d34c3fef87ce7b0ad1,CURRENT_SOURCE
index_archivos/libs/select2/js/i18n/it.js,.js,898,5d2e80d79a8bc7fc396a464d9aead5f77faf042c241e7a6ce0d353377105eed9,CURRENT_SOURCE
index_archivos/libs/select2/js/i18n/ja.js,.js,863,d35cb75196e4ef293b986b3042861faf1d38217a1b848327cc63c9a914b1cf16,CURRENT_SOURCE
index_archivos/libs/select2/js/i18n/ka.js,.js,1196,42cdc6c2a1bd44c3aa52ee08b4f9547e2745b7b0d378de8103eade395f3ed71f,CURRENT_SOURCE
index_archivos/libs/select2/js/i18n/km.js,.js,1089,d98d0ad59e40f79ff4ec246efcea43c9db23d5c53f700d0a4ac1d3dfb8e51700,CURRENT_SOURCE
index_archivos/libs/select2/js/i18n/ko.js,.js,856,36d3dbe9c374dc2fe7641f3cb3e45c41fe7a60847e261b76c2aa2df163d4d42a,CURRENT_SOURCE
index_archivos/libs/select2/js/i18n/lt.js,.js,945,6ae699593e9507c1d77caeb089303bc63bbd975aed574d214775a57e8949192d,CURRENT_SOURCE
index_archivos/libs/select2/js/i18n/lv.js,.js,901,45c28a895a4d42648f9046fda30f24e6203844d4f9defb6a2e15d5cfa98c0928,CURRENT_SOURCE
index_archivos/libs/select2/js/i18n/mk.js,.js,1039,d72f8dcc43dd1f1df68bc704f8110c17f9ae8ebd194c56324284b060b4413b40,CURRENT_SOURCE
index_archivos/libs/select2/js/i18n/ms.js,.js,812,51c12d28ddfc40589529b96ce4b16abc0c7520f251b8b2ed868f111d99163882,CURRENT_SOURCE
index_archivos/libs/select2/js/i18n/nb.js,.js,779,457909ac776f8465feada89566d0ebfa25da9b8f9fd771bcaead2906af3ae20e,CURRENT_SOURCE
index_archivos/libs/select2/js/i18n/ne.js,.js,1358,8e0f254d2b85c8f06978a6d28d2f425357bb734770b00bdb2e33898f486598a2,CURRENT_SOURCE
index_archivos/libs/select2/js/i18n/nl.js,.js,905,1a54c3f852908650f9dd43fa7810aef7379c50cf26e5964e3d5b2626fbd50cfc,CURRENT_SOURCE
index_archivos/libs/select2/js/i18n/pl.js,.js,948,4d0ed4d78cb8e308c436d75f4c2982f1bb0ebd12ed894d30c1743552e5b90958,CURRENT_SOURCE
index_archivos/libs/select2/js/i18n/ps.js,.js,1050,7f16524f8fa7e835921356a6db0f157156f05c80ba2c72f35ab19a608d538684,CURRENT_SOURCE
index_archivos/libs/select2/js/i18n/pt-BR.js,.js,877,c4d7534c50983d72cf0518d1a50a827edd5678f1e8f66adc3035dec68ba64e4a,CURRENT_SOURCE
index_archivos/libs/select2/js/i18n/pt.js,.js,879,514cfca68e6033cac2641d296dbf0d36a307cb65f721323117523505e5a0bbf4,CURRENT_SOURCE
index_archivos/libs/select2/js/i18n/ro.js,.js,939,f519e3247e3ef08198cf664a56f4e4a2f63b1ae7bfe10b0f9d6ae326ad98c0c3,CURRENT_SOURCE
index_archivos/libs/select2/js/i18n/ru.js,.js,1172,1a0530a813e7aeadbb191cf6abd6783f11afec93dad5347510a9276715468371,CURRENT_SOURCE
index_archivos/libs/select2/js/i18n/sk.js,.js,1307,3199d6be50f5f175b1e93a4f90fec640e80828157278978556dbaf55eabd5bef,CURRENT_SOURCE
index_archivos/libs/select2/js/i18n/sl.js,.js,926,98d85d5cb5d94c7328deb8a44610df70e3b8e7681f137d1d5dcaf2d35185bfdb,CURRENT_SOURCE
index_archivos/libs/select2/js/i18n/sq.js,.js,904,6dedbce0bda66eb211aff213be10077b4654190962762ae072059180db37e276,CURRENT_SOURCE
index_archivos/libs/select2/js/i18n/sr-Cyrl.js,.js,1110,16fd551be1c1b02c79691541c665c0397192d94c32d049cb3a6452a5c14c6a41,CURRENT_SOURCE
index_archivos/libs/select2/js/i18n/sr.js,.js,981,b2d8a47b37080d9ffa502f993017e3643bb976b3698c07ffe6232aaf99d84693,CURRENT_SOURCE
index_archivos/libs/select2/js/i18n/sv.js,.js,787,d045ec1b79e1ba7a61d0f504971a1e5c948956e398b202d76818e0e5c3f1351a,CURRENT_SOURCE
index_archivos/libs/select2/js/i18n/th.js,.js,1075,b0cbcee10f90993a4d878dc3953331b6d020c8908e0bd288cd7523913695a6e0,CURRENT_SOURCE
index_archivos/libs/select2/js/i18n/tk.js,.js,772,b08bb81930b118940eb101d08185f2c3564ca04fea61fac3e8f5eee497cd769c,CURRENT_SOURCE
index_archivos/libs/select2/js/i18n/tr.js,.js,776,14cf996cd860d29e8412b9795b0163a8162c0d1d0bd506161a5339876c83f323,CURRENT_SOURCE
index_archivos/libs/select2/js/i18n/uk.js,.js,1157,aba7882db7efda0db7a8916ec3302777373c81365c1ebfe86ca15801fd0552d8,CURRENT_SOURCE
index_archivos/libs/select2/js/i18n/vi.js,.js,797,867229fde3ba0cb452e2660ac26c9919d82ca93ae5d1d9b508f90b188255dd82,CURRENT_SOURCE
index_archivos/libs/select2/js/i18n/zh-CN.js,.js,769,1df32f46cf9c4b4bb64935aa657eafbfcb16cc9b668a6268958d0bddb61c1f6b,CURRENT_SOURCE
index_archivos/libs/select2/js/i18n/zh-TW.js,.js,708,da8d8d4e4b13efba3e791cb44edf78696737a3432522cd8bdb840d0140fb99c1,CURRENT_SOURCE
index_archivos/libs/select2/js/select2.full.js,.js,177895,ac965c55d3e7ee9f77f04da0fd5cf0f1d057d5c6fa6b512f57694ed9d41e4e92,CURRENT_SOURCE
index_archivos/libs/select2/js/select2.full.min.js,.js,78374,7345c33e14a9c1de7193d6c4ac9b161af27bd3678f1b2ff2f5120c5a3d05517e,CURRENT_SOURCE
index_archivos/libs/select2/js/select2.js,.js,157257,ae3d29b2b0184e88a600a17993f97a4ebbe0d8b4bfed2e4508315ba21156cef8,CURRENT_SOURCE
index_archivos/libs/select2/js/select2.min.js,.js,70104,2751d9469d9c1a6e5b679e53e5ff594efa084ca02c4afc942bacbaf4cfc94d5c,CURRENT_SOURCE
index_archivos/libs/select2/js/select2.multi-checkboxes.js,.js,2665,255cb3dda5863477b98aa4c0728f7c1027c2e020b141360c8605a0f23ac4e17e,CURRENT_SOURCE
index_archivos/libs/style.css,.css,12684,4960f383cafc33aabe82201ac8f3f182f23475539053f2c95cf921a78faa853b,CURRENT_SOURCE
index_archivos/libs/sweetalertjs.js,.js,40810,16ff8d193e93880ddf262b8db94977c92f5d0301a070ddeb0bcbf68a8b834c89,CURRENT_SOURCE
index_archivos/lineas.php,.php,626,f97e5bdfb46064b7086b30e97be4a5e104e53f601d825002d5ba7c50c5af1f30,CURRENT_SOURCE
index_archivos/login.php,.php,6308,e4e8fac4e1179d67095ba7e27c91f239e25756337128ae04b28b8dd6f207c116,CURRENT_SOURCE
index_archivos/logis_estados.php,.php,671,24538978c109187c6fc623a373bae0d6377d398d5263d08cf8a4bdede820ee86,CURRENT_SOURCE
index_archivos/logistica/CostosClass.php,.php,44611,ea79ca467e29753611153d9cf382c169c3c9c6477db38cb5023e7e570ce2ecc8,CURRENT_SOURCE
index_archivos/logistica/CotizacionClass.php,.php,78222,b9177339d15965ca3c9035aeb1b04b5dfa9611fbdcb69a2a741cc15b403f7e52,CURRENT_SOURCE
index_archivos/logistica/DemisClass.php,.php,31673,c8432b3490dbc84f04ffc2bfc7f4fdf06f0b9accadf20cb725adf07b31dc1b69,CURRENT_SOURCE
index_archivos/logistica/EmbarqueClass.php,.php,83699,cf960f93d972412537d0adb8e467cbd489c11d9aa42d02b494e10b47f9deadf9,CURRENT_SOURCE
index_archivos/logistica/IntercambioDocumentalEditClass.php,.php,6651,29bf032027b21ec04071c115ac0f8226ee17ebbfb288ff5288330d7ca79e9cf5,CURRENT_SOURCE
index_archivos/logistica/SolicitudesClass.php,.php,79165,fcc8806134ca6db783e6cf81f60ebc7bfb61732cbd9b5002d9799f11d3ed1845,CURRENT_SOURCE
index_archivos/logistica/ViajesClass.php,.php,12649,583dbf798b1ab09aab1d1a6a434e2012ab068bc4d884860c445b3ecaf91dba03,CURRENT_SOURCE
index_archivos/logistica/ajax/actualizaridexchange.php,.php,3998,4e0af4683d72dbca77f5193593160542ced356541f2a1889a1692a6cd7b325cd,CURRENT_SOURCE
index_archivos/logistica/ajax/asignar-viaje-embarque.php,.php,276,a3bc366b40b50ffcc7a9facc1c68dca7e56680779f4cf0c28afb0f11da2234bc,CURRENT_SOURCE
index_archivos/logistica/ajax/carga-documentos-id.php,.php,4218,74737cdeb2ac52306b371f64c4f8a651d4e93c106e037e9ef153f7034339701c,CURRENT_SOURCE
index_archivos/logistica/ajax/cargaExcelNotificacion.php,.php,1902,098449c98ad2e0b7940ee5cafc1ca4943e3a0019ed0556e9bacb6357614ee913,CURRENT_SOURCE
index_archivos/logistica/ajax/demis/aceptarDemis.php,.php,486,c444cb04f4b65db0e59f1e3277a227ef5988832b097ac45c6c7b84b48a2714e3,CURRENT_SOURCE
index_archivos/logistica/ajax/demis/finalizarRevision.php,.php,3257,e5d8774b49a88f77cd5ac2c7e399ab8361cd7df7044e8a512eb58a8b78ffc475,CURRENT_SOURCE
index_archivos/logistica/ajax/demis/rechazarDemis.php,.php,486,648760a7688f72e1262872d3662b2045dce8e50aa13ea1be86a7d6cdf79f9e2c,CURRENT_SOURCE
index_archivos/logistica/ajax/demis/verificarCarpeta.php,.php,891,1862e346f079b982f320cde16523905297f9cb18f2c7fe22840f2341a282cf1e,CURRENT_SOURCE
index_archivos/logistica/ajax/downloadDocumentos.php,.php,10790,1026d24a17c7d74a7865a5f7806d6a9f76114938f41a2eb7295df946288acd75,CURRENT_SOURCE
index_archivos/logistica/ajax/duplicarCotizacion.php,.php,8269,4c40f9312a18afc59993276b9e5acb0e99b540b64890a813082733f96e676ec3,CURRENT_SOURCE
index_archivos/logistica/ajax/duplicarEmbarque.php,.php,9213,9c4453229d91f92ba6e8ce7ee39923275ceb3c2fed1865786ffa427c39944bca,CURRENT_SOURCE
index_archivos/logistica/ajax/eliminar-ruta.php,.php,205,1db07b0e69fb76c140f7ef11b3ca13554fd69a3c0593dc1836c355386fa4fd31,CURRENT_SOURCE
index_archivos/logistica/ajax/eliminarviaje.php,.php,202,bd36c994e6d53d939f17ad3099d8a1985a7016ad430272aee0bf47e0612e54b2,CURRENT_SOURCE
index_archivos/logistica/ajax/embarqueNotificacion.php,.php,1970,a8fd921bdff5394b2ff15ea0857b62407801e82e940f3876a927a6359873d6de,CURRENT_SOURCE
index_archivos/logistica/ajax/enviarSolicitudExterna.php,.php,455,a7f07b6e8c95a98d97cdee5c9434d8e82f41f4784689fe854d5c49e93fa3181a,CURRENT_SOURCE
index_archivos/logistica/ajax/estado-pedidos/eliminar.php,.php,226,e8d7961c4265f0a585fa8c6e24643e7437c78f4794f5a65924a15cb1d7c8bbd1,CURRENT_SOURCE
index_archivos/logistica/ajax/estado-pedidos/get-estado-pedidos.php,.php,267,a6ee26c55873e6b863b06855dd1977220c0b958002b4dc2930189579ecc49125,CURRENT_SOURCE
index_archivos/logistica/ajax/estado-pedidos/get-estados.php,.php,209,9e6f6babc61614e1a518bc3f37ac9239bc1a4ffbc7ff83d498eeba648b63c7ec,CURRENT_SOURCE
index_archivos/logistica/ajax/estado-pedidos/guardar-edp.php,.php,279,ead86be711ddd95a80759e42922a3d85f09274127ce4ddfa79b378e6b3c65f05,CURRENT_SOURCE
index_archivos/logistica/ajax/exportarListaEmpaque.php,.php,1024,ba106bac77669d02a2e95ca777d2e43f7c241441524624be5dc3252cf64d964c,CURRENT_SOURCE
index_archivos/logistica/ajax/fechaPickupNotificacion.php,.php,1874,3d98684202286a3a90f347a03b3312b69ed92eb3e382b9be1ce97366a889c351,CURRENT_SOURCE
index_archivos/logistica/ajax/finalizar-embarque.php,.php,5536,ae952cc77082677dee444aabdcf77756eb94df365d49e25c7844ceaacc6d0ad3,CURRENT_SOURCE
index_archivos/logistica/ajax/get-categorias.php,.php,170,83d61b161f750a7ec606567fe62689fb8bb73cc5c3b5f3d34a0a82cdfc23f31f,CURRENT_SOURCE
index_archivos/logistica/ajax/get-conceptos.php,.php,187,a55fa3b4b2a88892803b90720fe4777a1500baa778391f9add4c7a89f19c1874,CURRENT_SOURCE
index_archivos/logistica/ajax/get-costos.php,.php,177,f608bd41a505e290be3dcb9c4e1ea9d8abea883947ad08f48e4df8c351e5383d,CURRENT_SOURCE
index_archivos/logistica/ajax/get-monedas.php,.php,169,f9b91a67afdb7b6de47186cd81126043e0c55674c945c6afbd9986ffc9a06097,CURRENT_SOURCE
index_archivos/logistica/ajax/get-ocr-alicorp-masivo.php,.php,31093,36461ad0cfc15d85795dd395283a12dea044316d126c9e82407b20819f0ef2d0,CURRENT_SOURCE
index_archivos/logistica/ajax/get-ocr-alicorp.php,.php,336,f5b00aab6f90712c89cb01e3f7662e1e5dfc51c19707ae7bc1bc7827f58a5e79,CURRENT_SOURCE
index_archivos/logistica/ajax/get-tiempos-teoricos.php,.php,512,b301da4698c4bd55335f5be1488ae7222e92ae4e7ab468b32ca25fa755746b3d,CURRENT_SOURCE
index_archivos/logistica/ajax/get-viajes-para-recuperar.php,.php,186,c91c8280a6549c503ca6fa71bf5a8e6080e9278d5f2e0b7794661110cca6bb6b,CURRENT_SOURCE
index_archivos/logistica/ajax/getContactosInHouse.php,.php,547,f14e3cfb367ac9988c874fbd61d3684ba1a7b3a5e2d93cf22a517d543db02111,CURRENT_SOURCE
index_archivos/logistica/ajax/guardar-costos.php,.php,266,8306e42caac9dcbf4306e50f5218037261e2bfa6317d36484cea40972466803c,CURRENT_SOURCE
index_archivos/logistica/ajax/guardarCostos.php,.php,650,789349d312d6371e46baa089f28e35b39fc5c683cc6faf5a45b739f26d557ebc,CURRENT_SOURCE
index_archivos/logistica/ajax/guardarGestionAduanera.php,.php,8524,d981ec7982c09139e5e4fd1d94ecc475e5608c0dc4b9a747e71969436876e00f,CURRENT_SOURCE
index_archivos/logistica/ajax/guardarRuta.php,.php,2194,97075b37d0dd2e3e4676b83c84b98c2c7efd67ddcca51f46b95f398d4737c681,CURRENT_SOURCE
index_archivos/logistica/ajax/idCliente.php,.php,207,c1890047361670e7b1e275f3e27813e2e7ce1fa496c2ead18b3e7febacad4af5,CURRENT_SOURCE
index_archivos/logistica/ajax/listaAerolineas.php,.php,608,b259136303ee765fd9c906fa721d4f626f301e42ceb1abc8ae824ac16865baef,CURRENT_SOURCE
index_archivos/logistica/ajax/listaEmbarques.php,.php,14169,60f12084a45ac18aa14a13642233343fe669f338a07625cf58223a0c6983ce88,CURRENT_SOURCE
index_archivos/logistica/ajax/listaModalidadTransporte.php,.php,223,0776941ef0b747ef793ceea9982f47864fffb5a824daba9a87f00d9dc53a9b44,CURRENT_SOURCE
index_archivos/logistica/ajax/listaOperadores.php,.php,274,99f160f31c695d4d2aa78546a8f88430a8d093ef3b670ca96b5e441e3d54008e,CURRENT_SOURCE
index_archivos/logistica/ajax/listaPais.php,.php,3213,03332e643d74370b21765ad2ef82e81be1b027219f648ca4cffd4c9ec27efcbd,CURRENT_SOURCE
index_archivos/logistica/ajax/listaProveedores.php,.php,247,ae2d484407c7f5f4f8a76c0f5365626c4e60930b8f544bbe0bf9dffbead3f0e4,CURRENT_SOURCE
index_archivos/logistica/ajax/listaRutas.php,.php,3500,aeefa59ff3bd7d7131153a2309f7f640d47b63a6b67099b9f16c461503e91326,CURRENT_SOURCE
index_archivos/logistica/ajax/listaTipoMercancia.php,.php,1274,adb818f1e30460957492eb73481bbedd8271a17801b56a65d6f78def2e3a561b,CURRENT_SOURCE
index_archivos/logistica/ajax/nuevaSolicitudNotificacion.php,.php,1478,17c545be29eac50d04e87c73c54f6c912228dd62011378f87de29025d5619bcc,CURRENT_SOURCE
index_archivos/logistica/ajax/saveDescripcionItems.php,.php,303,c4fc928f72092567fb7c66e7f841501cf05e79a700e33497f6a09b5d97ff2e6e,CURRENT_SOURCE
index_archivos/logistica/ajax/subirArchivos.php,.php,349,67a9d38a1302e1023991838334ece8cd40c74a0b3bbcffeb853d5849da176872,CURRENT_SOURCE
index_archivos/logistica/ajax/uploadExcelCargaMasiva.php,.php,5961,0e6b8438563761b1833f8bcf822b991e88a2278abf78a2ff7a88bab09b13be41,CURRENT_SOURCE
index_archivos/logistica/ajax/uploadExcelListaEmpaque.php,.php,12503,a1b4041466b099df2d8e360d6217473fa84508230f97f962638db36747d3156f,CURRENT_SOURCE
index_archivos/logistica/ajax/vehiculos/actualizarDatosVehiculos.php,.php,580,8f984ac2379e564b70bf6110ea0b1286c355999486a7f4b1bdfa8edacadf0a97,CURRENT_SOURCE
index_archivos/logistica/ajax/vehiculos/historialModificaciones.php,.php,2555,22fa9e78db6ccfa3c579b37a471e218429d7d6517dc61b3134e82871ca80846c,CURRENT_SOURCE
index_archivos/logistica/ajax/vehiculos/uploadExcelSolicitud.php,.php,6262,4ed0b167f30a9456c1aec87fa64e56b01be37a5e8ac5bb4570b40a1354708975,CURRENT_SOURCE
index_archivos/logistica/ajax/vehiculos/valida-unidades.php,.php,439,39450f95615b7fe32d666e455afaaf5c6fb8eb3536ce1df11e988cd724d610d8,CURRENT_SOURCE
index_archivos/logistica/basededatos.sql,.sql,4680,7656160fbdfedefa857c5079d3335f16c8722184a26d208bcee3154933aa3e40,CURRENT_SOURCE
index_archivos/logistica/componentes/ActualizarFechas.xlsx,.xlsx,12076,ab908a1b88a4128f971abfe603bdb5a5d324e37a63b50f013a0d3e42a1a5597d,CURRENT_SOURCE
index_archivos/logistica/componentes/costos/card-component.js,.js,8620,08388c9770e3ab99c20c4eee9b76aa925c9651b9476caee4f97556dcb235f431,CURRENT_SOURCE
index_archivos/logistica/componentes/costos/costos.js,.js,10345,33ee401473e87c3bbdda40b45bad6d6760555cc73f6013d57d9318e96f98330f,CURRENT_SOURCE
index_archivos/logistica/componentes/costos/cotizaciones-previas.js,.js,1203,ca4785d281b25a4daf0c41e8bac8f77811eafa250277a8b092360fcb20ce4348,CURRENT_SOURCE
index_archivos/logistica/componentes/cotizaciones/internacional/aereo.php,.php,8622,e4670cc11641d61bce17d5927a5fec6ff91c8c59e2ddd1fc4ade0e7d550684e8,CURRENT_SOURCE
index_archivos/logistica/componentes/cotizaciones/internacional/ferreo.php,.php,7747,d8087fcdaf2686d7da226a07fc731b100a167b8449c7db7fb6e2fa64b5307368,CURRENT_SOURCE
index_archivos/logistica/componentes/cotizaciones/internacional/multimodal.php,.php,16703,6e71776c292bc3eb5ee81a2f6ddc454c7a3bfb444941a05aa4c447c70a94923a,CURRENT_SOURCE
index_archivos/logistica/componentes/cotizaciones/internacional/terrestre.php,.php,9257,b30aa6e5ea311cb58ad3de5dfef3f866f41cf1b515f140f45a757998928f7937,CURRENT_SOURCE
index_archivos/logistica/componentes/cotizaciones/internacional/textoplano.php,.php,16523,3a48badee109d3ee856ca41b9e6794d5e6a146a35c602ce5eacd5e435a20b321,CURRENT_SOURCE
index_archivos/logistica/componentes/cotizaciones/local/ferreo.php,.php,3649,8315c4db242c0c15aebc013754fde1127d5bc44d49b954c5e36f342a073d609c,CURRENT_SOURCE
index_archivos/logistica/componentes/cotizaciones/local/terrestre.php,.php,5642,0643bfc623334f9b562a52a0ad99986227d1789926a83509b0b045d509d7d91c,CURRENT_SOURCE
index_archivos/logistica/componentes/cotizaciones/local/textoplano.php,.php,4712,10348b7b5a2f7ed82d144178a697b56197796fbba8c3514a5aef5ffd5446a2b6,CURRENT_SOURCE
index_archivos/logistica/componentes/cotizaciones/nacional/aereo.php,.php,4259,25c363d494cf9e51ac10728e706384c0747fe73d9ac1305daf465418ca5f5baf,CURRENT_SOURCE
index_archivos/logistica/componentes/cotizaciones/nacional/ferreo.php,.php,2844,952a459eca194947f4487a24ba9a7122d6c7ad1c5d724a6662b871c065fb21f0,CURRENT_SOURCE
index_archivos/logistica/componentes/cotizaciones/nacional/terrestre.php,.php,13528,a0be84e99d66c0ee551f1878e88a2ace335da10bdb38289fc357e89bcf22bb33,CURRENT_SOURCE
index_archivos/logistica/componentes/cotizaciones/nacional/textoplano.php,.php,9777,fc837a1004a3292b30967fa7d130aeb43278bbfc252740045d32db4f6bcfb7c7,CURRENT_SOURCE
index_archivos/logistica/componentes/demis/davdetalle.php,.php,65555,b415678e76e12f720e14af671135039dbdf1f64f40c38a32226ec31ad8b6434a,CURRENT_SOURCE
index_archivos/logistica/componentes/demis/embarques_lista_dav.php,.php,2962,7daaaa6034ba2c5a84a0ac2b435d279642e7690f2ee8ad13b78feae50201c645,CURRENT_SOURCE
index_archivos/logistica/componentes/demis/verseguimiento.php,.php,1465,f00ef7087a74e1714d7be0a4335df55913469bf811ad8280098a35694b837a4d,CURRENT_SOURCE
index_archivos/logistica/componentes/embarques_cabecera.php,.php,1078,f2a67d3145881cdadc09810475a8e3ce4291b0e8fd913d226c3367e84a9dd219,CURRENT_SOURCE
index_archivos/logistica/componentes/embarques_contenedor_modal.php,.php,3931,9eb950b948daf8968373784a683770603240715c0c0bd66c3adde5be932112a9,CURRENT_SOURCE
index_archivos/logistica/componentes/embarques_costos.php,.php,6696,1621a6aa4d5c4b2b94b076f09140b64acc4d9ddd49d28a65b2eb60118e08b4e1,CURRENT_SOURCE
index_archivos/logistica/componentes/embarques_crear_documentacion.php,.php,925,5160795e7a271db0d308d7516b346dce8c9f2fdd5627aba50fd959ecebfac00a,CURRENT_SOURCE
index_archivos/logistica/componentes/embarques_datos.php,.php,5754,afbbb37948ac680a9daafd8cf5c33fd5b8ebaed05526580e227c67ea3775ce9f,CURRENT_SOURCE
index_archivos/logistica/componentes/embarques_datosotros.php,.php,2784,54cdd70f7d19a88b1f4afacad791a297300200b4530c4ef455a738b6f6325ccf,CURRENT_SOURCE
index_archivos/logistica/componentes/embarques_datosotrosemb.php,.php,7926,59393329ebe0822aaae3d576f49565d90cfece9065d3dc686879396234cc0c67,CURRENT_SOURCE
index_archivos/logistica/componentes/embarques_detalle_aprobado_gestion_aduanera.php,.php,15887,9ef601acf8c7ad47c2d392d1cdbfd28dfeb380f16452bd7c9b76dc3b23fd8267,CURRENT_SOURCE
index_archivos/logistica/componentes/embarques_detalle_gestion_aduanera.php,.php,55287,948cc1d7d0f41edd318753f0cf85429c279017129d24592116f8b11274519814,CURRENT_SOURCE
index_archivos/logistica/componentes/embarques_diccionario_palabras.php,.php,306,8c55a1cc7fbb4f673d8011e71856ebc449360c2a92aae42650d9e596b0a6da04,CURRENT_SOURCE
index_archivos/logistica/componentes/embarques_documentacion.php,.php,2321,db9a010924140b3f68367f9f459ba9403d856e22e2874a39dd5c69f95fb8014b,CURRENT_SOURCE
index_archivos/logistica/componentes/embarques_documentos.php,.php,1272,2de91ff744cd0013cc4e393d694e242882e6ae77422b10ca6f3b4854c56a51a4,CURRENT_SOURCE
index_archivos/logistica/componentes/embarques_lista_viajes.php,.php,4224,3a7f8af4a7217e1cf010724095898ef9380f52f20b9ef8a54d95be456a848893,CURRENT_SOURCE
index_archivos/logistica/componentes/embarques_mercancia.php,.php,21227,e07e710540d6220a77f0bc37d93ff7cfe75013b23f2c71fb0df3181069baaab9,CURRENT_SOURCE
index_archivos/logistica/componentes/embarques_nueva_gestion_aduanera.php,.php,55875,1fcbb080398c8129dbfa1c8185c5cfa5c66ae96330c83f721b4dd73eb2d2a912,CURRENT_SOURCE
index_archivos/logistica/componentes/embarques_rutas.php,.php,4353,85f262a839f4e76d730b6d207a606dd47cb79c8b5b36d1c408e06f0785d4cce4,CURRENT_SOURCE
index_archivos/logistica/componentes/embarques_rutas_modal.php,.php,7613,efe52c7af6d55ff971365154b3e65138ed6bb383212175c0a04a8c791529f0a0,CURRENT_SOURCE
index_archivos/logistica/componentes/embarques_textoplano.php,.php,7177,220755657a0717545ee97c6e946b8aba8c56e4937c95c05757ea7dcf47551344,CURRENT_SOURCE
index_archivos/logistica/componentes/embarques_tramos.php,.php,6015,5e412afc3289cfc85b4a61bcf1ffb1988431f68dfd680d8e269c0c0a64a52cee,CURRENT_SOURCE
index_archivos/logistica/componentes/embarques_ver_gestion_aduanera.php,.php,24200,a518302a4a9ab8092f65fc05fcf0af101c4bc98bccc24264ec198bc6aeebbd6f,CURRENT_SOURCE
index_archivos/logistica/componentes/embarques_viaje_detalle.php,.php,20303,35c5eb944aed0f42262747889bc9bb6c31598dfe7839cd88d960e7c5c0dec9d8,CURRENT_SOURCE
index_archivos/logistica/componentes/fechasfacturas.php,.php,19578,5e2df3b74448e17cc1779eb87fa7ea4c81a66ada83fff09206b9e1983a0867cf,CURRENT_SOURCE
index_archivos/logistica/componentes/formatoActualizarFechas.php,.php,3440,70ac807d5e7b2ce0bee1fd2c146c6ab06af4fe186e1e65dd60c1ba4096eac2da,CURRENT_SOURCE
index_archivos/logistica/componentes/inventario/accesorios.js,.js,2485,b86d704cd3ca2aae764e9cf6b139988cbd558b5551d2f4af00095d58ac6490aa,CURRENT_SOURCE
index_archivos/logistica/componentes/inventario/contaminacion.js,.js,2206,714210afeee9808d8c013b6b0e6cbcd2617768076f58ad01786253f6aadf026b,CURRENT_SOURCE
index_archivos/logistica/componentes/inventario/desperfectos.js,.js,3160,73c48f45562231c372c06d96a3b8d5af21981eef9019a26bd83b8de5781b6119,CURRENT_SOURCE
index_archivos/logistica/componentes/inventario/detalle-vehiculo.js,.js,3682,a57e9969f388a2b3baa241daa6ab12a22d71c00d99366ae5c56aa85cc25883fc,CURRENT_SOURCE
index_archivos/logistica/componentes/inventario/index.js,.js,1968,3935792ef7155f6aa40d879d3f4920ee412c7c869595a296367e9c4152796580,CURRENT_SOURCE
index_archivos/logistica/componentes/inventario/parte-recepcion.js,.js,2944,9a30b8bd077bcfdddedbfd6dbcc726582b513bc8234cd88fa21d87d73f03876d,CURRENT_SOURCE
index_archivos/logistica/componentes/inventario/tabla-vehiculos.js,.js,4426,28c342b664438c4b64a9615271daa79c10dbaa16890185c40ace5f8327d5417f,CURRENT_SOURCE
index_archivos/logistica/componentes/inventario_local/accesorios.js,.js,2715,2f6439426feba967f8b980d915bac32eb13c04350034cf229b6e86261aa7c8b5,CURRENT_SOURCE
index_archivos/logistica/componentes/inventario_local/contaminacion.js,.js,2407,df94dddd7db6fc10edf74c6ea090536f2386edcb60cf66cf81be9e778a8edc19,CURRENT_SOURCE
index_archivos/logistica/componentes/inventario_local/desperfectos.js,.js,3517,83093091b241185e58bd4a7e1d788c448d413691b7c70398245621e7a691ee44,CURRENT_SOURCE
index_archivos/logistica/componentes/inventario_local/detalle-vehiculo.js,.js,3694,4b6a673fcb056921547c3661c1b8f2eeb4e58f7075400f6b83c062f6a083a555,CURRENT_SOURCE
index_archivos/logistica/componentes/inventario_local/index.js,.js,2027,0ee37783c978e913959202ecdacb300472a93427945b3145d926bb3b05ab4f1f,CURRENT_SOURCE
index_archivos/logistica/componentes/inventario_local/parte-recepcion.js,.js,2944,9a30b8bd077bcfdddedbfd6dbcc726582b513bc8234cd88fa21d87d73f03876d,CURRENT_SOURCE
index_archivos/logistica/componentes/inventario_local/tabla-vehiculos.js,.js,4955,08d02ff463efbe5956dd772817ec2d78926ab38379c138423d88f426afdbeff0,CURRENT_SOURCE
index_archivos/logistica/config.php,.php,637,95d4dae270f686de8909006a0634c9400fa89c2c492b49cb4a274cbf8007c189,CURRENT_SOURCE
index_archivos/logistica/controllers/CargaMasiva.php,.php,7330,c93a631d5c46d37d4482339fa191556317b3971b2cc058be4268c6d628c8e26e,CURRENT_SOURCE
index_archivos/logistica/costos/costos.php,.php,1362,8d301d49c617a508af045e743e0d66b50de8d2e007bffa2855234f6b5a7b0999,CURRENT_SOURCE
index_archivos/logistica/costosController.php,.php,680,c979f809a81288085f9f038dacfbe555205844a3f98b810efdbbf73039379f42,CURRENT_SOURCE
index_archivos/logistica/cotizacionEditarController.php,.php,5784,23cd794d7fab80804a943de3ac5b11d173c4b245774ca38569b86b4f6d7d0d24,CURRENT_SOURCE
index_archivos/logistica/cotizacioncrear.php,.php,11939,b5550e5f962d884d96ac94efaf980cf087814cd03d73a0833f38723dc39cfe15,CURRENT_SOURCE
index_archivos/logistica/cotizaciones.php,.php,4553,b216d1df0bcd0f9e78a2c35701f35fcfce7e85018a22b4c094bf688ffd87a3af,CURRENT_SOURCE
index_archivos/logistica/cotizacionver.php,.php,22183,3b0ee8f5bff3eebd5453610ab8cd82a9fe70303ae6dc397e80e3d359ef187ce4,CURRENT_SOURCE
index_archivos/logistica/despachoajax.php,.php,2832,e6a675520c662ccb6a8bcbb0c0e50926e093d899411a668e7bd0aeb6c0454762,CURRENT_SOURCE
index_archivos/logistica/despachos.php,.php,7912,896dbed1382d827064c5be74fa77722cbd3c34d0801e3a8bbe11058ead63b9dd,CURRENT_SOURCE
index_archivos/logistica/despachover.php,.php,45165,c4c0bb9e66b1833a0c0ce9491078d83b4b680b9ebd890ecc6b0e670239917db1,CURRENT_SOURCE
index_archivos/logistica/editar.php,.php,29387,22c12f7d452332f461179d607f7221fcbb06ea359c99f62772db4029f7723136,CURRENT_SOURCE
index_archivos/logistica/embarquecrear.php,.php,62216,d74846b1768ffc7289a1414b02d1a042a8e7e7a5579b1b1c95c851983ec88d8c,CURRENT_SOURCE
index_archivos/logistica/embarquereferencia.php,.php,966,a17033207456843cf8835a3866d638fc006d0f705795dc4f793bc6381c72614e,CURRENT_SOURCE
index_archivos/logistica/embarquesController.php,.php,19073,9e6b526d4a8fd0f9febeb49207fc54e839d0b423622895bbd92db60be55697bf,CURRENT_SOURCE
index_archivos/logistica/embarquever.php,.php,49704,8a236ee50d417e5c0a6093569fded7ac97377fd2b61bb96a4e83ab3fc4a87399,CURRENT_SOURCE
index_archivos/logistica/enviarCorreoEstadoPedido.php,.php,1908,b74b911dc04fb387718f0605ebc5f2e45c9f3d29ffc41f30f3333e8e488d62ec,CURRENT_SOURCE
index_archivos/logistica/estado_pedidos/EstadoPedidosClass.php,.php,14709,09f61d0abde7ff1a1846d775c01683eff70e73c07f380825a638453ccec75f4f,CURRENT_SOURCE
index_archivos/logistica/evaluarcosto.php,.php,14921,9378f1174b2a0f4623a6fb37e0b6fad042e299d96367152e6e8a708ea4ef990e,CURRENT_SOURCE
index_archivos/logistica/frames/aduanas.php,.php,12507,63d5505f9484271e172022daffcf45955996a33a5b6ceef141e4c0f17955af7e,CURRENT_SOURCE
index_archivos/logistica/frames/almacen.php,.php,3028,a46db1d088be37bf00a29bc503db4058e8e43dd1d8991097cf3e15330f65b664,CURRENT_SOURCE
index_archivos/logistica/frames/costos.php,.php,5584,ae7bfbf0dfc56b91ea626047231f7e2cd6e1c46a7cc1e3fc65217d4b165868f1,CURRENT_SOURCE
index_archivos/logistica/frames/datoscaso.php,.php,3143,6c4d44a798441cc6ee545b605aae48498a5d6f2a1aca273c1bac12af95af81f3,CURRENT_SOURCE
index_archivos/logistica/frames/distribucion.php,.php,3039,1c47818a47ee851e6a591f2b2aa6f2682f5da019583e76008fc82722e003de73,CURRENT_SOURCE
index_archivos/logistica/frames/documentos.php,.php,7588,c72a8b324445fd520c75b9fca348b4e3842501d3b04eceaa717ccc29fe68c26a,CURRENT_SOURCE
index_archivos/logistica/frames/estado-pedidos.php,.php,7630,c2cdb15381ac2fdf752e85d3893b840eef35f5a80fc48837062942bbe781f47a,CURRENT_SOURCE
index_archivos/logistica/frames/inventario.php,.php,3040,a1b1f5fee308bedc8bac145dc4a184aac877053b32e22a2b4fbe7a7b25375f33,CURRENT_SOURCE
index_archivos/logistica/frames/inventario_local.php,.php,3611,de367a6338b67c7e3dde995ce3a8a02c52fd036a0b9543166c248d5663a12f09,CURRENT_SOURCE
index_archivos/logistica/frames/items.php,.php,3786,ae0477179dfbe492ab9c00dcb79d1d0b606eb13bd797e7895160a65ec383f897,CURRENT_SOURCE
index_archivos/logistica/frames/items_pedido.php,.php,5359,c394cdf8a5d860f12a893eb9623556b1a8ba2e15e11e74463b46de78405fe906,CURRENT_SOURCE
index_archivos/logistica/frames/listaempaque.php,.php,5075,fae59c25eca716083cef43011d34f7a2b74822b1dae1c3b081ffff65bf2ad360,CURRENT_SOURCE
index_archivos/logistica/frames/planificacion-fondos.php,.php,4582,9764d70a7560914ea0831deaf977aeaf58732bac852de6217320c192d60e7048,CURRENT_SOURCE
index_archivos/logistica/frames/servicios-adicionales.php,.php,10019,50d99b82268f04718833168dd649a8a69e66f3bfcf447b1881efbecf0db3ead4,CURRENT_SOURCE
index_archivos/logistica/frames/tracking.php,.php,8762,dd3100d0f396d9af5c039eacb23efbe12c0014b783d9c46e99fe5c181b6aab45,CURRENT_SOURCE
index_archivos/logistica/frames/tracking_externo.php,.php,4671,056ae9bc5a382906c93606349dd4ef2c5fba2501f3c849e88e0fc009df2916f6,CURRENT_SOURCE
index_archivos/logistica/frames/warehouse.php,.php,6340,574c481d30100c95dd8f21fd1400f4409bdeda2fcb974c6a131432546590edc5,CURRENT_SOURCE
index_archivos/logistica/index.php,.php,15117,ee6647586ec7dcf9060ab2869b1f2b199f97dec3927a906df4901e9cbec80657,CURRENT_SOURCE
index_archivos/logistica/inventario-por-chasis.php,.php,5048,b198dd935cb49bf1ccfa056adf84072e41c9daca1a73ce0e8e8490d12bd9d484,CURRENT_SOURCE
index_archivos/logistica/js/datosCotizacion.js,.js,41545,29c1445d2dc1fcac04415deedacfb87f7177f1ab02466030213d2f1536a03ac3,CURRENT_SOURCE
index_archivos/logistica/js/datosDemis.js,.js,6164,d642fa91986ebde1e97e18a835bfe965e5ad25b0a00ee11fd8523160d110d2bb,CURRENT_SOURCE
index_archivos/logistica/js/datosEmbarques.js,.js,155289,cdb9dbbbc5615f973535ce6ecaeeb8d44afd963e0059bc0b821b4154a44dc64b,CURRENT_SOURCE
index_archivos/logistica/js/datosSolicitud.js,.js,5277,6deadd6313fa604c2bf04744dc673f86bde9f513a261d09ac553bbee0f8cd984,CURRENT_SOURCE
index_archivos/logistica/js/dimensiones-mercancia.js,.js,2008,6dd4e78aa71cb3ceb46fab0c83ec9cdd967a74efb1620ee3f77887d20e53223d,CURRENT_SOURCE
index_archivos/logistica/js/finalizar-embarque.js,.js,3072,0fced6f3bafe4e18c76064d2c1f8f7355a3d897e81b54092bd3d47e053c00e7b,CURRENT_SOURCE
index_archivos/logistica/js/listaEmpaque.js,.js,2524,f185614e38fdadff7a31551c276e5707295f64930bcff2edebfb30d5137af064,CURRENT_SOURCE
index_archivos/logistica/js/logisticaShared.js,.js,3458,000166d7cf089a7e698a9f9f020222e6134a8af333ad9648eba4cbbad480b29a,CURRENT_SOURCE
index_archivos/logistica/js/mapaEventos.js,.js,6729,334e84a9e8be817f64f35cccfb60eff5532e170694ca69ab4a04258a1a19887a,CURRENT_SOURCE
index_archivos/logistica/js/mapaViajes.js,.js,2060,e515bff70a520e0e85fe6cacaa2971c769679175aded89cbae1dbe6dcb770ea4,CURRENT_SOURCE
index_archivos/logistica/js/pluginAddRow.js,.js,545,53f0c695da46c228fbe99691abdd90a8efb11f95ece9bc4136de8d141a3c3e1b,CURRENT_SOURCE
index_archivos/logistica/mailcotizacionoperador.php,.php,2090,57ecb5a4477ca179b8cfa740ad53fc6900cdb4b976691db71478f502fb0b360e,CURRENT_SOURCE
index_archivos/logistica/mailoperadoracceso.php,.php,2053,454213a4a31da50b8926815ca2b4e408720125d18c1c4536a814d9cdbb85deb0,CURRENT_SOURCE
index_archivos/logistica/mailoperadorconfirmar.php,.php,1052,5d270c296aabb96fc3d6da84e0bdafb356f201f5570a22bd2b33ba8006a1ff82,CURRENT_SOURCE
index_archivos/logistica/operadorcostos.php,.php,11376,3423f8b41dbf76eae30ae37f93adda9fab6149542071b2380208bad4fcd43606,CURRENT_SOURCE
index_archivos/logistica/parametros.php,.php,7018,230bbe851186b882df7896b68edc9ba90fb1453e553b7158bb3476fcbc9407a1,CURRENT_SOURCE
index_archivos/logistica/pedidos.php,.php,26226,8d1ebee7c6c6f51c6cba56da4b1367bc84103a1069efaaeade1e234e01151949,CURRENT_SOURCE
index_archivos/logistica/pedidos_estado.php,.php,25230,c6aec4e722a6c33bd733b2dd7370a864fae9ef17820ad65fda08e0cab78371b9,CURRENT_SOURCE
index_archivos/logistica/planificacion-nacionalizacion.php,.php,10379,9a8cc0d22c40fb4f67bbf8d61cb2033893c669513b997dc03ddf7edb123c9db0,CURRENT_SOURCE
index_archivos/logistica/style.css,.css,15818,1970f7dd2c4d739b50a4880539932ae31858854a089debd68f9b745eb2e0cf5b,CURRENT_SOURCE
index_archivos/logistica/updateSolicitudVehiculos.php,.php,6629,f1291a5b75683232f080fd8a9bf369714fe7db19b71601969277f5b557292fc2,CURRENT_SOURCE
index_archivos/logistica/vercaso.php,.php,15528,f0d8e08d59f75e79e42d74941a3aa9abecaac25c59b238b86bd2dbd971ec1400,CURRENT_SOURCE
index_archivos/logistica/views/404.php,.php,1276,e327ff62da13b8975087514f15d233080a63c6147054542cc5a719ec2afd0268,CURRENT_SOURCE
index_archivos/logistica/views/costos.php,.php,1326,731c3e4ae5565a08eb9cb0200b124f18055cd59d1fe435116c28db977b6ed837,CURRENT_SOURCE
index_archivos/logout.php,.php,606,ef6a37bd7714058a331cd7bbf542297c6957658b5b8c0505b2e6301895e53544,CURRENT_SOURCE
index_archivos/logsAsgard.php,.php,1332,72e1744a319039b4837a8b89c496e86c4a688aedfb009eb2d2ab4c083e5ed095,CURRENT_SOURCE
index_archivos/mejora-continua/components/casos/analisis.js,.js,14745,2c305f0bd295d6ed95b205c462aa3a9628b4932fb81c3892133b929cdea907e3,CURRENT_SOURCE
index_archivos/mejora-continua/components/casos/asignacion-analista.js,.js,11018,8c129c6e1b3d62d81e5884b19f984178f911f7f944e014c0ae0080a4e44df79f,CURRENT_SOURCE
index_archivos/mejora-continua/components/casos/detalle-hallazgo.js,.js,26059,b494e9c302e74d54c97c0f83e9c02e5c6d712a7a79f468b974ca8972d94a9fc5,CURRENT_SOURCE
index_archivos/mejora-continua/components/casos/verificacion.js,.js,7031,fae533cdb4b9219f416e8467e99ba74d97b0434ec53292ca5959df89c81c0578,CURRENT_SOURCE
index_archivos/mejora-continua/components/commons/boton-componente.js,.js,986,c8a9224d6b29693bb21dae090bd651c07e184a09b97ad5de4c70ed0ee81035ec,CURRENT_SOURCE
index_archivos/mejora-continua/components/commons/menu.js,.js,4221,8a719d5318883c235241e895d8a73bdd8d492d374cfff122efa5142b7f3ba162,CURRENT_SOURCE
index_archivos/mejora-continua/components/commons/normativa-requisito.js,.js,2492,14eb02181dda2aabf2ec4fc2256e184a61a447414b958f324bbb74b25c00938b,CURRENT_SOURCE
index_archivos/mejora-continua/components/commons/tbl-analisis.js,.js,2915,de2132a42dfe77328db9a323fe6fced5a9504af3dafce6cb9c4369bb97a362d0,CURRENT_SOURCE
index_archivos/mejora-continua/components/commons/tbl-cerrar.js,.js,2724,fa14e860e1e80da021f9c4598877efe137a7161a1be731b8abaaba952d2edbd0,CURRENT_SOURCE
index_archivos/mejora-continua/components/commons/tbl-hallazgos.js,.js,2822,e64ba1f284006b88ce156505d2ee2691ec274dc4faac1d65c5940d76dffb0f20,CURRENT_SOURCE
index_archivos/mejora-continua/components/commons/tbl-verificar.js,.js,3123,b23aac25d24693e89e7c254b48f26a03825648f62d465d7456eb35a9ef3274d1,CURRENT_SOURCE
index_archivos/mejora-continua/components/parametros/areas.js,.js,7872,b4fb9748e74e4bbabdcd7b8293b2054c4f28a59d38def796954ddcee7c03ce59,CURRENT_SOURCE
index_archivos/mejora-continua/components/parametros/consecuencias.js,.js,10783,86fbf67943e2a2c737c60251214a3441a71c3f5af21299b8b37e82de83755b36,CURRENT_SOURCE
index_archivos/mejora-continua/components/parametros/controles-existentes.js,.js,8808,b35eafea79470b9ffde4fee715152d43a73f6768142769d30b7c5f9ab7491da7,CURRENT_SOURCE
index_archivos/mejora-continua/components/parametros/equipo_analistas.js,.js,10313,02bfd81ca5401897c2c3a988bf22257bc9ab442c66c52c246b410923f4daebc2,CURRENT_SOURCE
index_archivos/mejora-continua/components/parametros/hallazgos.js,.js,10893,79019fe84ae1623a78b0010fbc01aa6e4202857150070227769ea2610b6db6ce,CURRENT_SOURCE
index_archivos/mejora-continua/components/parametros/impactos.js,.js,13443,e463fc5189dad50f4d268ff0e753a5a842d5311ebc1f2745cdc145f6b1b217cf,CURRENT_SOURCE
index_archivos/mejora-continua/components/parametros/lista_impactos.js,.js,7085,79db1917f1559979e6da43b944be138be9fb6ecc58bb234430813d7f0d3c9192,CURRENT_SOURCE
index_archivos/mejora-continua/components/parametros/matriz-evaluacion-riesgos.js,.js,10923,798185696eadda7f07606a9bbc6dac60b012cffc5ea914f0d81547915cf2511f,CURRENT_SOURCE
index_archivos/mejora-continua/components/parametros/normativas-procedimientos.js,.js,8741,7da32849481127346be535f0d213c8ce0d389706c88eae403efb78c12db80d36,CURRENT_SOURCE
index_archivos/mejora-continua/components/parametros/origenes.js,.js,7124,b50e1882009acedfcecdf6d5299437dac7c92011a3c90a8911c18e0505fd1a71,CURRENT_SOURCE
index_archivos/mejora-continua/components/parametros/probabilidades.js,.js,9602,a1c6d4a7581fb28f3bbd905a1f98fa2288e7c863c098cc3834e77722448e40fe,CURRENT_SOURCE
index_archivos/mejora-continua/components/parametros/procesos.js,.js,10499,148d2711dc08a6d2f6bcd451a0a51f1b05c8ee72b46221c62e011badf83bb46b,CURRENT_SOURCE
index_archivos/mejora-continua/components/parametros/proveedores.js,.js,8617,5373968da945d4e6fb09ac18006736c8fe61eedb0fc50b4a04248ca49fbcc57c,CURRENT_SOURCE
index_archivos/mejora-continua/components/parametros/requisitos.js,.js,9230,c5e854f36914855740b4b517811af252b323ddc4d7fc06a22e14b50c8fdb1fbc,CURRENT_SOURCE
index_archivos/mejora-continua/components/parametros/responsables-controles.js,.js,8957,f4c8c75ee45f045b2f68e0359fbdd46dbacb729f6b1d429f79d849fd881f4770,CURRENT_SOURCE
index_archivos/mejora-continua/components/parametros/select2.js,.js,49,67243d2561d6017477c34c60b55b224cbb3fce59f3feecb39dba841b60e5322a,CURRENT_SOURCE
index_archivos/mejora-continua/components/parametros/usuario-roles.js,.js,5017,7e390a9933b67b4277a2acf2496582b26cc681794899ab6295303a707adeb8c3,CURRENT_SOURCE
index_archivos/mejora-continua/components/parametros/valoracion-riesgos.js,.js,15978,ecd21845059f830c7676c55d1454e80cc9a8dbf4827865526c4d4e760bd46cab,CURRENT_SOURCE
index_archivos/mejora-continua/index.php,.php,6816,0f66141f19eec905907b1640e282351e4f67febc389a879df4e165166816c794,CURRENT_SOURCE
index_archivos/mejora-continua/js/config.js,.js,343,38c722f50d5728a55547850b329aaba9629f120caaa1a7a83ba818a624661615,CURRENT_SOURCE
index_archivos/mejora-continua/js/constantes.js,.js,230,e480cd5dd8af864bd1105725fd4520a937446949f7d8c1f4b3309126bf7ddd4e,CURRENT_SOURCE
index_archivos/mejora-continua/js/index.js,.js,1455,633a9bbc3b3c1f351e26ebc6b50b269c5bc8354f26716ef7604641a6b9ff1673,CURRENT_SOURCE
index_archivos/mejora-continua/js/select2.js,.js,49,67243d2561d6017477c34c60b55b224cbb3fce59f3feecb39dba841b60e5322a,CURRENT_SOURCE
index_archivos/mejora-continua/views/analisis.php,.php,9661,5dd5deee3835cbdf2e34f1157c85a4ffbddd3f241685f744bf83072259db5a0a,CURRENT_SOURCE
index_archivos/mejora-continua/views/asignacion-analista.php,.php,7541,e076aec3d154a6667304e7c37e59d27bc3d92651fcb1b4d8cb14486c4e9ad086,CURRENT_SOURCE
index_archivos/mejora-continua/views/cerrados.php,.php,11800,52086fea6fb7c0d7036c511d00088617314343b887ee52182b100a30f1a18f21,CURRENT_SOURCE
index_archivos/mejora-continua/views/cerrar-caso.php,.php,9369,e37b075edf651bbb3ca92856dbf4ad50e3e98f0a9ead1963841e3e11865efb17,CURRENT_SOURCE
index_archivos/mejora-continua/views/credenciales.php,.php,340,935bda0c299b4e3f30f07523b5992788cb05f4de509838f98b878598802ae7f6,CURRENT_SOURCE
index_archivos/mejora-continua/views/dashboard-gerencial.php,.php,3801,1c76ba7d46ff542af6f6f327f35a7222bf6ca5713abcecaab0d1aa2360da92f9,CURRENT_SOURCE
index_archivos/mejora-continua/views/detalle-caso.php,.php,18434,ae14403feb4fdecd3454fbbc79ecfbe6e5b15e402d34fdde9da648baf3ba8181,CURRENT_SOURCE
index_archivos/mejora-continua/views/enviar-hallazgo.php,.php,6576,3869eb3ee74d958b9f37dafe423ede6da32ba07fa4abcc5e6252bfa658ce1b93,CURRENT_SOURCE
index_archivos/mejora-continua/views/estado-casos.php,.php,6589,0b892d45631a981b6fe2edcef21c05609b056d3c537252a01ab7ce15568fc8bc,CURRENT_SOURCE
index_archivos/mejora-continua/views/formulario-caso.php,.php,8248,ee029bd6b311fead13760769a41a5c4f1e93c6da1d48bdd353e064962e2d4dd5,CURRENT_SOURCE
index_archivos/mejora-continua/views/menu.php,.php,2,7eb70257593da06f682a3ddda54a9d260d4fc514f645237f5ca74b08f8da61a6,CURRENT_SOURCE
index_archivos/mejora-continua/views/parametrizacion.php,.php,6952,d544625142cdeff7a8a7b65b9db4696ebc6e465db61b9f3906b3c6ef6378386e,CURRENT_SOURCE
index_archivos/mejora-continua/views/paretos.php,.php,10911,8e79db20284b04f1f7ba461c63003c5315f10ecc492019131d0926b4ee56ea30,CURRENT_SOURCE
index_archivos/mejora-continua/views/pendientes-envio.php,.php,4613,754237066e90766418cad4275c66ad13293407544e623231a77b57331193d03b,CURRENT_SOURCE
index_archivos/mejora-continua/views/re-apertura.php,.php,8444,629e125d0e8599aa8d9a4973e65b89b3c17776298a9ef3cfeb00ed611c5c1b3d,CURRENT_SOURCE
index_archivos/mejora-continua/views/reporte-a3.php,.php,5727,3bd709a1516b9de28a912bc1f91ff993999b518063b3985a43a84e1cdb77d22b,CURRENT_SOURCE
index_archivos/mejora-continua/views/reporte-casos.php,.php,12952,58daaed708d32f12b00f30691cc7282974b49672b8c46de1075d7b4d592ce415,CURRENT_SOURCE
index_archivos/mejora-continua/views/usuarios-roles.php,.php,4658,bb165a78b618d8d7871c4f64c1dd7bb91609e426d72a12de427d5a3337827bba,CURRENT_SOURCE
index_archivos/mejora-continua/views/verificacion.php,.php,9455,66f5af0be9726388dc266e648a0a641023f6f0b058e2713406618298ba8c9679,CURRENT_SOURCE
index_archivos/menu.php,.php,42496,8ab5ed70a59851e8a065d58c1fc404f8b24808e55bf5e19708013a2e599b14c6,CURRENT_SOURCE
index_archivos/menu_b4.php,.php,24419,37b4287d6d928cddf8eecc4ef137fac779bc13062e3d868d9880cea0825cf1c5,CURRENT_SOURCE
index_archivos/menubs4.php,.php,34716,47a01b37b5d938b8cff33b0de7e2f439c555d0083b23ba7ad4d4636e99bc2c1f,CURRENT_SOURCE
index_archivos/modulos/libs/Correo.class.php,.php,6178,622511e60f8babc4d56cb8fb623866029be474f3fb79e860dfd8c11fd2d4f076,CURRENT_SOURCE
index_archivos/modulos/libs/MonedaLiteral.class.php,.php,6842,0c36ec6547397676ac160ca5f56570a1f9ba4cb0ced67345ce76792c4d2709ed,CURRENT_SOURCE
index_archivos/modulos/libs/PDO.Iterator.class.php,.php,990,a6f25a64bf5d6e1f9e35fd66e4acdf3c59a7717ba0424c8cbc4071edc51ad3df,CURRENT_SOURCE
index_archivos/modulos/libs/PDO.Log.class.php,.php,1186,d44ef05741a619f7ba37806209d46f1567dc598be6cc8039dfdf614cee4eef9b,CURRENT_SOURCE
index_archivos/modulos/libs/PDO.class.php,.php,10176,12a864bff120b9d7949c85be417039611a372c1c8ffb337472b8ab777f9642c2,CURRENT_SOURCE
index_archivos/modulos/libs/carbon/LICENSE,[none],1071,7abcf045365333ff8db5511aeda24647b078af255fbd0df5ccea1ea646b289a0,CURRENT_SOURCE
index_archivos/modulos/libs/carbon/bin/upgrade-carbon,[none],654,5d0ce9d15275e2454fb802d9aff76adc77c43208043688ef7359602ba04b0077,CURRENT_SOURCE
index_archivos/modulos/libs/carbon/bin/upgrade-carbon.bat,.bat,105,4de7f5f90941a5370f194f38127e9220e7af313b7fc2a07912d733c0e72a3dfc,CURRENT_SOURCE
index_archivos/modulos/libs/carbon/composer.json,.json,1870,bb3ab96c63d1eb79705b8ec52b820125621235fa4cefa89f447ab5887005d117,CURRENT_SOURCE
index_archivos/modulos/libs/carbon/readme.md,.md,2923,df2d0b5d83d9eeae93abd8fd46d29ff44cc3d25ca96021b9a5af2078b0caa0fa,CURRENT_SOURCE
index_archivos/modulos/libs/carbon/src/Carbon/Carbon.php,.php,151624,67fe4f758c27cfd41f791fce63e9c34bc48c1128ddae8e53a29a9af10151aa4e,CURRENT_SOURCE
index_archivos/modulos/libs/carbon/src/Carbon/CarbonInterval.php,.php,34994,a56e36971ba973257b1220c23e2fba37691fce5551e8a7e62ce6dbcc56f22ff1,CURRENT_SOURCE
index_archivos/modulos/libs/carbon/src/Carbon/CarbonPeriod.php,.php,40776,59434aa4f1c8dff87615f1cdc5121fccbca7dd6b0ecf649e36f0bd5e83f69bfb,CURRENT_SOURCE
index_archivos/modulos/libs/carbon/src/Carbon/Exceptions/InvalidDateException.php,.php,1358,45f1aacb1bc20827f1b0a84f0d36ddc82cec6511de24de1305117a90e0def241,CURRENT_SOURCE
index_archivos/modulos/libs/carbon/src/Carbon/Lang/af.php,.php,980,5d02704dcab68d23a50cfe56537ee72add3f306a1b0598548a70a411eac6ffe8,CURRENT_SOURCE
index_archivos/modulos/libs/carbon/src/Carbon/Lang/ar.php,.php,1850,c6b5e4fb30068034c525f10ddc0f5f34f77296ee7012b07f19bb9fe2217a08bf,CURRENT_SOURCE
index_archivos/modulos/libs/carbon/src/Carbon/Lang/ar_Shakl.php,.php,2105,f0cd8be07cee560893f922a20550b78ac7e7f8c57ed2fb21b2e7920442caf994,CURRENT_SOURCE
index_archivos/modulos/libs/carbon/src/Carbon/Lang/az.php,.php,1204,7cb974077b3b0588a41466732aa6dfaeddb2080f4ad383aafa609b1923a51f5d,CURRENT_SOURCE
index_archivos/modulos/libs/carbon/src/Carbon/Lang/bg.php,.php,1174,efda4cabd1ada35d8ab8474e321eef62fef196ee202e353db88ba1a4f7683660,CURRENT_SOURCE
index_archivos/modulos/libs/carbon/src/Carbon/Lang/bn.php,.php,1585,95a18a746dfdf53f1f176ccd4e8b7b59af9e27120496c09c3fa502361ca637a7,CURRENT_SOURCE
index_archivos/modulos/libs/carbon/src/Carbon/Lang/bs_BA.php,.php,1201,82e55807dfcc1a3b4ea5fd6e4abbb19dc4bcf937ff811a76fdedcee68fe75f4c,CURRENT_SOURCE
index_archivos/modulos/libs/carbon/src/Carbon/Lang/ca.php,.php,1362,9cfe5e1f4c809f568443d03a559baf9d1752f5f85ed6404b1236b9b0e0e94a95,CURRENT_SOURCE
index_archivos/modulos/libs/carbon/src/Carbon/Lang/cs.php,.php,1201,7e236bf2dcd15cbe2b9eca1cee97b305e052ad1e966a4c5979145f0ae80c2ada,CURRENT_SOURCE
index_archivos/modulos/libs/carbon/src/Carbon/Lang/cy.php,.php,804,28680e3ba164879f6ff83e3a7dfa63c0fb0c54fc5f056233d8baf2a24329a02a,CURRENT_SOURCE
index_archivos/modulos/libs/carbon/src/Carbon/Lang/da.php,.php,985,d1f36e137b2a9851d7792e064792a0b8bf97bd1f50fd5b623e73829273380558,CURRENT_SOURCE
index_archivos/modulos/libs/carbon/src/Carbon/Lang/de.php,.php,1549,632473c40066d461fdde74ad7736ec3cd67d6c80b917f0a3ce2deeef489608f7,CURRENT_SOURCE
index_archivos/modulos/libs/carbon/src/Carbon/Lang/dv_MV.php,.php,1320,77fdcdde0ff13d36905c63bb6c49dc8bdd4c6c91ff16a4e5b440ab8ada27e7c6,CURRENT_SOURCE
index_archivos/modulos/libs/carbon/src/Carbon/Lang/el.php,.php,1236,72c6dd5f54e894035cc5068990b1cbdfe965a406a257cadbcae8aec7a419d08b,CURRENT_SOURCE
index_archivos/modulos/libs/carbon/src/Carbon/Lang/en.php,.php,1308,102ec70a820bdfef320f86772315a8372836321553d5a928c7475ca8dd6c450c,CURRENT_SOURCE
index_archivos/modulos/libs/carbon/src/Carbon/Lang/eo.php,.php,1015,bdcbb38c95963edb2b431fa00926785eac848bb4714bc6fd956ac15659ef269e,CURRENT_SOURCE
index_archivos/modulos/libs/carbon/src/Carbon/Lang/es.php,.php,1199,0ace04397493cec95b4446c30270490d75c7f73b36b67685904198b1ca9911f4,CURRENT_SOURCE
index_archivos/modulos/libs/carbon/src/Carbon/Lang/et.php,.php,1297,2ac1983e81a3c1e5c9ecdd02718653e90ee22050fe41a32104298a3e3db49e30,CURRENT_SOURCE
index_archivos/modulos/libs/carbon/src/Carbon/Lang/eu.php,.php,921,ed523c39ccc8ec1788793d6b102443257d67c801a96d970f0e64871d6d291490,CURRENT_SOURCE
index_archivos/modulos/libs/carbon/src/Carbon/Lang/fa.php,.php,857,874c84d63ca5d440081221ee250b3ab339e3cc157dd597d8505d8811bb8a2409,CURRENT_SOURCE
index_archivos/modulos/libs/carbon/src/Carbon/Lang/fi.php,.php,1069,d4b25c2fdbeb1b65710625ea3ad2daef870a04c363d0e3b451e5b520cc5ecd0f,CURRENT_SOURCE
index_archivos/modulos/libs/carbon/src/Carbon/Lang/fo.php,.php,1013,b084f42ddf4991018051f88adee084941b744e52367216633f1ce2f35d2cfb29,CURRENT_SOURCE
index_archivos/modulos/libs/carbon/src/Carbon/Lang/fr.php,.php,1256,89b08f83144fb4e166428096f69185150931d32ea034e2c3506380da12e90499,CURRENT_SOURCE
index_archivos/modulos/libs/carbon/src/Carbon/Lang/gl.php,.php,708,57a89c042f0049b86fbe85800b10ce394a5b6b884b5c598737c62eb9222083a5,CURRENT_SOURCE
index_archivos/modulos/libs/carbon/src/Carbon/Lang/gu.php,.php,1233,7cf49b05b858563b7d72530097fedfb08f422cceffe473ffc0aad3ed785c4a8c,CURRENT_SOURCE
index_archivos/modulos/libs/carbon/src/Carbon/Lang/he.php,.php,1195,8f9215ac574a19dfc99a3c1b9b0c76b4338a5deea805d6e2ba01680f2a9c9601,CURRENT_SOURCE
index_archivos/modulos/libs/carbon/src/Carbon/Lang/hi.php,.php,1211,977919225a0da83cc2aac30e158cd9531674df8a6442d34b534eb0725e38be2d,CURRENT_SOURCE
index_archivos/modulos/libs/carbon/src/Carbon/Lang/hr.php,.php,1193,a35af0b1a86f807c8807f576b7574f3354c329752d60ec38573f1cb114d50532,CURRENT_SOURCE
index_archivos/modulos/libs/carbon/src/Carbon/Lang/hu.php,.php,1640,b44908602852ed3916988c48d6babf063b0311ad013fd25fd490fbddf6195be0,CURRENT_SOURCE
index_archivos/modulos/libs/carbon/src/Carbon/Lang/hy.php,.php,835,8bfcf34c2804085a29f839f553f6093414896dfc1d779ef24d3d13af8662367f,CURRENT_SOURCE
index_archivos/modulos/libs/carbon/src/Carbon/Lang/id.php,.php,819,7cf36eabee0b144ce270951462f3316d6738e165c021270ae4c524dbf10df8c4,CURRENT_SOURCE
index_archivos/modulos/libs/carbon/src/Carbon/Lang/is.php,.php,983,880ea6c160130acb22ca9e90a2d3b2fc59c6ab934319c276cf61e851411f9553,CURRENT_SOURCE
index_archivos/modulos/libs/carbon/src/Carbon/Lang/it.php,.php,1192,5178337ad3ba08a3915d240cd37021d786be3328cc48aba5388e77d4f0dffe34,CURRENT_SOURCE
index_archivos/modulos/libs/carbon/src/Carbon/Lang/ja.php,.php,777,30626ccff8f0df203b821766f2841fa2c312c15da67bce9570adaf3c520c9094,CURRENT_SOURCE
index_archivos/modulos/libs/carbon/src/Carbon/Lang/ka.php,.php,981,502f56988c411e2a65af71c31019940e9c731a8ef47ccca2c92f74022689da68,CURRENT_SOURCE
index_archivos/modulos/libs/carbon/src/Carbon/Lang/kk.php,.php,865,8d41c912d3e8afd72b44396c47cb0fab30f7384ee9dab1a9d787f2745d43d5c3,CURRENT_SOURCE
index_archivos/modulos/libs/carbon/src/Carbon/Lang/km.php,.php,979,a50be308a11416d089a83b4de80bbadaeb06712bf02a75952bfb1a11f4ac4546,CURRENT_SOURCE
index_archivos/modulos/libs/carbon/src/Carbon/Lang/ko.php,.php,795,836c78ddcbd821fae149d9e9d74d0b919085010c022c760f96befd28f02a0982,CURRENT_SOURCE
index_archivos/modulos/libs/carbon/src/Carbon/Lang/lt.php,.php,1783,ef9ebdbdfe8142b6229ac2b552228f2ef4ac7071455982c97e7b3611c3fa9e82,CURRENT_SOURCE
index_archivos/modulos/libs/carbon/src/Carbon/Lang/lv.php,.php,2145,2e4272210fa538752e2980480c979a91190fa4d4d88cdd2b18da9c7ebf83ef0e,CURRENT_SOURCE
index_archivos/modulos/libs/carbon/src/Carbon/Lang/mk.php,.php,797,69b050f4147b934f816aea7279f87ccb07655397e27f796697a2f0ff79302c07,CURRENT_SOURCE
index_archivos/modulos/libs/carbon/src/Carbon/Lang/mn.php,.php,2306,cb3334af9bc441da4b35d51b6fd7897ba1db1df891869bad7e1c7a3c112d537b,CURRENT_SOURCE
index_archivos/modulos/libs/carbon/src/Carbon/Lang/ms.php,.php,817,1b6202c0f4694b1001218429e41d35fb63ae1172332b2bf49865912226f4ad6f,CURRENT_SOURCE
index_archivos/modulos/libs/carbon/src/Carbon/Lang/my.php,.php,1615,b4e51b5cb274449c092ce01ee4faef7f42001f79d78e6a3787e9e1b868eb7ff5,CURRENT_SOURCE
index_archivos/modulos/libs/carbon/src/Carbon/Lang/ne.php,.php,966,3d73904e0de7207f3fd713fe23161e908c4dbf0f04451f0d2bd2cacc051b7072,CURRENT_SOURCE
index_archivos/modulos/libs/carbon/src/Carbon/Lang/nl.php,.php,1134,d8affe2cf6f397e09a689d23438375f0d475788d8df75e8768e1317687fcdf36,CURRENT_SOURCE
index_archivos/modulos/libs/carbon/src/Carbon/Lang/no.php,.php,1186,010057a3c0b03fe28e4e580e5f809edc259fd1f5fba23c383094343fc3255e5a,CURRENT_SOURCE
index_archivos/modulos/libs/carbon/src/Carbon/Lang/oc.php,.php,1488,dea15d727d1fb97b5a3cfd16c2c3fc638be0e3aa6e4791e1b24537aa10b8bb3c,CURRENT_SOURCE
index_archivos/modulos/libs/carbon/src/Carbon/Lang/pl.php,.php,1184,ac69a218a1c0c3057ed2cba2a65722c9d2b1da5e43a578a6e5df540dc2fe4321,CURRENT_SOURCE
index_archivos/modulos/libs/carbon/src/Carbon/Lang/ps.php,.php,1109,59f28406d102814cd511464e2f0b03a770cf637a8f57775a5e737fd226e07e96,CURRENT_SOURCE
index_archivos/modulos/libs/carbon/src/Carbon/Lang/pt.php,.php,994,6f6b0b984be5c0c31d2f01deacf604019f0141c37dcb3bffddb0d198266103d2,CURRENT_SOURCE
index_archivos/modulos/libs/carbon/src/Carbon/Lang/pt_BR.php,.php,1290,972d8582633ab1bdde3a5131ded60d949ad67838930b0822b82c7a40e98097ea,CURRENT_SOURCE
index_archivos/modulos/libs/carbon/src/Carbon/Lang/ro.php,.php,1129,f20b1c53f12e598b503966f00cb57cbcf6ea401f9d933c135ba13761061856ca,CURRENT_SOURCE
index_archivos/modulos/libs/carbon/src/Carbon/Lang/ru.php,.php,1241,330c615729df88af98fb6adaf2b083fe21cf8133f12d982e417484a1428e829b,CURRENT_SOURCE
index_archivos/modulos/libs/carbon/src/Carbon/Lang/sh.php,.php,1460,90b51ad2e22cc61b77ce1e7de277a843f08783adfa7ae38b7c9fbfdc918fc8da,CURRENT_SOURCE
index_archivos/modulos/libs/carbon/src/Carbon/Lang/sk.php,.php,1566,ccbdbb12c2d3550c6eab6d853bfa96321efa5110262e3802d659ede33fefd120,CURRENT_SOURCE
index_archivos/modulos/libs/carbon/src/Carbon/Lang/sl.php,.php,2085,2b946e472c2d3288310251c04aa0a4e6161dc87f0387986a076fa3724447c7b3,CURRENT_SOURCE
index_archivos/modulos/libs/carbon/src/Carbon/Lang/sq.php,.php,995,b7deeed3f147c8a56c68b5c25dbd44e843ff3eefa46ca7f0cc842526505bb8bf,CURRENT_SOURCE
index_archivos/modulos/libs/carbon/src/Carbon/Lang/sr.php,.php,1643,36aa088260d9006cdee98e861da853e73d980479bf4d3ba7b9ccb82ec2510738,CURRENT_SOURCE
index_archivos/modulos/libs/carbon/src/Carbon/Lang/sr_Cyrl.php,.php,2032,e9437b50e00a4ed6d14d7dcc06ccc38f5db770fd3c456f8f8d7954e084914f35,CURRENT_SOURCE
index_archivos/modulos/libs/carbon/src/Carbon/Lang/sr_Cyrl_ME.php,.php,2065,3dc101634c2ce38ddfae8e866e98288e86eca65629d6297745cbc12acb2fd4ea,CURRENT_SOURCE
index_archivos/modulos/libs/carbon/src/Carbon/Lang/sr_Latn_ME.php,.php,1826,5af7780e04d912ff539f6ae0401387e94fac36020acca234aee1d709a6b533ce,CURRENT_SOURCE
index_archivos/modulos/libs/carbon/src/Carbon/Lang/sr_ME.php,.php,286,e888df19362ef33aa6fbaa5a857da8fe746df60151f1dbc1b07cd40ea9938d36,CURRENT_SOURCE
index_archivos/modulos/libs/carbon/src/Carbon/Lang/sv.php,.php,998,cd75c6305cc35d9bcf85aa405a89118380b060eeb86f0ed589d52f2772faa2b8,CURRENT_SOURCE
index_archivos/modulos/libs/carbon/src/Carbon/Lang/sw.php,.php,931,bc97ae165496784af03fd575409c6fdb7dc11ec0caa87f406e912212179908b1,CURRENT_SOURCE
index_archivos/modulos/libs/carbon/src/Carbon/Lang/th.php,.php,1007,37a3b832b1d78a7a5be2bc6526b94a62f07577e0a54f4025511e7136fb59bdf1,CURRENT_SOURCE
index_archivos/modulos/libs/carbon/src/Carbon/Lang/tr.php,.php,799,719a9ee6209e0e505cb962f28f2a8512bdfa649fb1906bd7eee6a26e06f7999f,CURRENT_SOURCE
index_archivos/modulos/libs/carbon/src/Carbon/Lang/uk.php,.php,1875,42fd36db80a3b1617a29b943478701bae881430ec76baab805e336eaa33100ec,CURRENT_SOURCE
index_archivos/modulos/libs/carbon/src/Carbon/Lang/ur.php,.php,634,5b6ef5e2bc3b91f29e1b11c3b4ef5b69999b9ff53168b1cc2312013c5f994281,CURRENT_SOURCE
index_archivos/modulos/libs/carbon/src/Carbon/Lang/uz.php,.php,791,c835be3641bc26f08d40f65ab2556cadec1ad664800ae5b8aed8f19db661ea29,CURRENT_SOURCE
index_archivos/modulos/libs/carbon/src/Carbon/Lang/vi.php,.php,823,2de89eb58168f65e71aef0a468d4e0ba597b3aaa15cd2871fe57f4562b7754d0,CURRENT_SOURCE
index_archivos/modulos/libs/carbon/src/Carbon/Lang/zh.php,.php,777,c3a508fcd80c4185e4a68eef916c363d42ae45383d5cf94cf7740ed33dcae5e2,CURRENT_SOURCE
index_archivos/modulos/libs/carbon/src/Carbon/Lang/zh_TW.php,.php,771,214fcd3af07cd7b97d7ec2697b4d57a00cc334f6fddeb2daa1f6ee80b7b4e07c,CURRENT_SOURCE
index_archivos/modulos/libs/carbon/src/Carbon/Laravel/ServiceProvider.php,.php,1173,27c5690f2976a5f5fc99ca24fb1191d98e6959d7049839664ec4e26698541aaf,CURRENT_SOURCE
index_archivos/modulos/libs/carbon/src/Carbon/Translator.php,.php,3740,6c586965755ae935ea42ea96f38a74de2a7af313999ba1c01faa9df3168f577a,CURRENT_SOURCE
index_archivos/modulos/libs/carbon/src/Carbon/Upgrade.php,.php,5126,e92fa2faf4c80621d711188f5b9c3c73f913da6b745577ba06ae07601bf41f86,CURRENT_SOURCE
index_archivos/modulos/libs/carbon/src/JsonSerializable.php,.php,528,384fa9d66e32b9c410d7e7b18056f3bf26d6e887836f0edb652631d6b1d9e526,CURRENT_SOURCE
index_archivos/modulos/rating/RatingClass.php,.php,2173,5baace7a24a6272112a271b12912f0b3701b5a6c278383e89dc6de865545308a,CURRENT_SOURCE
index_archivos/modulos/rating/get-rating.php,.php,294,fb19e6c2e46d5ddedd885fdaf59b454b3c90d2fe9fd4389faf97421266324bd5,CURRENT_SOURCE
index_archivos/modulos/rating/rating-modal.js,.js,2049,74f1cf782047f42dd05835f74c0df1fe200ea9fff70ff5802a6a0237d9efd9a0,CURRENT_SOURCE
index_archivos/modulos/rating/rating.js,.js,4664,cafd8f29d5b63c7b29a232c076a8d8bbcba3c21af33dbc7f033d8a552a6d41e1,CURRENT_SOURCE
index_archivos/modulos/rating/rating.php,.php,399,171a6a5a4f98091203744e5367cb6908cb551695beb9607b1b6833ea5d90fb9e,CURRENT_SOURCE
index_archivos/modulos/rating/verifica-mensual.php,.php,300,33a73c78388c03dd650a5efd261b5758284a92cbc0fb58e97f669b8fd91dfad2,CURRENT_SOURCE
index_archivos/nuevoinsert.php,.php,8230,13bec973268bd66b7968082aa391a732898a96c8ee335c0be68658e510aba204,CURRENT_SOURCE
index_archivos/ocr/lectura_ocr.php,.php,40416,139c0e3f9d561cc3e4bc7b23494fdfe18e1b7c522d5d8cc61a9ca98d40cc3547,CURRENT_SOURCE
index_archivos/operadores.php,.php,644,662b0f77cea245825b9c1bdfc6a987641fcc2bd882d82da7d97089d2557aaf15,CURRENT_SOURCE
index_archivos/operativos/DescargaMasivaClass.php,.php,19262,c70f20d5f7ea22e51c136f3325dec688ac9c905894d65ca32cbfd89080c881a3,CURRENT_SOURCE
index_archivos/operativos/LogReportes.php,.php,1664,8a658e6021816c3cb6a6acd66f0687d895eb727d59fba9dba639dba28a7b9e42,CURRENT_SOURCE
index_archivos/operativos/actualizarcostosproveedor.php,.php,826,78a8690a530b890f9d9234eff6f682f7876da59182e3c80b0aba7b9a6e30ff8f,CURRENT_SOURCE
index_archivos/operativos/ajax/seguimiento-parte-recepcion.php,.php,8599,4028b388f94f2597c88b11e231087cafa77c1e8a104ee6689c1c2efb8ddb8841,CURRENT_SOURCE
index_archivos/operativos/archivos.php,.php,20759,f4d8d0d1ae80c225a81d3801a81cde536006b977b985bfff8f9ec9fa92c65c93,CURRENT_SOURCE
index_archivos/operativos/archivosquery.php,.php,6811,7687de4e854952794b3435bcad5aee8c3a3b0b3c3625a66885ea54a6690216b9,CURRENT_SOURCE
index_archivos/operativos/asesoria-gestion.php,.php,8224,6a87b1977ceb9101a35bfa74f56957be5482cc3fafd88fde49f0dbd6294d90cc,CURRENT_SOURCE
index_archivos/operativos/bitacora_chasis.php,.php,39435,1b646ccb3d324a14b1e2455698f433a0a2273526122aa2c1bc0de1f5e90b6818,CURRENT_SOURCE
index_archivos/operativos/control-gastos-sueltas.php,.php,4678,38720e95c29ed0aca555071f4f042e8995d9bcb4e71acbc93baa63fdb03ee893,CURRENT_SOURCE
index_archivos/operativos/control-gastos.php,.php,4804,3a4f567878444c2a91bab343ab5d0261473d5b74d6130c621f69a2dd339eb984,CURRENT_SOURCE
index_archivos/operativos/control_alicorp.php,.php,8572,9e24b12ec6c43cd653904da158ab3d0f0712a2a75e3d070b4a58934bb6c341ed,CURRENT_SOURCE
index_archivos/operativos/control_alicorpquery.php,.php,11871,1aa67af27844431af7a8c568da26aa5285013a47c61febe1e33c6167fce1cd11,CURRENT_SOURCE
index_archivos/operativos/controlaps.php,.php,9487,c10c890810f3c97350494dc3c9a8bbc55b3be2ef67f5af48dbee7b8c95bd73c2,CURRENT_SOURCE
index_archivos/operativos/dashboardAdherenciaCBN.php,.php,879,b93ef84bb4a53ba86bcefba2c57de10d421bc0b0f076da996cf44efeec9332c0,CURRENT_SOURCE
index_archivos/operativos/dashboardIASA.php,.php,831,78bd44c4e53b8badbdd5b8d3aa2e70c3ad6bec639b670e018026079fe79d6d4d,CURRENT_SOURCE
index_archivos/operativos/dashboardIndicadoresCBN.php,.php,881,fc5c4079457066fc3611ad4496dd7f8b05950b8b4b8f51ba0dfa990de5f4c896,CURRENT_SOURCE
index_archivos/operativos/dashboardUsabilidadCBN.php,.php,841,e424680d5b427ea92b022a7f9cc279469155dfbfca3fc8ef62b9cf39f911788b,CURRENT_SOURCE
index_archivos/operativos/dashboardUsabilidadTrackingCBN.php,.php,913,91081eff0314f05db953aab2a0cd3b997a3b3a88254eb8cee08a62374671c5ba,CURRENT_SOURCE
index_archivos/operativos/dashboardaduanero.php,.php,1468,927305fdbdf2d2c46f37382d2cee2da51a9cc2d378e085a6fe744f549ab0f43a,CURRENT_SOURCE
index_archivos/operativos/dashboardaduanerobelia.php,.php,886,5f2493e35961455b46deed91f22e9738486cab654df43b1b666522d9b6dc04cc,CURRENT_SOURCE
index_archivos/operativos/dashboardaduanerobioferm.php,.php,867,fc23f360479933611fcbf05cdaa70277cd9d635dc64a1a1f9616a7b5e3fb4838,CURRENT_SOURCE
index_archivos/operativos/dashboardaduanerocopijsud.php,.php,877,c1439d0e8883855e24caf7d0e602a91754009508fc483b9e842e86814eaeba83,CURRENT_SOURCE
index_archivos/operativos/dashboardaduaneroembol.php,.php,871,c235067511a0ab5ece55260aa5306eadf19de2c66a6cd83d7c7c3454c6cdd752,CURRENT_SOURCE
index_archivos/operativos/dashboardaduanerofacrulesa.php,.php,869,ae4f18de6186a032b70fb437c9f0e36b8e0a0001aa19d04e415fe3857a723b90,CURRENT_SOURCE
index_archivos/operativos/dashboardaduaneroimcruz.php,.php,1482,315bc78838540795bc510da30f2fdc3d676da138f3d292d3a1cb869cdd8008bf,CURRENT_SOURCE
index_archivos/operativos/dashboardaduaneroprescott.php,.php,877,d7e9c3f882c7db18ca54a55db0f06613bdfe49cf9ae5b0e843066ca4f909ab2b,CURRENT_SOURCE
index_archivos/operativos/dashboardaduanerovemassa.php,.php,867,53a986331b790e8a0565e47070b6699be424f424c28e34ec6d5cb0fbfa327ec9,CURRENT_SOURCE
index_archivos/operativos/dashboardaduanerovenado.php,.php,873,b3fa5c7edd932769e4f411f5f457ba476bba5faea87390d21001336a5832d420,CURRENT_SOURCE
index_archivos/operativos/dashboardimcruz.php,.php,859,b29120d38c7fe750daa18723f747d3949c67f55c626e06b5af4510054c6299f3,CURRENT_SOURCE
index_archivos/operativos/dashboardimcruzdt.php,.php,859,d4112a988c89d0cc3bb0dc0de0cfa194cebf4d8185e13006d05aec76a62b450d,CURRENT_SOURCE
index_archivos/operativos/dashboardimcruzimplementaciondt.php,.php,859,bf8731c24ff2b96e5709c4390a3060b27f8390cae3d44a37c89a6d07773f8b8f,CURRENT_SOURCE
index_archivos/operativos/dashboardlogistico.php,.php,1470,4e756e61832b4be6e89db0d15590d20527b6847cb583cfdfb6f7cd0428b35931,CURRENT_SOURCE
index_archivos/operativos/dashboardlogisticoembol.php,.php,873,9e9e2e95070833bf047d89452ed4d81136a9eb89cd604e6fc978f34362866631,CURRENT_SOURCE
index_archivos/operativos/dashboardtigo.php,.php,850,de909d59ae40d2811d8b622f38b1ebed743a2f304636140fff8b061cb560fc91,CURRENT_SOURCE
index_archivos/operativos/dashboardtimbradocbn.php,.php,856,96a15071b594ef4523f5d8e7424a461f3779067ebcd2f15eda20013f8a885504,CURRENT_SOURCE
index_archivos/operativos/dashboardyanbal.php,.php,1370,8d356cbf990315cb13d1e2e5d467afcaa8637bc96308b978b93367e81de96a0d,CURRENT_SOURCE
index_archivos/operativos/datosdespacho.php,.php,7596,82bec2217bac87d5738615e19a83c19040a152ba03351f79e7294beec5d907e7,CURRENT_SOURCE
index_archivos/operativos/datosdespachoquery.php,.php,4051,5331b7e3ff7e2f07dcf7d84bd128ccc49442f6ee8c319db39d62df4910126ad8,CURRENT_SOURCE
index_archivos/operativos/descargaMasivaDocumentos.php,.php,21285,a4d525c3d61c92c5163e85ff7f0ad04376fec863007437c3b4b9a9bc4d99cac4,CURRENT_SOURCE
index_archivos/operativos/descargarfactura.php,.php,4173,a96f189904ab6e00a1515d300ba405b0176019843c0db01db318d8847e405981,CURRENT_SOURCE
index_archivos/operativos/descargarplanilla.php,.php,4935,1155c1c4bcd353ef524852bfce92481e369d8a34af522acfdcebdd1512442fab,CURRENT_SOURCE
index_archivos/operativos/detalleedp.php,.php,3678,23c242e71ed8201cc934565eba288c696fc43686b2f423acdd081e4cd5b9c2e9,CURRENT_SOURCE
index_archivos/operativos/detalleedpquery.php,.php,1901,81d18269e71b2b9ed9d359c367eff23642ef60304796b512a2dbaab4fd3606bb,CURRENT_SOURCE
index_archivos/operativos/detallegastos.php,.php,3471,5c9676d1b42aeafd8189698ef4c86f6308ce3bd74e3dc49a362f2490983d8f44,CURRENT_SOURCE
index_archivos/operativos/detallegastosquery.php,.php,1546,fdb13bbf3360c29b09177acd4ccfaf45a61afe686836943cfc991db6cd63b217,CURRENT_SOURCE
index_archivos/operativos/detalleitems.php,.php,9456,744e3f7f80e0d1debb84f23bdafff314346b5a53e181e6202f4eb3067bc5c92d,CURRENT_SOURCE
index_archivos/operativos/detalleitemsquery.php,.php,6432,12f755d4bf0438d590abd8909be5608f510964695d5aa2c3a23a244a7f562f64,CURRENT_SOURCE
index_archivos/operativos/documentosotros.php,.php,22654,f8199995fd6f7765fd8caaef96b1d28a099bac1dbb1b01251c833543bd9fa774,CURRENT_SOURCE
index_archivos/operativos/download.php,.php,1063,5ba476cb594daa67880c1244d41ee25d7fc76bfdf5d72ddddd24887b01602b55,CURRENT_SOURCE
index_archivos/operativos/edp.php,.php,11665,0fa3561a3badbbc2e11ab28f485da016229680872c1f498af5fe06c8ef6ff504,CURRENT_SOURCE
index_archivos/operativos/edpdetalle.php,.php,8321,4fd716aba3940dee198c5483b3c7af84317f4659a2fb5cb21530116a6e4eb4dd,CURRENT_SOURCE
index_archivos/operativos/edpdetallequery.php,.php,824,7669094db2aed692d475979f970ae61829d64b879e983f97c032980ea5cea01d,CURRENT_SOURCE
index_archivos/operativos/edpquery.php,.php,14526,655d3b74c10a2af13a09526f6c1a33c53abd5b64b33d02ae09b163dea772adac,CURRENT_SOURCE
index_archivos/operativos/envioplanillas.php,.php,6255,f6e4b8ad472bf17d8f4b731f09585d4aa1ef234e4ba182315784b8f1fdd26750,CURRENT_SOURCE
index_archivos/operativos/envioplanillasquery.php,.php,2649,09a5979f20615e2dd487d8e028e0897e6efe9c1f6725017698f9e3f130906779,CURRENT_SOURCE
index_archivos/operativos/exportaciones/Commons.php,.php,806,7188516644df3be4433c2c1860963ba434523e31dec605e2519f602ef5242a78,CURRENT_SOURCE
index_archivos/operativos/exportaciones/ConexionIntercambioDocumental.php,.php,2124,11a7a52fbc14c4080ff4a0272bad68bbb71daec4d1f4fbc0ab9e23f2b9469d3f,CURRENT_SOURCE
index_archivos/operativos/exportaciones/ExportacionesClass.php,.php,25150,40ac427ef92b616abe84051f99b0faf294b63c9849496e727b695aa586011bf1,CURRENT_SOURCE
index_archivos/operativos/exportaciones/ajax/ActualizarMICs.php,.php,5156,a6be4fa7d80d6ee9562a258fb0dd641d7fac38f7325ad7296bcb9fd57c7805ad,CURRENT_SOURCE
index_archivos/operativos/exportaciones/ajax/ComparacionDocumentosIASA.php,.php,3100,57a5968663f6555c92d889861fbbc8acbce969d46cd2fa189d21fcc1c04cc49d,CURRENT_SOURCE
index_archivos/operativos/exportaciones/ajax/ControlTransitoAlicorp.php,.php,8326,ee3473a18daa81ff87ac25f69f8b1507d1200e356467de88c3539c0bb0f4b410,CURRENT_SOURCE
index_archivos/operativos/exportaciones/ajax/PagoTributosTransitorioImcruz.php,.php,54556,69d44f16520eac5efa46712879de25769af8d933f14175d576986ce8eda51c8f,CURRENT_SOURCE
index_archivos/operativos/exportaciones/ajax/RecepcionFisicaMICs.php,.php,6655,4d3ddcc1afb060ae3bba3bb960b248b84076cb8df6710e01d9f4de41454d285b,CURRENT_SOURCE
index_archivos/operativos/exportaciones/ajax/filtros.php,.php,983,ffd0ab4da86c97b955f65974f256ca53de41e5b80286da69ec069bb68df27d6a,CURRENT_SOURCE
index_archivos/operativos/exportaciones/ajax/reporte-control-gastos-sueltas.php,.php,740,d7ad94f6824caa835e6d7a16f044068cf564a61e0c8d3aba37eb91cda3aec6aa,CURRENT_SOURCE
index_archivos/operativos/exportaciones/ajax/reporte-control-gastos.php,.php,731,6625c84d70246f70f30da54408d74d4470692ac94529397e22323826b975b5c2,CURRENT_SOURCE
index_archivos/operativos/exportaciones/ajax/reporte-fiscal.php,.php,719,a3ad9446cfa44da8e7094ba16caaaa8a687560388a56ce0f3ab14e9637a69150,CURRENT_SOURCE
index_archivos/operativos/exportaciones/ajax/reporte-indicadores.php,.php,782,8912ea241277520fd5feca801eb8cadf4ca2550b65f9ec1302bbe2b13a7a058e,CURRENT_SOURCE
index_archivos/operativos/exportaciones/ajax/reporte-scp.php,.php,10140,95ad1499833d403f2d6dff5b47e061e49795374199a3a06286542533f0f30ff2,CURRENT_SOURCE
index_archivos/operativos/exportaciones/ajax/uploadDatosSCP.php,.php,4338,284e27b933f27a4eea5ed7d036afb9ac6844ca5040b76dc6da6825dbedb9715d,CURRENT_SOURCE
index_archivos/operativos/exportaciones/js/control-gastos-ge-sueltas.js,.js,2154,fc2fb396560458cda1821dde0d0ca7c76ec09a624827e74e7464cc030de41bd7,CURRENT_SOURCE
index_archivos/operativos/exportaciones/js/control-gastos.js,.js,1963,193a47442bf688c5aead850ed0d225f15c737098e22dbf4979df5af908925489,CURRENT_SOURCE
index_archivos/operativos/exportaciones/js/formulario-filtros.js,.js,7546,5f039729ba8922dea6290de75650b0a7a43c4390ef095b05f0ded60867cd0e3e,CURRENT_SOURCE
index_archivos/operativos/exportaciones/js/indicadores.js,.js,3809,22247731d66eb9644cc49f196e4504a550910edfd509c3e39838dbd17522abb2,CURRENT_SOURCE
index_archivos/operativos/exportaciones/js/recepcion_fisica_mics.js,.js,10720,b1a8ef94feda42774b86745131dc3be3ea387bf44713a27111818c440c700191,CURRENT_SOURCE
index_archivos/operativos/exportaciones/js/reporte-comparacion-documentos-iasa.js,.js,1819,5cfde00d7763691b284c6ea559cab79bf5bba4d5b3706c6e27d3e821aec0f391,CURRENT_SOURCE
index_archivos/operativos/exportaciones/js/reporte-control-transito-alicorp.js,.js,1299,72b97eaeebead862ee31b4f03835799070bdcfdc4dc43187ce2adeb0ecf99bfd,CURRENT_SOURCE
index_archivos/operativos/exportaciones/js/reporte-deposito-transitorio.js,.js,4619,700b5969ce81fe79f2c01bebb84a9be61aa041346ae82536bc61d75288bfa711,CURRENT_SOURCE
index_archivos/operativos/exportaciones/js/reporte-fiscal.js,.js,1460,7041b34bfacabdabdb4f5137fc6da296ce876d6cc39e87ffefa0c35095effdc9,CURRENT_SOURCE
index_archivos/operativos/exportaciones/js/reporte-pago-tributos-transitorio.js,.js,5846,c4706d4b61082e02043bec2d8032a9457f6db1e69d55da7cdd6c49e91b52acb6,CURRENT_SOURCE
index_archivos/operativos/exportaciones/js/scp.js,.js,4723,6d05a6439bced79588fc66a7beb31f65558f973d52bccb8a91f3fdc7580beec9,CURRENT_SOURCE
index_archivos/operativos/exportaciones/views/formulario-filtros-indicadores.php,.php,2385,f5207e8b5049a346a4096bef3466a983f2b44ce5fb7b4b0eca554ba49370d0db,CURRENT_SOURCE
index_archivos/operativos/exportaciones/views/formulario-filtros.php,.php,2891,0fc18ff0e9ff7d35def95de3ee76fb76a2e0adf60602229f426a7af2f05b3aeb,CURRENT_SOURCE
index_archivos/operativos/gastos-items.php,.php,9903,e66d8b23bfd9f8b1d86d5f2aa872ccebfb92e4c14440870434034840df922331,CURRENT_SOURCE
index_archivos/operativos/gastos.php,.php,7509,cd60a59d1a80d6a6b1998594d4c9b0db997d981d8a5f013e1b2d810d7fa0e11e,CURRENT_SOURCE
index_archivos/operativos/gastospedido.php,.php,5047,77b125e530af57843e312bced9bfd567e30b46823c04b4649f9ed9a28b7cd6b1,CURRENT_SOURCE
index_archivos/operativos/gastospedidoquery.php,.php,1139,6b38bacfb3914d6d37429e1054c24ff0d21d23b4aea415ddd81cfc6a1e2c01e4,CURRENT_SOURCE
index_archivos/operativos/gastosquery.php,.php,18229,3a033aa9dc9b50f1b313ba7b111a17d02d483ff1319e7c68b9f6c236c048294b,CURRENT_SOURCE
index_archivos/operativos/generadorcodigocontrol.php,.php,8990,72d7852445ab9917064756016849ba28a113b53ce3ddb96b3eb16e69f3e56ee3,CURRENT_SOURCE
index_archivos/operativos/generarfacturaadicional.php,.php,4687,7b6d7ee3829b7af7dd95a035e5a069e3b8ada540698730931f3e7afddcca869e,CURRENT_SOURCE
index_archivos/operativos/generarfacturaplanillacliente.php,.php,6498,ce8b33efc62d818926fc40c818eb2228f1a8979acdeb3812961dcf832db54b18,CURRENT_SOURCE
index_archivos/operativos/generarfacturaplanillacliente1.php,.php,81405,1d93790c529a16e1273b12c0d1b912985c386f51d30182ce5ae10723d1c9dc10,CURRENT_SOURCE
index_archivos/operativos/generarnotacobranzacliente.php,.php,10150,30e5d1b68eece737230ac8cdf26437dd2465a2b27448ff5483238422489b2829,CURRENT_SOURCE
index_archivos/operativos/getIHAgencia.php,.php,765,ea4527f75116abccbba81147362c491f26c3c90e1a5ec60b25116faa263134db,CURRENT_SOURCE
index_archivos/operativos/historial_llamadas.php,.php,5373,b83859f6b61a8e73024eaa60b4c17f96358344d139ab079d8bc71c1139b03627,CURRENT_SOURCE
index_archivos/operativos/historial_llamadas_excel.php,.php,5478,038d831185f5b647ff5619d1ed7afd59c5cf647548cf31d42cc5a21604c4b059,CURRENT_SOURCE
index_archivos/operativos/indicadores.php,.php,5071,1910a49cccf02f6ef5a96327af445eb5ff84c1e00e44f1cae702f00900bc3e53,CURRENT_SOURCE
index_archivos/operativos/kpis.php,.php,5204,e1c2757c450aad00e26fbef768a75a08646f4a894219bfba02508174466abc6f,CURRENT_SOURCE
index_archivos/operativos/kpisquery.php,.php,17258,6b0d17bfadfc4adcee744527c407ad455ef0598088ebfd225878f65a8dcbb8fe,CURRENT_SOURCE
index_archivos/operativos/lrd.php,.php,6885,6f43279fb53a3c631da1de2227938a72767f74f8a1b17c5a5825e6a775bfd445,CURRENT_SOURCE
index_archivos/operativos/lrdquery.php,.php,7768,2041d46aa56f6f5c5270b7414baa5a7b67a578388d00b33f9d5cf3bfe1c9cde3,CURRENT_SOURCE
index_archivos/operativos/modificaciones.php,.php,10149,7530071d0fbb4a399194317bf4e734fd7e2ba4fdb46f4648d027b2966f9012b4,CURRENT_SOURCE
index_archivos/operativos/modificacionesquery.php,.php,14666,6aa1c56fcf4e57b9f376da3262737048b1dc55b36b1000d57c71acd2658574de,CURRENT_SOURCE
index_archivos/operativos/observadas.php,.php,6629,b7566063a38eddccbe8a30d02e6990d263fb11d2029b1a6162230d3b25b045c1,CURRENT_SOURCE
index_archivos/operativos/observadasquery.php,.php,5403,07224df73bc92ea183fab61c78a1f1de9e9d90c5a7e2e94938e1c9f262503b6e,CURRENT_SOURCE
index_archivos/operativos/otros.php,.php,6183,fd82edc41651e8fe33e145082bab2d4b189750b380beab61a0a7dc74eb28adcf,CURRENT_SOURCE
index_archivos/operativos/otrosquery.php,.php,7106,aee96b8e3e29611ca854a7c9da92b9dd2a0b86a1e390031d04fa86832c47a05c,CURRENT_SOURCE
index_archivos/operativos/recepcion_fisica_mics.php,.php,8601,61ef4e902856552fc4a6e5274256523af07362dd39bd2d5b4d89b344aced46e8,CURRENT_SOURCE
index_archivos/operativos/repM.php,.php,5626,91baa7c892f317442fd0022a75b7eb87f2f9eeff367a37f86a26a93268eb36d4,CURRENT_SOURCE
index_archivos/operativos/repMquery.php,.php,8065,fc6917d7d40f22f2f157f95eaeecfcc1b12217b71bc227d00ee836968c349b8f,CURRENT_SOURCE
index_archivos/operativos/reporte-fiscal.php,.php,3940,cba0849268cf999f47c4aca07940453981698a9976f0fb8fda5d6f4745cfb4ad,CURRENT_SOURCE
index_archivos/operativos/reporte-gastos-sku.php,.php,11445,d48850c79fef38dc8167bb1b54f1febaf08530d65234fae6475d37ab0b4a053d,CURRENT_SOURCE
index_archivos/operativos/reporte-gastos-skuquery.php,.php,5286,dcdf74189caf95efe1e26890947fb50aa147c33ddf3846e7817dcdadcd174b85,CURRENT_SOURCE
index_archivos/operativos/reporte-medicion-br-query.php,.php,9229,fccf5bef4ecf440b430814284bdd14f624c381e7b879b078f7e6ece619e4dc41,CURRENT_SOURCE
index_archivos/operativos/reporte-medicion-br.php,.php,10051,0abde9398c99ea65a5c1d377efa0d5e1357ea7adec635c66ad03eb2d9646b05f,CURRENT_SOURCE
index_archivos/operativos/reporte-tracking.php,.php,9958,a51af524d7bde96c388022bb6c314c0a691d0e659a27b502a7768f9ba88222e6,CURRENT_SOURCE
index_archivos/operativos/reporte_comparacion_documentos_iasa.php,.php,5865,9c594e701681ab3714b3393e2a560bf41aede4d88381237873ae684384cfbfb3,CURRENT_SOURCE
index_archivos/operativos/reporte_control_transito_alicorp.php,.php,6202,59ee30636b3c82bc083fc7cb42b0cece582c9a9663e05815212fb047a284bf52,CURRENT_SOURCE
index_archivos/operativos/reporte_deposito_transitorio.php,.php,7509,7f6ace8d147a19521d60aae044326d1cf8fcae1efe0b69fee13bc71ba4117c0a,CURRENT_SOURCE
index_archivos/operativos/reporte_documentos_cbn.php,.php,25054,15cd265e9617775387f1bb4842420fd36ed25e8a0637cf345b4bbb2affb06147,CURRENT_SOURCE
index_archivos/operativos/reporte_documentos_cbn_query.php,.php,16516,12273881e01ddba01fceb79c417fa84f3ac5ea52f58ba0ef6859310d6b7b32d5,CURRENT_SOURCE
index_archivos/operativos/reporte_pago_tributos_transitorio.php,.php,5774,4cfdb3db5b90817043b006fa56dca5e798965b8562e0bb88d08b74cf607c5933,CURRENT_SOURCE
index_archivos/operativos/reportecontrolad.php,.php,16802,836b42c5f6f8f48833da53164b60b212168a235559aeaa7a38114a25f8cd9f22,CURRENT_SOURCE
index_archivos/operativos/reportecontroladquery.php,.php,23449,48c4e583e5ba677f97b03fd240fc45230efa9e6610104151b2ca6f69c398a594,CURRENT_SOURCE
index_archivos/operativos/reportecontrolol.php,.php,12959,e77abc87a0379f9634d26d01df9556c5d6923ce1265eee7c5e182acd99e5042c,CURRENT_SOURCE
index_archivos/operativos/reportecontrololquery.php,.php,31128,b31e84baa59a3f8c8982a0b0dbfbb5dd9717539216fd18705f3f15bfae6ec797,CURRENT_SOURCE
index_archivos/operativos/reportedetallevehiculos.php,.php,46056,19e7f595cb02cd07b30641fd59cdb1a4299edcb8d1006ad4d70e56eb6e7b73ad,CURRENT_SOURCE
index_archivos/operativos/reportedetallevehiculosexcel.php,.php,36784,240a6711c65493b52692524c8888da147e373f0ea345270a2c8a03d3eab2e46b,CURRENT_SOURCE
index_archivos/operativos/reporteembarquesnacionales.php,.php,6690,cf1d36eba5d5591d005b02b38a5f3a9db0d519ad7a3e820fce7ae394a17bb937,CURRENT_SOURCE
index_archivos/operativos/reporteembarquesnacionalesquery.php,.php,3784,ee57da597f503d6c7ba00f67b6acc8177789f01ea7a291953088e47c009c201a,CURRENT_SOURCE
index_archivos/operativos/reporteindicadores.php,.php,13455,c2ffd124cb49663c0b23c2f6b1e7052a5bf8086f1909ca0f65294286e7128f22,CURRENT_SOURCE
index_archivos/operativos/reporteindicadoresquery.php,.php,17382,7563acb52cefd10bb6c89b3cf6a9c93bb46d787de5549a0bad17b9df53c6ac62,CURRENT_SOURCE
index_archivos/operativos/reporteinterrumpidos.php,.php,10306,8bd766d57b9e0472280449a4c571a15a07ef834b34904fca122e04af7de825ed,CURRENT_SOURCE
index_archivos/operativos/reporteinterrumpidosquery.php,.php,8661,060a4d0cb2dbe00308b03cc48db35bb1eb9e97260ecf4f571c8138b4a4152191,CURRENT_SOURCE
index_archivos/operativos/reporteseguimiento.php,.php,14011,e84cc42506adacad8075f24cc8ab11c17642cf60ccdaf43d19c774bd68d6204b,CURRENT_SOURCE
index_archivos/operativos/reporteseguimientologistico.php,.php,14219,0dfcba8ad4e1da7527e8a6656252a643e5a9c03eed51d2cb04ed07b800607bc1,CURRENT_SOURCE
index_archivos/operativos/reporteseguimientologisticoquery.php,.php,82416,a4c80c45fc661766b676b7c41c9fd0eac1d8b8eef909bf650e5707e9b02321a2,CURRENT_SOURCE
index_archivos/operativos/reporteseguimientoquery.php,.php,38820,d55415ecc8f9cf43c310d220794679c4307625929a675552afbb30c872672008,CURRENT_SOURCE
index_archivos/operativos/reportesemanal.php,.php,24334,63fe7c9ac79d400b50b21566575db907f2c6960ed624c908a448dc61d1a9bfb8,CURRENT_SOURCE
index_archivos/operativos/reportesemanalquery.php,.php,31644,6aecb93765501926bb69398a18872eef36c20912c2c1d5d9640a45cb7c528261,CURRENT_SOURCE
index_archivos/operativos/reportetrackingnacionallocal.php,.php,10551,c27bf3e1a36f562515648598ec159d427b482612bcafe56fe0696ed8ef636855,CURRENT_SOURCE
index_archivos/operativos/reportetrackingnacionallocalquery.php,.php,10476,cd873486143833f40b3b64341c8ee3c3881056cef9b9fc1c82012032043b4d67,CURRENT_SOURCE
index_archivos/operativos/scp.php,.php,10963,b860e9ba4c0ca4b8b053a98bc73d8fe128ca233c74ea08a24b8442205cc27ec8,CURRENT_SOURCE
index_archivos/operativos/seguimiento-parte-recepcion.php,.php,7159,655f732276806ab383d7d0cc2472714ddbf9a4562aad86b154e207e8fce97af4,CURRENT_SOURCE
index_archivos/operativos/senasag.php,.php,8054,cc168556ec99f3812d0fd88b613dbc54840ed8e17f3d2c29826ddcb91316fd94,CURRENT_SOURCE
index_archivos/operativos/senasagquery.php,.php,6757,cd71eacbcb2daed9ea4240ccff2c54ed3a63207f24b6dd04c69fd21ef5c6dacf,CURRENT_SOURCE
index_archivos/parametros/agenteAduana/AgenteAduanaClass.php,.php,24921,84c8d4ce4edbe481d8b81468890c45ddc47e9608e99de437998f6f35088b03e9,CURRENT_SOURCE
index_archivos/parametros/agenteAduana/ajax/actualizarAgenteAduana.php,.php,20905,2082932dc5a6ef12bedfb647ac178331bb1dc27edf1f9f58ded20aad1c95f9d5,CURRENT_SOURCE
index_archivos/parametros/agenteAduana/ajax/borrarAgenteAduana.php,.php,215,fd723a543ff1f84b470cfa9d949be33315eefb9042f9b455c450354c7de301dd,CURRENT_SOURCE
index_archivos/parametros/agenteAduana/ajax/borrarDocumento.php,.php,212,bea05386c0db3894164593a5af8bc70d689a805084cf564ff8fed3c87a4e4711,CURRENT_SOURCE
index_archivos/parametros/agenteAduana/ajax/editaAgenteAduana.php,.php,6256,cd1e257161aa938cf587dc258a2cbdc4794f0de968989c8a3f35dfeb19c58b6b,CURRENT_SOURCE
index_archivos/parametros/agenteAduana/ajax/editaDocumento.php,.php,793,76f4feef12eceb530c462443813eb4ede8f2e6222d6ad49cad4953e8cc73d955,CURRENT_SOURCE
index_archivos/parametros/agenteAduana/ajax/enviarCorreo.php,.php,19906,ac5c8c6ccdcb77b400cc5c9c2c617c8b1e10fbbfd81fd39e8d2d972cb73dd2da,CURRENT_SOURCE
index_archivos/parametros/agenteAduana/ajax/getDocumento.php,.php,238,1daa8becd32dedae6e85c836ce5a544aea09088820968ab1fdaa903825f17484,CURRENT_SOURCE
index_archivos/parametros/agenteAduana/ajax/getTipoContacto.php,.php,230,ce392d399a7cad4927c9f69687d07b039cda6f48db118a361bc7bf0193fa2f66,CURRENT_SOURCE
index_archivos/parametros/agenteAduana/ajax/guardaDocumentos.php,.php,713,da6866537179434e073eccb7ddac971c48ddc99938f4cfba3bcaf8ca555499cf,CURRENT_SOURCE
index_archivos/parametros/agenteAduana/ajax/guardarAgenteAduana.php,.php,3322,9da93baf1eddbc539a0fdac7d07e2e1ee5fe74b32f83b86de6382d55d370c80b,CURRENT_SOURCE
index_archivos/parametros/agenteAduana/ajax/listaAgentesAduana.php,.php,2347,25a40be783a1c015ab0aed9e18c9fab709a39c94d7780631af85cc0b8b69d54a,CURRENT_SOURCE
index_archivos/parametros/agenteAduana/ajax/listaTotalAgentesAduana.php,.php,2076,24a3d46fd1ac5ab89ffac0bfb50252482b830e0a650ce219779ac5abe8fe0d7b,CURRENT_SOURCE
index_archivos/parametros/agenteAduana/componentes/datosAduana.php,.php,15204,cf42c531025d4dfa756f65ffdfb36cf626d4487c62a82e038d0741aacbf431b5,CURRENT_SOURCE
index_archivos/parametros/agenteAduana/componentes/datosAduanaAdicional.php,.php,3431,612b7a9c3e562d749ce540e44839eaa2e1dd559b9d7407bbdd81508671590125,CURRENT_SOURCE
index_archivos/parametros/agenteAduana/componentes/datosAgencia.php,.php,5188,d050502c24ba88597f4b0857eab89f40b06b46e6ea5f3ac51766b73ceb858693,CURRENT_SOURCE
index_archivos/parametros/agenteAduana/componentes/datosAgenciaAdicional.php,.php,2959,425d7c2e7c0920c00bceef5ec7f63b2fab82e084951691291743595018e2a1d2,CURRENT_SOURCE
index_archivos/parametros/agenteAduana/documents.php,.php,5273,ed8c7d738a8032e9de4ac0e1595a1ddc89e8cdae4f50d5f6df3a8b3ee0f5429c,CURRENT_SOURCE
index_archivos/parametros/agenteAduana/documentsAgencia.php,.php,4113,ce6d1b8974c3f98116d9e8936fb5239458e53fa1f305112a88ba53bea3256121,CURRENT_SOURCE
index_archivos/parametros/agenteAduana/edit.php,.php,4480,7a1a3a2779352a1ce925bf977c2b52c9752645898b7699c26888cff432c641a5,CURRENT_SOURCE
index_archivos/parametros/agenteAduana/formInfo.php,.php,8863,0337886de2eac2f3707332c2af78b3ca50adcfc9abe8769318eea50e4c71bc49,CURRENT_SOURCE
index_archivos/parametros/agenteAduana/index.php,.php,5184,a12bb48799785cdfdd2f145b70d5a8b05e70639f39b957d8dd56894ee9b8f4f2,CURRENT_SOURCE
index_archivos/parametros/agenteAduana/js/datosAgenteAduana.js,.js,25072,e58ae9d2762ee6e1a963ae0335e02925322cbf734b0f8de100dacc972c9d7dab,CURRENT_SOURCE
index_archivos/parametros/agenteAduana/js/documentosAgenteAduana.js,.js,5652,a567a392a1dba52fd7c48d7dbc7bc450f2cf9a7f8baa13182c1eae767901225c,CURRENT_SOURCE
index_archivos/parametros/agenteAduana/js/pluginAddRow.js,.js,583,efc474ee0501b42f85ba316a0a2618a17e968128513763cf137ec4c09c84d0ba,CURRENT_SOURCE
index_archivos/parametros/agenteAduana/verAgencia.php,.php,3702,825592e0c494c9cc3a6c6136eddb0c915e838d52eea89a1ea6cee3d3446dc645,CURRENT_SOURCE
index_archivos/parametros/agenteAduana/views/404.php,.php,1225,6fa6cfc5fea50081514e0da21230118698a8119f8cb0abd98b705a7860660438,CURRENT_SOURCE
index_archivos/parametros/agenteAduana/views/formComplete.php,.php,1327,ccc6962e0af28540e5146a5ab69db1b09d59825c322e1836395989d3e8d178fe,CURRENT_SOURCE
index_archivos/parametros/agenteSeguro/AgenteSeguroClass.php,.php,20993,30cfa47e92f50c1fee1debd30d11b05300226265f1d805c7db0f3501d1f2e51a,CURRENT_SOURCE
index_archivos/parametros/agenteSeguro/ajax/actualizar.php,.php,4862,2cd68fc660f6563e1ee8a8630305c3403e6d812fa91cb2b32d9d304b678a100f,CURRENT_SOURCE
index_archivos/parametros/agenteSeguro/ajax/borrar.php,.php,203,d7f2e4b088ed519fa0cd2e09497ff4e95bf60384c8ac842f01dc85a3a8a9b9a5,CURRENT_SOURCE
index_archivos/parametros/agenteSeguro/ajax/borrarDocumento.php,.php,212,204f2f5660474ececf40a88bfd58f93b7004aceb384d94f4a727be73a5d2051d,CURRENT_SOURCE
index_archivos/parametros/agenteSeguro/ajax/editaDocumento.php,.php,792,c661ed5c81cea9c2c775a524bb790683d6fe37cf82af256a8e0d6810f272b19f,CURRENT_SOURCE
index_archivos/parametros/agenteSeguro/ajax/editar.php,.php,4068,7038acc2d55d1cea2b8e8eb04adb9f93a030d114333a492c02ca6c65475515e3,CURRENT_SOURCE
index_archivos/parametros/agenteSeguro/ajax/enviarCorreo.php,.php,1644,7eb5dd23f1eb9be708cc63c37ebcf9b8e878f254046c27575dbf8fcd531feddd,CURRENT_SOURCE
index_archivos/parametros/agenteSeguro/ajax/getDocumento.php,.php,238,1e803f55de6aa3397a8886be5bf2dea0d39ee04ab3637fd826c3a85865c9e000,CURRENT_SOURCE
index_archivos/parametros/agenteSeguro/ajax/guardaDocumentos.php,.php,712,725a531ba06a6697fdeebb08ffa553dadb227f95cd3dba21cda7f017a16b549d,CURRENT_SOURCE
index_archivos/parametros/agenteSeguro/ajax/guardar.php,.php,2744,b6cf23cacbfe5b75c5fd8b867272c3ac1836dc16a3d845880ff6f4456ee5cb54,CURRENT_SOURCE
index_archivos/parametros/agenteSeguro/ajax/lista.php,.php,1666,a9ba76fe70fbb65778cd744397d0c5d6d235489797ef6fef728a968cd7d5a962,CURRENT_SOURCE
index_archivos/parametros/agenteSeguro/ajax/listaTotal.php,.php,2017,b61544c07bd62e5a056215a607657d3657d1d12608853241efc3d7ee607b932d,CURRENT_SOURCE
index_archivos/parametros/agenteSeguro/componentes/datos.php,.php,12136,3af8981c9e4222bb819203fb33c3458823cc3f5d680ee391d038dfd8f0ffa691,CURRENT_SOURCE
index_archivos/parametros/agenteSeguro/componentes/datosAdicional.php,.php,2895,5d4729ee30d8cb85e3a6cb2bc6f452f4a13f41d1ec3dea580a3fe22c26adff93,CURRENT_SOURCE
index_archivos/parametros/agenteSeguro/documents.php,.php,5212,fe399e5ab896c5a1f67f7863f56068ad979e1d088ee5c56cd0d8a9e36da026ec,CURRENT_SOURCE
index_archivos/parametros/agenteSeguro/edit.php,.php,4345,23c8b2d894b11ed10c350e6995c373827616fbd673bf7786e7c15e1a883a64b9,CURRENT_SOURCE
index_archivos/parametros/agenteSeguro/formInfo.php,.php,8724,db2e177a2231bee0684fb354482a4596b7018324732ef5b64ebbff2710397389,CURRENT_SOURCE
index_archivos/parametros/agenteSeguro/index.php,.php,5365,4dd3a85eb958f17eff38d8ad495f73eff8de61603a9860c9430a9c7c4219beb7,CURRENT_SOURCE
index_archivos/parametros/agenteSeguro/js/datos.js,.js,16320,0586fa66bfbc1853eb28c98975eaac7271cff13d525193d26748fec2ec3e9167,CURRENT_SOURCE
index_archivos/parametros/agenteSeguro/js/documentos.js,.js,5651,1434c90eb30499ea9ce6c3d8ea018f34ba705d1d14273e831d1e36ee0798f4c4,CURRENT_SOURCE
index_archivos/parametros/agenteSeguro/js/pluginAddRow.js,.js,583,efc474ee0501b42f85ba316a0a2618a17e968128513763cf137ec4c09c84d0ba,CURRENT_SOURCE
index_archivos/parametros/agenteSeguro/views/404.php,.php,1264,9fc70fb267902dca4a3541a9a6ed5102c754f007c6f28e02bc30ebeacfd9af94,CURRENT_SOURCE
index_archivos/parametros/agenteSeguro/views/formComplete.php,.php,1327,ccc6962e0af28540e5146a5ab69db1b09d59825c322e1836395989d3e8d178fe,CURRENT_SOURCE
index_archivos/parametros/agenteTracking/agenteTrackingClass.php,.php,4396,09f5cf3760e40e70fcaed0bf32c28a52aa347477ed697adc39a3712bc539f0dc,CURRENT_SOURCE
index_archivos/parametros/agenteTracking/ajax/borrar.php,.php,197,14ed962cb45ea401866c23c681d900b31339e8164186f3346f62472700868ad3,CURRENT_SOURCE
index_archivos/parametros/agenteTracking/ajax/detalle.php,.php,304,26870d1bbe6eab997893c1ab7c486f5c4786fb2c7f5a4f0da0919bf7b622c95e,CURRENT_SOURCE
index_archivos/parametros/agenteTracking/ajax/guardar.php,.php,834,9558bb7ff4ef782c5e0104818f79127db0ae7e2165114f2fbd3cfcf28e6cb543,CURRENT_SOURCE
index_archivos/parametros/agenteTracking/ajax/lista.php,.php,1237,841d71bacb8e432a1b892a4a6f5ed4be9fee0121b564d33de722021e1484d399,CURRENT_SOURCE
index_archivos/parametros/agenteTracking/componentes/datos.php,.php,4350,63bf2156c1d96a9c4d25dd2c1128e505ffe252cb3ca2ea36ba0ebbb9d60db450,CURRENT_SOURCE
index_archivos/parametros/agenteTracking/index.php,.php,5781,ee8dc89dd1d2319eec6f10611ce2c3c41125c2c1a541ccb2cccbf961a4889fb7,CURRENT_SOURCE
index_archivos/parametros/agenteTracking/js/datos.js,.js,6687,85804917bfaf8631754b4ba415f16ff2deb7c160c7405e7f819526744247549b,CURRENT_SOURCE
index_archivos/parametros/commons/components/documents.js,.js,9157,95a981861db40e894b55031fa3c02fcf3e2932820e4d661e0b97546961c65043,CURRENT_SOURCE
index_archivos/parametros/commons/components/external-documents.js,.js,2982,228acaef7ca581ea2b71925c8afc768a83f35ee49e6a2162cb525cd7cd030b6a,CURRENT_SOURCE
index_archivos/parametros/commons/components/formulario.js,.js,4022,2f565e3e0b295e21ee0740fb1636155a0d1206fcdd7f3d95e0285dee2d9c604c,CURRENT_SOURCE
index_archivos/parametros/commons/components/formulario_adicional.js,.js,2490,4dd3ddc0f7642639c34fae78dd2f180d7010e6f48965d99bce8040b82bd77f0d,CURRENT_SOURCE
index_archivos/parametros/commons/components/modal-nuevo-parametro.js,.js,2789,5f7caa21c117106e9d2714b759ed8a63ccabb1b214d3e5f83671b8037208704a,CURRENT_SOURCE
index_archivos/parametros/commons/components/tabla-lista-parametros.js,.js,4174,ac392801a2a859c69ecf88e0deb00fb0ac6f9bd3c71be67dc03e26b1cfb075e9,CURRENT_SOURCE
index_archivos/parametros/consignatario/ProveedorMercancia.php,.php,38402,01e0b350d9ad890bd299109a2038b49f02dc878f355e0ab21f18ae542e7e963d,CURRENT_SOURCE
index_archivos/parametros/consignatario/ajax/actualizarProveedor.php,.php,12240,b2629dba1bdffab5d2cbd51382dda3c1862f14c6f4275fd972d37e5c10adbaf4,CURRENT_SOURCE
index_archivos/parametros/consignatario/ajax/borrarDocumento.php,.php,221,f290485b7754d4c700c5f9ed7a6dffcd6c8cb6b1088b9eb95dff0cd32783b6cd,CURRENT_SOURCE
index_archivos/parametros/consignatario/ajax/borrarProveedor.php,.php,694,f335feaee6dbe34a1266579600e3e9abaa3d43d96cd176c3f388d628c4c20b29,CURRENT_SOURCE
index_archivos/parametros/consignatario/ajax/editaDocumento.php,.php,840,49a7f37e4c9e40e63f8b979a1ca3af38568096083ea2160bc03c757dc1c40466,CURRENT_SOURCE
index_archivos/parametros/consignatario/ajax/enviarCorreo.php,.php,5489,101a614dfb9c21bb932888572c98371de6daafa004e82911c0be791fac9ae1fb,CURRENT_SOURCE
index_archivos/parametros/consignatario/ajax/getDocumento.php,.php,218,341d9ceadbf66a2c22f8821d28518570feaf627ca291768b2442190b41b681bc,CURRENT_SOURCE
index_archivos/parametros/consignatario/ajax/guardaDocumentos.php,.php,799,1bc8bd7c63ba06fc35112e41606c56ebcba84738791333bc2df742eb5a29f1f1,CURRENT_SOURCE
index_archivos/parametros/consignatario/ajax/guardarProveedor.php,.php,5027,ec98f08be231f2443d6101e94306e279304d724c89d835b3b8e88a5297b5594e,CURRENT_SOURCE
index_archivos/parametros/consignatario/ajax/listaLocalidad.php,.php,707,bc7e6d1387281893764f3cd71dbaa3c21a2b3bbd248f562ed9900ff2b79e0635,CURRENT_SOURCE
index_archivos/parametros/consignatario/ajax/listaProveedores.php,.php,2937,daf80d9249d9f5b5e51c6ab8d1bd491d572dcc1e69d278266f082c2ae206977f,CURRENT_SOURCE
index_archivos/parametros/consignatario/ajax/listaTotalProveedores.php,.php,2321,632facd72513ae4ecd2191936b19f3a5ab371fbd086975a4f2012755bd2b214e,CURRENT_SOURCE
index_archivos/parametros/consignatario/componentes/camposVacios.php,.php,6424,661e51455d5fc77b5e12dc21bbeef93ec775ed96161fa6f6a31533d8da43a255,CURRENT_SOURCE
index_archivos/parametros/consignatario/componentes/datosProveedor.php,.php,22326,26815407895e32a13091a6f3555febcbde3e18c2cb39f6f922ae910777afac98,CURRENT_SOURCE
index_archivos/parametros/consignatario/documents.php,.php,5391,6b008e34a0eb54e24a60c002ddd037103a459f10986fe37302f48c91f116fcb2,CURRENT_SOURCE
index_archivos/parametros/consignatario/edit.php,.php,6824,9969acc756012ba83e8ebe0a4dd920a3a78e86b376ba0f87af549d3071fb6b3b,CURRENT_SOURCE
index_archivos/parametros/consignatario/formInfo.php,.php,11833,a234d74982baee376ea8e0c14a64845ca5ddf6454c2a14a8adf59fd73acde6b1,CURRENT_SOURCE
index_archivos/parametros/consignatario/index.php,.php,8112,28ac594975868096c0243ded4d0f3ac3a6cfcdb66ae8dcfffce22cfab3c19617,CURRENT_SOURCE
index_archivos/parametros/consignatario/js/datos.js,.js,17469,4767e579d073df2aed80b989bf51b7a48d4d3213cce56d29007f4f19bbe75c2b,CURRENT_SOURCE
index_archivos/parametros/consignatario/js/documentos.js,.js,4846,f1a8bf8828061009474379330354d20e7f1ad4988944619b3f9f94dec7efb14c,CURRENT_SOURCE
index_archivos/parametros/consignatario/js/pluginAddRow.js,.js,543,f896a7fbf95e5d74214fc84622e3b0611cae9a298b83f87007243df6cd45b1ba,CURRENT_SOURCE
index_archivos/parametros/consignatario/language/en.js,.js,1363,406487d74b3671d6c0118f9d61d6be44e04e354b725e83228f3e10ad3a733b72,CURRENT_SOURCE
index_archivos/parametros/consignatario/language/es.js,.js,1503,e9f2c759dadc38c5f152f524b8ea1649437004d3784f420599db0f1919209621,CURRENT_SOURCE
index_archivos/parametros/consignatario/views/404.php,.php,1262,43f974a29138f3fac9214e201213b74ac777b6da387041dae2c647483ee1e90e,CURRENT_SOURCE
index_archivos/parametros/consignatario/views/formComplete.php,.php,1327,ccc6962e0af28540e5146a5ab69db1b09d59825c322e1836395989d3e8d178fe,CURRENT_SOURCE
index_archivos/parametros/control_certificaciones/Respuestas.php,.php,492,ca2389bcedbc83ecb36cf36f4200fc4062b70186c8390ff0d7d1d150c37c5e13,CURRENT_SOURCE
index_archivos/parametros/control_certificaciones/ajax/ap_madres.php,.php,212,1136caada206443007df63dfac53b66bc94b29751035a537e2e50ae1afbdc05f,CURRENT_SOURCE
index_archivos/parametros/control_certificaciones/ajax/cetificados-vencidos.php,.php,246,d2431200c0087f985838b9a9bb2feb47d2ade70eff927ff1bac1a9a8f212e21e,CURRENT_SOURCE
index_archivos/parametros/control_certificaciones/ajax/control-certificaciones.php,.php,527,f4c2214ac601ac45cfd3b546fbc3c8510ac37e266a519cb2982e2b3aa184365f,CURRENT_SOURCE
index_archivos/parametros/control_certificaciones/ajax/control-certificado.php,.php,370,244a544e312307b8872b8687663e97ef3789f160dea1e99325d37f555d8eeede,CURRENT_SOURCE
index_archivos/parametros/control_certificaciones/ajax/detalle-vehiculo.php,.php,260,930bbd5031903d6c389bffe746084a964500556840805bcfe10f72cbcacb5f70,CURRENT_SOURCE
index_archivos/parametros/control_certificaciones/ajax/editar.php,.php,2207,b99c1e38464762cbf995eb279bdbc00ed75e851ae6fbff6a1a0d6ca758e4642f,CURRENT_SOURCE
index_archivos/parametros/control_certificaciones/ajax/modelos.php,.php,249,c37892b118f31486737f5a8221554fa08bda3d55542c46ab4b3d79f573b6a5c5,CURRENT_SOURCE
index_archivos/parametros/control_certificaciones/ajax/registrar.php,.php,2440,9eb4a6d816969bc3c138eeeeaf5b44a91d3d875ab54e1b69cbec4fb8bde0c7bf,CURRENT_SOURCE
index_archivos/parametros/control_certificaciones/ajax/subir-archivoOCR.php,.php,2777,5ceeb9469d92ae67c8e5ba0612ef33276702f101acedd7cd7e782b40244fa0da,CURRENT_SOURCE
index_archivos/parametros/control_certificaciones/ajax/tipos_documentos.php,.php,265,6a25125d22cba88410867a77a7621435050599f4b0fa39037125ec0b68ea8d44,CURRENT_SOURCE
index_archivos/parametros/control_certificaciones/ajax/valida-ap-modelo.php,.php,213,06ab63b9bf73482b24b07a9b2fd3d25449087c7b0646ec0328932db8f34bfd76,CURRENT_SOURCE
index_archivos/parametros/control_certificaciones/componentes/button.js,.js,888,9553436bbf48613dac93e4291a07c75412dc9bbc1105308f7412b39591c4534b,CURRENT_SOURCE
index_archivos/parametros/control_certificaciones/componentes/certificados-vencidos.js,.js,1032,438dfb1ff4b5e60017ed2b2a4c33cacd0e6d540d0762179301e3efb7630877c0,CURRENT_SOURCE
index_archivos/parametros/control_certificaciones/componentes/search.js,.js,1906,2b18da9bcfe8b9f3ce6dd49ccd7eeca95d5aa8dabb902f7ef85be135bb064466,CURRENT_SOURCE
index_archivos/parametros/control_certificaciones/controladores/CommonController.php,.php,9398,579bba4daea01c6e3ef47bb484ef237dc42d37c7345125157ece7bc7d1c47dcc,CURRENT_SOURCE
index_archivos/parametros/control_certificaciones/controladores/ControlCertificacionesController.php,.php,8549,6796e79d75372c931825d95b48b610f260cea9687e0f8e099cce1e9560d7c248,CURRENT_SOURCE
index_archivos/parametros/control_certificaciones/editar.php,.php,25824,3710f6144f46e93644d642f53e58cf3746b5ef4db7add4df1ac9308a154c909a,CURRENT_SOURCE
index_archivos/parametros/control_certificaciones/excel.php,.php,1233,705f76f37da35eda0674b495196f22a7212c262d19371561de41e8dd1df9f49c,CURRENT_SOURCE
index_archivos/parametros/control_certificaciones/index.php,.php,5184,e67a30366720ca8ea69f98e5f7d6055ad57901315beb7232b9be4c0fd93ed325,CURRENT_SOURCE
index_archivos/parametros/control_certificaciones/js/editar-registro.js,.js,18759,30d9cdfbeb1053adf22a3fc928ec31e55b44f0b676c3b2543ad0824e930b377d,CURRENT_SOURCE
index_archivos/parametros/control_certificaciones/js/index.js,.js,2136,1b561cfe1da99f5a674ae261603eb25fc199b247d0198414689c98a1d7072332,CURRENT_SOURCE
index_archivos/parametros/control_certificaciones/js/nuevo-registro.js,.js,13318,117b0473876f60e5e3ff551ed942db2673f7df0cefb5d90a03ee2948b0378991,CURRENT_SOURCE
index_archivos/parametros/control_certificaciones/notificaciones/notificaciones-boleta-garantia.php,.php,4164,ff25890fce97b3b354f77c8ac955eb32c3651bf05d6bfe97c8a6b6e1a97ee8b6,CURRENT_SOURCE
index_archivos/parametros/control_certificaciones/notificaciones/notificaciones.php,.php,4353,a844f5163c6a1c5618657a7365c975bab6458a60dd7a7ce079170b8380796da2,CURRENT_SOURCE
index_archivos/parametros/control_certificaciones/notificaciones/notificaciones_mensuales.php,.php,5056,20e6efc382c0a5b5910846a95a8c6c708cb4913c967fc0c3e066e597ab3bbc11,CURRENT_SOURCE
index_archivos/parametros/control_certificaciones/notificaciones/notificaciones_semanales.php,.php,4327,db8c383f3cd5333e5b74efafb06b1b731a9386481f90b3133ce1c18c7ee5701c,CURRENT_SOURCE
index_archivos/parametros/control_certificaciones/nuevo_registro.php,.php,24630,fdc7c417669ed44146e799e73d5fac864d24af0ca2a09d11a9e8acfc99ed666d,CURRENT_SOURCE
index_archivos/parametros/depositosEspeciales/documents.php,.php,3271,718e37460c1573ccf4d9c8880f3aefab87bc5d7f924a39b49f73386fb4853322,CURRENT_SOURCE
index_archivos/parametros/depositosEspeciales/edit.php,.php,5881,ae1206b1d835760bf23ab2edea075ea172cc4534be41e848879e61701c5d165d,CURRENT_SOURCE
index_archivos/parametros/depositosEspeciales/formInfo.php,.php,6212,8635d584a0c94db64ba3812e4a4dad5073a64b81e0c47f0fe9d67c84ccfd12e5,CURRENT_SOURCE
index_archivos/parametros/depositosEspeciales/index.php,.php,4271,e8b66d7f0cd7d9c5674b81ecf2745ef78ffb0abb8d2216c28a32c3e0ade14fc0,CURRENT_SOURCE
index_archivos/parametros/gestorTransporte/GestorTransporteClass.php,.php,22663,204d9e3b541a0cb012334f69a85510964d9e1dfb2b1742c0944d74b9f26ddd32,CURRENT_SOURCE
index_archivos/parametros/gestorTransporte/ajax/actualizarGestorTransporte.php,.php,21027,b747cd17915877c01d3f34c8884a1d11a4425e784c8d770b90e2267fa15883b2,CURRENT_SOURCE
index_archivos/parametros/gestorTransporte/ajax/borrarDocumento.php,.php,214,3a57ecf70d63d7161a6319bb8bba98d8083cc47003714fb0ca0405d533c43651,CURRENT_SOURCE
index_archivos/parametros/gestorTransporte/ajax/borrarGestorTransporte.php,.php,217,0bf743ba229333977a37580d3dbe832667e3a7dc3e8cb56371e302f0ea22244a,CURRENT_SOURCE
index_archivos/parametros/gestorTransporte/ajax/editaDocumento.php,.php,789,5e625fe534886a790cbda6f100e7a9955f1061e9d5c973a0a5a01122bc858cd0,CURRENT_SOURCE
index_archivos/parametros/gestorTransporte/ajax/editaGestorTransporte.php,.php,4348,e9fb5b46e767996ac03e96ccfc03c60fb029da2d428768646864d5d0f7813e58,CURRENT_SOURCE
index_archivos/parametros/gestorTransporte/ajax/enviarCorreo.php,.php,18709,d14866c82fb61dec6a42e7f922d054a4418c982be36f200c7fcd7875c04d688f,CURRENT_SOURCE
index_archivos/parametros/gestorTransporte/ajax/getDocumento.php,.php,237,7b35d62f3b89740d49d5dca84c610afdcb552ae2de39cf7af750726783ff447e,CURRENT_SOURCE
index_archivos/parametros/gestorTransporte/ajax/guardaDocumentos.php,.php,708,3a094e7957f4b3f26aceb2802eade929497b29ddb59546a305c94dd0d7404f76,CURRENT_SOURCE
index_archivos/parametros/gestorTransporte/ajax/guardarGestorTransporte.php,.php,2776,16f227d6369b65c52578ef7a451bd74add05f5dca3f71fb8384fcec7a0f84b32,CURRENT_SOURCE
index_archivos/parametros/gestorTransporte/ajax/listaGestorTransporte.php,.php,1733,57d1ae386eb073436489a8aa29b9ff06258f7426f08506a74aa469b2a0c7bc1b,CURRENT_SOURCE
index_archivos/parametros/gestorTransporte/ajax/listaTotalGestorTransporte.php,.php,2083,9c32747d14994f61ba8bfe0559bef0e1d3cdb9e496ce9293d32e0e2340cade0e,CURRENT_SOURCE
index_archivos/parametros/gestorTransporte/componentes/datosGestor.php,.php,12522,c2cf0274023a9c9a9e884f57f3e6f3f602ace11cff031f4a951ead30a19e1af6,CURRENT_SOURCE
index_archivos/parametros/gestorTransporte/componentes/datosGestorAdicional.php,.php,3448,80bb1c672496d4d4d81f3fb2aff4252a15879a7efda88eb8689694a19e9dc501,CURRENT_SOURCE
index_archivos/parametros/gestorTransporte/documents.php,.php,5317,82a7a7783adcf57d9b754e8ad87e85bb44bf6b09f292d5fab054a694924d8ae6,CURRENT_SOURCE
index_archivos/parametros/gestorTransporte/edit.php,.php,4477,e2ff95b0f7d3790718a098f8844a6a4bdec61fd1c34b176f205b0a9a723beebe,CURRENT_SOURCE
index_archivos/parametros/gestorTransporte/formInfo.php,.php,8779,0c5161709e554ccf25a63f0467a6eacaa1b278d310ced6c0c6c1780cd8754632,CURRENT_SOURCE
index_archivos/parametros/gestorTransporte/index.php,.php,5217,7c8562a6b52c9ab39101bf1156f850ee4268bda6c0639e01686d426cbd600a5c,CURRENT_SOURCE
index_archivos/parametros/gestorTransporte/js/datosGestorTransporte.js,.js,16455,a99d14aaf08661f67bd130477cb4fd8e35c7df08b425a058ecb3cf18691e265f,CURRENT_SOURCE
index_archivos/parametros/gestorTransporte/js/documentosGestorTransporte.js,.js,5486,17ab48605d80e04c754acf3abaed8af5f715409640ead6adc5d3a3bb9093d443,CURRENT_SOURCE
index_archivos/parametros/gestorTransporte/js/pluginAddRow.js,.js,563,b0e629e9e13c55e930f19d93ec67d7a023290357e58d0cc1492b264f58596634,CURRENT_SOURCE
index_archivos/parametros/gestorTransporte/views/404.php,.php,1131,16fabde85f409596051513da5a960c1580025570f5736049a7e3c627c71bc6a6,CURRENT_SOURCE
index_archivos/parametros/gestorTransporte/views/formComplete.php,.php,1198,a6f418a01ce5afd21891cf6e2a8c151a760353e662781509542cb6dab8de4c8c,CURRENT_SOURCE
index_archivos/parametros/gestor_transporte/GestorTrasnporteClass.php,.php,508,250ef154f6204d161a352a6c9ba144564cd8a81e4596702678517512c6301a93,CURRENT_SOURCE
index_archivos/parametros/operadortransporte/OperadorTransporte.php,.php,25080,40611193a75810c46d9db20f9a824a2252cc4b0a331815b2720dc1c7b2753392,CURRENT_SOURCE
index_archivos/parametros/operadortransporte/ajax/actualizarOpeTrans.php,.php,4362,4adbf5df0f12c5b0efb9ed73dce749aa661ab89899e84699f395895a953ba1a7,CURRENT_SOURCE
index_archivos/parametros/operadortransporte/ajax/borrarOperador.php,.php,546,9a8d777abca72b824a02bacf5b3ee7b2a8f7a3d30ec991799bdd0f3e7f4a998c,CURRENT_SOURCE
index_archivos/parametros/operadortransporte/ajax/borrardocumento.php,.php,219,251533dd73d3ca4d29cca6c6903ea4da7076797474702ca1c41bba0b5d9ec22c,CURRENT_SOURCE
index_archivos/parametros/operadortransporte/ajax/editaDocumento.php,.php,688,f8b760d951ccfdd6c3a942bc966671c1eae0762129baca66597bef25e0299e19,CURRENT_SOURCE
index_archivos/parametros/operadortransporte/ajax/editaoperadortransporte.php,.php,1386,f3538de008b1e0da9a7a87c3f72764f4d5459d39bf1b43e14295542771901bdd,CURRENT_SOURCE
index_archivos/parametros/operadortransporte/ajax/enviarCorreo.php,.php,3824,c11ccd27be61f49239707fcd45953c66666f1598da92b57bcc3524da6a18d63d,CURRENT_SOURCE
index_archivos/parametros/operadortransporte/ajax/enviarNotificacion.php,.php,1758,524678ddda296da8e0c6e77d9c699d56aba99c84d25f156f3d4ee07bef3fce32,CURRENT_SOURCE
index_archivos/parametros/operadortransporte/ajax/estadoUsuario.php,.php,814,d9f9f4176f603fb2a0d144a194f40ef1db0e0f4e6187ce39d1e1a54c64f4fde9,CURRENT_SOURCE
index_archivos/parametros/operadortransporte/ajax/getdocumento.php,.php,218,641e5bce3fd317f0465c27b73b7f686c1a94ca8cc786c8a1d2ff4cbf67f57123,CURRENT_SOURCE
index_archivos/parametros/operadortransporte/ajax/guardaDocumentos.php,.php,774,6b705df6545e28193f280c8222b9c0d55232bc6db1fa03fbdf274c0561418048,CURRENT_SOURCE
index_archivos/parametros/operadortransporte/ajax/guardarDocumentoToken.php,.php,1073,c4d5598c9ea9b71117975d3ce3b867791069d33089afd3ec2a76fbb565e4cf50,CURRENT_SOURCE
index_archivos/parametros/operadortransporte/ajax/guardarOpeTrans.php,.php,1291,1e311cf65f5f4e32dd4192179f2b24ce757072e52bd10ea4b4ad13ae74a670e2,CURRENT_SOURCE
index_archivos/parametros/operadortransporte/ajax/guardarUsuario.php,.php,2660,9cf757d1784e433e90fb2ab6ae039a8190b8376076593e747037adfeb349a982,CURRENT_SOURCE
index_archivos/parametros/operadortransporte/ajax/listaOperadores.php,.php,2177,8ffdc3938d06b3f4f1b30a1886026cb86e455e267a87dd086fb2f0313582fde8,CURRENT_SOURCE
index_archivos/parametros/operadortransporte/ajax/twofa.php,.php,335,6089b9156bfdfe6a0178834723e5ecb58c104d9cd7c9a6eb3aaaf67acd8335dc,CURRENT_SOURCE
index_archivos/parametros/operadortransporte/ajax/validarUsuario.php,.php,931,c52d90450377d38a920653eb770a20a2296139f0620f8167d0bddf71774c6527,CURRENT_SOURCE
index_archivos/parametros/operadortransporte/componentes/datosContactos.php,.php,6865,8aadf70ac0bf61990e6066b51d526eca59ead88ec068bfcb5d4cb24cd6878654,CURRENT_SOURCE
index_archivos/parametros/operadortransporte/componentes/datosOperador.php,.php,6556,f560f3c3bd080a4aede99965b4ab19ffa961cd94a5a1b80879f30ed9202280e5,CURRENT_SOURCE
index_archivos/parametros/operadortransporte/componentes/datosOperadorAdicional.php,.php,3054,9e6c7a5b59759f1469e8950705eaaba938f35eb1bc14a566501f06087dbc4e58,CURRENT_SOURCE
index_archivos/parametros/operadortransporte/documents.php,.php,5746,3c6143e5bd215196a99b59fb5da08feb4143db2c1a860bad5ccb3f26903c8d91,CURRENT_SOURCE
index_archivos/parametros/operadortransporte/edit.php,.php,4575,5c138635412b80f14910071130fbe7a76f1cb67a7f7ce5dd8b7f047644d4fd76,CURRENT_SOURCE
index_archivos/parametros/operadortransporte/formInfo.php,.php,8025,96e9fef89d4c3a075775f184f98f125e435cc51bdf5334eb7155d0d506db4684,CURRENT_SOURCE
index_archivos/parametros/operadortransporte/index.php,.php,5313,88e6080aead8846e832c352aa0c868bb78efd6f35e6e616ba99aa40c2be2fd5c,CURRENT_SOURCE
index_archivos/parametros/operadortransporte/js/datosOpeTrans.js,.js,12528,fc26986900c7b01211e8bc11529ff370bed1a029a3198c53086367ace99fbda7,CURRENT_SOURCE
index_archivos/parametros/operadortransporte/js/datosUsers.js,.js,7352,bc54c2b670582e05a98e243ffb885659fd5225acaaa17d6069aa80b59ba4744d,CURRENT_SOURCE
index_archivos/parametros/operadortransporte/js/documentosOpeTrans.js,.js,5151,a519dafa0ef3fe4266e40faa87d05072cb2b8f9d981d30922e1b02c48ef7e6ce,CURRENT_SOURCE
index_archivos/parametros/operadortransporte/js/pluginAddRow.js,.js,543,f896a7fbf95e5d74214fc84622e3b0611cae9a298b83f87007243df6cd45b1ba,CURRENT_SOURCE
index_archivos/parametros/operadortransporte/users.php,.php,8410,1dbad6f569667c11ee22972e58fed962e5c0d0766138edf2959d46286a0bfb28,CURRENT_SOURCE
index_archivos/parametros/operadortransporte/views/404.php,.php,1264,9fc70fb267902dca4a3541a9a6ed5102c754f007c6f28e02bc30ebeacfd9af94,CURRENT_SOURCE
index_archivos/parametros/operadortransporte/views/formComplete.php,.php,1327,ccc6962e0af28540e5146a5ab69db1b09d59825c322e1836395989d3e8d178fe,CURRENT_SOURCE
index_archivos/parametros/otros/documents.php,.php,3240,e39aa156f18305659c272d7e3191be71c8b2766a47222c24db8839c8e71ddbf8,CURRENT_SOURCE
index_archivos/parametros/otros/edit.php,.php,5804,bf3bfef0bd754b2ba5600fcf3188343ad5534351226b04e09dd4df3a8a5c9afa,CURRENT_SOURCE
index_archivos/parametros/otros/formInfo.php,.php,6197,4c1be7fffee1b17aad9fb3f6d476ba8a63978c90e9ea0d12c2002c40b83b0a5b,CURRENT_SOURCE
index_archivos/parametros/otros/index.php,.php,4050,117e4eda52918d34a6b64a1538fa82c7b351efec4187441c64e13536b704f1b1,CURRENT_SOURCE
index_archivos/parametros/proveedormercancia/ProveedorMercancia.php,.php,38703,70015390cbfb1c81976ee2d07ed6109626f5c14fb8876c1ca993b130b353682b,CURRENT_SOURCE
index_archivos/parametros/proveedormercancia/ajax/actualizarProveedor.php,.php,12413,d2cdf36bb47ac92e8345786c3fdf7a1952119b436e51040bab38e37a5ba07a12,CURRENT_SOURCE
index_archivos/parametros/proveedormercancia/ajax/borrarDocumento.php,.php,221,f290485b7754d4c700c5f9ed7a6dffcd6c8cb6b1088b9eb95dff0cd32783b6cd,CURRENT_SOURCE
index_archivos/parametros/proveedormercancia/ajax/borrarProveedor.php,.php,694,f335feaee6dbe34a1266579600e3e9abaa3d43d96cd176c3f388d628c4c20b29,CURRENT_SOURCE
index_archivos/parametros/proveedormercancia/ajax/editaDocumento.php,.php,840,49a7f37e4c9e40e63f8b979a1ca3af38568096083ea2160bc03c757dc1c40466,CURRENT_SOURCE
index_archivos/parametros/proveedormercancia/ajax/enviarCorreo.php,.php,5606,cdb0bbd3086a3bdb114babaa11a6ae94adf3e13314a8eb3b01513b9b56939156,CURRENT_SOURCE
index_archivos/parametros/proveedormercancia/ajax/getDocumento.php,.php,218,341d9ceadbf66a2c22f8821d28518570feaf627ca291768b2442190b41b681bc,CURRENT_SOURCE
index_archivos/parametros/proveedormercancia/ajax/guardaDocumentos.php,.php,799,1bc8bd7c63ba06fc35112e41606c56ebcba84738791333bc2df742eb5a29f1f1,CURRENT_SOURCE
index_archivos/parametros/proveedormercancia/ajax/guardarProveedor.php,.php,5027,ec98f08be231f2443d6101e94306e279304d724c89d835b3b8e88a5297b5594e,CURRENT_SOURCE
index_archivos/parametros/proveedormercancia/ajax/listaLocalidad.php,.php,707,bc7e6d1387281893764f3cd71dbaa3c21a2b3bbd248f562ed9900ff2b79e0635,CURRENT_SOURCE
index_archivos/parametros/proveedormercancia/ajax/listaProveedores.php,.php,2937,daf80d9249d9f5b5e51c6ab8d1bd491d572dcc1e69d278266f082c2ae206977f,CURRENT_SOURCE
index_archivos/parametros/proveedormercancia/ajax/listaTotalProveedores.php,.php,2321,632facd72513ae4ecd2191936b19f3a5ab371fbd086975a4f2012755bd2b214e,CURRENT_SOURCE
index_archivos/parametros/proveedormercancia/componentes/camposVacios.php,.php,6424,661e51455d5fc77b5e12dc21bbeef93ec775ed96161fa6f6a31533d8da43a255,CURRENT_SOURCE
index_archivos/parametros/proveedormercancia/componentes/datosProveedor.php,.php,22290,ab277ede757a5721bb1629469f8e1c18d7e342cab8433f91b867e08bce047fcd,CURRENT_SOURCE
index_archivos/parametros/proveedormercancia/documents.php,.php,5405,9236ec4fc1d932049d32a18e902fc72c8529ed5299993d28f1136dd25043c3b2,CURRENT_SOURCE
index_archivos/parametros/proveedormercancia/edit.php,.php,6861,fd3490b87a929b2983acef05eae4c4f0ae2cc7c09fea0202783987559cdc4522,CURRENT_SOURCE
index_archivos/parametros/proveedormercancia/formInfo.php,.php,11833,a234d74982baee376ea8e0c14a64845ca5ddf6454c2a14a8adf59fd73acde6b1,CURRENT_SOURCE
index_archivos/parametros/proveedormercancia/index.php,.php,8373,2acbf0170b3ec59e09d1d0da08bf2d1121926e8b15285f6fc3d636e2006be095,CURRENT_SOURCE
index_archivos/parametros/proveedormercancia/js/datos.js,.js,17521,9d5ebb6575bc702ff7fd5ed515d159ca33f0f672673a5ebafa8fac2babf7f34f,CURRENT_SOURCE
index_archivos/parametros/proveedormercancia/js/documentos.js,.js,4846,f1a8bf8828061009474379330354d20e7f1ad4988944619b3f9f94dec7efb14c,CURRENT_SOURCE
index_archivos/parametros/proveedormercancia/js/pluginAddRow.js,.js,543,f896a7fbf95e5d74214fc84622e3b0611cae9a298b83f87007243df6cd45b1ba,CURRENT_SOURCE
index_archivos/parametros/proveedormercancia/language/en.js,.js,1363,406487d74b3671d6c0118f9d61d6be44e04e354b725e83228f3e10ad3a733b72,CURRENT_SOURCE
index_archivos/parametros/proveedormercancia/language/es.js,.js,1515,30bc09ab6696fbc63e1db3075a6e40b4f1b8f3560e02d06f65e633886175d9c7,CURRENT_SOURCE
index_archivos/parametros/proveedormercancia/views/404.php,.php,1264,9fc70fb267902dca4a3541a9a6ed5102c754f007c6f28e02bc30ebeacfd9af94,CURRENT_SOURCE
index_archivos/parametros/proveedormercancia/views/formComplete.php,.php,1327,ccc6962e0af28540e5146a5ab69db1b09d59825c322e1836395989d3e8d178fe,CURRENT_SOURCE
index_archivos/parametros/serviciosTerciarizados/documents.php,.php,3276,4f846e09d00c2c559297d0f5aae5d1f085b674022f611ea4aad04af19ba11081,CURRENT_SOURCE
index_archivos/parametros/serviciosTerciarizados/edit.php,.php,5896,7de96b8ad2bef7a9e2e1ae38a4675560c3aca641724ce9c7a012fa0dcd2ee54c,CURRENT_SOURCE
index_archivos/parametros/serviciosTerciarizados/formInfo.php,.php,6215,59244887ab86c851d281505d630ea72f16925ddf7ce3f0d758c6473332b7e597,CURRENT_SOURCE
index_archivos/parametros/serviciosTerciarizados/index.php,.php,4305,182cf7f943c7a1949b067f49a06c6e2c36e7db52f4cb7d45a4d54ee47ad91b80,CURRENT_SOURCE
index_archivos/parametros/tiemposTeoricos/ProveedorMercancia.php,.php,1057,dad8a513d3fa270d579cf1b45e908547e1d50fe44274db90bd0534bc03d26859,CURRENT_SOURCE
index_archivos/parametros/tiemposTeoricos/ajax/actualizar.php,.php,4771,b2df13a616bf45dc0e93668dc17a41dadd78a590ffb82f51d3e4eb8ba869ba71,CURRENT_SOURCE
index_archivos/parametros/tiemposTeoricos/ajax/borrar.php,.php,193,aec81bad9cffdac5fd41a41901afccc9a18d450a4d16c5a3f784c37d65505530,CURRENT_SOURCE
index_archivos/parametros/tiemposTeoricos/ajax/borrarDocumento.php,.php,206,f4c8d56e3da65a3272aaeb3c68338e74664923c94077da4c7f3401be7206c8a5,CURRENT_SOURCE
index_archivos/parametros/tiemposTeoricos/ajax/editaDocumento.php,.php,567,8bee8bd9a7826386478a7fdcb7b242778493278bc0116eb524f58ee112efabbe,CURRENT_SOURCE
index_archivos/parametros/tiemposTeoricos/ajax/editar.php,.php,3996,b332bad11583746949dee3862002531a194d6c99c9848769ea530240d125745c,CURRENT_SOURCE
index_archivos/parametros/tiemposTeoricos/ajax/enviarCorreo.php,.php,1606,f07e4cda58a88363a068034cc7c6d817a907d47c8339ae39d00c8aaa2876ca8e,CURRENT_SOURCE
index_archivos/parametros/tiemposTeoricos/ajax/getDocumento.php,.php,229,ff0216d025e60aa933425ef2e01332635d70801aa1b404bf82caf794233d8858,CURRENT_SOURCE
index_archivos/parametros/tiemposTeoricos/ajax/guardaDocumentos.php,.php,696,dba60d4acb69aad8fd460ae71c6040a79af80053ea52aaa0f7d0c2a7bdac4545,CURRENT_SOURCE
index_archivos/parametros/tiemposTeoricos/ajax/guardar.php,.php,2687,f0a760415b4d633407c172d65e38945a390ad2b47bc320bd9645e184909c8308,CURRENT_SOURCE
index_archivos/parametros/tiemposTeoricos/ajax/lista.php,.php,1626,103df8d7d4f76d90e17d2f641a526f05ff01c6d6ac7dc28946a6fa0e0ac05529,CURRENT_SOURCE
index_archivos/parametros/tiemposTeoricos/ajax/listaLocalidad.php,.php,677,774c73a58eb3cc32700e23417041bb6fe973dab57917a9be8a0b842c970b0d6b,CURRENT_SOURCE
index_archivos/parametros/tiemposTeoricos/ajax/listaTotal.php,.php,1969,fb058d0219cc310c1e583282dead742dd0e28b483a69330fa75972d3dae5cfa7,CURRENT_SOURCE
index_archivos/parametros/tiemposTeoricos/componentes/datos.php,.php,10892,4cd6b62d09f0ff5ea3c77f2409e1ec96928942553f2f81885b18f6ae14e3a6f5,CURRENT_SOURCE
index_archivos/parametros/tiemposTeoricos/componentes/datosAduanera.php,.php,7574,82d1b95605fd899f61717c3a9974b6c32cb49246dd5bf4aa9a13997e478620ac,CURRENT_SOURCE
index_archivos/parametros/tiemposTeoricos/componentes/datosGestionAduanera1.php,.php,5401,c32777bc1d3107d18735a8ed8753aba654c8b75d5fdbf76f38a22619e4635007,CURRENT_SOURCE
index_archivos/parametros/tiemposTeoricos/componentes/datosGestionAduanera2.php,.php,6065,e8d825afeeda725171e6ea3fd643b6e72c578c88b271511bad379064c00b7087,CURRENT_SOURCE
index_archivos/parametros/tiemposTeoricos/componentes/datosGestionAduanera3.php,.php,5714,9e3055818396ffd1f2d3b784935223033f2cd07391a90b162fc1406972bc906c,CURRENT_SOURCE
index_archivos/parametros/tiemposTeoricos/edit.php,.php,4226,729fc5ed83863fcb3b4f225bb96c26c41cf7194930346687648c4e68ed22e93c,CURRENT_SOURCE
index_archivos/parametros/tiemposTeoricos/editAduanera.php,.php,4046,959a2ab06257dcc595305ae781af99b98b952147d6006e8366b238ca47be6f3b,CURRENT_SOURCE
index_archivos/parametros/tiemposTeoricos/editGestionAduanera1.php,.php,4084,b02e106c6c1faedb96244610415a0c8dfcc1ad446b6fff58ddbd7b85231b6d27,CURRENT_SOURCE
index_archivos/parametros/tiemposTeoricos/editGestionAduanera2.php,.php,4147,05cf2d60b75d3e5ad93343f9fb6abfa1fccf0c22ebe8a9248a52f38d34027681,CURRENT_SOURCE
index_archivos/parametros/tiemposTeoricos/editGestionAduanera3.php,.php,4084,7165f54220f51ab043687d52f6ca2f5a2cae25e3c3a9b3225018653712469fca,CURRENT_SOURCE
index_archivos/parametros/tiemposTeoricos/index.php,.php,23660,8ad7803442121beb8fa539c9a9d69a99830388f346bc88bcd371a2108dfc7945,CURRENT_SOURCE
index_archivos/parametros/tiemposTeoricos/js/datosGestLogis.js,.js,45573,17eeab7037f87441dba535b2ba69e196e24cf74ec6223d5ae6edf100a1ca24b4,CURRENT_SOURCE
index_archivos/parametros/tiemposTeoricos/js/documentosOpeTrans.js,.js,4987,d17130b19dca7399329ad0a88be7f5597bdecb5dd7c3e205ac05bd1e7eb4218c,CURRENT_SOURCE
index_archivos/parametros/tiemposTeoricos/js/pluginAddRow.js,.js,523,28d615000bb4940ca2880ca344bd70b6e066411fd115f34ad9478b6f7d6aef2e,CURRENT_SOURCE
index_archivos/parametros/tiemposTeoricos/views/404.php,.php,1264,9fc70fb267902dca4a3541a9a6ed5102c754f007c6f28e02bc30ebeacfd9af94,CURRENT_SOURCE
index_archivos/parametros/usuarioFirmante/UsuarioFirmante.php,.php,1985,ae39eebc0f28cae87e3fc85923237a3c3c8d209138e35806e64688b52b13c6d8,CURRENT_SOURCE
index_archivos/parametros/usuarioFirmante/ajax/codigo-paises.php,.php,404,d79b74e3a91de7bf1ffb512f3f146b72976fc9ce805fd5fd38e64f2bfd03c1fa,CURRENT_SOURCE
index_archivos/parametros/usuarioFirmante/ajax/guardarUsuarioFirmante.php,.php,720,c48787b4ca1101f062b89f4907a83611913645e3af8206fb7e3680ff66a74b56,CURRENT_SOURCE
index_archivos/parametros/usuarioFirmante/ajax/listaUsuariosFirmantes.php,.php,1831,bd9cbcff35fb858626b79e8c3e99ffa47f430335dc27deab85919ca9359e6c59,CURRENT_SOURCE
index_archivos/parametros/usuarioFirmante/componentes/usuariosFirmantes.php,.php,2428,5575855e05e3ef7dadda6787309e67c3e2ee7998d863eea8f76069e23bde1b04,CURRENT_SOURCE
index_archivos/parametros/usuarioFirmante/index.php,.php,5189,419c5067803f1d09793cf7da45fa138c5121413ad0198f73d82063f981e0abd5,CURRENT_SOURCE
index_archivos/parametros/usuarioFirmante/js/datosUsuarioFirmate.js,.js,5417,f4a741aabd88b895bc5757e9b8eb003ae5f0d460a692b18d5d685f886ff62cbe,CURRENT_SOURCE
index_archivos/parametros/usuarios/Usuarios.php,.php,8329,8331e43ca74dd73520b308edce397eb5ff6a9bfc0180a2225abe0441e3653c66,CURRENT_SOURCE
index_archivos/parametros/usuarios/ajax/actualizarOpeTrans.php,.php,3439,0e627a216001305e1690099ea43c043b1ab487152f3751cfcdb1b6d9f90071c0,CURRENT_SOURCE
index_archivos/parametros/usuarios/ajax/borrar.php,.php,498,49fdd660d8ae87b020988074d388aef177fe66fd7c608c70da1dc52e8fb61216,CURRENT_SOURCE
index_archivos/parametros/usuarios/ajax/editaoperadortransporte.php,.php,1366,172ac66d99e3932c109fab02f643eb498b3e096610c05eac9ba3b63df66ebaa6,CURRENT_SOURCE
index_archivos/parametros/usuarios/ajax/estadoUsuario.php,.php,762,37fbfd4bb5d2b3ffa98c294581daa2989ec7feeeaca5594d196c822dbf4cac22,CURRENT_SOURCE
index_archivos/parametros/usuarios/ajax/guardarPermisos.php,.php,1344,eb998bf0eb5458ce789d99f7138a40c4a990e2d550873f47f97c1c386ebff6b7,CURRENT_SOURCE
index_archivos/parametros/usuarios/ajax/guardarUsuario.php,.php,2809,56841ac0cc08e873ed4a1ed942fcacae6b35592edeac5e1552e76507dc3fb917,CURRENT_SOURCE
index_archivos/parametros/usuarios/ajax/obtenerPermisos.php,.php,1358,09b493228577a37f9a073116c8923b5a31a9d49c95f44c78bc7fcfc1d4719718,CURRENT_SOURCE
index_archivos/parametros/usuarios/ajax/validarUsuario.php,.php,1484,13722360ec5579ee8700a5503c66bd27116838339ecc7daa4dcc265197f46522,CURRENT_SOURCE
index_archivos/parametros/usuarios/componentes/datosFormularioAgregar.php,.php,1838,658abce7ab30f45df282a61fdea3d82a684567e8b14192e0b939ddf3ac9d6d9f,CURRENT_SOURCE
index_archivos/parametros/usuarios/index.php,.php,9191,aee553cbf73904ca67a2bde24d4f6e572d2b620320765fdd12051cd4cfef24b3,CURRENT_SOURCE
index_archivos/parametros/usuarios/js/datosUsers.js,.js,8933,09f257921f83cc3f53e39608dab7f3558654cf28a926c189c9722f698b2dbc58,CURRENT_SOURCE
index_archivos/parametros/usuarios/js/pluginAddRow.js,.js,543,f896a7fbf95e5d74214fc84622e3b0611cae9a298b83f87007243df6cd45b1ba,CURRENT_SOURCE
index_archivos/permisos.php,.php,828,4bd9d2abd17402709e69f509df9d55e6d5479912d1a27b4d0965d1e689a4f43c,CURRENT_SOURCE
index_archivos/php-jwt-5.2.0/LICENSE,[none],1550,0d8c77a762fbf487aa5056262e255fd4ef024309aa166b3c3430895192da4117,CURRENT_SOURCE
index_archivos/php-jwt-5.2.0/README.md,.md,8150,271e87c71572b70b5ce134df92d022e63c369a7dc554b6fd5807c2068051b646,CURRENT_SOURCE
index_archivos/php-jwt-5.2.0/composer.json,.json,829,4557887be504c3dae091e30b6c6a0e1802e9548ce4bda8c13c7da27cc689e84a,CURRENT_SOURCE
index_archivos/php-jwt-5.2.0/src/BeforeValidException.php,.php,102,607b53eec5e25fec4494339bbf3f1145d07b920cfc9fb0d1c6701d15b1a8dcf5,CURRENT_SOURCE
index_archivos/php-jwt-5.2.0/src/ExpiredException.php,.php,98,f2d5ddd2ea433b924821bf5c1bb05598571d89969cb74ed1b0444d3f2e01e801,CURRENT_SOURCE
index_archivos/php-jwt-5.2.0/src/JWK.php,.php,5757,9cdac94701cedb522773063439a0c9cdb3dfd4640ff3a4dc565e4b428db855ad,CURRENT_SOURCE
index_archivos/php-jwt-5.2.0/src/JWT.php,.php,19024,e663c9d34ac1a384e355f83290631b5b93a2ca64a1a3eb41c53b82aa483b0c37,CURRENT_SOURCE
index_archivos/php-jwt-5.2.0/src/SignatureInvalidException.php,.php,107,b889973447b8251019222230c42e2d0656a801f0c26d9b1d7e9d3f644e4da080,CURRENT_SOURCE
index_archivos/phpMailer/class.phpmailer.php,.php,93702,99cba8bb814a1166c428999b706b516f9c740b0babe819d7cc535111e0a81150,CURRENT_SOURCE
index_archivos/phpMailer/class.pop3.php,.php,10929,c7591639a85a292a05ceb337c198ea9a4417d38d82f785a1f8cd366c70011d58,CURRENT_SOURCE
index_archivos/phpMailer/class.smtp.php,.php,32065,6a22c60295fdb21819f6babe050dfb3691b78db82a0195f990ad05cc3a04877a,CURRENT_SOURCE
index_archivos/phpqrcode/CHANGELOG,[none],1261,100e2a83cba38ba0695b37dd815b4498581c5b63fe6e75a8f955ef85e9427d1d,CURRENT_SOURCE
index_archivos/phpqrcode/INSTALL,[none],2042,7ccd2fc16ceb8024bdc9caa1cafacbffe7d57a93858482f270d963898661ba60,CURRENT_SOURCE
index_archivos/phpqrcode/LICENSE,[none],7815,e0944cad03da0c8d85bcc8138f23b91c7ea925f83e8c56a83481e5ffa195b814,CURRENT_SOURCE
index_archivos/phpqrcode/README,[none],1634,186d602ada1c65ab9a7222d3a37e0592a7af26fba51ffb68b85c5357d2af428c,CURRENT_SOURCE
index_archivos/phpqrcode/VERSION,[none],17,81bc186862b88d8e0d3a579b27a00a4b10745100512b9ed51af556d84801fcee,CURRENT_SOURCE
index_archivos/phpqrcode/bindings/tcpdf/qrcode.php,.php,85827,c9d9742e500d60f443a103a2ee4c720e9374a76505c56ff0305c41f290e18225,CURRENT_SOURCE
index_archivos/phpqrcode/index.php,.php,3672,db506baebf01ca821d2b76f897f1e5be14e45cb158f796cd524cdfd1ef76edd7,CURRENT_SOURCE
index_archivos/phpqrcode/phpqrcode.php,.php,121875,a1e3a97290c9c72c6f92725c8eca42493baef1146c1124e514aaf04557352819,CURRENT_SOURCE
index_archivos/phpqrcode/prueba.php,.php,280,11db4efa4444e4713a42afe45d403a5bd80383489dd5a7d18b5c7bbb3bf8e5f8,CURRENT_SOURCE
index_archivos/phpqrcode/qrbitstream.php,.php,5386,8628bbff633463c05b33fae15a98cec8f43c4f28e9a4ffc4aba420a436239a70,CURRENT_SOURCE
index_archivos/phpqrcode/qrconfig.php,.php,1446,6ec814055969d6abed5bd8bc15a7b5151408f17041e88f4f930a57e981a1ce1c,CURRENT_SOURCE
index_archivos/phpqrcode/qrconst.php,.php,1761,2d0ff5da33159ab1346d6b99f49653128dd76896bb056e171e9537083025daf9,CURRENT_SOURCE
index_archivos/phpqrcode/qrencode.php,.php,17506,1f912b413eba03b5280dd98af39300d3ea851a9fdf9a9ebbfa549292fe4777d9,CURRENT_SOURCE
index_archivos/phpqrcode/qrimage.php,.php,3625,f69a8c470806108206d52ff618a761251f840217aae8ac4767e47d4456911035,CURRENT_SOURCE
index_archivos/phpqrcode/qrinput.php,.php,24803,7756f1ec86a9ad302818112b6ccff837187059d9b163e0b8d765bbd6c8fd21f6,CURRENT_SOURCE
index_archivos/phpqrcode/qrlib.php,.php,1602,0d9743358a76fbe3f8b991828b613c28eb022ada1edb16988702140d4fa81872,CURRENT_SOURCE
index_archivos/phpqrcode/qrmask.php,.php,12584,b30e74073981044f61ac2bfc38c984a214ca2d97753a941da2963dffd12ef976,CURRENT_SOURCE
index_archivos/phpqrcode/qrrscode.php,.php,8485,68c9122d3a32e86ab0dc3fa5c7f4973b050465274f5b5f8d020f4bc5e430409f,CURRENT_SOURCE
index_archivos/phpqrcode/qrspec.php,.php,26612,5261ae32e6ca5aebcef44bb46a92ed3ae0ac8247bc7123b88491399a62712600,CURRENT_SOURCE
index_archivos/phpqrcode/qrsplit.php,.php,11381,5a9eaa9545b848fbba03f01ed856c6bf9fa3fcb206de78c44ff10c541b416e56,CURRENT_SOURCE
index_archivos/phpqrcode/qrtools.php,.php,6332,7abb36720e586ad5a120e30ad675829e858cdbea25bed49b7db8d00032188db0,CURRENT_SOURCE
index_archivos/phpqrcode/tools/merge.bat,.bat,22,a6202784156eb74aff4f5f6eabb35a2fe018de3c1d381114ba2ec4e1c6bc5f01,CURRENT_SOURCE
index_archivos/phpqrcode/tools/merge.php,.php,2604,e8197e353c8383ac9d09bbff8175a1d99194e8d1a5d0ae38f97e4d3511170a06,CURRENT_SOURCE
index_archivos/phpqrcode/tools/merge.sh,.sh,26,5dbf7f46c5ef7da6663a1881df8ef8b1610058eb0fd4052545a79f243b94b6b5,CURRENT_SOURCE
index_archivos/phpqrcode/tools/merged_config.php,.php,1284,87b8d75e11a3ec4c7013fdf02360652ead542dcec9989bc777275039a8814a0f,CURRENT_SOURCE
index_archivos/phpqrcode/tools/merged_header.php,.php,1401,83fa49c5a6bbdc8a51624fcc4305219e00cb5ab5d32c9461a33ac8ef3aedd907,CURRENT_SOURCE
index_archivos/principal.php,.php,14973,b320c68d0cbad83e872c335d36aeee80e7e0bf9702127d2a10687ec91ab2aabb,CURRENT_SOURCE
index_archivos/productoproveedor_json.php,.php,527,6189237e4de22bcd602faf9e6c0d6793dfa924d0db3d41c4fbf2379c91ed2468,CURRENT_SOURCE
index_archivos/proveedores.php,.php,987,93af5f962aba1a027914353da9d63937523c73a0459068b1783e6cce44cac294,CURRENT_SOURCE
index_archivos/proveedorporcliente_json.php,.php,2474,3e498131ad5f6528608451f30c19f6866408848157230f08b2430984c446687c,CURRENT_SOURCE
index_archivos/regimenes.php,.php,532,952921f41b5edd7029dc3af5d4d45622d4030c5bb3e48f82ac359b93246a00a6,CURRENT_SOURCE
index_archivos/reporteexcel/index.html,.html,655,7005da27803b4dc097fa19b2e26f4b8f05ac0184a06dbca516704e3f0207e1ee,CURRENT_SOURCE
index_archivos/reporteexcel/lib/PHPExcel/PHPExcel.php,.php,25808,b887032c0f19955a04810c8a4b48876a44470ba2242cc20792cd068bfdde4281,CURRENT_SOURCE
index_archivos/reporteexcel/lib/PHPExcel/PHPExcel/Autoloader.php,.php,3037,012c4fee1fa21c42ffc3645b8bd87da42d5cea94242d14fc1b488dee21009ee7,CURRENT_SOURCE
index_archivos/reporteexcel/lib/PHPExcel/PHPExcel/CachedObjectStorage/APC.php,.php,10133,0c66d24938f74bad261df72a55bb245e6f24ffab31f6b9e638fcacd54366ef8d,CURRENT_SOURCE
index_archivos/reporteexcel/lib/PHPExcel/PHPExcel/CachedObjectStorage/CacheBase.php,.php,8130,127ad810899056732c09851348310466f4cea00d64deb58158697cda4114238f,CURRENT_SOURCE
index_archivos/reporteexcel/lib/PHPExcel/PHPExcel/CachedObjectStorage/DiscISAM.php,.php,6647,35fd1274c25ba845458992965fc4ade1745d73a63ac805b330b6feffe0da0587,CURRENT_SOURCE
index_archivos/reporteexcel/lib/PHPExcel/PHPExcel/CachedObjectStorage/ICache.php,.php,3494,d4fc0441d0d6c043b9e49c44d6d2cc0c7491a07c1f3f7917d7bec289a3ea2983,CURRENT_SOURCE
index_archivos/reporteexcel/lib/PHPExcel/PHPExcel/CachedObjectStorage/Igbinary.php,.php,4668,7f7a6fa890e463662a3de2ca94f43d07b7980c89e0431da53fe2a93e4ac4f78d,CURRENT_SOURCE
index_archivos/reporteexcel/lib/PHPExcel/PHPExcel/CachedObjectStorage/Memcache.php,.php,9891,9898e1e95d20c3b70a317bb3e62775495bad5e085ce178f2a66b860ffa5a5de7,CURRENT_SOURCE
index_archivos/reporteexcel/lib/PHPExcel/PHPExcel/CachedObjectStorage/Memory.php,.php,3878,c1cc672bed1d995c57d723a424f76dd93f161c40e7b60091ad4014fc93a7ef9c,CURRENT_SOURCE
index_archivos/reporteexcel/lib/PHPExcel/PHPExcel/CachedObjectStorage/MemoryGZip.php,.php,4319,dee0ab8950c8780fecba3641dff3d302b0b7fdf3b4260da657e7a8ca1bb8bdce,CURRENT_SOURCE
index_archivos/reporteexcel/lib/PHPExcel/PHPExcel/CachedObjectStorage/MemorySerialized.php,.php,4309,a9e45a3e2c8f2fc637e105ad7df27645d72349710df6f80c8db093909ffecde5,CURRENT_SOURCE
index_archivos/reporteexcel/lib/PHPExcel/PHPExcel/CachedObjectStorage/PHPTemp.php,.php,6350,81cd83f1fed2e691c100e8bca519d16973e0198e551c208ddf8493d75b8627d2,CURRENT_SOURCE
index_archivos/reporteexcel/lib/PHPExcel/PHPExcel/CachedObjectStorage/SQLite.php,.php,9798,41d89967409d4e1639b3f4d9353faefad3388050eeecf3ec23494a693c840f5f,CURRENT_SOURCE
index_archivos/reporteexcel/lib/PHPExcel/PHPExcel/CachedObjectStorage/SQLite3.php,.php,10603,8941a04495709befed8f8d9b48cd9add8ee509782cb0e3703469e5ce2bd2f807,CURRENT_SOURCE
index_archivos/reporteexcel/lib/PHPExcel/PHPExcel/CachedObjectStorage/Wincache.php,.php,9165,536a38416c10f117129cb94a03f97a2ac67dae6c0bdc5715d9e36de7f09170f0,CURRENT_SOURCE
index_archivos/reporteexcel/lib/PHPExcel/PHPExcel/CachedObjectStorageFactory.php,.php,8616,0cc72a55c8d04abe00b0cbecb4a03850ecbd1b018f62adc2f2124db6f54feb0f,CURRENT_SOURCE
index_archivos/reporteexcel/lib/PHPExcel/PHPExcel/CalcEngine/CyclicReferenceStack.php,.php,2493,8ecb4062eedced9a7a9ccfb8038f1b6da464eb085eb12b90b26f33e051cef63a,CURRENT_SOURCE
index_archivos/reporteexcel/lib/PHPExcel/PHPExcel/CalcEngine/Logger.php,.php,4129,90d0d5add1444c2e1d850c0130ae6950e6fc2e5443b1ca902d611f42e6bf24af,CURRENT_SOURCE
index_archivos/reporteexcel/lib/PHPExcel/PHPExcel/Calculation.php,.php,177626,a9ea5c8bba55c13ec39a7c94dc302ab3733e2c55489c942cf72a073115f18fe6,CURRENT_SOURCE
index_archivos/reporteexcel/lib/PHPExcel/PHPExcel/Calculation/Database.php,.php,28654,884afef95458b8aa54607e23443cd2a4d8e39067700084548178cd57f0ae55a8,CURRENT_SOURCE
index_archivos/reporteexcel/lib/PHPExcel/PHPExcel/Calculation/DateTime.php,.php,57169,264f976b0ffdc8c247df39e6456ea4e0d4f431393b0530066855c97ee3ce3b13,CURRENT_SOURCE
index_archivos/reporteexcel/lib/PHPExcel/PHPExcel/Calculation/Engineering.php,.php,100938,b1a7029a85db114bb9347257b24508d2d99e8a6fdbc7cf00e607e2c4df683bdd,CURRENT_SOURCE
index_archivos/reporteexcel/lib/PHPExcel/PHPExcel/Calculation/Exception.php,.php,1708,f50b16f66b515db5b83aff7f25cfd9ba5eb5437383eb63abbe0f41b57f207d46,CURRENT_SOURCE
index_archivos/reporteexcel/lib/PHPExcel/PHPExcel/Calculation/ExceptionHandler.php,.php,1621,dc29aee74e1c57363f0032c8a3c8c920ac6181727b63a897dd1cdaaed0a6bef7,CURRENT_SOURCE
index_archivos/reporteexcel/lib/PHPExcel/PHPExcel/Calculation/Financial.php,.php,89978,b41a14118522bf4116f30d1e4df3b731af233d39d7064ecc7adefc90f4d080a4,CURRENT_SOURCE
index_archivos/reporteexcel/lib/PHPExcel/PHPExcel/Calculation/FormulaParser.php,.php,22761,e371b1c51aa2009ebf765092f5af5fd39a1bb20d7906ff9f4087bd56c8dd25aa,CURRENT_SOURCE
index_archivos/reporteexcel/lib/PHPExcel/PHPExcel/Calculation/FormulaToken.php,.php,5683,8d55697a7a0bcb8ea7cde3b7cbc0b0b0302f0aa5f789bff51f12aac6c3c8b48e,CURRENT_SOURCE
index_archivos/reporteexcel/lib/PHPExcel/PHPExcel/Calculation/Function.php,.php,4138,a9353a82228923a9ed4f567c6dcadae097c7e6a88f71ad8524d9b667e5b2a411,CURRENT_SOURCE
index_archivos/reporteexcel/lib/PHPExcel/PHPExcel/Calculation/Functions.php,.php,21368,ebc21607e70bc53fd41b5226774258b36db1aded34408054963ece3e7bb55f9f,CURRENT_SOURCE
index_archivos/reporteexcel/lib/PHPExcel/PHPExcel/Calculation/Logical.php,.php,10473,4d2b379084cb18a2b060069a3a6edd06a465214e2e905c011ea8735b90af939a,CURRENT_SOURCE
index_archivos/reporteexcel/lib/PHPExcel/PHPExcel/Calculation/LookupRef.php,.php,29806,8ab97fb3be7ed46272519e5dbe7b0a29abf338a7c9967536c7f382b61b3088f1,CURRENT_SOURCE
index_archivos/reporteexcel/lib/PHPExcel/PHPExcel/Calculation/MathTrig.php,.php,39811,9b6eec012a3770031b86dd383f5baf702031b83f0a389640f3fb8d10388501d5,CURRENT_SOURCE
index_archivos/reporteexcel/lib/PHPExcel/PHPExcel/Calculation/Statistical.php,.php,112894,82895528a20ea81a53b0b468b3ad33f51749e87d7ee10298a5d8135366b0f8a2,CURRENT_SOURCE
index_archivos/reporteexcel/lib/PHPExcel/PHPExcel/Calculation/TextData.php,.php,18552,800450a1da5fbe7001a9496ac04ea8d5f13a265cebb4ac752359bdf274e075fd,CURRENT_SOURCE
index_archivos/reporteexcel/lib/PHPExcel/PHPExcel/Calculation/Token/Stack.php,.php,3029,9321382624ae3babf99af7a2bdbe7d50209fddf25564cb7a132306f89d7fe350,CURRENT_SOURCE
index_archivos/reporteexcel/lib/PHPExcel/PHPExcel/Calculation/functionlist.txt,.txt,2862,310f9604aac446bbc39f4601818565cc8498526abca52e068c591abef2b3a92b,CURRENT_SOURCE
index_archivos/reporteexcel/lib/PHPExcel/PHPExcel/Cell.php,.php,27841,54aadef823c050bfc9b1427c3d7e817e99a583dc08fe84e17dd82bbf889d769d,CURRENT_SOURCE
index_archivos/reporteexcel/lib/PHPExcel/PHPExcel/Cell/AdvancedValueBinder.php,.php,9095,8c8a7dc43167bce66c2c6ca2b1105ce65794c6e8a92ca078bd4e41e400c9c055,CURRENT_SOURCE
index_archivos/reporteexcel/lib/PHPExcel/PHPExcel/Cell/DataType.php,.php,3660,f7413e72f724bf0466ca66798af576f109ea24521a477ccf3a19c8c163cc7e4b,CURRENT_SOURCE
index_archivos/reporteexcel/lib/PHPExcel/PHPExcel/Cell/DataValidation.php,.php,10895,67413989a2f768723c6bcc0623e3bb12e60a6dbef6151f4d36c37f2a1f84f4f1,CURRENT_SOURCE
index_archivos/reporteexcel/lib/PHPExcel/PHPExcel/Cell/DefaultValueBinder.php,.php,3456,2a79b12fdf3083e4333f8467f31643855d03395ad45ec3ad9fbad2f23982e91a,CURRENT_SOURCE
index_archivos/reporteexcel/lib/PHPExcel/PHPExcel/Cell/Hyperlink.php,.php,3119,5e7c361317f511ea0e863499d328a88cdc29fc2e842d4c6ee23df230253f7871,CURRENT_SOURCE
index_archivos/reporteexcel/lib/PHPExcel/PHPExcel/Cell/IValueBinder.php,.php,1591,7698cd2631068261b30bd15d1c763e911cc81872d1ead1d4db31689cb04636e9,CURRENT_SOURCE
index_archivos/reporteexcel/lib/PHPExcel/PHPExcel/Chart.php,.php,11656,0e577bb79daa0bab39c1b2e07a24e61aae83c9ccbe1c903f95aaa18836523d45,CURRENT_SOURCE
index_archivos/reporteexcel/lib/PHPExcel/PHPExcel/Chart/DataSeries.php,.php,8218,b5bf8b9a33f23e4bf94d4df8a5d42c71902ab0729b4ee53812bae310bbd2c138,CURRENT_SOURCE
index_archivos/reporteexcel/lib/PHPExcel/PHPExcel/Chart/DataSeriesValues.php,.php,7887,cb52f0d91d44cf29fae8c230f5626dd59541fde0bffbba71d3029c8b73f9cdb8,CURRENT_SOURCE
index_archivos/reporteexcel/lib/PHPExcel/PHPExcel/Chart/Exception.php,.php,1684,fdd6975fe5b7a6c46ee9dd740eba8b5000559e03254b5c19de2a3e5a2746fc8f,CURRENT_SOURCE
index_archivos/reporteexcel/lib/PHPExcel/PHPExcel/Chart/Layout.php,.php,7938,d902267f11cbd4a223ee526470535746091f683b2221a0801cb97c0c24e1a663,CURRENT_SOURCE
index_archivos/reporteexcel/lib/PHPExcel/PHPExcel/Chart/Legend.php,.php,4434,0279f5d17574973f0ff17d8aa7b8ff787074a91d845a344405cd3da189a5e4c7,CURRENT_SOURCE
index_archivos/reporteexcel/lib/PHPExcel/PHPExcel/Chart/PlotArea.php,.php,2972,2137e9d0dc08573ab879403be54bcab6cdbb2799b8ce61b6caa0faa0ba5eda2b,CURRENT_SOURCE
index_archivos/reporteexcel/lib/PHPExcel/PHPExcel/Chart/Renderer/PHP Charting Libraries.txt,.txt,324,ec711ef00f5c190f24b57814a0fcf98dc9a97c17f9c097f213cbba23a4fbde04,CURRENT_SOURCE
index_archivos/reporteexcel/lib/PHPExcel/PHPExcel/Chart/Renderer/jpgraph.php,.php,28365,96d60a4491b88279c7723f09225e5b894883463ca982407cb6ab41ea50d6b9d5,CURRENT_SOURCE
index_archivos/reporteexcel/lib/PHPExcel/PHPExcel/Chart/Title.php,.php,2077,071ee7fef6e7d3368780c1e800d95988fc2486d1ac9653d9e77762a34f95f8e9,CURRENT_SOURCE
index_archivos/reporteexcel/lib/PHPExcel/PHPExcel/Comment.php,.php,7423,296866585e89c68fb44f39abf31fbe90451dceb1d1e00893cd6246a7403987bc,CURRENT_SOURCE
index_archivos/reporteexcel/lib/PHPExcel/PHPExcel/DocumentProperties.php,.php,16427,10d2412b7a98cff82faee744e986a8951870cec49d9574dff8b06c6d444301b7,CURRENT_SOURCE
index_archivos/reporteexcel/lib/PHPExcel/PHPExcel/DocumentSecurity.php,.php,5091,f025b86ed83b4e118c3131db020382daac7632975b66125f24c6ea62b5b2d3f5,CURRENT_SOURCE
index_archivos/reporteexcel/lib/PHPExcel/PHPExcel/Exception.php,.php,1717,0cd95caf68d9481e288a7197d993c8022fff35d36bee339bba870c1982fd3f9d,CURRENT_SOURCE
index_archivos/reporteexcel/lib/PHPExcel/PHPExcel/HashTable.php,.php,4604,ac8fca5d1fa146fc519b8be878b3ea12b9b42cb6a40f078113ca3b00a426df62,CURRENT_SOURCE
index_archivos/reporteexcel/lib/PHPExcel/PHPExcel/IComparable.php,.php,1355,e5f86d4c624afa02728d8842af218cf3a385ec87bf24d891dbc7db301edbecc5,CURRENT_SOURCE
index_archivos/reporteexcel/lib/PHPExcel/PHPExcel/IOFactory.php,.php,8309,28fe5e901420e053a95ece459977e900bfc9850658d7045a501e0e634ae0002e,CURRENT_SOURCE
index_archivos/reporteexcel/lib/PHPExcel/PHPExcel/NamedRange.php,.php,6101,34fd61dcc3d3cb4fe5919ef40f6e8ccd83d439a22a0220a17c1130cd819db954,CURRENT_SOURCE
index_archivos/reporteexcel/lib/PHPExcel/PHPExcel/Reader/Abstract.php,.php,6438,bc6daa8840b72234ab1300ffc339661c016baea5f2875853911aabf65d485f67,CURRENT_SOURCE
index_archivos/reporteexcel/lib/PHPExcel/PHPExcel/Reader/CSV.php,.php,9842,8b96ee944ddb16ac9d192baeff27e28047ae365a11ca16ca329eba51eacac8a1,CURRENT_SOURCE
index_archivos/reporteexcel/lib/PHPExcel/PHPExcel/Reader/DefaultReadFilter.php,.php,1857,ea8a5182fa3a4261ebd1cd29a5946bab1608808695ed43c9da7e8acea35f9650,CURRENT_SOURCE
index_archivos/reporteexcel/lib/PHPExcel/PHPExcel/Reader/Excel2003XML.php,.php,28455,efa30efa8a245bdce2d7eff8afc4d181e8529a1e9ce5f2a804b73654316c0847,CURRENT_SOURCE
index_archivos/reporteexcel/lib/PHPExcel/PHPExcel/Reader/Excel2007.php,.php,88916,485cf8565395b873dd8e8a8f5673a173fec7ad3888c4d76721d173c0cc9b7755,CURRENT_SOURCE
index_archivos/reporteexcel/lib/PHPExcel/PHPExcel/Reader/Excel2007/Chart.php,.php,20773,4f54452a4c6c938dd41e5a8d04a4b6c455a4db7b3ca224b4c195c9998fec8e1d,CURRENT_SOURCE
index_archivos/reporteexcel/lib/PHPExcel/PHPExcel/Reader/Excel2007/Theme.php,.php,2898,d4c0326e91c21ffbbed17e9d7ca541e03ae88966904c4818222a3e676e50f65c,CURRENT_SOURCE
index_archivos/reporteexcel/lib/PHPExcel/PHPExcel/Reader/Excel5.php,.php,229983,9263c5f8ac7e608d13d7c2bf6b252a033e1c51a5703829aa68d5bef554d8ef23,CURRENT_SOURCE
index_archivos/reporteexcel/lib/PHPExcel/PHPExcel/Reader/Excel5/Escher.php,.php,19481,40abaef8af1363b7e37d165118de3fec4359b8c9fee0c76497bbe36cd6fae64e,CURRENT_SOURCE
index_archivos/reporteexcel/lib/PHPExcel/PHPExcel/Reader/Exception.php,.php,1688,1346309593ca1f47ad9c60ce483f63cb0e25d7a3b775971534a962d6e014d28c,CURRENT_SOURCE
index_archivos/reporteexcel/lib/PHPExcel/PHPExcel/Reader/Gnumeric.php,.php,31162,bde29caa020bfc597a04a2470b4a1236d3fe42d50c04113d287b3f689a3d1239,CURRENT_SOURCE
index_archivos/reporteexcel/lib/PHPExcel/PHPExcel/Reader/HTML.php,.php,14323,21dd1633dcdd7c3e57b1a5aa817e64e27a6caa61f224172ae4899c6d1ea39773,CURRENT_SOURCE
index_archivos/reporteexcel/lib/PHPExcel/PHPExcel/Reader/IReadFilter.php,.php,1581,47c97cb28dbd75fc353019c7e5e0a9ff98a0f4b5750cd60fd38b5742266ff3c7,CURRENT_SOURCE
index_archivos/reporteexcel/lib/PHPExcel/PHPExcel/Reader/IReader.php,.php,1646,19f12f6d7f8736f249b6750542fb7b169f22f3ce0e4182034101dd790dddb450,CURRENT_SOURCE
index_archivos/reporteexcel/lib/PHPExcel/PHPExcel/Reader/OOCalc.php,.php,26030,5638dd40daed82efd6cc5a8f6364360f2546d7bcc77523585b8a490ceb11d987,CURRENT_SOURCE
index_archivos/reporteexcel/lib/PHPExcel/PHPExcel/Reader/SYLK.php,.php,14627,14346f4274af964de8ebd226570025cb7b47e9f22c7b3e2a8d2de2b78b82699e,CURRENT_SOURCE
index_archivos/reporteexcel/lib/PHPExcel/PHPExcel/ReferenceHelper.php,.php,40559,8caddc16f9fadf21e3ee5ed0d0952d69f37dd7b57c0d57a6a33396f2413f16f9,CURRENT_SOURCE
index_archivos/reporteexcel/lib/PHPExcel/PHPExcel/RichText.php,.php,5405,abe28808d3371a4b266bcb8044682feb769da5a7f400f937742814074e790b3b,CURRENT_SOURCE
index_archivos/reporteexcel/lib/PHPExcel/PHPExcel/RichText/ITextElement.php,.php,1722,1b335f95742c54a3aaf11506ca3c6c7600965c1112f71057fb7d06ca7267cfc6,CURRENT_SOURCE
index_archivos/reporteexcel/lib/PHPExcel/PHPExcel/RichText/Run.php,.php,2629,78016fdcc8b008e5898c9bd7fd914aa41f0924b5246e7cb0555623d4f80b829a,CURRENT_SOURCE
index_archivos/reporteexcel/lib/PHPExcel/PHPExcel/RichText/TextElement.php,.php,2551,bad4f6ded1c74812a4c3f150278989a2cb6ced2c7daeb031c335c9e2395fa58f,CURRENT_SOURCE
index_archivos/reporteexcel/lib/PHPExcel/PHPExcel/Settings.php,.php,11381,12ea881eb6bd598c0d9e4c2a2720aef2a68a2c3591f46addf02b4fa17b241266,CURRENT_SOURCE
index_archivos/reporteexcel/lib/PHPExcel/PHPExcel/Shared/CodePage.php,.php,4648,57d458339e36dc22782114f6bf89bfd8a4a53ecf761aa64f62c7f3db55c3a82e,CURRENT_SOURCE
index_archivos/reporteexcel/lib/PHPExcel/PHPExcel/Shared/Date.php,.php,13133,b5c84fd18c892c40ff38d0e1ed3cbdfa0204b431ce45d9c1c4c0b3446caf904c,CURRENT_SOURCE
index_archivos/reporteexcel/lib/PHPExcel/PHPExcel/Shared/Drawing.php,.php,8735,5510f64be48633d0ff55366ba4a91ec90a2ae6066ecded282218552af85ce775,CURRENT_SOURCE
index_archivos/reporteexcel/lib/PHPExcel/PHPExcel/Shared/Escher.php,.php,2325,82131fd9dd2c6f1ab9f9fbce5284615727ae6aea1364f09bec1f11664e082195,CURRENT_SOURCE
index_archivos/reporteexcel/lib/PHPExcel/PHPExcel/Shared/Escher/DgContainer.php,.php,2027,228ca0905ccb0ee1836b17b62a5698a4ecd7ad9479e24202cc1ad2cd5652c954,CURRENT_SOURCE
index_archivos/reporteexcel/lib/PHPExcel/PHPExcel/Shared/Escher/DgContainer/SpgrContainer.php,.php,2872,fe6c66f014e50c0204fdf8ff1fc765ce9aa02ae9eacadbecb9503b01b6e3a10d,CURRENT_SOURCE
index_archivos/reporteexcel/lib/PHPExcel/PHPExcel/Shared/Escher/DgContainer/SpgrContainer/SpContainer.php,.php,8070,a7435f56e8c8335ddb96df8715ff2a1c5c6bf1c58303dfebe04f2702a44aca13,CURRENT_SOURCE
index_archivos/reporteexcel/lib/PHPExcel/PHPExcel/Shared/Escher/DggContainer.php,.php,4324,c51d4c409a1e21972d64529cc0913886d5822e909f56e9666d0ed90947eace48,CURRENT_SOURCE
index_archivos/reporteexcel/lib/PHPExcel/PHPExcel/Shared/Escher/DggContainer/BstoreContainer.php,.php,1970,789d73d30308f0ea0759641931deb452e534637d61102f212457589d843af1da,CURRENT_SOURCE
index_archivos/reporteexcel/lib/PHPExcel/PHPExcel/Shared/Escher/DggContainer/BstoreContainer/BSE.php,.php,2927,f07ace62271ef8f5e1b564797d765206d359b1bde01d2ef1406565f8ff1723a1,CURRENT_SOURCE
index_archivos/reporteexcel/lib/PHPExcel/PHPExcel/Shared/Escher/DggContainer/BstoreContainer/BSE/Blip.php,.php,2226,e8cbfbaec51ce6930b2c4489f3635d31f59990f0309ada2d8bc47b25ff52b5f1,CURRENT_SOURCE
index_archivos/reporteexcel/lib/PHPExcel/PHPExcel/Shared/Excel5.php,.php,12054,0192868ab33880d96ba9bc58cd758bd4ad1df2c7ff8c4ebeb289c7b851ee48dc,CURRENT_SOURCE
index_archivos/reporteexcel/lib/PHPExcel/PHPExcel/Shared/File.php,.php,5404,c8b84821966cd7fb7fedf45bd9b92d5ec9035ea78664fa66098621883775e826,CURRENT_SOURCE
index_archivos/reporteexcel/lib/PHPExcel/PHPExcel/Shared/Font.php,.php,23829,3b0a0ee6ea5da274afc26d22b89b5b20410af15427cfad03736f3ab282acaf6f,CURRENT_SOURCE
index_archivos/reporteexcel/lib/PHPExcel/PHPExcel/Shared/JAMA/CHANGELOG.TXT,.txt,516,d9167aff0e194e2a5188a4eaa61576f8c9de6eb9aed0dcd9c21740e1201b65b4,CURRENT_SOURCE
index_archivos/reporteexcel/lib/PHPExcel/PHPExcel/Shared/JAMA/CholeskyDecomposition.php,.php,3507,39553f059f00dc0755860ad1be9cbad5eac7ef15e6a89eb6cb82bd86a2637209,CURRENT_SOURCE
index_archivos/reporteexcel/lib/PHPExcel/PHPExcel/Shared/JAMA/EigenvalueDecomposition.php,.php,23570,0e221c4d4974826b065dc43f8671495cf6b1600696dd789e31a075a712de8cbb,CURRENT_SOURCE
index_archivos/reporteexcel/lib/PHPExcel/PHPExcel/Shared/JAMA/LUDecomposition.php,.php,6489,68008512c91c275d93ebe130f1f28623958f8ac472356e721976de575bd0079e,CURRENT_SOURCE
index_archivos/reporteexcel/lib/PHPExcel/PHPExcel/Shared/JAMA/Matrix.php,.php,31207,85678a8b59552502fa053c7e285fc46049842bc9e78ae2aa7c33874f6f720b43,CURRENT_SOURCE
index_archivos/reporteexcel/lib/PHPExcel/PHPExcel/Shared/JAMA/QRDecomposition.php,.php,6029,6b744d361bbed7db9e7a563213e5f84f43b7e666c2e8bf3ab7f341284beb761c,CURRENT_SOURCE
index_archivos/reporteexcel/lib/PHPExcel/PHPExcel/Shared/JAMA/SingularValueDecomposition.php,.php,13531,8ad221536042e3b0bb92d3af5102fc1ea1e1f7289998fde5e9f6c6885f5234a8,CURRENT_SOURCE
index_archivos/reporteexcel/lib/PHPExcel/PHPExcel/Shared/JAMA/utils/Error.php,.php,3113,98eda6811db072e064559a90d4acd4457b9940b3d34eee30e94a0bde2b4d24cc,CURRENT_SOURCE
index_archivos/reporteexcel/lib/PHPExcel/PHPExcel/Shared/JAMA/utils/Maths.php,.php,754,3e6c639fe300a3484ccea84962e38d8667fbc71bc4488c5ab47253f2f44ae0de,CURRENT_SOURCE
index_archivos/reporteexcel/lib/PHPExcel/PHPExcel/Shared/OLE.php,.php,15587,80d69c3fa38165ad776945a1acacf554e59b9879f9506c305a648cab5514e08b,CURRENT_SOURCE
index_archivos/reporteexcel/lib/PHPExcel/PHPExcel/Shared/OLE/ChainedBlockStream.php,.php,6483,01a48aefe71fca63ec834e5128d15497243b5fa49a7d119ce45cdb91a291e948,CURRENT_SOURCE
index_archivos/reporteexcel/lib/PHPExcel/PHPExcel/Shared/OLE/PPS.php,.php,6853,6befb1ea14a352aed0e2062b8bff95a01894fdcbcd43bb5b3cbbf2bd6cb3ef1d,CURRENT_SOURCE
index_archivos/reporteexcel/lib/PHPExcel/PHPExcel/Shared/OLE/PPS/File.php,.php,2487,fd1bd39ed7bb9c7d3ffb83069eb7bcc2bb9c0de2d059103c68a902e2f58607e3,CURRENT_SOURCE
index_archivos/reporteexcel/lib/PHPExcel/PHPExcel/Shared/OLE/PPS/Root.php,.php,14716,064c5691c1c34ab9cb3fa736108c8e8b7710017101b34a4a88ada59a71d99bb2,CURRENT_SOURCE
index_archivos/reporteexcel/lib/PHPExcel/PHPExcel/Shared/OLERead.php,.php,9889,47077366bd3d0e882c278e0ff728ba9b1ba6779843d149f8a6d9aaf9b270feb6,CURRENT_SOURCE
index_archivos/reporteexcel/lib/PHPExcel/PHPExcel/Shared/PCLZip/gnu-lgpl.txt,.txt,26934,885a03f54b157961236f46843e79972abfcd6890b6cbb368bc7eca328ff95a12,CURRENT_SOURCE
index_archivos/reporteexcel/lib/PHPExcel/PHPExcel/Shared/PCLZip/pclzip.lib.php,.php,202844,43e72aa41e58271f9ae844a6bbd0d841b4afce3d78e39a94819872d4cef0ff02,CURRENT_SOURCE
index_archivos/reporteexcel/lib/PHPExcel/PHPExcel/Shared/PCLZip/readme.txt,.txt,22011,18336df2e6ba29d140348a8dfd25ae1a42ef6c5d39b4175e806b8b0f8ce3145b,CURRENT_SOURCE
index_archivos/reporteexcel/lib/PHPExcel/PHPExcel/Shared/PasswordHasher.php,.php,2373,9ad4ce96c688989edaa1257ed72cebc2e9e548947c10c807e74b888ee26e643a,CURRENT_SOURCE
index_archivos/reporteexcel/lib/PHPExcel/PHPExcel/Shared/String.php,.php,23618,b7c74c06d80488d1e393e929215f20c987de53f7e2983b9b2625045ad8b26ff3,CURRENT_SOURCE
index_archivos/reporteexcel/lib/PHPExcel/PHPExcel/Shared/TimeZone.php,.php,4275,de5a63892cb2906dc30efe17fce7b4b21d74db27d52f61cb026962c8f931bb7e,CURRENT_SOURCE
index_archivos/reporteexcel/lib/PHPExcel/PHPExcel/Shared/XMLWriter.php,.php,3347,dee6de09a7ada238b191d71fc9f49ce91a5960ceb3124e3e185a7449beb29cdf,CURRENT_SOURCE
index_archivos/reporteexcel/lib/PHPExcel/PHPExcel/Shared/ZipArchive.php,.php,3044,79bb3d2cf15a580c8d040410b036af7d2da12e8b81da8cd65d417f560cb330fc,CURRENT_SOURCE
index_archivos/reporteexcel/lib/PHPExcel/PHPExcel/Shared/ZipStreamWrapper.php,.php,5449,bc22c146e09baa949863c6043f630a32d5a9418d1ea9e39e5a1eb2d4a9ac1edf,CURRENT_SOURCE
index_archivos/reporteexcel/lib/PHPExcel/PHPExcel/Shared/trend/bestFitClass.php,.php,11223,cf713d28f286f7fc15a156eb846dd6023371fc647713801360dff59312995359,CURRENT_SOURCE
index_archivos/reporteexcel/lib/PHPExcel/PHPExcel/Shared/trend/exponentialBestFitClass.php,.php,4394,30fd5db928a1d39da7715a15afae69c57a8f40f3c4a81a3b5d633fbc51a0ed26,CURRENT_SOURCE
index_archivos/reporteexcel/lib/PHPExcel/PHPExcel/Shared/trend/linearBestFitClass.php,.php,3476,9886f2f425efdc2d9e1711f01fbc71dac0a34a027892c202c2352556b5a126a4,CURRENT_SOURCE
index_archivos/reporteexcel/lib/PHPExcel/PHPExcel/Shared/trend/logarithmicBestFitClass.php,.php,3727,eb384ea972b5455581cf8c6cfaf1ae3c195b939e410f58fc94baad33a06f6863,CURRENT_SOURCE
index_archivos/reporteexcel/lib/PHPExcel/PHPExcel/Shared/trend/polynomialBestFitClass.php,.php,6462,0e2e4e620e4cf24c2459bf5a2652d6a731de6892b67761dbbc7a2ccf276766cf,CURRENT_SOURCE
index_archivos/reporteexcel/lib/PHPExcel/PHPExcel/Shared/trend/powerBestFitClass.php,.php,4221,9950ebf9bd0ae6c9b77f3e916152cf7d5ad5f2b288543d87bf9e9d8e33902479,CURRENT_SOURCE
index_archivos/reporteexcel/lib/PHPExcel/PHPExcel/Shared/trend/trendClass.php,.php,5793,539fb36de03d7648643d90b746833b4e4280e5e50b3456e8bfbfa87b88cd38f5,CURRENT_SOURCE
index_archivos/reporteexcel/lib/PHPExcel/PHPExcel/Style.php,.php,23408,371181a3c6510f6eae78ac215170e4d3dac2d9fa018464d60e2c89dbe538cdbb,CURRENT_SOURCE
index_archivos/reporteexcel/lib/PHPExcel/PHPExcel/Style/Alignment.php,.php,10324,083b21371b5d807be4e00ff0d973c6b2660ee391846595f139aeac3aa73c5b42,CURRENT_SOURCE
index_archivos/reporteexcel/lib/PHPExcel/PHPExcel/Style/Border.php,.php,8242,287f3cb5074a5691165745a1ddc551df81f1114db9a2b35a5890d675fccba6ec,CURRENT_SOURCE
index_archivos/reporteexcel/lib/PHPExcel/PHPExcel/Style/Borders.php,.php,11566,98a54f4363318e3270839f889121cb6d9a6bfbc020c8bb2b9971d8ae9b80fd4a,CURRENT_SOURCE
index_archivos/reporteexcel/lib/PHPExcel/PHPExcel/Style/Color.php,.php,13342,15dd51fedb34592731856756674f4223b09995bcc5d8e892ac28c5fd3ea0a490,CURRENT_SOURCE
index_archivos/reporteexcel/lib/PHPExcel/PHPExcel/Style/Conditional.php,.php,6667,de8fe59cdfdd1874487f9acb04e2a2a794dd9bcab469dc0e7e5a0d6ce74450f8,CURRENT_SOURCE
index_archivos/reporteexcel/lib/PHPExcel/PHPExcel/Style/Fill.php,.php,9038,f3ba1cf883a98af6907fd8862ff856fba0ed2be762aadf7e43edd62e9a0c1226,CURRENT_SOURCE
index_archivos/reporteexcel/lib/PHPExcel/PHPExcel/Style/Font.php,.php,12962,7f5999ab62f2145009e7efb89c586b069d182c054f5a06c46afb6b6dd45255d3,CURRENT_SOURCE
index_archivos/reporteexcel/lib/PHPExcel/PHPExcel/Style/NumberFormat.php,.php,21594,82c66792d1074507963c03e33f049b3b04e6d5dfbe787220f97e9c43d121a104,CURRENT_SOURCE
index_archivos/reporteexcel/lib/PHPExcel/PHPExcel/Style/Protection.php,.php,5566,51a7b13f0a2a8e6b2b932a0dcbfca9e25845bdd815e182cf80425138110a29f0,CURRENT_SOURCE
index_archivos/reporteexcel/lib/PHPExcel/PHPExcel/Style/Supervisor.php,.php,3322,3b9b6d91e8e65c83608bc433e63c6cdd92efa660d21f0719f28229ee9a09352c,CURRENT_SOURCE
index_archivos/reporteexcel/lib/PHPExcel/PHPExcel/Worksheet.php,.php,90774,07ce7f6b667831a7d329a3080a092480141f705ca7d2fefd92a899dcd74d9f49,CURRENT_SOURCE
index_archivos/reporteexcel/lib/PHPExcel/PHPExcel/Worksheet/AutoFilter.php,.php,32431,e3071a9fcefd8978990fc0ee6939b493246842e33e45f50701b0fc1d42637499,CURRENT_SOURCE
index_archivos/reporteexcel/lib/PHPExcel/PHPExcel/Worksheet/AutoFilter/Column.php,.php,9887,9a75a8479c386d4ffbf3aeab0374beae3447882ab2c028343d449a1735b9bca8,CURRENT_SOURCE
index_archivos/reporteexcel/lib/PHPExcel/PHPExcel/Worksheet/AutoFilter/Column/Rule.php,.php,16868,b02e46815092dc95c89fec3150511479ba7eaf2792b55c4ca079b541b26f736a,CURRENT_SOURCE
index_archivos/reporteexcel/lib/PHPExcel/PHPExcel/Worksheet/BaseDrawing.php,.php,10656,0d3460970804268a3582c58f7f41ec8bf16c5e0cd458063b1ec94452a29cd01b,CURRENT_SOURCE
index_archivos/reporteexcel/lib/PHPExcel/PHPExcel/Worksheet/CellIterator.php,.php,4105,ece684f41513b03a12c919ecce0b8308379c55f9313b62b825988545006eef76,CURRENT_SOURCE
index_archivos/reporteexcel/lib/PHPExcel/PHPExcel/Worksheet/ColumnDimension.php,.php,5504,d6a4e2e09f0dff6fd96d41651b68a3de2b87ea7dc18deecb89816e0158638b3b,CURRENT_SOURCE
index_archivos/reporteexcel/lib/PHPExcel/PHPExcel/Worksheet/Drawing.php,.php,3816,ce60854c9565dc9409630abb7436a2255a4843c8e9a5d79882e48bca23e3fc7a,CURRENT_SOURCE
index_archivos/reporteexcel/lib/PHPExcel/PHPExcel/Worksheet/Drawing/Shadow.php,.php,6244,656d19789f6bc3826d5f5a1b47e6982255ada4dc068355fdb4c7b5a92cdb7266,CURRENT_SOURCE
index_archivos/reporteexcel/lib/PHPExcel/PHPExcel/Worksheet/HeaderFooter.php,.php,12954,6469340b9f22152375f222ac6056ffb59027591b5769ef984928e7652fbaca08,CURRENT_SOURCE
index_archivos/reporteexcel/lib/PHPExcel/PHPExcel/Worksheet/HeaderFooterDrawing.php,.php,7701,12ae85422a32b2c915db88079e2669c28238b0df00420499e3871108bcff734f,CURRENT_SOURCE
index_archivos/reporteexcel/lib/PHPExcel/PHPExcel/Worksheet/MemoryDrawing.php,.php,5023,8f22bd0f13667e37d3e207f3a77d2154c1b9ce1e9023035fe1e15965bde36f9c,CURRENT_SOURCE
index_archivos/reporteexcel/lib/PHPExcel/PHPExcel/Worksheet/PageMargins.php,.php,4362,cd997e7ba90ebdb857c6a2a64ca4d769000500bf3cb8de9f617c0c6a34faa8c8,CURRENT_SOURCE
index_archivos/reporteexcel/lib/PHPExcel/PHPExcel/Worksheet/PageSetup.php,.php,25032,0784cfb1f1a5edcd59a848b528fde268d402f9b61b65c7b4777e2cf560895313,CURRENT_SOURCE
index_archivos/reporteexcel/lib/PHPExcel/PHPExcel/Worksheet/Protection.php,.php,10754,948f9357c8fc2c4c039bdaebf7de94633988a890a7e64315a9f9e49fe7f5ab1a,CURRENT_SOURCE
index_archivos/reporteexcel/lib/PHPExcel/PHPExcel/Worksheet/Row.php,.php,2287,aff0bc93dc6dc122e4dea820bffb85cd1f6267cc3c36e3926c7ff716b8a1caa5,CURRENT_SOURCE
index_archivos/reporteexcel/lib/PHPExcel/PHPExcel/Worksheet/RowDimension.php,.php,5508,4392c71ad644c41eee0d04261889d4b5565dfbfb7269a27068d722a318dc9b8b,CURRENT_SOURCE
index_archivos/reporteexcel/lib/PHPExcel/PHPExcel/Worksheet/RowIterator.php,.php,3491,15808f91d6438dbbbe750d385a2d84ff3860e4ec65e6de161b33924a645580ff,CURRENT_SOURCE
index_archivos/reporteexcel/lib/PHPExcel/PHPExcel/Worksheet/SheetView.php,.php,4639,81fa4f774090d0332c8730f8abceb3c858099a5db64d301260bdef4cd8ebe7e2,CURRENT_SOURCE
index_archivos/reporteexcel/lib/PHPExcel/PHPExcel/WorksheetIterator.php,.php,2742,d3c5a9bc63ae9437767680457dc067dab8ed13e26dc76a461b6ad1dd82140f05,CURRENT_SOURCE
index_archivos/reporteexcel/lib/PHPExcel/PHPExcel/Writer/Abstract.php,.php,4940,5cacaa0fa51eded77a27cd92ef137911545ce4dd25c530a92ece70ebf54682e9,CURRENT_SOURCE
index_archivos/reporteexcel/lib/PHPExcel/PHPExcel/Writer/CSV.php,.php,7682,612072a54c81fa1ca502a3fc644d7e504dc4cf7ac534c41ff2595f1664e58243,CURRENT_SOURCE
index_archivos/reporteexcel/lib/PHPExcel/PHPExcel/Writer/Excel2007.php,.php,16821,3c6435e184503ca2139420d0c33289e856b6a1283143336e235eb845bdc1e7d7,CURRENT_SOURCE
index_archivos/reporteexcel/lib/PHPExcel/PHPExcel/Writer/Excel2007/Chart.php,.php,38558,2cf2964d11da84423539681901e88f73f27595f992ca6159730678ff56c77897,CURRENT_SOURCE
index_archivos/reporteexcel/lib/PHPExcel/PHPExcel/Writer/Excel2007/Comments.php,.php,9056,ebd410610f36a460639462cb03847b4efd156c3ec7a57c189b7c992f4e5823dd,CURRENT_SOURCE
index_archivos/reporteexcel/lib/PHPExcel/PHPExcel/Writer/Excel2007/ContentTypes.php,.php,9517,f39ae253825e1db809c9eb454dbd77966ce2b68ae53ae3edae21cb13f1bdc00e,CURRENT_SOURCE
index_archivos/reporteexcel/lib/PHPExcel/PHPExcel/Writer/Excel2007/DocProps.php,.php,9252,411055d6a8191c8b61aa5c98ffd34f0b8b0394c57c21a45170907d37a817ffff,CURRENT_SOURCE
index_archivos/reporteexcel/lib/PHPExcel/PHPExcel/Writer/Excel2007/Drawing.php,.php,20452,98e75b88c323d947304839d474fd5d6d17edc6018c93ca78726792279620910a,CURRENT_SOURCE
index_archivos/reporteexcel/lib/PHPExcel/PHPExcel/Writer/Excel2007/Rels.php,.php,13272,259eea55d9055e0bb94a360afaae03244f4a9e8fae1c53198618dd6cccc71d83,CURRENT_SOURCE
index_archivos/reporteexcel/lib/PHPExcel/PHPExcel/Writer/Excel2007/StringTable.php,.php,10975,6a06f81fe68c0d516bf8e203e8b954ccab78db2e530774c4c5aa2acb7e081550,CURRENT_SOURCE
index_archivos/reporteexcel/lib/PHPExcel/PHPExcel/Writer/Excel2007/Style.php,.php,25085,67612e8dd9e796864960577502f1a64fd3d4d1930b075b552db9f9b45b5a6bc4,CURRENT_SOURCE
index_archivos/reporteexcel/lib/PHPExcel/PHPExcel/Writer/Excel2007/Theme.php,.php,25703,41bc78073e6302318da2b6ad5e77c1ef083db8159caa714aed8ca56b9ed1a68c,CURRENT_SOURCE
index_archivos/reporteexcel/lib/PHPExcel/PHPExcel/Writer/Excel2007/Workbook.php,.php,15547,42243b46880964ed506652278261e99750775751d28293d7d99345ede4b66e55,CURRENT_SOURCE
index_archivos/reporteexcel/lib/PHPExcel/PHPExcel/Writer/Excel2007/Worksheet.php,.php,45739,da7305ec33ce5208427569fa836adbcf368da6d937361e3100e60e3db4534d68,CURRENT_SOURCE
index_archivos/reporteexcel/lib/PHPExcel/PHPExcel/Writer/Excel2007/WriterPart.php,.php,2354,0e86c7ba9778b472ac15b476d94448d417ec831a599cc15f9b1535594b14d09d,CURRENT_SOURCE
index_archivos/reporteexcel/lib/PHPExcel/PHPExcel/Writer/Excel5.php,.php,34702,042089c874b1165a3ff01efef3971394aa2876a54eb037fe0ea3ef08cfe45608,CURRENT_SOURCE
index_archivos/reporteexcel/lib/PHPExcel/PHPExcel/Writer/Excel5/BIFFwriter.php,.php,7975,92b7842731d12a41bd8bc779e8214a38ebe3454e2d9660c4bec4a4a516a43087,CURRENT_SOURCE
index_archivos/reporteexcel/lib/PHPExcel/PHPExcel/Writer/Excel5/Escher.php,.php,14078,eb448575486468f37c2716e437c47c6351bf121eca9c432bddbf221d9c9642bd,CURRENT_SOURCE
index_archivos/reporteexcel/lib/PHPExcel/PHPExcel/Writer/Excel5/Font.php,.php,4177,fdc902431a1f9eecf342ce3270fc05441afcb4554610069949b33fffbb781d7c,CURRENT_SOURCE
index_archivos/reporteexcel/lib/PHPExcel/PHPExcel/Writer/Excel5/Parser.php,.php,58657,65ce9d4c3e816129dc996f46a2d2d0d8b343abfe88ee6f5194532a446e81129e,CURRENT_SOURCE
index_archivos/reporteexcel/lib/PHPExcel/PHPExcel/Writer/Excel5/Workbook.php,.php,48083,30281d7008be04b87f5b1b195288d2a31990169734e85f92b95daf93f42da74a,CURRENT_SOURCE
index_archivos/reporteexcel/lib/PHPExcel/PHPExcel/Writer/Excel5/Worksheet.php,.php,127702,bdf82b77625ae9beaf89d09ce8fc86bd898cc3b4f5c3d3d50982f74cd09fc0e9,CURRENT_SOURCE
index_archivos/reporteexcel/lib/PHPExcel/PHPExcel/Writer/Excel5/Xf.php,.php,17492,0d7b1be53b561e34e6c0487df59d3ee7e9486701d068438101596d26a817119a,CURRENT_SOURCE
index_archivos/reporteexcel/lib/PHPExcel/PHPExcel/Writer/Exception.php,.php,1688,895e9ffe1c90041c2e9783a4f9fcdecd4f3d00f933d7fa73afd0e114f417f2ae,CURRENT_SOURCE
index_archivos/reporteexcel/lib/PHPExcel/PHPExcel/Writer/HTML.php,.php,47078,d9c9bba89a90326c39db361868a778d896130a094fedc33536fcbe7f9c798913,CURRENT_SOURCE
index_archivos/reporteexcel/lib/PHPExcel/PHPExcel/Writer/IWriter.php,.php,1559,7d4879020ef361cedaa140058a660e2081fd5640bba914c33dd951268570626d,CURRENT_SOURCE
index_archivos/reporteexcel/lib/PHPExcel/PHPExcel/Writer/PDF.php,.php,3344,3484bdcd8ae84c7ad4e338e6e5f7e585a2b2bf280d8e626545e3d8add4aa6196,CURRENT_SOURCE
index_archivos/reporteexcel/lib/PHPExcel/PHPExcel/Writer/PDF/Core.php,.php,14479,3ada664e30ec7e5f8e6624fc1eab8d073d8b2bec0cb77cdc0b6230a3b6c78d72,CURRENT_SOURCE
index_archivos/reporteexcel/lib/PHPExcel/PHPExcel/Writer/PDF/DomPDF.php,.php,4474,8f5fb9bdc23f3813aa14fce8b0406f31826ceb9b73deb37999c7f9848d8ba876,CURRENT_SOURCE
index_archivos/reporteexcel/lib/PHPExcel/PHPExcel/Writer/PDF/mPDF.php,.php,4975,94a20c382fedae363bf2061f877cfc6e50d9e81b628a594357f8797eb3b1014f,CURRENT_SOURCE
index_archivos/reporteexcel/lib/PHPExcel/PHPExcel/Writer/PDF/tcPDF.php,.php,5230,3e04fc09b354531c444adac8de5977cf69e04a62248c12b7a137d1bcbf939798,CURRENT_SOURCE
index_archivos/reporteexcel/lib/PHPExcel/PHPExcel/locale/cs/config,[none],1322,cc70ebbd5e4057dfff3600638724fc8f61c1a635aed3a22529ebf0479bc4e9d7,CURRENT_SOURCE
index_archivos/reporteexcel/lib/PHPExcel/PHPExcel/locale/cs/functions,[none],31934,da194467476e9d06c2eb8a6bb8abb00589492ebbcef811b4594fdde3e0168081,CURRENT_SOURCE
index_archivos/reporteexcel/lib/PHPExcel/PHPExcel/locale/da/config,[none],1330,cd9fadc41154e140e32caec27cec4f8959bc67af31509721ed35570b4f2d7b02,CURRENT_SOURCE
index_archivos/reporteexcel/lib/PHPExcel/PHPExcel/locale/da/functions,[none],32610,ca520f4d4323188ce6bb0ab9a736609c6bd5fb92474e4936502458437f7af615,CURRENT_SOURCE
index_archivos/reporteexcel/lib/PHPExcel/PHPExcel/locale/de/config,[none],1320,73ee55c31ee75c8c6f93d0a0dbc009818ebeb65253d012437e1978c7d90cb099,CURRENT_SOURCE
index_archivos/reporteexcel/lib/PHPExcel/PHPExcel/locale/de/functions,[none],35917,386dbcdca57111b2c348eb113c83b23f67331fa2fc06e01bd2c2668c4e8510bb,CURRENT_SOURCE
index_archivos/reporteexcel/lib/PHPExcel/PHPExcel/locale/en/uk/config,[none],1139,7b4bdeabceeefae6ba553ad44c50f9619169512314830f508654bdd3cf1287cf,CURRENT_SOURCE
index_archivos/reporteexcel/lib/PHPExcel/PHPExcel/locale/es/config,[none],1405,1a24031ae175abf0b6049590df9339738a923719b85aadc819dc951ea0cdb9d0,CURRENT_SOURCE
index_archivos/reporteexcel/lib/PHPExcel/PHPExcel/locale/es/functions,[none],35651,96d4d04fd4904cb33486ca6893bc51ea5a15832219af99de6a4388ed7e7db4f9,CURRENT_SOURCE
index_archivos/reporteexcel/lib/PHPExcel/PHPExcel/locale/fi/config,[none],1376,98a438c8b030138a8a059f9f5c10eb729efa0cc35b5e39937beedd1a607088ac,CURRENT_SOURCE
index_archivos/reporteexcel/lib/PHPExcel/PHPExcel/locale/fi/functions,[none],32689,87e2f897c69909dd9809140eaab81297e633859dbf4368027b118b9a2415294a,CURRENT_SOURCE
index_archivos/reporteexcel/lib/PHPExcel/PHPExcel/locale/fr/config,[none],1321,cfe5894872244550eb7fbfce0fb6085e860378da5c767efacf6ce1e47f92ad5d,CURRENT_SOURCE
index_archivos/reporteexcel/lib/PHPExcel/PHPExcel/locale/fr/functions,[none],37086,b2115b0517a86a4668ffb83cdc7a597feed2e68b5c33c096a7edb1c35e24611d,CURRENT_SOURCE
index_archivos/reporteexcel/lib/PHPExcel/PHPExcel/locale/hu/config,[none],1335,90d3100bc522f11c151c74ece1ab3e448068a6d357a42059bf3c582f14c2a287,CURRENT_SOURCE
index_archivos/reporteexcel/lib/PHPExcel/PHPExcel/locale/hu/functions,[none],35604,646ff390540354d5836d74a84af88454ac03dead309e939bc52ef418ee935cc7,CURRENT_SOURCE
index_archivos/reporteexcel/lib/PHPExcel/PHPExcel/locale/it/config,[none],1321,aadfdd1d00e496cf81ebdcfd836b274e5baedb2a237f3a80db61625f39cbdf57,CURRENT_SOURCE
index_archivos/reporteexcel/lib/PHPExcel/PHPExcel/locale/it/functions,[none],34740,4f112b75f8b48d9b1505c0d06a95cec21fcd3be7570fd046907f09767bef7a79,CURRENT_SOURCE
index_archivos/reporteexcel/lib/PHPExcel/PHPExcel/locale/nl/config,[none],1324,708467aa3c518e524716a0d4f86fba2c27ed271e20556ffbd9d0903deeda6756,CURRENT_SOURCE
index_archivos/reporteexcel/lib/PHPExcel/PHPExcel/locale/nl/functions,[none],36710,a6f4b8566ee2d1cf2f4c4374f2a3292a7caf7ee9c89e7ddbc4d98183d75e8a59,CURRENT_SOURCE
index_archivos/reporteexcel/lib/PHPExcel/PHPExcel/locale/no/config,[none],1318,40073bbdb09107d2043de2c69c4e6417c5a2c4f109e3f0239716bd1b37d5a625,CURRENT_SOURCE
index_archivos/reporteexcel/lib/PHPExcel/PHPExcel/locale/no/functions,[none],32626,0b7fd4198f87d8f8674acb0a80feb21ea4a58c333fc60c12d4d6ac048d83e7fb,CURRENT_SOURCE
index_archivos/reporteexcel/lib/PHPExcel/PHPExcel/locale/pl/config,[none],1324,cab751c460f1c95a28a3db53d2fed1ea79c25fd4f2b807e4da39110184698f86,CURRENT_SOURCE
index_archivos/reporteexcel/lib/PHPExcel/PHPExcel/locale/pl/functions,[none],33473,7a3c80bcbd89813e60c17171643cefd4f7ba1c369e4d6d1b6a34f196faf665aa,CURRENT_SOURCE
index_archivos/reporteexcel/lib/PHPExcel/PHPExcel/locale/pt/br/config,[none],1319,9a676a8d247b1317017421eeddcb1b5a7fb70ce92fdf3ef3651e63b032ed1b2d,CURRENT_SOURCE
index_archivos/reporteexcel/lib/PHPExcel/PHPExcel/locale/pt/br/functions,[none],31738,ec9fac2217ce883058207be75347efcd530e9084ba58b8f5fd72a49900eb0e06,CURRENT_SOURCE
index_archivos/reporteexcel/lib/PHPExcel/PHPExcel/locale/pt/config,[none],1320,139dfe9a7cd876ba983f65aa24ee28a5bdb64fbb6de4e0bbd558967d2456281c,CURRENT_SOURCE
index_archivos/reporteexcel/lib/PHPExcel/PHPExcel/locale/pt/functions,[none],32034,3d6e116a4cfd9566669b9aa78995ee555685cd5dfdef1ffc9fa42e32ee12363b,CURRENT_SOURCE
index_archivos/reporteexcel/lib/PHPExcel/PHPExcel/locale/ru/config,[none],1346,0d1493385b709b919269e11c6588b3f73563a1eb8356361138a690c9f8e980c7,CURRENT_SOURCE
index_archivos/reporteexcel/lib/PHPExcel/PHPExcel/locale/ru/functions,[none],54494,ff9ac6189befec0a1690dc1d3d1d81f1de617664a944556ebd584ef7a3ec00d0,CURRENT_SOURCE
index_archivos/reporteexcel/lib/PHPExcel/PHPExcel/locale/sv/config,[none],1346,861bc40625b26cbc0fca37d4df45434f8c5322c9c7c3ce8edf1e5a3cb72f7cc0,CURRENT_SOURCE
index_archivos/reporteexcel/lib/PHPExcel/PHPExcel/locale/sv/functions,[none],30293,2cad149ecd9d841f66c06fd9fbaf42bc977a53bec9fc59cee1cd59db1dc51bef,CURRENT_SOURCE
index_archivos/reporteexcel/lib/PHPExcel/PHPExcel/locale/tr/config,[none],1322,6841c01783217b334f0e26af8498f95b568a7d030e3040be6a61af63a35665b7,CURRENT_SOURCE
index_archivos/reporteexcel/lib/PHPExcel/PHPExcel/locale/tr/functions,[none],32831,6f2459ecc96051f3f751176bb8ce6a37f5f6cd855f36b805611bc7c7177fc506,CURRENT_SOURCE
index_archivos/reporteexcel/reporteexcel.php,.php,4199,23b5405551d83e5ee9aa0ea0ad0f4dff0289152a673adc7223845c0562763ee2,CURRENT_SOURCE
index_archivos/reporteexcel/reporteexcelNew.php,.php,6420,96f8596f05d7fd7058a06d1307f54d57be0eae45c1694d975210bf3353d0fdf3,CURRENT_SOURCE
index_archivos/reportes-control/reporte-control-query.php,.php,33797,2ab002a79f942f6eeff387c3083fc3cb229398d3208a6b51bf0a9d37b91054f5,CURRENT_SOURCE
index_archivos/reportes-control/reporte-control.php,.php,7876,afa1e4d0e96968a37026751f9b146a123738e126ce1c265ab726fd0a380c2c26,CURRENT_SOURCE
index_archivos/resetpassword/ResetPassword.php,.php,12566,591e0320c827d6495e7ff3fdf6e1314e8bcbc1f61f40651865c38256dc8efd1a,CURRENT_SOURCE
index_archivos/resetpassword/ajax/generateToken.php,.php,417,d6d96bf678ca0556dee9f47c0fd47bf65c1b0f3f76c35cdccbc7d00e64dccfcb,CURRENT_SOURCE
index_archivos/resetpassword/ajax/resetPassword.php,.php,357,38406877452d47f5166ccb46327abf50068260fd87e366fff18f5eb1c8e795b5,CURRENT_SOURCE
index_archivos/resetpassword/ajax/sendCredentials.php,.php,339,7bb4d03cd499bae11769f58aeeaa6080863140048a9ffebe7a015bf029b60e08,CURRENT_SOURCE
index_archivos/resetpassword/index.php,.php,2056,9216277b4f27812f8e7b63bfca2484788a81a4966591003c08a5f47423a2410f,CURRENT_SOURCE
index_archivos/resetpassword/js/firstStep.js,.js,2003,ab431fa600d241bf52d57c5c9add0dbdc1e82bf54b880e2b3c92ce96e7f6fe82,CURRENT_SOURCE
index_archivos/resetpassword/js/index.js,.js,2365,c7eba2e81d78ae71415b5222498e72591c5c455f7678c81e9c22bfb9fb800203,CURRENT_SOURCE
index_archivos/resetpassword/js/secondStep.js,.js,1430,89276f89bbcffd362f73d2d693dcdc02104203addc6cdd33efec647e3e1fbae3,CURRENT_SOURCE
index_archivos/resetpassword/js/thridStep.js,.js,1840,eb660391c2dd1819360c771aed73bc355e270907f120f062860931edd64957f2,CURRENT_SOURCE
index_archivos/resetpassword/js/vee-validate.js,.js,351897,c14ac5048d527d8caee973cf5dbdc0209f89db94a13c500aae96901cc6278fa0,CURRENT_SOURCE
index_archivos/resetpassword/js/vue.js,.js,434842,57110669bfdc4edb41f092bbc51ca1568c1982c7e11fe4c17c156e376eafb63d,CURRENT_SOURCE
index_archivos/samesesion.php,.php,2931,cacac84976c7b34f0a8d3e8999ecb78a8b83074a9613d00c641e3b00e7e71e22,CURRENT_SOURCE
index_archivos/sendgrid_php/.env.sample,.sample,28,8ce4229c52bf883bf101ce80e46f8750b6ad0ebf0c0b72a0f8c82926e47d49bf,CURRENT_SOURCE
index_archivos/sendgrid_php/composer.lock,.lock,65266,314231a457d6dbc4b2a7061ea6b91e5a8c1e05e252ebe6782c403a1a981ae147,CURRENT_SOURCE
index_archivos/sendgrid_php/lib/BaseSendGridClientInterface.php,.php,1949,3e6882c0daeb304595d972ae80ab19d8d84cc63240612e499d027ba2c5144b4e,CURRENT_SOURCE
index_archivos/sendgrid_php/lib/SendGrid.php,.php,765,d6007052944172e285b7e33e04d190184e9e7f07a8556f05c4d4afbe8f5bb563,CURRENT_SOURCE
index_archivos/sendgrid_php/lib/TwilioEmail.php,.php,874,2739abf74b9853e729dde0f2eb05e3263645b08c1dfd58f4957ecd3db9557b43,CURRENT_SOURCE
index_archivos/sendgrid_php/lib/contacts/README.md,.md,578,aa882f21ffef37725b1fdc8f2ca7228cfc7aa71347684e03cff6e825fe28691b,CURRENT_SOURCE
index_archivos/sendgrid_php/lib/contacts/Recipient.php,.php,2070,65595e1af9216f7b7fa3fce21ac1def989274026b2ebe05b0f9bd39831c96ad1,CURRENT_SOURCE
index_archivos/sendgrid_php/lib/contacts/RecipientForm.php,.php,1091,5019a9cbb85ab38db24dc85dc02d56008cc3c50663a2c1fa7ed2b338adf535ce,CURRENT_SOURCE
index_archivos/sendgrid_php/lib/eventwebhook/EventWebhook.php,.php,1536,42477a29e26e4007e973af17420fe6bf77ae0cc0fb2d7fcb58f982e34c47c4c7,CURRENT_SOURCE
index_archivos/sendgrid_php/lib/eventwebhook/EventWebhookHeader.php,.php,422,e2899851a3b72a3e10376f9feda4fa917b959a1d864b177573cd06e2577422e5,CURRENT_SOURCE
index_archivos/sendgrid_php/lib/helper/Assert.php,.php,10323,e7863bd2a8c1009369fe5d8c57824eae1ed4938c8c371c7f94a920e520a501f3,CURRENT_SOURCE
index_archivos/sendgrid_php/lib/mail/Asm.php,.php,4811,485e7d863a9f9a4e9db76b0458591a2d62c6a92ef532a15f27db950b64302c5c,CURRENT_SOURCE
index_archivos/sendgrid_php/lib/mail/Attachment.php,.php,6113,7a6fc50f13581b6833917132fcd61584417eb5b1ef705472f94b94458f46899c,CURRENT_SOURCE
index_archivos/sendgrid_php/lib/mail/BatchId.php,.php,1642,1d2555bf199a4e475d48d365d5d2600b02b609c74e0a4adbb488ac56d973ff13,CURRENT_SOURCE
index_archivos/sendgrid_php/lib/mail/Bcc.php,.php,296,fc9656d4e8e87c3425709158a25df888cc8f0858078f71af0082ff97654fe039,CURRENT_SOURCE
index_archivos/sendgrid_php/lib/mail/BccSettings.php,.php,2621,47cd25db40acf55919b412b57d69ac58f84a801d57d37d2c7490f748f8ed4598,CURRENT_SOURCE
index_archivos/sendgrid_php/lib/mail/BypassListManagement.php,.php,1990,6608ab96300cfe58bb06a431be1c1ba98f90ad7ebe07aea595549c475988fbf6,CURRENT_SOURCE
index_archivos/sendgrid_php/lib/mail/Category.php,.php,1788,a20e3710e203f5c4e9bc754c69aa7518ffa83cb0e08d9310520a616f405c8cd8,CURRENT_SOURCE
index_archivos/sendgrid_php/lib/mail/Cc.php,.php,293,d18c2d1be8ebea8ffae55665b0e396ac6b2e3294d0fce9ec4fcec929d1f004bd,CURRENT_SOURCE
index_archivos/sendgrid_php/lib/mail/ClickTracking.php,.php,2792,38fcda0e1f786e5118ba772f54e31951011af3a6b2c1dee76d93e64dcabb850b,CURRENT_SOURCE
index_archivos/sendgrid_php/lib/mail/Content.php,.php,3013,33210b1301a175366b9184758e1907818c5e6b4a9a233af455681e78571ce5b6,CURRENT_SOURCE
index_archivos/sendgrid_php/lib/mail/CustomArg.php,.php,2759,c131cac60d35142481c2f711cdd289a2f6c0cb7955c5a2aae33b20318120ac4e,CURRENT_SOURCE
index_archivos/sendgrid_php/lib/mail/EmailAddress.php,.php,5194,459ff0a982c1f317bc14fbb1bcedc4d2e2b73cc2b704dd3f168ce2333022fe7b,CURRENT_SOURCE
index_archivos/sendgrid_php/lib/mail/Footer.php,.php,3162,fe860b9bdd6e070b68c22e6c948e6978ee4e2ade90fd04d118fa74b1d26b56d3,CURRENT_SOURCE
index_archivos/sendgrid_php/lib/mail/From.php,.php,299,21d58ae7b5730d72ecafabd06a50dcf719f80beb6babefe06f7d2bb3b11a9ade,CURRENT_SOURCE
index_archivos/sendgrid_php/lib/mail/Ganalytics.php,.php,6665,a6761aa8754b22283822a069c460b68a634ea254da6b026eaf8bd50a84d36fc2,CURRENT_SOURCE
index_archivos/sendgrid_php/lib/mail/GroupId.php,.php,1514,fd103e831cded9c0be495af92d32f6522e79821c8d88b2bd701e3473a8e1d93d,CURRENT_SOURCE
index_archivos/sendgrid_php/lib/mail/GroupsToDisplay.php,.php,3309,b3cdc3638f653744d65be681eb899393c5e2f6e93aaeea238fdce38b2e8bdb7d,CURRENT_SOURCE
index_archivos/sendgrid_php/lib/mail/Header.php,.php,2442,50ae120ff1238d14f199e9fbe5e2eb9f216833baffbdf39718de65388cdbfbb1,CURRENT_SOURCE
index_archivos/sendgrid_php/lib/mail/HtmlContent.php,.php,557,fff5fc2d388c8b27ec7508c451a0d16877dd5dd68fb55e83377a86d6e247a01f,CURRENT_SOURCE
index_archivos/sendgrid_php/lib/mail/IpPoolName.php,.php,2055,31390d2e74544f437e2ef5951b208bac14bef2bb51dec1d70c0ba84d91cc98f4,CURRENT_SOURCE
index_archivos/sendgrid_php/lib/mail/Mail.php,.php,64991,36056e79a6f4c3f0ad640d5dbf1edeab18a1abbe8310df24f999d4c260537eb2,CURRENT_SOURCE
index_archivos/sendgrid_php/lib/mail/MailSettings.php,.php,8591,b26d20adca6eaa30e33679f2b06d4bb19dabae68511f756877789869fef4231d,CURRENT_SOURCE
index_archivos/sendgrid_php/lib/mail/MimeType.php,.php,336,f2ee9cd742cd4edb7933d4f06939b534e9086bfb1c0f0245245060cef150793b,CURRENT_SOURCE
index_archivos/sendgrid_php/lib/mail/OpenTracking.php,.php,3741,64b310ac45dbd627f76eb291eb7dc92a521437d5881ba684641b858455f10c95,CURRENT_SOURCE
index_archivos/sendgrid_php/lib/mail/Personalization.php,.php,8219,6da50983c2774da8f8676c903d1ae16f98166565e22bf1ef36404c294837a5f4,CURRENT_SOURCE
index_archivos/sendgrid_php/lib/mail/PlainTextContent.php,.php,573,ed731a99599b1a26fafb3a5f3922586a15058a09dda149dabae687d17225427c,CURRENT_SOURCE
index_archivos/sendgrid_php/lib/mail/README.md,.md,527,db337e3e233f0d6aab64e9f513f71572d3ccb200b23493184d5187d234dc647a,CURRENT_SOURCE
index_archivos/sendgrid_php/lib/mail/ReplyTo.php,.php,308,c8d92e7e180f9ad0a08fba3fdd99fafeb25cc37c437c5e4163c44a39d68e8a40,CURRENT_SOURCE
index_archivos/sendgrid_php/lib/mail/SandBoxMode.php,.php,1678,94b9eb69587cffe00389e9829421964d07ecc2ada2f792932ef796e04d3ea8a9,CURRENT_SOURCE
index_archivos/sendgrid_php/lib/mail/Section.php,.php,2334,a9e17bd1581dea9569f5c8d2d5b0d58beeec55ac67adbacc8e4b5f5cb7267375,CURRENT_SOURCE
index_archivos/sendgrid_php/lib/mail/SendAt.php,.php,3670,08ed4fb7f4b4661cc3f7b178953f4d4acd0d4dfb0359c498672e0c86325ce680,CURRENT_SOURCE
index_archivos/sendgrid_php/lib/mail/SpamCheck.php,.php,4445,3a8678542bf08754ecffafb00cbbf082bced664d7b288a32e551a5816b62d44d,CURRENT_SOURCE
index_archivos/sendgrid_php/lib/mail/Subject.php,.php,1437,d840d278b9b0ab0bce53e57e9364215c2aba1ef952c78417767b0e77fa091ed2,CURRENT_SOURCE
index_archivos/sendgrid_php/lib/mail/SubscriptionTracking.php,.php,6970,6fa60608c661b7fc9b8fcf984ce874a0de4468fbe9a99e149373a88659e96515,CURRENT_SOURCE
index_archivos/sendgrid_php/lib/mail/Substitution.php,.php,3081,40d34c24dede44243155bb4fb9f6e019f5544b51d9b1719656eeb5c678f66891,CURRENT_SOURCE
index_archivos/sendgrid_php/lib/mail/TemplateId.php,.php,2391,9662928d82caf33baec935b4980cc520775dde591d8dd8248e3a29fc676e4a6c,CURRENT_SOURCE
index_archivos/sendgrid_php/lib/mail/To.php,.php,293,806b18599351e044021c22ec22de9186bf941ea146a3b8ec94f630cd7013072c,CURRENT_SOURCE
index_archivos/sendgrid_php/lib/mail/TrackingSettings.php,.php,9479,e0e890ec20dbe818b583e95a9e7c170284c8a3e2dc0bce9909d484b26bf5af3d,CURRENT_SOURCE
index_archivos/sendgrid_php/lib/mail/TypeException.php,.php,85,399a18852e474d1ffc737f5544bd990ff795d459cf98e48a64647713bd4f07d5,CURRENT_SOURCE
index_archivos/sendgrid_php/lib/stats/Stats.php,.php,7980,360b04304a15fb43172843efec097d20c938327cf4c592f05f716a8cbf484c48,CURRENT_SOURCE
index_archivos/sendgrid_php/sendgrid-php.php,.php,1025,b8b674d797438afb7063fef63d89ba4c636bc502b02cf3fa93fc3476d0095460,CURRENT_SOURCE
index_archivos/servicioNotificaciones/README.md,.md,0,e3b0c44298fc1c149afbf4c8996fb92427ae41e4649b934ca495991b7852b855,CURRENT_SOURCE
index_archivos/servicioNotificaciones/ServicioNotificacionesClass.php,.php,26336,bdd59a3efe37faf5311e7fa36e6e39ea7a327e2a6d8cc4cb99f64f8f64629851,CURRENT_SOURCE
index_archivos/servicioNotificaciones/ajax/cambiarEstado.php,.php,1823,f0189373e057fdb1596349b7bb4eea27b4b1e5606146f41569509105ff910a6c,CURRENT_SOURCE
index_archivos/servicioNotificaciones/ajax/enviarNotificacionesID.php,.php,4240,7c45478754b5647cc9029c852946442231817b79f639e416d26df0f160a52dec,CURRENT_SOURCE
index_archivos/servicioNotificaciones/ajax/iniciarNotificaciones.php,.php,7,bad973163f0cfc180e058ecc776649cfd0610988cea2dbd5ad92ab24e78d164b,CURRENT_SOURCE
index_archivos/servicioNotificaciones/ajax/listaNotificaciones.php,.php,7550,94e216afbb50d44e0bb5c96aff8c326df73d5c27e38b09c5b34f382e7ff393f8,CURRENT_SOURCE
index_archivos/servicioNotificaciones/ajax/verificarUsuario.php,.php,1874,1f9d3b07e1a11b4d35d181549fe15049735164c33e3c6d116960a104896ca22c,CURRENT_SOURCE
index_archivos/servicioNotificaciones/componentes/menuitem_notificacion-bs4.php,.php,2527,834803fea2f2c4b9e79e94f296e552dbd42d22ca9720e8659e5ce8e49e1bd912,CURRENT_SOURCE
index_archivos/servicioNotificaciones/componentes/menuitem_notificacion.php,.php,719,a7648ea97bbc62cf778f5d05d8ad1630fab00742480081e7ef23792bd6c4378a,CURRENT_SOURCE
index_archivos/servicioNotificaciones/css/styles.css,.css,3577,3165f9c34de69f97ddec0a7705067969050c8fb70342ef3a2fe4d23ce91035ef,CURRENT_SOURCE
index_archivos/servicioNotificaciones/images/circle-red.png,.png,5957,173694f6ed3d81567ca9cd0e7f66f79d9ec878da55a60444ef19cd97b83698ba,CURRENT_SOURCE
index_archivos/servicioNotificaciones/images/icon-bell-gray.png,.png,21384,3450d686011b94d3833ded29dce3b928817068baabdb8b2f3bac0070fac97eae,CURRENT_SOURCE
index_archivos/servicioNotificaciones/images/icon-bell.png,.png,24338,ad5b9c6f3ffd618033d8e9ac75bf26393c602146a74d8f11c2110d6dc6d3b04a,CURRENT_SOURCE
index_archivos/servicioNotificaciones/images/logo.png,.png,28512,a7a5abf090eb4cb78a9ca04a4ebda83b18facc7cc122bf41ca33604b4c5beb59,CURRENT_SOURCE
index_archivos/servicioNotificaciones/index.php,.php,1388,2950957866eaeeac1ff7c7a8cad0151b686f69c8b07c3e7515c016eab0dab3f8,CURRENT_SOURCE
index_archivos/servicioNotificaciones/js/datos.js,.js,6640,2429680a31835568a87b93e08acb484e48c8cef5999767317b3b16bcf0e0a363,CURRENT_SOURCE
index_archivos/servicioNotificaciones/pusherlibs.php,.php,12615,8698c71285f455cc81942a919097affe45b2ad6c5981d4c18a24da094785b457,CURRENT_SOURCE
index_archivos/size-intercambio-documental.php,.php,1761,533beed067f2c14d78045b025c4c3a33a09ae37d90041881c6330faf434eb1ab,CURRENT_SOURCE
index_archivos/solicitud.php,.php,47658,655db9abe162a1607518a48be18662e441e8fe0f68f2b0604de0ee408109b275,CURRENT_SOURCE
index_archivos/tracking/OperadorTransporteClass.php,.php,21529,fc8a6392ed4229199c478b0409ed3ebeebad3a7f097255727e077b22ba8a4201,CURRENT_SOURCE
index_archivos/tracking/ReporteViajesClass.php,.php,12944,868ba502a7e8955ac11eb804aa949cf311d90ff21c9dee54d1302e69328b6c96,CURRENT_SOURCE
index_archivos/tracking/ajax/imagenes.php,.php,384,54c7355981ad798df229ee0a3800b0de8e728442e1a9aec53cb72caad8f6902d,CURRENT_SOURCE
index_archivos/tracking/ajax/operadortransporte.php,.php,807,1d5e4cf47fc93482c17e262cd5db98cfbbb1a4ef03566519865a1eee15641dfd,CURRENT_SOURCE
index_archivos/tracking/ajax/parametros.php,.php,475,9fbe0031203e6bc705ebe814804492638a7da1e4c9a6190d129398f8ca0095ff,CURRENT_SOURCE
index_archivos/tracking/css/magnific-popup.css,.css,7302,1155981e8193622f58553eed0bba2fa43512af362a3d54dedef64c46970bb371,CURRENT_SOURCE
index_archivos/tracking/generar-excel-detalle.php,.php,1191,d7616838100d84b44dc2cc9d5eccac2c79a8f0b47598420ae7203316387d14be,CURRENT_SOURCE
index_archivos/tracking/generar-excel.php,.php,4649,b4b806cb9a737752c4704a82965c533f8fcdc153a1733925e5bd14dd4137d8c7,CURRENT_SOURCE
index_archivos/tracking/getImage.php,.php,318,b0d8f8552ccba627a68643b99d2d26b029587569dc160101aa09ee4fd24c24ab,CURRENT_SOURCE
index_archivos/tracking/imagenes/20200624-13-1040.jpg,.jpg,43759,8f654c07ac3a88c568f8c5629986e2d9707b20f16b469b85098216040677e84e,CURRENT_SOURCE
index_archivos/tracking/js/chart.js,.js,6092,4daf249731479a378ccce7f4d88a40e6fd52ffeb801c216d4870c7b1df64d284,CURRENT_SOURCE
index_archivos/tracking/js/magnific-popup.js,.js,20269,ca8c809bf7c6fb96161d42f5d8ee2cc284063927dc49d7602aa3b3b48708bf16,CURRENT_SOURCE
index_archivos/tracking/js/mapaEventos.js,.js,7939,9f84a0f018013074fbfadb8d0586a6e5423df89d2347eedbed5cba356e74eb3a,CURRENT_SOURCE
index_archivos/tracking/js/mapaViajes.js,.js,2274,97f321f5ea1a6f61e999cba35718ff4e42286b06eb39e3472c62f8f515ba5772,CURRENT_SOURCE
index_archivos/tracking/js/operadortransporte.js,.js,3220,952f37f374594a1f9c85cce759dd939cf957244f007fb43b203acb85f5a2b8de,CURRENT_SOURCE
index_archivos/tracking/js/parametros.js,.js,2131,856105aa120e661d55952306445506873fe06b8a0390ed70ee8f227642908021,CURRENT_SOURCE
index_archivos/tracking/js/pluginAddRow.js,.js,543,f896a7fbf95e5d74214fc84622e3b0611cae9a298b83f87007243df6cd45b1ba,CURRENT_SOURCE
index_archivos/tracking/listaviajes.php,.php,6541,cb430faf530eca66c34c4ae72d41b43fa7643167a8289534bc6059bfb1d20cc1,CURRENT_SOURCE
index_archivos/tracking/operadortransporte.php,.php,4320,c46abf6f5ba7fb2d08751236b79763871734f7cbdb19865072334a7db8d71117,CURRENT_SOURCE
index_archivos/tracking/parametros.php,.php,3062,110a31733b3d87a66a512ecd46047845b0f8738003137080e668648c974b69e6,CURRENT_SOURCE
index_archivos/tracking/reporte-viaje-detalle.php,.php,3433,9598ab777c66d1a5db1a0ec08c22bb9dd716995ac7cdcd8eb35741b0db5ced7b,CURRENT_SOURCE
index_archivos/tracking/reporte-viajes.php,.php,17556,7848bfac85a792a7762bab47b45b8764cbf3066e68f0be5984ce7f0806073b13,CURRENT_SOURCE
index_archivos/tracking/viajedetalle.php,.php,35552,93333e283ad3e81a169b2b7bd91505d8c35f48ef5cd514a8a8c6f3089bc6e394,CURRENT_SOURCE
index_archivos/tramites.php,.php,42422,abbf212be5f13afa049a3e294303ea12424339b02cf930e911dcc97f626d184b,CURRENT_SOURCE
index_archivos/tramites_json.php,.php,1761,8c64f8d2e4fe5a02041c57b147ed6315cb17216bf8c253140cf82ea80c968deb,CURRENT_SOURCE
index_archivos/usuario/editarperfil.php,.php,11483,ca6f16e274e249dbcfc2bcef07028f783dfd1df5b0b7d5ee1b6ba22df63379cd,CURRENT_SOURCE
index_archivos/usuario/historial.php,.php,2998,753d95c2e682e084eb4f9100283ed42bd4bae42a52dff2a45d73334a5841fa6b,CURRENT_SOURCE
index_archivos/vehiculos.php,.php,58170,957539e2d98bdac691a0c44545b7a62f47552a2c52725d26d3cf024ea8dfacf0,CURRENT_SOURCE
index_archivos/vehiculosexcel/CargaVehiculos.php,.php,36654,3bfe0f5d68413acf0bb571c9baf7433b1b107c3e3f99aea96a5b401d065b2dea,CURRENT_SOURCE
index_archivos/vehiculosexcel/Funciones.php,.php,23093,8e61f679686fb55bc8edf421d2b92fda5292e32b532bdeb428d1db315a648f1b,CURRENT_SOURCE
index_archivos/vehiculosexcel/SolicitudDAM.php,.php,14043,e43f3c70922dde75a22b2badee8512bb78851ab71c100bfb570a3a0e6e1f79f8,CURRENT_SOURCE
index_archivos/vehiculosexcel/VehiculosExcel.php,.php,18874,2923a8b662a4831bdb4f455c042e9ea5208a9b802f27f89ff6aa98d535de0748,CURRENT_SOURCE
index_archivos/vehiculosexcel/solicituddamajax.php,.php,1889,c47ecf9bf2da68c28a8f194604028aedc5269d050b9d6483d9cd44838c18bb2c,CURRENT_SOURCE
index_archivos/verificarerrores.php,.php,2048,ffdb8eb19e1499efc3a466cdba7dc06d74021841ec518e9c31583be4c1175fc5,CURRENT_SOURCE
index_archivos/veriflogin.php,.php,14200,83785c09ef292c983be8d4a4357e42c8e070a5c001d7c44519583ddb5287a0af,CURRENT_SOURCE
index_archivos/versolicitud.php,.php,60882,7fb44e8342f5221ec7ac6940a9e67364a81b372be410db40b700d16934018582,CURRENT_SOURCE
index_archivos/versolicituddetalle.php,.php,77438,5c1febf8b63b86517784639acd53d09005fd220de533a11f8f4e38a766db7f5d,CURRENT_SOURCE
index_archivos/versolicituddetalleaprobado.php,.php,22732,b3cb3b8cbc5ed1b82a15426d56566696415804eaba8dc7918534ca2b660555d1,CURRENT_SOURCE
index_archivos/warehouse/historico-imcruz.php,.php,8025,dc68bf082d5884a83cbcf6af09e49ca6285387cb1c90b015d48e9f7297c6830f,CURRENT_SOURCE
index_archivos/warehouse/ingresos.php,.php,12188,52fa2a83f237aecbfae24dbd35370efd216c208617457a593245a117376cd8b3,CURRENT_SOURCE
index_archivos/warehouse/ingresosquery.php,.php,1298,5593050ae83ae671e174fef965f62afab8e52df01f1140d0173d368fe01f857e,CURRENT_SOURCE
index_archivos/warehouse/inventario.php,.php,12402,eeed1e55589588339aa0ab420e137fee8239ff98f347e86b54b15d5b939a59be,CURRENT_SOURCE
index_archivos/warehouse/inventarioquery.php,.php,1116,4ccd7f52c20b5b0d262883d3a0b468ecd98f279f509000bbb3966fa3fd054c45,CURRENT_SOURCE
index_archivos/warehouse/inventarios.php,.php,6224,44a24462330a27289f8b8047b4489a39905b5aa2d05d7f9a9aa4d03f7b6f4992,CURRENT_SOURCE
index_archivos/warehouse/layaout_almacen.php,.php,7791,d7c8062e71df09ab245a7e6a8879824c5bb97f317c836ee5277b627972606e28,CURRENT_SOURCE
index_archivos/warehouse/parametros/almacenes.php,.php,1426,b55f24cff83f95682670742f599a5cc5bc9c2c31db7e0798616bc7a6849d7333,CURRENT_SOURCE
index_archivos/warehouse/parametros/reporteexcel_jsondata.php,.php,2865,59c7296fa77b28f50568a6e4a528fa10d41be07603ffbd2cca3219957844497f,CURRENT_SOURCE
index_archivos/warehouse/parametros/series_productos.php,.php,1664,883cb0a98ac6e9a76edb68cb94c32219764ce5a669fc1e3018c66871da058e06,CURRENT_SOURCE
index_archivos/warehouse/reporte-inventario-chasis-internacional.php,.php,7901,7e22eb19b20c20fa24b054e9ef5d80259990cf435a5fb1272014eb7ebcc636d6,CURRENT_SOURCE
index_archivos/warehouse/reporte-inventario-chasis-reportados.php,.php,9350,97703d7f9a0bd86f4a7419ac4dc085544c2698d6775e29fb951bb56758ba2443,CURRENT_SOURCE
index_archivos/warehouse/reporte-inventario-chasis.php,.php,9051,7dc72fd4593b95dc1b22381ce4adcc70de90028a6ae253eb7dbae01f217823ef,CURRENT_SOURCE
index_archivos/warehouse/reporte-inventario-disponibilidad.php,.php,6257,3e0d49864d5919dbc4bdcbef8103f30b4662f5d76146375ee0a6932034e7a64e,CURRENT_SOURCE
index_archivos/warehouse/reporte-movimiento-detalle.php,.php,8651,f74cf0fe32827a3460d63f680242371b7c24050b0900380b08ffacb51f3e4861,CURRENT_SOURCE
index_archivos/warehouse/reporte-movimiento-detallequery.php,.php,1748,3a5c4f52f05d4d50b3dca1433576d6037fb9d23fa8c0b1126f936492aae796da,CURRENT_SOURCE
index_archivos/warehouse/salidas.php,.php,13008,ed7e4c75fa449a3fc81c7cf07050a26388b68972dd8e056628e63c13219f7386,CURRENT_SOURCE
index_archivos/warehouse/salidasquery.php,.php,1296,6d427c7f14a8308e1c0543b4efce48954ebf7a808edeab9ec924c5f89dedaadb,CURRENT_SOURCE
index_archivos/warehouse/timbrado.php,.php,15623,deafb5f3a9d209d86365107d8b5ffb735d2ec8739161fd9ed9049cea27661588,CURRENT_SOURCE
index_archivos/warehouse/timbradoquery.php,.php,1628,6a606c4690a5965bff57364bdd73c077b8eb1982f7f673a840cb5e89d2b89e64,CURRENT_SOURCE
package.json,.json,503,2b5b1d063afcc733038a880b810118938a0d1b340d9955d7523d7dd41989aaa7,CURRENT_SOURCE
