id,type,label,confidence,source
DATA:CURRENT_TIMESTAMP,data,CURRENT_TIMESTAMP,candidate_or_observed,
DATA:RESTRICT,data,RESTRICT,candidate_or_observed,
DATA:TIMEDIFF,data,TIMEDIFF,candidate_or_observed,
DATA:TMP_ARANCEL,data,TMP_ARANCEL,candidate_or_observed,
DATA:TMP_SALDOINICIAL,data,TMP_SALDOINICIAL,candidate_or_observed,
DATA:UNHS1TAB,data,UNHS1TAB,candidate_or_observed,
DATA:UNHS2TAB,data,UNHS2TAB,candidate_or_observed,
DATA:UNHS4TAB,data,UNHS4TAB,candidate_or_observed,
DATA:UNHS6TAB,data,UNHS6TAB,candidate_or_observed,
DATA:ada_agentesaduana,data,ada_agentesaduana,candidate_or_observed,
DATA:ada_agentescontactos,data,ada_agentescontactos,candidate_or_observed,
DATA:ada_agentesdocumentos,data,ada_agentesdocumentos,candidate_or_observed,
DATA:ada_clienteagenteaduana,data,ada_clienteagenteaduana,candidate_or_observed,
DATA:ada_tipocontactos,data,ada_tipocontactos,candidate_or_observed,
DATA:adaprov_agenteproveedor,data,adaprov_agenteproveedor,candidate_or_observed,
DATA:adaprov_agenteproveedorcontactos,data,adaprov_agenteproveedorcontactos,candidate_or_observed,
DATA:ads_agenteseguro,data,ads_agenteseguro,candidate_or_observed,
DATA:ads_clienteagenteseguro,data,ads_clienteagenteseguro,candidate_or_observed,
DATA:ads_contactos,data,ads_contactos,candidate_or_observed,
DATA:ads_documentos,data,ads_documentos,candidate_or_observed,
DATA:ads_tipocontactos,data,ads_tipocontactos,candidate_or_observed,
DATA:adt_agente_traking,data,adt_agente_traking,candidate_or_observed,
DATA:ages_asesoria_gestion_carpetas,data,ages_asesoria_gestion_carpetas,candidate_or_observed,
DATA:ages_estados,data,ages_estados,candidate_or_observed,
DATA:ages_etapa,data,ages_etapa,candidate_or_observed,
DATA:ages_solicitudes_asesoria_gestion,data,ages_solicitudes_asesoria_gestion,candidate_or_observed,
DATA:ages_tipodeclaracion,data,ages_tipodeclaracion,candidate_or_observed,
DATA:ages_valoracion_costo_parametros,data,ages_valoracion_costo_parametros,candidate_or_observed,
DATA:asgard.dav_casos,data,asgard.dav_casos,candidate_or_observed,
DATA:asgard.dav_casosprevios,data,asgard.dav_casosprevios,candidate_or_observed,
DATA:asgard.logis_embarques,data,asgard.logis_embarques,candidate_or_observed,
DATA:cc_archivos,data,cc_archivos,candidate_or_observed,
DATA:cc_chasis_codigo_documento,data,cc_chasis_codigo_documento,candidate_or_observed,
DATA:cc_mercancias,data,cc_mercancias,candidate_or_observed,
DATA:cc_registro_documentos,data,cc_registro_documentos,candidate_or_observed,
DATA:cc_tipos_documentos,data,cc_tipos_documentos,candidate_or_observed,
DATA:costos_gestion,data,costos_gestion,candidate_or_observed,
DATA:dav_acuerdo,data,dav_acuerdo,candidate_or_observed,
DATA:dav_aduana,data,dav_aduana,candidate_or_observed,
DATA:dav_aerolineas,data,dav_aerolineas,candidate_or_observed,
DATA:dav_anticipos,data,dav_anticipos,candidate_or_observed,
DATA:dav_area,data,dav_area,candidate_or_observed,
DATA:dav_autorizacionprevia,data,dav_autorizacionprevia,candidate_or_observed,
DATA:dav_balance,data,dav_balance,candidate_or_observed,
DATA:dav_banco,data,dav_banco,candidate_or_observed,
DATA:dav_calculoice,data,dav_calculoice,candidate_or_observed,
DATA:dav_calculokpiflete,data,dav_calculokpiflete,candidate_or_observed,
DATA:dav_canal,data,dav_canal,candidate_or_observed,
DATA:dav_carta,data,dav_carta,candidate_or_observed,
DATA:dav_casos,data,dav_casos,candidate_or_observed,
DATA:dav_casosdevueltos,data,dav_casosdevueltos,candidate_or_observed,
DATA:dav_casosprevios,data,dav_casosprevios,candidate_or_observed,
DATA:dav_casossubcontravencion,data,dav_casossubcontravencion,candidate_or_observed,
DATA:dav_casostarea,data,dav_casostarea,candidate_or_observed,
DATA:dav_certificadosnotificaciones,data,dav_certificadosnotificaciones,candidate_or_observed,
DATA:dav_cite,data,dav_cite,candidate_or_observed,
DATA:dav_ciudad,data,dav_ciudad,candidate_or_observed,
DATA:dav_cliente,data,dav_cliente,candidate_or_observed,
DATA:dav_cliente_interno,data,dav_cliente_interno,candidate_or_observed,
DATA:dav_cliente_usuarios_firmantes,data,dav_cliente_usuarios_firmantes,candidate_or_observed,
DATA:dav_clientealmacen,data,dav_clientealmacen,candidate_or_observed,
DATA:dav_clientecomision2,data,dav_clientecomision2,candidate_or_observed,
DATA:dav_clientecomisionmaestro2,data,dav_clientecomisionmaestro2,candidate_or_observed,
DATA:dav_clientedeclarante,data,dav_clientedeclarante,candidate_or_observed,
DATA:dav_clientefacturaanulada,data,dav_clientefacturaanulada,candidate_or_observed,
DATA:dav_clientegastosdespacho,data,dav_clientegastosdespacho,candidate_or_observed,
DATA:dav_clientegastosdespacho2,data,dav_clientegastosdespacho2,candidate_or_observed,
DATA:dav_clientelineas,data,dav_clientelineas,candidate_or_observed,
DATA:dav_clienteproveedor,data,dav_clienteproveedor,candidate_or_observed,
DATA:dav_clientereportescliente,data,dav_clientereportescliente,candidate_or_observed,
DATA:dav_clientetipoproducto,data,dav_clientetipoproducto,candidate_or_observed,
DATA:dav_clientetransportista,data,dav_clientetransportista,candidate_or_observed,
DATA:dav_clienteusuarios,data,dav_clienteusuarios,candidate_or_observed,
DATA:dav_clienteusuariospermisos,data,dav_clienteusuariospermisos,candidate_or_observed,
DATA:dav_cobros,data,dav_cobros,candidate_or_observed,
DATA:dav_codigos_2fa,data,dav_codigos_2fa,candidate_or_observed,
DATA:dav_comisiondefault,data,dav_comisiondefault,candidate_or_observed,
DATA:dav_concepto,data,dav_concepto,candidate_or_observed,
DATA:dav_conciliacion,data,dav_conciliacion,candidate_or_observed,
DATA:dav_condicion,data,dav_condicion,candidate_or_observed,
DATA:dav_contadorreportesclientes,data,dav_contadorreportesclientes,candidate_or_observed,
DATA:dav_contravencion,data,dav_contravencion,candidate_or_observed,
DATA:dav_dam,data,dav_dam,candidate_or_observed,
DATA:dav_damitems,data,dav_damitems,candidate_or_observed,
DATA:dav_dato,data,dav_dato,candidate_or_observed,
DATA:dav_dav,data,dav_dav,candidate_or_observed,
DATA:dav_deteriorodocumentos,data,dav_deteriorodocumentos,candidate_or_observed,
DATA:dav_dim,data,dav_dim,candidate_or_observed,
DATA:dav_dimdatacat,data,dav_dimdatacat,candidate_or_observed,
DATA:dav_divisa,data,dav_divisa,candidate_or_observed,
DATA:dav_division,data,dav_division,candidate_or_observed,
DATA:dav_documentos,data,dav_documentos,candidate_or_observed,
DATA:dav_documentosprevios,data,dav_documentosprevios,candidate_or_observed,
DATA:dav_dosificacion,data,dav_dosificacion,candidate_or_observed,
DATA:dav_dui,data,dav_dui,candidate_or_observed,
DATA:dav_duidue,data,dav_duidue,candidate_or_observed,
DATA:dav_edp,data,dav_edp,candidate_or_observed,
DATA:dav_empresa,data,dav_empresa,candidate_or_observed,
DATA:dav_empresaarea,data,dav_empresaarea,candidate_or_observed,
DATA:dav_empresacontacto,data,dav_empresacontacto,candidate_or_observed,
DATA:dav_entidademisora,data,dav_entidademisora,candidate_or_observed,
DATA:dav_entidademisoratramite,data,dav_entidademisoratramite,candidate_or_observed,
DATA:dav_entidademisoratramitetipo,data,dav_entidademisoratramitetipo,candidate_or_observed,
DATA:dav_errordocumentos,data,dav_errordocumentos,candidate_or_observed,
DATA:dav_erroresexcel,data,dav_erroresexcel,candidate_or_observed,
DATA:dav_estadoaps,data,dav_estadoaps,candidate_or_observed,
DATA:dav_estadoedp,data,dav_estadoedp,candidate_or_observed,
DATA:dav_estadofactura,data,dav_estadofactura,candidate_or_observed,
DATA:dav_estadoform1edp,data,dav_estadoform1edp,candidate_or_observed,
DATA:dav_estadopartida,data,dav_estadopartida,candidate_or_observed,
DATA:dav_estadoprestamo,data,dav_estadoprestamo,candidate_or_observed,
DATA:dav_estadoregularizacion,data,dav_estadoregularizacion,candidate_or_observed,
DATA:dav_etapaedp,data,dav_etapaedp,candidate_or_observed,
DATA:dav_facturacomercial,data,dav_facturacomercial,candidate_or_observed,
DATA:dav_facturanotasvalor,data,dav_facturanotasvalor,candidate_or_observed,
DATA:dav_facturaplanilla,data,dav_facturaplanilla,candidate_or_observed,
DATA:dav_facturasdetalle,data,dav_facturasdetalle,candidate_or_observed,
DATA:dav_faltadocumentos,data,dav_faltadocumentos,candidate_or_observed,
DATA:dav_feriados,data,dav_feriados,candidate_or_observed,
DATA:dav_form1,data,dav_form1,candidate_or_observed,
DATA:dav_form1edp,data,dav_form1edp,candidate_or_observed,
DATA:dav_form1llamadas,data,dav_form1llamadas,candidate_or_observed,
DATA:dav_gestaduanera,data,dav_gestaduanera,candidate_or_observed,
DATA:dav_gestion_aduanera1,data,dav_gestion_aduanera1,candidate_or_observed,
DATA:dav_gestion_aduanera2,data,dav_gestion_aduanera2,candidate_or_observed,
DATA:dav_gestion_aduanera3,data,dav_gestion_aduanera3,candidate_or_observed,
DATA:dav_gestlogistica,data,dav_gestlogistica,candidate_or_observed,
DATA:dav_historialmodificacionvehiculos,data,dav_historialmodificacionvehiculos,candidate_or_observed,
DATA:dav_hoja_ruta,data,dav_hoja_ruta,candidate_or_observed,
DATA:dav_incobrables,data,dav_incobrables,candidate_or_observed,
DATA:dav_incoterms,data,dav_incoterms,candidate_or_observed,
DATA:dav_liquidacion,data,dav_liquidacion,candidate_or_observed,
DATA:dav_listaempaque_especifico,data,dav_listaempaque_especifico,candidate_or_observed,
DATA:dav_listaempaque_general,data,dav_listaempaque_general,candidate_or_observed,
DATA:dav_listaempaque_items,data,dav_listaempaque_items,candidate_or_observed,
DATA:dav_localidad,data,dav_localidad,candidate_or_observed,
DATA:dav_mercancia,data,dav_mercancia,candidate_or_observed,
DATA:dav_meses,data,dav_meses,candidate_or_observed,
DATA:dav_modalidadenvio,data,dav_modalidadenvio,candidate_or_observed,
DATA:dav_modotransporte,data,dav_modotransporte,candidate_or_observed,
DATA:dav_motivoprestamo,data,dav_motivoprestamo,candidate_or_observed,
DATA:dav_navieras,data,dav_navieras,candidate_or_observed,
DATA:dav_notasdebito,data,dav_notasdebito,candidate_or_observed,
DATA:dav_notasdebitodetalle,data,dav_notasdebitodetalle,candidate_or_observed,
DATA:dav_notasvalor,data,dav_notasvalor,candidate_or_observed,
DATA:dav_pagos,data,dav_pagos,candidate_or_observed,
DATA:dav_pagosdetalle,data,dav_pagosdetalle,candidate_or_observed,
DATA:dav_pais,data,dav_pais,candidate_or_observed,
DATA:dav_paises_codigo_telefonico,data,dav_paises_codigo_telefonico,candidate_or_observed,
DATA:dav_parametro,data,dav_parametro,candidate_or_observed,
DATA:dav_parametrosnuevagestion,data,dav_parametrosnuevagestion,candidate_or_observed,
DATA:dav_partidas,data,dav_partidas,candidate_or_observed,
DATA:dav_prestamoarchivo,data,dav_prestamoarchivo,candidate_or_observed,
DATA:dav_producto,data,dav_producto,candidate_or_observed,
DATA:dav_productosproveedor,data,dav_productosproveedor,candidate_or_observed,
DATA:dav_proveedor,data,dav_proveedor,candidate_or_observed,
DATA:dav_proveedor_modificaciones,data,dav_proveedor_modificaciones,candidate_or_observed,
DATA:dav_proveedorcontactos,data,dav_proveedorcontactos,candidate_or_observed,
DATA:dav_proveedorcoordinador,data,dav_proveedorcoordinador,candidate_or_observed,
DATA:dav_proveedordocumentos,data,dav_proveedordocumentos,candidate_or_observed,
DATA:dav_proveedortipocontactos,data,dav_proveedortipocontactos,candidate_or_observed,
DATA:dav_puerto,data,dav_puerto,candidate_or_observed,
DATA:dav_rating,data,dav_rating,candidate_or_observed,
DATA:dav_reasignacionoficial,data,dav_reasignacionoficial,candidate_or_observed,
DATA:dav_regimen,data,dav_regimen,candidate_or_observed,
DATA:dav_regimennacional,data,dav_regimennacional,candidate_or_observed,
DATA:dav_region,data,dav_region,candidate_or_observed,
DATA:dav_reporte_detalles_transportistas_iasa,data,dav_reporte_detalles_transportistas_iasa,candidate_or_observed,
DATA:dav_reporte_recepcion_scp,data,dav_reporte_recepcion_scp,candidate_or_observed,
DATA:dav_reporte_transportistas_iasa,data,dav_reporte_transportistas_iasa,candidate_or_observed,
DATA:dav_reportescliente,data,dav_reportescliente,candidate_or_observed,
DATA:dav_reportespermisoscliente,data,dav_reportespermisoscliente,candidate_or_observed,
DATA:dav_reseteos_passswords_clientes,data,dav_reseteos_passswords_clientes,candidate_or_observed,
DATA:dav_solicitudesprevias,data,dav_solicitudesprevias,candidate_or_observed,
DATA:dav_subcontravencion,data,dav_subcontravencion,candidate_or_observed,
DATA:dav_tipocambio,data,dav_tipocambio,candidate_or_observed,
DATA:dav_tipocomprobante,data,dav_tipocomprobante,candidate_or_observed,
DATA:dav_tipocontravencion,data,dav_tipocontravencion,candidate_or_observed,
DATA:dav_tipodeclaracion,data,dav_tipodeclaracion,candidate_or_observed,
DATA:dav_tipodocumento,data,dav_tipodocumento,candidate_or_observed,
DATA:dav_tipoerror,data,dav_tipoerror,candidate_or_observed,
DATA:dav_tipofactura,data,dav_tipofactura,candidate_or_observed,
DATA:dav_tipotramite,data,dav_tipotramite,candidate_or_observed,
DATA:dav_tipousuario,data,dav_tipousuario,candidate_or_observed,
DATA:dav_tipousuariocliente,data,dav_tipousuariocliente,candidate_or_observed,
DATA:dav_tmp_arancel,data,dav_tmp_arancel,candidate_or_observed,
DATA:dav_tmp_casosdevueltos,data,dav_tmp_casosdevueltos,candidate_or_observed,
DATA:dav_tmp_proveedor,data,dav_tmp_proveedor,candidate_or_observed,
DATA:dav_tramites,data,dav_tramites,candidate_or_observed,
DATA:dav_transportista,data,dav_transportista,candidate_or_observed,
DATA:dav_unidad,data,dav_unidad,candidate_or_observed,
DATA:dav_unidadfactura,data,dav_unidadfactura,candidate_or_observed,
DATA:dav_usuario,data,dav_usuario,candidate_or_observed,
DATA:dav_vehiculosprevios,data,dav_vehiculosprevios,candidate_or_observed,
DATA:descripciones,data,descripciones,candidate_or_observed,
DATA:dex_suma,data,dex_suma,candidate_or_observed,
DATA:dex_suma_estado_historial,data,dex_suma_estado_historial,candidate_or_observed,
DATA:exchange_documents,data,exchange_documents,candidate_or_observed,
DATA:fechas_pago,data,fechas_pago,candidate_or_observed,
DATA:ges_clientegestortransporte,data,ges_clientegestortransporte,candidate_or_observed,
DATA:ges_gestores_contactos,data,ges_gestores_contactos,candidate_or_observed,
DATA:ges_gestores_transporte,data,ges_gestores_transporte,candidate_or_observed,
DATA:ges_gestoresdocumentos,data,ges_gestoresdocumentos,candidate_or_observed,
DATA:ges_tipo_contactos,data,ges_tipo_contactos,candidate_or_observed,
DATA:getAccesoriosInfo,data,getAccesoriosInfo,candidate_or_observed,
DATA:getContaminacionInfo,data,getContaminacionInfo,candidate_or_observed,
DATA:getDanosInfo,data,getDanosInfo,candidate_or_observed,
DATA:getKilometrajeInfo,data,getKilometrajeInfo,candidate_or_observed,
DATA:hist_cliente,data,hist_cliente,candidate_or_observed,
DATA:hist_usuario,data,hist_usuario,candidate_or_observed,
DATA:intercambiodocumental.documents,data,intercambiodocumental.documents,candidate_or_observed,
DATA:intercambiodocumental.exchange_documents,data,intercambiodocumental.exchange_documents,candidate_or_observed,
DATA:intercambiodocumental.exchanges,data,intercambiodocumental.exchanges,candidate_or_observed,
DATA:intercambiodocumental.users,data,intercambiodocumental.users,candidate_or_observed,
DATA:inventario_accesorios,data,inventario_accesorios,candidate_or_observed,
DATA:inventario_parametros,data,inventario_parametros,candidate_or_observed,
DATA:inventario_partes_mercancias,data,inventario_partes_mercancias,candidate_or_observed,
DATA:inventario_registros_accesorios,data,inventario_registros_accesorios,candidate_or_observed,
DATA:inventario_registros_contaminaciones,data,inventario_registros_contaminaciones,candidate_or_observed,
DATA:inventario_registros_desperfectos,data,inventario_registros_desperfectos,candidate_or_observed,
DATA:inventario_registros_partes_mercancia,data,inventario_registros_partes_mercancia,candidate_or_observed,
DATA:inventario_registros_ubicaciones_desperfectos,data,inventario_registros_ubicaciones_desperfectos,candidate_or_observed,
DATA:inventario_tipos_contaminaciones,data,inventario_tipos_contaminaciones,candidate_or_observed,
DATA:inventario_tipos_desperfectos,data,inventario_tipos_desperfectos,candidate_or_observed,
DATA:inventario_tipos_locales,data,inventario_tipos_locales,candidate_or_observed,
DATA:inventario_ubicaciones_desperfectos,data,inventario_ubicaciones_desperfectos,candidate_or_observed,
DATA:kvp_,data,kvp_,candidate_or_observed,
DATA:log_asgard_ecosistema,data,log_asgard_ecosistema,candidate_or_observed,
DATA:logis_aeropuertos,data,logis_aeropuertos,candidate_or_observed,
DATA:logis_categorias_costos,data,logis_categorias_costos,candidate_or_observed,
DATA:logis_contactos_operadores,data,logis_contactos_operadores,candidate_or_observed,
DATA:logis_contenedor,data,logis_contenedor,candidate_or_observed,
DATA:logis_costos,data,logis_costos,candidate_or_observed,
DATA:logis_costos_concepto,data,logis_costos_concepto,candidate_or_observed,
DATA:logis_costos_detalle,data,logis_costos_detalle,candidate_or_observed,
DATA:logis_costosconcepto,data,logis_costosconcepto,candidate_or_observed,
DATA:logis_costosdetalles,data,logis_costosdetalles,candidate_or_observed,
DATA:logis_costosgrupo,data,logis_costosgrupo,candidate_or_observed,
DATA:logis_crt,data,logis_crt,candidate_or_observed,
DATA:logis_despachos,data,logis_despachos,candidate_or_observed,
DATA:logis_documentos,data,logis_documentos,candidate_or_observed,
DATA:logis_documentosclienteoperador,data,logis_documentosclienteoperador,candidate_or_observed,
DATA:logis_edp,data,logis_edp,candidate_or_observed,
DATA:logis_emailcliente,data,logis_emailcliente,candidate_or_observed,
DATA:logis_embarquereferencias,data,logis_embarquereferencias,candidate_or_observed,
DATA:logis_embarques,data,logis_embarques,candidate_or_observed,
DATA:logis_embarquescontenedor,data,logis_embarquescontenedor,candidate_or_observed,
DATA:logis_embarquesdatos,data,logis_embarquesdatos,candidate_or_observed,
DATA:logis_embarquesdocumentos,data,logis_embarquesdocumentos,candidate_or_observed,
DATA:logis_embarquesmagnitudes,data,logis_embarquesmagnitudes,candidate_or_observed,
DATA:logis_embarquesoperador,data,logis_embarquesoperador,candidate_or_observed,
DATA:logis_embarquesrutas,data,logis_embarquesrutas,candidate_or_observed,
DATA:logis_estados,data,logis_estados,candidate_or_observed,
DATA:logis_estados_edp,data,logis_estados_edp,candidate_or_observed,
DATA:logis_incoterms,data,logis_incoterms,candidate_or_observed,
DATA:logis_lecturablpoliza,data,logis_lecturablpoliza,candidate_or_observed,
DATA:logis_libroventas,data,logis_libroventas,candidate_or_observed,
DATA:logis_operadores,data,logis_operadores,candidate_or_observed,
DATA:logis_parametrizacionconcatenado,data,logis_parametrizacionconcatenado,candidate_or_observed,
DATA:logis_parametrizaciondocumentos,data,logis_parametrizaciondocumentos,candidate_or_observed,
DATA:logis_pedidos,data,logis_pedidos,candidate_or_observed,
DATA:logis_pedidos_detalle,data,logis_pedidos_detalle,candidate_or_observed,
DATA:logis_tarifasconceptos,data,logis_tarifasconceptos,candidate_or_observed,
DATA:logis_tipocarga,data,logis_tipocarga,candidate_or_observed,
DATA:logis_tipodocumento,data,logis_tipodocumento,candidate_or_observed,
DATA:logis_tipoembarque,data,logis_tipoembarque,candidate_or_observed,
DATA:logis_tipomercancia,data,logis_tipomercancia,candidate_or_observed,
DATA:logis_tipomercanciaclase,data,logis_tipomercanciaclase,candidate_or_observed,
DATA:logis_tipomercanciaun,data,logis_tipomercanciaun,candidate_or_observed,
DATA:logis_tipoviaje,data,logis_tipoviaje,candidate_or_observed,
DATA:logis_tramos,data,logis_tramos,candidate_or_observed,
DATA:master_pass,data,master_pass,candidate_or_observed,
DATA:ocr_alicorp,data,ocr_alicorp,candidate_or_observed,
DATA:ocr_alicorp_internacional,data,ocr_alicorp_internacional,candidate_or_observed,
DATA:ocr_lecturas,data,ocr_lecturas,candidate_or_observed,
DATA:ocr_parte_recepcion,data,ocr_parte_recepcion,candidate_or_observed,
DATA:oficiales_tramites,data,oficiales_tramites,candidate_or_observed,
DATA:pbi_costos_logisticos_imcruz,data,pbi_costos_logisticos_imcruz,candidate_or_observed,
DATA:pbi_financiero,data,pbi_financiero,candidate_or_observed,
DATA:pbi_observadas_archivo,data,pbi_observadas_archivo,candidate_or_observed,
DATA:pbi_reporte_casos_cliente,data,pbi_reporte_casos_cliente,candidate_or_observed,
DATA:prm_feriado,data,prm_feriado,candidate_or_observed,
DATA:prm_feriado_2,data,prm_feriado_2,candidate_or_observed,
DATA:prov_clientes_proveedores,data,prov_clientes_proveedores,candidate_or_observed,
DATA:prov_usuarioaccesoproveedor,data,prov_usuarioaccesoproveedor,candidate_or_observed,
DATA:push_notificacion,data,push_notificacion,candidate_or_observed,
DATA:push_notificacionusuarios,data,push_notificacionusuarios,candidate_or_observed,
DATA:push_tiponotificacion,data,push_tiponotificacion,candidate_or_observed,
DATA:push_tipousuario,data,push_tipousuario,candidate_or_observed,
DATA:rnc_adjuntos,data,rnc_adjuntos,candidate_or_observed,
DATA:rnc_analisis_causas,data,rnc_analisis_causas,candidate_or_observed,
DATA:rnc_archivos,data,rnc_archivos,candidate_or_observed,
DATA:rnc_areas,data,rnc_areas,candidate_or_observed,
DATA:rnc_consecuencias,data,rnc_consecuencias,candidate_or_observed,
DATA:rnc_derivaciones_analistas,data,rnc_derivaciones_analistas,candidate_or_observed,
DATA:rnc_impactos,data,rnc_impactos,candidate_or_observed,
DATA:rnc_mejora_continua_archivos,data,rnc_mejora_continua_archivos,candidate_or_observed,
DATA:rnc_noconformidad,data,rnc_noconformidad,candidate_or_observed,
DATA:rnc_normativas_procedimientos_estandares,data,rnc_normativas_procedimientos_estandares,candidate_or_observed,
DATA:rnc_observaciones,data,rnc_observaciones,candidate_or_observed,
DATA:rnc_origenobservacion,data,rnc_origenobservacion,candidate_or_observed,
DATA:rnc_probabilidades,data,rnc_probabilidades,candidate_or_observed,
DATA:rnc_procesosafectados,data,rnc_procesosafectados,candidate_or_observed,
DATA:rnc_requisitos,data,rnc_requisitos,candidate_or_observed,
DATA:rnc_requisitos_parametros,data,rnc_requisitos_parametros,candidate_or_observed,
DATA:rnc_tipos_impactos,data,rnc_tipos_impactos,candidate_or_observed,
DATA:rnc_tiposhallazgos,data,rnc_tiposhallazgos,candidate_or_observed,
DATA:rnc_tiposregistros,data,rnc_tiposregistros,candidate_or_observed,
DATA:rnc_valoraciones_riesgos,data,rnc_valoraciones_riesgos,candidate_or_observed,
DATA:soat_loteitems,data,soat_loteitems,candidate_or_observed,
DATA:soat_parametros,data,soat_parametros,candidate_or_observed,
DATA:soat_pedidos,data,soat_pedidos,candidate_or_observed,
DATA:t_cobrado,data,t_cobrado,candidate_or_observed,
DATA:t_facturas,data,t_facturas,candidate_or_observed,
DATA:t_procesos,data,t_procesos,candidate_or_observed,
DATA:t_tipo_hallazgo,data,t_tipo_hallazgo,candidate_or_observed,
DATA:t_tipohallazgo,data,t_tipohallazgo,candidate_or_observed,
DATA:tbl_albo,data,tbl_albo,candidate_or_observed,
DATA:tbl_contaminaciones_unidades_transportes,data,tbl_contaminaciones_unidades_transportes,candidate_or_observed,
DATA:tbl_contaminaciones_vehiculos,data,tbl_contaminaciones_vehiculos,candidate_or_observed,
DATA:tbl_desperfectos,data,tbl_desperfectos,candidate_or_observed,
DATA:tbl_flete,data,tbl_flete,candidate_or_observed,
DATA:tbl_inspeccion_senasag,data,tbl_inspeccion_senasag,candidate_or_observed,
DATA:tbl_inventario,data,tbl_inventario,candidate_or_observed,
DATA:tbl_inventario_accesorios,data,tbl_inventario_accesorios,candidate_or_observed,
DATA:tbl_inventario_despacho_accesorios,data,tbl_inventario_despacho_accesorios,candidate_or_observed,
DATA:tbl_inventario_despacho_desperfectos,data,tbl_inventario_despacho_desperfectos,candidate_or_observed,
DATA:tbl_inventario_desperfectos,data,tbl_inventario_desperfectos,candidate_or_observed,
DATA:tbl_inventario_parametros,data,tbl_inventario_parametros,candidate_or_observed,
DATA:tbl_inventario_parametros_despacho,data,tbl_inventario_parametros_despacho,candidate_or_observed,
DATA:tbl_inventario_recepcion_accesorios,data,tbl_inventario_recepcion_accesorios,candidate_or_observed,
DATA:tbl_inventario_recepcion_desperfectos,data,tbl_inventario_recepcion_desperfectos,candidate_or_observed,
DATA:tbl_otras_gestiones,data,tbl_otras_gestiones,candidate_or_observed,
DATA:tbl_placas,data,tbl_placas,candidate_or_observed,
DATA:tbl_renovacion_empresa,data,tbl_renovacion_empresa,candidate_or_observed,
DATA:tbl_reportados,data,tbl_reportados,candidate_or_observed,
DATA:tbl_senasag_sin_iva,data,tbl_senasag_sin_iva,candidate_or_observed,
DATA:tbl_senavex,data,tbl_senavex,candidate_or_observed,
DATA:tbl_senavex_iva,data,tbl_senavex_iva,candidate_or_observed,
DATA:tbl_token,data,tbl_token,candidate_or_observed,
DATA:tbl_tracking_destino,data,tbl_tracking_destino,candidate_or_observed,
DATA:tbl_traking,data,tbl_traking,candidate_or_observed,
DATA:tck_aduanasrutasplazos,data,tck_aduanasrutasplazos,candidate_or_observed,
DATA:tck_asignacion_viaje,data,tck_asignacion_viaje,candidate_or_observed,
DATA:tck_carga,data,tck_carga,candidate_or_observed,
DATA:tck_choferoperador,data,tck_choferoperador,candidate_or_observed,
DATA:tck_documentossoporte,data,tck_documentossoporte,candidate_or_observed,
DATA:tck_empresa_transporte,data,tck_empresa_transporte,candidate_or_observed,
DATA:tck_eventos,data,tck_eventos,candidate_or_observed,
DATA:tck_imagenes,data,tck_imagenes,candidate_or_observed,
DATA:tck_items_localizaciones,data,tck_items_localizaciones,candidate_or_observed,
DATA:tck_localizaciones,data,tck_localizaciones,candidate_or_observed,
DATA:tck_location,data,tck_location,candidate_or_observed,
DATA:tck_lugaresentregacarga,data,tck_lugaresentregacarga,candidate_or_observed,
DATA:tck_operadorestransporte,data,tck_operadorestransporte,candidate_or_observed,
DATA:tck_orden_viaje,data,tck_orden_viaje,candidate_or_observed,
DATA:tck_registrareventos,data,tck_registrareventos,candidate_or_observed,
DATA:tck_registrarincidentes,data,tck_registrarincidentes,candidate_or_observed,
DATA:tck_rutasautorizadas,data,tck_rutasautorizadas,candidate_or_observed,
DATA:tck_trackeo,data,tck_trackeo,candidate_or_observed,
DATA:tck_transporte,data,tck_transporte,candidate_or_observed,
DATA:tck_transportista,data,tck_transportista,candidate_or_observed,
DATA:temp_contaminaciones,data,temp_contaminaciones,candidate_or_observed,
DATA:temp_datos_chasis,data,temp_datos_chasis,candidate_or_observed,
DATA:temp_registro_accesorios,data,temp_registro_accesorios,candidate_or_observed,
DATA:temp_registro_desperfectos,data,temp_registro_desperfectos,candidate_or_observed,
DATA:tmp_ALBO,data,tmp_ALBO,candidate_or_observed,
DATA:tmp_DAB,data,tmp_DAB,candidate_or_observed,
DATA:tmp_ESSLG,data,tmp_ESSLG,candidate_or_observed,
DATA:tmp_ETAReal,data,tmp_ETAReal,candidate_or_observed,
DATA:tmp_ETATeorico,data,tmp_ETATeorico,candidate_or_observed,
DATA:tmp_Otros,data,tmp_Otros,candidate_or_observed,
DATA:tmp_TSLG,data,tmp_TSLG,candidate_or_observed,
DATA:tmp_almacenaje,data,tmp_almacenaje,candidate_or_observed,
DATA:tmp_anbfac,data,tmp_anbfac,candidate_or_observed,
DATA:tmp_anbpla,data,tmp_anbpla,candidate_or_observed,
DATA:tmp_archivo,data,tmp_archivo,candidate_or_observed,
DATA:tmp_asignacion_viaje,data,tmp_asignacion_viaje,candidate_or_observed,
DATA:tmp_autorizacionprevia,data,tmp_autorizacionprevia,candidate_or_observed,
DATA:tmp_billlading,data,tmp_billlading,candidate_or_observed,
DATA:tmp_cantidaddevueltos,data,tmp_cantidaddevueltos,candidate_or_observed,
DATA:tmp_casos,data,tmp_casos,candidate_or_observed,
DATA:tmp_casosagrupados,data,tmp_casosagrupados,candidate_or_observed,
DATA:tmp_casosdampendientes,data,tmp_casosdampendientes,candidate_or_observed,
DATA:tmp_casosprevios,data,tmp_casosprevios,candidate_or_observed,
DATA:tmp_ceritifcicados,data,tmp_ceritifcicados,candidate_or_observed,
DATA:tmp_ceritifcicados_original,data,tmp_ceritifcicados_original,candidate_or_observed,
DATA:tmp_chasis,data,tmp_chasis,candidate_or_observed,
DATA:tmp_clientecomision,data,tmp_clientecomision,candidate_or_observed,
DATA:tmp_cobros,data,tmp_cobros,candidate_or_observed,
DATA:tmp_cobrosdebitos,data,tmp_cobrosdebitos,candidate_or_observed,
DATA:tmp_cobrosdebitosagrupadas,data,tmp_cobrosdebitosagrupadas,candidate_or_observed,
DATA:tmp_cobrosdesglosado,data,tmp_cobrosdesglosado,candidate_or_observed,
DATA:tmp_cobrosdesglosadogeneral,data,tmp_cobrosdesglosadogeneral,candidate_or_observed,
DATA:tmp_cobrosfacturas,data,tmp_cobrosfacturas,candidate_or_observed,
DATA:tmp_cobrosfacturasagrupadas,data,tmp_cobrosfacturasagrupadas,candidate_or_observed,
DATA:tmp_cobrosplanillas,data,tmp_cobrosplanillas,candidate_or_observed,
DATA:tmp_cobrosplanillasagrupadas,data,tmp_cobrosplanillasagrupadas,candidate_or_observed,
DATA:tmp_cobrosplanillasagrupadasotros,data,tmp_cobrosplanillasagrupadasotros,candidate_or_observed,
DATA:tmp_cobrosplanillasagrupadastributos,data,tmp_cobrosplanillasagrupadastributos,candidate_or_observed,
DATA:tmp_cobrosplanillasotros,data,tmp_cobrosplanillasotros,candidate_or_observed,
DATA:tmp_cobrosplanillastributos,data,tmp_cobrosplanillastributos,candidate_or_observed,
DATA:tmp_comision,data,tmp_comision,candidate_or_observed,
DATA:tmp_contenedores,data,tmp_contenedores,candidate_or_observed,
DATA:tmp_costofleteaereo,data,tmp_costofleteaereo,candidate_or_observed,
DATA:tmp_costofletemaritimo,data,tmp_costofletemaritimo,candidate_or_observed,
DATA:tmp_costofleteotros,data,tmp_costofleteotros,candidate_or_observed,
DATA:tmp_costofleteterrestre,data,tmp_costofleteterrestre,candidate_or_observed,
DATA:tmp_costoslogisticos,data,tmp_costoslogisticos,candidate_or_observed,
DATA:tmp_costosproveedor,data,tmp_costosproveedor,candidate_or_observed,
DATA:tmp_costosseguro,data,tmp_costosseguro,candidate_or_observed,
DATA:tmp_cotizaciones,data,tmp_cotizaciones,candidate_or_observed,
DATA:tmp_crt,data,tmp_crt,candidate_or_observed,
DATA:tmp_datosbl,data,tmp_datosbl,candidate_or_observed,
DATA:tmp_datoscp,data,tmp_datoscp,candidate_or_observed,
DATA:tmp_datosfactura,data,tmp_datosfactura,candidate_or_observed,
DATA:tmp_datosga,data,tmp_datosga,candidate_or_observed,
DATA:tmp_datosgenerales,data,tmp_datosgenerales,candidate_or_observed,
DATA:tmp_derivaciones,data,tmp_derivaciones,candidate_or_observed,
DATA:tmp_deteriorodocumentos,data,tmp_deteriorodocumentos,candidate_or_observed,
DATA:tmp_dex_suma,data,tmp_dex_suma,candidate_or_observed,
DATA:tmp_edpEmbarque,data,tmp_edpEmbarque,candidate_or_observed,
DATA:tmp_edparchivado,data,tmp_edparchivado,candidate_or_observed,
DATA:tmp_embarquesmagnitudes,data,tmp_embarquesmagnitudes,candidate_or_observed,
DATA:tmp_embarquesoperador,data,tmp_embarquesoperador,candidate_or_observed,
DATA:tmp_errordocumentos,data,tmp_errordocumentos,candidate_or_observed,
DATA:tmp_estadoEmbarque,data,tmp_estadoEmbarque,candidate_or_observed,
DATA:tmp_estadoPedido,data,tmp_estadoPedido,candidate_or_observed,
DATA:tmp_estado_viaje,data,tmp_estado_viaje,candidate_or_observed,
DATA:tmp_estados,data,tmp_estados,candidate_or_observed,
DATA:tmp_estadosEmbarque,data,tmp_estadosEmbarque,candidate_or_observed,
DATA:tmp_factura,data,tmp_factura,candidate_or_observed,
DATA:tmp_factura1,data,tmp_factura1,candidate_or_observed,
DATA:tmp_factura2,data,tmp_factura2,candidate_or_observed,
DATA:tmp_facturaTransporte,data,tmp_facturaTransporte,candidate_or_observed,
DATA:tmp_facturaTransporteCRT,data,tmp_facturaTransporteCRT,candidate_or_observed,
DATA:tmp_facturacion,data,tmp_facturacion,candidate_or_observed,
DATA:tmp_facturacomercial,data,tmp_facturacomercial,candidate_or_observed,
DATA:tmp_faltadocumentosagencia,data,tmp_faltadocumentosagencia,candidate_or_observed,
DATA:tmp_faltadocumentoscliente,data,tmp_faltadocumentoscliente,candidate_or_observed,
DATA:tmp_fecha12,data,tmp_fecha12,candidate_or_observed,
DATA:tmp_fecha13,data,tmp_fecha13,candidate_or_observed,
DATA:tmp_fecha15,data,tmp_fecha15,candidate_or_observed,
DATA:tmp_fecha22,data,tmp_fecha22,candidate_or_observed,
DATA:tmp_fecha23,data,tmp_fecha23,candidate_or_observed,
DATA:tmp_fecha5,data,tmp_fecha5,candidate_or_observed,
DATA:tmp_fechaArriboPTY,data,tmp_fechaArriboPTY,candidate_or_observed,
DATA:tmp_fechaEmbarque,data,tmp_fechaEmbarque,candidate_or_observed,
DATA:tmp_fechaPRM,data,tmp_fechaPRM,candidate_or_observed,
DATA:tmp_fechapagodim,data,tmp_fechapagodim,candidate_or_observed,
DATA:tmp_fechaparterececpion,data,tmp_fechaparterececpion,candidate_or_observed,
DATA:tmp_fechas_inventarios,data,tmp_fechas_inventarios,candidate_or_observed,
DATA:tmp_fechascurrier,data,tmp_fechascurrier,candidate_or_observed,
DATA:tmp_fobs,data,tmp_fobs,candidate_or_observed,
DATA:tmp_form164,data,tmp_form164,candidate_or_observed,
DATA:tmp_form506,data,tmp_form506,candidate_or_observed,
DATA:tmp_gastosdespacho,data,tmp_gastosdespacho,candidate_or_observed,
DATA:tmp_ibmetro,data,tmp_ibmetro,candidate_or_observed,
DATA:tmp_ibmetrofac,data,tmp_ibmetrofac,candidate_or_observed,
DATA:tmp_incobrablesdebitos,data,tmp_incobrablesdebitos,candidate_or_observed,
DATA:tmp_incobrablesfacturas,data,tmp_incobrablesfacturas,candidate_or_observed,
DATA:tmp_incobrablesplanillas,data,tmp_incobrablesplanillas,candidate_or_observed,
DATA:tmp_incobrablesplanillasotros,data,tmp_incobrablesplanillasotros,candidate_or_observed,
DATA:tmp_incobrablesplanillastributos,data,tmp_incobrablesplanillastributos,candidate_or_observed,
DATA:tmp_intercambio_documental_rp_indicadores,data,tmp_intercambio_documental_rp_indicadores,candidate_or_observed,
DATA:tmp_items_db,data,tmp_items_db,candidate_or_observed,
DATA:tmp_leadtimeReal,data,tmp_leadtimeReal,candidate_or_observed,
DATA:tmp_leadtimeTeorico,data,tmp_leadtimeTeorico,candidate_or_observed,
DATA:tmp_liquidacion,data,tmp_liquidacion,candidate_or_observed,
DATA:tmp_log_embarques,data,tmp_log_embarques,candidate_or_observed,
DATA:tmp_magnitudes,data,tmp_magnitudes,candidate_or_observed,
DATA:tmp_monto1erordencompra,data,tmp_monto1erordencompra,candidate_or_observed,
DATA:tmp_montoCAG,data,tmp_montoCAG,candidate_or_observed,
DATA:tmp_montoGA,data,tmp_montoGA,candidate_or_observed,
DATA:tmp_montoGDE,data,tmp_montoGDE,candidate_or_observed,
DATA:tmp_montoICD,data,tmp_montoICD,candidate_or_observed,
DATA:tmp_montoICE,data,tmp_montoICE,candidate_or_observed,
DATA:tmp_montoIEHD,data,tmp_montoIEHD,candidate_or_observed,
DATA:tmp_montoIVA,data,tmp_montoIVA,candidate_or_observed,
DATA:tmp_montoLEG,data,tmp_montoLEG,candidate_or_observed,
DATA:tmp_montoordencompra,data,tmp_montoordencompra,candidate_or_observed,
DATA:tmp_montosFOBpeso,data,tmp_montosFOBpeso,candidate_or_observed,
DATA:tmp_montos_nc_PRM_kpo,data,tmp_montos_nc_PRM_kpo,candidate_or_observed,
DATA:tmp_montos_nc_PRM_kpo_condicion,data,tmp_montos_nc_PRM_kpo_condicion,candidate_or_observed,
DATA:tmp_montos_nc_PRM_kpo_contador,data,tmp_montos_nc_PRM_kpo_contador,candidate_or_observed,
DATA:tmp_montos_nc_PRM_kpo_copia,data,tmp_montos_nc_PRM_kpo_copia,candidate_or_observed,
DATA:tmp_montos_nc_PRM_kpo_unicos,data,tmp_montos_nc_PRM_kpo_unicos,candidate_or_observed,
DATA:tmp_montosoat,data,tmp_montosoat,candidate_or_observed,
DATA:tmp_notasvalor,data,tmp_notasvalor,candidate_or_observed,
DATA:tmp_operacionestransito,data,tmp_operacionestransito,candidate_or_observed,
DATA:tmp_otrosfactura,data,tmp_otrosfactura,candidate_or_observed,
DATA:tmp_otrosplanilla,data,tmp_otrosplanilla,candidate_or_observed,
DATA:tmp_pagotributos,data,tmp_pagotributos,candidate_or_observed,
DATA:tmp_paisOrigenEX,data,tmp_paisOrigenEX,candidate_or_observed,
DATA:tmp_paisorigen,data,tmp_paisorigen,candidate_or_observed,
DATA:tmp_parametros,data,tmp_parametros,candidate_or_observed,
DATA:tmp_partidas,data,tmp_partidas,candidate_or_observed,
DATA:tmp_partidas_ages,data,tmp_partidas_ages,candidate_or_observed,
DATA:tmp_partidas_totales,data,tmp_partidas_totales,candidate_or_observed,
DATA:tmp_partidasnds,data,tmp_partidasnds,candidate_or_observed,
DATA:tmp_partidasnds_ages,data,tmp_partidasnds_ages,candidate_or_observed,
DATA:tmp_pedidos_detalle,data,tmp_pedidos_detalle,candidate_or_observed,
DATA:tmp_pesos,data,tmp_pesos,candidate_or_observed,
DATA:tmp_pesosfijos,data,tmp_pesosfijos,candidate_or_observed,
DATA:tmp_planillados,data,tmp_planillados,candidate_or_observed,
DATA:tmp_primeraderivacion,data,tmp_primeraderivacion,candidate_or_observed,
DATA:tmp_productos,data,tmp_productos,candidate_or_observed,
DATA:tmp_prorrateo,data,tmp_prorrateo,candidate_or_observed,
DATA:tmp_recepcion_accesorios,data,tmp_recepcion_accesorios,candidate_or_observed,
DATA:tmp_recepcion_desperfectos,data,tmp_recepcion_desperfectos,candidate_or_observed,
DATA:tmp_recinto,data,tmp_recinto,candidate_or_observed,
DATA:tmp_regularizacion,data,tmp_regularizacion,candidate_or_observed,
DATA:tmp_reintegroGA,data,tmp_reintegroGA,candidate_or_observed,
DATA:tmp_reintegroICE,data,tmp_reintegroICE,candidate_or_observed,
DATA:tmp_reintegroIVA,data,tmp_reintegroIVA,candidate_or_observed,
DATA:tmp_reporte_detalles_transportistas_iasa,data,tmp_reporte_detalles_transportistas_iasa,candidate_or_observed,
DATA:tmp_reporte_fiscal,data,tmp_reporte_fiscal,candidate_or_observed,
DATA:tmp_reportevehiculos,data,tmp_reportevehiculos,candidate_or_observed,
DATA:tmp_resumenoperaciones,data,tmp_resumenoperaciones,candidate_or_observed,
DATA:tmp_saldo_1_5,data,tmp_saldo_1_5,candidate_or_observed,
DATA:tmp_saldo_30_60,data,tmp_saldo_30_60,candidate_or_observed,
DATA:tmp_saldo_5_30,data,tmp_saldo_5_30,candidate_or_observed,
DATA:tmp_saldo_60,data,tmp_saldo_60,candidate_or_observed,
DATA:tmp_saldo_actual,data,tmp_saldo_actual,candidate_or_observed,
DATA:tmp_saldos,data,tmp_saldos,candidate_or_observed,
DATA:tmp_solicitudes,data,tmp_solicitudes,candidate_or_observed,
DATA:tmp_sumapesosfijos,data,tmp_sumapesosfijos,candidate_or_observed,
DATA:tmp_sumas,data,tmp_sumas,candidate_or_observed,
DATA:tmp_sumasFOB,data,tmp_sumasFOB,candidate_or_observed,
DATA:tmp_tareaactual,data,tmp_tareaactual,candidate_or_observed,
DATA:tmp_tiposolicitud,data,tmp_tiposolicitud,candidate_or_observed,
DATA:tmp_totalfactura,data,tmp_totalfactura,candidate_or_observed,
DATA:tmp_totalfacturaagrupada,data,tmp_totalfacturaagrupada,candidate_or_observed,
DATA:tmp_totalmontosFOBpeso,data,tmp_totalmontosFOBpeso,candidate_or_observed,
DATA:tmp_totalnotas,data,tmp_totalnotas,candidate_or_observed,
DATA:tmp_totalnotasagrupada,data,tmp_totalnotasagrupada,candidate_or_observed,
DATA:tmp_totalnotasvalor,data,tmp_totalnotasvalor,candidate_or_observed,
DATA:tmp_totalnotasvalorFOB,data,tmp_totalnotasvalorFOB,candidate_or_observed,
DATA:tmp_totalplanilla,data,tmp_totalplanilla,candidate_or_observed,
DATA:tmp_totalplanillaagrupada,data,tmp_totalplanillaagrupada,candidate_or_observed,
DATA:tmp_totalplanillaagrupadaotros,data,tmp_totalplanillaagrupadaotros,candidate_or_observed,
DATA:tmp_totalplanillaagrupadatributos,data,tmp_totalplanillaagrupadatributos,candidate_or_observed,
DATA:tmp_totalplanillaotros,data,tmp_totalplanillaotros,candidate_or_observed,
DATA:tmp_totalplanillatributos,data,tmp_totalplanillatributos,candidate_or_observed,
DATA:tmp_tramites,data,tmp_tramites,candidate_or_observed,
DATA:tmp_tramos,data,tmp_tramos,candidate_or_observed,
DATA:tmp_tributos,data,tmp_tributos,candidate_or_observed,
DATA:tmp_ultimadevolucion,data,tmp_ultimadevolucion,candidate_or_observed,
DATA:tmp_unidades,data,tmp_unidades,candidate_or_observed,
DATA:tmp_valorAP,data,tmp_valorAP,candidate_or_observed,
DATA:tmp_valorComision,data,tmp_valorComision,candidate_or_observed,
DATA:tmp_valorDIM,data,tmp_valorDIM,candidate_or_observed,
DATA:tmp_valorDUI,data,tmp_valorDUI,candidate_or_observed,
DATA:tmp_valorGA,data,tmp_valorGA,candidate_or_observed,
DATA:tmp_valorGDE,data,tmp_valorGDE,candidate_or_observed,
DATA:tmp_valorGestionSeguro,data,tmp_valorGestionSeguro,candidate_or_observed,
DATA:tmp_valorICE,data,tmp_valorICE,candidate_or_observed,
DATA:tmp_valorIVA,data,tmp_valorIVA,candidate_or_observed,
DATA:tmp_valorOtrosF,data,tmp_valorOtrosF,candidate_or_observed,
DATA:tmp_valorPRMKPO,data,tmp_valorPRMKPO,candidate_or_observed,
DATA:tmp_valorServicioWareHouse,data,tmp_valorServicioWareHouse,candidate_or_observed,
DATA:tmp_valorServicioWareHouseTotal,data,tmp_valorServicioWareHouseTotal,candidate_or_observed,
DATA:tmp_vehiculosprevios,data,tmp_vehiculosprevios,candidate_or_observed,
DATA:tmp_vehiculosprevios_agrupado,data,tmp_vehiculosprevios_agrupado,candidate_or_observed,
DATA:tmp_vehiculosprevios_agrupado_chasis,data,tmp_vehiculosprevios_agrupado_chasis,candidate_or_observed,
DATA:tmp_vehiculosprevios_agrupado_copia,data,tmp_vehiculosprevios_agrupado_copia,candidate_or_observed,
DATA:tmp_vehiculosprevios_cantidad,data,tmp_vehiculosprevios_cantidad,candidate_or_observed,
DATA:tmp_vehiculosprevios_copia,data,tmp_vehiculosprevios_copia,candidate_or_observed,
DATA:tramites_info,data,tramites_info,candidate_or_observed,
DATA:untartab,data,untartab,candidate_or_observed,
DATA:untartab_new,data,untartab_new,candidate_or_observed,
DATA:v_arancel,data,v_arancel,candidate_or_observed,
DATA:v_arancelhistorico,data,v_arancelhistorico,candidate_or_observed,
DATA:v_certificados_vencidos,data,v_certificados_vencidos,candidate_or_observed,
DATA:v_fecha_pago,data,v_fecha_pago,candidate_or_observed,
DATA:v_reporte_casos_clientes,data,v_reporte_casos_clientes,candidate_or_observed,
DATA:v_reporte_gastos_ge_sueltas,data,v_reporte_gastos_ge_sueltas,candidate_or_observed,
DATA:v_reporte_gastos_v2,data,v_reporte_gastos_v2,candidate_or_observed,
DATA:v_reporte_indicadores,data,v_reporte_indicadores,candidate_or_observed,
DATA:v_rnc_reporte_general,data,v_rnc_reporte_general,candidate_or_observed,
DATA:v_tck_infoviajecliente,data,v_tck_infoviajecliente,candidate_or_observed,
FILE:.data_base/asgard.sql,component,.data_base/asgard.sql,observed,.data_base/asgard.sql
FILE:index_archivos/2fa/TwoFaClass.php,component,index_archivos/2fa/TwoFaClass.php,observed,index_archivos/2fa/TwoFaClass.php
FILE:index_archivos/DashboardAlicorp.php,component,index_archivos/DashboardAlicorp.php,observed,index_archivos/DashboardAlicorp.php
FILE:index_archivos/MPDF57/classes/form.php,component,index_archivos/MPDF57/classes/form.php,observed,index_archivos/MPDF57/classes/form.php
FILE:index_archivos/MPDF57/mpdf.php,component,index_archivos/MPDF57/mpdf.php,observed,index_archivos/MPDF57/mpdf.php
FILE:index_archivos/MPDF57/mpdfi/filters/FilterASCII85.php,component,index_archivos/MPDF57/mpdfi/filters/FilterASCII85.php,observed,index_archivos/MPDF57/mpdfi/filters/FilterASCII85.php
FILE:index_archivos/MenuClass.php,component,index_archivos/MenuClass.php,observed,index_archivos/MenuClass.php
FILE:index_archivos/PDFMerger-master/tcpdf/include/barcodes/datamatrix.php,component,index_archivos/PDFMerger-master/tcpdf/include/barcodes/datamatrix.php,observed,index_archivos/PDFMerger-master/tcpdf/include/barcodes/datamatrix.php
FILE:index_archivos/PDFMerger-master/tcpdf/tcpdf.php,component,index_archivos/PDFMerger-master/tcpdf/tcpdf.php,observed,index_archivos/PDFMerger-master/tcpdf/tcpdf.php
FILE:index_archivos/PHPExcel/Classes/PHPExcel/CachedObjectStorage/SQLite.php,component,index_archivos/PHPExcel/Classes/PHPExcel/CachedObjectStorage/SQLite.php,observed,index_archivos/PHPExcel/Classes/PHPExcel/CachedObjectStorage/SQLite.php
FILE:index_archivos/PHPExcel/Classes/PHPExcel/CachedObjectStorage/SQLite3.php,component,index_archivos/PHPExcel/Classes/PHPExcel/CachedObjectStorage/SQLite3.php,observed,index_archivos/PHPExcel/Classes/PHPExcel/CachedObjectStorage/SQLite3.php
FILE:index_archivos/ajax/DashboardGenerico.php,component,index_archivos/ajax/DashboardGenerico.php,observed,index_archivos/ajax/DashboardGenerico.php
FILE:index_archivos/ajax/uploadExcelSolicitud.php,component,index_archivos/ajax/uploadExcelSolicitud.php,observed,index_archivos/ajax/uploadExcelSolicitud.php
FILE:index_archivos/asesoria-gestion/views/nueva-solicitud.php,component,index_archivos/asesoria-gestion/views/nueva-solicitud.php,observed,index_archivos/asesoria-gestion/views/nueva-solicitud.php
FILE:index_archivos/bootstrap/js/bootstrap.js,component,index_archivos/bootstrap/js/bootstrap.js,observed,index_archivos/bootstrap/js/bootstrap.js
FILE:index_archivos/contables/controllers/ContabilidadClass.php,component,index_archivos/contables/controllers/ContabilidadClass.php,observed,index_archivos/contables/controllers/ContabilidadClass.php
FILE:index_archivos/controllers/ControlAps.php,component,index_archivos/controllers/ControlAps.php,observed,index_archivos/controllers/ControlAps.php
FILE:index_archivos/controllers/GlobalClass.php,component,index_archivos/controllers/GlobalClass.php,observed,index_archivos/controllers/GlobalClass.php
FILE:index_archivos/controllers/SolicitudClass.php,component,index_archivos/controllers/SolicitudClass.php,observed,index_archivos/controllers/SolicitudClass.php
FILE:index_archivos/controllers/VehiculosClass.php,component,index_archivos/controllers/VehiculosClass.php,observed,index_archivos/controllers/VehiculosClass.php
FILE:index_archivos/coordinadores.php,component,index_archivos/coordinadores.php,observed,index_archivos/coordinadores.php
FILE:index_archivos/documentacion.php,component,index_archivos/documentacion.php,observed,index_archivos/documentacion.php
FILE:index_archivos/documentacionaprobado.php,component,index_archivos/documentacionaprobado.php,observed,index_archivos/documentacionaprobado.php
FILE:index_archivos/encodeUser.php,component,index_archivos/encodeUser.php,observed,index_archivos/encodeUser.php
FILE:index_archivos/enviarsolicitud_ajax.php,component,index_archivos/enviarsolicitud_ajax.php,observed,index_archivos/enviarsolicitud_ajax.php
FILE:index_archivos/finsolicitud.php,component,index_archivos/finsolicitud.php,observed,index_archivos/finsolicitud.php
FILE:index_archivos/intercambioDocumental/IntercambioDocumentalClass.php,component,index_archivos/intercambioDocumental/IntercambioDocumentalClass.php,observed,index_archivos/intercambioDocumental/IntercambioDocumentalClass.php
FILE:index_archivos/intercambioDocumental/Utils/OcrUtil.php,component,index_archivos/intercambioDocumental/Utils/OcrUtil.php,observed,index_archivos/intercambioDocumental/Utils/OcrUtil.php
FILE:index_archivos/intercambioDocumental/ajax/OCRClass.php,component,index_archivos/intercambioDocumental/ajax/OCRClass.php,observed,index_archivos/intercambioDocumental/ajax/OCRClass.php
FILE:index_archivos/intercambioDocumental/ajax/dividir-pdf-soat.php,component,index_archivos/intercambioDocumental/ajax/dividir-pdf-soat.php,observed,index_archivos/intercambioDocumental/ajax/dividir-pdf-soat.php
FILE:index_archivos/intercambioDocumental/ajax/lectura-ocr-bl.php,component,index_archivos/intercambioDocumental/ajax/lectura-ocr-bl.php,observed,index_archivos/intercambioDocumental/ajax/lectura-ocr-bl.php
FILE:index_archivos/intercambioDocumental/ajax/lectura-ocr-falbo.php,component,index_archivos/intercambioDocumental/ajax/lectura-ocr-falbo.php,observed,index_archivos/intercambioDocumental/ajax/lectura-ocr-falbo.php
FILE:index_archivos/intercambioDocumental/ajax/lectura-ocr-fdab.php,component,index_archivos/intercambioDocumental/ajax/lectura-ocr-fdab.php,observed,index_archivos/intercambioDocumental/ajax/lectura-ocr-fdab.php
FILE:index_archivos/intercambioDocumental/ajax/lectura-ocr-ft.php,component,index_archivos/intercambioDocumental/ajax/lectura-ocr-ft.php,observed,index_archivos/intercambioDocumental/ajax/lectura-ocr-ft.php
FILE:index_archivos/intercambioDocumental/ajax/lectura-ocr-jennefer.php,component,index_archivos/intercambioDocumental/ajax/lectura-ocr-jennefer.php,observed,index_archivos/intercambioDocumental/ajax/lectura-ocr-jennefer.php
FILE:index_archivos/intercambioDocumental/ajax/lectura-ocr-pr.php,component,index_archivos/intercambioDocumental/ajax/lectura-ocr-pr.php,observed,index_archivos/intercambioDocumental/ajax/lectura-ocr-pr.php
FILE:index_archivos/intercambioDocumental/ajax/lectura-ocr-senavex.php,component,index_archivos/intercambioDocumental/ajax/lectura-ocr-senavex.php,observed,index_archivos/intercambioDocumental/ajax/lectura-ocr-senavex.php
FILE:index_archivos/intercambioDocumental/ajax/lectura_documentos_iasa.php,component,index_archivos/intercambioDocumental/ajax/lectura_documentos_iasa.php,observed,index_archivos/intercambioDocumental/ajax/lectura_documentos_iasa.php
FILE:index_archivos/intercambioDocumental/js/datosIntercambio.js,component,index_archivos/intercambioDocumental/js/datosIntercambio.js,observed,index_archivos/intercambioDocumental/js/datosIntercambio.js
FILE:index_archivos/intercambioDocumentalV2/js/commons.js,component,index_archivos/intercambioDocumentalV2/js/commons.js,observed,index_archivos/intercambioDocumentalV2/js/commons.js
FILE:index_archivos/jqGrid/cssui/external/jquery/jquery.js,component,index_archivos/jqGrid/cssui/external/jquery/jquery.js,observed,index_archivos/jqGrid/cssui/external/jquery/jquery.js
FILE:index_archivos/jqGrid/js/jqgridExcelExportClientSide-libs.js,component,index_archivos/jqGrid/js/jqgridExcelExportClientSide-libs.js,observed,index_archivos/jqGrid/js/jqgridExcelExportClientSide-libs.js
FILE:index_archivos/jqGrid/js/jquery.jqGrid.src.js,component,index_archivos/jqGrid/js/jquery.jqGrid.src.js,observed,index_archivos/jqGrid/js/jquery.jqGrid.src.js
FILE:index_archivos/jqGrid/src/grid.formedit.js,component,index_archivos/jqGrid/src/grid.formedit.js,observed,index_archivos/jqGrid/src/grid.formedit.js
FILE:index_archivos/jqGrid/src/jquery.jqGrid.js,component,index_archivos/jqGrid/src/jquery.jqGrid.js,observed,index_archivos/jqGrid/src/jquery.jqGrid.js
FILE:index_archivos/jqGrid/ui/external/jquery/jquery.js,component,index_archivos/jqGrid/ui/external/jquery/jquery.js,observed,index_archivos/jqGrid/ui/external/jquery/jquery.js
FILE:index_archivos/jquery-ui/external/jquery/jquery.js,component,index_archivos/jquery-ui/external/jquery/jquery.js,observed,index_archivos/jquery-ui/external/jquery/jquery.js
FILE:index_archivos/js/axios.min.js,component,index_archivos/js/axios.min.js,observed,index_archivos/js/axios.min.js
FILE:index_archivos/js/datatable/JSZip-2.5.0/jszip.js,component,index_archivos/js/datatable/JSZip-2.5.0/jszip.js,observed,index_archivos/js/datatable/JSZip-2.5.0/jszip.js
FILE:index_archivos/js/datatable/JSZip-2.5.0/jszip.min.js,component,index_archivos/js/datatable/JSZip-2.5.0/jszip.min.js,observed,index_archivos/js/datatable/JSZip-2.5.0/jszip.min.js
FILE:index_archivos/js/datatable/KeyTable-2.5.1/js/dataTables.keyTable.js,component,index_archivos/js/datatable/KeyTable-2.5.1/js/dataTables.keyTable.js,observed,index_archivos/js/datatable/KeyTable-2.5.1/js/dataTables.keyTable.js
FILE:index_archivos/js/datatable/datatables.js,component,index_archivos/js/datatable/datatables.js,observed,index_archivos/js/datatable/datatables.js
FILE:index_archivos/js/datatable/datatables.min.js,component,index_archivos/js/datatable/datatables.min.js,observed,index_archivos/js/datatable/datatables.min.js
FILE:index_archivos/js/datatable/pdfmake-0.1.36/pdfmake.js,component,index_archivos/js/datatable/pdfmake-0.1.36/pdfmake.js,observed,index_archivos/js/datatable/pdfmake-0.1.36/pdfmake.js
FILE:index_archivos/js/datatable/pdfmake-0.1.36/pdfmake.min.js,component,index_archivos/js/datatable/pdfmake-0.1.36/pdfmake.min.js,observed,index_archivos/js/datatable/pdfmake-0.1.36/pdfmake.min.js
FILE:index_archivos/js/ext-all-debug.js,component,index_archivos/js/ext-all-debug.js,observed,index_archivos/js/ext-all-debug.js
FILE:index_archivos/js/jquery.easyui.min.js,component,index_archivos/js/jquery.easyui.min.js,observed,index_archivos/js/jquery.easyui.min.js
FILE:index_archivos/js/jquery.js,component,index_archivos/js/jquery.js,observed,index_archivos/js/jquery.js
FILE:index_archivos/js/kendo.web.min.js,component,index_archivos/js/kendo.web.min.js,observed,index_archivos/js/kendo.web.min.js
FILE:index_archivos/js/scripts/knockout-2.2.1.js,component,index_archivos/js/scripts/knockout-2.2.1.js,observed,index_archivos/js/scripts/knockout-2.2.1.js
FILE:index_archivos/js/spreadsjs/external/angular.1.0.8.js,component,index_archivos/js/spreadsjs/external/angular.1.0.8.js,observed,index_archivos/js/spreadsjs/external/angular.1.0.8.js
FILE:index_archivos/js/spreadsjs/external/angular.1.2.22.js,component,index_archivos/js/spreadsjs/external/angular.1.2.22.js,observed,index_archivos/js/spreadsjs/external/angular.1.2.22.js
FILE:index_archivos/js/spreadsjs/external/breeze.debug.js,component,index_archivos/js/spreadsjs/external/breeze.debug.js,observed,index_archivos/js/spreadsjs/external/breeze.debug.js
FILE:index_archivos/js/spreadsjs/external/jquery-1.11.1.js,component,index_archivos/js/spreadsjs/external/jquery-1.11.1.js,observed,index_archivos/js/spreadsjs/external/jquery-1.11.1.js
FILE:index_archivos/js/spreadsjs/external/jquery-1.8.2.js,component,index_archivos/js/spreadsjs/external/jquery-1.8.2.js,observed,index_archivos/js/spreadsjs/external/jquery-1.8.2.js
FILE:index_archivos/js/spreadsjs/external/jquery-1.8.2.min.js,component,index_archivos/js/spreadsjs/external/jquery-1.8.2.min.js,observed,index_archivos/js/spreadsjs/external/jquery-1.8.2.min.js
FILE:index_archivos/js/spreadsjs/external/jquery-1.9.1.js,component,index_archivos/js/spreadsjs/external/jquery-1.9.1.js,observed,index_archivos/js/spreadsjs/external/jquery-1.9.1.js
FILE:index_archivos/js/spreadsjs/external/jquery-1.9.1.min.js,component,index_archivos/js/spreadsjs/external/jquery-1.9.1.min.js,observed,index_archivos/js/spreadsjs/external/jquery-1.9.1.min.js
FILE:index_archivos/js/spreadsjs/external/jquery-2.0.2.js,component,index_archivos/js/spreadsjs/external/jquery-2.0.2.js,observed,index_archivos/js/spreadsjs/external/jquery-2.0.2.js
FILE:index_archivos/js/spreadsjs/external/jquery-2.1.1.js,component,index_archivos/js/spreadsjs/external/jquery-2.1.1.js,observed,index_archivos/js/spreadsjs/external/jquery-2.1.1.js
FILE:index_archivos/js/spreadsjs/external/knockout-2.1.0.debug.js,component,index_archivos/js/spreadsjs/external/knockout-2.1.0.debug.js,observed,index_archivos/js/spreadsjs/external/knockout-2.1.0.debug.js
FILE:index_archivos/js/spreadsjs/external/knockout-2.2.0.js,component,index_archivos/js/spreadsjs/external/knockout-2.2.0.js,observed,index_archivos/js/spreadsjs/external/knockout-2.2.0.js
FILE:index_archivos/js/spreadsjs/external/knockout-3.1.0.js,component,index_archivos/js/spreadsjs/external/knockout-3.1.0.js,observed,index_archivos/js/spreadsjs/external/knockout-3.1.0.js
FILE:index_archivos/js/spreadsjs/scripts/jquery.wijmo.wijspread.3.20151.16.js,component,index_archivos/js/spreadsjs/scripts/jquery.wijmo.wijspread.3.20151.16.js,observed,index_archivos/js/spreadsjs/scripts/jquery.wijmo.wijspread.3.20151.16.js
FILE:index_archivos/js/spreadsjs/scripts/jquery.wijmo.wijspread.all.3.20151.16.js,component,index_archivos/js/spreadsjs/scripts/jquery.wijmo.wijspread.all.3.20151.16.js,observed,index_archivos/js/spreadsjs/scripts/jquery.wijmo.wijspread.all.3.20151.16.js
FILE:index_archivos/js/spreadsjs/scripts/jquery.wijmo.wijspread.functions.3.20151.16.js,component,index_archivos/js/spreadsjs/scripts/jquery.wijmo.wijspread.functions.3.20151.16.js,observed,index_archivos/js/spreadsjs/scripts/jquery.wijmo.wijspread.functions.3.20151.16.js
FILE:index_archivos/js/spreadsjs/scripts/pluggable/jquery.wijmo.wijspread.calc.3.20151.16.js,component,index_archivos/js/spreadsjs/scripts/pluggable/jquery.wijmo.wijspread.calc.3.20151.16.js,observed,index_archivos/js/spreadsjs/scripts/pluggable/jquery.wijmo.wijspread.calc.3.20151.16.js
FILE:index_archivos/js/spreadsjs/scripts/pluggable/jquery.wijmo.wijspread.calc.functions.3.20151.16.js,component,index_archivos/js/spreadsjs/scripts/pluggable/jquery.wijmo.wijspread.calc.functions.3.20151.16.js,observed,index_archivos/js/spreadsjs/scripts/pluggable/jquery.wijmo.wijspread.calc.functions.3.20151.16.js
FILE:index_archivos/js/spreadsjs/scripts/pluggable/jquery.wijmo.wijspread.core.3.20151.16.js,component,index_archivos/js/spreadsjs/scripts/pluggable/jquery.wijmo.wijspread.core.3.20151.16.js,observed,index_archivos/js/spreadsjs/scripts/pluggable/jquery.wijmo.wijspread.core.3.20151.16.js
FILE:index_archivos/js/spreadsjs/scripts/pluggable/jquery.wijmo.wijspread.filter.3.20151.16.js,component,index_archivos/js/spreadsjs/scripts/pluggable/jquery.wijmo.wijspread.filter.3.20151.16.js,observed,index_archivos/js/spreadsjs/scripts/pluggable/jquery.wijmo.wijspread.filter.3.20151.16.js
FILE:index_archivos/js/ux/ajax/SimManager.js,component,index_archivos/js/ux/ajax/SimManager.js,observed,index_archivos/js/ux/ajax/SimManager.js
FILE:index_archivos/js/ux/ajax/Simlet.js,component,index_archivos/js/ux/ajax/Simlet.js,observed,index_archivos/js/ux/ajax/Simlet.js
FILE:index_archivos/libs/PDFMerger/PDFMerger-master/tcpdf/include/barcodes/datamatrix.php,component,index_archivos/libs/PDFMerger/PDFMerger-master/tcpdf/include/barcodes/datamatrix.php,observed,index_archivos/libs/PDFMerger/PDFMerger-master/tcpdf/include/barcodes/datamatrix.php
FILE:index_archivos/libs/PDFMerger/PDFMerger-master/tcpdf/tcpdf.php,component,index_archivos/libs/PDFMerger/PDFMerger-master/tcpdf/tcpdf.php,observed,index_archivos/libs/PDFMerger/PDFMerger-master/tcpdf/tcpdf.php
FILE:index_archivos/libs/PDFMerger/tcpdf/include/barcodes/datamatrix.php,component,index_archivos/libs/PDFMerger/tcpdf/include/barcodes/datamatrix.php,observed,index_archivos/libs/PDFMerger/tcpdf/include/barcodes/datamatrix.php
FILE:index_archivos/libs/PDFMerger/tcpdf/tcpdf.php,component,index_archivos/libs/PDFMerger/tcpdf/tcpdf.php,observed,index_archivos/libs/PDFMerger/tcpdf/tcpdf.php
FILE:index_archivos/libs/bootstrap/js/bootstrap.bundle.js,component,index_archivos/libs/bootstrap/js/bootstrap.bundle.js,observed,index_archivos/libs/bootstrap/js/bootstrap.bundle.js
FILE:index_archivos/libs/bootstrap/js/bootstrap.bundle.min.js,component,index_archivos/libs/bootstrap/js/bootstrap.bundle.min.js,observed,index_archivos/libs/bootstrap/js/bootstrap.bundle.min.js
FILE:index_archivos/libs/bootstrap/js/popper.min.js,component,index_archivos/libs/bootstrap/js/popper.min.js,observed,index_archivos/libs/bootstrap/js/popper.min.js
FILE:index_archivos/libs/datatables/JSZip-2.5.0/jszip.js,component,index_archivos/libs/datatables/JSZip-2.5.0/jszip.js,observed,index_archivos/libs/datatables/JSZip-2.5.0/jszip.js
FILE:index_archivos/libs/datatables/JSZip-2.5.0/jszip.min.js,component,index_archivos/libs/datatables/JSZip-2.5.0/jszip.min.js,observed,index_archivos/libs/datatables/JSZip-2.5.0/jszip.min.js
FILE:index_archivos/libs/datatables/KeyTable-2.5.1/js/dataTables.keyTable.js,component,index_archivos/libs/datatables/KeyTable-2.5.1/js/dataTables.keyTable.js,observed,index_archivos/libs/datatables/KeyTable-2.5.1/js/dataTables.keyTable.js
FILE:index_archivos/libs/datatables/datatables.js,component,index_archivos/libs/datatables/datatables.js,observed,index_archivos/libs/datatables/datatables.js
FILE:index_archivos/libs/datatables/datatables.min.js,component,index_archivos/libs/datatables/datatables.min.js,observed,index_archivos/libs/datatables/datatables.min.js
FILE:index_archivos/libs/datatables/pdfmake-0.1.36/pdfmake.js,component,index_archivos/libs/datatables/pdfmake-0.1.36/pdfmake.js,observed,index_archivos/libs/datatables/pdfmake-0.1.36/pdfmake.js
FILE:index_archivos/libs/datatables/pdfmake-0.1.36/pdfmake.min.js,component,index_archivos/libs/datatables/pdfmake-0.1.36/pdfmake.min.js,observed,index_archivos/libs/datatables/pdfmake-0.1.36/pdfmake.min.js
FILE:index_archivos/libs/fileinput/js/fileinput.js,component,index_archivos/libs/fileinput/js/fileinput.js,observed,index_archivos/libs/fileinput/js/fileinput.js
FILE:index_archivos/libs/fileinput/js/plugins/sortable.js,component,index_archivos/libs/fileinput/js/plugins/sortable.js,observed,index_archivos/libs/fileinput/js/plugins/sortable.js
FILE:index_archivos/libs/fileinput/js/plugins/sortable.min.js,component,index_archivos/libs/fileinput/js/plugins/sortable.min.js,observed,index_archivos/libs/fileinput/js/plugins/sortable.min.js
FILE:index_archivos/libs/fontawesome/metadata/categories.yml,component,index_archivos/libs/fontawesome/metadata/categories.yml,observed,index_archivos/libs/fontawesome/metadata/categories.yml
FILE:index_archivos/libs/jquery.js,component,index_archivos/libs/jquery.js,observed,index_archivos/libs/jquery.js
FILE:index_archivos/logistica/CostosClass.php,component,index_archivos/logistica/CostosClass.php,observed,index_archivos/logistica/CostosClass.php
FILE:index_archivos/logistica/CotizacionClass.php,component,index_archivos/logistica/CotizacionClass.php,observed,index_archivos/logistica/CotizacionClass.php
FILE:index_archivos/logistica/DemisClass.php,component,index_archivos/logistica/DemisClass.php,observed,index_archivos/logistica/DemisClass.php
FILE:index_archivos/logistica/EmbarqueClass.php,component,index_archivos/logistica/EmbarqueClass.php,observed,index_archivos/logistica/EmbarqueClass.php
FILE:index_archivos/logistica/SolicitudesClass.php,component,index_archivos/logistica/SolicitudesClass.php,observed,index_archivos/logistica/SolicitudesClass.php
FILE:index_archivos/logistica/ViajesClass.php,component,index_archivos/logistica/ViajesClass.php,observed,index_archivos/logistica/ViajesClass.php
FILE:index_archivos/logistica/ajax/cargaExcelNotificacion.php,component,index_archivos/logistica/ajax/cargaExcelNotificacion.php,observed,index_archivos/logistica/ajax/cargaExcelNotificacion.php
FILE:index_archivos/logistica/ajax/embarqueNotificacion.php,component,index_archivos/logistica/ajax/embarqueNotificacion.php,observed,index_archivos/logistica/ajax/embarqueNotificacion.php
FILE:index_archivos/logistica/ajax/fechaPickupNotificacion.php,component,index_archivos/logistica/ajax/fechaPickupNotificacion.php,observed,index_archivos/logistica/ajax/fechaPickupNotificacion.php
FILE:index_archivos/logistica/ajax/finalizar-embarque.php,component,index_archivos/logistica/ajax/finalizar-embarque.php,observed,index_archivos/logistica/ajax/finalizar-embarque.php
FILE:index_archivos/logistica/ajax/nuevaSolicitudNotificacion.php,component,index_archivos/logistica/ajax/nuevaSolicitudNotificacion.php,observed,index_archivos/logistica/ajax/nuevaSolicitudNotificacion.php
FILE:index_archivos/logistica/ajax/uploadExcelListaEmpaque.php,component,index_archivos/logistica/ajax/uploadExcelListaEmpaque.php,observed,index_archivos/logistica/ajax/uploadExcelListaEmpaque.php
FILE:index_archivos/logistica/ajax/vehiculos/historialModificaciones.php,component,index_archivos/logistica/ajax/vehiculos/historialModificaciones.php,observed,index_archivos/logistica/ajax/vehiculos/historialModificaciones.php
FILE:index_archivos/logistica/componentes/embarques_detalle_gestion_aduanera.php,component,index_archivos/logistica/componentes/embarques_detalle_gestion_aduanera.php,observed,index_archivos/logistica/componentes/embarques_detalle_gestion_aduanera.php
FILE:index_archivos/logistica/componentes/embarques_nueva_gestion_aduanera.php,component,index_archivos/logistica/componentes/embarques_nueva_gestion_aduanera.php,observed,index_archivos/logistica/componentes/embarques_nueva_gestion_aduanera.php
FILE:index_archivos/logistica/componentes/embarques_ver_gestion_aduanera.php,component,index_archivos/logistica/componentes/embarques_ver_gestion_aduanera.php,observed,index_archivos/logistica/componentes/embarques_ver_gestion_aduanera.php
FILE:index_archivos/logistica/controllers/CargaMasiva.php,component,index_archivos/logistica/controllers/CargaMasiva.php,observed,index_archivos/logistica/controllers/CargaMasiva.php
FILE:index_archivos/logistica/despachoajax.php,component,index_archivos/logistica/despachoajax.php,observed,index_archivos/logistica/despachoajax.php
FILE:index_archivos/logistica/despachos.php,component,index_archivos/logistica/despachos.php,observed,index_archivos/logistica/despachos.php
FILE:index_archivos/logistica/despachover.php,component,index_archivos/logistica/despachover.php,observed,index_archivos/logistica/despachover.php
FILE:index_archivos/logistica/estado_pedidos/EstadoPedidosClass.php,component,index_archivos/logistica/estado_pedidos/EstadoPedidosClass.php,observed,index_archivos/logistica/estado_pedidos/EstadoPedidosClass.php
FILE:index_archivos/logistica/frames/costos.php,component,index_archivos/logistica/frames/costos.php,observed,index_archivos/logistica/frames/costos.php
FILE:index_archivos/logistica/frames/documentos.php,component,index_archivos/logistica/frames/documentos.php,observed,index_archivos/logistica/frames/documentos.php
FILE:index_archivos/logistica/frames/servicios-adicionales.php,component,index_archivos/logistica/frames/servicios-adicionales.php,observed,index_archivos/logistica/frames/servicios-adicionales.php
FILE:index_archivos/logistica/frames/warehouse.php,component,index_archivos/logistica/frames/warehouse.php,observed,index_archivos/logistica/frames/warehouse.php
FILE:index_archivos/logistica/vercaso.php,component,index_archivos/logistica/vercaso.php,observed,index_archivos/logistica/vercaso.php
FILE:index_archivos/menu.php,component,index_archivos/menu.php,observed,index_archivos/menu.php
FILE:index_archivos/menubs4.php,component,index_archivos/menubs4.php,observed,index_archivos/menubs4.php
FILE:index_archivos/modulos/libs/carbon/src/Carbon/CarbonPeriod.php,component,index_archivos/modulos/libs/carbon/src/Carbon/CarbonPeriod.php,observed,index_archivos/modulos/libs/carbon/src/Carbon/CarbonPeriod.php
FILE:index_archivos/modulos/rating/RatingClass.php,component,index_archivos/modulos/rating/RatingClass.php,observed,index_archivos/modulos/rating/RatingClass.php
FILE:index_archivos/nuevoinsert.php,component,index_archivos/nuevoinsert.php,observed,index_archivos/nuevoinsert.php
FILE:index_archivos/operativos/DescargaMasivaClass.php,component,index_archivos/operativos/DescargaMasivaClass.php,observed,index_archivos/operativos/DescargaMasivaClass.php
FILE:index_archivos/operativos/LogReportes.php,component,index_archivos/operativos/LogReportes.php,observed,index_archivos/operativos/LogReportes.php
FILE:index_archivos/operativos/ajax/seguimiento-parte-recepcion.php,component,index_archivos/operativos/ajax/seguimiento-parte-recepcion.php,observed,index_archivos/operativos/ajax/seguimiento-parte-recepcion.php
FILE:index_archivos/operativos/exportaciones/ConexionIntercambioDocumental.php,component,index_archivos/operativos/exportaciones/ConexionIntercambioDocumental.php,observed,index_archivos/operativos/exportaciones/ConexionIntercambioDocumental.php
FILE:index_archivos/operativos/exportaciones/ExportacionesClass.php,component,index_archivos/operativos/exportaciones/ExportacionesClass.php,observed,index_archivos/operativos/exportaciones/ExportacionesClass.php
FILE:index_archivos/operativos/exportaciones/ajax/ActualizarMICs.php,component,index_archivos/operativos/exportaciones/ajax/ActualizarMICs.php,observed,index_archivos/operativos/exportaciones/ajax/ActualizarMICs.php
FILE:index_archivos/operativos/exportaciones/ajax/ComparacionDocumentosIASA.php,component,index_archivos/operativos/exportaciones/ajax/ComparacionDocumentosIASA.php,observed,index_archivos/operativos/exportaciones/ajax/ComparacionDocumentosIASA.php
FILE:index_archivos/operativos/exportaciones/ajax/ControlTransitoAlicorp.php,component,index_archivos/operativos/exportaciones/ajax/ControlTransitoAlicorp.php,observed,index_archivos/operativos/exportaciones/ajax/ControlTransitoAlicorp.php
FILE:index_archivos/operativos/exportaciones/ajax/PagoTributosTransitorioImcruz.php,component,index_archivos/operativos/exportaciones/ajax/PagoTributosTransitorioImcruz.php,observed,index_archivos/operativos/exportaciones/ajax/PagoTributosTransitorioImcruz.php
FILE:index_archivos/operativos/exportaciones/ajax/RecepcionFisicaMICs.php,component,index_archivos/operativos/exportaciones/ajax/RecepcionFisicaMICs.php,observed,index_archivos/operativos/exportaciones/ajax/RecepcionFisicaMICs.php
FILE:index_archivos/operativos/exportaciones/ajax/reporte-scp.php,component,index_archivos/operativos/exportaciones/ajax/reporte-scp.php,observed,index_archivos/operativos/exportaciones/ajax/reporte-scp.php
FILE:index_archivos/operativos/generadorcodigocontrol.php,component,index_archivos/operativos/generadorcodigocontrol.php,observed,index_archivos/operativos/generadorcodigocontrol.php
FILE:index_archivos/operativos/generarfacturaplanillacliente1.php,component,index_archivos/operativos/generarfacturaplanillacliente1.php,observed,index_archivos/operativos/generarfacturaplanillacliente1.php
FILE:index_archivos/operativos/getIHAgencia.php,component,index_archivos/operativos/getIHAgencia.php,observed,index_archivos/operativos/getIHAgencia.php
FILE:index_archivos/operativos/historial_llamadas_excel.php,component,index_archivos/operativos/historial_llamadas_excel.php,observed,index_archivos/operativos/historial_llamadas_excel.php
FILE:index_archivos/parametros/agenteAduana/AgenteAduanaClass.php,component,index_archivos/parametros/agenteAduana/AgenteAduanaClass.php,observed,index_archivos/parametros/agenteAduana/AgenteAduanaClass.php
FILE:index_archivos/parametros/agenteAduana/ajax/enviarCorreo.php,component,index_archivos/parametros/agenteAduana/ajax/enviarCorreo.php,observed,index_archivos/parametros/agenteAduana/ajax/enviarCorreo.php
FILE:index_archivos/parametros/agenteSeguro/AgenteSeguroClass.php,component,index_archivos/parametros/agenteSeguro/AgenteSeguroClass.php,observed,index_archivos/parametros/agenteSeguro/AgenteSeguroClass.php
FILE:index_archivos/parametros/agenteTracking/agenteTrackingClass.php,component,index_archivos/parametros/agenteTracking/agenteTrackingClass.php,observed,index_archivos/parametros/agenteTracking/agenteTrackingClass.php
FILE:index_archivos/parametros/consignatario/ProveedorMercancia.php,component,index_archivos/parametros/consignatario/ProveedorMercancia.php,observed,index_archivos/parametros/consignatario/ProveedorMercancia.php
FILE:index_archivos/parametros/control_certificaciones/controladores/CommonController.php,component,index_archivos/parametros/control_certificaciones/controladores/CommonController.php,observed,index_archivos/parametros/control_certificaciones/controladores/CommonController.php
FILE:index_archivos/parametros/control_certificaciones/controladores/ControlCertificacionesController.php,component,index_archivos/parametros/control_certificaciones/controladores/ControlCertificacionesController.php,observed,index_archivos/parametros/control_certificaciones/controladores/ControlCertificacionesController.php
FILE:index_archivos/parametros/control_certificaciones/js/index.js,component,index_archivos/parametros/control_certificaciones/js/index.js,observed,index_archivos/parametros/control_certificaciones/js/index.js
FILE:index_archivos/parametros/control_certificaciones/notificaciones/notificaciones-boleta-garantia.php,component,index_archivos/parametros/control_certificaciones/notificaciones/notificaciones-boleta-garantia.php,observed,index_archivos/parametros/control_certificaciones/notificaciones/notificaciones-boleta-garantia.php
FILE:index_archivos/parametros/control_certificaciones/notificaciones/notificaciones.php,component,index_archivos/parametros/control_certificaciones/notificaciones/notificaciones.php,observed,index_archivos/parametros/control_certificaciones/notificaciones/notificaciones.php
FILE:index_archivos/parametros/control_certificaciones/notificaciones/notificaciones_mensuales.php,component,index_archivos/parametros/control_certificaciones/notificaciones/notificaciones_mensuales.php,observed,index_archivos/parametros/control_certificaciones/notificaciones/notificaciones_mensuales.php
FILE:index_archivos/parametros/control_certificaciones/notificaciones/notificaciones_semanales.php,component,index_archivos/parametros/control_certificaciones/notificaciones/notificaciones_semanales.php,observed,index_archivos/parametros/control_certificaciones/notificaciones/notificaciones_semanales.php
FILE:index_archivos/parametros/gestorTransporte/GestorTransporteClass.php,component,index_archivos/parametros/gestorTransporte/GestorTransporteClass.php,observed,index_archivos/parametros/gestorTransporte/GestorTransporteClass.php
FILE:index_archivos/parametros/gestorTransporte/ajax/enviarCorreo.php,component,index_archivos/parametros/gestorTransporte/ajax/enviarCorreo.php,observed,index_archivos/parametros/gestorTransporte/ajax/enviarCorreo.php
FILE:index_archivos/parametros/gestor_transporte/GestorTrasnporteClass.php,component,index_archivos/parametros/gestor_transporte/GestorTrasnporteClass.php,observed,index_archivos/parametros/gestor_transporte/GestorTrasnporteClass.php
FILE:index_archivos/parametros/operadortransporte/OperadorTransporte.php,component,index_archivos/parametros/operadortransporte/OperadorTransporte.php,observed,index_archivos/parametros/operadortransporte/OperadorTransporte.php
FILE:index_archivos/parametros/proveedormercancia/ProveedorMercancia.php,component,index_archivos/parametros/proveedormercancia/ProveedorMercancia.php,observed,index_archivos/parametros/proveedormercancia/ProveedorMercancia.php
FILE:index_archivos/parametros/tiemposTeoricos/ProveedorMercancia.php,component,index_archivos/parametros/tiemposTeoricos/ProveedorMercancia.php,observed,index_archivos/parametros/tiemposTeoricos/ProveedorMercancia.php
FILE:index_archivos/parametros/usuarioFirmante/UsuarioFirmante.php,component,index_archivos/parametros/usuarioFirmante/UsuarioFirmante.php,observed,index_archivos/parametros/usuarioFirmante/UsuarioFirmante.php
FILE:index_archivos/parametros/usuarioFirmante/ajax/codigo-paises.php,component,index_archivos/parametros/usuarioFirmante/ajax/codigo-paises.php,observed,index_archivos/parametros/usuarioFirmante/ajax/codigo-paises.php
FILE:index_archivos/parametros/usuarios/Usuarios.php,component,index_archivos/parametros/usuarios/Usuarios.php,observed,index_archivos/parametros/usuarios/Usuarios.php
FILE:index_archivos/php-jwt-5.2.0/src/JWT.php,component,index_archivos/php-jwt-5.2.0/src/JWT.php,observed,index_archivos/php-jwt-5.2.0/src/JWT.php
FILE:index_archivos/reporteexcel/lib/PHPExcel/PHPExcel/CachedObjectStorage/SQLite.php,component,index_archivos/reporteexcel/lib/PHPExcel/PHPExcel/CachedObjectStorage/SQLite.php,observed,index_archivos/reporteexcel/lib/PHPExcel/PHPExcel/CachedObjectStorage/SQLite.php
FILE:index_archivos/reporteexcel/lib/PHPExcel/PHPExcel/CachedObjectStorage/SQLite3.php,component,index_archivos/reporteexcel/lib/PHPExcel/PHPExcel/CachedObjectStorage/SQLite3.php,observed,index_archivos/reporteexcel/lib/PHPExcel/PHPExcel/CachedObjectStorage/SQLite3.php
FILE:index_archivos/resetpassword/ResetPassword.php,component,index_archivos/resetpassword/ResetPassword.php,observed,index_archivos/resetpassword/ResetPassword.php
FILE:index_archivos/resetpassword/js/vee-validate.js,component,index_archivos/resetpassword/js/vee-validate.js,observed,index_archivos/resetpassword/js/vee-validate.js
FILE:index_archivos/resetpassword/js/vue.js,component,index_archivos/resetpassword/js/vue.js,observed,index_archivos/resetpassword/js/vue.js
FILE:index_archivos/servicioNotificaciones/ServicioNotificacionesClass.php,component,index_archivos/servicioNotificaciones/ServicioNotificacionesClass.php,observed,index_archivos/servicioNotificaciones/ServicioNotificacionesClass.php
FILE:index_archivos/servicioNotificaciones/ajax/enviarNotificacionesID.php,component,index_archivos/servicioNotificaciones/ajax/enviarNotificacionesID.php,observed,index_archivos/servicioNotificaciones/ajax/enviarNotificacionesID.php
FILE:index_archivos/servicioNotificaciones/pusherlibs.php,component,index_archivos/servicioNotificaciones/pusherlibs.php,observed,index_archivos/servicioNotificaciones/pusherlibs.php
FILE:index_archivos/size-intercambio-documental.php,component,index_archivos/size-intercambio-documental.php,observed,index_archivos/size-intercambio-documental.php
FILE:index_archivos/solicitud.php,component,index_archivos/solicitud.php,observed,index_archivos/solicitud.php
FILE:index_archivos/tracking/OperadorTransporteClass.php,component,index_archivos/tracking/OperadorTransporteClass.php,observed,index_archivos/tracking/OperadorTransporteClass.php
FILE:index_archivos/tracking/ReporteViajesClass.php,component,index_archivos/tracking/ReporteViajesClass.php,observed,index_archivos/tracking/ReporteViajesClass.php
FILE:index_archivos/tracking/js/magnific-popup.js,component,index_archivos/tracking/js/magnific-popup.js,observed,index_archivos/tracking/js/magnific-popup.js
FILE:index_archivos/tramites_json.php,component,index_archivos/tramites_json.php,observed,index_archivos/tramites_json.php
FILE:index_archivos/usuario/historial.php,component,index_archivos/usuario/historial.php,observed,index_archivos/usuario/historial.php
FILE:index_archivos/vehiculosexcel/CargaVehiculos.php,component,index_archivos/vehiculosexcel/CargaVehiculos.php,observed,index_archivos/vehiculosexcel/CargaVehiculos.php
FILE:index_archivos/vehiculosexcel/Funciones.php,component,index_archivos/vehiculosexcel/Funciones.php,observed,index_archivos/vehiculosexcel/Funciones.php
FILE:index_archivos/vehiculosexcel/VehiculosExcel.php,component,index_archivos/vehiculosexcel/VehiculosExcel.php,observed,index_archivos/vehiculosexcel/VehiculosExcel.php
FILE:index_archivos/veriflogin.php,component,index_archivos/veriflogin.php,observed,index_archivos/veriflogin.php
FILE:index_archivos/versolicitud.php,component,index_archivos/versolicitud.php,observed,index_archivos/versolicitud.php
FILE:index_archivos/versolicituddetalle.php,component,index_archivos/versolicituddetalle.php,observed,index_archivos/versolicituddetalle.php
NONHTTP:CLI_COMMAND:index_archivos/2fa/TwoFaClass.php,trigger,CLI_COMMAND: index_archivos/2fa/TwoFaClass.php,candidate,index_archivos/2fa/TwoFaClass.php
NONHTTP:CLI_COMMAND:index_archivos/DashboardAlicorp.php,trigger,CLI_COMMAND: index_archivos/DashboardAlicorp.php,candidate,index_archivos/DashboardAlicorp.php
NONHTTP:CLI_COMMAND:index_archivos/MPDF57/classes/form.php,trigger,CLI_COMMAND: index_archivos/MPDF57/classes/form.php,candidate,index_archivos/MPDF57/classes/form.php
NONHTTP:CLI_COMMAND:index_archivos/MenuClass.php,trigger,CLI_COMMAND: index_archivos/MenuClass.php,candidate,index_archivos/MenuClass.php
NONHTTP:CLI_COMMAND:index_archivos/PDFMerger-master/tcpdf/tcpdf.php,trigger,CLI_COMMAND: index_archivos/PDFMerger-master/tcpdf/tcpdf.php,candidate,index_archivos/PDFMerger-master/tcpdf/tcpdf.php
NONHTTP:CLI_COMMAND:index_archivos/ajax/DashboardGenerico.php,trigger,CLI_COMMAND: index_archivos/ajax/DashboardGenerico.php,candidate,index_archivos/ajax/DashboardGenerico.php
NONHTTP:CLI_COMMAND:index_archivos/ajax/uploadExcelSolicitud.php,trigger,CLI_COMMAND: index_archivos/ajax/uploadExcelSolicitud.php,candidate,index_archivos/ajax/uploadExcelSolicitud.php
NONHTTP:CLI_COMMAND:index_archivos/asesoria-gestion/views/nueva-solicitud.php,trigger,CLI_COMMAND: index_archivos/asesoria-gestion/views/nueva-solicitud.php,candidate,index_archivos/asesoria-gestion/views/nueva-solicitud.php
NONHTTP:CLI_COMMAND:index_archivos/bootstrap/js/bootstrap.js,trigger,CLI_COMMAND: index_archivos/bootstrap/js/bootstrap.js,candidate,index_archivos/bootstrap/js/bootstrap.js
NONHTTP:CLI_COMMAND:index_archivos/contables/controllers/ContabilidadClass.php,trigger,CLI_COMMAND: index_archivos/contables/controllers/ContabilidadClass.php,candidate,index_archivos/contables/controllers/ContabilidadClass.php
NONHTTP:CLI_COMMAND:index_archivos/controllers/ControlAps.php,trigger,CLI_COMMAND: index_archivos/controllers/ControlAps.php,candidate,index_archivos/controllers/ControlAps.php
NONHTTP:CLI_COMMAND:index_archivos/controllers/GlobalClass.php,trigger,CLI_COMMAND: index_archivos/controllers/GlobalClass.php,candidate,index_archivos/controllers/GlobalClass.php
NONHTTP:CLI_COMMAND:index_archivos/controllers/SolicitudClass.php,trigger,CLI_COMMAND: index_archivos/controllers/SolicitudClass.php,candidate,index_archivos/controllers/SolicitudClass.php
NONHTTP:CLI_COMMAND:index_archivos/controllers/VehiculosClass.php,trigger,CLI_COMMAND: index_archivos/controllers/VehiculosClass.php,candidate,index_archivos/controllers/VehiculosClass.php
NONHTTP:CLI_COMMAND:index_archivos/coordinadores.php,trigger,CLI_COMMAND: index_archivos/coordinadores.php,candidate,index_archivos/coordinadores.php
NONHTTP:CLI_COMMAND:index_archivos/documentacion.php,trigger,CLI_COMMAND: index_archivos/documentacion.php,candidate,index_archivos/documentacion.php
NONHTTP:CLI_COMMAND:index_archivos/documentacionaprobado.php,trigger,CLI_COMMAND: index_archivos/documentacionaprobado.php,candidate,index_archivos/documentacionaprobado.php
NONHTTP:CLI_COMMAND:index_archivos/encodeUser.php,trigger,CLI_COMMAND: index_archivos/encodeUser.php,candidate,index_archivos/encodeUser.php
NONHTTP:CLI_COMMAND:index_archivos/enviarsolicitud_ajax.php,trigger,CLI_COMMAND: index_archivos/enviarsolicitud_ajax.php,candidate,index_archivos/enviarsolicitud_ajax.php
NONHTTP:CLI_COMMAND:index_archivos/finsolicitud.php,trigger,CLI_COMMAND: index_archivos/finsolicitud.php,candidate,index_archivos/finsolicitud.php
NONHTTP:CLI_COMMAND:index_archivos/intercambioDocumental/IntercambioDocumentalClass.php,trigger,CLI_COMMAND: index_archivos/intercambioDocumental/IntercambioDocumentalClass.php,candidate,index_archivos/intercambioDocumental/IntercambioDocumentalClass.php
NONHTTP:CLI_COMMAND:index_archivos/intercambioDocumental/Utils/OcrUtil.php,trigger,CLI_COMMAND: index_archivos/intercambioDocumental/Utils/OcrUtil.php,candidate,index_archivos/intercambioDocumental/Utils/OcrUtil.php
NONHTTP:CLI_COMMAND:index_archivos/intercambioDocumental/ajax/lectura-ocr-pr.php,trigger,CLI_COMMAND: index_archivos/intercambioDocumental/ajax/lectura-ocr-pr.php,candidate,index_archivos/intercambioDocumental/ajax/lectura-ocr-pr.php
NONHTTP:CLI_COMMAND:index_archivos/intercambioDocumental/ajax/lectura_documentos_iasa.php,trigger,CLI_COMMAND: index_archivos/intercambioDocumental/ajax/lectura_documentos_iasa.php,candidate,index_archivos/intercambioDocumental/ajax/lectura_documentos_iasa.php
NONHTTP:CLI_COMMAND:index_archivos/intercambioDocumental/js/datosIntercambio.js,trigger,CLI_COMMAND: index_archivos/intercambioDocumental/js/datosIntercambio.js,candidate,index_archivos/intercambioDocumental/js/datosIntercambio.js
NONHTTP:CLI_COMMAND:index_archivos/jqGrid/src/grid.formedit.js,trigger,CLI_COMMAND: index_archivos/jqGrid/src/grid.formedit.js,candidate,index_archivos/jqGrid/src/grid.formedit.js
NONHTTP:CLI_COMMAND:index_archivos/js/datatable/KeyTable-2.5.1/js/dataTables.keyTable.js,trigger,CLI_COMMAND: index_archivos/js/datatable/KeyTable-2.5.1/js/dataTables.keyTable.js,candidate,index_archivos/js/datatable/KeyTable-2.5.1/js/dataTables.keyTable.js
NONHTTP:CLI_COMMAND:index_archivos/libs/PDFMerger/PDFMerger-master/tcpdf/tcpdf.php,trigger,CLI_COMMAND: index_archivos/libs/PDFMerger/PDFMerger-master/tcpdf/tcpdf.php,candidate,index_archivos/libs/PDFMerger/PDFMerger-master/tcpdf/tcpdf.php
NONHTTP:CLI_COMMAND:index_archivos/libs/PDFMerger/tcpdf/tcpdf.php,trigger,CLI_COMMAND: index_archivos/libs/PDFMerger/tcpdf/tcpdf.php,candidate,index_archivos/libs/PDFMerger/tcpdf/tcpdf.php
NONHTTP:CLI_COMMAND:index_archivos/libs/datatables/KeyTable-2.5.1/js/dataTables.keyTable.js,trigger,CLI_COMMAND: index_archivos/libs/datatables/KeyTable-2.5.1/js/dataTables.keyTable.js,candidate,index_archivos/libs/datatables/KeyTable-2.5.1/js/dataTables.keyTable.js
NONHTTP:CLI_COMMAND:index_archivos/libs/fontawesome/metadata/categories.yml,trigger,CLI_COMMAND: index_archivos/libs/fontawesome/metadata/categories.yml,candidate,index_archivos/libs/fontawesome/metadata/categories.yml
NONHTTP:CLI_COMMAND:index_archivos/logistica/CostosClass.php,trigger,CLI_COMMAND: index_archivos/logistica/CostosClass.php,candidate,index_archivos/logistica/CostosClass.php
NONHTTP:CLI_COMMAND:index_archivos/logistica/CotizacionClass.php,trigger,CLI_COMMAND: index_archivos/logistica/CotizacionClass.php,candidate,index_archivos/logistica/CotizacionClass.php
NONHTTP:CLI_COMMAND:index_archivos/logistica/DemisClass.php,trigger,CLI_COMMAND: index_archivos/logistica/DemisClass.php,candidate,index_archivos/logistica/DemisClass.php
NONHTTP:CLI_COMMAND:index_archivos/logistica/EmbarqueClass.php,trigger,CLI_COMMAND: index_archivos/logistica/EmbarqueClass.php,candidate,index_archivos/logistica/EmbarqueClass.php
NONHTTP:CLI_COMMAND:index_archivos/logistica/SolicitudesClass.php,trigger,CLI_COMMAND: index_archivos/logistica/SolicitudesClass.php,candidate,index_archivos/logistica/SolicitudesClass.php
NONHTTP:CLI_COMMAND:index_archivos/logistica/ViajesClass.php,trigger,CLI_COMMAND: index_archivos/logistica/ViajesClass.php,candidate,index_archivos/logistica/ViajesClass.php
NONHTTP:CLI_COMMAND:index_archivos/logistica/ajax/cargaExcelNotificacion.php,trigger,CLI_COMMAND: index_archivos/logistica/ajax/cargaExcelNotificacion.php,candidate,index_archivos/logistica/ajax/cargaExcelNotificacion.php
NONHTTP:CLI_COMMAND:index_archivos/logistica/ajax/embarqueNotificacion.php,trigger,CLI_COMMAND: index_archivos/logistica/ajax/embarqueNotificacion.php,candidate,index_archivos/logistica/ajax/embarqueNotificacion.php
NONHTTP:CLI_COMMAND:index_archivos/logistica/ajax/fechaPickupNotificacion.php,trigger,CLI_COMMAND: index_archivos/logistica/ajax/fechaPickupNotificacion.php,candidate,index_archivos/logistica/ajax/fechaPickupNotificacion.php
NONHTTP:CLI_COMMAND:index_archivos/logistica/ajax/finalizar-embarque.php,trigger,CLI_COMMAND: index_archivos/logistica/ajax/finalizar-embarque.php,candidate,index_archivos/logistica/ajax/finalizar-embarque.php
NONHTTP:CLI_COMMAND:index_archivos/logistica/ajax/nuevaSolicitudNotificacion.php,trigger,CLI_COMMAND: index_archivos/logistica/ajax/nuevaSolicitudNotificacion.php,candidate,index_archivos/logistica/ajax/nuevaSolicitudNotificacion.php
NONHTTP:CLI_COMMAND:index_archivos/logistica/ajax/uploadExcelListaEmpaque.php,trigger,CLI_COMMAND: index_archivos/logistica/ajax/uploadExcelListaEmpaque.php,candidate,index_archivos/logistica/ajax/uploadExcelListaEmpaque.php
NONHTTP:CLI_COMMAND:index_archivos/logistica/ajax/vehiculos/historialModificaciones.php,trigger,CLI_COMMAND: index_archivos/logistica/ajax/vehiculos/historialModificaciones.php,candidate,index_archivos/logistica/ajax/vehiculos/historialModificaciones.php
NONHTTP:CLI_COMMAND:index_archivos/logistica/componentes/embarques_detalle_gestion_aduanera.php,trigger,CLI_COMMAND: index_archivos/logistica/componentes/embarques_detalle_gestion_aduanera.php,candidate,index_archivos/logistica/componentes/embarques_detalle_gestion_aduanera.php
NONHTTP:CLI_COMMAND:index_archivos/logistica/componentes/embarques_nueva_gestion_aduanera.php,trigger,CLI_COMMAND: index_archivos/logistica/componentes/embarques_nueva_gestion_aduanera.php,candidate,index_archivos/logistica/componentes/embarques_nueva_gestion_aduanera.php
NONHTTP:CLI_COMMAND:index_archivos/logistica/componentes/embarques_ver_gestion_aduanera.php,trigger,CLI_COMMAND: index_archivos/logistica/componentes/embarques_ver_gestion_aduanera.php,candidate,index_archivos/logistica/componentes/embarques_ver_gestion_aduanera.php
NONHTTP:CLI_COMMAND:index_archivos/logistica/controllers/CargaMasiva.php,trigger,CLI_COMMAND: index_archivos/logistica/controllers/CargaMasiva.php,candidate,index_archivos/logistica/controllers/CargaMasiva.php
NONHTTP:CLI_COMMAND:index_archivos/logistica/despachos.php,trigger,CLI_COMMAND: index_archivos/logistica/despachos.php,candidate,index_archivos/logistica/despachos.php
NONHTTP:CLI_COMMAND:index_archivos/logistica/despachover.php,trigger,CLI_COMMAND: index_archivos/logistica/despachover.php,candidate,index_archivos/logistica/despachover.php
NONHTTP:CLI_COMMAND:index_archivos/logistica/estado_pedidos/EstadoPedidosClass.php,trigger,CLI_COMMAND: index_archivos/logistica/estado_pedidos/EstadoPedidosClass.php,candidate,index_archivos/logistica/estado_pedidos/EstadoPedidosClass.php
NONHTTP:CLI_COMMAND:index_archivos/logistica/frames/costos.php,trigger,CLI_COMMAND: index_archivos/logistica/frames/costos.php,candidate,index_archivos/logistica/frames/costos.php
NONHTTP:CLI_COMMAND:index_archivos/logistica/frames/documentos.php,trigger,CLI_COMMAND: index_archivos/logistica/frames/documentos.php,candidate,index_archivos/logistica/frames/documentos.php
NONHTTP:CLI_COMMAND:index_archivos/logistica/frames/servicios-adicionales.php,trigger,CLI_COMMAND: index_archivos/logistica/frames/servicios-adicionales.php,candidate,index_archivos/logistica/frames/servicios-adicionales.php
NONHTTP:CLI_COMMAND:index_archivos/menu.php,trigger,CLI_COMMAND: index_archivos/menu.php,candidate,index_archivos/menu.php
NONHTTP:CLI_COMMAND:index_archivos/menubs4.php,trigger,CLI_COMMAND: index_archivos/menubs4.php,candidate,index_archivos/menubs4.php
NONHTTP:CLI_COMMAND:index_archivos/modulos/rating/RatingClass.php,trigger,CLI_COMMAND: index_archivos/modulos/rating/RatingClass.php,candidate,index_archivos/modulos/rating/RatingClass.php
NONHTTP:CLI_COMMAND:index_archivos/nuevoinsert.php,trigger,CLI_COMMAND: index_archivos/nuevoinsert.php,candidate,index_archivos/nuevoinsert.php
NONHTTP:CLI_COMMAND:index_archivos/operativos/DescargaMasivaClass.php,trigger,CLI_COMMAND: index_archivos/operativos/DescargaMasivaClass.php,candidate,index_archivos/operativos/DescargaMasivaClass.php
NONHTTP:CLI_COMMAND:index_archivos/operativos/LogReportes.php,trigger,CLI_COMMAND: index_archivos/operativos/LogReportes.php,candidate,index_archivos/operativos/LogReportes.php
NONHTTP:CLI_COMMAND:index_archivos/operativos/ajax/seguimiento-parte-recepcion.php,trigger,CLI_COMMAND: index_archivos/operativos/ajax/seguimiento-parte-recepcion.php,candidate,index_archivos/operativos/ajax/seguimiento-parte-recepcion.php
NONHTTP:CLI_COMMAND:index_archivos/operativos/exportaciones/ExportacionesClass.php,trigger,CLI_COMMAND: index_archivos/operativos/exportaciones/ExportacionesClass.php,candidate,index_archivos/operativos/exportaciones/ExportacionesClass.php
NONHTTP:CLI_COMMAND:index_archivos/operativos/exportaciones/ajax/ActualizarMICs.php,trigger,CLI_COMMAND: index_archivos/operativos/exportaciones/ajax/ActualizarMICs.php,candidate,index_archivos/operativos/exportaciones/ajax/ActualizarMICs.php
NONHTTP:CLI_COMMAND:index_archivos/operativos/exportaciones/ajax/PagoTributosTransitorioImcruz.php,trigger,CLI_COMMAND: index_archivos/operativos/exportaciones/ajax/PagoTributosTransitorioImcruz.php,candidate,index_archivos/operativos/exportaciones/ajax/PagoTributosTransitorioImcruz.php
NONHTTP:CLI_COMMAND:index_archivos/operativos/exportaciones/ajax/RecepcionFisicaMICs.php,trigger,CLI_COMMAND: index_archivos/operativos/exportaciones/ajax/RecepcionFisicaMICs.php,candidate,index_archivos/operativos/exportaciones/ajax/RecepcionFisicaMICs.php
NONHTTP:CLI_COMMAND:index_archivos/operativos/exportaciones/ajax/reporte-scp.php,trigger,CLI_COMMAND: index_archivos/operativos/exportaciones/ajax/reporte-scp.php,candidate,index_archivos/operativos/exportaciones/ajax/reporte-scp.php
NONHTTP:CLI_COMMAND:index_archivos/operativos/generarfacturaplanillacliente1.php,trigger,CLI_COMMAND: index_archivos/operativos/generarfacturaplanillacliente1.php,candidate,index_archivos/operativos/generarfacturaplanillacliente1.php
NONHTTP:CLI_COMMAND:index_archivos/operativos/getIHAgencia.php,trigger,CLI_COMMAND: index_archivos/operativos/getIHAgencia.php,candidate,index_archivos/operativos/getIHAgencia.php
NONHTTP:CLI_COMMAND:index_archivos/operativos/historial_llamadas_excel.php,trigger,CLI_COMMAND: index_archivos/operativos/historial_llamadas_excel.php,candidate,index_archivos/operativos/historial_llamadas_excel.php
NONHTTP:CLI_COMMAND:index_archivos/parametros/agenteAduana/AgenteAduanaClass.php,trigger,CLI_COMMAND: index_archivos/parametros/agenteAduana/AgenteAduanaClass.php,candidate,index_archivos/parametros/agenteAduana/AgenteAduanaClass.php
NONHTTP:CLI_COMMAND:index_archivos/parametros/agenteAduana/ajax/enviarCorreo.php,trigger,CLI_COMMAND: index_archivos/parametros/agenteAduana/ajax/enviarCorreo.php,candidate,index_archivos/parametros/agenteAduana/ajax/enviarCorreo.php
NONHTTP:CLI_COMMAND:index_archivos/parametros/agenteSeguro/AgenteSeguroClass.php,trigger,CLI_COMMAND: index_archivos/parametros/agenteSeguro/AgenteSeguroClass.php,candidate,index_archivos/parametros/agenteSeguro/AgenteSeguroClass.php
NONHTTP:CLI_COMMAND:index_archivos/parametros/agenteTracking/agenteTrackingClass.php,trigger,CLI_COMMAND: index_archivos/parametros/agenteTracking/agenteTrackingClass.php,candidate,index_archivos/parametros/agenteTracking/agenteTrackingClass.php
NONHTTP:CLI_COMMAND:index_archivos/parametros/consignatario/ProveedorMercancia.php,trigger,CLI_COMMAND: index_archivos/parametros/consignatario/ProveedorMercancia.php,candidate,index_archivos/parametros/consignatario/ProveedorMercancia.php
NONHTTP:CLI_COMMAND:index_archivos/parametros/control_certificaciones/controladores/CommonController.php,trigger,CLI_COMMAND: index_archivos/parametros/control_certificaciones/controladores/CommonController.php,candidate,index_archivos/parametros/control_certificaciones/controladores/CommonController.php
NONHTTP:CLI_COMMAND:index_archivos/parametros/control_certificaciones/controladores/ControlCertificacionesController.php,trigger,CLI_COMMAND: index_archivos/parametros/control_certificaciones/controladores/ControlCertificacionesController.php,candidate,index_archivos/parametros/control_certificaciones/controladores/ControlCertificacionesController.php
NONHTTP:CLI_COMMAND:index_archivos/parametros/control_certificaciones/notificaciones/notificaciones.php,trigger,CLI_COMMAND: index_archivos/parametros/control_certificaciones/notificaciones/notificaciones.php,candidate,index_archivos/parametros/control_certificaciones/notificaciones/notificaciones.php
NONHTTP:CLI_COMMAND:index_archivos/parametros/control_certificaciones/notificaciones/notificaciones_mensuales.php,trigger,CLI_COMMAND: index_archivos/parametros/control_certificaciones/notificaciones/notificaciones_mensuales.php,candidate,index_archivos/parametros/control_certificaciones/notificaciones/notificaciones_mensuales.php
NONHTTP:CLI_COMMAND:index_archivos/parametros/control_certificaciones/notificaciones/notificaciones_semanales.php,trigger,CLI_COMMAND: index_archivos/parametros/control_certificaciones/notificaciones/notificaciones_semanales.php,candidate,index_archivos/parametros/control_certificaciones/notificaciones/notificaciones_semanales.php
NONHTTP:CLI_COMMAND:index_archivos/parametros/gestorTransporte/GestorTransporteClass.php,trigger,CLI_COMMAND: index_archivos/parametros/gestorTransporte/GestorTransporteClass.php,candidate,index_archivos/parametros/gestorTransporte/GestorTransporteClass.php
NONHTTP:CLI_COMMAND:index_archivos/parametros/gestorTransporte/ajax/enviarCorreo.php,trigger,CLI_COMMAND: index_archivos/parametros/gestorTransporte/ajax/enviarCorreo.php,candidate,index_archivos/parametros/gestorTransporte/ajax/enviarCorreo.php
NONHTTP:CLI_COMMAND:index_archivos/parametros/operadortransporte/OperadorTransporte.php,trigger,CLI_COMMAND: index_archivos/parametros/operadortransporte/OperadorTransporte.php,candidate,index_archivos/parametros/operadortransporte/OperadorTransporte.php
NONHTTP:CLI_COMMAND:index_archivos/parametros/proveedormercancia/ProveedorMercancia.php,trigger,CLI_COMMAND: index_archivos/parametros/proveedormercancia/ProveedorMercancia.php,candidate,index_archivos/parametros/proveedormercancia/ProveedorMercancia.php
NONHTTP:CLI_COMMAND:index_archivos/parametros/usuarioFirmante/UsuarioFirmante.php,trigger,CLI_COMMAND: index_archivos/parametros/usuarioFirmante/UsuarioFirmante.php,candidate,index_archivos/parametros/usuarioFirmante/UsuarioFirmante.php
NONHTTP:CLI_COMMAND:index_archivos/parametros/usuarios/Usuarios.php,trigger,CLI_COMMAND: index_archivos/parametros/usuarios/Usuarios.php,candidate,index_archivos/parametros/usuarios/Usuarios.php
NONHTTP:CLI_COMMAND:index_archivos/resetpassword/ResetPassword.php,trigger,CLI_COMMAND: index_archivos/resetpassword/ResetPassword.php,candidate,index_archivos/resetpassword/ResetPassword.php
NONHTTP:CLI_COMMAND:index_archivos/servicioNotificaciones/ServicioNotificacionesClass.php,trigger,CLI_COMMAND: index_archivos/servicioNotificaciones/ServicioNotificacionesClass.php,candidate,index_archivos/servicioNotificaciones/ServicioNotificacionesClass.php
NONHTTP:CLI_COMMAND:index_archivos/servicioNotificaciones/ajax/enviarNotificacionesID.php,trigger,CLI_COMMAND: index_archivos/servicioNotificaciones/ajax/enviarNotificacionesID.php,candidate,index_archivos/servicioNotificaciones/ajax/enviarNotificacionesID.php
NONHTTP:CLI_COMMAND:index_archivos/size-intercambio-documental.php,trigger,CLI_COMMAND: index_archivos/size-intercambio-documental.php,candidate,index_archivos/size-intercambio-documental.php
NONHTTP:CLI_COMMAND:index_archivos/solicitud.php,trigger,CLI_COMMAND: index_archivos/solicitud.php,candidate,index_archivos/solicitud.php
NONHTTP:CLI_COMMAND:index_archivos/tracking/OperadorTransporteClass.php,trigger,CLI_COMMAND: index_archivos/tracking/OperadorTransporteClass.php,candidate,index_archivos/tracking/OperadorTransporteClass.php
NONHTTP:CLI_COMMAND:index_archivos/tracking/ReporteViajesClass.php,trigger,CLI_COMMAND: index_archivos/tracking/ReporteViajesClass.php,candidate,index_archivos/tracking/ReporteViajesClass.php
NONHTTP:CLI_COMMAND:index_archivos/usuario/historial.php,trigger,CLI_COMMAND: index_archivos/usuario/historial.php,candidate,index_archivos/usuario/historial.php
NONHTTP:CLI_COMMAND:index_archivos/vehiculosexcel/CargaVehiculos.php,trigger,CLI_COMMAND: index_archivos/vehiculosexcel/CargaVehiculos.php,candidate,index_archivos/vehiculosexcel/CargaVehiculos.php
NONHTTP:CLI_COMMAND:index_archivos/vehiculosexcel/Funciones.php,trigger,CLI_COMMAND: index_archivos/vehiculosexcel/Funciones.php,candidate,index_archivos/vehiculosexcel/Funciones.php
NONHTTP:CLI_COMMAND:index_archivos/vehiculosexcel/VehiculosExcel.php,trigger,CLI_COMMAND: index_archivos/vehiculosexcel/VehiculosExcel.php,candidate,index_archivos/vehiculosexcel/VehiculosExcel.php
NONHTTP:CLI_COMMAND:index_archivos/veriflogin.php,trigger,CLI_COMMAND: index_archivos/veriflogin.php,candidate,index_archivos/veriflogin.php
NONHTTP:CLI_COMMAND:index_archivos/versolicitud.php,trigger,CLI_COMMAND: index_archivos/versolicitud.php,candidate,index_archivos/versolicitud.php
NONHTTP:CLI_COMMAND:index_archivos/versolicituddetalle.php,trigger,CLI_COMMAND: index_archivos/versolicituddetalle.php,candidate,index_archivos/versolicituddetalle.php
NONHTTP:EVENT_CONSUMER:index_archivos/jqGrid/cssui/external/jquery/jquery.js,trigger,EVENT_CONSUMER: index_archivos/jqGrid/cssui/external/jquery/jquery.js,candidate,index_archivos/jqGrid/cssui/external/jquery/jquery.js
NONHTTP:EVENT_CONSUMER:index_archivos/jqGrid/ui/external/jquery/jquery.js,trigger,EVENT_CONSUMER: index_archivos/jqGrid/ui/external/jquery/jquery.js,candidate,index_archivos/jqGrid/ui/external/jquery/jquery.js
NONHTTP:EVENT_CONSUMER:index_archivos/jquery-ui/external/jquery/jquery.js,trigger,EVENT_CONSUMER: index_archivos/jquery-ui/external/jquery/jquery.js,candidate,index_archivos/jquery-ui/external/jquery/jquery.js
NONHTTP:EVENT_CONSUMER:index_archivos/js/axios.min.js,trigger,EVENT_CONSUMER: index_archivos/js/axios.min.js,candidate,index_archivos/js/axios.min.js
NONHTTP:EVENT_CONSUMER:index_archivos/js/ext-all-debug.js,trigger,EVENT_CONSUMER: index_archivos/js/ext-all-debug.js,candidate,index_archivos/js/ext-all-debug.js
NONHTTP:EVENT_CONSUMER:index_archivos/js/jquery.easyui.min.js,trigger,EVENT_CONSUMER: index_archivos/js/jquery.easyui.min.js,candidate,index_archivos/js/jquery.easyui.min.js
NONHTTP:EVENT_CONSUMER:index_archivos/js/jquery.js,trigger,EVENT_CONSUMER: index_archivos/js/jquery.js,candidate,index_archivos/js/jquery.js
NONHTTP:EVENT_CONSUMER:index_archivos/js/scripts/knockout-2.2.1.js,trigger,EVENT_CONSUMER: index_archivos/js/scripts/knockout-2.2.1.js,candidate,index_archivos/js/scripts/knockout-2.2.1.js
NONHTTP:EVENT_CONSUMER:index_archivos/js/spreadsjs/external/angular.1.0.8.js,trigger,EVENT_CONSUMER: index_archivos/js/spreadsjs/external/angular.1.0.8.js,candidate,index_archivos/js/spreadsjs/external/angular.1.0.8.js
NONHTTP:EVENT_CONSUMER:index_archivos/js/spreadsjs/external/angular.1.2.22.js,trigger,EVENT_CONSUMER: index_archivos/js/spreadsjs/external/angular.1.2.22.js,candidate,index_archivos/js/spreadsjs/external/angular.1.2.22.js
NONHTTP:EVENT_CONSUMER:index_archivos/js/spreadsjs/external/jquery-1.11.1.js,trigger,EVENT_CONSUMER: index_archivos/js/spreadsjs/external/jquery-1.11.1.js,candidate,index_archivos/js/spreadsjs/external/jquery-1.11.1.js
NONHTTP:EVENT_CONSUMER:index_archivos/js/spreadsjs/external/jquery-1.8.2.js,trigger,EVENT_CONSUMER: index_archivos/js/spreadsjs/external/jquery-1.8.2.js,candidate,index_archivos/js/spreadsjs/external/jquery-1.8.2.js
NONHTTP:EVENT_CONSUMER:index_archivos/js/spreadsjs/external/jquery-1.8.2.min.js,trigger,EVENT_CONSUMER: index_archivos/js/spreadsjs/external/jquery-1.8.2.min.js,candidate,index_archivos/js/spreadsjs/external/jquery-1.8.2.min.js
NONHTTP:EVENT_CONSUMER:index_archivos/js/spreadsjs/external/jquery-1.9.1.js,trigger,EVENT_CONSUMER: index_archivos/js/spreadsjs/external/jquery-1.9.1.js,candidate,index_archivos/js/spreadsjs/external/jquery-1.9.1.js
NONHTTP:EVENT_CONSUMER:index_archivos/js/spreadsjs/external/jquery-1.9.1.min.js,trigger,EVENT_CONSUMER: index_archivos/js/spreadsjs/external/jquery-1.9.1.min.js,candidate,index_archivos/js/spreadsjs/external/jquery-1.9.1.min.js
NONHTTP:EVENT_CONSUMER:index_archivos/js/spreadsjs/external/jquery-2.0.2.js,trigger,EVENT_CONSUMER: index_archivos/js/spreadsjs/external/jquery-2.0.2.js,candidate,index_archivos/js/spreadsjs/external/jquery-2.0.2.js
NONHTTP:EVENT_CONSUMER:index_archivos/js/spreadsjs/external/jquery-2.1.1.js,trigger,EVENT_CONSUMER: index_archivos/js/spreadsjs/external/jquery-2.1.1.js,candidate,index_archivos/js/spreadsjs/external/jquery-2.1.1.js
NONHTTP:EVENT_CONSUMER:index_archivos/js/spreadsjs/external/knockout-2.1.0.debug.js,trigger,EVENT_CONSUMER: index_archivos/js/spreadsjs/external/knockout-2.1.0.debug.js,candidate,index_archivos/js/spreadsjs/external/knockout-2.1.0.debug.js
NONHTTP:EVENT_CONSUMER:index_archivos/js/spreadsjs/external/knockout-2.2.0.js,trigger,EVENT_CONSUMER: index_archivos/js/spreadsjs/external/knockout-2.2.0.js,candidate,index_archivos/js/spreadsjs/external/knockout-2.2.0.js
NONHTTP:EVENT_CONSUMER:index_archivos/js/spreadsjs/external/knockout-3.1.0.js,trigger,EVENT_CONSUMER: index_archivos/js/spreadsjs/external/knockout-3.1.0.js,candidate,index_archivos/js/spreadsjs/external/knockout-3.1.0.js
NONHTTP:EVENT_CONSUMER:index_archivos/js/spreadsjs/scripts/pluggable/jquery.wijmo.wijspread.calc.3.20151.16.js,trigger,EVENT_CONSUMER: index_archivos/js/spreadsjs/scripts/pluggable/jquery.wijmo.wijspread.calc.3.20151.16.js,candidate,index_archivos/js/spreadsjs/scripts/pluggable/jquery.wijmo.wijspread.calc.3.20151.16.js
NONHTTP:EVENT_CONSUMER:index_archivos/js/spreadsjs/scripts/pluggable/jquery.wijmo.wijspread.core.3.20151.16.js,trigger,EVENT_CONSUMER: index_archivos/js/spreadsjs/scripts/pluggable/jquery.wijmo.wijspread.core.3.20151.16.js,candidate,index_archivos/js/spreadsjs/scripts/pluggable/jquery.wijmo.wijspread.core.3.20151.16.js
NONHTTP:EVENT_CONSUMER:index_archivos/js/spreadsjs/scripts/pluggable/jquery.wijmo.wijspread.filter.3.20151.16.js,trigger,EVENT_CONSUMER: index_archivos/js/spreadsjs/scripts/pluggable/jquery.wijmo.wijspread.filter.3.20151.16.js,candidate,index_archivos/js/spreadsjs/scripts/pluggable/jquery.wijmo.wijspread.filter.3.20151.16.js
NONHTTP:EVENT_CONSUMER:index_archivos/libs/fileinput/js/fileinput.js,trigger,EVENT_CONSUMER: index_archivos/libs/fileinput/js/fileinput.js,candidate,index_archivos/libs/fileinput/js/fileinput.js
NONHTTP:EVENT_CONSUMER:index_archivos/libs/fileinput/js/plugins/sortable.js,trigger,EVENT_CONSUMER: index_archivos/libs/fileinput/js/plugins/sortable.js,candidate,index_archivos/libs/fileinput/js/plugins/sortable.js
NONHTTP:EVENT_CONSUMER:index_archivos/libs/fileinput/js/plugins/sortable.min.js,trigger,EVENT_CONSUMER: index_archivos/libs/fileinput/js/plugins/sortable.min.js,candidate,index_archivos/libs/fileinput/js/plugins/sortable.min.js
NONHTTP:EVENT_CONSUMER:index_archivos/libs/jquery.js,trigger,EVENT_CONSUMER: index_archivos/libs/jquery.js,candidate,index_archivos/libs/jquery.js
NONHTTP:EVENT_CONSUMER:index_archivos/resetpassword/js/vee-validate.js,trigger,EVENT_CONSUMER: index_archivos/resetpassword/js/vee-validate.js,candidate,index_archivos/resetpassword/js/vee-validate.js
NONHTTP:EVENT_CONSUMER:index_archivos/servicioNotificaciones/pusherlibs.php,trigger,EVENT_CONSUMER: index_archivos/servicioNotificaciones/pusherlibs.php,candidate,index_archivos/servicioNotificaciones/pusherlibs.php
NONHTTP:EVENT_CONSUMER:index_archivos/tracking/js/magnific-popup.js,trigger,EVENT_CONSUMER: index_archivos/tracking/js/magnific-popup.js,candidate,index_archivos/tracking/js/magnific-popup.js
NONHTTP:QUEUE_WORKER:index_archivos/jqGrid/js/jqgridExcelExportClientSide-libs.js,trigger,QUEUE_WORKER: index_archivos/jqGrid/js/jqgridExcelExportClientSide-libs.js,candidate,index_archivos/jqGrid/js/jqgridExcelExportClientSide-libs.js
NONHTTP:QUEUE_WORKER:index_archivos/jqGrid/js/jquery.jqGrid.src.js,trigger,QUEUE_WORKER: index_archivos/jqGrid/js/jquery.jqGrid.src.js,candidate,index_archivos/jqGrid/js/jquery.jqGrid.src.js
NONHTTP:QUEUE_WORKER:index_archivos/jqGrid/src/jquery.jqGrid.js,trigger,QUEUE_WORKER: index_archivos/jqGrid/src/jquery.jqGrid.js,candidate,index_archivos/jqGrid/src/jquery.jqGrid.js
NONHTTP:SCHEDULED_TASK:.data_base/asgard.sql,trigger,SCHEDULED_TASK: .data_base/asgard.sql,candidate,.data_base/asgard.sql
NONHTTP:SCHEDULED_TASK:index_archivos/MPDF57/mpdf.php,trigger,SCHEDULED_TASK: index_archivos/MPDF57/mpdf.php,candidate,index_archivos/MPDF57/mpdf.php
NONHTTP:SCHEDULED_TASK:index_archivos/js/datatable/datatables.js,trigger,SCHEDULED_TASK: index_archivos/js/datatable/datatables.js,candidate,index_archivos/js/datatable/datatables.js
NONHTTP:SCHEDULED_TASK:index_archivos/js/datatable/datatables.min.js,trigger,SCHEDULED_TASK: index_archivos/js/datatable/datatables.min.js,candidate,index_archivos/js/datatable/datatables.min.js
NONHTTP:SCHEDULED_TASK:index_archivos/js/datatable/pdfmake-0.1.36/pdfmake.js,trigger,SCHEDULED_TASK: index_archivos/js/datatable/pdfmake-0.1.36/pdfmake.js,candidate,index_archivos/js/datatable/pdfmake-0.1.36/pdfmake.js
NONHTTP:SCHEDULED_TASK:index_archivos/js/datatable/pdfmake-0.1.36/pdfmake.min.js,trigger,SCHEDULED_TASK: index_archivos/js/datatable/pdfmake-0.1.36/pdfmake.min.js,candidate,index_archivos/js/datatable/pdfmake-0.1.36/pdfmake.min.js
NONHTTP:SCHEDULED_TASK:index_archivos/js/kendo.web.min.js,trigger,SCHEDULED_TASK: index_archivos/js/kendo.web.min.js,candidate,index_archivos/js/kendo.web.min.js
NONHTTP:SCHEDULED_TASK:index_archivos/js/spreadsjs/external/breeze.debug.js,trigger,SCHEDULED_TASK: index_archivos/js/spreadsjs/external/breeze.debug.js,candidate,index_archivos/js/spreadsjs/external/breeze.debug.js
NONHTTP:SCHEDULED_TASK:index_archivos/js/spreadsjs/scripts/jquery.wijmo.wijspread.3.20151.16.js,trigger,SCHEDULED_TASK: index_archivos/js/spreadsjs/scripts/jquery.wijmo.wijspread.3.20151.16.js,candidate,index_archivos/js/spreadsjs/scripts/jquery.wijmo.wijspread.3.20151.16.js
NONHTTP:SCHEDULED_TASK:index_archivos/js/spreadsjs/scripts/jquery.wijmo.wijspread.all.3.20151.16.js,trigger,SCHEDULED_TASK: index_archivos/js/spreadsjs/scripts/jquery.wijmo.wijspread.all.3.20151.16.js,candidate,index_archivos/js/spreadsjs/scripts/jquery.wijmo.wijspread.all.3.20151.16.js
NONHTTP:SCHEDULED_TASK:index_archivos/js/spreadsjs/scripts/jquery.wijmo.wijspread.functions.3.20151.16.js,trigger,SCHEDULED_TASK: index_archivos/js/spreadsjs/scripts/jquery.wijmo.wijspread.functions.3.20151.16.js,candidate,index_archivos/js/spreadsjs/scripts/jquery.wijmo.wijspread.functions.3.20151.16.js
NONHTTP:SCHEDULED_TASK:index_archivos/js/spreadsjs/scripts/pluggable/jquery.wijmo.wijspread.calc.functions.3.20151.16.js,trigger,SCHEDULED_TASK: index_archivos/js/spreadsjs/scripts/pluggable/jquery.wijmo.wijspread.calc.functions.3.20151.16.js,candidate,index_archivos/js/spreadsjs/scripts/pluggable/jquery.wijmo.wijspread.calc.functions.3.20151.16.js
NONHTTP:SCHEDULED_TASK:index_archivos/libs/bootstrap/js/bootstrap.bundle.js,trigger,SCHEDULED_TASK: index_archivos/libs/bootstrap/js/bootstrap.bundle.js,candidate,index_archivos/libs/bootstrap/js/bootstrap.bundle.js
NONHTTP:SCHEDULED_TASK:index_archivos/libs/bootstrap/js/bootstrap.bundle.min.js,trigger,SCHEDULED_TASK: index_archivos/libs/bootstrap/js/bootstrap.bundle.min.js,candidate,index_archivos/libs/bootstrap/js/bootstrap.bundle.min.js
NONHTTP:SCHEDULED_TASK:index_archivos/libs/bootstrap/js/popper.min.js,trigger,SCHEDULED_TASK: index_archivos/libs/bootstrap/js/popper.min.js,candidate,index_archivos/libs/bootstrap/js/popper.min.js
NONHTTP:SCHEDULED_TASK:index_archivos/libs/datatables/datatables.js,trigger,SCHEDULED_TASK: index_archivos/libs/datatables/datatables.js,candidate,index_archivos/libs/datatables/datatables.js
NONHTTP:SCHEDULED_TASK:index_archivos/libs/datatables/datatables.min.js,trigger,SCHEDULED_TASK: index_archivos/libs/datatables/datatables.min.js,candidate,index_archivos/libs/datatables/datatables.min.js
NONHTTP:SCHEDULED_TASK:index_archivos/libs/datatables/pdfmake-0.1.36/pdfmake.js,trigger,SCHEDULED_TASK: index_archivos/libs/datatables/pdfmake-0.1.36/pdfmake.js,candidate,index_archivos/libs/datatables/pdfmake-0.1.36/pdfmake.js
NONHTTP:SCHEDULED_TASK:index_archivos/libs/datatables/pdfmake-0.1.36/pdfmake.min.js,trigger,SCHEDULED_TASK: index_archivos/libs/datatables/pdfmake-0.1.36/pdfmake.min.js,candidate,index_archivos/libs/datatables/pdfmake-0.1.36/pdfmake.min.js
NONHTTP:SCHEDULED_TASK:index_archivos/parametros/control_certificaciones/notificaciones/notificaciones-boleta-garantia.php,trigger,SCHEDULED_TASK: index_archivos/parametros/control_certificaciones/notificaciones/notificaciones-boleta-garantia.php,candidate,index_archivos/parametros/control_certificaciones/notificaciones/notificaciones-boleta-garantia.php
NONHTTP:SCHEDULED_TASK:index_archivos/resetpassword/js/vue.js,trigger,SCHEDULED_TASK: index_archivos/resetpassword/js/vue.js,candidate,index_archivos/resetpassword/js/vue.js
STATE:-1,state,'-1,observed,
STATE:0,state,0,observed,
STATE:1,state,1,observed,
STATE:100,state,100,observed,
STATE:2,state,2,observed,
STATE:200,state,200,observed,
STATE:204,state,204,observed,
STATE:3,state,3,observed,
STATE:4,state,4,observed,
STATE:404,state,404,observed,
STATE:405,state,405,observed,
STATE:5,state,5,observed,
STATE:ABORTED,state,ABORTED,observed,
STATE:BUSY_STATE,state,BUSY_STATE,observed,
STATE:COMMENT_STATE,state,COMMENT_STATE,observed,
STATE:EXTRA_STATE,state,EXTRA_STATE,observed,
STATE:F,state,F,observed,
STATE:FINISH_STATE,state,FINISH_STATE,observed,
STATE:G,state,G,observed,
STATE:GenStateCompleted,state,GenStateCompleted,observed,
STATE:GenStateExecuting,state,GenStateExecuting,observed,
STATE:GenStateSuspendedStart,state,GenStateSuspendedStart,observed,
STATE:H,state,H,observed,
STATE:HCRC_STATE,state,HCRC_STATE,observed,
STATE:INITIAL_STATE,state,INITIAL_STATE,observed,
STATE:Math,state,Math,observed,
STATE:NAME_STATE,state,NAME_STATE,observed,
STATE:NumberState,state,NumberState,observed,
STATE:Off,state,Off,observed,
STATE:R,state,R,observed,
STATE:S,state,S,observed,
STATE:U,state,U,observed,
STATE:V,state,V,observed,
STATE:W,state,W,observed,
STATE:_STATE_TABLE,state,_STATE_TABLE,observed,
STATE:a,state,a,observed,
STATE:added,state,added,observed,
STATE:arguments,state,arguments,observed,
STATE:array,state,array,observed,
STATE:b,state,b,observed,
STATE:c,state,c,observed,
STATE:context,state,context,observed,
STATE:customerror,state,customerror,observed,
STATE:d,state,d,observed,
STATE:deleted,state,deleted,observed,
STATE:div,state,div,observed,
STATE:drawStatus,state,drawStatus,observed,
STATE:dt,state,dt,observed,
STATE:e,state,e,observed,
STATE:event,state,event,observed,
STATE:false,state,false,observed,
STATE:filter,state,filter,observed,
STATE:function,state,function,observed,
STATE:ht,state,ht,observed,
STATE:i,state,i,observed,
STATE:icons,state,icons,observed,
STATE:isBool,state,isBool,observed,
STATE:isHidden,state,isHidden,observed,
STATE:j,state,j,observed,
STATE:keyword_null,state,keyword_null,observed,
STATE:l,state,l,observed,
STATE:mb,state,mb,observed,
STATE:me,state,me,observed,
STATE:nb,state,nb,observed,
STATE:new,state,new,observed,
STATE:nextState,state,nextState,observed,
STATE:null,state,null,observed,
STATE:ob,state,ob,observed,
STATE:open,state,open,observed,
STATE:parsererror,state,parsererror,observed,
STATE:pb,state,pb,observed,
STATE:pending,state,pending,observed,
STATE:qb,state,qb,observed,
STATE:rb,state,rb,observed,
STATE:removeEventListeners,state,removeEventListeners,observed,
STATE:response,state,response,observed,
STATE:responses,state,responses,observed,
STATE:resultArray,state,resultArray,observed,
STATE:resultArray2,state,resultArray2,observed,
STATE:resultArray3,state,resultArray3,observed,
STATE:resultArray4,state,resultArray4,observed,
STATE:retained,state,retained,observed,
STATE:s,state,s,observed,
STATE:self,state,self,observed,
STATE:setupEventListeners,state,setupEventListeners,observed,
STATE:src,state,src,observed,
STATE:startFn,state,startFn,observed,
STATE:state,state,state,observed,
STATE:stateString,state,stateString,observed,
STATE:stateVal,state,stateVal,observed,
STATE:status,state,status,observed,
STATE:stream,state,stream,observed,
STATE:strm,state,strm,observed,
STATE:success,state,success,observed,
STATE:t,state,t,observed,
STATE:this,state,this,observed,
STATE:true,state,true,observed,
STATE:xhr,state,xhr,observed,
STATE:y,state,y,observed,
STATE:zlib_deflate,state,zlib_deflate,observed,
STATE:zlib_inflate,state,zlib_inflate,observed,
