table	source	line	evidence_id	technical_description	business_description	description_source	validation_status	owner_domain	lifecycle	pii	active_status	read_references	write_references	usage_status
ada_agentesaduana	.data_base/asgard.sql	24	DB-TABLE-E00AA9FEB98698	Physical table declared in .data_base/asgard.sql	Tabla candidata del dominio ada: Agentes de aduana: entidades, contactos, documentos y relacion con clientes. Por su nombre agrupa agentes externos o internos que participan en gestion aduanera/operativa, agente externo o interno que participa en gestion aduanera/operativa, aduana o entidad/parametro del tramite aduanero. Tiene lectura y escritura observada, por lo que probablemente participa en un flujo transaccional activo.	SEMANTIC_REVERSE_ENGINEERING_CANDIDATE	SEMANTIC_INFERENCE_REVIEW_REQUIRED	ada	DOMAIN_ENTITY_OR_LEGACY	UNKNOWN_OR_BUSINESS_DATA	UNKNOWN	8	1	USED
ada_agentescontactos	.data_base/asgard.sql	56	DB-TABLE-F447E0C7A23CB6	Physical table declared in .data_base/asgard.sql	Tabla candidata del dominio ada: Agentes de aduana: entidades, contactos, documentos y relacion con clientes. Por su nombre agrupa personas de contacto y sus datos de comunicacion, persona de contacto y sus datos de comunicacion, agentes externos o internos que participan en gestion aduanera/operativa, agente externo o interno que participa en gestion aduanera/operativa. Tiene lectura y escritura observada, por lo que probablemente participa en un flujo transaccional activo.	SEMANTIC_REVERSE_ENGINEERING_CANDIDATE	SEMANTIC_INFERENCE_REVIEW_REQUIRED	ada	DOMAIN_ENTITY_OR_LEGACY	LIKELY_PERSONAL_OR_SENSITIVE	UNKNOWN	6	1	USED
ada_agentesdocumentos	.data_base/asgard.sql	76	DB-TABLE-F077CE689E7F11	Physical table declared in .data_base/asgard.sql	Tabla candidata del dominio ada: Agentes de aduana: entidades, contactos, documentos y relacion con clientes. Por su nombre agrupa documentos o soportes asociados al expediente, documento o soporte asociado al expediente, agentes externos o internos que participan en gestion aduanera/operativa, agente externo o interno que participa en gestion aduanera/operativa. Tiene lectura y escritura observada, por lo que probablemente participa en un flujo transaccional activo.	SEMANTIC_REVERSE_ENGINEERING_CANDIDATE	SEMANTIC_INFERENCE_REVIEW_REQUIRED	ada	DOMAIN_ENTITY_OR_LEGACY	UNKNOWN_OR_BUSINESS_DATA	UNKNOWN	1	1	USED
ada_clienteagenteaduana	.data_base/asgard.sql	96	DB-TABLE-0F18FF928B54F2	Physical table declared in .data_base/asgard.sql	Tabla candidata del dominio ada: Agentes de aduana: entidades, contactos, documentos y relacion con clientes. Por su nombre agrupa cliente/tenant propietario de la operacion o filtro de visibilidad, agente externo o interno que participa en gestion aduanera/operativa, aduana o entidad/parametro del tramite aduanero. Tiene lectura y escritura observada, por lo que probablemente participa en un flujo transaccional activo.	SEMANTIC_REVERSE_ENGINEERING_CANDIDATE	SEMANTIC_INFERENCE_REVIEW_REQUIRED	ada	DOMAIN_ENTITY_OR_LEGACY	UNKNOWN_OR_BUSINESS_DATA	UNKNOWN	4	1	USED
ada_tipocontactos	.data_base/asgard.sql	107	DB-TABLE-AF28A879AFFBD9	Physical table declared in .data_base/asgard.sql	Tabla candidata del dominio ada: Agentes de aduana: entidades, contactos, documentos y relacion con clientes. Por su nombre agrupa personas de contacto y sus datos de comunicacion, persona de contacto y sus datos de comunicacion, tipo/clasificador que parametriza la regla o pantalla. Tiene lecturas observadas y parece actuar como consulta, catalogo o fuente de reporte.	SEMANTIC_REVERSE_ENGINEERING_CANDIDATE	SEMANTIC_INFERENCE_REVIEW_REQUIRED	ada	DOMAIN_ENTITY_OR_LEGACY	LIKELY_PERSONAL_OR_SENSITIVE	UNKNOWN	1	0	USED
adaprov_agenteproveedor	.data_base/asgard.sql	119	DB-TABLE-EA33FA35EA2536	Physical table declared in .data_base/asgard.sql	Tabla candidata del dominio adaprov: Relacion entre agentes/proveedores, contactos y mercancias. Por su nombre agrupa proveedor o tercero participante en el proceso, agente externo o interno que participa en gestion aduanera/operativa. Tiene lecturas observadas y parece actuar como consulta, catalogo o fuente de reporte.	SEMANTIC_REVERSE_ENGINEERING_CANDIDATE	SEMANTIC_INFERENCE_REVIEW_REQUIRED	adaprov	DOMAIN_ENTITY_OR_LEGACY	UNKNOWN_OR_BUSINESS_DATA	UNKNOWN	2	0	USED
adaprov_agenteproveedorcontactos	.data_base/asgard.sql	137	DB-TABLE-9826F04C518FAC	Physical table declared in .data_base/asgard.sql	Tabla candidata del dominio adaprov: Relacion entre agentes/proveedores, contactos y mercancias. Por su nombre agrupa proveedor o tercero participante en el proceso, personas de contacto y sus datos de comunicacion, persona de contacto y sus datos de comunicacion, agente externo o interno que participa en gestion aduanera/operativa. Tiene lecturas observadas y parece actuar como consulta, catalogo o fuente de reporte.	SEMANTIC_REVERSE_ENGINEERING_CANDIDATE	SEMANTIC_INFERENCE_REVIEW_REQUIRED	adaprov	DOMAIN_ENTITY_OR_LEGACY	LIKELY_PERSONAL_OR_SENSITIVE	UNKNOWN	1	0	USED
adaprov_agenteproveedormercancia	.data_base/asgard.sql	154	DB-TABLE-48EC8C5FFF5B48	Physical table declared in .data_base/asgard.sql	Tabla candidata del dominio adaprov: Relacion entre agentes/proveedores, contactos y mercancias. Por su nombre agrupa proveedor o tercero participante en el proceso, mercancia o item objeto de transporte/declaracion, agente externo o interno que participa en gestion aduanera/operativa. No tiene uso PHP directo en la evidencia; puede ser historica, consumida por SQL/vistas/procedimientos o estar fuera del alcance estatico.	SEMANTIC_REVERSE_ENGINEERING_CANDIDATE	SEMANTIC_INFERENCE_REVIEW_REQUIRED	adaprov	DOMAIN_ENTITY_OR_LEGACY	LIKELY_PERSONAL_OR_SENSITIVE	UNKNOWN	0	0	NO_USAGE_FOUND
adicion	.data_base/asgard.sql	169	DB-TABLE-4811AB5BA38BC5	Physical table declared in .data_base/asgard.sql	Tabla candidata del dominio transversal: Tabla transversal o legacy sin prefijo funcional inequivoco. Por su nombre agrupa entidad o catalogo legacy cuyo significado debe confirmarse por uso en codigo y datos. No tiene uso PHP directo en la evidencia; puede ser historica, consumida por SQL/vistas/procedimientos o estar fuera del alcance estatico.	SEMANTIC_REVERSE_ENGINEERING_CANDIDATE	SEMANTIC_INFERENCE_REVIEW_REQUIRED	transversal	DOMAIN_ENTITY_OR_LEGACY	LIKELY_PERSONAL_OR_SENSITIVE	UNKNOWN	0	0	NO_USAGE_FOUND
ads_agenteseguro	.data_base/asgard.sql	180	DB-TABLE-A968ADD9A5B32A	Physical table declared in .data_base/asgard.sql	Tabla candidata del dominio ads: Agentes de seguro o soporte documental asociado a seguros/contactos. Por su nombre agrupa agentes externos o internos que participan en gestion aduanera/operativa, agente externo o interno que participa en gestion aduanera/operativa. Tiene lectura y escritura observada, por lo que probablemente participa en un flujo transaccional activo.	SEMANTIC_REVERSE_ENGINEERING_CANDIDATE	SEMANTIC_INFERENCE_REVIEW_REQUIRED	ads	DOMAIN_ENTITY_OR_LEGACY	UNKNOWN_OR_BUSINESS_DATA	UNKNOWN	5	1	USED
ads_clienteagenteseguro	.data_base/asgard.sql	211	DB-TABLE-8039FAC4E4DDAA	Physical table declared in .data_base/asgard.sql	Tabla candidata del dominio ads: Agentes de seguro o soporte documental asociado a seguros/contactos. Por su nombre agrupa cliente/tenant propietario de la operacion o filtro de visibilidad, agentes externos o internos que participan en gestion aduanera/operativa, agente externo o interno que participa en gestion aduanera/operativa. Tiene lectura y escritura observada, por lo que probablemente participa en un flujo transaccional activo.	SEMANTIC_REVERSE_ENGINEERING_CANDIDATE	SEMANTIC_INFERENCE_REVIEW_REQUIRED	ads	DOMAIN_ENTITY_OR_LEGACY	UNKNOWN_OR_BUSINESS_DATA	UNKNOWN	1	1	USED
ads_contactos	.data_base/asgard.sql	222	DB-TABLE-CC6DBAB1B625D4	Physical table declared in .data_base/asgard.sql	Tabla candidata del dominio ads: Agentes de seguro o soporte documental asociado a seguros/contactos. Por su nombre agrupa personas de contacto y sus datos de comunicacion, persona de contacto y sus datos de comunicacion. Tiene lectura y escritura observada, por lo que probablemente participa en un flujo transaccional activo.	SEMANTIC_REVERSE_ENGINEERING_CANDIDATE	SEMANTIC_INFERENCE_REVIEW_REQUIRED	ads	DOMAIN_ENTITY_OR_LEGACY	LIKELY_PERSONAL_OR_SENSITIVE	UNKNOWN	2	1	USED
ads_documentos	.data_base/asgard.sql	241	DB-TABLE-F77D506A904707	Physical table declared in .data_base/asgard.sql	Tabla candidata del dominio ads: Agentes de seguro o soporte documental asociado a seguros/contactos. Por su nombre agrupa documentos o soportes asociados al expediente, documento o soporte asociado al expediente. Tiene lectura y escritura observada, por lo que probablemente participa en un flujo transaccional activo.	SEMANTIC_REVERSE_ENGINEERING_CANDIDATE	SEMANTIC_INFERENCE_REVIEW_REQUIRED	ads	DOCUMENT_LIFECYCLE	UNKNOWN_OR_BUSINESS_DATA	UNKNOWN	1	1	USED
ads_tipocontactos	.data_base/asgard.sql	260	DB-TABLE-40E344DDDCC30B	Physical table declared in .data_base/asgard.sql	Tabla candidata del dominio ads: Agentes de seguro o soporte documental asociado a seguros/contactos. Por su nombre agrupa personas de contacto y sus datos de comunicacion, persona de contacto y sus datos de comunicacion, tipo/clasificador que parametriza la regla o pantalla. Tiene lecturas observadas y parece actuar como consulta, catalogo o fuente de reporte.	SEMANTIC_REVERSE_ENGINEERING_CANDIDATE	SEMANTIC_INFERENCE_REVIEW_REQUIRED	ads	DOMAIN_ENTITY_OR_LEGACY	LIKELY_PERSONAL_OR_SENSITIVE	UNKNOWN	1	0	USED
adt_agente_traking	.data_base/asgard.sql	272	DB-TABLE-B0415CEAB695B2	Physical table declared in .data_base/asgard.sql	Tabla candidata del dominio transversal: Tabla transversal o legacy sin prefijo funcional inequivoco. Por su nombre agrupa agente externo o interno que participa en gestion aduanera/operativa. Tiene lectura y escritura observada, por lo que probablemente participa en un flujo transaccional activo.	SEMANTIC_REVERSE_ENGINEERING_CANDIDATE	SEMANTIC_INFERENCE_REVIEW_REQUIRED	transversal	DOMAIN_ENTITY_OR_LEGACY	UNKNOWN_OR_BUSINESS_DATA	UNKNOWN	1	1	USED
ages_asesoria_gestion_carpetas	.data_base/asgard.sql	288	DB-TABLE-9939EAFD6E1445	Physical table declared in .data_base/asgard.sql	Tabla candidata del dominio ages: Asesoria o gestion de carpetas/tramites, observaciones, pagos y valoraciones. Por su nombre agrupa entidad o catalogo legacy cuyo significado debe confirmarse por uso en codigo y datos. Tiene lecturas observadas y parece actuar como consulta, catalogo o fuente de reporte.	SEMANTIC_REVERSE_ENGINEERING_CANDIDATE	SEMANTIC_INFERENCE_REVIEW_REQUIRED	ages	DOMAIN_ENTITY_OR_LEGACY	UNKNOWN_OR_BUSINESS_DATA	UNKNOWN	2	0	USED
ages_estados	.data_base/asgard.sql	327	DB-TABLE-4E6CAFC6CC4A00	Physical table declared in .data_base/asgard.sql	Tabla candidata del dominio ages: Asesoria o gestion de carpetas/tramites, observaciones, pagos y valoraciones. Por su nombre agrupa estados de ciclo de vida o clasificacion operacional, estado de ciclo de vida o clasificacion operacional. Tiene lecturas observadas y parece actuar como consulta, catalogo o fuente de reporte.	SEMANTIC_REVERSE_ENGINEERING_CANDIDATE	SEMANTIC_INFERENCE_REVIEW_REQUIRED	ages	CATALOG_STATE	UNKNOWN_OR_BUSINESS_DATA	UNKNOWN	1	0	USED
ages_etapa	.data_base/asgard.sql	337	DB-TABLE-AFE8CBD4CF945C	Physical table declared in .data_base/asgard.sql	Tabla candidata del dominio ages: Asesoria o gestion de carpetas/tramites, observaciones, pagos y valoraciones. Por su nombre agrupa entidad o catalogo legacy cuyo significado debe confirmarse por uso en codigo y datos. Tiene lecturas observadas y parece actuar como consulta, catalogo o fuente de reporte.	SEMANTIC_REVERSE_ENGINEERING_CANDIDATE	SEMANTIC_INFERENCE_REVIEW_REQUIRED	ages	DOMAIN_ENTITY_OR_LEGACY	UNKNOWN_OR_BUSINESS_DATA	UNKNOWN	1	0	USED
ages_observaciones_tramites	.data_base/asgard.sql	347	DB-TABLE-C634CF8F2C5BAD	Physical table declared in .data_base/asgard.sql	Tabla candidata del dominio ages: Asesoria o gestion de carpetas/tramites, observaciones, pagos y valoraciones. Por su nombre agrupa observaciones, comentarios o motivos de revision, observacion, comentario o motivo de revision. No tiene uso PHP directo en la evidencia; puede ser historica, consumida por SQL/vistas/procedimientos o estar fuera del alcance estatico.	SEMANTIC_REVERSE_ENGINEERING_CANDIDATE	SEMANTIC_INFERENCE_REVIEW_REQUIRED	ages	DOMAIN_ENTITY_OR_LEGACY	LIKELY_PERSONAL_OR_SENSITIVE	UNKNOWN	0	0	NO_USAGE_FOUND
ages_pagos_detalle	.data_base/asgard.sql	364	DB-TABLE-4DA660DD028D55	Physical table declared in .data_base/asgard.sql	Tabla candidata del dominio ages: Asesoria o gestion de carpetas/tramites, observaciones, pagos y valoraciones. Por su nombre agrupa pagos o movimientos economicos, pago o movimiento economico. No tiene uso PHP directo en la evidencia; puede ser historica, consumida por SQL/vistas/procedimientos o estar fuera del alcance estatico.	SEMANTIC_REVERSE_ENGINEERING_CANDIDATE	SEMANTIC_INFERENCE_REVIEW_REQUIRED	ages	DOMAIN_ENTITY_OR_LEGACY	UNKNOWN_OR_BUSINESS_DATA	UNKNOWN	0	0	NO_USAGE_FOUND
ages_solicitudes_asesoria_gestion	.data_base/asgard.sql	391	DB-TABLE-E009C7DED381E0	Physical table declared in .data_base/asgard.sql	Tabla candidata del dominio ages: Asesoria o gestion de carpetas/tramites, observaciones, pagos y valoraciones. Por su nombre agrupa solicitudes de servicio o gestion iniciadas por usuario/cliente, solicitud de servicio o gestion iniciada por usuario/cliente. Tiene lecturas observadas y parece actuar como consulta, catalogo o fuente de reporte.	SEMANTIC_REVERSE_ENGINEERING_CANDIDATE	SEMANTIC_INFERENCE_REVIEW_REQUIRED	ages	TRANSACTIONAL_LIFECYCLE	LIKELY_PERSONAL_OR_SENSITIVE	UNKNOWN	2	0	USED
ages_tipodeclaracion	.data_base/asgard.sql	439	DB-TABLE-DF29A227DD8B08	Physical table declared in .data_base/asgard.sql	Tabla candidata del dominio ages: Asesoria o gestion de carpetas/tramites, observaciones, pagos y valoraciones. Por su nombre agrupa tipo/clasificador que parametriza la regla o pantalla. Tiene lecturas observadas y parece actuar como consulta, catalogo o fuente de reporte.	SEMANTIC_REVERSE_ENGINEERING_CANDIDATE	SEMANTIC_INFERENCE_REVIEW_REQUIRED	ages	DOMAIN_ENTITY_OR_LEGACY	LIKELY_PERSONAL_OR_SENSITIVE	UNKNOWN	1	0	USED
ages_tipos_observaciones_tramites	.data_base/asgard.sql	449	DB-TABLE-53AEE947D7B35F	Physical table declared in .data_base/asgard.sql	Tabla candidata del dominio ages: Asesoria o gestion de carpetas/tramites, observaciones, pagos y valoraciones. Por su nombre agrupa tipos/clasificadores que parametrizan reglas o pantallas, observaciones, comentarios o motivos de revision, observacion, comentario o motivo de revision, tipo/clasificador que parametriza la regla o pantalla. No tiene uso PHP directo en la evidencia; puede ser historica, consumida por SQL/vistas/procedimientos o estar fuera del alcance estatico.	SEMANTIC_REVERSE_ENGINEERING_CANDIDATE	SEMANTIC_INFERENCE_REVIEW_REQUIRED	ages	REFERENCE_DATA	LIKELY_PERSONAL_OR_SENSITIVE	UNKNOWN	0	0	NO_USAGE_FOUND
ages_valoracion_costo_parametros	.data_base/asgard.sql	464	DB-TABLE-BE5D98DC08E8DE	Physical table declared in .data_base/asgard.sql	Tabla candidata del dominio ages: Asesoria o gestion de carpetas/tramites, observaciones, pagos y valoraciones. Por su nombre agrupa costo, gasto o valor economico asociado a la operacion, parametros configurables usados por reglas de negocio, parametro configurable usado por reglas de negocio, valor declarado, calculado o parametrico. Tiene lecturas observadas y parece actuar como consulta, catalogo o fuente de reporte.	SEMANTIC_REVERSE_ENGINEERING_CANDIDATE	SEMANTIC_INFERENCE_REVIEW_REQUIRED	ages	REFERENCE_DATA	LIKELY_PERSONAL_OR_SENSITIVE	UNKNOWN	1	0	USED
ages_valoraciones_costos	.data_base/asgard.sql	490	DB-TABLE-4BCDB0C1097A54	Physical table declared in .data_base/asgard.sql	Tabla candidata del dominio ages: Asesoria o gestion de carpetas/tramites, observaciones, pagos y valoraciones. Por su nombre agrupa costos, gastos o valores economicos asociados a la operacion, costo, gasto o valor economico asociado a la operacion, valor declarado, calculado o parametrico. No tiene uso PHP directo en la evidencia; puede ser historica, consumida por SQL/vistas/procedimientos o estar fuera del alcance estatico.	SEMANTIC_REVERSE_ENGINEERING_CANDIDATE	SEMANTIC_INFERENCE_REVIEW_REQUIRED	ages	DOMAIN_ENTITY_OR_LEGACY	LIKELY_PERSONAL_OR_SENSITIVE	UNKNOWN	0	0	NO_USAGE_FOUND
aux	.data_base/asgard.sql	513	DB-TABLE-6EB7C06DE668EE	Physical table declared in .data_base/asgard.sql	Tabla candidata del dominio transversal: Tabla transversal o legacy sin prefijo funcional inequivoco. Por su nombre agrupa entidad o catalogo legacy cuyo significado debe confirmarse por uso en codigo y datos. No tiene uso PHP directo en la evidencia; puede ser historica, consumida por SQL/vistas/procedimientos o estar fuera del alcance estatico.	SEMANTIC_REVERSE_ENGINEERING_CANDIDATE	SEMANTIC_INFERENCE_REVIEW_REQUIRED	transversal	DOMAIN_ENTITY_OR_LEGACY	UNKNOWN_OR_BUSINESS_DATA	UNKNOWN	0	0	NO_USAGE_FOUND
auxcnda	.data_base/asgard.sql	523	DB-TABLE-864AA138EB2993	Physical table declared in .data_base/asgard.sql	Tabla candidata del dominio transversal: Tabla transversal o legacy sin prefijo funcional inequivoco. Por su nombre agrupa entidad o catalogo legacy cuyo significado debe confirmarse por uso en codigo y datos. No tiene uso PHP directo en la evidencia; puede ser historica, consumida por SQL/vistas/procedimientos o estar fuera del alcance estatico.	SEMANTIC_REVERSE_ENGINEERING_CANDIDATE	SEMANTIC_INFERENCE_REVIEW_REQUIRED	transversal	DOMAIN_ENTITY_OR_LEGACY	UNKNOWN_OR_BUSINESS_DATA	UNKNOWN	0	0	NO_USAGE_FOUND
base_datos_sap	.data_base/asgard.sql	536	DB-TABLE-DC1BFD6061F589	Physical table declared in .data_base/asgard.sql	Tabla candidata del dominio transversal: Tabla transversal o legacy sin prefijo funcional inequivoco. Por su nombre agrupa codigo o referencia de integracion con SAP. No tiene uso PHP directo en la evidencia; puede ser historica, consumida por SQL/vistas/procedimientos o estar fuera del alcance estatico.	SEMANTIC_REVERSE_ENGINEERING_CANDIDATE	SEMANTIC_INFERENCE_REVIEW_REQUIRED	transversal	DOMAIN_ENTITY_OR_LEGACY	UNKNOWN_OR_BUSINESS_DATA	UNKNOWN	0	0	NO_USAGE_FOUND
bot_dex	.data_base/asgard.sql	589	DB-TABLE-EE16568D7B3A55	Physical table declared in .data_base/asgard.sql	Tabla candidata del dominio bot: Automatizacion o bot asociado a procesamiento documental/aduanero. Por su nombre agrupa entidad o catalogo legacy cuyo significado debe confirmarse por uso en codigo y datos. No tiene uso PHP directo en la evidencia; puede ser historica, consumida por SQL/vistas/procedimientos o estar fuera del alcance estatico.	SEMANTIC_REVERSE_ENGINEERING_CANDIDATE	SEMANTIC_INFERENCE_REVIEW_REQUIRED	bot	DOMAIN_ENTITY_OR_LEGACY	UNKNOWN_OR_BUSINESS_DATA	UNKNOWN	0	0	NO_USAGE_FOUND
bot_suma	.data_base/asgard.sql	607	DB-TABLE-5F924DF257C08F	Physical table declared in .data_base/asgard.sql	Tabla candidata del dominio bot: Automatizacion o bot asociado a procesamiento documental/aduanero. Por su nombre agrupa entidad o catalogo legacy cuyo significado debe confirmarse por uso en codigo y datos. No tiene uso PHP directo en la evidencia; puede ser historica, consumida por SQL/vistas/procedimientos o estar fuera del alcance estatico.	SEMANTIC_REVERSE_ENGINEERING_CANDIDATE	SEMANTIC_INFERENCE_REVIEW_REQUIRED	bot	DOMAIN_ENTITY_OR_LEGACY	UNKNOWN_OR_BUSINESS_DATA	UNKNOWN	0	0	NO_USAGE_FOUND
cad_tipoerror	.data_base/asgard.sql	641	DB-TABLE-9922BEA4D5A65D	Physical table declared in .data_base/asgard.sql	Tabla candidata del dominio transversal: Tabla transversal o legacy sin prefijo funcional inequivoco. Por su nombre agrupa tipo/clasificador que parametriza la regla o pantalla. No tiene uso PHP directo en la evidencia; puede ser historica, consumida por SQL/vistas/procedimientos o estar fuera del alcance estatico.	SEMANTIC_REVERSE_ENGINEERING_CANDIDATE	SEMANTIC_INFERENCE_REVIEW_REQUIRED	transversal	DOMAIN_ENTITY_OR_LEGACY	UNKNOWN_OR_BUSINESS_DATA	UNKNOWN	0	0	NO_USAGE_FOUND
cars	.data_base/asgard.sql	652	DB-TABLE-73802A3AF910DA	Physical table declared in .data_base/asgard.sql	Tabla candidata del dominio transversal: Tabla transversal o legacy sin prefijo funcional inequivoco. Por su nombre agrupa entidad o catalogo legacy cuyo significado debe confirmarse por uso en codigo y datos. No tiene uso PHP directo en la evidencia; puede ser historica, consumida por SQL/vistas/procedimientos o estar fuera del alcance estatico.	SEMANTIC_REVERSE_ENGINEERING_CANDIDATE	SEMANTIC_INFERENCE_REVIEW_REQUIRED	transversal	DOMAIN_ENTITY_OR_LEGACY	UNKNOWN_OR_BUSINESS_DATA	UNKNOWN	0	0	NO_USAGE_FOUND
cc_archivos	.data_base/asgard.sql	665	DB-TABLE-752F123072B607	Physical table declared in .data_base/asgard.sql	Tabla candidata del dominio cc: Control documental o control de chasis/mercancias/documentos. Por su nombre agrupa entidad o catalogo legacy cuyo significado debe confirmarse por uso en codigo y datos. Tiene lectura y escritura observada, por lo que probablemente participa en un flujo transaccional activo.	SEMANTIC_REVERSE_ENGINEERING_CANDIDATE	SEMANTIC_INFERENCE_REVIEW_REQUIRED	cc	DOCUMENT_LIFECYCLE	UNKNOWN_OR_BUSINESS_DATA	UNKNOWN	1	1	USED
cc_chasis_codigo_documento	.data_base/asgard.sql	680	DB-TABLE-7B05E6BCF4C630	Physical table declared in .data_base/asgard.sql	Tabla candidata del dominio cc: Control documental o control de chasis/mercancias/documentos. Por su nombre agrupa documento o soporte asociado al expediente. Tiene escrituras observadas sin lecturas directas en la evidencia disponible; revisar si es staging, log o tabla consumida indirectamente.	SEMANTIC_REVERSE_ENGINEERING_CANDIDATE	SEMANTIC_INFERENCE_REVIEW_REQUIRED	cc	DOCUMENT_LIFECYCLE	UNKNOWN_OR_BUSINESS_DATA	UNKNOWN	0	2	USED
cc_mercancias	.data_base/asgard.sql	695	DB-TABLE-D4D752FC673CF1	Physical table declared in .data_base/asgard.sql	Tabla candidata del dominio cc: Control documental o control de chasis/mercancias/documentos. Por su nombre agrupa mercancias o items objeto de transporte/declaracion, mercancia o item objeto de transporte/declaracion. Tiene lectura y escritura observada, por lo que probablemente participa en un flujo transaccional activo.	SEMANTIC_REVERSE_ENGINEERING_CANDIDATE	SEMANTIC_INFERENCE_REVIEW_REQUIRED	cc	DOMAIN_ENTITY_OR_LEGACY	LIKELY_PERSONAL_OR_SENSITIVE	UNKNOWN	5	1	USED
cc_registro_documentos	.data_base/asgard.sql	710	DB-TABLE-D145A4D4DE8467	Physical table declared in .data_base/asgard.sql	Tabla candidata del dominio cc: Control documental o control de chasis/mercancias/documentos. Por su nombre agrupa documentos o soportes asociados al expediente, documento o soporte asociado al expediente. Tiene lectura y escritura observada, por lo que probablemente participa en un flujo transaccional activo.	SEMANTIC_REVERSE_ENGINEERING_CANDIDATE	SEMANTIC_INFERENCE_REVIEW_REQUIRED	cc	DOCUMENT_LIFECYCLE	UNKNOWN_OR_BUSINESS_DATA	UNKNOWN	9	1	USED
cc_tipos_documentos	.data_base/asgard.sql	747	DB-TABLE-05A4C4DB6D8FC6	Physical table declared in .data_base/asgard.sql	Tabla candidata del dominio cc: Control documental o control de chasis/mercancias/documentos. Por su nombre agrupa tipos/clasificadores que parametrizan reglas o pantallas, documentos o soportes asociados al expediente, documento o soporte asociado al expediente, tipo/clasificador que parametriza la regla o pantalla. Tiene lecturas observadas y parece actuar como consulta, catalogo o fuente de reporte.	SEMANTIC_REVERSE_ENGINEERING_CANDIDATE	SEMANTIC_INFERENCE_REVIEW_REQUIRED	cc	REFERENCE_DATA	UNKNOWN_OR_BUSINESS_DATA	UNKNOWN	5	0	USED
cn_clienteconcesionario	.data_base/asgard.sql	761	DB-TABLE-48BB42B1F101AF	Physical table declared in .data_base/asgard.sql	Tabla candidata del dominio cn: Concesionarios, contactos y relaciones cliente-concesionario. Por su nombre agrupa cliente/tenant propietario de la operacion o filtro de visibilidad. No tiene uso PHP directo en la evidencia; puede ser historica, consumida por SQL/vistas/procedimientos o estar fuera del alcance estatico.	SEMANTIC_REVERSE_ENGINEERING_CANDIDATE	SEMANTIC_INFERENCE_REVIEW_REQUIRED	cn	DOMAIN_ENTITY_OR_LEGACY	UNKNOWN_OR_BUSINESS_DATA	UNKNOWN	0	0	NO_USAGE_FOUND
cn_concesionario	.data_base/asgard.sql	772	DB-TABLE-1C870B95A5F33A	Physical table declared in .data_base/asgard.sql	Tabla candidata del dominio cn: Concesionarios, contactos y relaciones cliente-concesionario. Por su nombre agrupa entidad o catalogo legacy cuyo significado debe confirmarse por uso en codigo y datos. No tiene uso PHP directo en la evidencia; puede ser historica, consumida por SQL/vistas/procedimientos o estar fuera del alcance estatico.	SEMANTIC_REVERSE_ENGINEERING_CANDIDATE	SEMANTIC_INFERENCE_REVIEW_REQUIRED	cn	DOMAIN_ENTITY_OR_LEGACY	UNKNOWN_OR_BUSINESS_DATA	UNKNOWN	0	0	NO_USAGE_FOUND
cn_concesionario_contactos	.data_base/asgard.sql	791	DB-TABLE-9CF689A4CD13DB	Physical table declared in .data_base/asgard.sql	Tabla candidata del dominio cn: Concesionarios, contactos y relaciones cliente-concesionario. Por su nombre agrupa personas de contacto y sus datos de comunicacion, persona de contacto y sus datos de comunicacion. No tiene uso PHP directo en la evidencia; puede ser historica, consumida por SQL/vistas/procedimientos o estar fuera del alcance estatico.	SEMANTIC_REVERSE_ENGINEERING_CANDIDATE	SEMANTIC_INFERENCE_REVIEW_REQUIRED	cn	DOMAIN_ENTITY_OR_LEGACY	LIKELY_PERSONAL_OR_SENSITIVE	UNKNOWN	0	0	NO_USAGE_FOUND
cn_tipo_contactos	.data_base/asgard.sql	812	DB-TABLE-8C5951D027F64E	Physical table declared in .data_base/asgard.sql	Tabla candidata del dominio cn: Concesionarios, contactos y relaciones cliente-concesionario. Por su nombre agrupa tipo/clasificador que parametriza la regla o pantalla, personas de contacto y sus datos de comunicacion, persona de contacto y sus datos de comunicacion. No tiene uso PHP directo en la evidencia; puede ser historica, consumida por SQL/vistas/procedimientos o estar fuera del alcance estatico.	SEMANTIC_REVERSE_ENGINEERING_CANDIDATE	SEMANTIC_INFERENCE_REVIEW_REQUIRED	cn	REFERENCE_DATA	LIKELY_PERSONAL_OR_SENSITIVE	UNKNOWN	0	0	NO_USAGE_FOUND
con_contrato	.data_base/asgard.sql	828	DB-TABLE-5FF3A2F84DEBC7	Physical table declared in .data_base/asgard.sql	Tabla candidata del dominio con: Contratos, unidades de negocio, documentos, estados y observaciones contractuales. Por su nombre agrupa entidad o catalogo legacy cuyo significado debe confirmarse por uso en codigo y datos. No tiene uso PHP directo en la evidencia; puede ser historica, consumida por SQL/vistas/procedimientos o estar fuera del alcance estatico.	SEMANTIC_REVERSE_ENGINEERING_CANDIDATE	SEMANTIC_INFERENCE_REVIEW_REQUIRED	con	DOMAIN_ENTITY_OR_LEGACY	UNKNOWN_OR_BUSINESS_DATA	UNKNOWN	0	0	NO_USAGE_FOUND
con_documento	.data_base/asgard.sql	863	DB-TABLE-E64CB9FF272864	Physical table declared in .data_base/asgard.sql	Tabla candidata del dominio con: Contratos, unidades de negocio, documentos, estados y observaciones contractuales. Por su nombre agrupa documento o soporte asociado al expediente. No tiene uso PHP directo en la evidencia; puede ser historica, consumida por SQL/vistas/procedimientos o estar fuera del alcance estatico.	SEMANTIC_REVERSE_ENGINEERING_CANDIDATE	SEMANTIC_INFERENCE_REVIEW_REQUIRED	con	DOCUMENT_LIFECYCLE	UNKNOWN_OR_BUSINESS_DATA	UNKNOWN	0	0	NO_USAGE_FOUND
con_empresa	.data_base/asgard.sql	873	DB-TABLE-8E97B5B39F257E	Physical table declared in .data_base/asgard.sql	Tabla candidata del dominio con: Contratos, unidades de negocio, documentos, estados y observaciones contractuales. Por su nombre agrupa entidad o catalogo legacy cuyo significado debe confirmarse por uso en codigo y datos. No tiene uso PHP directo en la evidencia; puede ser historica, consumida por SQL/vistas/procedimientos o estar fuera del alcance estatico.	SEMANTIC_REVERSE_ENGINEERING_CANDIDATE	SEMANTIC_INFERENCE_REVIEW_REQUIRED	con	DOMAIN_ENTITY_OR_LEGACY	UNKNOWN_OR_BUSINESS_DATA	UNKNOWN	0	0	NO_USAGE_FOUND
con_estado	.data_base/asgard.sql	883	DB-TABLE-55AB387FC6C88E	Physical table declared in .data_base/asgard.sql	Tabla candidata del dominio con: Contratos, unidades de negocio, documentos, estados y observaciones contractuales. Por su nombre agrupa estado de ciclo de vida o clasificacion operacional. No tiene uso PHP directo en la evidencia; puede ser historica, consumida por SQL/vistas/procedimientos o estar fuera del alcance estatico.	SEMANTIC_REVERSE_ENGINEERING_CANDIDATE	SEMANTIC_INFERENCE_REVIEW_REQUIRED	con	CATALOG_STATE	UNKNOWN_OR_BUSINESS_DATA	UNKNOWN	0	0	NO_USAGE_FOUND
con_mailcontrato	.data_base/asgard.sql	893	DB-TABLE-49AFFA505B7E66	Physical table declared in .data_base/asgard.sql	Tabla candidata del dominio con: Contratos, unidades de negocio, documentos, estados y observaciones contractuales. Por su nombre agrupa correo electronico o evento de envio por email. No tiene uso PHP directo en la evidencia; puede ser historica, consumida por SQL/vistas/procedimientos o estar fuera del alcance estatico.	SEMANTIC_REVERSE_ENGINEERING_CANDIDATE	SEMANTIC_INFERENCE_REVIEW_REQUIRED	con	DOMAIN_ENTITY_OR_LEGACY	LIKELY_PERSONAL_OR_SENSITIVE	UNKNOWN	0	0	NO_USAGE_FOUND
con_observacion	.data_base/asgard.sql	906	DB-TABLE-04A6250F6F83BF	Physical table declared in .data_base/asgard.sql	Tabla candidata del dominio con: Contratos, unidades de negocio, documentos, estados y observaciones contractuales. Por su nombre agrupa observacion, comentario o motivo de revision. No tiene uso PHP directo en la evidencia; puede ser historica, consumida por SQL/vistas/procedimientos o estar fuera del alcance estatico.	SEMANTIC_REVERSE_ENGINEERING_CANDIDATE	SEMANTIC_INFERENCE_REVIEW_REQUIRED	con	DOMAIN_ENTITY_OR_LEGACY	LIKELY_PERSONAL_OR_SENSITIVE	UNKNOWN	0	0	NO_USAGE_FOUND
con_status	.data_base/asgard.sql	916	DB-TABLE-7CB049FC106830	Physical table declared in .data_base/asgard.sql	Tabla candidata del dominio con: Contratos, unidades de negocio, documentos, estados y observaciones contractuales. Por su nombre agrupa entidad o catalogo legacy cuyo significado debe confirmarse por uso en codigo y datos. No tiene uso PHP directo en la evidencia; puede ser historica, consumida por SQL/vistas/procedimientos o estar fuera del alcance estatico.	SEMANTIC_REVERSE_ENGINEERING_CANDIDATE	SEMANTIC_INFERENCE_REVIEW_REQUIRED	con	CATALOG_STATE	UNKNOWN_OR_BUSINESS_DATA	UNKNOWN	0	0	NO_USAGE_FOUND
con_tipodoc	.data_base/asgard.sql	926	DB-TABLE-12968173AE110E	Physical table declared in .data_base/asgard.sql	Tabla candidata del dominio con: Contratos, unidades de negocio, documentos, estados y observaciones contractuales. Por su nombre agrupa tipo/clasificador que parametriza la regla o pantalla. No tiene uso PHP directo en la evidencia; puede ser historica, consumida por SQL/vistas/procedimientos o estar fuera del alcance estatico.	SEMANTIC_REVERSE_ENGINEERING_CANDIDATE	SEMANTIC_INFERENCE_REVIEW_REQUIRED	con	DOMAIN_ENTITY_OR_LEGACY	UNKNOWN_OR_BUSINESS_DATA	UNKNOWN	0	0	NO_USAGE_FOUND
con_unidadnegocio	.data_base/asgard.sql	936	DB-TABLE-E7ED52279C6BC1	Physical table declared in .data_base/asgard.sql	Tabla candidata del dominio con: Contratos, unidades de negocio, documentos, estados y observaciones contractuales. Por su nombre agrupa entidad o catalogo legacy cuyo significado debe confirmarse por uso en codigo y datos. No tiene uso PHP directo en la evidencia; puede ser historica, consumida por SQL/vistas/procedimientos o estar fuera del alcance estatico.	SEMANTIC_REVERSE_ENGINEERING_CANDIDATE	SEMANTIC_INFERENCE_REVIEW_REQUIRED	con	DOMAIN_ENTITY_OR_LEGACY	LIKELY_PERSONAL_OR_SENSITIVE	UNKNOWN	0	0	NO_USAGE_FOUND
con_unidadnegocioservicio	.data_base/asgard.sql	946	DB-TABLE-7948D5C9C4574B	Physical table declared in .data_base/asgard.sql	Tabla candidata del dominio con: Contratos, unidades de negocio, documentos, estados y observaciones contractuales. Por su nombre agrupa entidad o catalogo legacy cuyo significado debe confirmarse por uso en codigo y datos. No tiene uso PHP directo en la evidencia; puede ser historica, consumida por SQL/vistas/procedimientos o estar fuera del alcance estatico.	SEMANTIC_REVERSE_ENGINEERING_CANDIDATE	SEMANTIC_INFERENCE_REVIEW_REQUIRED	con	DOMAIN_ENTITY_OR_LEGACY	LIKELY_PERSONAL_OR_SENSITIVE	UNKNOWN	0	0	NO_USAGE_FOUND
dashboard_bi_logs	.data_base/asgard.sql	957	DB-TABLE-92D70D07DEA635	Physical table declared in .data_base/asgard.sql	Tabla candidata del dominio dashboard: Auditoria o configuracion de dashboards e inteligencia de negocio. Por su nombre agrupa entidad o catalogo legacy cuyo significado debe confirmarse por uso en codigo y datos. No tiene uso PHP directo en la evidencia; puede ser historica, consumida por SQL/vistas/procedimientos o estar fuera del alcance estatico.	SEMANTIC_REVERSE_ENGINEERING_CANDIDATE	SEMANTIC_INFERENCE_REVIEW_REQUIRED	dashboard	AUDIT_LOG	UNKNOWN_OR_BUSINESS_DATA	UNKNOWN	0	0	NO_USAGE_FOUND
dav_accionrepeticion	.data_base/asgard.sql	971	DB-TABLE-6D3087F359A226	Physical table declared in .data_base/asgard.sql	Tabla candidata del dominio dav: Gestion aduanera, DAV/DAM, clientes, documentos, costos y procesos operativos de comercio exterior. Por su nombre agrupa entidad o catalogo legacy cuyo significado debe confirmarse por uso en codigo y datos. No tiene uso PHP directo en la evidencia; puede ser historica, consumida por SQL/vistas/procedimientos o estar fuera del alcance estatico.	SEMANTIC_REVERSE_ENGINEERING_CANDIDATE	SEMANTIC_INFERENCE_REVIEW_REQUIRED	dav	DOMAIN_ENTITY_OR_LEGACY	LIKELY_PERSONAL_OR_SENSITIVE	UNKNOWN	0	0	NO_USAGE_FOUND
dav_accionrepeticionregistro	.data_base/asgard.sql	987	DB-TABLE-B08D7B8E24DC86	Physical table declared in .data_base/asgard.sql	Tabla candidata del dominio dav: Gestion aduanera, DAV/DAM, clientes, documentos, costos y procesos operativos de comercio exterior. Por su nombre agrupa entidad o catalogo legacy cuyo significado debe confirmarse por uso en codigo y datos. No tiene uso PHP directo en la evidencia; puede ser historica, consumida por SQL/vistas/procedimientos o estar fuera del alcance estatico.	SEMANTIC_REVERSE_ENGINEERING_CANDIDATE	SEMANTIC_INFERENCE_REVIEW_REQUIRED	dav	DOMAIN_ENTITY_OR_LEGACY	LIKELY_PERSONAL_OR_SENSITIVE	UNKNOWN	0	0	NO_USAGE_FOUND
dav_acuerdo	.data_base/asgard.sql	1008	DB-TABLE-3553B7D144B4FF	Physical table declared in .data_base/asgard.sql	Tabla candidata del dominio dav: Gestion aduanera, DAV/DAM, clientes, documentos, costos y procesos operativos de comercio exterior. Por su nombre agrupa entidad o catalogo legacy cuyo significado debe confirmarse por uso en codigo y datos. Tiene lecturas observadas y parece actuar como consulta, catalogo o fuente de reporte.	SEMANTIC_REVERSE_ENGINEERING_CANDIDATE	SEMANTIC_INFERENCE_REVIEW_REQUIRED	dav	DOMAIN_ENTITY_OR_LEGACY	UNKNOWN_OR_BUSINESS_DATA	UNKNOWN	2	0	USED
dav_aduana	.data_base/asgard.sql	1022	DB-TABLE-BDE6E2E1DCA7ED	Physical table declared in .data_base/asgard.sql	Tabla candidata del dominio dav: Gestion aduanera, DAV/DAM, clientes, documentos, costos y procesos operativos de comercio exterior. Por su nombre agrupa aduana o entidad/parametro del tramite aduanero. Tiene lecturas observadas y parece actuar como consulta, catalogo o fuente de reporte.	SEMANTIC_REVERSE_ENGINEERING_CANDIDATE	SEMANTIC_INFERENCE_REVIEW_REQUIRED	dav	DOMAIN_ENTITY_OR_LEGACY	UNKNOWN_OR_BUSINESS_DATA	UNKNOWN	9	0	USED
dav_aduana_interiorscz	.data_base/asgard.sql	1039	DB-TABLE-CBAC3EE2CFD051	Physical table declared in .data_base/asgard.sql	Tabla candidata del dominio dav: Gestion aduanera, DAV/DAM, clientes, documentos, costos y procesos operativos de comercio exterior. Por su nombre agrupa aduana o entidad/parametro del tramite aduanero. No tiene uso PHP directo en la evidencia; puede ser historica, consumida por SQL/vistas/procedimientos o estar fuera del alcance estatico.	SEMANTIC_REVERSE_ENGINEERING_CANDIDATE	SEMANTIC_INFERENCE_REVIEW_REQUIRED	dav	DOMAIN_ENTITY_OR_LEGACY	UNKNOWN_OR_BUSINESS_DATA	UNKNOWN	0	0	NO_USAGE_FOUND
dav_aduanaemisor	.data_base/asgard.sql	1049	DB-TABLE-F6439D5F0D1B1E	Physical table declared in .data_base/asgard.sql	Tabla candidata del dominio dav: Gestion aduanera, DAV/DAM, clientes, documentos, costos y procesos operativos de comercio exterior. Por su nombre agrupa aduana o entidad/parametro del tramite aduanero. No tiene uso PHP directo en la evidencia; puede ser historica, consumida por SQL/vistas/procedimientos o estar fuera del alcance estatico.	SEMANTIC_REVERSE_ENGINEERING_CANDIDATE	SEMANTIC_INFERENCE_REVIEW_REQUIRED	dav	DOMAIN_ENTITY_OR_LEGACY	UNKNOWN_OR_BUSINESS_DATA	UNKNOWN	0	0	NO_USAGE_FOUND
dav_aerolineas	.data_base/asgard.sql	1064	DB-TABLE-4207FE755FDCA4	Physical table declared in .data_base/asgard.sql	Tabla candidata del dominio dav: Gestion aduanera, DAV/DAM, clientes, documentos, costos y procesos operativos de comercio exterior. Por su nombre agrupa entidad o catalogo legacy cuyo significado debe confirmarse por uso en codigo y datos. Tiene lecturas observadas y parece actuar como consulta, catalogo o fuente de reporte.	SEMANTIC_REVERSE_ENGINEERING_CANDIDATE	SEMANTIC_INFERENCE_REVIEW_REQUIRED	dav	DOMAIN_ENTITY_OR_LEGACY	UNKNOWN_OR_BUSINESS_DATA	UNKNOWN	2	0	USED
dav_aging	.data_base/asgard.sql	1075	DB-TABLE-18255C94890D3D	Physical table declared in .data_base/asgard.sql	Tabla candidata del dominio dav: Gestion aduanera, DAV/DAM, clientes, documentos, costos y procesos operativos de comercio exterior. Por su nombre agrupa entidad o catalogo legacy cuyo significado debe confirmarse por uso en codigo y datos. No tiene uso PHP directo en la evidencia; puede ser historica, consumida por SQL/vistas/procedimientos o estar fuera del alcance estatico.	SEMANTIC_REVERSE_ENGINEERING_CANDIDATE	SEMANTIC_INFERENCE_REVIEW_REQUIRED	dav	DOMAIN_ENTITY_OR_LEGACY	UNKNOWN_OR_BUSINESS_DATA	UNKNOWN	0	0	NO_USAGE_FOUND
dav_agrupado	.data_base/asgard.sql	1087	DB-TABLE-362A8437DF6DFA	Physical table declared in .data_base/asgard.sql	Tabla candidata del dominio dav: Gestion aduanera, DAV/DAM, clientes, documentos, costos y procesos operativos de comercio exterior. Por su nombre agrupa entidad o catalogo legacy cuyo significado debe confirmarse por uso en codigo y datos. No tiene uso PHP directo en la evidencia; puede ser historica, consumida por SQL/vistas/procedimientos o estar fuera del alcance estatico.	SEMANTIC_REVERSE_ENGINEERING_CANDIDATE	SEMANTIC_INFERENCE_REVIEW_REQUIRED	dav	DOMAIN_ENTITY_OR_LEGACY	UNKNOWN_OR_BUSINESS_DATA	UNKNOWN	0	0	NO_USAGE_FOUND
dav_agrupadopais	.data_base/asgard.sql	1098	DB-TABLE-9EA6C2240A4195	Physical table declared in .data_base/asgard.sql	Tabla candidata del dominio dav: Gestion aduanera, DAV/DAM, clientes, documentos, costos y procesos operativos de comercio exterior. Por su nombre agrupa entidad o catalogo legacy cuyo significado debe confirmarse por uso en codigo y datos. No tiene uso PHP directo en la evidencia; puede ser historica, consumida por SQL/vistas/procedimientos o estar fuera del alcance estatico.	SEMANTIC_REVERSE_ENGINEERING_CANDIDATE	SEMANTIC_INFERENCE_REVIEW_REQUIRED	dav	DOMAIN_ENTITY_OR_LEGACY	UNKNOWN_OR_BUSINESS_DATA	UNKNOWN	0	0	NO_USAGE_FOUND
dav_albofacturas	.data_base/asgard.sql	1109	DB-TABLE-054BE20EB15255	Physical table declared in .data_base/asgard.sql	Tabla candidata del dominio dav: Gestion aduanera, DAV/DAM, clientes, documentos, costos y procesos operativos de comercio exterior. Por su nombre agrupa facturas o documentos economicos/comerciales, factura o documento economico/comercial. No tiene uso PHP directo en la evidencia; puede ser historica, consumida por SQL/vistas/procedimientos o estar fuera del alcance estatico.	SEMANTIC_REVERSE_ENGINEERING_CANDIDATE	SEMANTIC_INFERENCE_REVIEW_REQUIRED	dav	DOMAIN_ENTITY_OR_LEGACY	UNKNOWN_OR_BUSINESS_DATA	UNKNOWN	0	0	NO_USAGE_FOUND
dav_alboreportediario	.data_base/asgard.sql	1137	DB-TABLE-D3F7AA620D67B0	Physical table declared in .data_base/asgard.sql	Tabla candidata del dominio dav: Gestion aduanera, DAV/DAM, clientes, documentos, costos y procesos operativos de comercio exterior. Por su nombre agrupa reporte, salida agregada o consulta de gestion. No tiene uso PHP directo en la evidencia; puede ser historica, consumida por SQL/vistas/procedimientos o estar fuera del alcance estatico.	SEMANTIC_REVERSE_ENGINEERING_CANDIDATE	SEMANTIC_INFERENCE_REVIEW_REQUIRED	dav	DOMAIN_ENTITY_OR_LEGACY	UNKNOWN_OR_BUSINESS_DATA	UNKNOWN	0	0	NO_USAGE_FOUND
dav_almacenadora	.data_base/asgard.sql	1152	DB-TABLE-672C8087D7DD40	Physical table declared in .data_base/asgard.sql	Tabla candidata del dominio dav: Gestion aduanera, DAV/DAM, clientes, documentos, costos y procesos operativos de comercio exterior. Por su nombre agrupa entidad o catalogo legacy cuyo significado debe confirmarse por uso en codigo y datos. No tiene uso PHP directo en la evidencia; puede ser historica, consumida por SQL/vistas/procedimientos o estar fuera del alcance estatico.	SEMANTIC_REVERSE_ENGINEERING_CANDIDATE	SEMANTIC_INFERENCE_REVIEW_REQUIRED	dav	DOMAIN_ENTITY_OR_LEGACY	UNKNOWN_OR_BUSINESS_DATA	UNKNOWN	0	0	NO_USAGE_FOUND
dav_aniochasis	.data_base/asgard.sql	1164	DB-TABLE-37183B47F83048	Physical table declared in .data_base/asgard.sql	Tabla candidata del dominio dav: Gestion aduanera, DAV/DAM, clientes, documentos, costos y procesos operativos de comercio exterior. Por su nombre agrupa entidad o catalogo legacy cuyo significado debe confirmarse por uso en codigo y datos. No tiene uso PHP directo en la evidencia; puede ser historica, consumida por SQL/vistas/procedimientos o estar fuera del alcance estatico.	SEMANTIC_REVERSE_ENGINEERING_CANDIDATE	SEMANTIC_INFERENCE_REVIEW_REQUIRED	dav	DOMAIN_ENTITY_OR_LEGACY	UNKNOWN_OR_BUSINESS_DATA	UNKNOWN	0	0	NO_USAGE_FOUND
dav_anticipos	.data_base/asgard.sql	1175	DB-TABLE-D15F6545DBFA36	Physical table declared in .data_base/asgard.sql	Tabla candidata del dominio dav: Gestion aduanera, DAV/DAM, clientes, documentos, costos y procesos operativos de comercio exterior. Por su nombre agrupa entidad o catalogo legacy cuyo significado debe confirmarse por uso en codigo y datos. Tiene lecturas observadas y parece actuar como consulta, catalogo o fuente de reporte.	SEMANTIC_REVERSE_ENGINEERING_CANDIDATE	SEMANTIC_INFERENCE_REVIEW_REQUIRED	dav	DOMAIN_ENTITY_OR_LEGACY	LIKELY_PERSONAL_OR_SENSITIVE	UNKNOWN	1	0	USED
dav_anticiposdevueltos	.data_base/asgard.sql	1202	DB-TABLE-F764AD3247D240	Physical table declared in .data_base/asgard.sql	Tabla candidata del dominio dav: Gestion aduanera, DAV/DAM, clientes, documentos, costos y procesos operativos de comercio exterior. Por su nombre agrupa entidad o catalogo legacy cuyo significado debe confirmarse por uso en codigo y datos. No tiene uso PHP directo en la evidencia; puede ser historica, consumida por SQL/vistas/procedimientos o estar fuera del alcance estatico.	SEMANTIC_REVERSE_ENGINEERING_CANDIDATE	SEMANTIC_INFERENCE_REVIEW_REQUIRED	dav	DOMAIN_ENTITY_OR_LEGACY	LIKELY_PERSONAL_OR_SENSITIVE	UNKNOWN	0	0	NO_USAGE_FOUND
dav_aps	.data_base/asgard.sql	1214	DB-TABLE-324E4F56209CBE	Physical table declared in .data_base/asgard.sql	Tabla candidata del dominio dav: Gestion aduanera, DAV/DAM, clientes, documentos, costos y procesos operativos de comercio exterior. Por su nombre agrupa entidad o catalogo legacy cuyo significado debe confirmarse por uso en codigo y datos. No tiene uso PHP directo en la evidencia; puede ser historica, consumida por SQL/vistas/procedimientos o estar fuera del alcance estatico.	SEMANTIC_REVERSE_ENGINEERING_CANDIDATE	SEMANTIC_INFERENCE_REVIEW_REQUIRED	dav	DOMAIN_ENTITY_OR_LEGACY	UNKNOWN_OR_BUSINESS_DATA	UNKNOWN	0	0	NO_USAGE_FOUND
dav_archivosautomatizados	.data_base/asgard.sql	1237	DB-TABLE-322904A2AE3250	Physical table declared in .data_base/asgard.sql	Tabla candidata del dominio dav: Gestion aduanera, DAV/DAM, clientes, documentos, costos y procesos operativos de comercio exterior. Por su nombre agrupa entidad o catalogo legacy cuyo significado debe confirmarse por uso en codigo y datos. No tiene uso PHP directo en la evidencia; puede ser historica, consumida por SQL/vistas/procedimientos o estar fuera del alcance estatico.	SEMANTIC_REVERSE_ENGINEERING_CANDIDATE	SEMANTIC_INFERENCE_REVIEW_REQUIRED	dav	DOMAIN_ENTITY_OR_LEGACY	UNKNOWN_OR_BUSINESS_DATA	UNKNOWN	0	0	NO_USAGE_FOUND
dav_archivosrobot_lpz	.data_base/asgard.sql	1252	DB-TABLE-1668D63964E954	Physical table declared in .data_base/asgard.sql	Tabla candidata del dominio dav: Gestion aduanera, DAV/DAM, clientes, documentos, costos y procesos operativos de comercio exterior. Por su nombre agrupa entidad o catalogo legacy cuyo significado debe confirmarse por uso en codigo y datos. No tiene uso PHP directo en la evidencia; puede ser historica, consumida por SQL/vistas/procedimientos o estar fuera del alcance estatico.	SEMANTIC_REVERSE_ENGINEERING_CANDIDATE	SEMANTIC_INFERENCE_REVIEW_REQUIRED	dav	DOMAIN_ENTITY_OR_LEGACY	UNKNOWN_OR_BUSINESS_DATA	UNKNOWN	0	0	NO_USAGE_FOUND
dav_archivosrobot_scz	.data_base/asgard.sql	1266	DB-TABLE-4BFECCEDE2F82E	Physical table declared in .data_base/asgard.sql	Tabla candidata del dominio dav: Gestion aduanera, DAV/DAM, clientes, documentos, costos y procesos operativos de comercio exterior. Por su nombre agrupa entidad o catalogo legacy cuyo significado debe confirmarse por uso en codigo y datos. No tiene uso PHP directo en la evidencia; puede ser historica, consumida por SQL/vistas/procedimientos o estar fuera del alcance estatico.	SEMANTIC_REVERSE_ENGINEERING_CANDIDATE	SEMANTIC_INFERENCE_REVIEW_REQUIRED	dav	DOMAIN_ENTITY_OR_LEGACY	UNKNOWN_OR_BUSINESS_DATA	UNKNOWN	0	0	NO_USAGE_FOUND
dav_area	.data_base/asgard.sql	1280	DB-TABLE-1EC8E97D198455	Physical table declared in .data_base/asgard.sql	Tabla candidata del dominio dav: Gestion aduanera, DAV/DAM, clientes, documentos, costos y procesos operativos de comercio exterior. Por su nombre agrupa entidad o catalogo legacy cuyo significado debe confirmarse por uso en codigo y datos. Tiene lecturas observadas y parece actuar como consulta, catalogo o fuente de reporte.	SEMANTIC_REVERSE_ENGINEERING_CANDIDATE	SEMANTIC_INFERENCE_REVIEW_REQUIRED	dav	DOMAIN_ENTITY_OR_LEGACY	UNKNOWN_OR_BUSINESS_DATA	UNKNOWN	1	0	USED
dav_autorizacionprevia	.data_base/asgard.sql	1291	DB-TABLE-1EEC9FC84B351E	Physical table declared in .data_base/asgard.sql	Tabla candidata del dominio dav: Gestion aduanera, DAV/DAM, clientes, documentos, costos y procesos operativos de comercio exterior. Por su nombre agrupa entidad o catalogo legacy cuyo significado debe confirmarse por uso en codigo y datos. Tiene lecturas observadas y parece actuar como consulta, catalogo o fuente de reporte.	SEMANTIC_REVERSE_ENGINEERING_CANDIDATE	SEMANTIC_INFERENCE_REVIEW_REQUIRED	dav	DOMAIN_ENTITY_OR_LEGACY	LIKELY_PERSONAL_OR_SENSITIVE	UNKNOWN	3	0	USED
dav_autorizacionprevia_copy1	.data_base/asgard.sql	1303	DB-TABLE-2D39725B3B5FC2	Physical table declared in .data_base/asgard.sql	Tabla candidata del dominio dav: Gestion aduanera, DAV/DAM, clientes, documentos, costos y procesos operativos de comercio exterior. Por su nombre agrupa entidad o catalogo legacy cuyo significado debe confirmarse por uso en codigo y datos. No tiene uso PHP directo en la evidencia; puede ser historica, consumida por SQL/vistas/procedimientos o estar fuera del alcance estatico.	SEMANTIC_REVERSE_ENGINEERING_CANDIDATE	SEMANTIC_INFERENCE_REVIEW_REQUIRED	dav	DOMAIN_ENTITY_OR_LEGACY	LIKELY_PERSONAL_OR_SENSITIVE	UNKNOWN	0	0	NO_USAGE_FOUND
dav_balance	.data_base/asgard.sql	1314	DB-TABLE-70B86255D8B317	Physical table declared in .data_base/asgard.sql	Tabla candidata del dominio dav: Gestion aduanera, DAV/DAM, clientes, documentos, costos y procesos operativos de comercio exterior. Por su nombre agrupa entidad o catalogo legacy cuyo significado debe confirmarse por uso en codigo y datos. Tiene lecturas observadas y parece actuar como consulta, catalogo o fuente de reporte.	SEMANTIC_REVERSE_ENGINEERING_CANDIDATE	SEMANTIC_INFERENCE_REVIEW_REQUIRED	dav	DOMAIN_ENTITY_OR_LEGACY	UNKNOWN_OR_BUSINESS_DATA	UNKNOWN	1	0	USED
dav_banco	.data_base/asgard.sql	1349	DB-TABLE-631A5D1CB5A455	Physical table declared in .data_base/asgard.sql	Tabla candidata del dominio dav: Gestion aduanera, DAV/DAM, clientes, documentos, costos y procesos operativos de comercio exterior. Por su nombre agrupa entidad o catalogo legacy cuyo significado debe confirmarse por uso en codigo y datos. Tiene lecturas observadas y parece actuar como consulta, catalogo o fuente de reporte.	SEMANTIC_REVERSE_ENGINEERING_CANDIDATE	SEMANTIC_INFERENCE_REVIEW_REQUIRED	dav	DOMAIN_ENTITY_OR_LEGACY	UNKNOWN_OR_BUSINESS_DATA	UNKNOWN	1	0	USED
dav_basedatosproveedor	.data_base/asgard.sql	1382	DB-TABLE-C81B4EA21CB3F0	Physical table declared in .data_base/asgard.sql	Tabla candidata del dominio dav: Gestion aduanera, DAV/DAM, clientes, documentos, costos y procesos operativos de comercio exterior. Por su nombre agrupa proveedor o tercero participante en el proceso. No tiene uso PHP directo en la evidencia; puede ser historica, consumida por SQL/vistas/procedimientos o estar fuera del alcance estatico.	SEMANTIC_REVERSE_ENGINEERING_CANDIDATE	SEMANTIC_INFERENCE_REVIEW_REQUIRED	dav	DOMAIN_ENTITY_OR_LEGACY	UNKNOWN_OR_BUSINESS_DATA	UNKNOWN	0	0	NO_USAGE_FOUND
dav_basedatostipovinculacion	.data_base/asgard.sql	1421	DB-TABLE-8570E45BEA9D25	Physical table declared in .data_base/asgard.sql	Tabla candidata del dominio dav: Gestion aduanera, DAV/DAM, clientes, documentos, costos y procesos operativos de comercio exterior. Por su nombre agrupa tipo/clasificador que parametriza la regla o pantalla. No tiene uso PHP directo en la evidencia; puede ser historica, consumida por SQL/vistas/procedimientos o estar fuera del alcance estatico.	SEMANTIC_REVERSE_ENGINEERING_CANDIDATE	SEMANTIC_INFERENCE_REVIEW_REQUIRED	dav	DOMAIN_ENTITY_OR_LEGACY	LIKELY_PERSONAL_OR_SENSITIVE	UNKNOWN	0	0	NO_USAGE_FOUND
dav_calcos	.data_base/asgard.sql	1436	DB-TABLE-7D7A90EEAE9B26	Physical table declared in .data_base/asgard.sql	Tabla candidata del dominio dav: Gestion aduanera, DAV/DAM, clientes, documentos, costos y procesos operativos de comercio exterior. Por su nombre agrupa entidad o catalogo legacy cuyo significado debe confirmarse por uso en codigo y datos. No tiene uso PHP directo en la evidencia; puede ser historica, consumida por SQL/vistas/procedimientos o estar fuera del alcance estatico.	SEMANTIC_REVERSE_ENGINEERING_CANDIDATE	SEMANTIC_INFERENCE_REVIEW_REQUIRED	dav	DOMAIN_ENTITY_OR_LEGACY	UNKNOWN_OR_BUSINESS_DATA	UNKNOWN	0	0	NO_USAGE_FOUND
dav_calculocomision	.data_base/asgard.sql	1453	DB-TABLE-D443B0F02624F3	Physical table declared in .data_base/asgard.sql	Tabla candidata del dominio dav: Gestion aduanera, DAV/DAM, clientes, documentos, costos y procesos operativos de comercio exterior. Por su nombre agrupa entidad o catalogo legacy cuyo significado debe confirmarse por uso en codigo y datos. No tiene uso PHP directo en la evidencia; puede ser historica, consumida por SQL/vistas/procedimientos o estar fuera del alcance estatico.	SEMANTIC_REVERSE_ENGINEERING_CANDIDATE	SEMANTIC_INFERENCE_REVIEW_REQUIRED	dav	DOMAIN_ENTITY_OR_LEGACY	UNKNOWN_OR_BUSINESS_DATA	UNKNOWN	0	0	NO_USAGE_FOUND
dav_calculoice	.data_base/asgard.sql	1463	DB-TABLE-07024D083FA6C2	Physical table declared in .data_base/asgard.sql	Tabla candidata del dominio dav: Gestion aduanera, DAV/DAM, clientes, documentos, costos y procesos operativos de comercio exterior. Por su nombre agrupa entidad o catalogo legacy cuyo significado debe confirmarse por uso en codigo y datos. Tiene lecturas observadas y parece actuar como consulta, catalogo o fuente de reporte.	SEMANTIC_REVERSE_ENGINEERING_CANDIDATE	SEMANTIC_INFERENCE_REVIEW_REQUIRED	dav	DOMAIN_ENTITY_OR_LEGACY	UNKNOWN_OR_BUSINESS_DATA	UNKNOWN	1	0	USED
dav_calculokpiflete	.data_base/asgard.sql	1475	DB-TABLE-98A03A8E939210	Physical table declared in .data_base/asgard.sql	Tabla candidata del dominio dav: Gestion aduanera, DAV/DAM, clientes, documentos, costos y procesos operativos de comercio exterior. Por su nombre agrupa entidad o catalogo legacy cuyo significado debe confirmarse por uso en codigo y datos. Tiene lecturas observadas y parece actuar como consulta, catalogo o fuente de reporte.	SEMANTIC_REVERSE_ENGINEERING_CANDIDATE	SEMANTIC_INFERENCE_REVIEW_REQUIRED	dav	DOMAIN_ENTITY_OR_LEGACY	UNKNOWN_OR_BUSINESS_DATA	UNKNOWN	1	0	USED
dav_canal	.data_base/asgard.sql	1491	DB-TABLE-A8353732697E5F	Physical table declared in .data_base/asgard.sql	Tabla candidata del dominio dav: Gestion aduanera, DAV/DAM, clientes, documentos, costos y procesos operativos de comercio exterior. Por su nombre agrupa entidad o catalogo legacy cuyo significado debe confirmarse por uso en codigo y datos. Tiene lecturas observadas y parece actuar como consulta, catalogo o fuente de reporte.	SEMANTIC_REVERSE_ENGINEERING_CANDIDATE	SEMANTIC_INFERENCE_REVIEW_REQUIRED	dav	DOMAIN_ENTITY_OR_LEGACY	UNKNOWN_OR_BUSINESS_DATA	UNKNOWN	1	0	USED
dav_carta	.data_base/asgard.sql	1502	DB-TABLE-1DD7053E8431E5	Physical table declared in .data_base/asgard.sql	Tabla candidata del dominio dav: Gestion aduanera, DAV/DAM, clientes, documentos, costos y procesos operativos de comercio exterior. Por su nombre agrupa entidad o catalogo legacy cuyo significado debe confirmarse por uso en codigo y datos. Tiene lecturas observadas y parece actuar como consulta, catalogo o fuente de reporte.	SEMANTIC_REVERSE_ENGINEERING_CANDIDATE	SEMANTIC_INFERENCE_REVIEW_REQUIRED	dav	DOMAIN_ENTITY_OR_LEGACY	UNKNOWN_OR_BUSINESS_DATA	UNKNOWN	1	0	USED
dav_casos	.data_base/asgard.sql	1520	DB-TABLE-4F449341204BEB	Physical table declared in .data_base/asgard.sql	Tabla candidata del dominio dav: Gestion aduanera, DAV/DAM, clientes, documentos, costos y procesos operativos de comercio exterior. Por su nombre agrupa entidad o catalogo legacy cuyo significado debe confirmarse por uso en codigo y datos. Tiene lectura y escritura observada, por lo que probablemente participa en un flujo transaccional activo.	SEMANTIC_REVERSE_ENGINEERING_CANDIDATE	SEMANTIC_INFERENCE_REVIEW_REQUIRED	dav	DOMAIN_ENTITY_OR_LEGACY	UNKNOWN_OR_BUSINESS_DATA	UNKNOWN	23	3	USED
dav_casos_copy	.data_base/asgard.sql	2000	DB-TABLE-4F2D97598FF939	Physical table declared in .data_base/asgard.sql	Tabla candidata del dominio dav: Gestion aduanera, DAV/DAM, clientes, documentos, costos y procesos operativos de comercio exterior. Por su nombre agrupa entidad o catalogo legacy cuyo significado debe confirmarse por uso en codigo y datos. No tiene uso PHP directo en la evidencia; puede ser historica, consumida por SQL/vistas/procedimientos o estar fuera del alcance estatico.	SEMANTIC_REVERSE_ENGINEERING_CANDIDATE	SEMANTIC_INFERENCE_REVIEW_REQUIRED	dav	DOMAIN_ENTITY_OR_LEGACY	UNKNOWN_OR_BUSINESS_DATA	UNKNOWN	0	0	NO_USAGE_FOUND
dav_casosdevueltos	.data_base/asgard.sql	2198	DB-TABLE-E48992CE4D336C	Physical table declared in .data_base/asgard.sql	Tabla candidata del dominio dav: Gestion aduanera, DAV/DAM, clientes, documentos, costos y procesos operativos de comercio exterior. Por su nombre agrupa entidad o catalogo legacy cuyo significado debe confirmarse por uso en codigo y datos. Tiene lecturas observadas y parece actuar como consulta, catalogo o fuente de reporte.	SEMANTIC_REVERSE_ENGINEERING_CANDIDATE	SEMANTIC_INFERENCE_REVIEW_REQUIRED	dav	DOMAIN_ENTITY_OR_LEGACY	UNKNOWN_OR_BUSINESS_DATA	UNKNOWN	1	0	USED
dav_casosprevios	.data_base/asgard.sql	2214	DB-TABLE-E274738E4A2741	Physical table declared in .data_base/asgard.sql	Tabla candidata del dominio dav: Gestion aduanera, DAV/DAM, clientes, documentos, costos y procesos operativos de comercio exterior. Por su nombre agrupa entidad o catalogo legacy cuyo significado debe confirmarse por uso en codigo y datos. Tiene lectura y escritura observada, por lo que probablemente participa en un flujo transaccional activo.	SEMANTIC_REVERSE_ENGINEERING_CANDIDATE	SEMANTIC_INFERENCE_REVIEW_REQUIRED	dav	DOMAIN_ENTITY_OR_LEGACY	UNKNOWN_OR_BUSINESS_DATA	UNKNOWN	22	3	USED
dav_casosregistrodocumentos	.data_base/asgard.sql	2299	DB-TABLE-D9BF47EB37EF4A	Physical table declared in .data_base/asgard.sql	Tabla candidata del dominio dav: Gestion aduanera, DAV/DAM, clientes, documentos, costos y procesos operativos de comercio exterior. Por su nombre agrupa documentos o soportes asociados al expediente, documento o soporte asociado al expediente. No tiene uso PHP directo en la evidencia; puede ser historica, consumida por SQL/vistas/procedimientos o estar fuera del alcance estatico.	SEMANTIC_REVERSE_ENGINEERING_CANDIDATE	SEMANTIC_INFERENCE_REVIEW_REQUIRED	dav	DOMAIN_ENTITY_OR_LEGACY	UNKNOWN_OR_BUSINESS_DATA	UNKNOWN	0	0	NO_USAGE_FOUND
dav_casossubcontravencion	.data_base/asgard.sql	2311	DB-TABLE-1FF99F1A027931	Physical table declared in .data_base/asgard.sql	Tabla candidata del dominio dav: Gestion aduanera, DAV/DAM, clientes, documentos, costos y procesos operativos de comercio exterior. Por su nombre agrupa entidad o catalogo legacy cuyo significado debe confirmarse por uso en codigo y datos. Tiene lecturas observadas y parece actuar como consulta, catalogo o fuente de reporte.	SEMANTIC_REVERSE_ENGINEERING_CANDIDATE	SEMANTIC_INFERENCE_REVIEW_REQUIRED	dav	DOMAIN_ENTITY_OR_LEGACY	LIKELY_PERSONAL_OR_SENSITIVE	UNKNOWN	1	0	USED
dav_casostarea	.data_base/asgard.sql	2326	DB-TABLE-985F0838072165	Physical table declared in .data_base/asgard.sql	Tabla candidata del dominio dav: Gestion aduanera, DAV/DAM, clientes, documentos, costos y procesos operativos de comercio exterior. Por su nombre agrupa entidad o catalogo legacy cuyo significado debe confirmarse por uso en codigo y datos. Tiene lecturas observadas y parece actuar como consulta, catalogo o fuente de reporte.	SEMANTIC_REVERSE_ENGINEERING_CANDIDATE	SEMANTIC_INFERENCE_REVIEW_REQUIRED	dav	DOMAIN_ENTITY_OR_LEGACY	UNKNOWN_OR_BUSINESS_DATA	UNKNOWN	1	0	USED
dav_casostributos	.data_base/asgard.sql	2338	DB-TABLE-DDD1F9CBCDB65F	Physical table declared in .data_base/asgard.sql	Tabla candidata del dominio dav: Gestion aduanera, DAV/DAM, clientes, documentos, costos y procesos operativos de comercio exterior. Por su nombre agrupa entidad o catalogo legacy cuyo significado debe confirmarse por uso en codigo y datos. No tiene uso PHP directo en la evidencia; puede ser historica, consumida por SQL/vistas/procedimientos o estar fuera del alcance estatico.	SEMANTIC_REVERSE_ENGINEERING_CANDIDATE	SEMANTIC_INFERENCE_REVIEW_REQUIRED	dav	DOMAIN_ENTITY_OR_LEGACY	UNKNOWN_OR_BUSINESS_DATA	UNKNOWN	0	0	NO_USAGE_FOUND
dav_categoriacliente	.data_base/asgard.sql	2350	DB-TABLE-619F9A27148AAD	Physical table declared in .data_base/asgard.sql	Tabla candidata del dominio dav: Gestion aduanera, DAV/DAM, clientes, documentos, costos y procesos operativos de comercio exterior. Por su nombre agrupa cliente/tenant propietario de la operacion o filtro de visibilidad. No tiene uso PHP directo en la evidencia; puede ser historica, consumida por SQL/vistas/procedimientos o estar fuera del alcance estatico.	SEMANTIC_REVERSE_ENGINEERING_CANDIDATE	SEMANTIC_INFERENCE_REVIEW_REQUIRED	dav	DOMAIN_ENTITY_OR_LEGACY	UNKNOWN_OR_BUSINESS_DATA	UNKNOWN	0	0	NO_USAGE_FOUND
dav_certificado_abastecimiento	.data_base/asgard.sql	2360	DB-TABLE-60CDCF98CEAEF1	Physical table declared in .data_base/asgard.sql	Tabla candidata del dominio dav: Gestion aduanera, DAV/DAM, clientes, documentos, costos y procesos operativos de comercio exterior. Por su nombre agrupa entidad o catalogo legacy cuyo significado debe confirmarse por uso en codigo y datos. No tiene uso PHP directo en la evidencia; puede ser historica, consumida por SQL/vistas/procedimientos o estar fuera del alcance estatico.	SEMANTIC_REVERSE_ENGINEERING_CANDIDATE	SEMANTIC_INFERENCE_REVIEW_REQUIRED	dav	DOMAIN_ENTITY_OR_LEGACY	LIKELY_PERSONAL_OR_SENSITIVE	UNKNOWN	0	0	NO_USAGE_FOUND
dav_certificados	.data_base/asgard.sql	2371	DB-TABLE-EBA3C48283D214	Physical table declared in .data_base/asgard.sql	Tabla candidata del dominio dav: Gestion aduanera, DAV/DAM, clientes, documentos, costos y procesos operativos de comercio exterior. Por su nombre agrupa entidad o catalogo legacy cuyo significado debe confirmarse por uso en codigo y datos. No tiene uso PHP directo en la evidencia; puede ser historica, consumida por SQL/vistas/procedimientos o estar fuera del alcance estatico.	SEMANTIC_REVERSE_ENGINEERING_CANDIDATE	SEMANTIC_INFERENCE_REVIEW_REQUIRED	dav	DOMAIN_ENTITY_OR_LEGACY	UNKNOWN_OR_BUSINESS_DATA	UNKNOWN	0	0	NO_USAGE_FOUND
dav_certificadosareaaplicacion	.data_base/asgard.sql	2405	DB-TABLE-5DF0FEF44D8B18	Physical table declared in .data_base/asgard.sql	Tabla candidata del dominio dav: Gestion aduanera, DAV/DAM, clientes, documentos, costos y procesos operativos de comercio exterior. Por su nombre agrupa entidad o catalogo legacy cuyo significado debe confirmarse por uso en codigo y datos. No tiene uso PHP directo en la evidencia; puede ser historica, consumida por SQL/vistas/procedimientos o estar fuera del alcance estatico.	SEMANTIC_REVERSE_ENGINEERING_CANDIDATE	SEMANTIC_INFERENCE_REVIEW_REQUIRED	dav	DOMAIN_ENTITY_OR_LEGACY	LIKELY_PERSONAL_OR_SENSITIVE	UNKNOWN	0	0	NO_USAGE_FOUND
dav_certificadosestados	.data_base/asgard.sql	2418	DB-TABLE-B33E71CCEACA33	Physical table declared in .data_base/asgard.sql	Tabla candidata del dominio dav: Gestion aduanera, DAV/DAM, clientes, documentos, costos y procesos operativos de comercio exterior. Por su nombre agrupa estados de ciclo de vida o clasificacion operacional, estado de ciclo de vida o clasificacion operacional. No tiene uso PHP directo en la evidencia; puede ser historica, consumida por SQL/vistas/procedimientos o estar fuera del alcance estatico.	SEMANTIC_REVERSE_ENGINEERING_CANDIDATE	SEMANTIC_INFERENCE_REVIEW_REQUIRED	dav	DOMAIN_ENTITY_OR_LEGACY	UNKNOWN_OR_BUSINESS_DATA	UNKNOWN	0	0	NO_USAGE_FOUND
dav_certificadosnotificaciones	.data_base/asgard.sql	2432	DB-TABLE-4AC864FB590EEB	Physical table declared in .data_base/asgard.sql	Tabla candidata del dominio dav: Gestion aduanera, DAV/DAM, clientes, documentos, costos y procesos operativos de comercio exterior. Por su nombre agrupa entidad o catalogo legacy cuyo significado debe confirmarse por uso en codigo y datos. Tiene lecturas observadas y parece actuar como consulta, catalogo o fuente de reporte.	SEMANTIC_REVERSE_ENGINEERING_CANDIDATE	SEMANTIC_INFERENCE_REVIEW_REQUIRED	dav	DOMAIN_ENTITY_OR_LEGACY	LIKELY_PERSONAL_OR_SENSITIVE	UNKNOWN	1	0	USED
dav_certificadostipodocumento	.data_base/asgard.sql	2468	DB-TABLE-A906C5AB4FB952	Physical table declared in .data_base/asgard.sql	Tabla candidata del dominio dav: Gestion aduanera, DAV/DAM, clientes, documentos, costos y procesos operativos de comercio exterior. Por su nombre agrupa documento o soporte asociado al expediente, tipo/clasificador que parametriza la regla o pantalla. No tiene uso PHP directo en la evidencia; puede ser historica, consumida por SQL/vistas/procedimientos o estar fuera del alcance estatico.	SEMANTIC_REVERSE_ENGINEERING_CANDIDATE	SEMANTIC_INFERENCE_REVIEW_REQUIRED	dav	DOMAIN_ENTITY_OR_LEGACY	UNKNOWN_OR_BUSINESS_DATA	UNKNOWN	0	0	NO_USAGE_FOUND
dav_certificadosunidad	.data_base/asgard.sql	2481	DB-TABLE-6234BA12C550B1	Physical table declared in .data_base/asgard.sql	Tabla candidata del dominio dav: Gestion aduanera, DAV/DAM, clientes, documentos, costos y procesos operativos de comercio exterior. Por su nombre agrupa entidad o catalogo legacy cuyo significado debe confirmarse por uso en codigo y datos. No tiene uso PHP directo en la evidencia; puede ser historica, consumida por SQL/vistas/procedimientos o estar fuera del alcance estatico.	SEMANTIC_REVERSE_ENGINEERING_CANDIDATE	SEMANTIC_INFERENCE_REVIEW_REQUIRED	dav	DOMAIN_ENTITY_OR_LEGACY	UNKNOWN_OR_BUSINESS_DATA	UNKNOWN	0	0	NO_USAGE_FOUND
dav_cite	.data_base/asgard.sql	2494	DB-TABLE-D45EF4329DAB14	Physical table declared in .data_base/asgard.sql	Tabla candidata del dominio dav: Gestion aduanera, DAV/DAM, clientes, documentos, costos y procesos operativos de comercio exterior. Por su nombre agrupa entidad o catalogo legacy cuyo significado debe confirmarse por uso en codigo y datos. Tiene lecturas observadas y parece actuar como consulta, catalogo o fuente de reporte.	SEMANTIC_REVERSE_ENGINEERING_CANDIDATE	SEMANTIC_INFERENCE_REVIEW_REQUIRED	dav	DOMAIN_ENTITY_OR_LEGACY	LIKELY_PERSONAL_OR_SENSITIVE	UNKNOWN	1	0	USED
dav_citeendosos	.data_base/asgard.sql	2532	DB-TABLE-694A2F886C96D3	Physical table declared in .data_base/asgard.sql	Tabla candidata del dominio dav: Gestion aduanera, DAV/DAM, clientes, documentos, costos y procesos operativos de comercio exterior. Por su nombre agrupa entidad o catalogo legacy cuyo significado debe confirmarse por uso en codigo y datos. No tiene uso PHP directo en la evidencia; puede ser historica, consumida por SQL/vistas/procedimientos o estar fuera del alcance estatico.	SEMANTIC_REVERSE_ENGINEERING_CANDIDATE	SEMANTIC_INFERENCE_REVIEW_REQUIRED	dav	DOMAIN_ENTITY_OR_LEGACY	LIKELY_PERSONAL_OR_SENSITIVE	UNKNOWN	0	0	NO_USAGE_FOUND
dav_ciudad	.data_base/asgard.sql	2550	DB-TABLE-E5D5EDD0CA84F6	Physical table declared in .data_base/asgard.sql	Tabla candidata del dominio dav: Gestion aduanera, DAV/DAM, clientes, documentos, costos y procesos operativos de comercio exterior. Por su nombre agrupa entidad o catalogo legacy cuyo significado debe confirmarse por uso en codigo y datos. Tiene lecturas observadas y parece actuar como consulta, catalogo o fuente de reporte.	SEMANTIC_REVERSE_ENGINEERING_CANDIDATE	SEMANTIC_INFERENCE_REVIEW_REQUIRED	dav	DOMAIN_ENTITY_OR_LEGACY	LIKELY_PERSONAL_OR_SENSITIVE	UNKNOWN	8	0	USED
dav_clase	.data_base/asgard.sql	2590	DB-TABLE-7B659CA68892B8	Physical table declared in .data_base/asgard.sql	Tabla candidata del dominio dav: Gestion aduanera, DAV/DAM, clientes, documentos, costos y procesos operativos de comercio exterior. Por su nombre agrupa entidad o catalogo legacy cuyo significado debe confirmarse por uso en codigo y datos. No tiene uso PHP directo en la evidencia; puede ser historica, consumida por SQL/vistas/procedimientos o estar fuera del alcance estatico.	SEMANTIC_REVERSE_ENGINEERING_CANDIDATE	SEMANTIC_INFERENCE_REVIEW_REQUIRED	dav	DOMAIN_ENTITY_OR_LEGACY	UNKNOWN_OR_BUSINESS_DATA	UNKNOWN	0	0	NO_USAGE_FOUND
dav_cliente	.data_base/asgard.sql	2600	DB-TABLE-D9BB379D32DA3E	Physical table declared in .data_base/asgard.sql	Tabla candidata del dominio dav: Gestion aduanera, DAV/DAM, clientes, documentos, costos y procesos operativos de comercio exterior. Por su nombre agrupa cliente/tenant propietario de la operacion o filtro de visibilidad. Tiene lectura y escritura observada, por lo que probablemente participa en un flujo transaccional activo.	SEMANTIC_REVERSE_ENGINEERING_CANDIDATE	SEMANTIC_INFERENCE_REVIEW_REQUIRED	dav	DOMAIN_ENTITY_OR_LEGACY	UNKNOWN_OR_BUSINESS_DATA	UNKNOWN	21	1	USED
dav_cliente_almacen_contactos	.data_base/asgard.sql	2660	DB-TABLE-6D52CD3435E96C	Physical table declared in .data_base/asgard.sql	Tabla candidata del dominio dav: Gestion aduanera, DAV/DAM, clientes, documentos, costos y procesos operativos de comercio exterior. Por su nombre agrupa cliente/tenant propietario de la operacion o filtro de visibilidad, personas de contacto y sus datos de comunicacion, persona de contacto y sus datos de comunicacion. No tiene uso PHP directo en la evidencia; puede ser historica, consumida por SQL/vistas/procedimientos o estar fuera del alcance estatico.	SEMANTIC_REVERSE_ENGINEERING_CANDIDATE	SEMANTIC_INFERENCE_REVIEW_REQUIRED	dav	DOMAIN_ENTITY_OR_LEGACY	LIKELY_PERSONAL_OR_SENSITIVE	UNKNOWN	0	0	NO_USAGE_FOUND
dav_cliente_interno	.data_base/asgard.sql	2676	DB-TABLE-A872A6F3764E08	Physical table declared in .data_base/asgard.sql	Tabla candidata del dominio dav: Gestion aduanera, DAV/DAM, clientes, documentos, costos y procesos operativos de comercio exterior. Por su nombre agrupa cliente/tenant propietario de la operacion o filtro de visibilidad. Tiene lecturas observadas y parece actuar como consulta, catalogo o fuente de reporte.	SEMANTIC_REVERSE_ENGINEERING_CANDIDATE	SEMANTIC_INFERENCE_REVIEW_REQUIRED	dav	DOMAIN_ENTITY_OR_LEGACY	UNKNOWN_OR_BUSINESS_DATA	UNKNOWN	1	0	USED
dav_cliente_usuarios_firmantes	.data_base/asgard.sql	2689	DB-TABLE-3868CEED3EB338	Physical table declared in .data_base/asgard.sql	Tabla candidata del dominio dav: Gestion aduanera, DAV/DAM, clientes, documentos, costos y procesos operativos de comercio exterior. Por su nombre agrupa cliente/tenant propietario de la operacion o filtro de visibilidad. Tiene lectura y escritura observada, por lo que probablemente participa en un flujo transaccional activo.	SEMANTIC_REVERSE_ENGINEERING_CANDIDATE	SEMANTIC_INFERENCE_REVIEW_REQUIRED	dav	DOMAIN_ENTITY_OR_LEGACY	LIKELY_PERSONAL_OR_SENSITIVE	UNKNOWN	2	1	USED
dav_clientealmacen	.data_base/asgard.sql	2710	DB-TABLE-EA4B596E77152A	Physical table declared in .data_base/asgard.sql	Tabla candidata del dominio dav: Gestion aduanera, DAV/DAM, clientes, documentos, costos y procesos operativos de comercio exterior. Por su nombre agrupa cliente/tenant propietario de la operacion o filtro de visibilidad. Tiene lecturas observadas y parece actuar como consulta, catalogo o fuente de reporte.	SEMANTIC_REVERSE_ENGINEERING_CANDIDATE	SEMANTIC_INFERENCE_REVIEW_REQUIRED	dav	DOMAIN_ENTITY_OR_LEGACY	UNKNOWN_OR_BUSINESS_DATA	UNKNOWN	4	0	USED
dav_clientecliente	.data_base/asgard.sql	2722	DB-TABLE-FE6636CF741E04	Physical table declared in .data_base/asgard.sql	Tabla candidata del dominio dav: Gestion aduanera, DAV/DAM, clientes, documentos, costos y procesos operativos de comercio exterior. Por su nombre agrupa cliente/tenant propietario de la operacion o filtro de visibilidad. No tiene uso PHP directo en la evidencia; puede ser historica, consumida por SQL/vistas/procedimientos o estar fuera del alcance estatico.	SEMANTIC_REVERSE_ENGINEERING_CANDIDATE	SEMANTIC_INFERENCE_REVIEW_REQUIRED	dav	DOMAIN_ENTITY_OR_LEGACY	UNKNOWN_OR_BUSINESS_DATA	UNKNOWN	0	0	NO_USAGE_FOUND
dav_clientecomision	.data_base/asgard.sql	2733	DB-TABLE-F27769B44C3481	Physical table declared in .data_base/asgard.sql	Tabla candidata del dominio dav: Gestion aduanera, DAV/DAM, clientes, documentos, costos y procesos operativos de comercio exterior. Por su nombre agrupa cliente/tenant propietario de la operacion o filtro de visibilidad. No tiene uso PHP directo en la evidencia; puede ser historica, consumida por SQL/vistas/procedimientos o estar fuera del alcance estatico.	SEMANTIC_REVERSE_ENGINEERING_CANDIDATE	SEMANTIC_INFERENCE_REVIEW_REQUIRED	dav	DOMAIN_ENTITY_OR_LEGACY	UNKNOWN_OR_BUSINESS_DATA	UNKNOWN	0	0	NO_USAGE_FOUND
dav_clientecomision1	.data_base/asgard.sql	2752	DB-TABLE-2DD25120727D41	Physical table declared in .data_base/asgard.sql	Tabla candidata del dominio dav: Gestion aduanera, DAV/DAM, clientes, documentos, costos y procesos operativos de comercio exterior. Por su nombre agrupa cliente/tenant propietario de la operacion o filtro de visibilidad. No tiene uso PHP directo en la evidencia; puede ser historica, consumida por SQL/vistas/procedimientos o estar fuera del alcance estatico.	SEMANTIC_REVERSE_ENGINEERING_CANDIDATE	SEMANTIC_INFERENCE_REVIEW_REQUIRED	dav	DOMAIN_ENTITY_OR_LEGACY	UNKNOWN_OR_BUSINESS_DATA	UNKNOWN	0	0	NO_USAGE_FOUND
dav_clientecomision2	.data_base/asgard.sql	2771	DB-TABLE-8D79BC21A56F5C	Physical table declared in .data_base/asgard.sql	Tabla candidata del dominio dav: Gestion aduanera, DAV/DAM, clientes, documentos, costos y procesos operativos de comercio exterior. Por su nombre agrupa cliente/tenant propietario de la operacion o filtro de visibilidad. Tiene lecturas observadas y parece actuar como consulta, catalogo o fuente de reporte.	SEMANTIC_REVERSE_ENGINEERING_CANDIDATE	SEMANTIC_INFERENCE_REVIEW_REQUIRED	dav	DOMAIN_ENTITY_OR_LEGACY	UNKNOWN_OR_BUSINESS_DATA	UNKNOWN	1	0	USED
dav_clientecomisionmaestro	.data_base/asgard.sql	2787	DB-TABLE-A305A470EA8D8A	Physical table declared in .data_base/asgard.sql	Tabla candidata del dominio dav: Gestion aduanera, DAV/DAM, clientes, documentos, costos y procesos operativos de comercio exterior. Por su nombre agrupa cliente/tenant propietario de la operacion o filtro de visibilidad. No tiene uso PHP directo en la evidencia; puede ser historica, consumida por SQL/vistas/procedimientos o estar fuera del alcance estatico.	SEMANTIC_REVERSE_ENGINEERING_CANDIDATE	SEMANTIC_INFERENCE_REVIEW_REQUIRED	dav	DOMAIN_ENTITY_OR_LEGACY	UNKNOWN_OR_BUSINESS_DATA	UNKNOWN	0	0	NO_USAGE_FOUND
dav_clientecomisionmaestro1	.data_base/asgard.sql	2801	DB-TABLE-738354779793C0	Physical table declared in .data_base/asgard.sql	Tabla candidata del dominio dav: Gestion aduanera, DAV/DAM, clientes, documentos, costos y procesos operativos de comercio exterior. Por su nombre agrupa cliente/tenant propietario de la operacion o filtro de visibilidad. No tiene uso PHP directo en la evidencia; puede ser historica, consumida por SQL/vistas/procedimientos o estar fuera del alcance estatico.	SEMANTIC_REVERSE_ENGINEERING_CANDIDATE	SEMANTIC_INFERENCE_REVIEW_REQUIRED	dav	DOMAIN_ENTITY_OR_LEGACY	UNKNOWN_OR_BUSINESS_DATA	UNKNOWN	0	0	NO_USAGE_FOUND
dav_clientecomisionmaestro2	.data_base/asgard.sql	2815	DB-TABLE-E911D5E3EBC2D2	Physical table declared in .data_base/asgard.sql	Tabla candidata del dominio dav: Gestion aduanera, DAV/DAM, clientes, documentos, costos y procesos operativos de comercio exterior. Por su nombre agrupa cliente/tenant propietario de la operacion o filtro de visibilidad. Tiene lecturas observadas y parece actuar como consulta, catalogo o fuente de reporte.	SEMANTIC_REVERSE_ENGINEERING_CANDIDATE	SEMANTIC_INFERENCE_REVIEW_REQUIRED	dav	DOMAIN_ENTITY_OR_LEGACY	UNKNOWN_OR_BUSINESS_DATA	UNKNOWN	1	0	USED
dav_clientecomisionmaestro2_copy1	.data_base/asgard.sql	2830	DB-TABLE-5691A7D0582FD9	Physical table declared in .data_base/asgard.sql	Tabla candidata del dominio dav: Gestion aduanera, DAV/DAM, clientes, documentos, costos y procesos operativos de comercio exterior. Por su nombre agrupa cliente/tenant propietario de la operacion o filtro de visibilidad. No tiene uso PHP directo en la evidencia; puede ser historica, consumida por SQL/vistas/procedimientos o estar fuera del alcance estatico.	SEMANTIC_REVERSE_ENGINEERING_CANDIDATE	SEMANTIC_INFERENCE_REVIEW_REQUIRED	dav	DOMAIN_ENTITY_OR_LEGACY	UNKNOWN_OR_BUSINESS_DATA	UNKNOWN	0	0	NO_USAGE_FOUND
dav_clientecomisionmaestroregimen	.data_base/asgard.sql	2845	DB-TABLE-E12D4CD81C0FF5	Physical table declared in .data_base/asgard.sql	Tabla candidata del dominio dav: Gestion aduanera, DAV/DAM, clientes, documentos, costos y procesos operativos de comercio exterior. Por su nombre agrupa cliente/tenant propietario de la operacion o filtro de visibilidad. No tiene uso PHP directo en la evidencia; puede ser historica, consumida por SQL/vistas/procedimientos o estar fuera del alcance estatico.	SEMANTIC_REVERSE_ENGINEERING_CANDIDATE	SEMANTIC_INFERENCE_REVIEW_REQUIRED	dav	DOMAIN_ENTITY_OR_LEGACY	UNKNOWN_OR_BUSINESS_DATA	UNKNOWN	0	0	NO_USAGE_FOUND
dav_clienteconcepto	.data_base/asgard.sql	2856	DB-TABLE-4ADB8EB0118496	Physical table declared in .data_base/asgard.sql	Tabla candidata del dominio dav: Gestion aduanera, DAV/DAM, clientes, documentos, costos y procesos operativos de comercio exterior. Por su nombre agrupa cliente/tenant propietario de la operacion o filtro de visibilidad. No tiene uso PHP directo en la evidencia; puede ser historica, consumida por SQL/vistas/procedimientos o estar fuera del alcance estatico.	SEMANTIC_REVERSE_ENGINEERING_CANDIDATE	SEMANTIC_INFERENCE_REVIEW_REQUIRED	dav	DOMAIN_ENTITY_OR_LEGACY	UNKNOWN_OR_BUSINESS_DATA	UNKNOWN	0	0	NO_USAGE_FOUND
dav_clienteconceptoaduana	.data_base/asgard.sql	2872	DB-TABLE-5378284A7886C7	Physical table declared in .data_base/asgard.sql	Tabla candidata del dominio dav: Gestion aduanera, DAV/DAM, clientes, documentos, costos y procesos operativos de comercio exterior. Por su nombre agrupa cliente/tenant propietario de la operacion o filtro de visibilidad, aduana o entidad/parametro del tramite aduanero. No tiene uso PHP directo en la evidencia; puede ser historica, consumida por SQL/vistas/procedimientos o estar fuera del alcance estatico.	SEMANTIC_REVERSE_ENGINEERING_CANDIDATE	SEMANTIC_INFERENCE_REVIEW_REQUIRED	dav	DOMAIN_ENTITY_OR_LEGACY	UNKNOWN_OR_BUSINESS_DATA	UNKNOWN	0	0	NO_USAGE_FOUND
dav_clienteconceptolinea	.data_base/asgard.sql	2883	DB-TABLE-5C0E7AF07868BE	Physical table declared in .data_base/asgard.sql	Tabla candidata del dominio dav: Gestion aduanera, DAV/DAM, clientes, documentos, costos y procesos operativos de comercio exterior. Por su nombre agrupa cliente/tenant propietario de la operacion o filtro de visibilidad. No tiene uso PHP directo en la evidencia; puede ser historica, consumida por SQL/vistas/procedimientos o estar fuera del alcance estatico.	SEMANTIC_REVERSE_ENGINEERING_CANDIDATE	SEMANTIC_INFERENCE_REVIEW_REQUIRED	dav	DOMAIN_ENTITY_OR_LEGACY	UNKNOWN_OR_BUSINESS_DATA	UNKNOWN	0	0	NO_USAGE_FOUND
dav_clienteconceptoregimen	.data_base/asgard.sql	2894	DB-TABLE-DFA6FD8BBF5072	Physical table declared in .data_base/asgard.sql	Tabla candidata del dominio dav: Gestion aduanera, DAV/DAM, clientes, documentos, costos y procesos operativos de comercio exterior. Por su nombre agrupa cliente/tenant propietario de la operacion o filtro de visibilidad. No tiene uso PHP directo en la evidencia; puede ser historica, consumida por SQL/vistas/procedimientos o estar fuera del alcance estatico.	SEMANTIC_REVERSE_ENGINEERING_CANDIDATE	SEMANTIC_INFERENCE_REVIEW_REQUIRED	dav	DOMAIN_ENTITY_OR_LEGACY	UNKNOWN_OR_BUSINESS_DATA	UNKNOWN	0	0	NO_USAGE_FOUND
dav_clientedeclarante	.data_base/asgard.sql	2905	DB-TABLE-F131B91E734AA0	Physical table declared in .data_base/asgard.sql	Tabla candidata del dominio dav: Gestion aduanera, DAV/DAM, clientes, documentos, costos y procesos operativos de comercio exterior. Por su nombre agrupa cliente/tenant propietario de la operacion o filtro de visibilidad. Tiene lecturas observadas y parece actuar como consulta, catalogo o fuente de reporte.	SEMANTIC_REVERSE_ENGINEERING_CANDIDATE	SEMANTIC_INFERENCE_REVIEW_REQUIRED	dav	DOMAIN_ENTITY_OR_LEGACY	UNKNOWN_OR_BUSINESS_DATA	UNKNOWN	3	0	USED
dav_clientedocumento	.data_base/asgard.sql	2919	DB-TABLE-7CFF6E26615B46	Physical table declared in .data_base/asgard.sql	Tabla candidata del dominio dav: Gestion aduanera, DAV/DAM, clientes, documentos, costos y procesos operativos de comercio exterior. Por su nombre agrupa documento o soporte asociado al expediente, cliente/tenant propietario de la operacion o filtro de visibilidad. No tiene uso PHP directo en la evidencia; puede ser historica, consumida por SQL/vistas/procedimientos o estar fuera del alcance estatico.	SEMANTIC_REVERSE_ENGINEERING_CANDIDATE	SEMANTIC_INFERENCE_REVIEW_REQUIRED	dav	DOMAIN_ENTITY_OR_LEGACY	UNKNOWN_OR_BUSINESS_DATA	UNKNOWN	0	0	NO_USAGE_FOUND
dav_clientedptocites	.data_base/asgard.sql	2930	DB-TABLE-825AD4D63EDD6A	Physical table declared in .data_base/asgard.sql	Tabla candidata del dominio dav: Gestion aduanera, DAV/DAM, clientes, documentos, costos y procesos operativos de comercio exterior. Por su nombre agrupa cliente/tenant propietario de la operacion o filtro de visibilidad. No tiene uso PHP directo en la evidencia; puede ser historica, consumida por SQL/vistas/procedimientos o estar fuera del alcance estatico.	SEMANTIC_REVERSE_ENGINEERING_CANDIDATE	SEMANTIC_INFERENCE_REVIEW_REQUIRED	dav	DOMAIN_ENTITY_OR_LEGACY	LIKELY_PERSONAL_OR_SENSITIVE	UNKNOWN	0	0	NO_USAGE_FOUND
dav_clientefacturaanulada	.data_base/asgard.sql	2941	DB-TABLE-7807854517CD4E	Physical table declared in .data_base/asgard.sql	Tabla candidata del dominio dav: Gestion aduanera, DAV/DAM, clientes, documentos, costos y procesos operativos de comercio exterior. Por su nombre agrupa cliente/tenant propietario de la operacion o filtro de visibilidad, factura o documento economico/comercial. Tiene lecturas observadas y parece actuar como consulta, catalogo o fuente de reporte.	SEMANTIC_REVERSE_ENGINEERING_CANDIDATE	SEMANTIC_INFERENCE_REVIEW_REQUIRED	dav	DOMAIN_ENTITY_OR_LEGACY	UNKNOWN_OR_BUSINESS_DATA	UNKNOWN	2	0	USED
dav_clientegastos	.data_base/asgard.sql	2960	DB-TABLE-F5C09113163F11	Physical table declared in .data_base/asgard.sql	Tabla candidata del dominio dav: Gestion aduanera, DAV/DAM, clientes, documentos, costos y procesos operativos de comercio exterior. Por su nombre agrupa cliente/tenant propietario de la operacion o filtro de visibilidad. No tiene uso PHP directo en la evidencia; puede ser historica, consumida por SQL/vistas/procedimientos o estar fuera del alcance estatico.	SEMANTIC_REVERSE_ENGINEERING_CANDIDATE	SEMANTIC_INFERENCE_REVIEW_REQUIRED	dav	DOMAIN_ENTITY_OR_LEGACY	UNKNOWN_OR_BUSINESS_DATA	UNKNOWN	0	0	NO_USAGE_FOUND
dav_clientegastosdespacho	.data_base/asgard.sql	2975	DB-TABLE-493F28754F91FB	Physical table declared in .data_base/asgard.sql	Tabla candidata del dominio dav: Gestion aduanera, DAV/DAM, clientes, documentos, costos y procesos operativos de comercio exterior. Por su nombre agrupa cliente/tenant propietario de la operacion o filtro de visibilidad. Tiene lecturas observadas y parece actuar como consulta, catalogo o fuente de reporte.	SEMANTIC_REVERSE_ENGINEERING_CANDIDATE	SEMANTIC_INFERENCE_REVIEW_REQUIRED	dav	DOMAIN_ENTITY_OR_LEGACY	UNKNOWN_OR_BUSINESS_DATA	UNKNOWN	1	0	USED
dav_clientegastosdespacho1	.data_base/asgard.sql	2992	DB-TABLE-DB501A8B920F67	Physical table declared in .data_base/asgard.sql	Tabla candidata del dominio dav: Gestion aduanera, DAV/DAM, clientes, documentos, costos y procesos operativos de comercio exterior. Por su nombre agrupa cliente/tenant propietario de la operacion o filtro de visibilidad. No tiene uso PHP directo en la evidencia; puede ser historica, consumida por SQL/vistas/procedimientos o estar fuera del alcance estatico.	SEMANTIC_REVERSE_ENGINEERING_CANDIDATE	SEMANTIC_INFERENCE_REVIEW_REQUIRED	dav	DOMAIN_ENTITY_OR_LEGACY	UNKNOWN_OR_BUSINESS_DATA	UNKNOWN	0	0	NO_USAGE_FOUND
dav_clientegastosdespacho2	.data_base/asgard.sql	3009	DB-TABLE-46070511B8E91B	Physical table declared in .data_base/asgard.sql	Tabla candidata del dominio dav: Gestion aduanera, DAV/DAM, clientes, documentos, costos y procesos operativos de comercio exterior. Por su nombre agrupa cliente/tenant propietario de la operacion o filtro de visibilidad. Tiene lecturas observadas y parece actuar como consulta, catalogo o fuente de reporte.	SEMANTIC_REVERSE_ENGINEERING_CANDIDATE	SEMANTIC_INFERENCE_REVIEW_REQUIRED	dav	DOMAIN_ENTITY_OR_LEGACY	UNKNOWN_OR_BUSINESS_DATA	UNKNOWN	2	0	USED
dav_clientegastosdespacho2_copy1	.data_base/asgard.sql	3028	DB-TABLE-109F9B8514527E	Physical table declared in .data_base/asgard.sql	Tabla candidata del dominio dav: Gestion aduanera, DAV/DAM, clientes, documentos, costos y procesos operativos de comercio exterior. Por su nombre agrupa cliente/tenant propietario de la operacion o filtro de visibilidad. No tiene uso PHP directo en la evidencia; puede ser historica, consumida por SQL/vistas/procedimientos o estar fuera del alcance estatico.	SEMANTIC_REVERSE_ENGINEERING_CANDIDATE	SEMANTIC_INFERENCE_REVIEW_REQUIRED	dav	DOMAIN_ENTITY_OR_LEGACY	UNKNOWN_OR_BUSINESS_DATA	UNKNOWN	0	0	NO_USAGE_FOUND
dav_clientelineas	.data_base/asgard.sql	3045	DB-TABLE-B096D5134B78BD	Physical table declared in .data_base/asgard.sql	Tabla candidata del dominio dav: Gestion aduanera, DAV/DAM, clientes, documentos, costos y procesos operativos de comercio exterior. Por su nombre agrupa cliente/tenant propietario de la operacion o filtro de visibilidad. Tiene lecturas observadas y parece actuar como consulta, catalogo o fuente de reporte.	SEMANTIC_REVERSE_ENGINEERING_CANDIDATE	SEMANTIC_INFERENCE_REVIEW_REQUIRED	dav	DOMAIN_ENTITY_OR_LEGACY	UNKNOWN_OR_BUSINESS_DATA	UNKNOWN	11	0	USED
dav_clientemailsedp	.data_base/asgard.sql	3057	DB-TABLE-991400D9538BE4	Physical table declared in .data_base/asgard.sql	Tabla candidata del dominio dav: Gestion aduanera, DAV/DAM, clientes, documentos, costos y procesos operativos de comercio exterior. Por su nombre agrupa cliente/tenant propietario de la operacion o filtro de visibilidad, correo electronico o evento de envio por email. No tiene uso PHP directo en la evidencia; puede ser historica, consumida por SQL/vistas/procedimientos o estar fuera del alcance estatico.	SEMANTIC_REVERSE_ENGINEERING_CANDIDATE	SEMANTIC_INFERENCE_REVIEW_REQUIRED	dav	DOMAIN_ENTITY_OR_LEGACY	LIKELY_PERSONAL_OR_SENSITIVE	UNKNOWN	0	0	NO_USAGE_FOUND
dav_clientemailsentregacarga	.data_base/asgard.sql	3070	DB-TABLE-1E3A6751AD2DE6	Physical table declared in .data_base/asgard.sql	Tabla candidata del dominio dav: Gestion aduanera, DAV/DAM, clientes, documentos, costos y procesos operativos de comercio exterior. Por su nombre agrupa cliente/tenant propietario de la operacion o filtro de visibilidad, carga transportada o unidad operativa de transporte, correo electronico o evento de envio por email. No tiene uso PHP directo en la evidencia; puede ser historica, consumida por SQL/vistas/procedimientos o estar fuera del alcance estatico.	SEMANTIC_REVERSE_ENGINEERING_CANDIDATE	SEMANTIC_INFERENCE_REVIEW_REQUIRED	dav	DOMAIN_ENTITY_OR_LEGACY	LIKELY_PERSONAL_OR_SENSITIVE	UNKNOWN	0	0	NO_USAGE_FOUND
dav_clientemailsenvioplanilla	.data_base/asgard.sql	3085	DB-TABLE-DE9BD4F99E4450	Physical table declared in .data_base/asgard.sql	Tabla candidata del dominio dav: Gestion aduanera, DAV/DAM, clientes, documentos, costos y procesos operativos de comercio exterior. Por su nombre agrupa planilla o documento operativo/financiero generado, cliente/tenant propietario de la operacion o filtro de visibilidad, correo electronico o evento de envio por email. No tiene uso PHP directo en la evidencia; puede ser historica, consumida por SQL/vistas/procedimientos o estar fuera del alcance estatico.	SEMANTIC_REVERSE_ENGINEERING_CANDIDATE	SEMANTIC_INFERENCE_REVIEW_REQUIRED	dav	DOMAIN_ENTITY_OR_LEGACY	LIKELY_PERSONAL_OR_SENSITIVE	UNKNOWN	0	0	NO_USAGE_FOUND
dav_clientemailsform1	.data_base/asgard.sql	3098	DB-TABLE-6D9B25A31933C2	Physical table declared in .data_base/asgard.sql	Tabla candidata del dominio dav: Gestion aduanera, DAV/DAM, clientes, documentos, costos y procesos operativos de comercio exterior. Por su nombre agrupa cliente/tenant propietario de la operacion o filtro de visibilidad, correo electronico o evento de envio por email. No tiene uso PHP directo en la evidencia; puede ser historica, consumida por SQL/vistas/procedimientos o estar fuera del alcance estatico.	SEMANTIC_REVERSE_ENGINEERING_CANDIDATE	SEMANTIC_INFERENCE_REVIEW_REQUIRED	dav	DOMAIN_ENTITY_OR_LEGACY	LIKELY_PERSONAL_OR_SENSITIVE	UNKNOWN	0	0	NO_USAGE_FOUND
dav_clientemailsliquidacion	.data_base/asgard.sql	3111	DB-TABLE-5CD5F231FAC24D	Physical table declared in .data_base/asgard.sql	Tabla candidata del dominio dav: Gestion aduanera, DAV/DAM, clientes, documentos, costos y procesos operativos de comercio exterior. Por su nombre agrupa cliente/tenant propietario de la operacion o filtro de visibilidad, correo electronico o evento de envio por email. No tiene uso PHP directo en la evidencia; puede ser historica, consumida por SQL/vistas/procedimientos o estar fuera del alcance estatico.	SEMANTIC_REVERSE_ENGINEERING_CANDIDATE	SEMANTIC_INFERENCE_REVIEW_REQUIRED	dav	DOMAIN_ENTITY_OR_LEGACY	LIKELY_PERSONAL_OR_SENSITIVE	UNKNOWN	0	0	NO_USAGE_FOUND
dav_clientemailsmigracionruat	.data_base/asgard.sql	3125	DB-TABLE-423A67790C76C1	Physical table declared in .data_base/asgard.sql	Tabla candidata del dominio dav: Gestion aduanera, DAV/DAM, clientes, documentos, costos y procesos operativos de comercio exterior. Por su nombre agrupa cliente/tenant propietario de la operacion o filtro de visibilidad, correo electronico o evento de envio por email. No tiene uso PHP directo en la evidencia; puede ser historica, consumida por SQL/vistas/procedimientos o estar fuera del alcance estatico.	SEMANTIC_REVERSE_ENGINEERING_CANDIDATE	SEMANTIC_INFERENCE_REVIEW_REQUIRED	dav	DOMAIN_ENTITY_OR_LEGACY	LIKELY_PERSONAL_OR_SENSITIVE	UNKNOWN	0	0	NO_USAGE_FOUND
dav_clientemailsnotificacionarchivos	.data_base/asgard.sql	3137	DB-TABLE-1CA8BC98688EDF	Physical table declared in .data_base/asgard.sql	Tabla candidata del dominio dav: Gestion aduanera, DAV/DAM, clientes, documentos, costos y procesos operativos de comercio exterior. Por su nombre agrupa cliente/tenant propietario de la operacion o filtro de visibilidad, correo electronico o evento de envio por email. No tiene uso PHP directo en la evidencia; puede ser historica, consumida por SQL/vistas/procedimientos o estar fuera del alcance estatico.	SEMANTIC_REVERSE_ENGINEERING_CANDIDATE	SEMANTIC_INFERENCE_REVIEW_REQUIRED	dav	DOMAIN_ENTITY_OR_LEGACY	LIKELY_PERSONAL_OR_SENSITIVE	UNKNOWN	0	0	NO_USAGE_FOUND
dav_clientemailspagos	.data_base/asgard.sql	3150	DB-TABLE-4FED9385300C08	Physical table declared in .data_base/asgard.sql	Tabla candidata del dominio dav: Gestion aduanera, DAV/DAM, clientes, documentos, costos y procesos operativos de comercio exterior. Por su nombre agrupa cliente/tenant propietario de la operacion o filtro de visibilidad, pagos o movimientos economicos, pago o movimiento economico, correo electronico o evento de envio por email. No tiene uso PHP directo en la evidencia; puede ser historica, consumida por SQL/vistas/procedimientos o estar fuera del alcance estatico.	SEMANTIC_REVERSE_ENGINEERING_CANDIDATE	SEMANTIC_INFERENCE_REVIEW_REQUIRED	dav	DOMAIN_ENTITY_OR_LEGACY	LIKELY_PERSONAL_OR_SENSITIVE	UNKNOWN	0	0	NO_USAGE_FOUND
dav_clientemailsplanilla	.data_base/asgard.sql	3163	DB-TABLE-E719CF2ADA4065	Physical table declared in .data_base/asgard.sql	Tabla candidata del dominio dav: Gestion aduanera, DAV/DAM, clientes, documentos, costos y procesos operativos de comercio exterior. Por su nombre agrupa planilla o documento operativo/financiero generado, cliente/tenant propietario de la operacion o filtro de visibilidad, correo electronico o evento de envio por email. No tiene uso PHP directo en la evidencia; puede ser historica, consumida por SQL/vistas/procedimientos o estar fuera del alcance estatico.	SEMANTIC_REVERSE_ENGINEERING_CANDIDATE	SEMANTIC_INFERENCE_REVIEW_REQUIRED	dav	DOMAIN_ENTITY_OR_LEGACY	LIKELY_PERSONAL_OR_SENSITIVE	UNKNOWN	0	0	NO_USAGE_FOUND
dav_clientemailsreqfondos	.data_base/asgard.sql	3182	DB-TABLE-093C7BA0E24B14	Physical table declared in .data_base/asgard.sql	Tabla candidata del dominio dav: Gestion aduanera, DAV/DAM, clientes, documentos, costos y procesos operativos de comercio exterior. Por su nombre agrupa cliente/tenant propietario de la operacion o filtro de visibilidad, correo electronico o evento de envio por email. No tiene uso PHP directo en la evidencia; puede ser historica, consumida por SQL/vistas/procedimientos o estar fuera del alcance estatico.	SEMANTIC_REVERSE_ENGINEERING_CANDIDATE	SEMANTIC_INFERENCE_REVIEW_REQUIRED	dav	DOMAIN_ENTITY_OR_LEGACY	LIKELY_PERSONAL_OR_SENSITIVE	UNKNOWN	0	0	NO_USAGE_FOUND
dav_clientemailssalidacarga	.data_base/asgard.sql	3194	DB-TABLE-063EFF54C59476	Physical table declared in .data_base/asgard.sql	Tabla candidata del dominio dav: Gestion aduanera, DAV/DAM, clientes, documentos, costos y procesos operativos de comercio exterior. Por su nombre agrupa cliente/tenant propietario de la operacion o filtro de visibilidad, carga transportada o unidad operativa de transporte, correo electronico o evento de envio por email. No tiene uso PHP directo en la evidencia; puede ser historica, consumida por SQL/vistas/procedimientos o estar fuera del alcance estatico.	SEMANTIC_REVERSE_ENGINEERING_CANDIDATE	SEMANTIC_INFERENCE_REVIEW_REQUIRED	dav	DOMAIN_ENTITY_OR_LEGACY	LIKELY_PERSONAL_OR_SENSITIVE	UNKNOWN	0	0	NO_USAGE_FOUND
dav_clientemailsvalidacion	.data_base/asgard.sql	3209	DB-TABLE-706C05F350E485	Physical table declared in .data_base/asgard.sql	Tabla candidata del dominio dav: Gestion aduanera, DAV/DAM, clientes, documentos, costos y procesos operativos de comercio exterior. Por su nombre agrupa cliente/tenant propietario de la operacion o filtro de visibilidad, correo electronico o evento de envio por email. No tiene uso PHP directo en la evidencia; puede ser historica, consumida por SQL/vistas/procedimientos o estar fuera del alcance estatico.	SEMANTIC_REVERSE_ENGINEERING_CANDIDATE	SEMANTIC_INFERENCE_REVIEW_REQUIRED	dav	DOMAIN_ENTITY_OR_LEGACY	LIKELY_PERSONAL_OR_SENSITIVE	UNKNOWN	0	0	NO_USAGE_FOUND
dav_clienteotroservicio	.data_base/asgard.sql	3221	DB-TABLE-E1A92D68744AD8	Physical table declared in .data_base/asgard.sql	Tabla candidata del dominio dav: Gestion aduanera, DAV/DAM, clientes, documentos, costos y procesos operativos de comercio exterior. Por su nombre agrupa cliente/tenant propietario de la operacion o filtro de visibilidad. No tiene uso PHP directo en la evidencia; puede ser historica, consumida por SQL/vistas/procedimientos o estar fuera del alcance estatico.	SEMANTIC_REVERSE_ENGINEERING_CANDIDATE	SEMANTIC_INFERENCE_REVIEW_REQUIRED	dav	DOMAIN_ENTITY_OR_LEGACY	LIKELY_PERSONAL_OR_SENSITIVE	UNKNOWN	0	0	NO_USAGE_FOUND
dav_clienteproveedor	.data_base/asgard.sql	3232	DB-TABLE-206BCE58E52102	Physical table declared in .data_base/asgard.sql	Tabla candidata del dominio dav: Gestion aduanera, DAV/DAM, clientes, documentos, costos y procesos operativos de comercio exterior. Por su nombre agrupa proveedor o tercero participante en el proceso, cliente/tenant propietario de la operacion o filtro de visibilidad. Tiene lectura y escritura observada, por lo que probablemente participa en un flujo transaccional activo.	SEMANTIC_REVERSE_ENGINEERING_CANDIDATE	SEMANTIC_INFERENCE_REVIEW_REQUIRED	dav	DOMAIN_ENTITY_OR_LEGACY	UNKNOWN_OR_BUSINESS_DATA	UNKNOWN	7	2	USED
dav_clientereportescliente	.data_base/asgard.sql	3248	DB-TABLE-F742BDA626B56A	Physical table declared in .data_base/asgard.sql	Tabla candidata del dominio dav: Gestion aduanera, DAV/DAM, clientes, documentos, costos y procesos operativos de comercio exterior. Por su nombre agrupa reportes, salidas agregadas o consultas de gestion, cliente/tenant propietario de la operacion o filtro de visibilidad, reporte, salida agregada o consulta de gestion. Tiene lecturas observadas y parece actuar como consulta, catalogo o fuente de reporte.	SEMANTIC_REVERSE_ENGINEERING_CANDIDATE	SEMANTIC_INFERENCE_REVIEW_REQUIRED	dav	DOMAIN_ENTITY_OR_LEGACY	UNKNOWN_OR_BUSINESS_DATA	UNKNOWN	2	0	USED
dav_clientetipoproducto	.data_base/asgard.sql	3259	DB-TABLE-7DA8F04D3EE3D1	Physical table declared in .data_base/asgard.sql	Tabla candidata del dominio dav: Gestion aduanera, DAV/DAM, clientes, documentos, costos y procesos operativos de comercio exterior. Por su nombre agrupa cliente/tenant propietario de la operacion o filtro de visibilidad, tipo/clasificador que parametriza la regla o pantalla. Tiene lecturas observadas y parece actuar como consulta, catalogo o fuente de reporte.	SEMANTIC_REVERSE_ENGINEERING_CANDIDATE	SEMANTIC_INFERENCE_REVIEW_REQUIRED	dav	DOMAIN_ENTITY_OR_LEGACY	UNKNOWN_OR_BUSINESS_DATA	UNKNOWN	2	0	USED
dav_clientetransportista	.data_base/asgard.sql	3270	DB-TABLE-843168B8E953DF	Physical table declared in .data_base/asgard.sql	Tabla candidata del dominio dav: Gestion aduanera, DAV/DAM, clientes, documentos, costos y procesos operativos de comercio exterior. Por su nombre agrupa cliente/tenant propietario de la operacion o filtro de visibilidad. Tiene lectura y escritura observada, por lo que probablemente participa en un flujo transaccional activo.	SEMANTIC_REVERSE_ENGINEERING_CANDIDATE	SEMANTIC_INFERENCE_REVIEW_REQUIRED	dav	DOMAIN_ENTITY_OR_LEGACY	UNKNOWN_OR_BUSINESS_DATA	UNKNOWN	11	2	USED
dav_clienteusuarios	.data_base/asgard.sql	3306	DB-TABLE-E11F7674780977	Physical table declared in .data_base/asgard.sql	Tabla candidata del dominio dav: Gestion aduanera, DAV/DAM, clientes, documentos, costos y procesos operativos de comercio exterior. Por su nombre agrupa cliente/tenant propietario de la operacion o filtro de visibilidad. Tiene lectura y escritura observada, por lo que probablemente participa en un flujo transaccional activo.	SEMANTIC_REVERSE_ENGINEERING_CANDIDATE	SEMANTIC_INFERENCE_REVIEW_REQUIRED	dav	DOMAIN_ENTITY_OR_LEGACY	LIKELY_PERSONAL_OR_SENSITIVE	UNKNOWN	16	3	USED
dav_clienteusuariospermisos	.data_base/asgard.sql	3339	DB-TABLE-7FEB7AA246127B	Physical table declared in .data_base/asgard.sql	Tabla candidata del dominio dav: Gestion aduanera, DAV/DAM, clientes, documentos, costos y procesos operativos de comercio exterior. Por su nombre agrupa cliente/tenant propietario de la operacion o filtro de visibilidad. Tiene lecturas observadas y parece actuar como consulta, catalogo o fuente de reporte.	SEMANTIC_REVERSE_ENGINEERING_CANDIDATE	SEMANTIC_INFERENCE_REVIEW_REQUIRED	dav	DOMAIN_ENTITY_OR_LEGACY	LIKELY_PERSONAL_OR_SENSITIVE	UNKNOWN	3	0	USED
dav_clienteusuariospermisos_bi_ai	.data_base/asgard.sql	3354	DB-TABLE-92E2D817128233	Physical table declared in .data_base/asgard.sql	Tabla candidata del dominio dav: Gestion aduanera, DAV/DAM, clientes, documentos, costos y procesos operativos de comercio exterior. Por su nombre agrupa cliente/tenant propietario de la operacion o filtro de visibilidad. No tiene uso PHP directo en la evidencia; puede ser historica, consumida por SQL/vistas/procedimientos o estar fuera del alcance estatico.	SEMANTIC_REVERSE_ENGINEERING_CANDIDATE	SEMANTIC_INFERENCE_REVIEW_REQUIRED	dav	DOMAIN_ENTITY_OR_LEGACY	LIKELY_PERSONAL_OR_SENSITIVE	UNKNOWN	0	0	NO_USAGE_FOUND
dav_cobros	.data_base/asgard.sql	3374	DB-TABLE-C2F8EE4EEF8699	Physical table declared in .data_base/asgard.sql	Tabla candidata del dominio dav: Gestion aduanera, DAV/DAM, clientes, documentos, costos y procesos operativos de comercio exterior. Por su nombre agrupa entidad o catalogo legacy cuyo significado debe confirmarse por uso en codigo y datos. Tiene lecturas observadas y parece actuar como consulta, catalogo o fuente de reporte.	SEMANTIC_REVERSE_ENGINEERING_CANDIDATE	SEMANTIC_INFERENCE_REVIEW_REQUIRED	dav	DOMAIN_ENTITY_OR_LEGACY	UNKNOWN_OR_BUSINESS_DATA	UNKNOWN	1	0	USED
dav_codigocomprobante	.data_base/asgard.sql	3401	DB-TABLE-CF632CE45EA915	Physical table declared in .data_base/asgard.sql	Tabla candidata del dominio dav: Gestion aduanera, DAV/DAM, clientes, documentos, costos y procesos operativos de comercio exterior. Por su nombre agrupa entidad o catalogo legacy cuyo significado debe confirmarse por uso en codigo y datos. No tiene uso PHP directo en la evidencia; puede ser historica, consumida por SQL/vistas/procedimientos o estar fuera del alcance estatico.	SEMANTIC_REVERSE_ENGINEERING_CANDIDATE	SEMANTIC_INFERENCE_REVIEW_REQUIRED	dav	DOMAIN_ENTITY_OR_LEGACY	UNKNOWN_OR_BUSINESS_DATA	UNKNOWN	0	0	NO_USAGE_FOUND
dav_codigomiscelaneo	.data_base/asgard.sql	3412	DB-TABLE-A568A091E1FE4E	Physical table declared in .data_base/asgard.sql	Tabla candidata del dominio dav: Gestion aduanera, DAV/DAM, clientes, documentos, costos y procesos operativos de comercio exterior. Por su nombre agrupa entidad o catalogo legacy cuyo significado debe confirmarse por uso en codigo y datos. No tiene uso PHP directo en la evidencia; puede ser historica, consumida por SQL/vistas/procedimientos o estar fuera del alcance estatico.	SEMANTIC_REVERSE_ENGINEERING_CANDIDATE	SEMANTIC_INFERENCE_REVIEW_REQUIRED	dav	DOMAIN_ENTITY_OR_LEGACY	UNKNOWN_OR_BUSINESS_DATA	UNKNOWN	0	0	NO_USAGE_FOUND
dav_codigos_2fa	.data_base/asgard.sql	3423	DB-TABLE-11F0BD243279B2	Physical table declared in .data_base/asgard.sql	Tabla candidata del dominio dav: Gestion aduanera, DAV/DAM, clientes, documentos, costos y procesos operativos de comercio exterior. Por su nombre agrupa entidad o catalogo legacy cuyo significado debe confirmarse por uso en codigo y datos. Tiene lecturas observadas y parece actuar como consulta, catalogo o fuente de reporte.	SEMANTIC_REVERSE_ENGINEERING_CANDIDATE	SEMANTIC_INFERENCE_REVIEW_REQUIRED	dav	DOMAIN_ENTITY_OR_LEGACY	UNKNOWN_OR_BUSINESS_DATA	UNKNOWN	1	0	USED
dav_codigoyar	.data_base/asgard.sql	3439	DB-TABLE-F8B83685CF99FD	Physical table declared in .data_base/asgard.sql	Tabla candidata del dominio dav: Gestion aduanera, DAV/DAM, clientes, documentos, costos y procesos operativos de comercio exterior. Por su nombre agrupa entidad o catalogo legacy cuyo significado debe confirmarse por uso en codigo y datos. No tiene uso PHP directo en la evidencia; puede ser historica, consumida por SQL/vistas/procedimientos o estar fuera del alcance estatico.	SEMANTIC_REVERSE_ENGINEERING_CANDIDATE	SEMANTIC_INFERENCE_REVIEW_REQUIRED	dav	DOMAIN_ENTITY_OR_LEGACY	UNKNOWN_OR_BUSINESS_DATA	UNKNOWN	0	0	NO_USAGE_FOUND
dav_coeficienteiva	.data_base/asgard.sql	3451	DB-TABLE-0A70630297A829	Physical table declared in .data_base/asgard.sql	Tabla candidata del dominio dav: Gestion aduanera, DAV/DAM, clientes, documentos, costos y procesos operativos de comercio exterior. Por su nombre agrupa entidad o catalogo legacy cuyo significado debe confirmarse por uso en codigo y datos. No tiene uso PHP directo en la evidencia; puede ser historica, consumida por SQL/vistas/procedimientos o estar fuera del alcance estatico.	SEMANTIC_REVERSE_ENGINEERING_CANDIDATE	SEMANTIC_INFERENCE_REVIEW_REQUIRED	dav	DOMAIN_ENTITY_OR_LEGACY	LIKELY_PERSONAL_OR_SENSITIVE	UNKNOWN	0	0	NO_USAGE_FOUND
dav_color	.data_base/asgard.sql	3463	DB-TABLE-BA3DDBB9BB4D17	Physical table declared in .data_base/asgard.sql	Tabla candidata del dominio dav: Gestion aduanera, DAV/DAM, clientes, documentos, costos y procesos operativos de comercio exterior. Por su nombre agrupa entidad o catalogo legacy cuyo significado debe confirmarse por uso en codigo y datos. No tiene uso PHP directo en la evidencia; puede ser historica, consumida por SQL/vistas/procedimientos o estar fuera del alcance estatico.	SEMANTIC_REVERSE_ENGINEERING_CANDIDATE	SEMANTIC_INFERENCE_REVIEW_REQUIRED	dav	DOMAIN_ENTITY_OR_LEGACY	UNKNOWN_OR_BUSINESS_DATA	UNKNOWN	0	0	NO_USAGE_FOUND
dav_columnasdavfdm	.data_base/asgard.sql	3473	DB-TABLE-38DB35A5A2B968	Physical table declared in .data_base/asgard.sql	Tabla candidata del dominio dav: Gestion aduanera, DAV/DAM, clientes, documentos, costos y procesos operativos de comercio exterior. Por su nombre agrupa entidad o catalogo legacy cuyo significado debe confirmarse por uso en codigo y datos. No tiene uso PHP directo en la evidencia; puede ser historica, consumida por SQL/vistas/procedimientos o estar fuera del alcance estatico.	SEMANTIC_REVERSE_ENGINEERING_CANDIDATE	SEMANTIC_INFERENCE_REVIEW_REQUIRED	dav	DOMAIN_ENTITY_OR_LEGACY	UNKNOWN_OR_BUSINESS_DATA	UNKNOWN	0	0	NO_USAGE_FOUND
dav_comisiondefault	.data_base/asgard.sql	3486	DB-TABLE-F46E6F3BE8CA2B	Physical table declared in .data_base/asgard.sql	Tabla candidata del dominio dav: Gestion aduanera, DAV/DAM, clientes, documentos, costos y procesos operativos de comercio exterior. Por su nombre agrupa entidad o catalogo legacy cuyo significado debe confirmarse por uso en codigo y datos. Tiene lecturas observadas y parece actuar como consulta, catalogo o fuente de reporte.	SEMANTIC_REVERSE_ENGINEERING_CANDIDATE	SEMANTIC_INFERENCE_REVIEW_REQUIRED	dav	DOMAIN_ENTITY_OR_LEGACY	UNKNOWN_OR_BUSINESS_DATA	UNKNOWN	1	0	USED
dav_complementorecibopago	.data_base/asgard.sql	3501	DB-TABLE-FF595B82C3B58E	Physical table declared in .data_base/asgard.sql	Tabla candidata del dominio dav: Gestion aduanera, DAV/DAM, clientes, documentos, costos y procesos operativos de comercio exterior. Por su nombre agrupa pago o movimiento economico. No tiene uso PHP directo en la evidencia; puede ser historica, consumida por SQL/vistas/procedimientos o estar fuera del alcance estatico.	SEMANTIC_REVERSE_ENGINEERING_CANDIDATE	SEMANTIC_INFERENCE_REVIEW_REQUIRED	dav	DOMAIN_ENTITY_OR_LEGACY	LIKELY_PERSONAL_OR_SENSITIVE	UNKNOWN	0	0	NO_USAGE_FOUND
dav_concepto	.data_base/asgard.sql	3514	DB-TABLE-7F84E7B3D3A9A5	Physical table declared in .data_base/asgard.sql	Tabla candidata del dominio dav: Gestion aduanera, DAV/DAM, clientes, documentos, costos y procesos operativos de comercio exterior. Por su nombre agrupa entidad o catalogo legacy cuyo significado debe confirmarse por uso en codigo y datos. Tiene lecturas observadas y parece actuar como consulta, catalogo o fuente de reporte.	SEMANTIC_REVERSE_ENGINEERING_CANDIDATE	SEMANTIC_INFERENCE_REVIEW_REQUIRED	dav	DOMAIN_ENTITY_OR_LEGACY	UNKNOWN_OR_BUSINESS_DATA	UNKNOWN	1	0	USED
dav_conceptogastos	.data_base/asgard.sql	3547	DB-TABLE-327941A6FAC9CC	Physical table declared in .data_base/asgard.sql	Tabla candidata del dominio dav: Gestion aduanera, DAV/DAM, clientes, documentos, costos y procesos operativos de comercio exterior. Por su nombre agrupa entidad o catalogo legacy cuyo significado debe confirmarse por uso en codigo y datos. No tiene uso PHP directo en la evidencia; puede ser historica, consumida por SQL/vistas/procedimientos o estar fuera del alcance estatico.	SEMANTIC_REVERSE_ENGINEERING_CANDIDATE	SEMANTIC_INFERENCE_REVIEW_REQUIRED	dav	DOMAIN_ENTITY_OR_LEGACY	UNKNOWN_OR_BUSINESS_DATA	UNKNOWN	0	0	NO_USAGE_FOUND
dav_conceptos_servicios_gestion_logistica	.data_base/asgard.sql	3560	DB-TABLE-72F44FBDC29A03	Physical table declared in .data_base/asgard.sql	Tabla candidata del dominio dav: Gestion aduanera, DAV/DAM, clientes, documentos, costos y procesos operativos de comercio exterior. Por su nombre agrupa entidad o catalogo legacy cuyo significado debe confirmarse por uso en codigo y datos. No tiene uso PHP directo en la evidencia; puede ser historica, consumida por SQL/vistas/procedimientos o estar fuera del alcance estatico.	SEMANTIC_REVERSE_ENGINEERING_CANDIDATE	SEMANTIC_INFERENCE_REVIEW_REQUIRED	dav	DOMAIN_ENTITY_OR_LEGACY	LIKELY_PERSONAL_OR_SENSITIVE	UNKNOWN	0	0	NO_USAGE_FOUND
dav_conceptosmonto	.data_base/asgard.sql	3576	DB-TABLE-027D192B11512C	Physical table declared in .data_base/asgard.sql	Tabla candidata del dominio dav: Gestion aduanera, DAV/DAM, clientes, documentos, costos y procesos operativos de comercio exterior. Por su nombre agrupa importe monetario o valor numerico economico. No tiene uso PHP directo en la evidencia; puede ser historica, consumida por SQL/vistas/procedimientos o estar fuera del alcance estatico.	SEMANTIC_REVERSE_ENGINEERING_CANDIDATE	SEMANTIC_INFERENCE_REVIEW_REQUIRED	dav	DOMAIN_ENTITY_OR_LEGACY	UNKNOWN_OR_BUSINESS_DATA	UNKNOWN	0	0	NO_USAGE_FOUND
dav_conceptosslg	.data_base/asgard.sql	3596	DB-TABLE-E9D10A636555DE	Physical table declared in .data_base/asgard.sql	Tabla candidata del dominio dav: Gestion aduanera, DAV/DAM, clientes, documentos, costos y procesos operativos de comercio exterior. Por su nombre agrupa entidad o catalogo legacy cuyo significado debe confirmarse por uso en codigo y datos. No tiene uso PHP directo en la evidencia; puede ser historica, consumida por SQL/vistas/procedimientos o estar fuera del alcance estatico.	SEMANTIC_REVERSE_ENGINEERING_CANDIDATE	SEMANTIC_INFERENCE_REVIEW_REQUIRED	dav	DOMAIN_ENTITY_OR_LEGACY	UNKNOWN_OR_BUSINESS_DATA	UNKNOWN	0	0	NO_USAGE_FOUND
dav_conciliacion	.data_base/asgard.sql	3608	DB-TABLE-CF1556B7D450CE	Physical table declared in .data_base/asgard.sql	Tabla candidata del dominio dav: Gestion aduanera, DAV/DAM, clientes, documentos, costos y procesos operativos de comercio exterior. Por su nombre agrupa conciliacion financiera u operativa. Tiene lecturas observadas y parece actuar como consulta, catalogo o fuente de reporte.	SEMANTIC_REVERSE_ENGINEERING_CANDIDATE	SEMANTIC_INFERENCE_REVIEW_REQUIRED	dav	DOMAIN_ENTITY_OR_LEGACY	LIKELY_PERSONAL_OR_SENSITIVE	UNKNOWN	1	0	USED
dav_condicion	.data_base/asgard.sql	3627	DB-TABLE-C319363AB531CA	Physical table declared in .data_base/asgard.sql	Tabla candidata del dominio dav: Gestion aduanera, DAV/DAM, clientes, documentos, costos y procesos operativos de comercio exterior. Por su nombre agrupa entidad o catalogo legacy cuyo significado debe confirmarse por uso en codigo y datos. Tiene lecturas observadas y parece actuar como consulta, catalogo o fuente de reporte.	SEMANTIC_REVERSE_ENGINEERING_CANDIDATE	SEMANTIC_INFERENCE_REVIEW_REQUIRED	dav	DOMAIN_ENTITY_OR_LEGACY	LIKELY_PERSONAL_OR_SENSITIVE	UNKNOWN	3	0	USED
dav_condicionentrega	.data_base/asgard.sql	3639	DB-TABLE-F87DEC2ED996F2	Physical table declared in .data_base/asgard.sql	Tabla candidata del dominio dav: Gestion aduanera, DAV/DAM, clientes, documentos, costos y procesos operativos de comercio exterior. Por su nombre agrupa entidad o catalogo legacy cuyo significado debe confirmarse por uso en codigo y datos. No tiene uso PHP directo en la evidencia; puede ser historica, consumida por SQL/vistas/procedimientos o estar fuera del alcance estatico.	SEMANTIC_REVERSE_ENGINEERING_CANDIDATE	SEMANTIC_INFERENCE_REVIEW_REQUIRED	dav	DOMAIN_ENTITY_OR_LEGACY	LIKELY_PERSONAL_OR_SENSITIVE	UNKNOWN	0	0	NO_USAGE_FOUND
dav_consideracionerrordocumentos	.data_base/asgard.sql	3651	DB-TABLE-DC4A5B3B3950F3	Physical table declared in .data_base/asgard.sql	Tabla candidata del dominio dav: Gestion aduanera, DAV/DAM, clientes, documentos, costos y procesos operativos de comercio exterior. Por su nombre agrupa documentos o soportes asociados al expediente, documento o soporte asociado al expediente. No tiene uso PHP directo en la evidencia; puede ser historica, consumida por SQL/vistas/procedimientos o estar fuera del alcance estatico.	SEMANTIC_REVERSE_ENGINEERING_CANDIDATE	SEMANTIC_INFERENCE_REVIEW_REQUIRED	dav	DOMAIN_ENTITY_OR_LEGACY	LIKELY_PERSONAL_OR_SENSITIVE	UNKNOWN	0	0	NO_USAGE_FOUND
dav_contactocliente	.data_base/asgard.sql	3661	DB-TABLE-6C9960418A39BA	Physical table declared in .data_base/asgard.sql	Tabla candidata del dominio dav: Gestion aduanera, DAV/DAM, clientes, documentos, costos y procesos operativos de comercio exterior. Por su nombre agrupa persona de contacto y sus datos de comunicacion, cliente/tenant propietario de la operacion o filtro de visibilidad. No tiene uso PHP directo en la evidencia; puede ser historica, consumida por SQL/vistas/procedimientos o estar fuera del alcance estatico.	SEMANTIC_REVERSE_ENGINEERING_CANDIDATE	SEMANTIC_INFERENCE_REVIEW_REQUIRED	dav	DOMAIN_ENTITY_OR_LEGACY	LIKELY_PERSONAL_OR_SENSITIVE	UNKNOWN	0	0	NO_USAGE_FOUND
dav_contactoproveedor	.data_base/asgard.sql	3677	DB-TABLE-1153D4B2EC176D	Physical table declared in .data_base/asgard.sql	Tabla candidata del dominio dav: Gestion aduanera, DAV/DAM, clientes, documentos, costos y procesos operativos de comercio exterior. Por su nombre agrupa proveedor o tercero participante en el proceso, persona de contacto y sus datos de comunicacion. No tiene uso PHP directo en la evidencia; puede ser historica, consumida por SQL/vistas/procedimientos o estar fuera del alcance estatico.	SEMANTIC_REVERSE_ENGINEERING_CANDIDATE	SEMANTIC_INFERENCE_REVIEW_REQUIRED	dav	DOMAIN_ENTITY_OR_LEGACY	LIKELY_PERSONAL_OR_SENSITIVE	UNKNOWN	0	0	NO_USAGE_FOUND
dav_contadorreportes	.data_base/asgard.sql	3693	DB-TABLE-FFAA289DCECEE2	Physical table declared in .data_base/asgard.sql	Tabla candidata del dominio dav: Gestion aduanera, DAV/DAM, clientes, documentos, costos y procesos operativos de comercio exterior. Por su nombre agrupa reportes, salidas agregadas o consultas de gestion, reporte, salida agregada o consulta de gestion. No tiene uso PHP directo en la evidencia; puede ser historica, consumida por SQL/vistas/procedimientos o estar fuera del alcance estatico.	SEMANTIC_REVERSE_ENGINEERING_CANDIDATE	SEMANTIC_INFERENCE_REVIEW_REQUIRED	dav	DOMAIN_ENTITY_OR_LEGACY	UNKNOWN_OR_BUSINESS_DATA	UNKNOWN	0	0	NO_USAGE_FOUND
dav_contadorreportesclientes	.data_base/asgard.sql	3705	DB-TABLE-FCA8176FA1D816	Physical table declared in .data_base/asgard.sql	Tabla candidata del dominio dav: Gestion aduanera, DAV/DAM, clientes, documentos, costos y procesos operativos de comercio exterior. Por su nombre agrupa clientes/tenants propietarios de operaciones o reportes, reportes, salidas agregadas o consultas de gestion, cliente/tenant propietario de la operacion o filtro de visibilidad, reporte, salida agregada o consulta de gestion. Tiene lecturas observadas y parece actuar como consulta, catalogo o fuente de reporte.	SEMANTIC_REVERSE_ENGINEERING_CANDIDATE	SEMANTIC_INFERENCE_REVIEW_REQUIRED	dav	DOMAIN_ENTITY_OR_LEGACY	UNKNOWN_OR_BUSINESS_DATA	UNKNOWN	1	0	USED
dav_continente	.data_base/asgard.sql	3719	DB-TABLE-81EE01E0A4DB71	Physical table declared in .data_base/asgard.sql	Tabla candidata del dominio dav: Gestion aduanera, DAV/DAM, clientes, documentos, costos y procesos operativos de comercio exterior. Por su nombre agrupa entidad o catalogo legacy cuyo significado debe confirmarse por uso en codigo y datos. No tiene uso PHP directo en la evidencia; puede ser historica, consumida por SQL/vistas/procedimientos o estar fuera del alcance estatico.	SEMANTIC_REVERSE_ENGINEERING_CANDIDATE	SEMANTIC_INFERENCE_REVIEW_REQUIRED	dav	DOMAIN_ENTITY_OR_LEGACY	UNKNOWN_OR_BUSINESS_DATA	UNKNOWN	0	0	NO_USAGE_FOUND
dav_contraprestacion	.data_base/asgard.sql	3729	DB-TABLE-3674B6E8CD3BDA	Physical table declared in .data_base/asgard.sql	Tabla candidata del dominio dav: Gestion aduanera, DAV/DAM, clientes, documentos, costos y procesos operativos de comercio exterior. Por su nombre agrupa entidad o catalogo legacy cuyo significado debe confirmarse por uso en codigo y datos. No tiene uso PHP directo en la evidencia; puede ser historica, consumida por SQL/vistas/procedimientos o estar fuera del alcance estatico.	SEMANTIC_REVERSE_ENGINEERING_CANDIDATE	SEMANTIC_INFERENCE_REVIEW_REQUIRED	dav	DOMAIN_ENTITY_OR_LEGACY	LIKELY_PERSONAL_OR_SENSITIVE	UNKNOWN	0	0	NO_USAGE_FOUND
dav_contravencion	.data_base/asgard.sql	3740	DB-TABLE-358FBB27842445	Physical table declared in .data_base/asgard.sql	Tabla candidata del dominio dav: Gestion aduanera, DAV/DAM, clientes, documentos, costos y procesos operativos de comercio exterior. Por su nombre agrupa entidad o catalogo legacy cuyo significado debe confirmarse por uso en codigo y datos. Tiene lecturas observadas y parece actuar como consulta, catalogo o fuente de reporte.	SEMANTIC_REVERSE_ENGINEERING_CANDIDATE	SEMANTIC_INFERENCE_REVIEW_REQUIRED	dav	DOMAIN_ENTITY_OR_LEGACY	LIKELY_PERSONAL_OR_SENSITIVE	UNKNOWN	1	0	USED
dav_contravenciones	.data_base/asgard.sql	3755	DB-TABLE-1AAC45053226DD	Physical table declared in .data_base/asgard.sql	Tabla candidata del dominio dav: Gestion aduanera, DAV/DAM, clientes, documentos, costos y procesos operativos de comercio exterior. Por su nombre agrupa entidad o catalogo legacy cuyo significado debe confirmarse por uso en codigo y datos. No tiene uso PHP directo en la evidencia; puede ser historica, consumida por SQL/vistas/procedimientos o estar fuera del alcance estatico.	SEMANTIC_REVERSE_ENGINEERING_CANDIDATE	SEMANTIC_INFERENCE_REVIEW_REQUIRED	dav	DOMAIN_ENTITY_OR_LEGACY	LIKELY_PERSONAL_OR_SENSITIVE	UNKNOWN	0	0	NO_USAGE_FOUND
dav_contravencionesadjuntos	.data_base/asgard.sql	3799	DB-TABLE-FDBF8C65C95DA8	Physical table declared in .data_base/asgard.sql	Tabla candidata del dominio dav: Gestion aduanera, DAV/DAM, clientes, documentos, costos y procesos operativos de comercio exterior. Por su nombre agrupa entidad o catalogo legacy cuyo significado debe confirmarse por uso en codigo y datos. No tiene uso PHP directo en la evidencia; puede ser historica, consumida por SQL/vistas/procedimientos o estar fuera del alcance estatico.	SEMANTIC_REVERSE_ENGINEERING_CANDIDATE	SEMANTIC_INFERENCE_REVIEW_REQUIRED	dav	DOMAIN_ENTITY_OR_LEGACY	LIKELY_PERSONAL_OR_SENSITIVE	UNKNOWN	0	0	NO_USAGE_FOUND
dav_contravencionesautorizacion	.data_base/asgard.sql	3813	DB-TABLE-4F83A71880314D	Physical table declared in .data_base/asgard.sql	Tabla candidata del dominio dav: Gestion aduanera, DAV/DAM, clientes, documentos, costos y procesos operativos de comercio exterior. Por su nombre agrupa entidad o catalogo legacy cuyo significado debe confirmarse por uso en codigo y datos. No tiene uso PHP directo en la evidencia; puede ser historica, consumida por SQL/vistas/procedimientos o estar fuera del alcance estatico.	SEMANTIC_REVERSE_ENGINEERING_CANDIDATE	SEMANTIC_INFERENCE_REVIEW_REQUIRED	dav	DOMAIN_ENTITY_OR_LEGACY	LIKELY_PERSONAL_OR_SENSITIVE	UNKNOWN	0	0	NO_USAGE_FOUND
dav_contravencionesestado	.data_base/asgard.sql	3823	DB-TABLE-860D8E44298193	Physical table declared in .data_base/asgard.sql	Tabla candidata del dominio dav: Gestion aduanera, DAV/DAM, clientes, documentos, costos y procesos operativos de comercio exterior. Por su nombre agrupa estado de ciclo de vida o clasificacion operacional. No tiene uso PHP directo en la evidencia; puede ser historica, consumida por SQL/vistas/procedimientos o estar fuera del alcance estatico.	SEMANTIC_REVERSE_ENGINEERING_CANDIDATE	SEMANTIC_INFERENCE_REVIEW_REQUIRED	dav	DOMAIN_ENTITY_OR_LEGACY	LIKELY_PERSONAL_OR_SENSITIVE	UNKNOWN	0	0	NO_USAGE_FOUND
dav_contravencionesmailcliente	.data_base/asgard.sql	3833	DB-TABLE-AD4FB493811D09	Physical table declared in .data_base/asgard.sql	Tabla candidata del dominio dav: Gestion aduanera, DAV/DAM, clientes, documentos, costos y procesos operativos de comercio exterior. Por su nombre agrupa cliente/tenant propietario de la operacion o filtro de visibilidad, correo electronico o evento de envio por email. No tiene uso PHP directo en la evidencia; puede ser historica, consumida por SQL/vistas/procedimientos o estar fuera del alcance estatico.	SEMANTIC_REVERSE_ENGINEERING_CANDIDATE	SEMANTIC_INFERENCE_REVIEW_REQUIRED	dav	DOMAIN_ENTITY_OR_LEGACY	LIKELY_PERSONAL_OR_SENSITIVE	UNKNOWN	0	0	NO_USAGE_FOUND
dav_contravencionesresponsablesagencia	.data_base/asgard.sql	3845	DB-TABLE-3AF051CCFBA735	Physical table declared in .data_base/asgard.sql	Tabla candidata del dominio dav: Gestion aduanera, DAV/DAM, clientes, documentos, costos y procesos operativos de comercio exterior. Por su nombre agrupa entidad o catalogo legacy cuyo significado debe confirmarse por uso en codigo y datos. No tiene uso PHP directo en la evidencia; puede ser historica, consumida por SQL/vistas/procedimientos o estar fuera del alcance estatico.	SEMANTIC_REVERSE_ENGINEERING_CANDIDATE	SEMANTIC_INFERENCE_REVIEW_REQUIRED	dav	DOMAIN_ENTITY_OR_LEGACY	LIKELY_PERSONAL_OR_SENSITIVE	UNKNOWN	0	0	NO_USAGE_FOUND
dav_contravencionestipo	.data_base/asgard.sql	3857	DB-TABLE-8B6EC9443D4D3A	Physical table declared in .data_base/asgard.sql	Tabla candidata del dominio dav: Gestion aduanera, DAV/DAM, clientes, documentos, costos y procesos operativos de comercio exterior. Por su nombre agrupa tipo/clasificador que parametriza la regla o pantalla. No tiene uso PHP directo en la evidencia; puede ser historica, consumida por SQL/vistas/procedimientos o estar fuera del alcance estatico.	SEMANTIC_REVERSE_ENGINEERING_CANDIDATE	SEMANTIC_INFERENCE_REVIEW_REQUIRED	dav	DOMAIN_ENTITY_OR_LEGACY	LIKELY_PERSONAL_OR_SENSITIVE	UNKNOWN	0	0	NO_USAGE_FOUND
dav_contravencionregimen	.data_base/asgard.sql	3869	DB-TABLE-4D92B53D7EFE12	Physical table declared in .data_base/asgard.sql	Tabla candidata del dominio dav: Gestion aduanera, DAV/DAM, clientes, documentos, costos y procesos operativos de comercio exterior. Por su nombre agrupa entidad o catalogo legacy cuyo significado debe confirmarse por uso en codigo y datos. No tiene uso PHP directo en la evidencia; puede ser historica, consumida por SQL/vistas/procedimientos o estar fuera del alcance estatico.	SEMANTIC_REVERSE_ENGINEERING_CANDIDATE	SEMANTIC_INFERENCE_REVIEW_REQUIRED	dav	DOMAIN_ENTITY_OR_LEGACY	LIKELY_PERSONAL_OR_SENSITIVE	UNKNOWN	0	0	NO_USAGE_FOUND
dav_controlcnda	.data_base/asgard.sql	3880	DB-TABLE-68E7649563485A	Physical table declared in .data_base/asgard.sql	Tabla candidata del dominio dav: Gestion aduanera, DAV/DAM, clientes, documentos, costos y procesos operativos de comercio exterior. Por su nombre agrupa entidad o catalogo legacy cuyo significado debe confirmarse por uso en codigo y datos. No tiene uso PHP directo en la evidencia; puede ser historica, consumida por SQL/vistas/procedimientos o estar fuera del alcance estatico.	SEMANTIC_REVERSE_ENGINEERING_CANDIDATE	SEMANTIC_INFERENCE_REVIEW_REQUIRED	dav	DOMAIN_ENTITY_OR_LEGACY	UNKNOWN_OR_BUSINESS_DATA	UNKNOWN	0	0	NO_USAGE_FOUND
dav_controlcndadetalle	.data_base/asgard.sql	3895	DB-TABLE-924D3B2CC8658A	Physical table declared in .data_base/asgard.sql	Tabla candidata del dominio dav: Gestion aduanera, DAV/DAM, clientes, documentos, costos y procesos operativos de comercio exterior. Por su nombre agrupa entidad o catalogo legacy cuyo significado debe confirmarse por uso en codigo y datos. No tiene uso PHP directo en la evidencia; puede ser historica, consumida por SQL/vistas/procedimientos o estar fuera del alcance estatico.	SEMANTIC_REVERSE_ENGINEERING_CANDIDATE	SEMANTIC_INFERENCE_REVIEW_REQUIRED	dav	DOMAIN_ENTITY_OR_LEGACY	UNKNOWN_OR_BUSINESS_DATA	UNKNOWN	0	0	NO_USAGE_FOUND
dav_correos_enviados_salida_carga	.data_base/asgard.sql	3908	DB-TABLE-9152A9A091043E	Physical table declared in .data_base/asgard.sql	Tabla candidata del dominio dav: Gestion aduanera, DAV/DAM, clientes, documentos, costos y procesos operativos de comercio exterior. Por su nombre agrupa carga transportada o unidad operativa de transporte, correo electronico o canal de notificacion. No tiene uso PHP directo en la evidencia; puede ser historica, consumida por SQL/vistas/procedimientos o estar fuera del alcance estatico.	SEMANTIC_REVERSE_ENGINEERING_CANDIDATE	SEMANTIC_INFERENCE_REVIEW_REQUIRED	dav	DOMAIN_ENTITY_OR_LEGACY	LIKELY_PERSONAL_OR_SENSITIVE	UNKNOWN	0	0	NO_USAGE_FOUND
dav_correos_envios_facturas	.data_base/asgard.sql	3924	DB-TABLE-8612540FD0A463	Physical table declared in .data_base/asgard.sql	Tabla candidata del dominio dav: Gestion aduanera, DAV/DAM, clientes, documentos, costos y procesos operativos de comercio exterior. Por su nombre agrupa facturas o documentos economicos/comerciales, factura o documento economico/comercial, correo electronico o canal de notificacion. No tiene uso PHP directo en la evidencia; puede ser historica, consumida por SQL/vistas/procedimientos o estar fuera del alcance estatico.	SEMANTIC_REVERSE_ENGINEERING_CANDIDATE	SEMANTIC_INFERENCE_REVIEW_REQUIRED	dav	DOMAIN_ENTITY_OR_LEGACY	LIKELY_PERSONAL_OR_SENSITIVE	UNKNOWN	0	0	NO_USAGE_FOUND
dav_correos_odts	.data_base/asgard.sql	3936	DB-TABLE-5EDC8FDBAB5A1D	Physical table declared in .data_base/asgard.sql	Tabla candidata del dominio dav: Gestion aduanera, DAV/DAM, clientes, documentos, costos y procesos operativos de comercio exterior. Por su nombre agrupa correo electronico o canal de notificacion. No tiene uso PHP directo en la evidencia; puede ser historica, consumida por SQL/vistas/procedimientos o estar fuera del alcance estatico.	SEMANTIC_REVERSE_ENGINEERING_CANDIDATE	SEMANTIC_INFERENCE_REVIEW_REQUIRED	dav	DOMAIN_ENTITY_OR_LEGACY	LIKELY_PERSONAL_OR_SENSITIVE	UNKNOWN	0	0	NO_USAGE_FOUND
dav_correosconstanciaentrega	.data_base/asgard.sql	3949	DB-TABLE-549CECCE067D82	Physical table declared in .data_base/asgard.sql	Tabla candidata del dominio dav: Gestion aduanera, DAV/DAM, clientes, documentos, costos y procesos operativos de comercio exterior. Por su nombre agrupa correo electronico o canal de notificacion. No tiene uso PHP directo en la evidencia; puede ser historica, consumida por SQL/vistas/procedimientos o estar fuera del alcance estatico.	SEMANTIC_REVERSE_ENGINEERING_CANDIDATE	SEMANTIC_INFERENCE_REVIEW_REQUIRED	dav	DOMAIN_ENTITY_OR_LEGACY	LIKELY_PERSONAL_OR_SENSITIVE	UNKNOWN	0	0	NO_USAGE_FOUND
dav_criterioorigen	.data_base/asgard.sql	3959	DB-TABLE-320C19A58629C7	Physical table declared in .data_base/asgard.sql	Tabla candidata del dominio dav: Gestion aduanera, DAV/DAM, clientes, documentos, costos y procesos operativos de comercio exterior. Por su nombre agrupa entidad o catalogo legacy cuyo significado debe confirmarse por uso en codigo y datos. No tiene uso PHP directo en la evidencia; puede ser historica, consumida por SQL/vistas/procedimientos o estar fuera del alcance estatico.	SEMANTIC_REVERSE_ENGINEERING_CANDIDATE	SEMANTIC_INFERENCE_REVIEW_REQUIRED	dav	DOMAIN_ENTITY_OR_LEGACY	UNKNOWN_OR_BUSINESS_DATA	UNKNOWN	0	0	NO_USAGE_FOUND
dav_dabfacturas	.data_base/asgard.sql	3970	DB-TABLE-91F64E1B14286A	Physical table declared in .data_base/asgard.sql	Tabla candidata del dominio dav: Gestion aduanera, DAV/DAM, clientes, documentos, costos y procesos operativos de comercio exterior. Por su nombre agrupa facturas o documentos economicos/comerciales, factura o documento economico/comercial. No tiene uso PHP directo en la evidencia; puede ser historica, consumida por SQL/vistas/procedimientos o estar fuera del alcance estatico.	SEMANTIC_REVERSE_ENGINEERING_CANDIDATE	SEMANTIC_INFERENCE_REVIEW_REQUIRED	dav	DOMAIN_ENTITY_OR_LEGACY	UNKNOWN_OR_BUSINESS_DATA	UNKNOWN	0	0	NO_USAGE_FOUND
dav_dam	.data_base/asgard.sql	3992	DB-TABLE-ACD701E1D9EF3F	Physical table declared in .data_base/asgard.sql	Tabla candidata del dominio dav: Gestion aduanera, DAV/DAM, clientes, documentos, costos y procesos operativos de comercio exterior. Por su nombre agrupa entidad o catalogo legacy cuyo significado debe confirmarse por uso en codigo y datos. Tiene lecturas observadas y parece actuar como consulta, catalogo o fuente de reporte.	SEMANTIC_REVERSE_ENGINEERING_CANDIDATE	SEMANTIC_INFERENCE_REVIEW_REQUIRED	dav	DOMAIN_ENTITY_OR_LEGACY	UNKNOWN_OR_BUSINESS_DATA	UNKNOWN	1	0	USED
dav_damdocembarque	.data_base/asgard.sql	4052	DB-TABLE-E3354AFB03DDD2	Physical table declared in .data_base/asgard.sql	Tabla candidata del dominio dav: Gestion aduanera, DAV/DAM, clientes, documentos, costos y procesos operativos de comercio exterior. Por su nombre agrupa embarque o movimiento logistico/aduanero. No tiene uso PHP directo en la evidencia; puede ser historica, consumida por SQL/vistas/procedimientos o estar fuera del alcance estatico.	SEMANTIC_REVERSE_ENGINEERING_CANDIDATE	SEMANTIC_INFERENCE_REVIEW_REQUIRED	dav	DOMAIN_ENTITY_OR_LEGACY	UNKNOWN_OR_BUSINESS_DATA	UNKNOWN	0	0	NO_USAGE_FOUND
dav_damfactura	.data_base/asgard.sql	4068	DB-TABLE-F5A1855E6946BC	Physical table declared in .data_base/asgard.sql	Tabla candidata del dominio dav: Gestion aduanera, DAV/DAM, clientes, documentos, costos y procesos operativos de comercio exterior. Por su nombre agrupa factura o documento economico/comercial. No tiene uso PHP directo en la evidencia; puede ser historica, consumida por SQL/vistas/procedimientos o estar fuera del alcance estatico.	SEMANTIC_REVERSE_ENGINEERING_CANDIDATE	SEMANTIC_INFERENCE_REVIEW_REQUIRED	dav	DOMAIN_ENTITY_OR_LEGACY	UNKNOWN_OR_BUSINESS_DATA	UNKNOWN	0	0	NO_USAGE_FOUND
dav_damitems	.data_base/asgard.sql	4101	DB-TABLE-D5DF1E373D4950	Physical table declared in .data_base/asgard.sql	Tabla candidata del dominio dav: Gestion aduanera, DAV/DAM, clientes, documentos, costos y procesos operativos de comercio exterior. Por su nombre agrupa entidad o catalogo legacy cuyo significado debe confirmarse por uso en codigo y datos. Tiene lecturas observadas y parece actuar como consulta, catalogo o fuente de reporte.	SEMANTIC_REVERSE_ENGINEERING_CANDIDATE	SEMANTIC_INFERENCE_REVIEW_REQUIRED	dav	DOMAIN_ENTITY_OR_LEGACY	UNKNOWN_OR_BUSINESS_DATA	UNKNOWN	1	0	USED
dav_damproveedor	.data_base/asgard.sql	4341	DB-TABLE-C529032BBD8319	Physical table declared in .data_base/asgard.sql	Tabla candidata del dominio dav: Gestion aduanera, DAV/DAM, clientes, documentos, costos y procesos operativos de comercio exterior. Por su nombre agrupa proveedor o tercero participante en el proceso. No tiene uso PHP directo en la evidencia; puede ser historica, consumida por SQL/vistas/procedimientos o estar fuera del alcance estatico.	SEMANTIC_REVERSE_ENGINEERING_CANDIDATE	SEMANTIC_INFERENCE_REVIEW_REQUIRED	dav	DOMAIN_ENTITY_OR_LEGACY	UNKNOWN_OR_BUSINESS_DATA	UNKNOWN	0	0	NO_USAGE_FOUND
dav_damtransaccion	.data_base/asgard.sql	4352	DB-TABLE-54FDB23A1BFBA9	Physical table declared in .data_base/asgard.sql	Tabla candidata del dominio dav: Gestion aduanera, DAV/DAM, clientes, documentos, costos y procesos operativos de comercio exterior. Por su nombre agrupa entidad o catalogo legacy cuyo significado debe confirmarse por uso en codigo y datos. No tiene uso PHP directo en la evidencia; puede ser historica, consumida por SQL/vistas/procedimientos o estar fuera del alcance estatico.	SEMANTIC_REVERSE_ENGINEERING_CANDIDATE	SEMANTIC_INFERENCE_REVIEW_REQUIRED	dav	DOMAIN_ENTITY_OR_LEGACY	LIKELY_PERSONAL_OR_SENSITIVE	UNKNOWN	0	0	NO_USAGE_FOUND
dav_dato	.data_base/asgard.sql	4363	DB-TABLE-3ABD2DA934EEAA	Physical table declared in .data_base/asgard.sql	Tabla candidata del dominio dav: Gestion aduanera, DAV/DAM, clientes, documentos, costos y procesos operativos de comercio exterior. Por su nombre agrupa entidad o catalogo legacy cuyo significado debe confirmarse por uso en codigo y datos. Tiene lecturas observadas y parece actuar como consulta, catalogo o fuente de reporte.	SEMANTIC_REVERSE_ENGINEERING_CANDIDATE	SEMANTIC_INFERENCE_REVIEW_REQUIRED	dav	DOMAIN_ENTITY_OR_LEGACY	UNKNOWN_OR_BUSINESS_DATA	UNKNOWN	6	0	USED
dav_dato_copy	.data_base/asgard.sql	4385	DB-TABLE-2EF588350B0796	Physical table declared in .data_base/asgard.sql	Tabla candidata del dominio dav: Gestion aduanera, DAV/DAM, clientes, documentos, costos y procesos operativos de comercio exterior. Por su nombre agrupa entidad o catalogo legacy cuyo significado debe confirmarse por uso en codigo y datos. No tiene uso PHP directo en la evidencia; puede ser historica, consumida por SQL/vistas/procedimientos o estar fuera del alcance estatico.	SEMANTIC_REVERSE_ENGINEERING_CANDIDATE	SEMANTIC_INFERENCE_REVIEW_REQUIRED	dav	DOMAIN_ENTITY_OR_LEGACY	UNKNOWN_OR_BUSINESS_DATA	UNKNOWN	0	0	NO_USAGE_FOUND
dav_datosdav	.data_base/asgard.sql	4407	DB-TABLE-36F0C533EEC49C	Physical table declared in .data_base/asgard.sql	Tabla candidata del dominio dav: Gestion aduanera, DAV/DAM, clientes, documentos, costos y procesos operativos de comercio exterior. Por su nombre agrupa entidad o catalogo legacy cuyo significado debe confirmarse por uso en codigo y datos. No tiene uso PHP directo en la evidencia; puede ser historica, consumida por SQL/vistas/procedimientos o estar fuera del alcance estatico.	SEMANTIC_REVERSE_ENGINEERING_CANDIDATE	SEMANTIC_INFERENCE_REVIEW_REQUIRED	dav	DOMAIN_ENTITY_OR_LEGACY	UNKNOWN_OR_BUSINESS_DATA	UNKNOWN	0	0	NO_USAGE_FOUND
dav_datosdim	.data_base/asgard.sql	4419	DB-TABLE-5A959C916647D4	Physical table declared in .data_base/asgard.sql	Tabla candidata del dominio dav: Gestion aduanera, DAV/DAM, clientes, documentos, costos y procesos operativos de comercio exterior. Por su nombre agrupa entidad o catalogo legacy cuyo significado debe confirmarse por uso en codigo y datos. No tiene uso PHP directo en la evidencia; puede ser historica, consumida por SQL/vistas/procedimientos o estar fuera del alcance estatico.	SEMANTIC_REVERSE_ENGINEERING_CANDIDATE	SEMANTIC_INFERENCE_REVIEW_REQUIRED	dav	DOMAIN_ENTITY_OR_LEGACY	UNKNOWN_OR_BUSINESS_DATA	UNKNOWN	0	0	NO_USAGE_FOUND
dav_dav	.data_base/asgard.sql	4432	DB-TABLE-3AF7498A65810B	Physical table declared in .data_base/asgard.sql	Tabla candidata del dominio dav: Gestion aduanera, DAV/DAM, clientes, documentos, costos y procesos operativos de comercio exterior. Por su nombre agrupa entidad o catalogo legacy cuyo significado debe confirmarse por uso en codigo y datos. Tiene lectura y escritura observada, por lo que probablemente participa en un flujo transaccional activo.	SEMANTIC_REVERSE_ENGINEERING_CANDIDATE	SEMANTIC_INFERENCE_REVIEW_REQUIRED	dav	DOMAIN_ENTITY_OR_LEGACY	UNKNOWN_OR_BUSINESS_DATA	UNKNOWN	6	1	USED
dav_davvehiculos	.data_base/asgard.sql	4551	DB-TABLE-CA4426E695F550	Physical table declared in .data_base/asgard.sql	Tabla candidata del dominio dav: Gestion aduanera, DAV/DAM, clientes, documentos, costos y procesos operativos de comercio exterior. Por su nombre agrupa entidad o catalogo legacy cuyo significado debe confirmarse por uso en codigo y datos. No tiene uso PHP directo en la evidencia; puede ser historica, consumida por SQL/vistas/procedimientos o estar fuera del alcance estatico.	SEMANTIC_REVERSE_ENGINEERING_CANDIDATE	SEMANTIC_INFERENCE_REVIEW_REQUIRED	dav	DOMAIN_ENTITY_OR_LEGACY	UNKNOWN_OR_BUSINESS_DATA	UNKNOWN	0	0	NO_USAGE_FOUND
dav_demis_external_tokens	.data_base/asgard.sql	4662	DB-TABLE-61167BDC780FE7	Physical table declared in .data_base/asgard.sql	Tabla candidata del dominio dav: Gestion aduanera, DAV/DAM, clientes, documentos, costos y procesos operativos de comercio exterior. Por su nombre agrupa token de acceso, enlace temporal o credencial operacional. No tiene uso PHP directo en la evidencia; puede ser historica, consumida por SQL/vistas/procedimientos o estar fuera del alcance estatico.	SEMANTIC_REVERSE_ENGINEERING_CANDIDATE	SEMANTIC_INFERENCE_REVIEW_REQUIRED	dav	DOMAIN_ENTITY_OR_LEGACY	LIKELY_PERSONAL_OR_SENSITIVE	UNKNOWN	0	0	NO_USAGE_FOUND
dav_demisdocumentos	.data_base/asgard.sql	4684	DB-TABLE-2C2125C350A91F	Physical table declared in .data_base/asgard.sql	Tabla candidata del dominio dav: Gestion aduanera, DAV/DAM, clientes, documentos, costos y procesos operativos de comercio exterior. Por su nombre agrupa documentos o soportes asociados al expediente, documento o soporte asociado al expediente. No tiene uso PHP directo en la evidencia; puede ser historica, consumida por SQL/vistas/procedimientos o estar fuera del alcance estatico.	SEMANTIC_REVERSE_ENGINEERING_CANDIDATE	SEMANTIC_INFERENCE_REVIEW_REQUIRED	dav	DOMAIN_ENTITY_OR_LEGACY	UNKNOWN_OR_BUSINESS_DATA	UNKNOWN	0	0	NO_USAGE_FOUND
dav_demisitems	.data_base/asgard.sql	4702	DB-TABLE-F3E4DD97962756	Physical table declared in .data_base/asgard.sql	Tabla candidata del dominio dav: Gestion aduanera, DAV/DAM, clientes, documentos, costos y procesos operativos de comercio exterior. Por su nombre agrupa entidad o catalogo legacy cuyo significado debe confirmarse por uso en codigo y datos. No tiene uso PHP directo en la evidencia; puede ser historica, consumida por SQL/vistas/procedimientos o estar fuera del alcance estatico.	SEMANTIC_REVERSE_ENGINEERING_CANDIDATE	SEMANTIC_INFERENCE_REVIEW_REQUIRED	dav	DOMAIN_ENTITY_OR_LEGACY	UNKNOWN_OR_BUSINESS_DATA	UNKNOWN	0	0	NO_USAGE_FOUND
dav_demisitems_historial	.data_base/asgard.sql	4847	DB-TABLE-7CC7C91B4B4A15	Physical table declared in .data_base/asgard.sql	Tabla candidata del dominio dav: Gestion aduanera, DAV/DAM, clientes, documentos, costos y procesos operativos de comercio exterior. Por su nombre agrupa entidad o catalogo legacy cuyo significado debe confirmarse por uso en codigo y datos. No tiene uso PHP directo en la evidencia; puede ser historica, consumida por SQL/vistas/procedimientos o estar fuera del alcance estatico.	SEMANTIC_REVERSE_ENGINEERING_CANDIDATE	SEMANTIC_INFERENCE_REVIEW_REQUIRED	dav	AUDIT_LOG	UNKNOWN_OR_BUSINESS_DATA	UNKNOWN	0	0	NO_USAGE_FOUND
dav_demisitemshistorial	.data_base/asgard.sql	4965	DB-TABLE-C2ECEDEA6A7EA1	Physical table declared in .data_base/asgard.sql	Tabla candidata del dominio dav: Gestion aduanera, DAV/DAM, clientes, documentos, costos y procesos operativos de comercio exterior. Por su nombre agrupa entidad o catalogo legacy cuyo significado debe confirmarse por uso en codigo y datos. No tiene uso PHP directo en la evidencia; puede ser historica, consumida por SQL/vistas/procedimientos o estar fuera del alcance estatico.	SEMANTIC_REVERSE_ENGINEERING_CANDIDATE	SEMANTIC_INFERENCE_REVIEW_REQUIRED	dav	DOMAIN_ENTITY_OR_LEGACY	UNKNOWN_OR_BUSINESS_DATA	UNKNOWN	0	0	NO_USAGE_FOUND
dav_demisparametros	.data_base/asgard.sql	4981	DB-TABLE-D0D90190A00BFB	Physical table declared in .data_base/asgard.sql	Tabla candidata del dominio dav: Gestion aduanera, DAV/DAM, clientes, documentos, costos y procesos operativos de comercio exterior. Por su nombre agrupa parametros configurables usados por reglas de negocio, parametro configurable usado por reglas de negocio. No tiene uso PHP directo en la evidencia; puede ser historica, consumida por SQL/vistas/procedimientos o estar fuera del alcance estatico.	SEMANTIC_REVERSE_ENGINEERING_CANDIDATE	SEMANTIC_INFERENCE_REVIEW_REQUIRED	dav	DOMAIN_ENTITY_OR_LEGACY	UNKNOWN_OR_BUSINESS_DATA	UNKNOWN	0	0	NO_USAGE_FOUND
dav_demisparametrosservicios	.data_base/asgard.sql	5014	DB-TABLE-57EB89A280A508	Physical table declared in .data_base/asgard.sql	Tabla candidata del dominio dav: Gestion aduanera, DAV/DAM, clientes, documentos, costos y procesos operativos de comercio exterior. Por su nombre agrupa parametros configurables usados por reglas de negocio, parametro configurable usado por reglas de negocio. No tiene uso PHP directo en la evidencia; puede ser historica, consumida por SQL/vistas/procedimientos o estar fuera del alcance estatico.	SEMANTIC_REVERSE_ENGINEERING_CANDIDATE	SEMANTIC_INFERENCE_REVIEW_REQUIRED	dav	DOMAIN_ENTITY_OR_LEGACY	LIKELY_PERSONAL_OR_SENSITIVE	UNKNOWN	0	0	NO_USAGE_FOUND
dav_demissolicitud	.data_base/asgard.sql	5032	DB-TABLE-D8C331AD469945	Physical table declared in .data_base/asgard.sql	Tabla candidata del dominio dav: Gestion aduanera, DAV/DAM, clientes, documentos, costos y procesos operativos de comercio exterior. Por su nombre agrupa solicitud de servicio o gestion iniciada por usuario/cliente. No tiene uso PHP directo en la evidencia; puede ser historica, consumida por SQL/vistas/procedimientos o estar fuera del alcance estatico.	SEMANTIC_REVERSE_ENGINEERING_CANDIDATE	SEMANTIC_INFERENCE_REVIEW_REQUIRED	dav	DOMAIN_ENTITY_OR_LEGACY	LIKELY_PERSONAL_OR_SENSITIVE	UNKNOWN	0	0	NO_USAGE_FOUND
dav_departamento	.data_base/asgard.sql	5059	DB-TABLE-D331920FBF53AF	Physical table declared in .data_base/asgard.sql	Tabla candidata del dominio dav: Gestion aduanera, DAV/DAM, clientes, documentos, costos y procesos operativos de comercio exterior. Por su nombre agrupa entidad o catalogo legacy cuyo significado debe confirmarse por uso en codigo y datos. No tiene uso PHP directo en la evidencia; puede ser historica, consumida por SQL/vistas/procedimientos o estar fuera del alcance estatico.	SEMANTIC_REVERSE_ENGINEERING_CANDIDATE	SEMANTIC_INFERENCE_REVIEW_REQUIRED	dav	DOMAIN_ENTITY_OR_LEGACY	UNKNOWN_OR_BUSINESS_DATA	UNKNOWN	0	0	NO_USAGE_FOUND
dav_despachotransporte	.data_base/asgard.sql	5073	DB-TABLE-2F0BDF37269279	Physical table declared in .data_base/asgard.sql	Tabla candidata del dominio dav: Gestion aduanera, DAV/DAM, clientes, documentos, costos y procesos operativos de comercio exterior. Por su nombre agrupa entidad o catalogo legacy cuyo significado debe confirmarse por uso en codigo y datos. No tiene uso PHP directo en la evidencia; puede ser historica, consumida por SQL/vistas/procedimientos o estar fuera del alcance estatico.	SEMANTIC_REVERSE_ENGINEERING_CANDIDATE	SEMANTIC_INFERENCE_REVIEW_REQUIRED	dav	DOMAIN_ENTITY_OR_LEGACY	UNKNOWN_OR_BUSINESS_DATA	UNKNOWN	0	0	NO_USAGE_FOUND
dav_destinomercancia	.data_base/asgard.sql	5095	DB-TABLE-5D22B3EB3E2D00	Physical table declared in .data_base/asgard.sql	Tabla candidata del dominio dav: Gestion aduanera, DAV/DAM, clientes, documentos, costos y procesos operativos de comercio exterior. Por su nombre agrupa mercancia o item objeto de transporte/declaracion. No tiene uso PHP directo en la evidencia; puede ser historica, consumida por SQL/vistas/procedimientos o estar fuera del alcance estatico.	SEMANTIC_REVERSE_ENGINEERING_CANDIDATE	SEMANTIC_INFERENCE_REVIEW_REQUIRED	dav	DOMAIN_ENTITY_OR_LEGACY	LIKELY_PERSONAL_OR_SENSITIVE	UNKNOWN	0	0	NO_USAGE_FOUND
dav_detalleexactitud	.data_base/asgard.sql	5106	DB-TABLE-168340E17BFD98	Physical table declared in .data_base/asgard.sql	Tabla candidata del dominio dav: Gestion aduanera, DAV/DAM, clientes, documentos, costos y procesos operativos de comercio exterior. Por su nombre agrupa entidad o catalogo legacy cuyo significado debe confirmarse por uso en codigo y datos. No tiene uso PHP directo en la evidencia; puede ser historica, consumida por SQL/vistas/procedimientos o estar fuera del alcance estatico.	SEMANTIC_REVERSE_ENGINEERING_CANDIDATE	SEMANTIC_INFERENCE_REVIEW_REQUIRED	dav	DOMAIN_ENTITY_OR_LEGACY	UNKNOWN_OR_BUSINESS_DATA	UNKNOWN	0	0	NO_USAGE_FOUND
dav_detalleotroservicio	.data_base/asgard.sql	5117	DB-TABLE-B1BF5C0102623E	Physical table declared in .data_base/asgard.sql	Tabla candidata del dominio dav: Gestion aduanera, DAV/DAM, clientes, documentos, costos y procesos operativos de comercio exterior. Por su nombre agrupa entidad o catalogo legacy cuyo significado debe confirmarse por uso en codigo y datos. No tiene uso PHP directo en la evidencia; puede ser historica, consumida por SQL/vistas/procedimientos o estar fuera del alcance estatico.	SEMANTIC_REVERSE_ENGINEERING_CANDIDATE	SEMANTIC_INFERENCE_REVIEW_REQUIRED	dav	DOMAIN_ENTITY_OR_LEGACY	LIKELY_PERSONAL_OR_SENSITIVE	UNKNOWN	0	0	NO_USAGE_FOUND
dav_detalles_solicitudes_odts	.data_base/asgard.sql	5129	DB-TABLE-1643D1FEB2CDBA	Physical table declared in .data_base/asgard.sql	Tabla candidata del dominio dav: Gestion aduanera, DAV/DAM, clientes, documentos, costos y procesos operativos de comercio exterior. Por su nombre agrupa solicitudes de servicio o gestion iniciadas por usuario/cliente, solicitud de servicio o gestion iniciada por usuario/cliente. No tiene uso PHP directo en la evidencia; puede ser historica, consumida por SQL/vistas/procedimientos o estar fuera del alcance estatico.	SEMANTIC_REVERSE_ENGINEERING_CANDIDATE	SEMANTIC_INFERENCE_REVIEW_REQUIRED	dav	TRANSACTIONAL_LIFECYCLE	LIKELY_PERSONAL_OR_SENSITIVE	UNKNOWN	0	0	NO_USAGE_FOUND
dav_detalles_tareas_odts	.data_base/asgard.sql	5144	DB-TABLE-DFF21D0522A929	Physical table declared in .data_base/asgard.sql	Tabla candidata del dominio dav: Gestion aduanera, DAV/DAM, clientes, documentos, costos y procesos operativos de comercio exterior. Por su nombre agrupa entidad o catalogo legacy cuyo significado debe confirmarse por uso en codigo y datos. No tiene uso PHP directo en la evidencia; puede ser historica, consumida por SQL/vistas/procedimientos o estar fuera del alcance estatico.	SEMANTIC_REVERSE_ENGINEERING_CANDIDATE	SEMANTIC_INFERENCE_REVIEW_REQUIRED	dav	DOMAIN_ENTITY_OR_LEGACY	UNKNOWN_OR_BUSINESS_DATA	UNKNOWN	0	0	NO_USAGE_FOUND
dav_deteriorodocumentos	.data_base/asgard.sql	5155	DB-TABLE-4D03FCEE94B62E	Physical table declared in .data_base/asgard.sql	Tabla candidata del dominio dav: Gestion aduanera, DAV/DAM, clientes, documentos, costos y procesos operativos de comercio exterior. Por su nombre agrupa documentos o soportes asociados al expediente, documento o soporte asociado al expediente. Tiene lecturas observadas y parece actuar como consulta, catalogo o fuente de reporte.	SEMANTIC_REVERSE_ENGINEERING_CANDIDATE	SEMANTIC_INFERENCE_REVIEW_REQUIRED	dav	DOMAIN_ENTITY_OR_LEGACY	UNKNOWN_OR_BUSINESS_DATA	UNKNOWN	1	0	USED
dav_dim	.data_base/asgard.sql	5169	DB-TABLE-82B5C4134F74CA	Physical table declared in .data_base/asgard.sql	Tabla candidata del dominio dav: Gestion aduanera, DAV/DAM, clientes, documentos, costos y procesos operativos de comercio exterior. Por su nombre agrupa entidad o catalogo legacy cuyo significado debe confirmarse por uso en codigo y datos. Tiene lecturas observadas y parece actuar como consulta, catalogo o fuente de reporte.	SEMANTIC_REVERSE_ENGINEERING_CANDIDATE	SEMANTIC_INFERENCE_REVIEW_REQUIRED	dav	DOMAIN_ENTITY_OR_LEGACY	UNKNOWN_OR_BUSINESS_DATA	UNKNOWN	1	0	USED
dav_dimdatacat	.data_base/asgard.sql	5189	DB-TABLE-4CFC99D7FCD558	Physical table declared in .data_base/asgard.sql	Tabla candidata del dominio dav: Gestion aduanera, DAV/DAM, clientes, documentos, costos y procesos operativos de comercio exterior. Por su nombre agrupa entidad o catalogo legacy cuyo significado debe confirmarse por uso en codigo y datos. Tiene lecturas observadas y parece actuar como consulta, catalogo o fuente de reporte.	SEMANTIC_REVERSE_ENGINEERING_CANDIDATE	SEMANTIC_INFERENCE_REVIEW_REQUIRED	dav	DOMAIN_ENTITY_OR_LEGACY	UNKNOWN_OR_BUSINESS_DATA	UNKNOWN	1	0	USED
dav_dimtratosesp	.data_base/asgard.sql	5202	DB-TABLE-C030DD99B1615C	Physical table declared in .data_base/asgard.sql	Tabla candidata del dominio dav: Gestion aduanera, DAV/DAM, clientes, documentos, costos y procesos operativos de comercio exterior. Por su nombre agrupa entidad o catalogo legacy cuyo significado debe confirmarse por uso en codigo y datos. No tiene uso PHP directo en la evidencia; puede ser historica, consumida por SQL/vistas/procedimientos o estar fuera del alcance estatico.	SEMANTIC_REVERSE_ENGINEERING_CANDIDATE	SEMANTIC_INFERENCE_REVIEW_REQUIRED	dav	DOMAIN_ENTITY_OR_LEGACY	UNKNOWN_OR_BUSINESS_DATA	UNKNOWN	0	0	NO_USAGE_FOUND
dav_divisa	.data_base/asgard.sql	5214	DB-TABLE-A7A9573AFB7D2E	Physical table declared in .data_base/asgard.sql	Tabla candidata del dominio dav: Gestion aduanera, DAV/DAM, clientes, documentos, costos y procesos operativos de comercio exterior. Por su nombre agrupa entidad o catalogo legacy cuyo significado debe confirmarse por uso en codigo y datos. Tiene lecturas observadas y parece actuar como consulta, catalogo o fuente de reporte.	SEMANTIC_REVERSE_ENGINEERING_CANDIDATE	SEMANTIC_INFERENCE_REVIEW_REQUIRED	dav	DOMAIN_ENTITY_OR_LEGACY	UNKNOWN_OR_BUSINESS_DATA	UNKNOWN	3	0	USED
dav_division	.data_base/asgard.sql	5232	DB-TABLE-668BD67D256663	Physical table declared in .data_base/asgard.sql	Tabla candidata del dominio dav: Gestion aduanera, DAV/DAM, clientes, documentos, costos y procesos operativos de comercio exterior. Por su nombre agrupa entidad o catalogo legacy cuyo significado debe confirmarse por uso en codigo y datos. Tiene lecturas observadas y parece actuar como consulta, catalogo o fuente de reporte.	SEMANTIC_REVERSE_ENGINEERING_CANDIDATE	SEMANTIC_INFERENCE_REVIEW_REQUIRED	dav	DOMAIN_ENTITY_OR_LEGACY	UNKNOWN_OR_BUSINESS_DATA	UNKNOWN	7	0	USED
dav_documentos	.data_base/asgard.sql	5245	DB-TABLE-F21ECA79D1416C	Physical table declared in .data_base/asgard.sql	Tabla candidata del dominio dav: Gestion aduanera, DAV/DAM, clientes, documentos, costos y procesos operativos de comercio exterior. Por su nombre agrupa documentos o soportes asociados al expediente, documento o soporte asociado al expediente. Tiene lectura y escritura observada, por lo que probablemente participa en un flujo transaccional activo.	SEMANTIC_REVERSE_ENGINEERING_CANDIDATE	SEMANTIC_INFERENCE_REVIEW_REQUIRED	dav	DOCUMENT_LIFECYCLE	UNKNOWN_OR_BUSINESS_DATA	UNKNOWN	5	1	USED
dav_documentos_copy	.data_base/asgard.sql	5287	DB-TABLE-CF233512B6E93A	Physical table declared in .data_base/asgard.sql	Tabla candidata del dominio dav: Gestion aduanera, DAV/DAM, clientes, documentos, costos y procesos operativos de comercio exterior. Por su nombre agrupa documentos o soportes asociados al expediente, documento o soporte asociado al expediente. No tiene uso PHP directo en la evidencia; puede ser historica, consumida por SQL/vistas/procedimientos o estar fuera del alcance estatico.	SEMANTIC_REVERSE_ENGINEERING_CANDIDATE	SEMANTIC_INFERENCE_REVIEW_REQUIRED	dav	DOCUMENT_LIFECYCLE	UNKNOWN_OR_BUSINESS_DATA	UNKNOWN	0	0	NO_USAGE_FOUND
dav_documentos_fisicos_adjuntado	.data_base/asgard.sql	5327	DB-TABLE-F051BCDA48DF49	Physical table declared in .data_base/asgard.sql	Tabla candidata del dominio dav: Gestion aduanera, DAV/DAM, clientes, documentos, costos y procesos operativos de comercio exterior. Por su nombre agrupa documentos o soportes asociados al expediente, documento o soporte asociado al expediente. No tiene uso PHP directo en la evidencia; puede ser historica, consumida por SQL/vistas/procedimientos o estar fuera del alcance estatico.	SEMANTIC_REVERSE_ENGINEERING_CANDIDATE	SEMANTIC_INFERENCE_REVIEW_REQUIRED	dav	DOCUMENT_LIFECYCLE	UNKNOWN_OR_BUSINESS_DATA	UNKNOWN	0	0	NO_USAGE_FOUND
dav_documentos_historial	.data_base/asgard.sql	5347	DB-TABLE-DF259106D427A9	Physical table declared in .data_base/asgard.sql	Tabla candidata del dominio dav: Gestion aduanera, DAV/DAM, clientes, documentos, costos y procesos operativos de comercio exterior. Por su nombre agrupa documentos o soportes asociados al expediente, documento o soporte asociado al expediente. No tiene uso PHP directo en la evidencia; puede ser historica, consumida por SQL/vistas/procedimientos o estar fuera del alcance estatico.	SEMANTIC_REVERSE_ENGINEERING_CANDIDATE	SEMANTIC_INFERENCE_REVIEW_REQUIRED	dav	AUDIT_LOG	UNKNOWN_OR_BUSINESS_DATA	UNKNOWN	0	0	NO_USAGE_FOUND
dav_documentos_predeterminados	.data_base/asgard.sql	5385	DB-TABLE-BBB8B0FE6656B5	Physical table declared in .data_base/asgard.sql	Tabla candidata del dominio dav: Gestion aduanera, DAV/DAM, clientes, documentos, costos y procesos operativos de comercio exterior. Por su nombre agrupa documentos o soportes asociados al expediente, documento o soporte asociado al expediente. No tiene uso PHP directo en la evidencia; puede ser historica, consumida por SQL/vistas/procedimientos o estar fuera del alcance estatico.	SEMANTIC_REVERSE_ENGINEERING_CANDIDATE	SEMANTIC_INFERENCE_REVIEW_REQUIRED	dav	DOCUMENT_LIFECYCLE	UNKNOWN_OR_BUSINESS_DATA	UNKNOWN	0	0	NO_USAGE_FOUND
dav_documentoslegales	.data_base/asgard.sql	5407	DB-TABLE-21147A0F693934	Physical table declared in .data_base/asgard.sql	Tabla candidata del dominio dav: Gestion aduanera, DAV/DAM, clientes, documentos, costos y procesos operativos de comercio exterior. Por su nombre agrupa documentos o soportes asociados al expediente, documento o soporte asociado al expediente. No tiene uso PHP directo en la evidencia; puede ser historica, consumida por SQL/vistas/procedimientos o estar fuera del alcance estatico.	SEMANTIC_REVERSE_ENGINEERING_CANDIDATE	SEMANTIC_INFERENCE_REVIEW_REQUIRED	dav	DOMAIN_ENTITY_OR_LEGACY	UNKNOWN_OR_BUSINESS_DATA	UNKNOWN	0	0	NO_USAGE_FOUND
dav_documentoslegalesnotificaciones	.data_base/asgard.sql	5433	DB-TABLE-C3AC7BFDC2EAC0	Physical table declared in .data_base/asgard.sql	Tabla candidata del dominio dav: Gestion aduanera, DAV/DAM, clientes, documentos, costos y procesos operativos de comercio exterior. Por su nombre agrupa documentos o soportes asociados al expediente, documento o soporte asociado al expediente. No tiene uso PHP directo en la evidencia; puede ser historica, consumida por SQL/vistas/procedimientos o estar fuera del alcance estatico.	SEMANTIC_REVERSE_ENGINEERING_CANDIDATE	SEMANTIC_INFERENCE_REVIEW_REQUIRED	dav	DOMAIN_ENTITY_OR_LEGACY	LIKELY_PERSONAL_OR_SENSITIVE	UNKNOWN	0	0	NO_USAGE_FOUND
dav_documentosnotasvalor	.data_base/asgard.sql	5460	DB-TABLE-61D71F6EA810CC	Physical table declared in .data_base/asgard.sql	Tabla candidata del dominio dav: Gestion aduanera, DAV/DAM, clientes, documentos, costos y procesos operativos de comercio exterior. Por su nombre agrupa documentos o soportes asociados al expediente, documento o soporte asociado al expediente, valor declarado, calculado o parametrico. No tiene uso PHP directo en la evidencia; puede ser historica, consumida por SQL/vistas/procedimientos o estar fuera del alcance estatico.	SEMANTIC_REVERSE_ENGINEERING_CANDIDATE	SEMANTIC_INFERENCE_REVIEW_REQUIRED	dav	DOMAIN_ENTITY_OR_LEGACY	UNKNOWN_OR_BUSINESS_DATA	UNKNOWN	0	0	NO_USAGE_FOUND
dav_documentosobservacion	.data_base/asgard.sql	5470	DB-TABLE-B2B6A739DAF419	Physical table declared in .data_base/asgard.sql	Tabla candidata del dominio dav: Gestion aduanera, DAV/DAM, clientes, documentos, costos y procesos operativos de comercio exterior. Por su nombre agrupa observacion, comentario o motivo de revision, documentos o soportes asociados al expediente, documento o soporte asociado al expediente. No tiene uso PHP directo en la evidencia; puede ser historica, consumida por SQL/vistas/procedimientos o estar fuera del alcance estatico.	SEMANTIC_REVERSE_ENGINEERING_CANDIDATE	SEMANTIC_INFERENCE_REVIEW_REQUIRED	dav	DOMAIN_ENTITY_OR_LEGACY	LIKELY_PERSONAL_OR_SENSITIVE	UNKNOWN	0	0	NO_USAGE_FOUND
dav_documentosprevios	.data_base/asgard.sql	5484	DB-TABLE-49B3DA73D7C8EB	Physical table declared in .data_base/asgard.sql	Tabla candidata del dominio dav: Gestion aduanera, DAV/DAM, clientes, documentos, costos y procesos operativos de comercio exterior. Por su nombre agrupa documentos o soportes asociados al expediente, documento o soporte asociado al expediente. Tiene escrituras observadas sin lecturas directas en la evidencia disponible; revisar si es staging, log o tabla consumida indirectamente.	SEMANTIC_REVERSE_ENGINEERING_CANDIDATE	SEMANTIC_INFERENCE_REVIEW_REQUIRED	dav	DOMAIN_ENTITY_OR_LEGACY	UNKNOWN_OR_BUSINESS_DATA	UNKNOWN	0	1	USED
dav_documentossuma	.data_base/asgard.sql	5516	DB-TABLE-D6358AFB39E72D	Physical table declared in .data_base/asgard.sql	Tabla candidata del dominio dav: Gestion aduanera, DAV/DAM, clientes, documentos, costos y procesos operativos de comercio exterior. Por su nombre agrupa documentos o soportes asociados al expediente, documento o soporte asociado al expediente. No tiene uso PHP directo en la evidencia; puede ser historica, consumida por SQL/vistas/procedimientos o estar fuera del alcance estatico.	SEMANTIC_REVERSE_ENGINEERING_CANDIDATE	SEMANTIC_INFERENCE_REVIEW_REQUIRED	dav	DOMAIN_ENTITY_OR_LEGACY	UNKNOWN_OR_BUSINESS_DATA	UNKNOWN	0	0	NO_USAGE_FOUND
dav_documentossumacampos	.data_base/asgard.sql	5527	DB-TABLE-433EAAAB668D89	Physical table declared in .data_base/asgard.sql	Tabla candidata del dominio dav: Gestion aduanera, DAV/DAM, clientes, documentos, costos y procesos operativos de comercio exterior. Por su nombre agrupa documentos o soportes asociados al expediente, documento o soporte asociado al expediente. No tiene uso PHP directo en la evidencia; puede ser historica, consumida por SQL/vistas/procedimientos o estar fuera del alcance estatico.	SEMANTIC_REVERSE_ENGINEERING_CANDIDATE	SEMANTIC_INFERENCE_REVIEW_REQUIRED	dav	DOMAIN_ENTITY_OR_LEGACY	UNKNOWN_OR_BUSINESS_DATA	UNKNOWN	0	0	NO_USAGE_FOUND
dav_documentossumadam	.data_base/asgard.sql	5543	DB-TABLE-7C6730854F10F7	Physical table declared in .data_base/asgard.sql	Tabla candidata del dominio dav: Gestion aduanera, DAV/DAM, clientes, documentos, costos y procesos operativos de comercio exterior. Por su nombre agrupa documentos o soportes asociados al expediente, documento o soporte asociado al expediente. No tiene uso PHP directo en la evidencia; puede ser historica, consumida por SQL/vistas/procedimientos o estar fuera del alcance estatico.	SEMANTIC_REVERSE_ENGINEERING_CANDIDATE	SEMANTIC_INFERENCE_REVIEW_REQUIRED	dav	DOMAIN_ENTITY_OR_LEGACY	UNKNOWN_OR_BUSINESS_DATA	UNKNOWN	0	0	NO_USAGE_FOUND
dav_documentossumadim	.data_base/asgard.sql	5561	DB-TABLE-21279574AF95F1	Physical table declared in .data_base/asgard.sql	Tabla candidata del dominio dav: Gestion aduanera, DAV/DAM, clientes, documentos, costos y procesos operativos de comercio exterior. Por su nombre agrupa documentos o soportes asociados al expediente, documento o soporte asociado al expediente. No tiene uso PHP directo en la evidencia; puede ser historica, consumida por SQL/vistas/procedimientos o estar fuera del alcance estatico.	SEMANTIC_REVERSE_ENGINEERING_CANDIDATE	SEMANTIC_INFERENCE_REVIEW_REQUIRED	dav	DOMAIN_ENTITY_OR_LEGACY	UNKNOWN_OR_BUSINESS_DATA	UNKNOWN	0	0	NO_USAGE_FOUND
dav_documentossumaopciones	.data_base/asgard.sql	5584	DB-TABLE-055164E1B3CBD8	Physical table declared in .data_base/asgard.sql	Tabla candidata del dominio dav: Gestion aduanera, DAV/DAM, clientes, documentos, costos y procesos operativos de comercio exterior. Por su nombre agrupa documentos o soportes asociados al expediente, documento o soporte asociado al expediente. No tiene uso PHP directo en la evidencia; puede ser historica, consumida por SQL/vistas/procedimientos o estar fuera del alcance estatico.	SEMANTIC_REVERSE_ENGINEERING_CANDIDATE	SEMANTIC_INFERENCE_REVIEW_REQUIRED	dav	DOMAIN_ENTITY_OR_LEGACY	LIKELY_PERSONAL_OR_SENSITIVE	UNKNOWN	0	0	NO_USAGE_FOUND
dav_dosificacion	.data_base/asgard.sql	5596	DB-TABLE-16E31CBEB91D62	Physical table declared in .data_base/asgard.sql	Tabla candidata del dominio dav: Gestion aduanera, DAV/DAM, clientes, documentos, costos y procesos operativos de comercio exterior. Por su nombre agrupa entidad o catalogo legacy cuyo significado debe confirmarse por uso en codigo y datos. Tiene lecturas observadas y parece actuar como consulta, catalogo o fuente de reporte.	SEMANTIC_REVERSE_ENGINEERING_CANDIDATE	SEMANTIC_INFERENCE_REVIEW_REQUIRED	dav	DOMAIN_ENTITY_OR_LEGACY	LIKELY_PERSONAL_OR_SENSITIVE	UNKNOWN	1	0	USED
dav_dui	.data_base/asgard.sql	5616	DB-TABLE-97C54AD7655D18	Physical table declared in .data_base/asgard.sql	Tabla candidata del dominio dav: Gestion aduanera, DAV/DAM, clientes, documentos, costos y procesos operativos de comercio exterior. Por su nombre agrupa entidad o catalogo legacy cuyo significado debe confirmarse por uso en codigo y datos. Tiene lecturas observadas y parece actuar como consulta, catalogo o fuente de reporte.	SEMANTIC_REVERSE_ENGINEERING_CANDIDATE	SEMANTIC_INFERENCE_REVIEW_REQUIRED	dav	DOMAIN_ENTITY_OR_LEGACY	UNKNOWN_OR_BUSINESS_DATA	UNKNOWN	1	0	USED
dav_edp	.data_base/asgard.sql	5626	DB-TABLE-04721538B4CAFC	Physical table declared in .data_base/asgard.sql	Tabla candidata del dominio dav: Gestion aduanera, DAV/DAM, clientes, documentos, costos y procesos operativos de comercio exterior. Por su nombre agrupa entidad o catalogo legacy cuyo significado debe confirmarse por uso en codigo y datos. Tiene lectura y escritura observada, por lo que probablemente participa en un flujo transaccional activo.	SEMANTIC_REVERSE_ENGINEERING_CANDIDATE	SEMANTIC_INFERENCE_REVIEW_REQUIRED	dav	DOMAIN_ENTITY_OR_LEGACY	UNKNOWN_OR_BUSINESS_DATA	UNKNOWN	3	1	USED
dav_email_notificaciones	.data_base/asgard.sql	5645	DB-TABLE-9AEDF4F0527EFB	Physical table declared in .data_base/asgard.sql	Tabla candidata del dominio dav: Gestion aduanera, DAV/DAM, clientes, documentos, costos y procesos operativos de comercio exterior. Por su nombre agrupa correo electronico o evento de envio por email. No tiene uso PHP directo en la evidencia; puede ser historica, consumida por SQL/vistas/procedimientos o estar fuera del alcance estatico.	SEMANTIC_REVERSE_ENGINEERING_CANDIDATE	SEMANTIC_INFERENCE_REVIEW_REQUIRED	dav	DOMAIN_ENTITY_OR_LEGACY	LIKELY_PERSONAL_OR_SENSITIVE	UNKNOWN	0	0	NO_USAGE_FOUND
dav_embarques_atlantes	.data_base/asgard.sql	5663	DB-TABLE-E44A464251CD12	Physical table declared in .data_base/asgard.sql	Tabla candidata del dominio dav: Gestion aduanera, DAV/DAM, clientes, documentos, costos y procesos operativos de comercio exterior. Por su nombre agrupa embarques o movimientos logisticos/aduaneros, embarque o movimiento logistico/aduanero. No tiene uso PHP directo en la evidencia; puede ser historica, consumida por SQL/vistas/procedimientos o estar fuera del alcance estatico.	SEMANTIC_REVERSE_ENGINEERING_CANDIDATE	SEMANTIC_INFERENCE_REVIEW_REQUIRED	dav	DOMAIN_ENTITY_OR_LEGACY	UNKNOWN_OR_BUSINESS_DATA	UNKNOWN	0	0	NO_USAGE_FOUND
dav_emisor	.data_base/asgard.sql	5678	DB-TABLE-EB1FF6C00F4396	Physical table declared in .data_base/asgard.sql	Tabla candidata del dominio dav: Gestion aduanera, DAV/DAM, clientes, documentos, costos y procesos operativos de comercio exterior. Por su nombre agrupa entidad o catalogo legacy cuyo significado debe confirmarse por uso en codigo y datos. No tiene uso PHP directo en la evidencia; puede ser historica, consumida por SQL/vistas/procedimientos o estar fuera del alcance estatico.	SEMANTIC_REVERSE_ENGINEERING_CANDIDATE	SEMANTIC_INFERENCE_REVIEW_REQUIRED	dav	DOMAIN_ENTITY_OR_LEGACY	UNKNOWN_OR_BUSINESS_DATA	UNKNOWN	0	0	NO_USAGE_FOUND
dav_empresa	.data_base/asgard.sql	5688	DB-TABLE-6A0DF1FB4BD388	Physical table declared in .data_base/asgard.sql	Tabla candidata del dominio dav: Gestion aduanera, DAV/DAM, clientes, documentos, costos y procesos operativos de comercio exterior. Por su nombre agrupa entidad o catalogo legacy cuyo significado debe confirmarse por uso en codigo y datos. Tiene lecturas observadas y parece actuar como consulta, catalogo o fuente de reporte.	SEMANTIC_REVERSE_ENGINEERING_CANDIDATE	SEMANTIC_INFERENCE_REVIEW_REQUIRED	dav	DOMAIN_ENTITY_OR_LEGACY	UNKNOWN_OR_BUSINESS_DATA	UNKNOWN	2	0	USED
dav_empresaarea	.data_base/asgard.sql	5706	DB-TABLE-5782D5D75D49E4	Physical table declared in .data_base/asgard.sql	Tabla candidata del dominio dav: Gestion aduanera, DAV/DAM, clientes, documentos, costos y procesos operativos de comercio exterior. Por su nombre agrupa entidad o catalogo legacy cuyo significado debe confirmarse por uso en codigo y datos. Tiene lecturas observadas y parece actuar como consulta, catalogo o fuente de reporte.	SEMANTIC_REVERSE_ENGINEERING_CANDIDATE	SEMANTIC_INFERENCE_REVIEW_REQUIRED	dav	DOMAIN_ENTITY_OR_LEGACY	UNKNOWN_OR_BUSINESS_DATA	UNKNOWN	1	0	USED
dav_empresacertificadoorigen	.data_base/asgard.sql	5717	DB-TABLE-FB7056AEA24C61	Physical table declared in .data_base/asgard.sql	Tabla candidata del dominio dav: Gestion aduanera, DAV/DAM, clientes, documentos, costos y procesos operativos de comercio exterior. Por su nombre agrupa entidad o catalogo legacy cuyo significado debe confirmarse por uso en codigo y datos. No tiene uso PHP directo en la evidencia; puede ser historica, consumida por SQL/vistas/procedimientos o estar fuera del alcance estatico.	SEMANTIC_REVERSE_ENGINEERING_CANDIDATE	SEMANTIC_INFERENCE_REVIEW_REQUIRED	dav	DOMAIN_ENTITY_OR_LEGACY	UNKNOWN_OR_BUSINESS_DATA	UNKNOWN	0	0	NO_USAGE_FOUND
dav_empresacontacto	.data_base/asgard.sql	5727	DB-TABLE-6EEAD50E550396	Physical table declared in .data_base/asgard.sql	Tabla candidata del dominio dav: Gestion aduanera, DAV/DAM, clientes, documentos, costos y procesos operativos de comercio exterior. Por su nombre agrupa persona de contacto y sus datos de comunicacion. Tiene lecturas observadas y parece actuar como consulta, catalogo o fuente de reporte.	SEMANTIC_REVERSE_ENGINEERING_CANDIDATE	SEMANTIC_INFERENCE_REVIEW_REQUIRED	dav	DOMAIN_ENTITY_OR_LEGACY	LIKELY_PERSONAL_OR_SENSITIVE	UNKNOWN	1	0	USED
dav_empresaemisor	.data_base/asgard.sql	5739	DB-TABLE-4102820499F9DB	Physical table declared in .data_base/asgard.sql	Tabla candidata del dominio dav: Gestion aduanera, DAV/DAM, clientes, documentos, costos y procesos operativos de comercio exterior. Por su nombre agrupa entidad o catalogo legacy cuyo significado debe confirmarse por uso en codigo y datos. No tiene uso PHP directo en la evidencia; puede ser historica, consumida por SQL/vistas/procedimientos o estar fuera del alcance estatico.	SEMANTIC_REVERSE_ENGINEERING_CANDIDATE	SEMANTIC_INFERENCE_REVIEW_REQUIRED	dav	DOMAIN_ENTITY_OR_LEGACY	UNKNOWN_OR_BUSINESS_DATA	UNKNOWN	0	0	NO_USAGE_FOUND
dav_empresaguiaaerea	.data_base/asgard.sql	5750	DB-TABLE-0874F6910CFEA0	Physical table declared in .data_base/asgard.sql	Tabla candidata del dominio dav: Gestion aduanera, DAV/DAM, clientes, documentos, costos y procesos operativos de comercio exterior. Por su nombre agrupa entidad o catalogo legacy cuyo significado debe confirmarse por uso en codigo y datos. No tiene uso PHP directo en la evidencia; puede ser historica, consumida por SQL/vistas/procedimientos o estar fuera del alcance estatico.	SEMANTIC_REVERSE_ENGINEERING_CANDIDATE	SEMANTIC_INFERENCE_REVIEW_REQUIRED	dav	DOMAIN_ENTITY_OR_LEGACY	UNKNOWN_OR_BUSINESS_DATA	UNKNOWN	0	0	NO_USAGE_FOUND
dav_empresaovp	.data_base/asgard.sql	5760	DB-TABLE-75F65B9C66DCF8	Physical table declared in .data_base/asgard.sql	Tabla candidata del dominio dav: Gestion aduanera, DAV/DAM, clientes, documentos, costos y procesos operativos de comercio exterior. Por su nombre agrupa entidad o catalogo legacy cuyo significado debe confirmarse por uso en codigo y datos. No tiene uso PHP directo en la evidencia; puede ser historica, consumida por SQL/vistas/procedimientos o estar fuera del alcance estatico.	SEMANTIC_REVERSE_ENGINEERING_CANDIDATE	SEMANTIC_INFERENCE_REVIEW_REQUIRED	dav	DOMAIN_ENTITY_OR_LEGACY	UNKNOWN_OR_BUSINESS_DATA	UNKNOWN	0	0	NO_USAGE_FOUND
dav_empresaseguro	.data_base/asgard.sql	5779	DB-TABLE-D8124B0C568821	Physical table declared in .data_base/asgard.sql	Tabla candidata del dominio dav: Gestion aduanera, DAV/DAM, clientes, documentos, costos y procesos operativos de comercio exterior. Por su nombre agrupa entidad o catalogo legacy cuyo significado debe confirmarse por uso en codigo y datos. No tiene uso PHP directo en la evidencia; puede ser historica, consumida por SQL/vistas/procedimientos o estar fuera del alcance estatico.	SEMANTIC_REVERSE_ENGINEERING_CANDIDATE	SEMANTIC_INFERENCE_REVIEW_REQUIRED	dav	DOMAIN_ENTITY_OR_LEGACY	UNKNOWN_OR_BUSINESS_DATA	UNKNOWN	0	0	NO_USAGE_FOUND
dav_empresatransporte	.data_base/asgard.sql	5789	DB-TABLE-87DA0AFEF2BD6C	Physical table declared in .data_base/asgard.sql	Tabla candidata del dominio dav: Gestion aduanera, DAV/DAM, clientes, documentos, costos y procesos operativos de comercio exterior. Por su nombre agrupa entidad o catalogo legacy cuyo significado debe confirmarse por uso en codigo y datos. No tiene uso PHP directo en la evidencia; puede ser historica, consumida por SQL/vistas/procedimientos o estar fuera del alcance estatico.	SEMANTIC_REVERSE_ENGINEERING_CANDIDATE	SEMANTIC_INFERENCE_REVIEW_REQUIRED	dav	DOMAIN_ENTITY_OR_LEGACY	UNKNOWN_OR_BUSINESS_DATA	UNKNOWN	0	0	NO_USAGE_FOUND
dav_entidademisora	.data_base/asgard.sql	5799	DB-TABLE-BD4809CF5809AD	Physical table declared in .data_base/asgard.sql	Tabla candidata del dominio dav: Gestion aduanera, DAV/DAM, clientes, documentos, costos y procesos operativos de comercio exterior. Por su nombre agrupa entidad o catalogo legacy cuyo significado debe confirmarse por uso en codigo y datos. Tiene lecturas observadas y parece actuar como consulta, catalogo o fuente de reporte.	SEMANTIC_REVERSE_ENGINEERING_CANDIDATE	SEMANTIC_INFERENCE_REVIEW_REQUIRED	dav	DOMAIN_ENTITY_OR_LEGACY	UNKNOWN_OR_BUSINESS_DATA	UNKNOWN	3	0	USED
dav_entidademisoratramite	.data_base/asgard.sql	5811	DB-TABLE-2FDBE09CA87C98	Physical table declared in .data_base/asgard.sql	Tabla candidata del dominio dav: Gestion aduanera, DAV/DAM, clientes, documentos, costos y procesos operativos de comercio exterior. Por su nombre agrupa entidad o catalogo legacy cuyo significado debe confirmarse por uso en codigo y datos. Tiene lecturas observadas y parece actuar como consulta, catalogo o fuente de reporte.	SEMANTIC_REVERSE_ENGINEERING_CANDIDATE	SEMANTIC_INFERENCE_REVIEW_REQUIRED	dav	DOMAIN_ENTITY_OR_LEGACY	UNKNOWN_OR_BUSINESS_DATA	UNKNOWN	3	0	USED
dav_entidademisoratramitetipo	.data_base/asgard.sql	5822	DB-TABLE-958E8F2004D56D	Physical table declared in .data_base/asgard.sql	Tabla candidata del dominio dav: Gestion aduanera, DAV/DAM, clientes, documentos, costos y procesos operativos de comercio exterior. Por su nombre agrupa tipo/clasificador que parametriza la regla o pantalla. Tiene lecturas observadas y parece actuar como consulta, catalogo o fuente de reporte.	SEMANTIC_REVERSE_ENGINEERING_CANDIDATE	SEMANTIC_INFERENCE_REVIEW_REQUIRED	dav	DOMAIN_ENTITY_OR_LEGACY	UNKNOWN_OR_BUSINESS_DATA	UNKNOWN	3	0	USED
dav_envio_legalizadas_imcruz	.data_base/asgard.sql	5833	DB-TABLE-5F8736052FC0DB	Physical table declared in .data_base/asgard.sql	Tabla candidata del dominio dav: Gestion aduanera, DAV/DAM, clientes, documentos, costos y procesos operativos de comercio exterior. Por su nombre agrupa entidad o catalogo legacy cuyo significado debe confirmarse por uso en codigo y datos. No tiene uso PHP directo en la evidencia; puede ser historica, consumida por SQL/vistas/procedimientos o estar fuera del alcance estatico.	SEMANTIC_REVERSE_ENGINEERING_CANDIDATE	SEMANTIC_INFERENCE_REVIEW_REQUIRED	dav	DOMAIN_ENTITY_OR_LEGACY	UNKNOWN_OR_BUSINESS_DATA	UNKNOWN	0	0	NO_USAGE_FOUND
dav_envio_planillas_imcruz	.data_base/asgard.sql	5854	DB-TABLE-F8FA8E39D5EC7F	Physical table declared in .data_base/asgard.sql	Tabla candidata del dominio dav: Gestion aduanera, DAV/DAM, clientes, documentos, costos y procesos operativos de comercio exterior. Por su nombre agrupa planilla o documento operativo/financiero generado. No tiene uso PHP directo en la evidencia; puede ser historica, consumida por SQL/vistas/procedimientos o estar fuera del alcance estatico.	SEMANTIC_REVERSE_ENGINEERING_CANDIDATE	SEMANTIC_INFERENCE_REVIEW_REQUIRED	dav	DOMAIN_ENTITY_OR_LEGACY	UNKNOWN_OR_BUSINESS_DATA	UNKNOWN	0	0	NO_USAGE_FOUND
dav_errordocumentos	.data_base/asgard.sql	5880	DB-TABLE-3B0C34A471CC38	Physical table declared in .data_base/asgard.sql	Tabla candidata del dominio dav: Gestion aduanera, DAV/DAM, clientes, documentos, costos y procesos operativos de comercio exterior. Por su nombre agrupa documentos o soportes asociados al expediente, documento o soporte asociado al expediente. Tiene lecturas observadas y parece actuar como consulta, catalogo o fuente de reporte.	SEMANTIC_REVERSE_ENGINEERING_CANDIDATE	SEMANTIC_INFERENCE_REVIEW_REQUIRED	dav	DOMAIN_ENTITY_OR_LEGACY	UNKNOWN_OR_BUSINESS_DATA	UNKNOWN	1	0	USED
dav_erroresexcel	.data_base/asgard.sql	5894	DB-TABLE-203472575CB71A	Physical table declared in .data_base/asgard.sql	Tabla candidata del dominio dav: Gestion aduanera, DAV/DAM, clientes, documentos, costos y procesos operativos de comercio exterior. Por su nombre agrupa entidad o catalogo legacy cuyo significado debe confirmarse por uso en codigo y datos. Tiene escrituras observadas sin lecturas directas en la evidencia disponible; revisar si es staging, log o tabla consumida indirectamente.	SEMANTIC_REVERSE_ENGINEERING_CANDIDATE	SEMANTIC_INFERENCE_REVIEW_REQUIRED	dav	DOMAIN_ENTITY_OR_LEGACY	UNKNOWN_OR_BUSINESS_DATA	UNKNOWN	0	2	USED
dav_estadoaps	.data_base/asgard.sql	5909	DB-TABLE-8CDB9C9F4A5223	Physical table declared in .data_base/asgard.sql	Tabla candidata del dominio dav: Gestion aduanera, DAV/DAM, clientes, documentos, costos y procesos operativos de comercio exterior. Por su nombre agrupa estado de ciclo de vida o clasificacion operacional. Tiene lecturas observadas y parece actuar como consulta, catalogo o fuente de reporte.	SEMANTIC_REVERSE_ENGINEERING_CANDIDATE	SEMANTIC_INFERENCE_REVIEW_REQUIRED	dav	DOMAIN_ENTITY_OR_LEGACY	UNKNOWN_OR_BUSINESS_DATA	UNKNOWN	1	0	USED
dav_estadocomprobante	.data_base/asgard.sql	5920	DB-TABLE-77054BDF706417	Physical table declared in .data_base/asgard.sql	Tabla candidata del dominio dav: Gestion aduanera, DAV/DAM, clientes, documentos, costos y procesos operativos de comercio exterior. Por su nombre agrupa estado de ciclo de vida o clasificacion operacional. No tiene uso PHP directo en la evidencia; puede ser historica, consumida por SQL/vistas/procedimientos o estar fuera del alcance estatico.	SEMANTIC_REVERSE_ENGINEERING_CANDIDATE	SEMANTIC_INFERENCE_REVIEW_REQUIRED	dav	DOMAIN_ENTITY_OR_LEGACY	UNKNOWN_OR_BUSINESS_DATA	UNKNOWN	0	0	NO_USAGE_FOUND
dav_estadoedp	.data_base/asgard.sql	5930	DB-TABLE-401C25CEB51A60	Physical table declared in .data_base/asgard.sql	Tabla candidata del dominio dav: Gestion aduanera, DAV/DAM, clientes, documentos, costos y procesos operativos de comercio exterior. Por su nombre agrupa estado de ciclo de vida o clasificacion operacional. Tiene lecturas observadas y parece actuar como consulta, catalogo o fuente de reporte.	SEMANTIC_REVERSE_ENGINEERING_CANDIDATE	SEMANTIC_INFERENCE_REVIEW_REQUIRED	dav	DOMAIN_ENTITY_OR_LEGACY	UNKNOWN_OR_BUSINESS_DATA	UNKNOWN	2	0	USED
dav_estadoetapastramite10	.data_base/asgard.sql	5944	DB-TABLE-2D73831A85E470	Physical table declared in .data_base/asgard.sql	Tabla candidata del dominio dav: Gestion aduanera, DAV/DAM, clientes, documentos, costos y procesos operativos de comercio exterior. Por su nombre agrupa estado de ciclo de vida o clasificacion operacional. No tiene uso PHP directo en la evidencia; puede ser historica, consumida por SQL/vistas/procedimientos o estar fuera del alcance estatico.	SEMANTIC_REVERSE_ENGINEERING_CANDIDATE	SEMANTIC_INFERENCE_REVIEW_REQUIRED	dav	DOMAIN_ENTITY_OR_LEGACY	UNKNOWN_OR_BUSINESS_DATA	UNKNOWN	0	0	NO_USAGE_FOUND
dav_estadoetapastramite19	.data_base/asgard.sql	5954	DB-TABLE-730B60F5E827DE	Physical table declared in .data_base/asgard.sql	Tabla candidata del dominio dav: Gestion aduanera, DAV/DAM, clientes, documentos, costos y procesos operativos de comercio exterior. Por su nombre agrupa estado de ciclo de vida o clasificacion operacional. No tiene uso PHP directo en la evidencia; puede ser historica, consumida por SQL/vistas/procedimientos o estar fuera del alcance estatico.	SEMANTIC_REVERSE_ENGINEERING_CANDIDATE	SEMANTIC_INFERENCE_REVIEW_REQUIRED	dav	DOMAIN_ENTITY_OR_LEGACY	UNKNOWN_OR_BUSINESS_DATA	UNKNOWN	0	0	NO_USAGE_FOUND
dav_estadoetapastramite5	.data_base/asgard.sql	5964	DB-TABLE-92058D34E5B4A0	Physical table declared in .data_base/asgard.sql	Tabla candidata del dominio dav: Gestion aduanera, DAV/DAM, clientes, documentos, costos y procesos operativos de comercio exterior. Por su nombre agrupa estado de ciclo de vida o clasificacion operacional. No tiene uso PHP directo en la evidencia; puede ser historica, consumida por SQL/vistas/procedimientos o estar fuera del alcance estatico.	SEMANTIC_REVERSE_ENGINEERING_CANDIDATE	SEMANTIC_INFERENCE_REVIEW_REQUIRED	dav	DOMAIN_ENTITY_OR_LEGACY	UNKNOWN_OR_BUSINESS_DATA	UNKNOWN	0	0	NO_USAGE_FOUND
dav_estadoetapastramite8	.data_base/asgard.sql	5974	DB-TABLE-A4D80C0239FD3F	Physical table declared in .data_base/asgard.sql	Tabla candidata del dominio dav: Gestion aduanera, DAV/DAM, clientes, documentos, costos y procesos operativos de comercio exterior. Por su nombre agrupa estado de ciclo de vida o clasificacion operacional. No tiene uso PHP directo en la evidencia; puede ser historica, consumida por SQL/vistas/procedimientos o estar fuera del alcance estatico.	SEMANTIC_REVERSE_ENGINEERING_CANDIDATE	SEMANTIC_INFERENCE_REVIEW_REQUIRED	dav	DOMAIN_ENTITY_OR_LEGACY	UNKNOWN_OR_BUSINESS_DATA	UNKNOWN	0	0	NO_USAGE_FOUND
dav_estadofactura	.data_base/asgard.sql	5984	DB-TABLE-EE31E7305F742C	Physical table declared in .data_base/asgard.sql	Tabla candidata del dominio dav: Gestion aduanera, DAV/DAM, clientes, documentos, costos y procesos operativos de comercio exterior. Por su nombre agrupa factura o documento economico/comercial, estado de ciclo de vida o clasificacion operacional. Tiene lecturas observadas y parece actuar como consulta, catalogo o fuente de reporte.	SEMANTIC_REVERSE_ENGINEERING_CANDIDATE	SEMANTIC_INFERENCE_REVIEW_REQUIRED	dav	DOMAIN_ENTITY_OR_LEGACY	UNKNOWN_OR_BUSINESS_DATA	UNKNOWN	1	0	USED
dav_estadoform1edp	.data_base/asgard.sql	5994	DB-TABLE-70E9C92B6F9594	Physical table declared in .data_base/asgard.sql	Tabla candidata del dominio dav: Gestion aduanera, DAV/DAM, clientes, documentos, costos y procesos operativos de comercio exterior. Por su nombre agrupa estado de ciclo de vida o clasificacion operacional. Tiene lecturas observadas y parece actuar como consulta, catalogo o fuente de reporte.	SEMANTIC_REVERSE_ENGINEERING_CANDIDATE	SEMANTIC_INFERENCE_REVIEW_REQUIRED	dav	DOMAIN_ENTITY_OR_LEGACY	UNKNOWN_OR_BUSINESS_DATA	UNKNOWN	2	0	USED
dav_estadopago	.data_base/asgard.sql	6006	DB-TABLE-909B43139D3EA0	Physical table declared in .data_base/asgard.sql	Tabla candidata del dominio dav: Gestion aduanera, DAV/DAM, clientes, documentos, costos y procesos operativos de comercio exterior. Por su nombre agrupa estado de ciclo de vida o clasificacion operacional, pago o movimiento economico. No tiene uso PHP directo en la evidencia; puede ser historica, consumida por SQL/vistas/procedimientos o estar fuera del alcance estatico.	SEMANTIC_REVERSE_ENGINEERING_CANDIDATE	SEMANTIC_INFERENCE_REVIEW_REQUIRED	dav	DOMAIN_ENTITY_OR_LEGACY	UNKNOWN_OR_BUSINESS_DATA	UNKNOWN	0	0	NO_USAGE_FOUND
dav_estadopartida	.data_base/asgard.sql	6016	DB-TABLE-23362B21C1FF9E	Physical table declared in .data_base/asgard.sql	Tabla candidata del dominio dav: Gestion aduanera, DAV/DAM, clientes, documentos, costos y procesos operativos de comercio exterior. Por su nombre agrupa partida o linea declarativa dentro de un tramite aduanero, estado de ciclo de vida o clasificacion operacional. Tiene lecturas observadas y parece actuar como consulta, catalogo o fuente de reporte.	SEMANTIC_REVERSE_ENGINEERING_CANDIDATE	SEMANTIC_INFERENCE_REVIEW_REQUIRED	dav	DOMAIN_ENTITY_OR_LEGACY	UNKNOWN_OR_BUSINESS_DATA	UNKNOWN	2	0	USED
dav_estadoprestamo	.data_base/asgard.sql	6030	DB-TABLE-AAF360CB7363E0	Physical table declared in .data_base/asgard.sql	Tabla candidata del dominio dav: Gestion aduanera, DAV/DAM, clientes, documentos, costos y procesos operativos de comercio exterior. Por su nombre agrupa estado de ciclo de vida o clasificacion operacional. Tiene lecturas observadas y parece actuar como consulta, catalogo o fuente de reporte.	SEMANTIC_REVERSE_ENGINEERING_CANDIDATE	SEMANTIC_INFERENCE_REVIEW_REQUIRED	dav	DOMAIN_ENTITY_OR_LEGACY	UNKNOWN_OR_BUSINESS_DATA	UNKNOWN	1	0	USED
dav_estadoregularizacion	.data_base/asgard.sql	6040	DB-TABLE-9FAEA3988CF3EC	Physical table declared in .data_base/asgard.sql	Tabla candidata del dominio dav: Gestion aduanera, DAV/DAM, clientes, documentos, costos y procesos operativos de comercio exterior. Por su nombre agrupa estado de ciclo de vida o clasificacion operacional. Tiene lecturas observadas y parece actuar como consulta, catalogo o fuente de reporte.	SEMANTIC_REVERSE_ENGINEERING_CANDIDATE	SEMANTIC_INFERENCE_REVIEW_REQUIRED	dav	DOMAIN_ENTITY_OR_LEGACY	LIKELY_PERSONAL_OR_SENSITIVE	UNKNOWN	1	0	USED
dav_etapaedp	.data_base/asgard.sql	6050	DB-TABLE-F24ED3CEAA8717	Physical table declared in .data_base/asgard.sql	Tabla candidata del dominio dav: Gestion aduanera, DAV/DAM, clientes, documentos, costos y procesos operativos de comercio exterior. Por su nombre agrupa entidad o catalogo legacy cuyo significado debe confirmarse por uso en codigo y datos. Tiene lecturas observadas y parece actuar como consulta, catalogo o fuente de reporte.	SEMANTIC_REVERSE_ENGINEERING_CANDIDATE	SEMANTIC_INFERENCE_REVIEW_REQUIRED	dav	DOMAIN_ENTITY_OR_LEGACY	UNKNOWN_OR_BUSINESS_DATA	UNKNOWN	1	0	USED
dav_etapasentidademisora	.data_base/asgard.sql	6062	DB-TABLE-BF08F0166F876C	Physical table declared in .data_base/asgard.sql	Tabla candidata del dominio dav: Gestion aduanera, DAV/DAM, clientes, documentos, costos y procesos operativos de comercio exterior. Por su nombre agrupa entidad o catalogo legacy cuyo significado debe confirmarse por uso en codigo y datos. No tiene uso PHP directo en la evidencia; puede ser historica, consumida por SQL/vistas/procedimientos o estar fuera del alcance estatico.	SEMANTIC_REVERSE_ENGINEERING_CANDIDATE	SEMANTIC_INFERENCE_REVIEW_REQUIRED	dav	DOMAIN_ENTITY_OR_LEGACY	UNKNOWN_OR_BUSINESS_DATA	UNKNOWN	0	0	NO_USAGE_FOUND
dav_etapastramites	.data_base/asgard.sql	6079	DB-TABLE-82CF2FC05B141C	Physical table declared in .data_base/asgard.sql	Tabla candidata del dominio dav: Gestion aduanera, DAV/DAM, clientes, documentos, costos y procesos operativos de comercio exterior. Por su nombre agrupa entidad o catalogo legacy cuyo significado debe confirmarse por uso en codigo y datos. No tiene uso PHP directo en la evidencia; puede ser historica, consumida por SQL/vistas/procedimientos o estar fuera del alcance estatico.	SEMANTIC_REVERSE_ENGINEERING_CANDIDATE	SEMANTIC_INFERENCE_REVIEW_REQUIRED	dav	DOMAIN_ENTITY_OR_LEGACY	UNKNOWN_OR_BUSINESS_DATA	UNKNOWN	0	0	NO_USAGE_FOUND
dav_factorconversion	.data_base/asgard.sql	6095	DB-TABLE-529124ADE7B834	Physical table declared in .data_base/asgard.sql	Tabla candidata del dominio dav: Gestion aduanera, DAV/DAM, clientes, documentos, costos y procesos operativos de comercio exterior. Por su nombre agrupa entidad o catalogo legacy cuyo significado debe confirmarse por uso en codigo y datos. No tiene uso PHP directo en la evidencia; puede ser historica, consumida por SQL/vistas/procedimientos o estar fuera del alcance estatico.	SEMANTIC_REVERSE_ENGINEERING_CANDIDATE	SEMANTIC_INFERENCE_REVIEW_REQUIRED	dav	DOMAIN_ENTITY_OR_LEGACY	UNKNOWN_OR_BUSINESS_DATA	UNKNOWN	0	0	NO_USAGE_FOUND
dav_facturaciones_servicios_adicionales	.data_base/asgard.sql	6108	DB-TABLE-CC891730574150	Physical table declared in .data_base/asgard.sql	Tabla candidata del dominio dav: Gestion aduanera, DAV/DAM, clientes, documentos, costos y procesos operativos de comercio exterior. Por su nombre agrupa factura o documento economico/comercial. No tiene uso PHP directo en la evidencia; puede ser historica, consumida por SQL/vistas/procedimientos o estar fuera del alcance estatico.	SEMANTIC_REVERSE_ENGINEERING_CANDIDATE	SEMANTIC_INFERENCE_REVIEW_REQUIRED	dav	DOMAIN_ENTITY_OR_LEGACY	LIKELY_PERSONAL_OR_SENSITIVE	UNKNOWN	0	0	NO_USAGE_FOUND
dav_facturacomercial	.data_base/asgard.sql	6130	DB-TABLE-DF1A1BC5619B11	Physical table declared in .data_base/asgard.sql	Tabla candidata del dominio dav: Gestion aduanera, DAV/DAM, clientes, documentos, costos y procesos operativos de comercio exterior. Por su nombre agrupa factura o documento economico/comercial. Tiene lecturas observadas y parece actuar como consulta, catalogo o fuente de reporte.	SEMANTIC_REVERSE_ENGINEERING_CANDIDATE	SEMANTIC_INFERENCE_REVIEW_REQUIRED	dav	DOMAIN_ENTITY_OR_LEGACY	LIKELY_PERSONAL_OR_SENSITIVE	UNKNOWN	11	0	USED
dav_facturanotasvalor	.data_base/asgard.sql	6164	DB-TABLE-2971CB7C4E5E3E	Physical table declared in .data_base/asgard.sql	Tabla candidata del dominio dav: Gestion aduanera, DAV/DAM, clientes, documentos, costos y procesos operativos de comercio exterior. Por su nombre agrupa factura o documento economico/comercial, valor declarado, calculado o parametrico. Tiene lecturas observadas y parece actuar como consulta, catalogo o fuente de reporte.	SEMANTIC_REVERSE_ENGINEERING_CANDIDATE	SEMANTIC_INFERENCE_REVIEW_REQUIRED	dav	DOMAIN_ENTITY_OR_LEGACY	UNKNOWN_OR_BUSINESS_DATA	UNKNOWN	1	0	USED
dav_facturaplanilla	.data_base/asgard.sql	6180	DB-TABLE-FA0A0DEB1D392A	Physical table declared in .data_base/asgard.sql	Tabla candidata del dominio dav: Gestion aduanera, DAV/DAM, clientes, documentos, costos y procesos operativos de comercio exterior. Por su nombre agrupa planilla o documento operativo/financiero generado, factura o documento economico/comercial. Tiene lectura y escritura observada, por lo que probablemente participa en un flujo transaccional activo.	SEMANTIC_REVERSE_ENGINEERING_CANDIDATE	SEMANTIC_INFERENCE_REVIEW_REQUIRED	dav	DOMAIN_ENTITY_OR_LEGACY	UNKNOWN_OR_BUSINESS_DATA	UNKNOWN	2	1	USED
dav_facturasdetalle	.data_base/asgard.sql	6269	DB-TABLE-74E146428991F1	Physical table declared in .data_base/asgard.sql	Tabla candidata del dominio dav: Gestion aduanera, DAV/DAM, clientes, documentos, costos y procesos operativos de comercio exterior. Por su nombre agrupa facturas o documentos economicos/comerciales, factura o documento economico/comercial. Tiene lecturas observadas y parece actuar como consulta, catalogo o fuente de reporte.	SEMANTIC_REVERSE_ENGINEERING_CANDIDATE	SEMANTIC_INFERENCE_REVIEW_REQUIRED	dav	DOMAIN_ENTITY_OR_LEGACY	UNKNOWN_OR_BUSINESS_DATA	UNKNOWN	1	0	USED
dav_faltadocumentos	.data_base/asgard.sql	6287	DB-TABLE-95F28A1836B159	Physical table declared in .data_base/asgard.sql	Tabla candidata del dominio dav: Gestion aduanera, DAV/DAM, clientes, documentos, costos y procesos operativos de comercio exterior. Por su nombre agrupa documentos o soportes asociados al expediente, documento o soporte asociado al expediente. Tiene lecturas observadas y parece actuar como consulta, catalogo o fuente de reporte.	SEMANTIC_REVERSE_ENGINEERING_CANDIDATE	SEMANTIC_INFERENCE_REVIEW_REQUIRED	dav	DOMAIN_ENTITY_OR_LEGACY	UNKNOWN_OR_BUSINESS_DATA	UNKNOWN	1	0	USED
dav_fechaspagodim	.data_base/asgard.sql	6302	DB-TABLE-D6895ED5515B82	Physical table declared in .data_base/asgard.sql	Tabla candidata del dominio dav: Gestion aduanera, DAV/DAM, clientes, documentos, costos y procesos operativos de comercio exterior. Por su nombre agrupa pago o movimiento economico. No tiene uso PHP directo en la evidencia; puede ser historica, consumida por SQL/vistas/procedimientos o estar fuera del alcance estatico.	SEMANTIC_REVERSE_ENGINEERING_CANDIDATE	SEMANTIC_INFERENCE_REVIEW_REQUIRED	dav	DOMAIN_ENTITY_OR_LEGACY	UNKNOWN_OR_BUSINESS_DATA	UNKNOWN	0	0	NO_USAGE_FOUND
dav_feriados	.data_base/asgard.sql	6312	DB-TABLE-A0DA002EFB25B3	Physical table declared in .data_base/asgard.sql	Tabla candidata del dominio dav: Gestion aduanera, DAV/DAM, clientes, documentos, costos y procesos operativos de comercio exterior. Por su nombre agrupa entidad o catalogo legacy cuyo significado debe confirmarse por uso en codigo y datos. Tiene lecturas observadas y parece actuar como consulta, catalogo o fuente de reporte.	SEMANTIC_REVERSE_ENGINEERING_CANDIDATE	SEMANTIC_INFERENCE_REVIEW_REQUIRED	dav	DOMAIN_ENTITY_OR_LEGACY	UNKNOWN_OR_BUSINESS_DATA	UNKNOWN	1	0	USED
dav_form1	.data_base/asgard.sql	6329	DB-TABLE-89356B6B5C7013	Physical table declared in .data_base/asgard.sql	Tabla candidata del dominio dav: Gestion aduanera, DAV/DAM, clientes, documentos, costos y procesos operativos de comercio exterior. Por su nombre agrupa entidad o catalogo legacy cuyo significado debe confirmarse por uso en codigo y datos. Tiene lecturas observadas y parece actuar como consulta, catalogo o fuente de reporte.	SEMANTIC_REVERSE_ENGINEERING_CANDIDATE	SEMANTIC_INFERENCE_REVIEW_REQUIRED	dav	DOMAIN_ENTITY_OR_LEGACY	UNKNOWN_OR_BUSINESS_DATA	UNKNOWN	2	0	USED
dav_form1documentos	.data_base/asgard.sql	6385	DB-TABLE-DE4CBE0C40A002	Physical table declared in .data_base/asgard.sql	Tabla candidata del dominio dav: Gestion aduanera, DAV/DAM, clientes, documentos, costos y procesos operativos de comercio exterior. Por su nombre agrupa documentos o soportes asociados al expediente, documento o soporte asociado al expediente. No tiene uso PHP directo en la evidencia; puede ser historica, consumida por SQL/vistas/procedimientos o estar fuera del alcance estatico.	SEMANTIC_REVERSE_ENGINEERING_CANDIDATE	SEMANTIC_INFERENCE_REVIEW_REQUIRED	dav	DOMAIN_ENTITY_OR_LEGACY	UNKNOWN_OR_BUSINESS_DATA	UNKNOWN	0	0	NO_USAGE_FOUND
dav_form1edp	.data_base/asgard.sql	6400	DB-TABLE-E15F1D1623939C	Physical table declared in .data_base/asgard.sql	Tabla candidata del dominio dav: Gestion aduanera, DAV/DAM, clientes, documentos, costos y procesos operativos de comercio exterior. Por su nombre agrupa entidad o catalogo legacy cuyo significado debe confirmarse por uso en codigo y datos. Tiene lecturas observadas y parece actuar como consulta, catalogo o fuente de reporte.	SEMANTIC_REVERSE_ENGINEERING_CANDIDATE	SEMANTIC_INFERENCE_REVIEW_REQUIRED	dav	DOMAIN_ENTITY_OR_LEGACY	UNKNOWN_OR_BUSINESS_DATA	UNKNOWN	1	0	USED
dav_form1estado	.data_base/asgard.sql	6416	DB-TABLE-3150F6AC957B2F	Physical table declared in .data_base/asgard.sql	Tabla candidata del dominio dav: Gestion aduanera, DAV/DAM, clientes, documentos, costos y procesos operativos de comercio exterior. Por su nombre agrupa estado de ciclo de vida o clasificacion operacional. No tiene uso PHP directo en la evidencia; puede ser historica, consumida por SQL/vistas/procedimientos o estar fuera del alcance estatico.	SEMANTIC_REVERSE_ENGINEERING_CANDIDATE	SEMANTIC_INFERENCE_REVIEW_REQUIRED	dav	DOMAIN_ENTITY_OR_LEGACY	UNKNOWN_OR_BUSINESS_DATA	UNKNOWN	0	0	NO_USAGE_FOUND
dav_form1llamadas	.data_base/asgard.sql	6426	DB-TABLE-4FBFC831A7439D	Physical table declared in .data_base/asgard.sql	Tabla candidata del dominio dav: Gestion aduanera, DAV/DAM, clientes, documentos, costos y procesos operativos de comercio exterior. Por su nombre agrupa entidad o catalogo legacy cuyo significado debe confirmarse por uso en codigo y datos. Tiene lecturas observadas y parece actuar como consulta, catalogo o fuente de reporte.	SEMANTIC_REVERSE_ENGINEERING_CANDIDATE	SEMANTIC_INFERENCE_REVIEW_REQUIRED	dav	DOMAIN_ENTITY_OR_LEGACY	UNKNOWN_OR_BUSINESS_DATA	UNKNOWN	2	0	USED
dav_form2	.data_base/asgard.sql	6444	DB-TABLE-19B8DB6DAF4F8C	Physical table declared in .data_base/asgard.sql	Tabla candidata del dominio dav: Gestion aduanera, DAV/DAM, clientes, documentos, costos y procesos operativos de comercio exterior. Por su nombre agrupa entidad o catalogo legacy cuyo significado debe confirmarse por uso en codigo y datos. No tiene uso PHP directo en la evidencia; puede ser historica, consumida por SQL/vistas/procedimientos o estar fuera del alcance estatico.	SEMANTIC_REVERSE_ENGINEERING_CANDIDATE	SEMANTIC_INFERENCE_REVIEW_REQUIRED	dav	DOMAIN_ENTITY_OR_LEGACY	UNKNOWN_OR_BUSINESS_DATA	UNKNOWN	0	0	NO_USAGE_FOUND
dav_form2edp	.data_base/asgard.sql	6460	DB-TABLE-A7AA09EC0E377B	Physical table declared in .data_base/asgard.sql	Tabla candidata del dominio dav: Gestion aduanera, DAV/DAM, clientes, documentos, costos y procesos operativos de comercio exterior. Por su nombre agrupa entidad o catalogo legacy cuyo significado debe confirmarse por uso en codigo y datos. No tiene uso PHP directo en la evidencia; puede ser historica, consumida por SQL/vistas/procedimientos o estar fuera del alcance estatico.	SEMANTIC_REVERSE_ENGINEERING_CANDIDATE	SEMANTIC_INFERENCE_REVIEW_REQUIRED	dav	DOMAIN_ENTITY_OR_LEGACY	UNKNOWN_OR_BUSINESS_DATA	UNKNOWN	0	0	NO_USAGE_FOUND
dav_form2emision	.data_base/asgard.sql	6474	DB-TABLE-2AFF4D57F44F82	Physical table declared in .data_base/asgard.sql	Tabla candidata del dominio dav: Gestion aduanera, DAV/DAM, clientes, documentos, costos y procesos operativos de comercio exterior. Por su nombre agrupa entidad o catalogo legacy cuyo significado debe confirmarse por uso en codigo y datos. No tiene uso PHP directo en la evidencia; puede ser historica, consumida por SQL/vistas/procedimientos o estar fuera del alcance estatico.	SEMANTIC_REVERSE_ENGINEERING_CANDIDATE	SEMANTIC_INFERENCE_REVIEW_REQUIRED	dav	DOMAIN_ENTITY_OR_LEGACY	UNKNOWN_OR_BUSINESS_DATA	UNKNOWN	0	0	NO_USAGE_FOUND
dav_form2mail	.data_base/asgard.sql	6490	DB-TABLE-1C662DD7049D57	Physical table declared in .data_base/asgard.sql	Tabla candidata del dominio dav: Gestion aduanera, DAV/DAM, clientes, documentos, costos y procesos operativos de comercio exterior. Por su nombre agrupa correo electronico o evento de envio por email. No tiene uso PHP directo en la evidencia; puede ser historica, consumida por SQL/vistas/procedimientos o estar fuera del alcance estatico.	SEMANTIC_REVERSE_ENGINEERING_CANDIDATE	SEMANTIC_INFERENCE_REVIEW_REQUIRED	dav	DOMAIN_ENTITY_OR_LEGACY	LIKELY_PERSONAL_OR_SENSITIVE	UNKNOWN	0	0	NO_USAGE_FOUND
dav_formaenvio	.data_base/asgard.sql	6501	DB-TABLE-6A97ED8375C17B	Physical table declared in .data_base/asgard.sql	Tabla candidata del dominio dav: Gestion aduanera, DAV/DAM, clientes, documentos, costos y procesos operativos de comercio exterior. Por su nombre agrupa entidad o catalogo legacy cuyo significado debe confirmarse por uso en codigo y datos. No tiene uso PHP directo en la evidencia; puede ser historica, consumida por SQL/vistas/procedimientos o estar fuera del alcance estatico.	SEMANTIC_REVERSE_ENGINEERING_CANDIDATE	SEMANTIC_INFERENCE_REVIEW_REQUIRED	dav	DOMAIN_ENTITY_OR_LEGACY	UNKNOWN_OR_BUSINESS_DATA	UNKNOWN	0	0	NO_USAGE_FOUND
dav_formapago	.data_base/asgard.sql	6512	DB-TABLE-62A5EB96031DD7	Physical table declared in .data_base/asgard.sql	Tabla candidata del dominio dav: Gestion aduanera, DAV/DAM, clientes, documentos, costos y procesos operativos de comercio exterior. Por su nombre agrupa pago o movimiento economico. No tiene uso PHP directo en la evidencia; puede ser historica, consumida por SQL/vistas/procedimientos o estar fuera del alcance estatico.	SEMANTIC_REVERSE_ENGINEERING_CANDIDATE	SEMANTIC_INFERENCE_REVIEW_REQUIRED	dav	DOMAIN_ENTITY_OR_LEGACY	UNKNOWN_OR_BUSINESS_DATA	UNKNOWN	0	0	NO_USAGE_FOUND
dav_formatodocumento	.data_base/asgard.sql	6524	DB-TABLE-4B89AA02A7603F	Physical table declared in .data_base/asgard.sql	Tabla candidata del dominio dav: Gestion aduanera, DAV/DAM, clientes, documentos, costos y procesos operativos de comercio exterior. Por su nombre agrupa documento o soporte asociado al expediente. No tiene uso PHP directo en la evidencia; puede ser historica, consumida por SQL/vistas/procedimientos o estar fuera del alcance estatico.	SEMANTIC_REVERSE_ENGINEERING_CANDIDATE	SEMANTIC_INFERENCE_REVIEW_REQUIRED	dav	DOMAIN_ENTITY_OR_LEGACY	UNKNOWN_OR_BUSINESS_DATA	UNKNOWN	0	0	NO_USAGE_FOUND
dav_formatodocumentocertificado	.data_base/asgard.sql	6536	DB-TABLE-426FA062DACA0B	Physical table declared in .data_base/asgard.sql	Tabla candidata del dominio dav: Gestion aduanera, DAV/DAM, clientes, documentos, costos y procesos operativos de comercio exterior. Por su nombre agrupa documento o soporte asociado al expediente. No tiene uso PHP directo en la evidencia; puede ser historica, consumida por SQL/vistas/procedimientos o estar fuera del alcance estatico.	SEMANTIC_REVERSE_ENGINEERING_CANDIDATE	SEMANTIC_INFERENCE_REVIEW_REQUIRED	dav	DOMAIN_ENTITY_OR_LEGACY	UNKNOWN_OR_BUSINESS_DATA	UNKNOWN	0	0	NO_USAGE_FOUND
dav_gestion_aduanera1	.data_base/asgard.sql	6549	DB-TABLE-C96173D1CA329E	Physical table declared in .data_base/asgard.sql	Tabla candidata del dominio dav: Gestion aduanera, DAV/DAM, clientes, documentos, costos y procesos operativos de comercio exterior. Por su nombre agrupa entidad o catalogo legacy cuyo significado debe confirmarse por uso en codigo y datos. Tiene lecturas observadas y parece actuar como consulta, catalogo o fuente de reporte.	SEMANTIC_REVERSE_ENGINEERING_CANDIDATE	SEMANTIC_INFERENCE_REVIEW_REQUIRED	dav	DOMAIN_ENTITY_OR_LEGACY	UNKNOWN_OR_BUSINESS_DATA	UNKNOWN	3	0	USED
dav_gestion_aduanera2	.data_base/asgard.sql	6578	DB-TABLE-1A507E996A6E44	Physical table declared in .data_base/asgard.sql	Tabla candidata del dominio dav: Gestion aduanera, DAV/DAM, clientes, documentos, costos y procesos operativos de comercio exterior. Por su nombre agrupa entidad o catalogo legacy cuyo significado debe confirmarse por uso en codigo y datos. Tiene lecturas observadas y parece actuar como consulta, catalogo o fuente de reporte.	SEMANTIC_REVERSE_ENGINEERING_CANDIDATE	SEMANTIC_INFERENCE_REVIEW_REQUIRED	dav	DOMAIN_ENTITY_OR_LEGACY	UNKNOWN_OR_BUSINESS_DATA	UNKNOWN	1	0	USED
dav_gestion_aduanera3	.data_base/asgard.sql	6605	DB-TABLE-8642D71B9F9C55	Physical table declared in .data_base/asgard.sql	Tabla candidata del dominio dav: Gestion aduanera, DAV/DAM, clientes, documentos, costos y procesos operativos de comercio exterior. Por su nombre agrupa entidad o catalogo legacy cuyo significado debe confirmarse por uso en codigo y datos. Tiene lecturas observadas y parece actuar como consulta, catalogo o fuente de reporte.	SEMANTIC_REVERSE_ENGINEERING_CANDIDATE	SEMANTIC_INFERENCE_REVIEW_REQUIRED	dav	DOMAIN_ENTITY_OR_LEGACY	UNKNOWN_OR_BUSINESS_DATA	UNKNOWN	1	0	USED
dav_gestlogistica	.data_base/asgard.sql	6633	DB-TABLE-3F2FC22A1FEA73	Physical table declared in .data_base/asgard.sql	Tabla candidata del dominio dav: Gestion aduanera, DAV/DAM, clientes, documentos, costos y procesos operativos de comercio exterior. Por su nombre agrupa entidad o catalogo legacy cuyo significado debe confirmarse por uso en codigo y datos. Tiene lecturas observadas y parece actuar como consulta, catalogo o fuente de reporte.	SEMANTIC_REVERSE_ENGINEERING_CANDIDATE	SEMANTIC_INFERENCE_REVIEW_REQUIRED	dav	DOMAIN_ENTITY_OR_LEGACY	UNKNOWN_OR_BUSINESS_DATA	UNKNOWN	3	0	USED
dav_gestores_asignados	.data_base/asgard.sql	6676	DB-TABLE-D52DDF764AADC3	Physical table declared in .data_base/asgard.sql	Tabla candidata del dominio dav: Gestion aduanera, DAV/DAM, clientes, documentos, costos y procesos operativos de comercio exterior. Por su nombre agrupa entidad o catalogo legacy cuyo significado debe confirmarse por uso en codigo y datos. No tiene uso PHP directo en la evidencia; puede ser historica, consumida por SQL/vistas/procedimientos o estar fuera del alcance estatico.	SEMANTIC_REVERSE_ENGINEERING_CANDIDATE	SEMANTIC_INFERENCE_REVIEW_REQUIRED	dav	DOMAIN_ENTITY_OR_LEGACY	UNKNOWN_OR_BUSINESS_DATA	UNKNOWN	0	0	NO_USAGE_FOUND
dav_historialliquidacion	.data_base/asgard.sql	6694	DB-TABLE-1394D26640532E	Physical table declared in .data_base/asgard.sql	Tabla candidata del dominio dav: Gestion aduanera, DAV/DAM, clientes, documentos, costos y procesos operativos de comercio exterior. Por su nombre agrupa entidad o catalogo legacy cuyo significado debe confirmarse por uso en codigo y datos. No tiene uso PHP directo en la evidencia; puede ser historica, consumida por SQL/vistas/procedimientos o estar fuera del alcance estatico.	SEMANTIC_REVERSE_ENGINEERING_CANDIDATE	SEMANTIC_INFERENCE_REVIEW_REQUIRED	dav	DOMAIN_ENTITY_OR_LEGACY	LIKELY_PERSONAL_OR_SENSITIVE	UNKNOWN	0	0	NO_USAGE_FOUND
dav_historialmodificacionvehiculos	.data_base/asgard.sql	6711	DB-TABLE-745BC8ACE5297E	Physical table declared in .data_base/asgard.sql	Tabla candidata del dominio dav: Gestion aduanera, DAV/DAM, clientes, documentos, costos y procesos operativos de comercio exterior. Por su nombre agrupa entidad o catalogo legacy cuyo significado debe confirmarse por uso en codigo y datos. Tiene lecturas observadas y parece actuar como consulta, catalogo o fuente de reporte.	SEMANTIC_REVERSE_ENGINEERING_CANDIDATE	SEMANTIC_INFERENCE_REVIEW_REQUIRED	dav	DOMAIN_ENTITY_OR_LEGACY	LIKELY_PERSONAL_OR_SENSITIVE	UNKNOWN	2	0	USED
dav_historialnumeropagos	.data_base/asgard.sql	6732	DB-TABLE-DD64BBF7950071	Physical table declared in .data_base/asgard.sql	Tabla candidata del dominio dav: Gestion aduanera, DAV/DAM, clientes, documentos, costos y procesos operativos de comercio exterior. Por su nombre agrupa pagos o movimientos economicos, pago o movimiento economico. No tiene uso PHP directo en la evidencia; puede ser historica, consumida por SQL/vistas/procedimientos o estar fuera del alcance estatico.	SEMANTIC_REVERSE_ENGINEERING_CANDIDATE	SEMANTIC_INFERENCE_REVIEW_REQUIRED	dav	DOMAIN_ENTITY_OR_LEGACY	UNKNOWN_OR_BUSINESS_DATA	UNKNOWN	0	0	NO_USAGE_FOUND
dav_historialtransferenciaarchivo	.data_base/asgard.sql	6752	DB-TABLE-024641F5E01345	Physical table declared in .data_base/asgard.sql	Tabla candidata del dominio dav: Gestion aduanera, DAV/DAM, clientes, documentos, costos y procesos operativos de comercio exterior. Por su nombre agrupa entidad o catalogo legacy cuyo significado debe confirmarse por uso en codigo y datos. No tiene uso PHP directo en la evidencia; puede ser historica, consumida por SQL/vistas/procedimientos o estar fuera del alcance estatico.	SEMANTIC_REVERSE_ENGINEERING_CANDIDATE	SEMANTIC_INFERENCE_REVIEW_REQUIRED	dav	DOMAIN_ENTITY_OR_LEGACY	LIKELY_PERSONAL_OR_SENSITIVE	UNKNOWN	0	0	NO_USAGE_FOUND
dav_hoja_ruta	.data_base/asgard.sql	6767	DB-TABLE-84096F6C127651	Physical table declared in .data_base/asgard.sql	Tabla candidata del dominio dav: Gestion aduanera, DAV/DAM, clientes, documentos, costos y procesos operativos de comercio exterior. Por su nombre agrupa ruta logistica o tramo operativo. Tiene lecturas observadas y parece actuar como consulta, catalogo o fuente de reporte.	SEMANTIC_REVERSE_ENGINEERING_CANDIDATE	SEMANTIC_INFERENCE_REVIEW_REQUIRED	dav	DOMAIN_ENTITY_OR_LEGACY	UNKNOWN_OR_BUSINESS_DATA	UNKNOWN	1	0	USED
dav_hoja_ruta_eventos	.data_base/asgard.sql	6787	DB-TABLE-E877F7DAC36540	Physical table declared in .data_base/asgard.sql	Tabla candidata del dominio dav: Gestion aduanera, DAV/DAM, clientes, documentos, costos y procesos operativos de comercio exterior. Por su nombre agrupa ruta logistica o tramo operativo. No tiene uso PHP directo en la evidencia; puede ser historica, consumida por SQL/vistas/procedimientos o estar fuera del alcance estatico.	SEMANTIC_REVERSE_ENGINEERING_CANDIDATE	SEMANTIC_INFERENCE_REVIEW_REQUIRED	dav	DOMAIN_ENTITY_OR_LEGACY	UNKNOWN_OR_BUSINESS_DATA	UNKNOWN	0	0	NO_USAGE_FOUND
dav_hoja_ruta_eventos_adjuntos	.data_base/asgard.sql	6807	DB-TABLE-C225E8A64D851B	Physical table declared in .data_base/asgard.sql	Tabla candidata del dominio dav: Gestion aduanera, DAV/DAM, clientes, documentos, costos y procesos operativos de comercio exterior. Por su nombre agrupa ruta logistica o tramo operativo. No tiene uso PHP directo en la evidencia; puede ser historica, consumida por SQL/vistas/procedimientos o estar fuera del alcance estatico.	SEMANTIC_REVERSE_ENGINEERING_CANDIDATE	SEMANTIC_INFERENCE_REVIEW_REQUIRED	dav	DOMAIN_ENTITY_OR_LEGACY	UNKNOWN_OR_BUSINESS_DATA	UNKNOWN	0	0	NO_USAGE_FOUND
dav_horario	.data_base/asgard.sql	6824	DB-TABLE-C872976FB05128	Physical table declared in .data_base/asgard.sql	Tabla candidata del dominio dav: Gestion aduanera, DAV/DAM, clientes, documentos, costos y procesos operativos de comercio exterior. Por su nombre agrupa entidad o catalogo legacy cuyo significado debe confirmarse por uso en codigo y datos. No tiene uso PHP directo en la evidencia; puede ser historica, consumida por SQL/vistas/procedimientos o estar fuera del alcance estatico.	SEMANTIC_REVERSE_ENGINEERING_CANDIDATE	SEMANTIC_INFERENCE_REVIEW_REQUIRED	dav	DOMAIN_ENTITY_OR_LEGACY	UNKNOWN_OR_BUSINESS_DATA	UNKNOWN	0	0	NO_USAGE_FOUND
dav_incobrables	.data_base/asgard.sql	6834	DB-TABLE-4978DF6A1C9BB6	Physical table declared in .data_base/asgard.sql	Tabla candidata del dominio dav: Gestion aduanera, DAV/DAM, clientes, documentos, costos y procesos operativos de comercio exterior. Por su nombre agrupa entidad o catalogo legacy cuyo significado debe confirmarse por uso en codigo y datos. Tiene lecturas observadas y parece actuar como consulta, catalogo o fuente de reporte.	SEMANTIC_REVERSE_ENGINEERING_CANDIDATE	SEMANTIC_INFERENCE_REVIEW_REQUIRED	dav	DOMAIN_ENTITY_OR_LEGACY	UNKNOWN_OR_BUSINESS_DATA	UNKNOWN	1	0	USED
dav_incobrablesmanual	.data_base/asgard.sql	6852	DB-TABLE-D2A39F3B4B421A	Physical table declared in .data_base/asgard.sql	Tabla candidata del dominio dav: Gestion aduanera, DAV/DAM, clientes, documentos, costos y procesos operativos de comercio exterior. Por su nombre agrupa entidad o catalogo legacy cuyo significado debe confirmarse por uso en codigo y datos. No tiene uso PHP directo en la evidencia; puede ser historica, consumida por SQL/vistas/procedimientos o estar fuera del alcance estatico.	SEMANTIC_REVERSE_ENGINEERING_CANDIDATE	SEMANTIC_INFERENCE_REVIEW_REQUIRED	dav	DOMAIN_ENTITY_OR_LEGACY	UNKNOWN_OR_BUSINESS_DATA	UNKNOWN	0	0	NO_USAGE_FOUND
dav_incoterms	.data_base/asgard.sql	6869	DB-TABLE-760742C4E2AA82	Physical table declared in .data_base/asgard.sql	Tabla candidata del dominio dav: Gestion aduanera, DAV/DAM, clientes, documentos, costos y procesos operativos de comercio exterior. Por su nombre agrupa entidad o catalogo legacy cuyo significado debe confirmarse por uso en codigo y datos. Tiene lecturas observadas y parece actuar como consulta, catalogo o fuente de reporte.	SEMANTIC_REVERSE_ENGINEERING_CANDIDATE	SEMANTIC_INFERENCE_REVIEW_REQUIRED	dav	DOMAIN_ENTITY_OR_LEGACY	UNKNOWN_OR_BUSINESS_DATA	UNKNOWN	2	0	USED
dav_intermediacion	.data_base/asgard.sql	6882	DB-TABLE-9F96378B461E9F	Physical table declared in .data_base/asgard.sql	Tabla candidata del dominio dav: Gestion aduanera, DAV/DAM, clientes, documentos, costos y procesos operativos de comercio exterior. Por su nombre agrupa entidad o catalogo legacy cuyo significado debe confirmarse por uso en codigo y datos. No tiene uso PHP directo en la evidencia; puede ser historica, consumida por SQL/vistas/procedimientos o estar fuera del alcance estatico.	SEMANTIC_REVERSE_ENGINEERING_CANDIDATE	SEMANTIC_INFERENCE_REVIEW_REQUIRED	dav	DOMAIN_ENTITY_OR_LEGACY	LIKELY_PERSONAL_OR_SENSITIVE	UNKNOWN	0	0	NO_USAGE_FOUND
dav_intermediodocumento	.data_base/asgard.sql	6893	DB-TABLE-94574ABADEE1A9	Physical table declared in .data_base/asgard.sql	Tabla candidata del dominio dav: Gestion aduanera, DAV/DAM, clientes, documentos, costos y procesos operativos de comercio exterior. Por su nombre agrupa documento o soporte asociado al expediente. No tiene uso PHP directo en la evidencia; puede ser historica, consumida por SQL/vistas/procedimientos o estar fuera del alcance estatico.	SEMANTIC_REVERSE_ENGINEERING_CANDIDATE	SEMANTIC_INFERENCE_REVIEW_REQUIRED	dav	DOMAIN_ENTITY_OR_LEGACY	UNKNOWN_OR_BUSINESS_DATA	UNKNOWN	0	0	NO_USAGE_FOUND
dav_liquidacion	.data_base/asgard.sql	6905	DB-TABLE-66297C754B0E0E	Physical table declared in .data_base/asgard.sql	Tabla candidata del dominio dav: Gestion aduanera, DAV/DAM, clientes, documentos, costos y procesos operativos de comercio exterior. Por su nombre agrupa entidad o catalogo legacy cuyo significado debe confirmarse por uso en codigo y datos. Tiene lecturas observadas y parece actuar como consulta, catalogo o fuente de reporte.	SEMANTIC_REVERSE_ENGINEERING_CANDIDATE	SEMANTIC_INFERENCE_REVIEW_REQUIRED	dav	DOMAIN_ENTITY_OR_LEGACY	LIKELY_PERSONAL_OR_SENSITIVE	UNKNOWN	2	0	USED
dav_listaempaque_especifico	.data_base/asgard.sql	6959	DB-TABLE-1E93FCB7A6467E	Physical table declared in .data_base/asgard.sql	Tabla candidata del dominio dav: Gestion aduanera, DAV/DAM, clientes, documentos, costos y procesos operativos de comercio exterior. Por su nombre agrupa entidad o catalogo legacy cuyo significado debe confirmarse por uso en codigo y datos. Tiene lecturas observadas y parece actuar como consulta, catalogo o fuente de reporte.	SEMANTIC_REVERSE_ENGINEERING_CANDIDATE	SEMANTIC_INFERENCE_REVIEW_REQUIRED	dav	DOMAIN_ENTITY_OR_LEGACY	LIKELY_PERSONAL_OR_SENSITIVE	UNKNOWN	2	0	USED
dav_listaempaque_general	.data_base/asgard.sql	6981	DB-TABLE-FB38ED7B808841	Physical table declared in .data_base/asgard.sql	Tabla candidata del dominio dav: Gestion aduanera, DAV/DAM, clientes, documentos, costos y procesos operativos de comercio exterior. Por su nombre agrupa entidad o catalogo legacy cuyo significado debe confirmarse por uso en codigo y datos. Tiene lecturas observadas y parece actuar como consulta, catalogo o fuente de reporte.	SEMANTIC_REVERSE_ENGINEERING_CANDIDATE	SEMANTIC_INFERENCE_REVIEW_REQUIRED	dav	DOMAIN_ENTITY_OR_LEGACY	UNKNOWN_OR_BUSINESS_DATA	UNKNOWN	3	0	USED
dav_listaempaque_items	.data_base/asgard.sql	7002	DB-TABLE-2BD9DDC74D29F4	Physical table declared in .data_base/asgard.sql	Tabla candidata del dominio dav: Gestion aduanera, DAV/DAM, clientes, documentos, costos y procesos operativos de comercio exterior. Por su nombre agrupa entidad o catalogo legacy cuyo significado debe confirmarse por uso en codigo y datos. Tiene lecturas observadas y parece actuar como consulta, catalogo o fuente de reporte.	SEMANTIC_REVERSE_ENGINEERING_CANDIDATE	SEMANTIC_INFERENCE_REVIEW_REQUIRED	dav	DOMAIN_ENTITY_OR_LEGACY	UNKNOWN_OR_BUSINESS_DATA	UNKNOWN	1	0	USED
dav_localidad	.data_base/asgard.sql	7020	DB-TABLE-C4C15AF7FF132F	Physical table declared in .data_base/asgard.sql	Tabla candidata del dominio dav: Gestion aduanera, DAV/DAM, clientes, documentos, costos y procesos operativos de comercio exterior. Por su nombre agrupa entidad o catalogo legacy cuyo significado debe confirmarse por uso en codigo y datos. Tiene lecturas observadas y parece actuar como consulta, catalogo o fuente de reporte.	SEMANTIC_REVERSE_ENGINEERING_CANDIDATE	SEMANTIC_INFERENCE_REVIEW_REQUIRED	dav	DOMAIN_ENTITY_OR_LEGACY	UNKNOWN_OR_BUSINESS_DATA	UNKNOWN	9	0	USED
dav_lugardestino	.data_base/asgard.sql	7038	DB-TABLE-13D73C2C112B91	Physical table declared in .data_base/asgard.sql	Tabla candidata del dominio dav: Gestion aduanera, DAV/DAM, clientes, documentos, costos y procesos operativos de comercio exterior. Por su nombre agrupa entidad o catalogo legacy cuyo significado debe confirmarse por uso en codigo y datos. No tiene uso PHP directo en la evidencia; puede ser historica, consumida por SQL/vistas/procedimientos o estar fuera del alcance estatico.	SEMANTIC_REVERSE_ENGINEERING_CANDIDATE	SEMANTIC_INFERENCE_REVIEW_REQUIRED	dav	DOMAIN_ENTITY_OR_LEGACY	UNKNOWN_OR_BUSINESS_DATA	UNKNOWN	0	0	NO_USAGE_FOUND
dav_lugarimportacion	.data_base/asgard.sql	7048	DB-TABLE-4AC53609C9E7EF	Physical table declared in .data_base/asgard.sql	Tabla candidata del dominio dav: Gestion aduanera, DAV/DAM, clientes, documentos, costos y procesos operativos de comercio exterior. Por su nombre agrupa entidad o catalogo legacy cuyo significado debe confirmarse por uso en codigo y datos. No tiene uso PHP directo en la evidencia; puede ser historica, consumida por SQL/vistas/procedimientos o estar fuera del alcance estatico.	SEMANTIC_REVERSE_ENGINEERING_CANDIDATE	SEMANTIC_INFERENCE_REVIEW_REQUIRED	dav	DOMAIN_ENTITY_OR_LEGACY	LIKELY_PERSONAL_OR_SENSITIVE	UNKNOWN	0	0	NO_USAGE_FOUND
dav_mailcontabilizarcobranzas	.data_base/asgard.sql	7059	DB-TABLE-3366EEFAC524EA	Physical table declared in .data_base/asgard.sql	Tabla candidata del dominio dav: Gestion aduanera, DAV/DAM, clientes, documentos, costos y procesos operativos de comercio exterior. Por su nombre agrupa correo electronico o evento de envio por email. No tiene uso PHP directo en la evidencia; puede ser historica, consumida por SQL/vistas/procedimientos o estar fuera del alcance estatico.	SEMANTIC_REVERSE_ENGINEERING_CANDIDATE	SEMANTIC_INFERENCE_REVIEW_REQUIRED	dav	DOMAIN_ENTITY_OR_LEGACY	LIKELY_PERSONAL_OR_SENSITIVE	UNKNOWN	0	0	NO_USAGE_FOUND
dav_mails	.data_base/asgard.sql	7073	DB-TABLE-1CABF845F04348	Physical table declared in .data_base/asgard.sql	Tabla candidata del dominio dav: Gestion aduanera, DAV/DAM, clientes, documentos, costos y procesos operativos de comercio exterior. Por su nombre agrupa correo electronico o evento de envio por email. No tiene uso PHP directo en la evidencia; puede ser historica, consumida por SQL/vistas/procedimientos o estar fuera del alcance estatico.	SEMANTIC_REVERSE_ENGINEERING_CANDIDATE	SEMANTIC_INFERENCE_REVIEW_REQUIRED	dav	DOMAIN_ENTITY_OR_LEGACY	LIKELY_PERSONAL_OR_SENSITIVE	UNKNOWN	0	0	NO_USAGE_FOUND
dav_mails_cc	.data_base/asgard.sql	7093	DB-TABLE-515C2C8D2C345A	Physical table declared in .data_base/asgard.sql	Tabla candidata del dominio dav: Gestion aduanera, DAV/DAM, clientes, documentos, costos y procesos operativos de comercio exterior. Por su nombre agrupa correo electronico o evento de envio por email. No tiene uso PHP directo en la evidencia; puede ser historica, consumida por SQL/vistas/procedimientos o estar fuera del alcance estatico.	SEMANTIC_REVERSE_ENGINEERING_CANDIDATE	SEMANTIC_INFERENCE_REVIEW_REQUIRED	dav	DOMAIN_ENTITY_OR_LEGACY	LIKELY_PERSONAL_OR_SENSITIVE	UNKNOWN	0	0	NO_USAGE_FOUND
dav_mailscontrolaps	.data_base/asgard.sql	7107	DB-TABLE-5D6DF160973CED	Physical table declared in .data_base/asgard.sql	Tabla candidata del dominio dav: Gestion aduanera, DAV/DAM, clientes, documentos, costos y procesos operativos de comercio exterior. Por su nombre agrupa correo electronico o evento de envio por email. No tiene uso PHP directo en la evidencia; puede ser historica, consumida por SQL/vistas/procedimientos o estar fuera del alcance estatico.	SEMANTIC_REVERSE_ENGINEERING_CANDIDATE	SEMANTIC_INFERENCE_REVIEW_REQUIRED	dav	DOMAIN_ENTITY_OR_LEGACY	LIKELY_PERSONAL_OR_SENSITIVE	UNKNOWN	0	0	NO_USAGE_FOUND
dav_mailsdespacho	.data_base/asgard.sql	7122	DB-TABLE-4FBE6222DB0677	Physical table declared in .data_base/asgard.sql	Tabla candidata del dominio dav: Gestion aduanera, DAV/DAM, clientes, documentos, costos y procesos operativos de comercio exterior. Por su nombre agrupa correo electronico o evento de envio por email. No tiene uso PHP directo en la evidencia; puede ser historica, consumida por SQL/vistas/procedimientos o estar fuera del alcance estatico.	SEMANTIC_REVERSE_ENGINEERING_CANDIDATE	SEMANTIC_INFERENCE_REVIEW_REQUIRED	dav	DOMAIN_ENTITY_OR_LEGACY	LIKELY_PERSONAL_OR_SENSITIVE	UNKNOWN	0	0	NO_USAGE_FOUND
dav_mailsenvioplanilla	.data_base/asgard.sql	7134	DB-TABLE-C00964846D24A8	Physical table declared in .data_base/asgard.sql	Tabla candidata del dominio dav: Gestion aduanera, DAV/DAM, clientes, documentos, costos y procesos operativos de comercio exterior. Por su nombre agrupa planilla o documento operativo/financiero generado, correo electronico o evento de envio por email. No tiene uso PHP directo en la evidencia; puede ser historica, consumida por SQL/vistas/procedimientos o estar fuera del alcance estatico.	SEMANTIC_REVERSE_ENGINEERING_CANDIDATE	SEMANTIC_INFERENCE_REVIEW_REQUIRED	dav	DOMAIN_ENTITY_OR_LEGACY	LIKELY_PERSONAL_OR_SENSITIVE	UNKNOWN	0	0	NO_USAGE_FOUND
dav_mailsinventariovehiculos	.data_base/asgard.sql	7145	DB-TABLE-D029175D731729	Physical table declared in .data_base/asgard.sql	Tabla candidata del dominio dav: Gestion aduanera, DAV/DAM, clientes, documentos, costos y procesos operativos de comercio exterior. Por su nombre agrupa correo electronico o evento de envio por email. No tiene uso PHP directo en la evidencia; puede ser historica, consumida por SQL/vistas/procedimientos o estar fuera del alcance estatico.	SEMANTIC_REVERSE_ENGINEERING_CANDIDATE	SEMANTIC_INFERENCE_REVIEW_REQUIRED	dav	DOMAIN_ENTITY_OR_LEGACY	LIKELY_PERSONAL_OR_SENSITIVE	UNKNOWN	0	0	NO_USAGE_FOUND
dav_mailsmodificaciones	.data_base/asgard.sql	7156	DB-TABLE-4B091A7BCD6713	Physical table declared in .data_base/asgard.sql	Tabla candidata del dominio dav: Gestion aduanera, DAV/DAM, clientes, documentos, costos y procesos operativos de comercio exterior. Por su nombre agrupa correo electronico o evento de envio por email. No tiene uso PHP directo en la evidencia; puede ser historica, consumida por SQL/vistas/procedimientos o estar fuera del alcance estatico.	SEMANTIC_REVERSE_ENGINEERING_CANDIDATE	SEMANTIC_INFERENCE_REVIEW_REQUIRED	dav	DOMAIN_ENTITY_OR_LEGACY	LIKELY_PERSONAL_OR_SENSITIVE	UNKNOWN	0	0	NO_USAGE_FOUND
dav_mailsolicitudes	.data_base/asgard.sql	7168	DB-TABLE-1DCC58B13B7BDD	Physical table declared in .data_base/asgard.sql	Tabla candidata del dominio dav: Gestion aduanera, DAV/DAM, clientes, documentos, costos y procesos operativos de comercio exterior. Por su nombre agrupa solicitudes de servicio o gestion iniciadas por usuario/cliente, solicitud de servicio o gestion iniciada por usuario/cliente, correo electronico o evento de envio por email. No tiene uso PHP directo en la evidencia; puede ser historica, consumida por SQL/vistas/procedimientos o estar fuera del alcance estatico.	SEMANTIC_REVERSE_ENGINEERING_CANDIDATE	SEMANTIC_INFERENCE_REVIEW_REQUIRED	dav	DOMAIN_ENTITY_OR_LEGACY	LIKELY_PERSONAL_OR_SENSITIVE	UNKNOWN	0	0	NO_USAGE_FOUND
dav_mailsolicitudesslg	.data_base/asgard.sql	7182	DB-TABLE-93C9F6718B54B2	Physical table declared in .data_base/asgard.sql	Tabla candidata del dominio dav: Gestion aduanera, DAV/DAM, clientes, documentos, costos y procesos operativos de comercio exterior. Por su nombre agrupa solicitudes de servicio o gestion iniciadas por usuario/cliente, solicitud de servicio o gestion iniciada por usuario/cliente, correo electronico o evento de envio por email. No tiene uso PHP directo en la evidencia; puede ser historica, consumida por SQL/vistas/procedimientos o estar fuera del alcance estatico.	SEMANTIC_REVERSE_ENGINEERING_CANDIDATE	SEMANTIC_INFERENCE_REVIEW_REQUIRED	dav	DOMAIN_ENTITY_OR_LEGACY	LIKELY_PERSONAL_OR_SENSITIVE	UNKNOWN	0	0	NO_USAGE_FOUND
dav_mailsrecepcionarchvio	.data_base/asgard.sql	7195	DB-TABLE-A105500DE62C4E	Physical table declared in .data_base/asgard.sql	Tabla candidata del dominio dav: Gestion aduanera, DAV/DAM, clientes, documentos, costos y procesos operativos de comercio exterior. Por su nombre agrupa correo electronico o evento de envio por email. No tiene uso PHP directo en la evidencia; puede ser historica, consumida por SQL/vistas/procedimientos o estar fuera del alcance estatico.	SEMANTIC_REVERSE_ENGINEERING_CANDIDATE	SEMANTIC_INFERENCE_REVIEW_REQUIRED	dav	DOMAIN_ENTITY_OR_LEGACY	LIKELY_PERSONAL_OR_SENSITIVE	UNKNOWN	0	0	NO_USAGE_FOUND
dav_mailtransferencia	.data_base/asgard.sql	7207	DB-TABLE-C63F7B4E8BD1EB	Physical table declared in .data_base/asgard.sql	Tabla candidata del dominio dav: Gestion aduanera, DAV/DAM, clientes, documentos, costos y procesos operativos de comercio exterior. Por su nombre agrupa correo electronico o evento de envio por email. No tiene uso PHP directo en la evidencia; puede ser historica, consumida por SQL/vistas/procedimientos o estar fuera del alcance estatico.	SEMANTIC_REVERSE_ENGINEERING_CANDIDATE	SEMANTIC_INFERENCE_REVIEW_REQUIRED	dav	DOMAIN_ENTITY_OR_LEGACY	LIKELY_PERSONAL_OR_SENSITIVE	UNKNOWN	0	0	NO_USAGE_FOUND
dav_mediopago	.data_base/asgard.sql	7219	DB-TABLE-59E4A1C99823CE	Physical table declared in .data_base/asgard.sql	Tabla candidata del dominio dav: Gestion aduanera, DAV/DAM, clientes, documentos, costos y procesos operativos de comercio exterior. Por su nombre agrupa pago o movimiento economico. No tiene uso PHP directo en la evidencia; puede ser historica, consumida por SQL/vistas/procedimientos o estar fuera del alcance estatico.	SEMANTIC_REVERSE_ENGINEERING_CANDIDATE	SEMANTIC_INFERENCE_REVIEW_REQUIRED	dav	DOMAIN_ENTITY_OR_LEGACY	UNKNOWN_OR_BUSINESS_DATA	UNKNOWN	0	0	NO_USAGE_FOUND
dav_mediotransporte	.data_base/asgard.sql	7231	DB-TABLE-7D77D062C371E2	Physical table declared in .data_base/asgard.sql	Tabla candidata del dominio dav: Gestion aduanera, DAV/DAM, clientes, documentos, costos y procesos operativos de comercio exterior. Por su nombre agrupa entidad o catalogo legacy cuyo significado debe confirmarse por uso en codigo y datos. No tiene uso PHP directo en la evidencia; puede ser historica, consumida por SQL/vistas/procedimientos o estar fuera del alcance estatico.	SEMANTIC_REVERSE_ENGINEERING_CANDIDATE	SEMANTIC_INFERENCE_REVIEW_REQUIRED	dav	DOMAIN_ENTITY_OR_LEGACY	UNKNOWN_OR_BUSINESS_DATA	UNKNOWN	0	0	NO_USAGE_FOUND
dav_mensajero	.data_base/asgard.sql	7242	DB-TABLE-3E6D72343E0F01	Physical table declared in .data_base/asgard.sql	Tabla candidata del dominio dav: Gestion aduanera, DAV/DAM, clientes, documentos, costos y procesos operativos de comercio exterior. Por su nombre agrupa entidad o catalogo legacy cuyo significado debe confirmarse por uso en codigo y datos. No tiene uso PHP directo en la evidencia; puede ser historica, consumida por SQL/vistas/procedimientos o estar fuera del alcance estatico.	SEMANTIC_REVERSE_ENGINEERING_CANDIDATE	SEMANTIC_INFERENCE_REVIEW_REQUIRED	dav	DOMAIN_ENTITY_OR_LEGACY	UNKNOWN_OR_BUSINESS_DATA	UNKNOWN	0	0	NO_USAGE_FOUND
dav_mercancia	.data_base/asgard.sql	7254	DB-TABLE-441B5E943221C9	Physical table declared in .data_base/asgard.sql	Tabla candidata del dominio dav: Gestion aduanera, DAV/DAM, clientes, documentos, costos y procesos operativos de comercio exterior. Por su nombre agrupa mercancia o item objeto de transporte/declaracion. Tiene lecturas observadas y parece actuar como consulta, catalogo o fuente de reporte.	SEMANTIC_REVERSE_ENGINEERING_CANDIDATE	SEMANTIC_INFERENCE_REVIEW_REQUIRED	dav	DOMAIN_ENTITY_OR_LEGACY	LIKELY_PERSONAL_OR_SENSITIVE	UNKNOWN	1	0	USED
dav_meses	.data_base/asgard.sql	7268	DB-TABLE-B936010CF2EB65	Physical table declared in .data_base/asgard.sql	Tabla candidata del dominio dav: Gestion aduanera, DAV/DAM, clientes, documentos, costos y procesos operativos de comercio exterior. Por su nombre agrupa entidad o catalogo legacy cuyo significado debe confirmarse por uso en codigo y datos. Tiene lecturas observadas y parece actuar como consulta, catalogo o fuente de reporte.	SEMANTIC_REVERSE_ENGINEERING_CANDIDATE	SEMANTIC_INFERENCE_REVIEW_REQUIRED	dav	DOMAIN_ENTITY_OR_LEGACY	UNKNOWN_OR_BUSINESS_DATA	UNKNOWN	1	0	USED
dav_metodopago	.data_base/asgard.sql	7279	DB-TABLE-09316C09D92071	Physical table declared in .data_base/asgard.sql	Tabla candidata del dominio dav: Gestion aduanera, DAV/DAM, clientes, documentos, costos y procesos operativos de comercio exterior. Por su nombre agrupa pago o movimiento economico. No tiene uso PHP directo en la evidencia; puede ser historica, consumida por SQL/vistas/procedimientos o estar fuera del alcance estatico.	SEMANTIC_REVERSE_ENGINEERING_CANDIDATE	SEMANTIC_INFERENCE_REVIEW_REQUIRED	dav	DOMAIN_ENTITY_OR_LEGACY	UNKNOWN_OR_BUSINESS_DATA	UNKNOWN	0	0	NO_USAGE_FOUND
dav_modalidaddespacho	.data_base/asgard.sql	7295	DB-TABLE-04FA865EB2DF00	Physical table declared in .data_base/asgard.sql	Tabla candidata del dominio dav: Gestion aduanera, DAV/DAM, clientes, documentos, costos y procesos operativos de comercio exterior. Por su nombre agrupa entidad o catalogo legacy cuyo significado debe confirmarse por uso en codigo y datos. No tiene uso PHP directo en la evidencia; puede ser historica, consumida por SQL/vistas/procedimientos o estar fuera del alcance estatico.	SEMANTIC_REVERSE_ENGINEERING_CANDIDATE	SEMANTIC_INFERENCE_REVIEW_REQUIRED	dav	DOMAIN_ENTITY_OR_LEGACY	UNKNOWN_OR_BUSINESS_DATA	UNKNOWN	0	0	NO_USAGE_FOUND
dav_modalidadenvio	.data_base/asgard.sql	7308	DB-TABLE-3D9BCDE19D0AA6	Physical table declared in .data_base/asgard.sql	Tabla candidata del dominio dav: Gestion aduanera, DAV/DAM, clientes, documentos, costos y procesos operativos de comercio exterior. Por su nombre agrupa entidad o catalogo legacy cuyo significado debe confirmarse por uso en codigo y datos. Tiene lecturas observadas y parece actuar como consulta, catalogo o fuente de reporte.	SEMANTIC_REVERSE_ENGINEERING_CANDIDATE	SEMANTIC_INFERENCE_REVIEW_REQUIRED	dav	DOMAIN_ENTITY_OR_LEGACY	UNKNOWN_OR_BUSINESS_DATA	UNKNOWN	1	0	USED
dav_modalidadregimen	.data_base/asgard.sql	7320	DB-TABLE-14D3E08407D821	Physical table declared in .data_base/asgard.sql	Tabla candidata del dominio dav: Gestion aduanera, DAV/DAM, clientes, documentos, costos y procesos operativos de comercio exterior. Por su nombre agrupa entidad o catalogo legacy cuyo significado debe confirmarse por uso en codigo y datos. No tiene uso PHP directo en la evidencia; puede ser historica, consumida por SQL/vistas/procedimientos o estar fuera del alcance estatico.	SEMANTIC_REVERSE_ENGINEERING_CANDIDATE	SEMANTIC_INFERENCE_REVIEW_REQUIRED	dav	DOMAIN_ENTITY_OR_LEGACY	UNKNOWN_OR_BUSINESS_DATA	UNKNOWN	0	0	NO_USAGE_FOUND
dav_modotransporte	.data_base/asgard.sql	7333	DB-TABLE-EEE64D3696822C	Physical table declared in .data_base/asgard.sql	Tabla candidata del dominio dav: Gestion aduanera, DAV/DAM, clientes, documentos, costos y procesos operativos de comercio exterior. Por su nombre agrupa entidad o catalogo legacy cuyo significado debe confirmarse por uso en codigo y datos. Tiene lecturas observadas y parece actuar como consulta, catalogo o fuente de reporte.	SEMANTIC_REVERSE_ENGINEERING_CANDIDATE	SEMANTIC_INFERENCE_REVIEW_REQUIRED	dav	DOMAIN_ENTITY_OR_LEGACY	UNKNOWN_OR_BUSINESS_DATA	UNKNOWN	4	0	USED
dav_modotransportedocumento	.data_base/asgard.sql	7349	DB-TABLE-65C6A263CAF8DE	Physical table declared in .data_base/asgard.sql	Tabla candidata del dominio dav: Gestion aduanera, DAV/DAM, clientes, documentos, costos y procesos operativos de comercio exterior. Por su nombre agrupa documento o soporte asociado al expediente. No tiene uso PHP directo en la evidencia; puede ser historica, consumida por SQL/vistas/procedimientos o estar fuera del alcance estatico.	SEMANTIC_REVERSE_ENGINEERING_CANDIDATE	SEMANTIC_INFERENCE_REVIEW_REQUIRED	dav	DOMAIN_ENTITY_OR_LEGACY	UNKNOWN_OR_BUSINESS_DATA	UNKNOWN	0	0	NO_USAGE_FOUND
dav_modulos	.data_base/asgard.sql	7360	DB-TABLE-337F7000C692DC	Physical table declared in .data_base/asgard.sql	Tabla candidata del dominio dav: Gestion aduanera, DAV/DAM, clientes, documentos, costos y procesos operativos de comercio exterior. Por su nombre agrupa entidad o catalogo legacy cuyo significado debe confirmarse por uso en codigo y datos. No tiene uso PHP directo en la evidencia; puede ser historica, consumida por SQL/vistas/procedimientos o estar fuera del alcance estatico.	SEMANTIC_REVERSE_ENGINEERING_CANDIDATE	SEMANTIC_INFERENCE_REVIEW_REQUIRED	dav	DOMAIN_ENTITY_OR_LEGACY	UNKNOWN_OR_BUSINESS_DATA	UNKNOWN	0	0	NO_USAGE_FOUND
dav_moduloscliente	.data_base/asgard.sql	7370	DB-TABLE-1359DD2B4A4CDE	Physical table declared in .data_base/asgard.sql	Tabla candidata del dominio dav: Gestion aduanera, DAV/DAM, clientes, documentos, costos y procesos operativos de comercio exterior. Por su nombre agrupa cliente/tenant propietario de la operacion o filtro de visibilidad. No tiene uso PHP directo en la evidencia; puede ser historica, consumida por SQL/vistas/procedimientos o estar fuera del alcance estatico.	SEMANTIC_REVERSE_ENGINEERING_CANDIDATE	SEMANTIC_INFERENCE_REVIEW_REQUIRED	dav	DOMAIN_ENTITY_OR_LEGACY	UNKNOWN_OR_BUSINESS_DATA	UNKNOWN	0	0	NO_USAGE_FOUND
dav_montootroservicio	.data_base/asgard.sql	7380	DB-TABLE-6CF7E7848E63EA	Physical table declared in .data_base/asgard.sql	Tabla candidata del dominio dav: Gestion aduanera, DAV/DAM, clientes, documentos, costos y procesos operativos de comercio exterior. Por su nombre agrupa importe monetario o valor numerico economico. No tiene uso PHP directo en la evidencia; puede ser historica, consumida por SQL/vistas/procedimientos o estar fuera del alcance estatico.	SEMANTIC_REVERSE_ENGINEERING_CANDIDATE	SEMANTIC_INFERENCE_REVIEW_REQUIRED	dav	DOMAIN_ENTITY_OR_LEGACY	LIKELY_PERSONAL_OR_SENSITIVE	UNKNOWN	0	0	NO_USAGE_FOUND
dav_motivoanulacion	.data_base/asgard.sql	7392	DB-TABLE-6F4BEE80314206	Physical table declared in .data_base/asgard.sql	Tabla candidata del dominio dav: Gestion aduanera, DAV/DAM, clientes, documentos, costos y procesos operativos de comercio exterior. Por su nombre agrupa entidad o catalogo legacy cuyo significado debe confirmarse por uso en codigo y datos. No tiene uso PHP directo en la evidencia; puede ser historica, consumida por SQL/vistas/procedimientos o estar fuera del alcance estatico.	SEMANTIC_REVERSE_ENGINEERING_CANDIDATE	SEMANTIC_INFERENCE_REVIEW_REQUIRED	dav	DOMAIN_ENTITY_OR_LEGACY	LIKELY_PERSONAL_OR_SENSITIVE	UNKNOWN	0	0	NO_USAGE_FOUND
dav_motivopagoeliminado	.data_base/asgard.sql	7402	DB-TABLE-504F75B16EA026	Physical table declared in .data_base/asgard.sql	Tabla candidata del dominio dav: Gestion aduanera, DAV/DAM, clientes, documentos, costos y procesos operativos de comercio exterior. Por su nombre agrupa pago o movimiento economico. No tiene uso PHP directo en la evidencia; puede ser historica, consumida por SQL/vistas/procedimientos o estar fuera del alcance estatico.	SEMANTIC_REVERSE_ENGINEERING_CANDIDATE	SEMANTIC_INFERENCE_REVIEW_REQUIRED	dav	DOMAIN_ENTITY_OR_LEGACY	UNKNOWN_OR_BUSINESS_DATA	UNKNOWN	0	0	NO_USAGE_FOUND
dav_motivoprestamo	.data_base/asgard.sql	7413	DB-TABLE-66722A968157ED	Physical table declared in .data_base/asgard.sql	Tabla candidata del dominio dav: Gestion aduanera, DAV/DAM, clientes, documentos, costos y procesos operativos de comercio exterior. Por su nombre agrupa entidad o catalogo legacy cuyo significado debe confirmarse por uso en codigo y datos. Tiene lecturas observadas y parece actuar como consulta, catalogo o fuente de reporte.	SEMANTIC_REVERSE_ENGINEERING_CANDIDATE	SEMANTIC_INFERENCE_REVIEW_REQUIRED	dav	DOMAIN_ENTITY_OR_LEGACY	UNKNOWN_OR_BUSINESS_DATA	UNKNOWN	1	0	USED
dav_motivoreasignacion	.data_base/asgard.sql	7425	DB-TABLE-C26043C43BC9A5	Physical table declared in .data_base/asgard.sql	Tabla candidata del dominio dav: Gestion aduanera, DAV/DAM, clientes, documentos, costos y procesos operativos de comercio exterior. Por su nombre agrupa entidad o catalogo legacy cuyo significado debe confirmarse por uso en codigo y datos. No tiene uso PHP directo en la evidencia; puede ser historica, consumida por SQL/vistas/procedimientos o estar fuera del alcance estatico.	SEMANTIC_REVERSE_ENGINEERING_CANDIDATE	SEMANTIC_INFERENCE_REVIEW_REQUIRED	dav	DOMAIN_ENTITY_OR_LEGACY	LIKELY_PERSONAL_OR_SENSITIVE	UNKNOWN	0	0	NO_USAGE_FOUND
dav_navieras	.data_base/asgard.sql	7439	DB-TABLE-C201D51BA3E025	Physical table declared in .data_base/asgard.sql	Tabla candidata del dominio dav: Gestion aduanera, DAV/DAM, clientes, documentos, costos y procesos operativos de comercio exterior. Por su nombre agrupa entidad o catalogo legacy cuyo significado debe confirmarse por uso en codigo y datos. Tiene lecturas observadas y parece actuar como consulta, catalogo o fuente de reporte.	SEMANTIC_REVERSE_ENGINEERING_CANDIDATE	SEMANTIC_INFERENCE_REVIEW_REQUIRED	dav	DOMAIN_ENTITY_OR_LEGACY	UNKNOWN_OR_BUSINESS_DATA	UNKNOWN	2	0	USED
dav_nivelcomercial	.data_base/asgard.sql	7449	DB-TABLE-833A9FCDC9D7D4	Physical table declared in .data_base/asgard.sql	Tabla candidata del dominio dav: Gestion aduanera, DAV/DAM, clientes, documentos, costos y procesos operativos de comercio exterior. Por su nombre agrupa entidad o catalogo legacy cuyo significado debe confirmarse por uso en codigo y datos. No tiene uso PHP directo en la evidencia; puede ser historica, consumida por SQL/vistas/procedimientos o estar fuera del alcance estatico.	SEMANTIC_REVERSE_ENGINEERING_CANDIDATE	SEMANTIC_INFERENCE_REVIEW_REQUIRED	dav	DOMAIN_ENTITY_OR_LEGACY	LIKELY_PERSONAL_OR_SENSITIVE	UNKNOWN	0	0	NO_USAGE_FOUND
dav_notas_debito_facturas_otros	.data_base/asgard.sql	7460	DB-TABLE-3F2DA22A545CE4	Physical table declared in .data_base/asgard.sql	Tabla candidata del dominio dav: Gestion aduanera, DAV/DAM, clientes, documentos, costos y procesos operativos de comercio exterior. Por su nombre agrupa facturas o documentos economicos/comerciales, factura o documento economico/comercial. No tiene uso PHP directo en la evidencia; puede ser historica, consumida por SQL/vistas/procedimientos o estar fuera del alcance estatico.	SEMANTIC_REVERSE_ENGINEERING_CANDIDATE	SEMANTIC_INFERENCE_REVIEW_REQUIRED	dav	DOMAIN_ENTITY_OR_LEGACY	UNKNOWN_OR_BUSINESS_DATA	UNKNOWN	0	0	NO_USAGE_FOUND
dav_notasdebito	.data_base/asgard.sql	7476	DB-TABLE-210B4F317BA0AE	Physical table declared in .data_base/asgard.sql	Tabla candidata del dominio dav: Gestion aduanera, DAV/DAM, clientes, documentos, costos y procesos operativos de comercio exterior. Por su nombre agrupa entidad o catalogo legacy cuyo significado debe confirmarse por uso en codigo y datos. Tiene lectura y escritura observada, por lo que probablemente participa en un flujo transaccional activo.	SEMANTIC_REVERSE_ENGINEERING_CANDIDATE	SEMANTIC_INFERENCE_REVIEW_REQUIRED	dav	DOMAIN_ENTITY_OR_LEGACY	UNKNOWN_OR_BUSINESS_DATA	UNKNOWN	1	1	USED
dav_notasdebitodetalle	.data_base/asgard.sql	7519	DB-TABLE-F2650883AF3FF9	Physical table declared in .data_base/asgard.sql	Tabla candidata del dominio dav: Gestion aduanera, DAV/DAM, clientes, documentos, costos y procesos operativos de comercio exterior. Por su nombre agrupa entidad o catalogo legacy cuyo significado debe confirmarse por uso en codigo y datos. Tiene lecturas observadas y parece actuar como consulta, catalogo o fuente de reporte.	SEMANTIC_REVERSE_ENGINEERING_CANDIDATE	SEMANTIC_INFERENCE_REVIEW_REQUIRED	dav	DOMAIN_ENTITY_OR_LEGACY	UNKNOWN_OR_BUSINESS_DATA	UNKNOWN	1	0	USED
dav_notaspartida	.data_base/asgard.sql	7537	DB-TABLE-FA753369FF31EC	Physical table declared in .data_base/asgard.sql	Tabla candidata del dominio dav: Gestion aduanera, DAV/DAM, clientes, documentos, costos y procesos operativos de comercio exterior. Por su nombre agrupa partida o linea declarativa dentro de un tramite aduanero. No tiene uso PHP directo en la evidencia; puede ser historica, consumida por SQL/vistas/procedimientos o estar fuera del alcance estatico.	SEMANTIC_REVERSE_ENGINEERING_CANDIDATE	SEMANTIC_INFERENCE_REVIEW_REQUIRED	dav	DOMAIN_ENTITY_OR_LEGACY	UNKNOWN_OR_BUSINESS_DATA	UNKNOWN	0	0	NO_USAGE_FOUND
dav_notasvalor	.data_base/asgard.sql	7547	DB-TABLE-23A1FE5B4B5208	Physical table declared in .data_base/asgard.sql	Tabla candidata del dominio dav: Gestion aduanera, DAV/DAM, clientes, documentos, costos y procesos operativos de comercio exterior. Por su nombre agrupa valor declarado, calculado o parametrico. Tiene lecturas observadas y parece actuar como consulta, catalogo o fuente de reporte.	SEMANTIC_REVERSE_ENGINEERING_CANDIDATE	SEMANTIC_INFERENCE_REVIEW_REQUIRED	dav	DOMAIN_ENTITY_OR_LEGACY	UNKNOWN_OR_BUSINESS_DATA	UNKNOWN	1	0	USED
dav_notifasociado	.data_base/asgard.sql	7565	DB-TABLE-AD7FF5E580768E	Physical table declared in .data_base/asgard.sql	Tabla candidata del dominio dav: Gestion aduanera, DAV/DAM, clientes, documentos, costos y procesos operativos de comercio exterior. Por su nombre agrupa entidad o catalogo legacy cuyo significado debe confirmarse por uso en codigo y datos. No tiene uso PHP directo en la evidencia; puede ser historica, consumida por SQL/vistas/procedimientos o estar fuera del alcance estatico.	SEMANTIC_REVERSE_ENGINEERING_CANDIDATE	SEMANTIC_INFERENCE_REVIEW_REQUIRED	dav	DOMAIN_ENTITY_OR_LEGACY	LIKELY_PERSONAL_OR_SENSITIVE	UNKNOWN	0	0	NO_USAGE_FOUND
dav_notifdocasociado	.data_base/asgard.sql	7585	DB-TABLE-5713DFDFD82F2D	Physical table declared in .data_base/asgard.sql	Tabla candidata del dominio dav: Gestion aduanera, DAV/DAM, clientes, documentos, costos y procesos operativos de comercio exterior. Por su nombre agrupa entidad o catalogo legacy cuyo significado debe confirmarse por uso en codigo y datos. No tiene uso PHP directo en la evidencia; puede ser historica, consumida por SQL/vistas/procedimientos o estar fuera del alcance estatico.	SEMANTIC_REVERSE_ENGINEERING_CANDIDATE	SEMANTIC_INFERENCE_REVIEW_REQUIRED	dav	DOMAIN_ENTITY_OR_LEGACY	LIKELY_PERSONAL_OR_SENSITIVE	UNKNOWN	0	0	NO_USAGE_FOUND
dav_notifdocumento	.data_base/asgard.sql	7595	DB-TABLE-93BF2D48D03211	Physical table declared in .data_base/asgard.sql	Tabla candidata del dominio dav: Gestion aduanera, DAV/DAM, clientes, documentos, costos y procesos operativos de comercio exterior. Por su nombre agrupa documento o soporte asociado al expediente. No tiene uso PHP directo en la evidencia; puede ser historica, consumida por SQL/vistas/procedimientos o estar fuera del alcance estatico.	SEMANTIC_REVERSE_ENGINEERING_CANDIDATE	SEMANTIC_INFERENCE_REVIEW_REQUIRED	dav	DOMAIN_ENTITY_OR_LEGACY	UNKNOWN_OR_BUSINESS_DATA	UNKNOWN	0	0	NO_USAGE_FOUND
dav_notifemitidopor1	.data_base/asgard.sql	7605	DB-TABLE-BE790C5E5BCDAA	Physical table declared in .data_base/asgard.sql	Tabla candidata del dominio dav: Gestion aduanera, DAV/DAM, clientes, documentos, costos y procesos operativos de comercio exterior. Por su nombre agrupa entidad o catalogo legacy cuyo significado debe confirmarse por uso en codigo y datos. No tiene uso PHP directo en la evidencia; puede ser historica, consumida por SQL/vistas/procedimientos o estar fuera del alcance estatico.	SEMANTIC_REVERSE_ENGINEERING_CANDIDATE	SEMANTIC_INFERENCE_REVIEW_REQUIRED	dav	DOMAIN_ENTITY_OR_LEGACY	UNKNOWN_OR_BUSINESS_DATA	UNKNOWN	0	0	NO_USAGE_FOUND
dav_notifemitidopor2	.data_base/asgard.sql	7615	DB-TABLE-1FBF81DD6DBC63	Physical table declared in .data_base/asgard.sql	Tabla candidata del dominio dav: Gestion aduanera, DAV/DAM, clientes, documentos, costos y procesos operativos de comercio exterior. Por su nombre agrupa entidad o catalogo legacy cuyo significado debe confirmarse por uso en codigo y datos. No tiene uso PHP directo en la evidencia; puede ser historica, consumida por SQL/vistas/procedimientos o estar fuera del alcance estatico.	SEMANTIC_REVERSE_ENGINEERING_CANDIDATE	SEMANTIC_INFERENCE_REVIEW_REQUIRED	dav	DOMAIN_ENTITY_OR_LEGACY	UNKNOWN_OR_BUSINESS_DATA	UNKNOWN	0	0	NO_USAGE_FOUND
dav_notifestado	.data_base/asgard.sql	7626	DB-TABLE-CF847AC831935B	Physical table declared in .data_base/asgard.sql	Tabla candidata del dominio dav: Gestion aduanera, DAV/DAM, clientes, documentos, costos y procesos operativos de comercio exterior. Por su nombre agrupa estado de ciclo de vida o clasificacion operacional. No tiene uso PHP directo en la evidencia; puede ser historica, consumida por SQL/vistas/procedimientos o estar fuera del alcance estatico.	SEMANTIC_REVERSE_ENGINEERING_CANDIDATE	SEMANTIC_INFERENCE_REVIEW_REQUIRED	dav	DOMAIN_ENTITY_OR_LEGACY	UNKNOWN_OR_BUSINESS_DATA	UNKNOWN	0	0	NO_USAGE_FOUND
dav_notificaciones	.data_base/asgard.sql	7636	DB-TABLE-656FAC84AB2393	Physical table declared in .data_base/asgard.sql	Tabla candidata del dominio dav: Gestion aduanera, DAV/DAM, clientes, documentos, costos y procesos operativos de comercio exterior. Por su nombre agrupa entidad o catalogo legacy cuyo significado debe confirmarse por uso en codigo y datos. No tiene uso PHP directo en la evidencia; puede ser historica, consumida por SQL/vistas/procedimientos o estar fuera del alcance estatico.	SEMANTIC_REVERSE_ENGINEERING_CANDIDATE	SEMANTIC_INFERENCE_REVIEW_REQUIRED	dav	DOMAIN_ENTITY_OR_LEGACY	LIKELY_PERSONAL_OR_SENSITIVE	UNKNOWN	0	0	NO_USAGE_FOUND
dav_notificacionescargadespacho	.data_base/asgard.sql	7680	DB-TABLE-5125BDE596D7CD	Physical table declared in .data_base/asgard.sql	Tabla candidata del dominio dav: Gestion aduanera, DAV/DAM, clientes, documentos, costos y procesos operativos de comercio exterior. Por su nombre agrupa carga transportada o unidad operativa de transporte. No tiene uso PHP directo en la evidencia; puede ser historica, consumida por SQL/vistas/procedimientos o estar fuera del alcance estatico.	SEMANTIC_REVERSE_ENGINEERING_CANDIDATE	SEMANTIC_INFERENCE_REVIEW_REQUIRED	dav	DOMAIN_ENTITY_OR_LEGACY	LIKELY_PERSONAL_OR_SENSITIVE	UNKNOWN	0	0	NO_USAGE_FOUND
dav_notiftipoproceso	.data_base/asgard.sql	7695	DB-TABLE-1FFDDA496141D9	Physical table declared in .data_base/asgard.sql	Tabla candidata del dominio dav: Gestion aduanera, DAV/DAM, clientes, documentos, costos y procesos operativos de comercio exterior. Por su nombre agrupa tipo/clasificador que parametriza la regla o pantalla. No tiene uso PHP directo en la evidencia; puede ser historica, consumida por SQL/vistas/procedimientos o estar fuera del alcance estatico.	SEMANTIC_REVERSE_ENGINEERING_CANDIDATE	SEMANTIC_INFERENCE_REVIEW_REQUIRED	dav	DOMAIN_ENTITY_OR_LEGACY	UNKNOWN_OR_BUSINESS_DATA	UNKNOWN	0	0	NO_USAGE_FOUND
dav_observacionesdav	.data_base/asgard.sql	7705	DB-TABLE-8404A0862E4A57	Physical table declared in .data_base/asgard.sql	Tabla candidata del dominio dav: Gestion aduanera, DAV/DAM, clientes, documentos, costos y procesos operativos de comercio exterior. Por su nombre agrupa observaciones, comentarios o motivos de revision, observacion, comentario o motivo de revision. No tiene uso PHP directo en la evidencia; puede ser historica, consumida por SQL/vistas/procedimientos o estar fuera del alcance estatico.	SEMANTIC_REVERSE_ENGINEERING_CANDIDATE	SEMANTIC_INFERENCE_REVIEW_REQUIRED	dav	DOMAIN_ENTITY_OR_LEGACY	LIKELY_PERSONAL_OR_SENSITIVE	UNKNOWN	0	0	NO_USAGE_FOUND
dav_observacionesexactitud	.data_base/asgard.sql	7716	DB-TABLE-4430F5C597F715	Physical table declared in .data_base/asgard.sql	Tabla candidata del dominio dav: Gestion aduanera, DAV/DAM, clientes, documentos, costos y procesos operativos de comercio exterior. Por su nombre agrupa observaciones, comentarios o motivos de revision, observacion, comentario o motivo de revision. No tiene uso PHP directo en la evidencia; puede ser historica, consumida por SQL/vistas/procedimientos o estar fuera del alcance estatico.	SEMANTIC_REVERSE_ENGINEERING_CANDIDATE	SEMANTIC_INFERENCE_REVIEW_REQUIRED	dav	DOMAIN_ENTITY_OR_LEGACY	LIKELY_PERSONAL_OR_SENSITIVE	UNKNOWN	0	0	NO_USAGE_FOUND
dav_observacionesodt	.data_base/asgard.sql	7729	DB-TABLE-A7972E98BD9484	Physical table declared in .data_base/asgard.sql	Tabla candidata del dominio dav: Gestion aduanera, DAV/DAM, clientes, documentos, costos y procesos operativos de comercio exterior. Por su nombre agrupa observaciones, comentarios o motivos de revision, observacion, comentario o motivo de revision. No tiene uso PHP directo en la evidencia; puede ser historica, consumida por SQL/vistas/procedimientos o estar fuera del alcance estatico.	SEMANTIC_REVERSE_ENGINEERING_CANDIDATE	SEMANTIC_INFERENCE_REVIEW_REQUIRED	dav	DOMAIN_ENTITY_OR_LEGACY	LIKELY_PERSONAL_OR_SENSITIVE	UNKNOWN	0	0	NO_USAGE_FOUND
dav_observacionexactitud	.data_base/asgard.sql	7740	DB-TABLE-532934A76B32BF	Physical table declared in .data_base/asgard.sql	Tabla candidata del dominio dav: Gestion aduanera, DAV/DAM, clientes, documentos, costos y procesos operativos de comercio exterior. Por su nombre agrupa observacion, comentario o motivo de revision. No tiene uso PHP directo en la evidencia; puede ser historica, consumida por SQL/vistas/procedimientos o estar fuera del alcance estatico.	SEMANTIC_REVERSE_ENGINEERING_CANDIDATE	SEMANTIC_INFERENCE_REVIEW_REQUIRED	dav	DOMAIN_ENTITY_OR_LEGACY	LIKELY_PERSONAL_OR_SENSITIVE	UNKNOWN	0	0	NO_USAGE_FOUND
dav_odt	.data_base/asgard.sql	7762	DB-TABLE-D78A956C108352	Physical table declared in .data_base/asgard.sql	Tabla candidata del dominio dav: Gestion aduanera, DAV/DAM, clientes, documentos, costos y procesos operativos de comercio exterior. Por su nombre agrupa entidad o catalogo legacy cuyo significado debe confirmarse por uso en codigo y datos. No tiene uso PHP directo en la evidencia; puede ser historica, consumida por SQL/vistas/procedimientos o estar fuera del alcance estatico.	SEMANTIC_REVERSE_ENGINEERING_CANDIDATE	SEMANTIC_INFERENCE_REVIEW_REQUIRED	dav	DOMAIN_ENTITY_OR_LEGACY	UNKNOWN_OR_BUSINESS_DATA	UNKNOWN	0	0	NO_USAGE_FOUND
dav_odtmail	.data_base/asgard.sql	7780	DB-TABLE-7FC3D4492F75A5	Physical table declared in .data_base/asgard.sql	Tabla candidata del dominio dav: Gestion aduanera, DAV/DAM, clientes, documentos, costos y procesos operativos de comercio exterior. Por su nombre agrupa correo electronico o evento de envio por email. No tiene uso PHP directo en la evidencia; puede ser historica, consumida por SQL/vistas/procedimientos o estar fuera del alcance estatico.	SEMANTIC_REVERSE_ENGINEERING_CANDIDATE	SEMANTIC_INFERENCE_REVIEW_REQUIRED	dav	DOMAIN_ENTITY_OR_LEGACY	LIKELY_PERSONAL_OR_SENSITIVE	UNKNOWN	0	0	NO_USAGE_FOUND
dav_odtmailtipo	.data_base/asgard.sql	7793	DB-TABLE-451883F560D997	Physical table declared in .data_base/asgard.sql	Tabla candidata del dominio dav: Gestion aduanera, DAV/DAM, clientes, documentos, costos y procesos operativos de comercio exterior. Por su nombre agrupa tipo/clasificador que parametriza la regla o pantalla, correo electronico o evento de envio por email. No tiene uso PHP directo en la evidencia; puede ser historica, consumida por SQL/vistas/procedimientos o estar fuera del alcance estatico.	SEMANTIC_REVERSE_ENGINEERING_CANDIDATE	SEMANTIC_INFERENCE_REVIEW_REQUIRED	dav	DOMAIN_ENTITY_OR_LEGACY	LIKELY_PERSONAL_OR_SENSITIVE	UNKNOWN	0	0	NO_USAGE_FOUND
dav_oficialpartida	.data_base/asgard.sql	7804	DB-TABLE-59EDA678220A3A	Physical table declared in .data_base/asgard.sql	Tabla candidata del dominio dav: Gestion aduanera, DAV/DAM, clientes, documentos, costos y procesos operativos de comercio exterior. Por su nombre agrupa partida o linea declarativa dentro de un tramite aduanero. No tiene uso PHP directo en la evidencia; puede ser historica, consumida por SQL/vistas/procedimientos o estar fuera del alcance estatico.	SEMANTIC_REVERSE_ENGINEERING_CANDIDATE	SEMANTIC_INFERENCE_REVIEW_REQUIRED	dav	DOMAIN_ENTITY_OR_LEGACY	LIKELY_PERSONAL_OR_SENSITIVE	UNKNOWN	0	0	NO_USAGE_FOUND
dav_otraadicion	.data_base/asgard.sql	7817	DB-TABLE-C90251BA648C9A	Physical table declared in .data_base/asgard.sql	Tabla candidata del dominio dav: Gestion aduanera, DAV/DAM, clientes, documentos, costos y procesos operativos de comercio exterior. Por su nombre agrupa entidad o catalogo legacy cuyo significado debe confirmarse por uso en codigo y datos. No tiene uso PHP directo en la evidencia; puede ser historica, consumida por SQL/vistas/procedimientos o estar fuera del alcance estatico.	SEMANTIC_REVERSE_ENGINEERING_CANDIDATE	SEMANTIC_INFERENCE_REVIEW_REQUIRED	dav	DOMAIN_ENTITY_OR_LEGACY	LIKELY_PERSONAL_OR_SENSITIVE	UNKNOWN	0	0	NO_USAGE_FOUND
dav_otradeduccion	.data_base/asgard.sql	7828	DB-TABLE-B2A3F688FA55DD	Physical table declared in .data_base/asgard.sql	Tabla candidata del dominio dav: Gestion aduanera, DAV/DAM, clientes, documentos, costos y procesos operativos de comercio exterior. Por su nombre agrupa entidad o catalogo legacy cuyo significado debe confirmarse por uso en codigo y datos. No tiene uso PHP directo en la evidencia; puede ser historica, consumida por SQL/vistas/procedimientos o estar fuera del alcance estatico.	SEMANTIC_REVERSE_ENGINEERING_CANDIDATE	SEMANTIC_INFERENCE_REVIEW_REQUIRED	dav	DOMAIN_ENTITY_OR_LEGACY	LIKELY_PERSONAL_OR_SENSITIVE	UNKNOWN	0	0	NO_USAGE_FOUND
dav_otrosdocumentosprevios	.data_base/asgard.sql	7839	DB-TABLE-F04667FD88603F	Physical table declared in .data_base/asgard.sql	Tabla candidata del dominio dav: Gestion aduanera, DAV/DAM, clientes, documentos, costos y procesos operativos de comercio exterior. Por su nombre agrupa documentos o soportes asociados al expediente, documento o soporte asociado al expediente. No tiene uso PHP directo en la evidencia; puede ser historica, consumida por SQL/vistas/procedimientos o estar fuera del alcance estatico.	SEMANTIC_REVERSE_ENGINEERING_CANDIDATE	SEMANTIC_INFERENCE_REVIEW_REQUIRED	dav	DOMAIN_ENTITY_OR_LEGACY	UNKNOWN_OR_BUSINESS_DATA	UNKNOWN	0	0	NO_USAGE_FOUND
dav_otroservicio	.data_base/asgard.sql	7855	DB-TABLE-7083D5E90FB04B	Physical table declared in .data_base/asgard.sql	Tabla candidata del dominio dav: Gestion aduanera, DAV/DAM, clientes, documentos, costos y procesos operativos de comercio exterior. Por su nombre agrupa entidad o catalogo legacy cuyo significado debe confirmarse por uso en codigo y datos. No tiene uso PHP directo en la evidencia; puede ser historica, consumida por SQL/vistas/procedimientos o estar fuera del alcance estatico.	SEMANTIC_REVERSE_ENGINEERING_CANDIDATE	SEMANTIC_INFERENCE_REVIEW_REQUIRED	dav	DOMAIN_ENTITY_OR_LEGACY	LIKELY_PERSONAL_OR_SENSITIVE	UNKNOWN	0	0	NO_USAGE_FOUND
dav_pagoduimail	.data_base/asgard.sql	7869	DB-TABLE-6F177B69F77954	Physical table declared in .data_base/asgard.sql	Tabla candidata del dominio dav: Gestion aduanera, DAV/DAM, clientes, documentos, costos y procesos operativos de comercio exterior. Por su nombre agrupa pago o movimiento economico, correo electronico o evento de envio por email. No tiene uso PHP directo en la evidencia; puede ser historica, consumida por SQL/vistas/procedimientos o estar fuera del alcance estatico.	SEMANTIC_REVERSE_ENGINEERING_CANDIDATE	SEMANTIC_INFERENCE_REVIEW_REQUIRED	dav	DOMAIN_ENTITY_OR_LEGACY	LIKELY_PERSONAL_OR_SENSITIVE	UNKNOWN	0	0	NO_USAGE_FOUND
dav_pagoduiquery	.data_base/asgard.sql	7881	DB-TABLE-FC0379AA3FEF44	Physical table declared in .data_base/asgard.sql	Tabla candidata del dominio dav: Gestion aduanera, DAV/DAM, clientes, documentos, costos y procesos operativos de comercio exterior. Por su nombre agrupa pago o movimiento economico. No tiene uso PHP directo en la evidencia; puede ser historica, consumida por SQL/vistas/procedimientos o estar fuera del alcance estatico.	SEMANTIC_REVERSE_ENGINEERING_CANDIDATE	SEMANTIC_INFERENCE_REVIEW_REQUIRED	dav	DOMAIN_ENTITY_OR_LEGACY	UNKNOWN_OR_BUSINESS_DATA	UNKNOWN	0	0	NO_USAGE_FOUND
dav_pagos	.data_base/asgard.sql	7893	DB-TABLE-D5B760E1289254	Physical table declared in .data_base/asgard.sql	Tabla candidata del dominio dav: Gestion aduanera, DAV/DAM, clientes, documentos, costos y procesos operativos de comercio exterior. Por su nombre agrupa pagos o movimientos economicos, pago o movimiento economico. Tiene lecturas observadas y parece actuar como consulta, catalogo o fuente de reporte.	SEMANTIC_REVERSE_ENGINEERING_CANDIDATE	SEMANTIC_INFERENCE_REVIEW_REQUIRED	dav	DOMAIN_ENTITY_OR_LEGACY	UNKNOWN_OR_BUSINESS_DATA	UNKNOWN	2	0	USED
dav_pagosdetalle	.data_base/asgard.sql	7935	DB-TABLE-C329AAF4C4A5DE	Physical table declared in .data_base/asgard.sql	Tabla candidata del dominio dav: Gestion aduanera, DAV/DAM, clientes, documentos, costos y procesos operativos de comercio exterior. Por su nombre agrupa pagos o movimientos economicos, pago o movimiento economico. Tiene lecturas observadas y parece actuar como consulta, catalogo o fuente de reporte.	SEMANTIC_REVERSE_ENGINEERING_CANDIDATE	SEMANTIC_INFERENCE_REVIEW_REQUIRED	dav	DOMAIN_ENTITY_OR_LEGACY	UNKNOWN_OR_BUSINESS_DATA	UNKNOWN	8	0	USED
dav_pagosdetalleeliminados	.data_base/asgard.sql	7989	DB-TABLE-EE03C7D8668527	Physical table declared in .data_base/asgard.sql	Tabla candidata del dominio dav: Gestion aduanera, DAV/DAM, clientes, documentos, costos y procesos operativos de comercio exterior. Por su nombre agrupa pagos o movimientos economicos, pago o movimiento economico. No tiene uso PHP directo en la evidencia; puede ser historica, consumida por SQL/vistas/procedimientos o estar fuera del alcance estatico.	SEMANTIC_REVERSE_ENGINEERING_CANDIDATE	SEMANTIC_INFERENCE_REVIEW_REQUIRED	dav	DOMAIN_ENTITY_OR_LEGACY	UNKNOWN_OR_BUSINESS_DATA	UNKNOWN	0	0	NO_USAGE_FOUND
dav_pagosdetallefacturacion1	.data_base/asgard.sql	8003	DB-TABLE-BF353ADC97B89C	Physical table declared in .data_base/asgard.sql	Tabla candidata del dominio dav: Gestion aduanera, DAV/DAM, clientes, documentos, costos y procesos operativos de comercio exterior. Por su nombre agrupa factura o documento economico/comercial, pagos o movimientos economicos, pago o movimiento economico. No tiene uso PHP directo en la evidencia; puede ser historica, consumida por SQL/vistas/procedimientos o estar fuera del alcance estatico.	SEMANTIC_REVERSE_ENGINEERING_CANDIDATE	SEMANTIC_INFERENCE_REVIEW_REQUIRED	dav	DOMAIN_ENTITY_OR_LEGACY	LIKELY_PERSONAL_OR_SENSITIVE	UNKNOWN	0	0	NO_USAGE_FOUND
dav_pagoseliminados	.data_base/asgard.sql	8017	DB-TABLE-C719C4FE522B2E	Physical table declared in .data_base/asgard.sql	Tabla candidata del dominio dav: Gestion aduanera, DAV/DAM, clientes, documentos, costos y procesos operativos de comercio exterior. Por su nombre agrupa pagos o movimientos economicos, pago o movimiento economico. No tiene uso PHP directo en la evidencia; puede ser historica, consumida por SQL/vistas/procedimientos o estar fuera del alcance estatico.	SEMANTIC_REVERSE_ENGINEERING_CANDIDATE	SEMANTIC_INFERENCE_REVIEW_REQUIRED	dav	DOMAIN_ENTITY_OR_LEGACY	UNKNOWN_OR_BUSINESS_DATA	UNKNOWN	0	0	NO_USAGE_FOUND
dav_pagosovp	.data_base/asgard.sql	8033	DB-TABLE-14A9B45CB78DB7	Physical table declared in .data_base/asgard.sql	Tabla candidata del dominio dav: Gestion aduanera, DAV/DAM, clientes, documentos, costos y procesos operativos de comercio exterior. Por su nombre agrupa pagos o movimientos economicos, pago o movimiento economico. No tiene uso PHP directo en la evidencia; puede ser historica, consumida por SQL/vistas/procedimientos o estar fuera del alcance estatico.	SEMANTIC_REVERSE_ENGINEERING_CANDIDATE	SEMANTIC_INFERENCE_REVIEW_REQUIRED	dav	DOMAIN_ENTITY_OR_LEGACY	UNKNOWN_OR_BUSINESS_DATA	UNKNOWN	0	0	NO_USAGE_FOUND
dav_pais	.data_base/asgard.sql	8061	DB-TABLE-55B691BB6B4F11	Physical table declared in .data_base/asgard.sql	Tabla candidata del dominio dav: Gestion aduanera, DAV/DAM, clientes, documentos, costos y procesos operativos de comercio exterior. Por su nombre agrupa entidad o catalogo legacy cuyo significado debe confirmarse por uso en codigo y datos. Tiene lecturas observadas y parece actuar como consulta, catalogo o fuente de reporte.	SEMANTIC_REVERSE_ENGINEERING_CANDIDATE	SEMANTIC_INFERENCE_REVIEW_REQUIRED	dav	DOMAIN_ENTITY_OR_LEGACY	UNKNOWN_OR_BUSINESS_DATA	UNKNOWN	17	0	USED
dav_paisacuerdo	.data_base/asgard.sql	8077	DB-TABLE-B795F53B4E38DE	Physical table declared in .data_base/asgard.sql	Tabla candidata del dominio dav: Gestion aduanera, DAV/DAM, clientes, documentos, costos y procesos operativos de comercio exterior. Por su nombre agrupa entidad o catalogo legacy cuyo significado debe confirmarse por uso en codigo y datos. No tiene uso PHP directo en la evidencia; puede ser historica, consumida por SQL/vistas/procedimientos o estar fuera del alcance estatico.	SEMANTIC_REVERSE_ENGINEERING_CANDIDATE	SEMANTIC_INFERENCE_REVIEW_REQUIRED	dav	DOMAIN_ENTITY_OR_LEGACY	UNKNOWN_OR_BUSINESS_DATA	UNKNOWN	0	0	NO_USAGE_FOUND
dav_paises_codigo_telefonico	.data_base/asgard.sql	8088	DB-TABLE-6FF49A8452F558	Physical table declared in .data_base/asgard.sql	Tabla candidata del dominio dav: Gestion aduanera, DAV/DAM, clientes, documentos, costos y procesos operativos de comercio exterior. Por su nombre agrupa entidad o catalogo legacy cuyo significado debe confirmarse por uso en codigo y datos. Tiene lecturas observadas y parece actuar como consulta, catalogo o fuente de reporte.	SEMANTIC_REVERSE_ENGINEERING_CANDIDATE	SEMANTIC_INFERENCE_REVIEW_REQUIRED	dav	DOMAIN_ENTITY_OR_LEGACY	UNKNOWN_OR_BUSINESS_DATA	UNKNOWN	1	0	USED
dav_paquetes	.data_base/asgard.sql	8103	DB-TABLE-DAEA99EADCF225	Physical table declared in .data_base/asgard.sql	Tabla candidata del dominio dav: Gestion aduanera, DAV/DAM, clientes, documentos, costos y procesos operativos de comercio exterior. Por su nombre agrupa entidad o catalogo legacy cuyo significado debe confirmarse por uso en codigo y datos. No tiene uso PHP directo en la evidencia; puede ser historica, consumida por SQL/vistas/procedimientos o estar fuera del alcance estatico.	SEMANTIC_REVERSE_ENGINEERING_CANDIDATE	SEMANTIC_INFERENCE_REVIEW_REQUIRED	dav	DOMAIN_ENTITY_OR_LEGACY	UNKNOWN_OR_BUSINESS_DATA	UNKNOWN	0	0	NO_USAGE_FOUND
dav_parametrizaciones_coordinador_oficial	.data_base/asgard.sql	8123	DB-TABLE-425091BBBC8A3E	Physical table declared in .data_base/asgard.sql	Tabla candidata del dominio dav: Gestion aduanera, DAV/DAM, clientes, documentos, costos y procesos operativos de comercio exterior. Por su nombre agrupa entidad o catalogo legacy cuyo significado debe confirmarse por uso en codigo y datos. No tiene uso PHP directo en la evidencia; puede ser historica, consumida por SQL/vistas/procedimientos o estar fuera del alcance estatico.	SEMANTIC_REVERSE_ENGINEERING_CANDIDATE	SEMANTIC_INFERENCE_REVIEW_REQUIRED	dav	DOMAIN_ENTITY_OR_LEGACY	LIKELY_PERSONAL_OR_SENSITIVE	UNKNOWN	0	0	NO_USAGE_FOUND
dav_parametro	.data_base/asgard.sql	8138	DB-TABLE-E14D24CC96A389	Physical table declared in .data_base/asgard.sql	Tabla candidata del dominio dav: Gestion aduanera, DAV/DAM, clientes, documentos, costos y procesos operativos de comercio exterior. Por su nombre agrupa parametro configurable usado por reglas de negocio. Tiene lecturas observadas y parece actuar como consulta, catalogo o fuente de reporte.	SEMANTIC_REVERSE_ENGINEERING_CANDIDATE	SEMANTIC_INFERENCE_REVIEW_REQUIRED	dav	REFERENCE_DATA	UNKNOWN_OR_BUSINESS_DATA	UNKNOWN	1	0	USED
dav_parametrosetiquetas	.data_base/asgard.sql	8159	DB-TABLE-949079366EB604	Physical table declared in .data_base/asgard.sql	Tabla candidata del dominio dav: Gestion aduanera, DAV/DAM, clientes, documentos, costos y procesos operativos de comercio exterior. Por su nombre agrupa parametros configurables usados por reglas de negocio, parametro configurable usado por reglas de negocio. No tiene uso PHP directo en la evidencia; puede ser historica, consumida por SQL/vistas/procedimientos o estar fuera del alcance estatico.	SEMANTIC_REVERSE_ENGINEERING_CANDIDATE	SEMANTIC_INFERENCE_REVIEW_REQUIRED	dav	DOMAIN_ENTITY_OR_LEGACY	UNKNOWN_OR_BUSINESS_DATA	UNKNOWN	0	0	NO_USAGE_FOUND
dav_parametrosmaqueta	.data_base/asgard.sql	8186	DB-TABLE-7D03A91A5283B4	Physical table declared in .data_base/asgard.sql	Tabla candidata del dominio dav: Gestion aduanera, DAV/DAM, clientes, documentos, costos y procesos operativos de comercio exterior. Por su nombre agrupa parametros configurables usados por reglas de negocio, parametro configurable usado por reglas de negocio. No tiene uso PHP directo en la evidencia; puede ser historica, consumida por SQL/vistas/procedimientos o estar fuera del alcance estatico.	SEMANTIC_REVERSE_ENGINEERING_CANDIDATE	SEMANTIC_INFERENCE_REVIEW_REQUIRED	dav	DOMAIN_ENTITY_OR_LEGACY	UNKNOWN_OR_BUSINESS_DATA	UNKNOWN	0	0	NO_USAGE_FOUND
dav_parametrosnotasvalor	.data_base/asgard.sql	8208	DB-TABLE-B09C14F68E34C1	Physical table declared in .data_base/asgard.sql	Tabla candidata del dominio dav: Gestion aduanera, DAV/DAM, clientes, documentos, costos y procesos operativos de comercio exterior. Por su nombre agrupa parametros configurables usados por reglas de negocio, parametro configurable usado por reglas de negocio, valor declarado, calculado o parametrico. No tiene uso PHP directo en la evidencia; puede ser historica, consumida por SQL/vistas/procedimientos o estar fuera del alcance estatico.	SEMANTIC_REVERSE_ENGINEERING_CANDIDATE	SEMANTIC_INFERENCE_REVIEW_REQUIRED	dav	DOMAIN_ENTITY_OR_LEGACY	UNKNOWN_OR_BUSINESS_DATA	UNKNOWN	0	0	NO_USAGE_FOUND
dav_parametrosnuevagestion	.data_base/asgard.sql	8227	DB-TABLE-745864FCB38F5F	Physical table declared in .data_base/asgard.sql	Tabla candidata del dominio dav: Gestion aduanera, DAV/DAM, clientes, documentos, costos y procesos operativos de comercio exterior. Por su nombre agrupa parametros configurables usados por reglas de negocio, parametro configurable usado por reglas de negocio. Tiene lecturas observadas y parece actuar como consulta, catalogo o fuente de reporte.	SEMANTIC_REVERSE_ENGINEERING_CANDIDATE	SEMANTIC_INFERENCE_REVIEW_REQUIRED	dav	DOMAIN_ENTITY_OR_LEGACY	UNKNOWN_OR_BUSINESS_DATA	UNKNOWN	1	0	USED
dav_parametrosvehiculo	.data_base/asgard.sql	8246	DB-TABLE-7BA046B7F5A0A2	Physical table declared in .data_base/asgard.sql	Tabla candidata del dominio dav: Gestion aduanera, DAV/DAM, clientes, documentos, costos y procesos operativos de comercio exterior. Por su nombre agrupa parametros configurables usados por reglas de negocio, parametro configurable usado por reglas de negocio. No tiene uso PHP directo en la evidencia; puede ser historica, consumida por SQL/vistas/procedimientos o estar fuera del alcance estatico.	SEMANTIC_REVERSE_ENGINEERING_CANDIDATE	SEMANTIC_INFERENCE_REVIEW_REQUIRED	dav	DOMAIN_ENTITY_OR_LEGACY	UNKNOWN_OR_BUSINESS_DATA	UNKNOWN	0	0	NO_USAGE_FOUND
dav_parametrosvehiculodam	.data_base/asgard.sql	8276	DB-TABLE-8CE03F0E1068CE	Physical table declared in .data_base/asgard.sql	Tabla candidata del dominio dav: Gestion aduanera, DAV/DAM, clientes, documentos, costos y procesos operativos de comercio exterior. Por su nombre agrupa parametros configurables usados por reglas de negocio, parametro configurable usado por reglas de negocio. No tiene uso PHP directo en la evidencia; puede ser historica, consumida por SQL/vistas/procedimientos o estar fuera del alcance estatico.	SEMANTIC_REVERSE_ENGINEERING_CANDIDATE	SEMANTIC_INFERENCE_REVIEW_REQUIRED	dav	DOMAIN_ENTITY_OR_LEGACY	UNKNOWN_OR_BUSINESS_DATA	UNKNOWN	0	0	NO_USAGE_FOUND
dav_partidaarancelariadam	.data_base/asgard.sql	8295	DB-TABLE-31A7945DE00A1D	Physical table declared in .data_base/asgard.sql	Tabla candidata del dominio dav: Gestion aduanera, DAV/DAM, clientes, documentos, costos y procesos operativos de comercio exterior. Por su nombre agrupa partida o linea declarativa dentro de un tramite aduanero. No tiene uso PHP directo en la evidencia; puede ser historica, consumida por SQL/vistas/procedimientos o estar fuera del alcance estatico.	SEMANTIC_REVERSE_ENGINEERING_CANDIDATE	SEMANTIC_INFERENCE_REVIEW_REQUIRED	dav	DOMAIN_ENTITY_OR_LEGACY	UNKNOWN_OR_BUSINESS_DATA	UNKNOWN	0	0	NO_USAGE_FOUND
dav_partidaarancelariadam_copy1	.data_base/asgard.sql	8306	DB-TABLE-695C9EF4F0F3FB	Physical table declared in .data_base/asgard.sql	Tabla candidata del dominio dav: Gestion aduanera, DAV/DAM, clientes, documentos, costos y procesos operativos de comercio exterior. Por su nombre agrupa partida o linea declarativa dentro de un tramite aduanero. No tiene uso PHP directo en la evidencia; puede ser historica, consumida por SQL/vistas/procedimientos o estar fuera del alcance estatico.	SEMANTIC_REVERSE_ENGINEERING_CANDIDATE	SEMANTIC_INFERENCE_REVIEW_REQUIRED	dav	DOMAIN_ENTITY_OR_LEGACY	UNKNOWN_OR_BUSINESS_DATA	UNKNOWN	0	0	NO_USAGE_FOUND
dav_partidas	.data_base/asgard.sql	8317	DB-TABLE-61C65237D23209	Physical table declared in .data_base/asgard.sql	Tabla candidata del dominio dav: Gestion aduanera, DAV/DAM, clientes, documentos, costos y procesos operativos de comercio exterior. Por su nombre agrupa partidas o lineas declarativas dentro de un tramite aduanero, partida o linea declarativa dentro de un tramite aduanero. Tiene lecturas observadas y parece actuar como consulta, catalogo o fuente de reporte.	SEMANTIC_REVERSE_ENGINEERING_CANDIDATE	SEMANTIC_INFERENCE_REVIEW_REQUIRED	dav	DOMAIN_ENTITY_OR_LEGACY	UNKNOWN_OR_BUSINESS_DATA	UNKNOWN	13	0	USED
dav_partidas_decretos	.data_base/asgard.sql	8625	DB-TABLE-1B12C08B2355D5	Physical table declared in .data_base/asgard.sql	Tabla candidata del dominio dav: Gestion aduanera, DAV/DAM, clientes, documentos, costos y procesos operativos de comercio exterior. Por su nombre agrupa partidas o lineas declarativas dentro de un tramite aduanero, partida o linea declarativa dentro de un tramite aduanero. No tiene uso PHP directo en la evidencia; puede ser historica, consumida por SQL/vistas/procedimientos o estar fuera del alcance estatico.	SEMANTIC_REVERSE_ENGINEERING_CANDIDATE	SEMANTIC_INFERENCE_REVIEW_REQUIRED	dav	DOMAIN_ENTITY_OR_LEGACY	UNKNOWN_OR_BUSINESS_DATA	UNKNOWN	0	0	NO_USAGE_FOUND
dav_pendientes	.data_base/asgard.sql	8643	DB-TABLE-9882B259B9397B	Physical table declared in .data_base/asgard.sql	Tabla candidata del dominio dav: Gestion aduanera, DAV/DAM, clientes, documentos, costos y procesos operativos de comercio exterior. Por su nombre agrupa entidad o catalogo legacy cuyo significado debe confirmarse por uso en codigo y datos. No tiene uso PHP directo en la evidencia; puede ser historica, consumida por SQL/vistas/procedimientos o estar fuera del alcance estatico.	SEMANTIC_REVERSE_ENGINEERING_CANDIDATE	SEMANTIC_INFERENCE_REVIEW_REQUIRED	dav	DOMAIN_ENTITY_OR_LEGACY	UNKNOWN_OR_BUSINESS_DATA	UNKNOWN	0	0	NO_USAGE_FOUND
dav_pendientes_nivel_2	.data_base/asgard.sql	8657	DB-TABLE-F7CBC012D78BA8	Physical table declared in .data_base/asgard.sql	Tabla candidata del dominio dav: Gestion aduanera, DAV/DAM, clientes, documentos, costos y procesos operativos de comercio exterior. Por su nombre agrupa entidad o catalogo legacy cuyo significado debe confirmarse por uso en codigo y datos. No tiene uso PHP directo en la evidencia; puede ser historica, consumida por SQL/vistas/procedimientos o estar fuera del alcance estatico.	SEMANTIC_REVERSE_ENGINEERING_CANDIDATE	SEMANTIC_INFERENCE_REVIEW_REQUIRED	dav	DOMAIN_ENTITY_OR_LEGACY	UNKNOWN_OR_BUSINESS_DATA	UNKNOWN	0	0	NO_USAGE_FOUND
dav_pendientes_nivel_3	.data_base/asgard.sql	8673	DB-TABLE-603A75BEFB8BC5	Physical table declared in .data_base/asgard.sql	Tabla candidata del dominio dav: Gestion aduanera, DAV/DAM, clientes, documentos, costos y procesos operativos de comercio exterior. Por su nombre agrupa entidad o catalogo legacy cuyo significado debe confirmarse por uso en codigo y datos. No tiene uso PHP directo en la evidencia; puede ser historica, consumida por SQL/vistas/procedimientos o estar fuera del alcance estatico.	SEMANTIC_REVERSE_ENGINEERING_CANDIDATE	SEMANTIC_INFERENCE_REVIEW_REQUIRED	dav	DOMAIN_ENTITY_OR_LEGACY	UNKNOWN_OR_BUSINESS_DATA	UNKNOWN	0	0	NO_USAGE_FOUND
dav_pendientestipousuario	.data_base/asgard.sql	8689	DB-TABLE-DFAEFF64ECFC36	Physical table declared in .data_base/asgard.sql	Tabla candidata del dominio dav: Gestion aduanera, DAV/DAM, clientes, documentos, costos y procesos operativos de comercio exterior. Por su nombre agrupa tipo/clasificador que parametriza la regla o pantalla. No tiene uso PHP directo en la evidencia; puede ser historica, consumida por SQL/vistas/procedimientos o estar fuera del alcance estatico.	SEMANTIC_REVERSE_ENGINEERING_CANDIDATE	SEMANTIC_INFERENCE_REVIEW_REQUIRED	dav	DOMAIN_ENTITY_OR_LEGACY	LIKELY_PERSONAL_OR_SENSITIVE	UNKNOWN	0	0	NO_USAGE_FOUND
dav_permisos	.data_base/asgard.sql	8700	DB-TABLE-B555C3990A33B0	Physical table declared in .data_base/asgard.sql	Tabla candidata del dominio dav: Gestion aduanera, DAV/DAM, clientes, documentos, costos y procesos operativos de comercio exterior. Por su nombre agrupa entidad o catalogo legacy cuyo significado debe confirmarse por uso en codigo y datos. No tiene uso PHP directo en la evidencia; puede ser historica, consumida por SQL/vistas/procedimientos o estar fuera del alcance estatico.	SEMANTIC_REVERSE_ENGINEERING_CANDIDATE	SEMANTIC_INFERENCE_REVIEW_REQUIRED	dav	DOMAIN_ENTITY_OR_LEGACY	UNKNOWN_OR_BUSINESS_DATA	UNKNOWN	0	0	NO_USAGE_FOUND
dav_planillasdp	.data_base/asgard.sql	8718	DB-TABLE-829D606101C457	Physical table declared in .data_base/asgard.sql	Tabla candidata del dominio dav: Gestion aduanera, DAV/DAM, clientes, documentos, costos y procesos operativos de comercio exterior. Por su nombre agrupa planilla o documento operativo/financiero generado. No tiene uso PHP directo en la evidencia; puede ser historica, consumida por SQL/vistas/procedimientos o estar fuera del alcance estatico.	SEMANTIC_REVERSE_ENGINEERING_CANDIDATE	SEMANTIC_INFERENCE_REVIEW_REQUIRED	dav	DOMAIN_ENTITY_OR_LEGACY	UNKNOWN_OR_BUSINESS_DATA	UNKNOWN	0	0	NO_USAGE_FOUND
dav_plantillasedp	.data_base/asgard.sql	8738	DB-TABLE-6F9CBA76ACF27A	Physical table declared in .data_base/asgard.sql	Tabla candidata del dominio dav: Gestion aduanera, DAV/DAM, clientes, documentos, costos y procesos operativos de comercio exterior. Por su nombre agrupa entidad o catalogo legacy cuyo significado debe confirmarse por uso en codigo y datos. No tiene uso PHP directo en la evidencia; puede ser historica, consumida por SQL/vistas/procedimientos o estar fuera del alcance estatico.	SEMANTIC_REVERSE_ENGINEERING_CANDIDATE	SEMANTIC_INFERENCE_REVIEW_REQUIRED	dav	DOMAIN_ENTITY_OR_LEGACY	UNKNOWN_OR_BUSINESS_DATA	UNKNOWN	0	0	NO_USAGE_FOUND
dav_prestamoarchivo	.data_base/asgard.sql	8749	DB-TABLE-F6E26850ADAE0A	Physical table declared in .data_base/asgard.sql	Tabla candidata del dominio dav: Gestion aduanera, DAV/DAM, clientes, documentos, costos y procesos operativos de comercio exterior. Por su nombre agrupa entidad o catalogo legacy cuyo significado debe confirmarse por uso en codigo y datos. Tiene lecturas observadas y parece actuar como consulta, catalogo o fuente de reporte.	SEMANTIC_REVERSE_ENGINEERING_CANDIDATE	SEMANTIC_INFERENCE_REVIEW_REQUIRED	dav	DOMAIN_ENTITY_OR_LEGACY	UNKNOWN_OR_BUSINESS_DATA	UNKNOWN	1	0	USED
dav_proceso	.data_base/asgard.sql	8772	DB-TABLE-629D026C875C36	Physical table declared in .data_base/asgard.sql	Tabla candidata del dominio dav: Gestion aduanera, DAV/DAM, clientes, documentos, costos y procesos operativos de comercio exterior. Por su nombre agrupa entidad o catalogo legacy cuyo significado debe confirmarse por uso en codigo y datos. No tiene uso PHP directo en la evidencia; puede ser historica, consumida por SQL/vistas/procedimientos o estar fuera del alcance estatico.	SEMANTIC_REVERSE_ENGINEERING_CANDIDATE	SEMANTIC_INFERENCE_REVIEW_REQUIRED	dav	DOMAIN_ENTITY_OR_LEGACY	UNKNOWN_OR_BUSINESS_DATA	UNKNOWN	0	0	NO_USAGE_FOUND
dav_producto	.data_base/asgard.sql	8782	DB-TABLE-23ACDCBCB9AFA9	Physical table declared in .data_base/asgard.sql	Tabla candidata del dominio dav: Gestion aduanera, DAV/DAM, clientes, documentos, costos y procesos operativos de comercio exterior. Por su nombre agrupa entidad o catalogo legacy cuyo significado debe confirmarse por uso en codigo y datos. Tiene lecturas observadas y parece actuar como consulta, catalogo o fuente de reporte.	SEMANTIC_REVERSE_ENGINEERING_CANDIDATE	SEMANTIC_INFERENCE_REVIEW_REQUIRED	dav	DOMAIN_ENTITY_OR_LEGACY	UNKNOWN_OR_BUSINESS_DATA	UNKNOWN	1	0	USED
dav_productosproveedor	.data_base/asgard.sql	8794	DB-TABLE-2C127648E3A14D	Physical table declared in .data_base/asgard.sql	Tabla candidata del dominio dav: Gestion aduanera, DAV/DAM, clientes, documentos, costos y procesos operativos de comercio exterior. Por su nombre agrupa proveedor o tercero participante en el proceso. Tiene lecturas observadas y parece actuar como consulta, catalogo o fuente de reporte.	SEMANTIC_REVERSE_ENGINEERING_CANDIDATE	SEMANTIC_INFERENCE_REVIEW_REQUIRED	dav	DOMAIN_ENTITY_OR_LEGACY	UNKNOWN_OR_BUSINESS_DATA	UNKNOWN	4	0	USED
dav_productosproveedor_copy	.data_base/asgard.sql	8916	DB-TABLE-05C5EA7A9E7C8A	Physical table declared in .data_base/asgard.sql	Tabla candidata del dominio dav: Gestion aduanera, DAV/DAM, clientes, documentos, costos y procesos operativos de comercio exterior. Por su nombre agrupa proveedor o tercero participante en el proceso. No tiene uso PHP directo en la evidencia; puede ser historica, consumida por SQL/vistas/procedimientos o estar fuera del alcance estatico.	SEMANTIC_REVERSE_ENGINEERING_CANDIDATE	SEMANTIC_INFERENCE_REVIEW_REQUIRED	dav	DOMAIN_ENTITY_OR_LEGACY	UNKNOWN_OR_BUSINESS_DATA	UNKNOWN	0	0	NO_USAGE_FOUND
dav_productosproveedordocumento	.data_base/asgard.sql	8988	DB-TABLE-D3B3DAA38A9301	Physical table declared in .data_base/asgard.sql	Tabla candidata del dominio dav: Gestion aduanera, DAV/DAM, clientes, documentos, costos y procesos operativos de comercio exterior. Por su nombre agrupa proveedor o tercero participante en el proceso, documento o soporte asociado al expediente. No tiene uso PHP directo en la evidencia; puede ser historica, consumida por SQL/vistas/procedimientos o estar fuera del alcance estatico.	SEMANTIC_REVERSE_ENGINEERING_CANDIDATE	SEMANTIC_INFERENCE_REVIEW_REQUIRED	dav	DOMAIN_ENTITY_OR_LEGACY	UNKNOWN_OR_BUSINESS_DATA	UNKNOWN	0	0	NO_USAGE_FOUND
dav_programaoea	.data_base/asgard.sql	8999	DB-TABLE-E5F28E88A7A952	Physical table declared in .data_base/asgard.sql	Tabla candidata del dominio dav: Gestion aduanera, DAV/DAM, clientes, documentos, costos y procesos operativos de comercio exterior. Por su nombre agrupa entidad o catalogo legacy cuyo significado debe confirmarse por uso en codigo y datos. No tiene uso PHP directo en la evidencia; puede ser historica, consumida por SQL/vistas/procedimientos o estar fuera del alcance estatico.	SEMANTIC_REVERSE_ENGINEERING_CANDIDATE	SEMANTIC_INFERENCE_REVIEW_REQUIRED	dav	DOMAIN_ENTITY_OR_LEGACY	UNKNOWN_OR_BUSINESS_DATA	UNKNOWN	0	0	NO_USAGE_FOUND
dav_proveedor	.data_base/asgard.sql	9016	DB-TABLE-2E42831301C940	Physical table declared in .data_base/asgard.sql	Tabla candidata del dominio dav: Gestion aduanera, DAV/DAM, clientes, documentos, costos y procesos operativos de comercio exterior. Por su nombre agrupa proveedor o tercero participante en el proceso. Tiene lectura y escritura observada, por lo que probablemente participa en un flujo transaccional activo.	SEMANTIC_REVERSE_ENGINEERING_CANDIDATE	SEMANTIC_INFERENCE_REVIEW_REQUIRED	dav	DOMAIN_ENTITY_OR_LEGACY	UNKNOWN_OR_BUSINESS_DATA	UNKNOWN	19	2	USED
dav_proveedor_modificaciones	.data_base/asgard.sql	9065	DB-TABLE-15A4D8540C6B73	Physical table declared in .data_base/asgard.sql	Tabla candidata del dominio dav: Gestion aduanera, DAV/DAM, clientes, documentos, costos y procesos operativos de comercio exterior. Por su nombre agrupa proveedor o tercero participante en el proceso. Tiene escrituras observadas sin lecturas directas en la evidencia disponible; revisar si es staging, log o tabla consumida indirectamente.	SEMANTIC_REVERSE_ENGINEERING_CANDIDATE	SEMANTIC_INFERENCE_REVIEW_REQUIRED	dav	DOMAIN_ENTITY_OR_LEGACY	LIKELY_PERSONAL_OR_SENSITIVE	UNKNOWN	0	2	USED
dav_proveedorcontactos	.data_base/asgard.sql	9081	DB-TABLE-1F32179F6F0FDB	Physical table declared in .data_base/asgard.sql	Tabla candidata del dominio dav: Gestion aduanera, DAV/DAM, clientes, documentos, costos y procesos operativos de comercio exterior. Por su nombre agrupa proveedor o tercero participante en el proceso, personas de contacto y sus datos de comunicacion, persona de contacto y sus datos de comunicacion. Tiene lectura y escritura observada, por lo que probablemente participa en un flujo transaccional activo.	SEMANTIC_REVERSE_ENGINEERING_CANDIDATE	SEMANTIC_INFERENCE_REVIEW_REQUIRED	dav	DOMAIN_ENTITY_OR_LEGACY	LIKELY_PERSONAL_OR_SENSITIVE	UNKNOWN	3	2	USED
dav_proveedorcoordinador	.data_base/asgard.sql	9102	DB-TABLE-A3079454BE13E5	Physical table declared in .data_base/asgard.sql	Tabla candidata del dominio dav: Gestion aduanera, DAV/DAM, clientes, documentos, costos y procesos operativos de comercio exterior. Por su nombre agrupa proveedor o tercero participante en el proceso. Tiene lecturas observadas y parece actuar como consulta, catalogo o fuente de reporte.	SEMANTIC_REVERSE_ENGINEERING_CANDIDATE	SEMANTIC_INFERENCE_REVIEW_REQUIRED	dav	DOMAIN_ENTITY_OR_LEGACY	UNKNOWN_OR_BUSINESS_DATA	UNKNOWN	9	0	USED
dav_proveedordocumentos	.data_base/asgard.sql	9119	DB-TABLE-CF81EEB53F95F2	Physical table declared in .data_base/asgard.sql	Tabla candidata del dominio dav: Gestion aduanera, DAV/DAM, clientes, documentos, costos y procesos operativos de comercio exterior. Por su nombre agrupa documentos o soportes asociados al expediente, proveedor o tercero participante en el proceso, documento o soporte asociado al expediente. Tiene lectura y escritura observada, por lo que probablemente participa en un flujo transaccional activo.	SEMANTIC_REVERSE_ENGINEERING_CANDIDATE	SEMANTIC_INFERENCE_REVIEW_REQUIRED	dav	DOMAIN_ENTITY_OR_LEGACY	UNKNOWN_OR_BUSINESS_DATA	UNKNOWN	2	2	USED
dav_proveedortipocontactos	.data_base/asgard.sql	9135	DB-TABLE-F2BDB7B2FC9B1F	Physical table declared in .data_base/asgard.sql	Tabla candidata del dominio dav: Gestion aduanera, DAV/DAM, clientes, documentos, costos y procesos operativos de comercio exterior. Por su nombre agrupa proveedor o tercero participante en el proceso, personas de contacto y sus datos de comunicacion, persona de contacto y sus datos de comunicacion, tipo/clasificador que parametriza la regla o pantalla. Tiene lecturas observadas y parece actuar como consulta, catalogo o fuente de reporte.	SEMANTIC_REVERSE_ENGINEERING_CANDIDATE	SEMANTIC_INFERENCE_REVIEW_REQUIRED	dav	DOMAIN_ENTITY_OR_LEGACY	LIKELY_PERSONAL_OR_SENSITIVE	UNKNOWN	2	0	USED
dav_provincia	.data_base/asgard.sql	9145	DB-TABLE-B79BBD13DE50B5	Physical table declared in .data_base/asgard.sql	Tabla candidata del dominio dav: Gestion aduanera, DAV/DAM, clientes, documentos, costos y procesos operativos de comercio exterior. Por su nombre agrupa entidad o catalogo legacy cuyo significado debe confirmarse por uso en codigo y datos. No tiene uso PHP directo en la evidencia; puede ser historica, consumida por SQL/vistas/procedimientos o estar fuera del alcance estatico.	SEMANTIC_REVERSE_ENGINEERING_CANDIDATE	SEMANTIC_INFERENCE_REVIEW_REQUIRED	dav	DOMAIN_ENTITY_OR_LEGACY	LIKELY_PERSONAL_OR_SENSITIVE	UNKNOWN	0	0	NO_USAGE_FOUND
dav_puerto	.data_base/asgard.sql	9158	DB-TABLE-07250E7C805B6D	Physical table declared in .data_base/asgard.sql	Tabla candidata del dominio dav: Gestion aduanera, DAV/DAM, clientes, documentos, costos y procesos operativos de comercio exterior. Por su nombre agrupa puerto usado como origen, destino o referencia logistica. Tiene lecturas observadas y parece actuar como consulta, catalogo o fuente de reporte.	SEMANTIC_REVERSE_ENGINEERING_CANDIDATE	SEMANTIC_INFERENCE_REVIEW_REQUIRED	dav	DOMAIN_ENTITY_OR_LEGACY	UNKNOWN_OR_BUSINESS_DATA	UNKNOWN	6	0	USED
dav_rating	.data_base/asgard.sql	9173	DB-TABLE-B6610152C472B3	Physical table declared in .data_base/asgard.sql	Tabla candidata del dominio dav: Gestion aduanera, DAV/DAM, clientes, documentos, costos y procesos operativos de comercio exterior. Por su nombre agrupa entidad o catalogo legacy cuyo significado debe confirmarse por uso en codigo y datos. Tiene lectura y escritura observada, por lo que probablemente participa en un flujo transaccional activo.	SEMANTIC_REVERSE_ENGINEERING_CANDIDATE	SEMANTIC_INFERENCE_REVIEW_REQUIRED	dav	DOMAIN_ENTITY_OR_LEGACY	UNKNOWN_OR_BUSINESS_DATA	UNKNOWN	1	1	USED
dav_reasignacionoficial	.data_base/asgard.sql	9195	DB-TABLE-15873795DB601B	Physical table declared in .data_base/asgard.sql	Tabla candidata del dominio dav: Gestion aduanera, DAV/DAM, clientes, documentos, costos y procesos operativos de comercio exterior. Por su nombre agrupa entidad o catalogo legacy cuyo significado debe confirmarse por uso en codigo y datos. Tiene lecturas observadas y parece actuar como consulta, catalogo o fuente de reporte.	SEMANTIC_REVERSE_ENGINEERING_CANDIDATE	SEMANTIC_INFERENCE_REVIEW_REQUIRED	dav	DOMAIN_ENTITY_OR_LEGACY	LIKELY_PERSONAL_OR_SENSITIVE	UNKNOWN	1	0	USED
dav_recibopagos	.data_base/asgard.sql	9211	DB-TABLE-F5A5B8CFEA425C	Physical table declared in .data_base/asgard.sql	Tabla candidata del dominio dav: Gestion aduanera, DAV/DAM, clientes, documentos, costos y procesos operativos de comercio exterior. Por su nombre agrupa pagos o movimientos economicos, pago o movimiento economico. No tiene uso PHP directo en la evidencia; puede ser historica, consumida por SQL/vistas/procedimientos o estar fuera del alcance estatico.	SEMANTIC_REVERSE_ENGINEERING_CANDIDATE	SEMANTIC_INFERENCE_REVIEW_REQUIRED	dav	DOMAIN_ENTITY_OR_LEGACY	LIKELY_PERSONAL_OR_SENSITIVE	UNKNOWN	0	0	NO_USAGE_FOUND
dav_regimen	.data_base/asgard.sql	9223	DB-TABLE-DF4E7B16B84300	Physical table declared in .data_base/asgard.sql	Tabla candidata del dominio dav: Gestion aduanera, DAV/DAM, clientes, documentos, costos y procesos operativos de comercio exterior. Por su nombre agrupa entidad o catalogo legacy cuyo significado debe confirmarse por uso en codigo y datos. Tiene lecturas observadas y parece actuar como consulta, catalogo o fuente de reporte.	SEMANTIC_REVERSE_ENGINEERING_CANDIDATE	SEMANTIC_INFERENCE_REVIEW_REQUIRED	dav	DOMAIN_ENTITY_OR_LEGACY	UNKNOWN_OR_BUSINESS_DATA	UNKNOWN	8	0	USED
dav_regimenaduanero	.data_base/asgard.sql	9241	DB-TABLE-C63BFF932C3B90	Physical table declared in .data_base/asgard.sql	Tabla candidata del dominio dav: Gestion aduanera, DAV/DAM, clientes, documentos, costos y procesos operativos de comercio exterior. Por su nombre agrupa entidad o catalogo legacy cuyo significado debe confirmarse por uso en codigo y datos. No tiene uso PHP directo en la evidencia; puede ser historica, consumida por SQL/vistas/procedimientos o estar fuera del alcance estatico.	SEMANTIC_REVERSE_ENGINEERING_CANDIDATE	SEMANTIC_INFERENCE_REVIEW_REQUIRED	dav	DOMAIN_ENTITY_OR_LEGACY	UNKNOWN_OR_BUSINESS_DATA	UNKNOWN	0	0	NO_USAGE_FOUND
dav_regimenextendido	.data_base/asgard.sql	9252	DB-TABLE-36524D7C8C7537	Physical table declared in .data_base/asgard.sql	Tabla candidata del dominio dav: Gestion aduanera, DAV/DAM, clientes, documentos, costos y procesos operativos de comercio exterior. Por su nombre agrupa entidad o catalogo legacy cuyo significado debe confirmarse por uso en codigo y datos. No tiene uso PHP directo en la evidencia; puede ser historica, consumida por SQL/vistas/procedimientos o estar fuera del alcance estatico.	SEMANTIC_REVERSE_ENGINEERING_CANDIDATE	SEMANTIC_INFERENCE_REVIEW_REQUIRED	dav	DOMAIN_ENTITY_OR_LEGACY	UNKNOWN_OR_BUSINESS_DATA	UNKNOWN	0	0	NO_USAGE_FOUND
dav_regimennacional	.data_base/asgard.sql	9264	DB-TABLE-04D876F7B56D26	Physical table declared in .data_base/asgard.sql	Tabla candidata del dominio dav: Gestion aduanera, DAV/DAM, clientes, documentos, costos y procesos operativos de comercio exterior. Por su nombre agrupa entidad o catalogo legacy cuyo significado debe confirmarse por uso en codigo y datos. Tiene lecturas observadas y parece actuar como consulta, catalogo o fuente de reporte.	SEMANTIC_REVERSE_ENGINEERING_CANDIDATE	SEMANTIC_INFERENCE_REVIEW_REQUIRED	dav	DOMAIN_ENTITY_OR_LEGACY	LIKELY_PERSONAL_OR_SENSITIVE	UNKNOWN	1	0	USED
dav_regimennacionalregimenextendido	.data_base/asgard.sql	9276	DB-TABLE-CCC34DAF80FFDD	Physical table declared in .data_base/asgard.sql	Tabla candidata del dominio dav: Gestion aduanera, DAV/DAM, clientes, documentos, costos y procesos operativos de comercio exterior. Por su nombre agrupa entidad o catalogo legacy cuyo significado debe confirmarse por uso en codigo y datos. No tiene uso PHP directo en la evidencia; puede ser historica, consumida por SQL/vistas/procedimientos o estar fuera del alcance estatico.	SEMANTIC_REVERSE_ENGINEERING_CANDIDATE	SEMANTIC_INFERENCE_REVIEW_REQUIRED	dav	DOMAIN_ENTITY_OR_LEGACY	LIKELY_PERSONAL_OR_SENSITIVE	UNKNOWN	0	0	NO_USAGE_FOUND
dav_regimenposterior	.data_base/asgard.sql	9287	DB-TABLE-89735991F45677	Physical table declared in .data_base/asgard.sql	Tabla candidata del dominio dav: Gestion aduanera, DAV/DAM, clientes, documentos, costos y procesos operativos de comercio exterior. Por su nombre agrupa entidad o catalogo legacy cuyo significado debe confirmarse por uso en codigo y datos. No tiene uso PHP directo en la evidencia; puede ser historica, consumida por SQL/vistas/procedimientos o estar fuera del alcance estatico.	SEMANTIC_REVERSE_ENGINEERING_CANDIDATE	SEMANTIC_INFERENCE_REVIEW_REQUIRED	dav	DOMAIN_ENTITY_OR_LEGACY	UNKNOWN_OR_BUSINESS_DATA	UNKNOWN	0	0	NO_USAGE_FOUND
dav_regimenregimennacional	.data_base/asgard.sql	9298	DB-TABLE-9D7F0AD52E984F	Physical table declared in .data_base/asgard.sql	Tabla candidata del dominio dav: Gestion aduanera, DAV/DAM, clientes, documentos, costos y procesos operativos de comercio exterior. Por su nombre agrupa entidad o catalogo legacy cuyo significado debe confirmarse por uso en codigo y datos. No tiene uso PHP directo en la evidencia; puede ser historica, consumida por SQL/vistas/procedimientos o estar fuera del alcance estatico.	SEMANTIC_REVERSE_ENGINEERING_CANDIDATE	SEMANTIC_INFERENCE_REVIEW_REQUIRED	dav	DOMAIN_ENTITY_OR_LEGACY	LIKELY_PERSONAL_OR_SENSITIVE	UNKNOWN	0	0	NO_USAGE_FOUND
dav_region	.data_base/asgard.sql	9309	DB-TABLE-89EF4AA234E20A	Physical table declared in .data_base/asgard.sql	Tabla candidata del dominio dav: Gestion aduanera, DAV/DAM, clientes, documentos, costos y procesos operativos de comercio exterior. Por su nombre agrupa entidad o catalogo legacy cuyo significado debe confirmarse por uso en codigo y datos. Tiene lecturas observadas y parece actuar como consulta, catalogo o fuente de reporte.	SEMANTIC_REVERSE_ENGINEERING_CANDIDATE	SEMANTIC_INFERENCE_REVIEW_REQUIRED	dav	DOMAIN_ENTITY_OR_LEGACY	UNKNOWN_OR_BUSINESS_DATA	UNKNOWN	3	0	USED
dav_repeticion_estado	.data_base/asgard.sql	9325	DB-TABLE-5F3A13FBDF2DBB	Physical table declared in .data_base/asgard.sql	Tabla candidata del dominio dav: Gestion aduanera, DAV/DAM, clientes, documentos, costos y procesos operativos de comercio exterior. Por su nombre agrupa estado de ciclo de vida o clasificacion operacional. No tiene uso PHP directo en la evidencia; puede ser historica, consumida por SQL/vistas/procedimientos o estar fuera del alcance estatico.	SEMANTIC_REVERSE_ENGINEERING_CANDIDATE	SEMANTIC_INFERENCE_REVIEW_REQUIRED	dav	CATALOG_STATE	LIKELY_PERSONAL_OR_SENSITIVE	UNKNOWN	0	0	NO_USAGE_FOUND
dav_reporte	.data_base/asgard.sql	9336	DB-TABLE-56B88D760BF694	Physical table declared in .data_base/asgard.sql	Tabla candidata del dominio dav: Gestion aduanera, DAV/DAM, clientes, documentos, costos y procesos operativos de comercio exterior. Por su nombre agrupa reporte, salida agregada o consulta de gestion. No tiene uso PHP directo en la evidencia; puede ser historica, consumida por SQL/vistas/procedimientos o estar fuera del alcance estatico.	SEMANTIC_REVERSE_ENGINEERING_CANDIDATE	SEMANTIC_INFERENCE_REVIEW_REQUIRED	dav	DOMAIN_ENTITY_OR_LEGACY	UNKNOWN_OR_BUSINESS_DATA	UNKNOWN	0	0	NO_USAGE_FOUND
dav_reporte_conciliacion	.data_base/asgard.sql	9347	DB-TABLE-913FEB4A93381F	Physical table declared in .data_base/asgard.sql	Tabla candidata del dominio dav: Gestion aduanera, DAV/DAM, clientes, documentos, costos y procesos operativos de comercio exterior. Por su nombre agrupa reporte, salida agregada o consulta de gestion, conciliacion financiera u operativa. No tiene uso PHP directo en la evidencia; puede ser historica, consumida por SQL/vistas/procedimientos o estar fuera del alcance estatico.	SEMANTIC_REVERSE_ENGINEERING_CANDIDATE	SEMANTIC_INFERENCE_REVIEW_REQUIRED	dav	DOMAIN_ENTITY_OR_LEGACY	LIKELY_PERSONAL_OR_SENSITIVE	UNKNOWN	0	0	NO_USAGE_FOUND
dav_reporte_conciliacion_detalle	.data_base/asgard.sql	9369	DB-TABLE-056BB939C05284	Physical table declared in .data_base/asgard.sql	Tabla candidata del dominio dav: Gestion aduanera, DAV/DAM, clientes, documentos, costos y procesos operativos de comercio exterior. Por su nombre agrupa reporte, salida agregada o consulta de gestion, conciliacion financiera u operativa. No tiene uso PHP directo en la evidencia; puede ser historica, consumida por SQL/vistas/procedimientos o estar fuera del alcance estatico.	SEMANTIC_REVERSE_ENGINEERING_CANDIDATE	SEMANTIC_INFERENCE_REVIEW_REQUIRED	dav	DOMAIN_ENTITY_OR_LEGACY	LIKELY_PERSONAL_OR_SENSITIVE	UNKNOWN	0	0	NO_USAGE_FOUND
dav_reporte_detalles_transportistas_iasa	.data_base/asgard.sql	9391	DB-TABLE-246F1B4ADF6097	Physical table declared in .data_base/asgard.sql	Tabla candidata del dominio dav: Gestion aduanera, DAV/DAM, clientes, documentos, costos y procesos operativos de comercio exterior. Por su nombre agrupa reporte, salida agregada o consulta de gestion. Tiene lectura y escritura observada, por lo que probablemente participa en un flujo transaccional activo.	SEMANTIC_REVERSE_ENGINEERING_CANDIDATE	SEMANTIC_INFERENCE_REVIEW_REQUIRED	dav	DOMAIN_ENTITY_OR_LEGACY	UNKNOWN_OR_BUSINESS_DATA	UNKNOWN	1	1	USED
dav_reporte_recepcion_scp	.data_base/asgard.sql	9434	DB-TABLE-8A480613FB4249	Physical table declared in .data_base/asgard.sql	Tabla candidata del dominio dav: Gestion aduanera, DAV/DAM, clientes, documentos, costos y procesos operativos de comercio exterior. Por su nombre agrupa reporte, salida agregada o consulta de gestion. Tiene lecturas observadas y parece actuar como consulta, catalogo o fuente de reporte.	SEMANTIC_REVERSE_ENGINEERING_CANDIDATE	SEMANTIC_INFERENCE_REVIEW_REQUIRED	dav	DOMAIN_ENTITY_OR_LEGACY	LIKELY_PERSONAL_OR_SENSITIVE	UNKNOWN	1	0	USED
dav_reporte_transportistas_iasa	.data_base/asgard.sql	9468	DB-TABLE-6CA2623287C29C	Physical table declared in .data_base/asgard.sql	Tabla candidata del dominio dav: Gestion aduanera, DAV/DAM, clientes, documentos, costos y procesos operativos de comercio exterior. Por su nombre agrupa reporte, salida agregada o consulta de gestion. Tiene lectura y escritura observada, por lo que probablemente participa en un flujo transaccional activo.	SEMANTIC_REVERSE_ENGINEERING_CANDIDATE	SEMANTIC_INFERENCE_REVIEW_REQUIRED	dav	DOMAIN_ENTITY_OR_LEGACY	UNKNOWN_OR_BUSINESS_DATA	UNKNOWN	1	1	USED
dav_reportes	.data_base/asgard.sql	9521	DB-TABLE-1F0417B0F2A42B	Physical table declared in .data_base/asgard.sql	Tabla candidata del dominio dav: Gestion aduanera, DAV/DAM, clientes, documentos, costos y procesos operativos de comercio exterior. Por su nombre agrupa reportes, salidas agregadas o consultas de gestion, reporte, salida agregada o consulta de gestion. No tiene uso PHP directo en la evidencia; puede ser historica, consumida por SQL/vistas/procedimientos o estar fuera del alcance estatico.	SEMANTIC_REVERSE_ENGINEERING_CANDIDATE	SEMANTIC_INFERENCE_REVIEW_REQUIRED	dav	DOMAIN_ENTITY_OR_LEGACY	UNKNOWN_OR_BUSINESS_DATA	UNKNOWN	0	0	NO_USAGE_FOUND
dav_reportescliente	.data_base/asgard.sql	9535	DB-TABLE-A4F0808588148B	Physical table declared in .data_base/asgard.sql	Tabla candidata del dominio dav: Gestion aduanera, DAV/DAM, clientes, documentos, costos y procesos operativos de comercio exterior. Por su nombre agrupa reportes, salidas agregadas o consultas de gestion, cliente/tenant propietario de la operacion o filtro de visibilidad, reporte, salida agregada o consulta de gestion. Tiene lecturas observadas y parece actuar como consulta, catalogo o fuente de reporte.	SEMANTIC_REVERSE_ENGINEERING_CANDIDATE	SEMANTIC_INFERENCE_REVIEW_REQUIRED	dav	DOMAIN_ENTITY_OR_LEGACY	UNKNOWN_OR_BUSINESS_DATA	UNKNOWN	5	0	USED
dav_reportescliente_bi_ai	.data_base/asgard.sql	9555	DB-TABLE-A377B8B39B6D75	Physical table declared in .data_base/asgard.sql	Tabla candidata del dominio dav: Gestion aduanera, DAV/DAM, clientes, documentos, costos y procesos operativos de comercio exterior. Por su nombre agrupa reportes, salidas agregadas o consultas de gestion, cliente/tenant propietario de la operacion o filtro de visibilidad, reporte, salida agregada o consulta de gestion. No tiene uso PHP directo en la evidencia; puede ser historica, consumida por SQL/vistas/procedimientos o estar fuera del alcance estatico.	SEMANTIC_REVERSE_ENGINEERING_CANDIDATE	SEMANTIC_INFERENCE_REVIEW_REQUIRED	dav	DOMAIN_ENTITY_OR_LEGACY	UNKNOWN_OR_BUSINESS_DATA	UNKNOWN	0	0	NO_USAGE_FOUND
dav_reportesgenerados	.data_base/asgard.sql	9569	DB-TABLE-E0E272796378D4	Physical table declared in .data_base/asgard.sql	Tabla candidata del dominio dav: Gestion aduanera, DAV/DAM, clientes, documentos, costos y procesos operativos de comercio exterior. Por su nombre agrupa reportes, salidas agregadas o consultas de gestion, reporte, salida agregada o consulta de gestion. No tiene uso PHP directo en la evidencia; puede ser historica, consumida por SQL/vistas/procedimientos o estar fuera del alcance estatico.	SEMANTIC_REVERSE_ENGINEERING_CANDIDATE	SEMANTIC_INFERENCE_REVIEW_REQUIRED	dav	DOMAIN_ENTITY_OR_LEGACY	UNKNOWN_OR_BUSINESS_DATA	UNKNOWN	0	0	NO_USAGE_FOUND
dav_reportespermisoscliente	.data_base/asgard.sql	9581	DB-TABLE-8A48EA757144AC	Physical table declared in .data_base/asgard.sql	Tabla candidata del dominio dav: Gestion aduanera, DAV/DAM, clientes, documentos, costos y procesos operativos de comercio exterior. Por su nombre agrupa reportes, salidas agregadas o consultas de gestion, cliente/tenant propietario de la operacion o filtro de visibilidad, reporte, salida agregada o consulta de gestion. Tiene lecturas observadas y parece actuar como consulta, catalogo o fuente de reporte.	SEMANTIC_REVERSE_ENGINEERING_CANDIDATE	SEMANTIC_INFERENCE_REVIEW_REQUIRED	dav	DOMAIN_ENTITY_OR_LEGACY	UNKNOWN_OR_BUSINESS_DATA	UNKNOWN	1	0	USED
dav_requerimientofondos	.data_base/asgard.sql	9595	DB-TABLE-11E2DF9D17EA8F	Physical table declared in .data_base/asgard.sql	Tabla candidata del dominio dav: Gestion aduanera, DAV/DAM, clientes, documentos, costos y procesos operativos de comercio exterior. Por su nombre agrupa entidad o catalogo legacy cuyo significado debe confirmarse por uso en codigo y datos. No tiene uso PHP directo en la evidencia; puede ser historica, consumida por SQL/vistas/procedimientos o estar fuera del alcance estatico.	SEMANTIC_REVERSE_ENGINEERING_CANDIDATE	SEMANTIC_INFERENCE_REVIEW_REQUIRED	dav	DOMAIN_ENTITY_OR_LEGACY	UNKNOWN_OR_BUSINESS_DATA	UNKNOWN	0	0	NO_USAGE_FOUND
dav_requerimientofondosaspb	.data_base/asgard.sql	9612	DB-TABLE-4B9033C15533A1	Physical table declared in .data_base/asgard.sql	Tabla candidata del dominio dav: Gestion aduanera, DAV/DAM, clientes, documentos, costos y procesos operativos de comercio exterior. Por su nombre agrupa entidad o catalogo legacy cuyo significado debe confirmarse por uso en codigo y datos. No tiene uso PHP directo en la evidencia; puede ser historica, consumida por SQL/vistas/procedimientos o estar fuera del alcance estatico.	SEMANTIC_REVERSE_ENGINEERING_CANDIDATE	SEMANTIC_INFERENCE_REVIEW_REQUIRED	dav	DOMAIN_ENTITY_OR_LEGACY	UNKNOWN_OR_BUSINESS_DATA	UNKNOWN	0	0	NO_USAGE_FOUND
dav_requerimientofondositems	.data_base/asgard.sql	9630	DB-TABLE-FDEAAAD9959A14	Physical table declared in .data_base/asgard.sql	Tabla candidata del dominio dav: Gestion aduanera, DAV/DAM, clientes, documentos, costos y procesos operativos de comercio exterior. Por su nombre agrupa entidad o catalogo legacy cuyo significado debe confirmarse por uso en codigo y datos. No tiene uso PHP directo en la evidencia; puede ser historica, consumida por SQL/vistas/procedimientos o estar fuera del alcance estatico.	SEMANTIC_REVERSE_ENGINEERING_CANDIDATE	SEMANTIC_INFERENCE_REVIEW_REQUIRED	dav	DOMAIN_ENTITY_OR_LEGACY	UNKNOWN_OR_BUSINESS_DATA	UNKNOWN	0	0	NO_USAGE_FOUND
dav_reseteos_passswords_clientes	.data_base/asgard.sql	9663	DB-TABLE-BCA2C739C56C94	Physical table declared in .data_base/asgard.sql	Tabla candidata del dominio dav: Gestion aduanera, DAV/DAM, clientes, documentos, costos y procesos operativos de comercio exterior. Por su nombre agrupa clientes/tenants propietarios de operaciones o reportes, cliente/tenant propietario de la operacion o filtro de visibilidad. Tiene lectura y escritura observada, por lo que probablemente participa en un flujo transaccional activo.	SEMANTIC_REVERSE_ENGINEERING_CANDIDATE	SEMANTIC_INFERENCE_REVIEW_REQUIRED	dav	DOMAIN_ENTITY_OR_LEGACY	UNKNOWN_OR_BUSINESS_DATA	UNKNOWN	1	1	USED
dav_reseteos_passswords_proveedores	.data_base/asgard.sql	9680	DB-TABLE-E6E83F0170CCD8	Physical table declared in .data_base/asgard.sql	Tabla candidata del dominio dav: Gestion aduanera, DAV/DAM, clientes, documentos, costos y procesos operativos de comercio exterior. Por su nombre agrupa proveedores o terceros participantes en el proceso, proveedor o tercero participante en el proceso. No tiene uso PHP directo en la evidencia; puede ser historica, consumida por SQL/vistas/procedimientos o estar fuera del alcance estatico.	SEMANTIC_REVERSE_ENGINEERING_CANDIDATE	SEMANTIC_INFERENCE_REVIEW_REQUIRED	dav	DOMAIN_ENTITY_OR_LEGACY	UNKNOWN_OR_BUSINESS_DATA	UNKNOWN	0	0	NO_USAGE_FOUND
dav_restriccion	.data_base/asgard.sql	9697	DB-TABLE-B495DFE167D629	Physical table declared in .data_base/asgard.sql	Tabla candidata del dominio dav: Gestion aduanera, DAV/DAM, clientes, documentos, costos y procesos operativos de comercio exterior. Por su nombre agrupa entidad o catalogo legacy cuyo significado debe confirmarse por uso en codigo y datos. No tiene uso PHP directo en la evidencia; puede ser historica, consumida por SQL/vistas/procedimientos o estar fuera del alcance estatico.	SEMANTIC_REVERSE_ENGINEERING_CANDIDATE	SEMANTIC_INFERENCE_REVIEW_REQUIRED	dav	DOMAIN_ENTITY_OR_LEGACY	LIKELY_PERSONAL_OR_SENSITIVE	UNKNOWN	0	0	NO_USAGE_FOUND
dav_retornomailsliquidacion	.data_base/asgard.sql	9708	DB-TABLE-AB515661CC356E	Physical table declared in .data_base/asgard.sql	Tabla candidata del dominio dav: Gestion aduanera, DAV/DAM, clientes, documentos, costos y procesos operativos de comercio exterior. Por su nombre agrupa correo electronico o evento de envio por email. No tiene uso PHP directo en la evidencia; puede ser historica, consumida por SQL/vistas/procedimientos o estar fuera del alcance estatico.	SEMANTIC_REVERSE_ENGINEERING_CANDIDATE	SEMANTIC_INFERENCE_REVIEW_REQUIRED	dav	DOMAIN_ENTITY_OR_LEGACY	LIKELY_PERSONAL_OR_SENSITIVE	UNKNOWN	0	0	NO_USAGE_FOUND
dav_saldos_asesoria	.data_base/asgard.sql	9721	DB-TABLE-0C9C2AC32A83C0	Physical table declared in .data_base/asgard.sql	Tabla candidata del dominio dav: Gestion aduanera, DAV/DAM, clientes, documentos, costos y procesos operativos de comercio exterior. Por su nombre agrupa entidad o catalogo legacy cuyo significado debe confirmarse por uso en codigo y datos. No tiene uso PHP directo en la evidencia; puede ser historica, consumida por SQL/vistas/procedimientos o estar fuera del alcance estatico.	SEMANTIC_REVERSE_ENGINEERING_CANDIDATE	SEMANTIC_INFERENCE_REVIEW_REQUIRED	dav	DOMAIN_ENTITY_OR_LEGACY	UNKNOWN_OR_BUSINESS_DATA	UNKNOWN	0	0	NO_USAGE_FOUND
dav_serie	.data_base/asgard.sql	9740	DB-TABLE-7D1FDC6A94E898	Physical table declared in .data_base/asgard.sql	Tabla candidata del dominio dav: Gestion aduanera, DAV/DAM, clientes, documentos, costos y procesos operativos de comercio exterior. Por su nombre agrupa entidad o catalogo legacy cuyo significado debe confirmarse por uso en codigo y datos. No tiene uso PHP directo en la evidencia; puede ser historica, consumida por SQL/vistas/procedimientos o estar fuera del alcance estatico.	SEMANTIC_REVERSE_ENGINEERING_CANDIDATE	SEMANTIC_INFERENCE_REVIEW_REQUIRED	dav	DOMAIN_ENTITY_OR_LEGACY	UNKNOWN_OR_BUSINESS_DATA	UNKNOWN	0	0	NO_USAGE_FOUND
dav_servicios_gestion_logistica	.data_base/asgard.sql	9751	DB-TABLE-5E3F74B24854AA	Physical table declared in .data_base/asgard.sql	Tabla candidata del dominio dav: Gestion aduanera, DAV/DAM, clientes, documentos, costos y procesos operativos de comercio exterior. Por su nombre agrupa entidad o catalogo legacy cuyo significado debe confirmarse por uso en codigo y datos. No tiene uso PHP directo en la evidencia; puede ser historica, consumida por SQL/vistas/procedimientos o estar fuera del alcance estatico.	SEMANTIC_REVERSE_ENGINEERING_CANDIDATE	SEMANTIC_INFERENCE_REVIEW_REQUIRED	dav	DOMAIN_ENTITY_OR_LEGACY	LIKELY_PERSONAL_OR_SENSITIVE	UNKNOWN	0	0	NO_USAGE_FOUND
dav_servicios_slg_hdr	.data_base/asgard.sql	9768	DB-TABLE-ADE886EA45A150	Physical table declared in .data_base/asgard.sql	Tabla candidata del dominio dav: Gestion aduanera, DAV/DAM, clientes, documentos, costos y procesos operativos de comercio exterior. Por su nombre agrupa entidad o catalogo legacy cuyo significado debe confirmarse por uso en codigo y datos. No tiene uso PHP directo en la evidencia; puede ser historica, consumida por SQL/vistas/procedimientos o estar fuera del alcance estatico.	SEMANTIC_REVERSE_ENGINEERING_CANDIDATE	SEMANTIC_INFERENCE_REVIEW_REQUIRED	dav	DOMAIN_ENTITY_OR_LEGACY	LIKELY_PERSONAL_OR_SENSITIVE	UNKNOWN	0	0	NO_USAGE_FOUND
dav_serviciosadicionales	.data_base/asgard.sql	9783	DB-TABLE-4BAD9AC35DA5CC	Physical table declared in .data_base/asgard.sql	Tabla candidata del dominio dav: Gestion aduanera, DAV/DAM, clientes, documentos, costos y procesos operativos de comercio exterior. Por su nombre agrupa entidad o catalogo legacy cuyo significado debe confirmarse por uso en codigo y datos. No tiene uso PHP directo en la evidencia; puede ser historica, consumida por SQL/vistas/procedimientos o estar fuera del alcance estatico.	SEMANTIC_REVERSE_ENGINEERING_CANDIDATE	SEMANTIC_INFERENCE_REVIEW_REQUIRED	dav	DOMAIN_ENTITY_OR_LEGACY	LIKELY_PERSONAL_OR_SENSITIVE	UNKNOWN	0	0	NO_USAGE_FOUND
dav_sicoin	.data_base/asgard.sql	9805	DB-TABLE-A62DDCC1E15DF2	Physical table declared in .data_base/asgard.sql	Tabla candidata del dominio dav: Gestion aduanera, DAV/DAM, clientes, documentos, costos y procesos operativos de comercio exterior. Por su nombre agrupa entidad o catalogo legacy cuyo significado debe confirmarse por uso en codigo y datos. No tiene uso PHP directo en la evidencia; puede ser historica, consumida por SQL/vistas/procedimientos o estar fuera del alcance estatico.	SEMANTIC_REVERSE_ENGINEERING_CANDIDATE	SEMANTIC_INFERENCE_REVIEW_REQUIRED	dav	DOMAIN_ENTITY_OR_LEGACY	UNKNOWN_OR_BUSINESS_DATA	UNKNOWN	0	0	NO_USAGE_FOUND
dav_sicoindetalle	.data_base/asgard.sql	9820	DB-TABLE-11BBC05F33A013	Physical table declared in .data_base/asgard.sql	Tabla candidata del dominio dav: Gestion aduanera, DAV/DAM, clientes, documentos, costos y procesos operativos de comercio exterior. Por su nombre agrupa entidad o catalogo legacy cuyo significado debe confirmarse por uso en codigo y datos. No tiene uso PHP directo en la evidencia; puede ser historica, consumida por SQL/vistas/procedimientos o estar fuera del alcance estatico.	SEMANTIC_REVERSE_ENGINEERING_CANDIDATE	SEMANTIC_INFERENCE_REVIEW_REQUIRED	dav	DOMAIN_ENTITY_OR_LEGACY	UNKNOWN_OR_BUSINESS_DATA	UNKNOWN	0	0	NO_USAGE_FOUND
dav_sincrocampos	.data_base/asgard.sql	9845	DB-TABLE-AA6941F120B48D	Physical table declared in .data_base/asgard.sql	Tabla candidata del dominio dav: Gestion aduanera, DAV/DAM, clientes, documentos, costos y procesos operativos de comercio exterior. Por su nombre agrupa entidad o catalogo legacy cuyo significado debe confirmarse por uso en codigo y datos. No tiene uso PHP directo en la evidencia; puede ser historica, consumida por SQL/vistas/procedimientos o estar fuera del alcance estatico.	SEMANTIC_REVERSE_ENGINEERING_CANDIDATE	SEMANTIC_INFERENCE_REVIEW_REQUIRED	dav	DOMAIN_ENTITY_OR_LEGACY	UNKNOWN_OR_BUSINESS_DATA	UNKNOWN	0	0	NO_USAGE_FOUND
dav_sincrohistorial	.data_base/asgard.sql	9870	DB-TABLE-1EE51C0B155FEF	Physical table declared in .data_base/asgard.sql	Tabla candidata del dominio dav: Gestion aduanera, DAV/DAM, clientes, documentos, costos y procesos operativos de comercio exterior. Por su nombre agrupa entidad o catalogo legacy cuyo significado debe confirmarse por uso en codigo y datos. No tiene uso PHP directo en la evidencia; puede ser historica, consumida por SQL/vistas/procedimientos o estar fuera del alcance estatico.	SEMANTIC_REVERSE_ENGINEERING_CANDIDATE	SEMANTIC_INFERENCE_REVIEW_REQUIRED	dav	DOMAIN_ENTITY_OR_LEGACY	UNKNOWN_OR_BUSINESS_DATA	UNKNOWN	0	0	NO_USAGE_FOUND
dav_solicitud_ampliacion	.data_base/asgard.sql	9887	DB-TABLE-B978176AA09849	Physical table declared in .data_base/asgard.sql	Tabla candidata del dominio dav: Gestion aduanera, DAV/DAM, clientes, documentos, costos y procesos operativos de comercio exterior. Por su nombre agrupa solicitud de servicio o gestion iniciada por usuario/cliente. No tiene uso PHP directo en la evidencia; puede ser historica, consumida por SQL/vistas/procedimientos o estar fuera del alcance estatico.	SEMANTIC_REVERSE_ENGINEERING_CANDIDATE	SEMANTIC_INFERENCE_REVIEW_REQUIRED	dav	TRANSACTIONAL_LIFECYCLE	LIKELY_PERSONAL_OR_SENSITIVE	UNKNOWN	0	0	NO_USAGE_FOUND
dav_solicitudes_odts	.data_base/asgard.sql	9900	DB-TABLE-658F9EC7A25962	Physical table declared in .data_base/asgard.sql	Tabla candidata del dominio dav: Gestion aduanera, DAV/DAM, clientes, documentos, costos y procesos operativos de comercio exterior. Por su nombre agrupa solicitudes de servicio o gestion iniciadas por usuario/cliente, solicitud de servicio o gestion iniciada por usuario/cliente. No tiene uso PHP directo en la evidencia; puede ser historica, consumida por SQL/vistas/procedimientos o estar fuera del alcance estatico.	SEMANTIC_REVERSE_ENGINEERING_CANDIDATE	SEMANTIC_INFERENCE_REVIEW_REQUIRED	dav	TRANSACTIONAL_LIFECYCLE	LIKELY_PERSONAL_OR_SENSITIVE	UNKNOWN	0	0	NO_USAGE_FOUND
dav_solicitudesprevias	.data_base/asgard.sql	9934	DB-TABLE-2B1ACE540B869B	Physical table declared in .data_base/asgard.sql	Tabla candidata del dominio dav: Gestion aduanera, DAV/DAM, clientes, documentos, costos y procesos operativos de comercio exterior. Por su nombre agrupa solicitudes de servicio o gestion iniciadas por usuario/cliente, solicitud de servicio o gestion iniciada por usuario/cliente. Tiene lecturas observadas y parece actuar como consulta, catalogo o fuente de reporte.	SEMANTIC_REVERSE_ENGINEERING_CANDIDATE	SEMANTIC_INFERENCE_REVIEW_REQUIRED	dav	DOMAIN_ENTITY_OR_LEGACY	LIKELY_PERSONAL_OR_SENSITIVE	UNKNOWN	1	0	USED
dav_solicitudesrequerimientofondos	.data_base/asgard.sql	9992	DB-TABLE-ECAE8966777000	Physical table declared in .data_base/asgard.sql	Tabla candidata del dominio dav: Gestion aduanera, DAV/DAM, clientes, documentos, costos y procesos operativos de comercio exterior. Por su nombre agrupa solicitudes de servicio o gestion iniciadas por usuario/cliente, solicitud de servicio o gestion iniciada por usuario/cliente. No tiene uso PHP directo en la evidencia; puede ser historica, consumida por SQL/vistas/procedimientos o estar fuera del alcance estatico.	SEMANTIC_REVERSE_ENGINEERING_CANDIDATE	SEMANTIC_INFERENCE_REVIEW_REQUIRED	dav	DOMAIN_ENTITY_OR_LEGACY	LIKELY_PERSONAL_OR_SENSITIVE	UNKNOWN	0	0	NO_USAGE_FOUND
dav_subcontravencion	.data_base/asgard.sql	10032	DB-TABLE-621016522A9B18	Physical table declared in .data_base/asgard.sql	Tabla candidata del dominio dav: Gestion aduanera, DAV/DAM, clientes, documentos, costos y procesos operativos de comercio exterior. Por su nombre agrupa entidad o catalogo legacy cuyo significado debe confirmarse por uso en codigo y datos. Tiene lecturas observadas y parece actuar como consulta, catalogo o fuente de reporte.	SEMANTIC_REVERSE_ENGINEERING_CANDIDATE	SEMANTIC_INFERENCE_REVIEW_REQUIRED	dav	DOMAIN_ENTITY_OR_LEGACY	LIKELY_PERSONAL_OR_SENSITIVE	UNKNOWN	1	0	USED
dav_tarea	.data_base/asgard.sql	10043	DB-TABLE-A9B83E6035AB5C	Physical table declared in .data_base/asgard.sql	Tabla candidata del dominio dav: Gestion aduanera, DAV/DAM, clientes, documentos, costos y procesos operativos de comercio exterior. Por su nombre agrupa entidad o catalogo legacy cuyo significado debe confirmarse por uso en codigo y datos. No tiene uso PHP directo en la evidencia; puede ser historica, consumida por SQL/vistas/procedimientos o estar fuera del alcance estatico.	SEMANTIC_REVERSE_ENGINEERING_CANDIDATE	SEMANTIC_INFERENCE_REVIEW_REQUIRED	dav	DOMAIN_ENTITY_OR_LEGACY	UNKNOWN_OR_BUSINESS_DATA	UNKNOWN	0	0	NO_USAGE_FOUND
dav_tareas_odts	.data_base/asgard.sql	10053	DB-TABLE-B92EF8B5C651DB	Physical table declared in .data_base/asgard.sql	Tabla candidata del dominio dav: Gestion aduanera, DAV/DAM, clientes, documentos, costos y procesos operativos de comercio exterior. Por su nombre agrupa entidad o catalogo legacy cuyo significado debe confirmarse por uso en codigo y datos. No tiene uso PHP directo en la evidencia; puede ser historica, consumida por SQL/vistas/procedimientos o estar fuera del alcance estatico.	SEMANTIC_REVERSE_ENGINEERING_CANDIDATE	SEMANTIC_INFERENCE_REVIEW_REQUIRED	dav	DOMAIN_ENTITY_OR_LEGACY	UNKNOWN_OR_BUSINESS_DATA	UNKNOWN	0	0	NO_USAGE_FOUND
dav_tarifafija	.data_base/asgard.sql	10063	DB-TABLE-3C82F5171379F4	Physical table declared in .data_base/asgard.sql	Tabla candidata del dominio dav: Gestion aduanera, DAV/DAM, clientes, documentos, costos y procesos operativos de comercio exterior. Por su nombre agrupa entidad o catalogo legacy cuyo significado debe confirmarse por uso en codigo y datos. No tiene uso PHP directo en la evidencia; puede ser historica, consumida por SQL/vistas/procedimientos o estar fuera del alcance estatico.	SEMANTIC_REVERSE_ENGINEERING_CANDIDATE	SEMANTIC_INFERENCE_REVIEW_REQUIRED	dav	DOMAIN_ENTITY_OR_LEGACY	UNKNOWN_OR_BUSINESS_DATA	UNKNOWN	0	0	NO_USAGE_FOUND
dav_temperatura	.data_base/asgard.sql	10074	DB-TABLE-E579EF0292201B	Physical table declared in .data_base/asgard.sql	Tabla candidata del dominio dav: Gestion aduanera, DAV/DAM, clientes, documentos, costos y procesos operativos de comercio exterior. Por su nombre agrupa entidad o catalogo legacy cuyo significado debe confirmarse por uso en codigo y datos. No tiene uso PHP directo en la evidencia; puede ser historica, consumida por SQL/vistas/procedimientos o estar fuera del alcance estatico.	SEMANTIC_REVERSE_ENGINEERING_CANDIDATE	SEMANTIC_INFERENCE_REVIEW_REQUIRED	dav	DOMAIN_ENTITY_OR_LEGACY	UNKNOWN_OR_BUSINESS_DATA	UNKNOWN	0	0	NO_USAGE_FOUND
dav_terminopago	.data_base/asgard.sql	10085	DB-TABLE-57E30FF53E43DC	Physical table declared in .data_base/asgard.sql	Tabla candidata del dominio dav: Gestion aduanera, DAV/DAM, clientes, documentos, costos y procesos operativos de comercio exterior. Por su nombre agrupa pago o movimiento economico. No tiene uso PHP directo en la evidencia; puede ser historica, consumida por SQL/vistas/procedimientos o estar fuera del alcance estatico.	SEMANTIC_REVERSE_ENGINEERING_CANDIDATE	SEMANTIC_INFERENCE_REVIEW_REQUIRED	dav	DOMAIN_ENTITY_OR_LEGACY	UNKNOWN_OR_BUSINESS_DATA	UNKNOWN	0	0	NO_USAGE_FOUND
dav_tipoanticipos	.data_base/asgard.sql	10097	DB-TABLE-ECCD189260193E	Physical table declared in .data_base/asgard.sql	Tabla candidata del dominio dav: Gestion aduanera, DAV/DAM, clientes, documentos, costos y procesos operativos de comercio exterior. Por su nombre agrupa tipo/clasificador que parametriza la regla o pantalla. No tiene uso PHP directo en la evidencia; puede ser historica, consumida por SQL/vistas/procedimientos o estar fuera del alcance estatico.	SEMANTIC_REVERSE_ENGINEERING_CANDIDATE	SEMANTIC_INFERENCE_REVIEW_REQUIRED	dav	DOMAIN_ENTITY_OR_LEGACY	LIKELY_PERSONAL_OR_SENSITIVE	UNKNOWN	0	0	NO_USAGE_FOUND
dav_tipocambio	.data_base/asgard.sql	10107	DB-TABLE-3642F4A6E21D0F	Physical table declared in .data_base/asgard.sql	Tabla candidata del dominio dav: Gestion aduanera, DAV/DAM, clientes, documentos, costos y procesos operativos de comercio exterior. Por su nombre agrupa tipo/clasificador que parametriza la regla o pantalla. Tiene lecturas observadas y parece actuar como consulta, catalogo o fuente de reporte.	SEMANTIC_REVERSE_ENGINEERING_CANDIDATE	SEMANTIC_INFERENCE_REVIEW_REQUIRED	dav	DOMAIN_ENTITY_OR_LEGACY	UNKNOWN_OR_BUSINESS_DATA	UNKNOWN	1	0	USED
dav_tipocarga	.data_base/asgard.sql	10123	DB-TABLE-220FFF9B891199	Physical table declared in .data_base/asgard.sql	Tabla candidata del dominio dav: Gestion aduanera, DAV/DAM, clientes, documentos, costos y procesos operativos de comercio exterior. Por su nombre agrupa carga transportada o unidad operativa de transporte, tipo/clasificador que parametriza la regla o pantalla. No tiene uso PHP directo en la evidencia; puede ser historica, consumida por SQL/vistas/procedimientos o estar fuera del alcance estatico.	SEMANTIC_REVERSE_ENGINEERING_CANDIDATE	SEMANTIC_INFERENCE_REVIEW_REQUIRED	dav	DOMAIN_ENTITY_OR_LEGACY	UNKNOWN_OR_BUSINESS_DATA	UNKNOWN	0	0	NO_USAGE_FOUND
dav_tipocnda	.data_base/asgard.sql	10134	DB-TABLE-7EBADC08F79D0D	Physical table declared in .data_base/asgard.sql	Tabla candidata del dominio dav: Gestion aduanera, DAV/DAM, clientes, documentos, costos y procesos operativos de comercio exterior. Por su nombre agrupa tipo/clasificador que parametriza la regla o pantalla. No tiene uso PHP directo en la evidencia; puede ser historica, consumida por SQL/vistas/procedimientos o estar fuera del alcance estatico.	SEMANTIC_REVERSE_ENGINEERING_CANDIDATE	SEMANTIC_INFERENCE_REVIEW_REQUIRED	dav	DOMAIN_ENTITY_OR_LEGACY	UNKNOWN_OR_BUSINESS_DATA	UNKNOWN	0	0	NO_USAGE_FOUND
dav_tipocobros	.data_base/asgard.sql	10144	DB-TABLE-8D6E68EB6C4EDE	Physical table declared in .data_base/asgard.sql	Tabla candidata del dominio dav: Gestion aduanera, DAV/DAM, clientes, documentos, costos y procesos operativos de comercio exterior. Por su nombre agrupa tipo/clasificador que parametriza la regla o pantalla. No tiene uso PHP directo en la evidencia; puede ser historica, consumida por SQL/vistas/procedimientos o estar fuera del alcance estatico.	SEMANTIC_REVERSE_ENGINEERING_CANDIDATE	SEMANTIC_INFERENCE_REVIEW_REQUIRED	dav	DOMAIN_ENTITY_OR_LEGACY	UNKNOWN_OR_BUSINESS_DATA	UNKNOWN	0	0	NO_USAGE_FOUND
dav_tipocomision	.data_base/asgard.sql	10154	DB-TABLE-1DDF90A54BA081	Physical table declared in .data_base/asgard.sql	Tabla candidata del dominio dav: Gestion aduanera, DAV/DAM, clientes, documentos, costos y procesos operativos de comercio exterior. Por su nombre agrupa tipo/clasificador que parametriza la regla o pantalla. No tiene uso PHP directo en la evidencia; puede ser historica, consumida por SQL/vistas/procedimientos o estar fuera del alcance estatico.	SEMANTIC_REVERSE_ENGINEERING_CANDIDATE	SEMANTIC_INFERENCE_REVIEW_REQUIRED	dav	DOMAIN_ENTITY_OR_LEGACY	UNKNOWN_OR_BUSINESS_DATA	UNKNOWN	0	0	NO_USAGE_FOUND
dav_tipocomprobante	.data_base/asgard.sql	10166	DB-TABLE-05178276F2034A	Physical table declared in .data_base/asgard.sql	Tabla candidata del dominio dav: Gestion aduanera, DAV/DAM, clientes, documentos, costos y procesos operativos de comercio exterior. Por su nombre agrupa tipo/clasificador que parametriza la regla o pantalla. Tiene lecturas observadas y parece actuar como consulta, catalogo o fuente de reporte.	SEMANTIC_REVERSE_ENGINEERING_CANDIDATE	SEMANTIC_INFERENCE_REVIEW_REQUIRED	dav	DOMAIN_ENTITY_OR_LEGACY	UNKNOWN_OR_BUSINESS_DATA	UNKNOWN	1	0	USED
dav_tipocontravencion	.data_base/asgard.sql	10176	DB-TABLE-17FB31B2162CF3	Physical table declared in .data_base/asgard.sql	Tabla candidata del dominio dav: Gestion aduanera, DAV/DAM, clientes, documentos, costos y procesos operativos de comercio exterior. Por su nombre agrupa tipo/clasificador que parametriza la regla o pantalla. Tiene lecturas observadas y parece actuar como consulta, catalogo o fuente de reporte.	SEMANTIC_REVERSE_ENGINEERING_CANDIDATE	SEMANTIC_INFERENCE_REVIEW_REQUIRED	dav	DOMAIN_ENTITY_OR_LEGACY	LIKELY_PERSONAL_OR_SENSITIVE	UNKNOWN	1	0	USED
dav_tipodeclaracion	.data_base/asgard.sql	10191	DB-TABLE-B6A824763D8B60	Physical table declared in .data_base/asgard.sql	Tabla candidata del dominio dav: Gestion aduanera, DAV/DAM, clientes, documentos, costos y procesos operativos de comercio exterior. Por su nombre agrupa tipo/clasificador que parametriza la regla o pantalla. Tiene lecturas observadas y parece actuar como consulta, catalogo o fuente de reporte.	SEMANTIC_REVERSE_ENGINEERING_CANDIDATE	SEMANTIC_INFERENCE_REVIEW_REQUIRED	dav	DOMAIN_ENTITY_OR_LEGACY	LIKELY_PERSONAL_OR_SENSITIVE	UNKNOWN	5	0	USED
dav_tipodeterioro	.data_base/asgard.sql	10202	DB-TABLE-8C90E15CCA641F	Physical table declared in .data_base/asgard.sql	Tabla candidata del dominio dav: Gestion aduanera, DAV/DAM, clientes, documentos, costos y procesos operativos de comercio exterior. Por su nombre agrupa tipo/clasificador que parametriza la regla o pantalla. No tiene uso PHP directo en la evidencia; puede ser historica, consumida por SQL/vistas/procedimientos o estar fuera del alcance estatico.	SEMANTIC_REVERSE_ENGINEERING_CANDIDATE	SEMANTIC_INFERENCE_REVIEW_REQUIRED	dav	DOMAIN_ENTITY_OR_LEGACY	UNKNOWN_OR_BUSINESS_DATA	UNKNOWN	0	0	NO_USAGE_FOUND
dav_tipodoc	.data_base/asgard.sql	10212	DB-TABLE-95006EE5017083	Physical table declared in .data_base/asgard.sql	Tabla candidata del dominio dav: Gestion aduanera, DAV/DAM, clientes, documentos, costos y procesos operativos de comercio exterior. Por su nombre agrupa tipo/clasificador que parametriza la regla o pantalla. No tiene uso PHP directo en la evidencia; puede ser historica, consumida por SQL/vistas/procedimientos o estar fuera del alcance estatico.	SEMANTIC_REVERSE_ENGINEERING_CANDIDATE	SEMANTIC_INFERENCE_REVIEW_REQUIRED	dav	DOMAIN_ENTITY_OR_LEGACY	UNKNOWN_OR_BUSINESS_DATA	UNKNOWN	0	0	NO_USAGE_FOUND
dav_tipodocembarque	.data_base/asgard.sql	10225	DB-TABLE-2B075066832C68	Physical table declared in .data_base/asgard.sql	Tabla candidata del dominio dav: Gestion aduanera, DAV/DAM, clientes, documentos, costos y procesos operativos de comercio exterior. Por su nombre agrupa embarque o movimiento logistico/aduanero, tipo/clasificador que parametriza la regla o pantalla. No tiene uso PHP directo en la evidencia; puede ser historica, consumida por SQL/vistas/procedimientos o estar fuera del alcance estatico.	SEMANTIC_REVERSE_ENGINEERING_CANDIDATE	SEMANTIC_INFERENCE_REVIEW_REQUIRED	dav	DOMAIN_ENTITY_OR_LEGACY	UNKNOWN_OR_BUSINESS_DATA	UNKNOWN	0	0	NO_USAGE_FOUND
dav_tipodocumento	.data_base/asgard.sql	10237	DB-TABLE-838D88E42CAC67	Physical table declared in .data_base/asgard.sql	Tabla candidata del dominio dav: Gestion aduanera, DAV/DAM, clientes, documentos, costos y procesos operativos de comercio exterior. Por su nombre agrupa documento o soporte asociado al expediente, tipo/clasificador que parametriza la regla o pantalla. Tiene lecturas observadas y parece actuar como consulta, catalogo o fuente de reporte.	SEMANTIC_REVERSE_ENGINEERING_CANDIDATE	SEMANTIC_INFERENCE_REVIEW_REQUIRED	dav	DOMAIN_ENTITY_OR_LEGACY	UNKNOWN_OR_BUSINESS_DATA	UNKNOWN	2	0	USED
dav_tipoerror	.data_base/asgard.sql	10263	DB-TABLE-E4F264A802426C	Physical table declared in .data_base/asgard.sql	Tabla candidata del dominio dav: Gestion aduanera, DAV/DAM, clientes, documentos, costos y procesos operativos de comercio exterior. Por su nombre agrupa tipo/clasificador que parametriza la regla o pantalla. Tiene lecturas observadas y parece actuar como consulta, catalogo o fuente de reporte.	SEMANTIC_REVERSE_ENGINEERING_CANDIDATE	SEMANTIC_INFERENCE_REVIEW_REQUIRED	dav	DOMAIN_ENTITY_OR_LEGACY	UNKNOWN_OR_BUSINESS_DATA	UNKNOWN	1	0	USED
dav_tipofactura	.data_base/asgard.sql	10273	DB-TABLE-86FDF7ADBEAA4A	Physical table declared in .data_base/asgard.sql	Tabla candidata del dominio dav: Gestion aduanera, DAV/DAM, clientes, documentos, costos y procesos operativos de comercio exterior. Por su nombre agrupa factura o documento economico/comercial, tipo/clasificador que parametriza la regla o pantalla. Tiene lecturas observadas y parece actuar como consulta, catalogo o fuente de reporte.	SEMANTIC_REVERSE_ENGINEERING_CANDIDATE	SEMANTIC_INFERENCE_REVIEW_REQUIRED	dav	DOMAIN_ENTITY_OR_LEGACY	UNKNOWN_OR_BUSINESS_DATA	UNKNOWN	1	0	USED
dav_tipoincobrables	.data_base/asgard.sql	10283	DB-TABLE-D5FA76991406DC	Physical table declared in .data_base/asgard.sql	Tabla candidata del dominio dav: Gestion aduanera, DAV/DAM, clientes, documentos, costos y procesos operativos de comercio exterior. Por su nombre agrupa tipo/clasificador que parametriza la regla o pantalla. No tiene uso PHP directo en la evidencia; puede ser historica, consumida por SQL/vistas/procedimientos o estar fuera del alcance estatico.	SEMANTIC_REVERSE_ENGINEERING_CANDIDATE	SEMANTIC_INFERENCE_REVIEW_REQUIRED	dav	DOMAIN_ENTITY_OR_LEGACY	UNKNOWN_OR_BUSINESS_DATA	UNKNOWN	0	0	NO_USAGE_FOUND
dav_tipomercancia	.data_base/asgard.sql	10293	DB-TABLE-6EBE96A2F44650	Physical table declared in .data_base/asgard.sql	Tabla candidata del dominio dav: Gestion aduanera, DAV/DAM, clientes, documentos, costos y procesos operativos de comercio exterior. Por su nombre agrupa mercancia o item objeto de transporte/declaracion, tipo/clasificador que parametriza la regla o pantalla. No tiene uso PHP directo en la evidencia; puede ser historica, consumida por SQL/vistas/procedimientos o estar fuera del alcance estatico.	SEMANTIC_REVERSE_ENGINEERING_CANDIDATE	SEMANTIC_INFERENCE_REVIEW_REQUIRED	dav	DOMAIN_ENTITY_OR_LEGACY	LIKELY_PERSONAL_OR_SENSITIVE	UNKNOWN	0	0	NO_USAGE_FOUND
dav_tiponotasdebito	.data_base/asgard.sql	10305	DB-TABLE-CE81368573D102	Physical table declared in .data_base/asgard.sql	Tabla candidata del dominio dav: Gestion aduanera, DAV/DAM, clientes, documentos, costos y procesos operativos de comercio exterior. Por su nombre agrupa tipo/clasificador que parametriza la regla o pantalla. No tiene uso PHP directo en la evidencia; puede ser historica, consumida por SQL/vistas/procedimientos o estar fuera del alcance estatico.	SEMANTIC_REVERSE_ENGINEERING_CANDIDATE	SEMANTIC_INFERENCE_REVIEW_REQUIRED	dav	DOMAIN_ENTITY_OR_LEGACY	UNKNOWN_OR_BUSINESS_DATA	UNKNOWN	0	0	NO_USAGE_FOUND
dav_tiponotasvalor	.data_base/asgard.sql	10315	DB-TABLE-99A102D927C749	Physical table declared in .data_base/asgard.sql	Tabla candidata del dominio dav: Gestion aduanera, DAV/DAM, clientes, documentos, costos y procesos operativos de comercio exterior. Por su nombre agrupa valor declarado, calculado o parametrico, tipo/clasificador que parametriza la regla o pantalla. No tiene uso PHP directo en la evidencia; puede ser historica, consumida por SQL/vistas/procedimientos o estar fuera del alcance estatico.	SEMANTIC_REVERSE_ENGINEERING_CANDIDATE	SEMANTIC_INFERENCE_REVIEW_REQUIRED	dav	DOMAIN_ENTITY_OR_LEGACY	UNKNOWN_OR_BUSINESS_DATA	UNKNOWN	0	0	NO_USAGE_FOUND
dav_tipooperacion	.data_base/asgard.sql	10325	DB-TABLE-A8B51768B23351	Physical table declared in .data_base/asgard.sql	Tabla candidata del dominio dav: Gestion aduanera, DAV/DAM, clientes, documentos, costos y procesos operativos de comercio exterior. Por su nombre agrupa tipo/clasificador que parametriza la regla o pantalla. No tiene uso PHP directo en la evidencia; puede ser historica, consumida por SQL/vistas/procedimientos o estar fuera del alcance estatico.	SEMANTIC_REVERSE_ENGINEERING_CANDIDATE	SEMANTIC_INFERENCE_REVIEW_REQUIRED	dav	DOMAIN_ENTITY_OR_LEGACY	LIKELY_PERSONAL_OR_SENSITIVE	UNKNOWN	0	0	NO_USAGE_FOUND
dav_tipootroservicio	.data_base/asgard.sql	10335	DB-TABLE-2CACB330D8A3B5	Physical table declared in .data_base/asgard.sql	Tabla candidata del dominio dav: Gestion aduanera, DAV/DAM, clientes, documentos, costos y procesos operativos de comercio exterior. Por su nombre agrupa tipo/clasificador que parametriza la regla o pantalla. No tiene uso PHP directo en la evidencia; puede ser historica, consumida por SQL/vistas/procedimientos o estar fuera del alcance estatico.	SEMANTIC_REVERSE_ENGINEERING_CANDIDATE	SEMANTIC_INFERENCE_REVIEW_REQUIRED	dav	DOMAIN_ENTITY_OR_LEGACY	LIKELY_PERSONAL_OR_SENSITIVE	UNKNOWN	0	0	NO_USAGE_FOUND
dav_tiporegimenformatodocumento	.data_base/asgard.sql	10345	DB-TABLE-20850BD7CD4021	Physical table declared in .data_base/asgard.sql	Tabla candidata del dominio dav: Gestion aduanera, DAV/DAM, clientes, documentos, costos y procesos operativos de comercio exterior. Por su nombre agrupa documento o soporte asociado al expediente, tipo/clasificador que parametriza la regla o pantalla. No tiene uso PHP directo en la evidencia; puede ser historica, consumida por SQL/vistas/procedimientos o estar fuera del alcance estatico.	SEMANTIC_REVERSE_ENGINEERING_CANDIDATE	SEMANTIC_INFERENCE_REVIEW_REQUIRED	dav	DOMAIN_ENTITY_OR_LEGACY	UNKNOWN_OR_BUSINESS_DATA	UNKNOWN	0	0	NO_USAGE_FOUND
dav_tiporegistrodocumentos	.data_base/asgard.sql	10358	DB-TABLE-DED9E4962ED120	Physical table declared in .data_base/asgard.sql	Tabla candidata del dominio dav: Gestion aduanera, DAV/DAM, clientes, documentos, costos y procesos operativos de comercio exterior. Por su nombre agrupa documentos o soportes asociados al expediente, documento o soporte asociado al expediente, tipo/clasificador que parametriza la regla o pantalla. No tiene uso PHP directo en la evidencia; puede ser historica, consumida por SQL/vistas/procedimientos o estar fuera del alcance estatico.	SEMANTIC_REVERSE_ENGINEERING_CANDIDATE	SEMANTIC_INFERENCE_REVIEW_REQUIRED	dav	DOMAIN_ENTITY_OR_LEGACY	UNKNOWN_OR_BUSINESS_DATA	UNKNOWN	0	0	NO_USAGE_FOUND
dav_tiporeporte	.data_base/asgard.sql	10368	DB-TABLE-C5DA92C5FF1909	Physical table declared in .data_base/asgard.sql	Tabla candidata del dominio dav: Gestion aduanera, DAV/DAM, clientes, documentos, costos y procesos operativos de comercio exterior. Por su nombre agrupa reporte, salida agregada o consulta de gestion, tipo/clasificador que parametriza la regla o pantalla. No tiene uso PHP directo en la evidencia; puede ser historica, consumida por SQL/vistas/procedimientos o estar fuera del alcance estatico.	SEMANTIC_REVERSE_ENGINEERING_CANDIDATE	SEMANTIC_INFERENCE_REVIEW_REQUIRED	dav	DOMAIN_ENTITY_OR_LEGACY	UNKNOWN_OR_BUSINESS_DATA	UNKNOWN	0	0	NO_USAGE_FOUND
dav_tiporesolucion	.data_base/asgard.sql	10378	DB-TABLE-B35C8AE48F7922	Physical table declared in .data_base/asgard.sql	Tabla candidata del dominio dav: Gestion aduanera, DAV/DAM, clientes, documentos, costos y procesos operativos de comercio exterior. Por su nombre agrupa tipo/clasificador que parametriza la regla o pantalla. No tiene uso PHP directo en la evidencia; puede ser historica, consumida por SQL/vistas/procedimientos o estar fuera del alcance estatico.	SEMANTIC_REVERSE_ENGINEERING_CANDIDATE	SEMANTIC_INFERENCE_REVIEW_REQUIRED	dav	DOMAIN_ENTITY_OR_LEGACY	LIKELY_PERSONAL_OR_SENSITIVE	UNKNOWN	0	0	NO_USAGE_FOUND
dav_tipos_notificaciones	.data_base/asgard.sql	10390	DB-TABLE-491F98EFF198E0	Physical table declared in .data_base/asgard.sql	Tabla candidata del dominio dav: Gestion aduanera, DAV/DAM, clientes, documentos, costos y procesos operativos de comercio exterior. Por su nombre agrupa tipos/clasificadores que parametrizan reglas o pantallas, tipo/clasificador que parametriza la regla o pantalla. No tiene uso PHP directo en la evidencia; puede ser historica, consumida por SQL/vistas/procedimientos o estar fuera del alcance estatico.	SEMANTIC_REVERSE_ENGINEERING_CANDIDATE	SEMANTIC_INFERENCE_REVIEW_REQUIRED	dav	REFERENCE_DATA	LIKELY_PERSONAL_OR_SENSITIVE	UNKNOWN	0	0	NO_USAGE_FOUND
dav_tiposdepago	.data_base/asgard.sql	10403	DB-TABLE-F4F4EE3B109FEC	Physical table declared in .data_base/asgard.sql	Tabla candidata del dominio dav: Gestion aduanera, DAV/DAM, clientes, documentos, costos y procesos operativos de comercio exterior. Por su nombre agrupa tipos/clasificadores que parametrizan reglas o pantallas, tipo/clasificador que parametriza la regla o pantalla, pago o movimiento economico. No tiene uso PHP directo en la evidencia; puede ser historica, consumida por SQL/vistas/procedimientos o estar fuera del alcance estatico.	SEMANTIC_REVERSE_ENGINEERING_CANDIDATE	SEMANTIC_INFERENCE_REVIEW_REQUIRED	dav	DOMAIN_ENTITY_OR_LEGACY	UNKNOWN_OR_BUSINESS_DATA	UNKNOWN	0	0	NO_USAGE_FOUND
dav_tipotramite	.data_base/asgard.sql	10413	DB-TABLE-DBD6D6A32CB848	Physical table declared in .data_base/asgard.sql	Tabla candidata del dominio dav: Gestion aduanera, DAV/DAM, clientes, documentos, costos y procesos operativos de comercio exterior. Por su nombre agrupa tipo/clasificador que parametriza la regla o pantalla. Tiene lecturas observadas y parece actuar como consulta, catalogo o fuente de reporte.	SEMANTIC_REVERSE_ENGINEERING_CANDIDATE	SEMANTIC_INFERENCE_REVIEW_REQUIRED	dav	DOMAIN_ENTITY_OR_LEGACY	UNKNOWN_OR_BUSINESS_DATA	UNKNOWN	3	0	USED
dav_tipotransferencia	.data_base/asgard.sql	10429	DB-TABLE-4CFE70C4ABF30B	Physical table declared in .data_base/asgard.sql	Tabla candidata del dominio dav: Gestion aduanera, DAV/DAM, clientes, documentos, costos y procesos operativos de comercio exterior. Por su nombre agrupa tipo/clasificador que parametriza la regla o pantalla. No tiene uso PHP directo en la evidencia; puede ser historica, consumida por SQL/vistas/procedimientos o estar fuera del alcance estatico.	SEMANTIC_REVERSE_ENGINEERING_CANDIDATE	SEMANTIC_INFERENCE_REVIEW_REQUIRED	dav	DOMAIN_ENTITY_OR_LEGACY	LIKELY_PERSONAL_OR_SENSITIVE	UNKNOWN	0	0	NO_USAGE_FOUND
dav_tipotransporte	.data_base/asgard.sql	10439	DB-TABLE-710BCA24A8068D	Physical table declared in .data_base/asgard.sql	Tabla candidata del dominio dav: Gestion aduanera, DAV/DAM, clientes, documentos, costos y procesos operativos de comercio exterior. Por su nombre agrupa tipo/clasificador que parametriza la regla o pantalla. No tiene uso PHP directo en la evidencia; puede ser historica, consumida por SQL/vistas/procedimientos o estar fuera del alcance estatico.	SEMANTIC_REVERSE_ENGINEERING_CANDIDATE	SEMANTIC_INFERENCE_REVIEW_REQUIRED	dav	DOMAIN_ENTITY_OR_LEGACY	UNKNOWN_OR_BUSINESS_DATA	UNKNOWN	0	0	NO_USAGE_FOUND
dav_tipousuario	.data_base/asgard.sql	10449	DB-TABLE-B39814CEC4CAB0	Physical table declared in .data_base/asgard.sql	Tabla candidata del dominio dav: Gestion aduanera, DAV/DAM, clientes, documentos, costos y procesos operativos de comercio exterior. Por su nombre agrupa tipo/clasificador que parametriza la regla o pantalla. Tiene lecturas observadas y parece actuar como consulta, catalogo o fuente de reporte.	SEMANTIC_REVERSE_ENGINEERING_CANDIDATE	SEMANTIC_INFERENCE_REVIEW_REQUIRED	dav	DOMAIN_ENTITY_OR_LEGACY	LIKELY_PERSONAL_OR_SENSITIVE	UNKNOWN	1	0	USED
dav_tipousuarioapp	.data_base/asgard.sql	10459	DB-TABLE-4D26AAD8D650E7	Physical table declared in .data_base/asgard.sql	Tabla candidata del dominio dav: Gestion aduanera, DAV/DAM, clientes, documentos, costos y procesos operativos de comercio exterior. Por su nombre agrupa tipo/clasificador que parametriza la regla o pantalla. No tiene uso PHP directo en la evidencia; puede ser historica, consumida por SQL/vistas/procedimientos o estar fuera del alcance estatico.	SEMANTIC_REVERSE_ENGINEERING_CANDIDATE	SEMANTIC_INFERENCE_REVIEW_REQUIRED	dav	DOMAIN_ENTITY_OR_LEGACY	LIKELY_PERSONAL_OR_SENSITIVE	UNKNOWN	0	0	NO_USAGE_FOUND
dav_tipousuariocliente	.data_base/asgard.sql	10473	DB-TABLE-F934B10F02CE63	Physical table declared in .data_base/asgard.sql	Tabla candidata del dominio dav: Gestion aduanera, DAV/DAM, clientes, documentos, costos y procesos operativos de comercio exterior. Por su nombre agrupa cliente/tenant propietario de la operacion o filtro de visibilidad, tipo/clasificador que parametriza la regla o pantalla. Tiene lecturas observadas y parece actuar como consulta, catalogo o fuente de reporte.	SEMANTIC_REVERSE_ENGINEERING_CANDIDATE	SEMANTIC_INFERENCE_REVIEW_REQUIRED	dav	DOMAIN_ENTITY_OR_LEGACY	LIKELY_PERSONAL_OR_SENSITIVE	UNKNOWN	4	0	USED
dav_tipovinculacion	.data_base/asgard.sql	10487	DB-TABLE-C012EF6389F35F	Physical table declared in .data_base/asgard.sql	Tabla candidata del dominio dav: Gestion aduanera, DAV/DAM, clientes, documentos, costos y procesos operativos de comercio exterior. Por su nombre agrupa tipo/clasificador que parametriza la regla o pantalla. No tiene uso PHP directo en la evidencia; puede ser historica, consumida por SQL/vistas/procedimientos o estar fuera del alcance estatico.	SEMANTIC_REVERSE_ENGINEERING_CANDIDATE	SEMANTIC_INFERENCE_REVIEW_REQUIRED	dav	DOMAIN_ENTITY_OR_LEGACY	LIKELY_PERSONAL_OR_SENSITIVE	UNKNOWN	0	0	NO_USAGE_FOUND
dav_tmp_arancel	.data_base/asgard.sql	10498	DB-TABLE-67B18EFA9EA55B	Physical table declared in .data_base/asgard.sql	Tabla candidata del dominio dav: Gestion aduanera, DAV/DAM, clientes, documentos, costos y procesos operativos de comercio exterior. Por su nombre agrupa entidad o catalogo legacy cuyo significado debe confirmarse por uso en codigo y datos. Tiene lectura y escritura observada, por lo que probablemente participa en un flujo transaccional activo.	SEMANTIC_REVERSE_ENGINEERING_CANDIDATE	SEMANTIC_INFERENCE_REVIEW_REQUIRED	dav	DOMAIN_ENTITY_OR_LEGACY	UNKNOWN_OR_BUSINESS_DATA	UNKNOWN	1	1	USED
dav_tmp_casosdevueltos	.data_base/asgard.sql	10521	DB-TABLE-B629995A9023EE	Physical table declared in .data_base/asgard.sql	Tabla candidata del dominio dav: Gestion aduanera, DAV/DAM, clientes, documentos, costos y procesos operativos de comercio exterior. Por su nombre agrupa entidad o catalogo legacy cuyo significado debe confirmarse por uso en codigo y datos. Tiene lectura y escritura observada, por lo que probablemente participa en un flujo transaccional activo.	SEMANTIC_REVERSE_ENGINEERING_CANDIDATE	SEMANTIC_INFERENCE_REVIEW_REQUIRED	dav	DOMAIN_ENTITY_OR_LEGACY	UNKNOWN_OR_BUSINESS_DATA	UNKNOWN	1	1	USED
dav_tmp_proveedor	.data_base/asgard.sql	10537	DB-TABLE-E06CB0B5BAE903	Physical table declared in .data_base/asgard.sql	Tabla candidata del dominio dav: Gestion aduanera, DAV/DAM, clientes, documentos, costos y procesos operativos de comercio exterior. Por su nombre agrupa proveedor o tercero participante en el proceso. Tiene lectura y escritura observada, por lo que probablemente participa en un flujo transaccional activo.	SEMANTIC_REVERSE_ENGINEERING_CANDIDATE	SEMANTIC_INFERENCE_REVIEW_REQUIRED	dav	DOMAIN_ENTITY_OR_LEGACY	UNKNOWN_OR_BUSINESS_DATA	UNKNOWN	2	2	USED
dav_tmpcarta	.data_base/asgard.sql	10582	DB-TABLE-C24BC5AA8DB4D1	Physical table declared in .data_base/asgard.sql	Tabla candidata del dominio dav: Gestion aduanera, DAV/DAM, clientes, documentos, costos y procesos operativos de comercio exterior. Por su nombre agrupa entidad o catalogo legacy cuyo significado debe confirmarse por uso en codigo y datos. No tiene uso PHP directo en la evidencia; puede ser historica, consumida por SQL/vistas/procedimientos o estar fuera del alcance estatico.	SEMANTIC_REVERSE_ENGINEERING_CANDIDATE	SEMANTIC_INFERENCE_REVIEW_REQUIRED	dav	DOMAIN_ENTITY_OR_LEGACY	UNKNOWN_OR_BUSINESS_DATA	UNKNOWN	0	0	NO_USAGE_FOUND
dav_token	.data_base/asgard.sql	10597	DB-TABLE-A2DD78EE579F02	Physical table declared in .data_base/asgard.sql	Tabla candidata del dominio dav: Gestion aduanera, DAV/DAM, clientes, documentos, costos y procesos operativos de comercio exterior. Por su nombre agrupa token de acceso, enlace temporal o credencial operacional. No tiene uso PHP directo en la evidencia; puede ser historica, consumida por SQL/vistas/procedimientos o estar fuera del alcance estatico.	SEMANTIC_REVERSE_ENGINEERING_CANDIDATE	SEMANTIC_INFERENCE_REVIEW_REQUIRED	dav	DOMAIN_ENTITY_OR_LEGACY	LIKELY_PERSONAL_OR_SENSITIVE	UNKNOWN	0	0	NO_USAGE_FOUND
dav_tramites	.data_base/asgard.sql	10611	DB-TABLE-3E76423FD2A846	Physical table declared in .data_base/asgard.sql	Tabla candidata del dominio dav: Gestion aduanera, DAV/DAM, clientes, documentos, costos y procesos operativos de comercio exterior. Por su nombre agrupa entidad o catalogo legacy cuyo significado debe confirmarse por uso en codigo y datos. Tiene lecturas observadas y parece actuar como consulta, catalogo o fuente de reporte.	SEMANTIC_REVERSE_ENGINEERING_CANDIDATE	SEMANTIC_INFERENCE_REVIEW_REQUIRED	dav	DOMAIN_ENTITY_OR_LEGACY	UNKNOWN_OR_BUSINESS_DATA	UNKNOWN	1	0	USED
dav_transaccion	.data_base/asgard.sql	10665	DB-TABLE-7FE16942E0CFC0	Physical table declared in .data_base/asgard.sql	Tabla candidata del dominio dav: Gestion aduanera, DAV/DAM, clientes, documentos, costos y procesos operativos de comercio exterior. Por su nombre agrupa entidad o catalogo legacy cuyo significado debe confirmarse por uso en codigo y datos. No tiene uso PHP directo en la evidencia; puede ser historica, consumida por SQL/vistas/procedimientos o estar fuera del alcance estatico.	SEMANTIC_REVERSE_ENGINEERING_CANDIDATE	SEMANTIC_INFERENCE_REVIEW_REQUIRED	dav	DOMAIN_ENTITY_OR_LEGACY	LIKELY_PERSONAL_OR_SENSITIVE	UNKNOWN	0	0	NO_USAGE_FOUND
dav_transportista	.data_base/asgard.sql	10676	DB-TABLE-FDE2C8996BDA2B	Physical table declared in .data_base/asgard.sql	Tabla candidata del dominio dav: Gestion aduanera, DAV/DAM, clientes, documentos, costos y procesos operativos de comercio exterior. Por su nombre agrupa entidad o catalogo legacy cuyo significado debe confirmarse por uso en codigo y datos. Tiene lectura y escritura observada, por lo que probablemente participa en un flujo transaccional activo.	SEMANTIC_REVERSE_ENGINEERING_CANDIDATE	SEMANTIC_INFERENCE_REVIEW_REQUIRED	dav	DOMAIN_ENTITY_OR_LEGACY	UNKNOWN_OR_BUSINESS_DATA	UNKNOWN	10	1	USED
dav_transportistamail	.data_base/asgard.sql	10689	DB-TABLE-A3D10FEE0E66B2	Physical table declared in .data_base/asgard.sql	Tabla candidata del dominio dav: Gestion aduanera, DAV/DAM, clientes, documentos, costos y procesos operativos de comercio exterior. Por su nombre agrupa correo electronico o evento de envio por email. No tiene uso PHP directo en la evidencia; puede ser historica, consumida por SQL/vistas/procedimientos o estar fuera del alcance estatico.	SEMANTIC_REVERSE_ENGINEERING_CANDIDATE	SEMANTIC_INFERENCE_REVIEW_REQUIRED	dav	DOMAIN_ENTITY_OR_LEGACY	LIKELY_PERSONAL_OR_SENSITIVE	UNKNOWN	0	0	NO_USAGE_FOUND
dav_ubicacionalmacen	.data_base/asgard.sql	10702	DB-TABLE-A1D313B2C3F4D4	Physical table declared in .data_base/asgard.sql	Tabla candidata del dominio dav: Gestion aduanera, DAV/DAM, clientes, documentos, costos y procesos operativos de comercio exterior. Por su nombre agrupa entidad o catalogo legacy cuyo significado debe confirmarse por uso en codigo y datos. No tiene uso PHP directo en la evidencia; puede ser historica, consumida por SQL/vistas/procedimientos o estar fuera del alcance estatico.	SEMANTIC_REVERSE_ENGINEERING_CANDIDATE	SEMANTIC_INFERENCE_REVIEW_REQUIRED	dav	DOMAIN_ENTITY_OR_LEGACY	LIKELY_PERSONAL_OR_SENSITIVE	UNKNOWN	0	0	NO_USAGE_FOUND
dav_unidad	.data_base/asgard.sql	10714	DB-TABLE-FA97B807995BD0	Physical table declared in .data_base/asgard.sql	Tabla candidata del dominio dav: Gestion aduanera, DAV/DAM, clientes, documentos, costos y procesos operativos de comercio exterior. Por su nombre agrupa entidad o catalogo legacy cuyo significado debe confirmarse por uso en codigo y datos. Tiene lecturas observadas y parece actuar como consulta, catalogo o fuente de reporte.	SEMANTIC_REVERSE_ENGINEERING_CANDIDATE	SEMANTIC_INFERENCE_REVIEW_REQUIRED	dav	DOMAIN_ENTITY_OR_LEGACY	UNKNOWN_OR_BUSINESS_DATA	UNKNOWN	5	0	USED
dav_unidaddam	.data_base/asgard.sql	10726	DB-TABLE-C0AFCAF7C240ED	Physical table declared in .data_base/asgard.sql	Tabla candidata del dominio dav: Gestion aduanera, DAV/DAM, clientes, documentos, costos y procesos operativos de comercio exterior. Por su nombre agrupa entidad o catalogo legacy cuyo significado debe confirmarse por uso en codigo y datos. No tiene uso PHP directo en la evidencia; puede ser historica, consumida por SQL/vistas/procedimientos o estar fuera del alcance estatico.	SEMANTIC_REVERSE_ENGINEERING_CANDIDATE	SEMANTIC_INFERENCE_REVIEW_REQUIRED	dav	DOMAIN_ENTITY_OR_LEGACY	UNKNOWN_OR_BUSINESS_DATA	UNKNOWN	0	0	NO_USAGE_FOUND
dav_unidadfactura	.data_base/asgard.sql	10737	DB-TABLE-698D5B94DDD5AD	Physical table declared in .data_base/asgard.sql	Tabla candidata del dominio dav: Gestion aduanera, DAV/DAM, clientes, documentos, costos y procesos operativos de comercio exterior. Por su nombre agrupa factura o documento economico/comercial. Tiene lecturas observadas y parece actuar como consulta, catalogo o fuente de reporte.	SEMANTIC_REVERSE_ENGINEERING_CANDIDATE	SEMANTIC_INFERENCE_REVIEW_REQUIRED	dav	DOMAIN_ENTITY_OR_LEGACY	UNKNOWN_OR_BUSINESS_DATA	UNKNOWN	1	0	USED
dav_unidadsicoin	.data_base/asgard.sql	10749	DB-TABLE-2B6B3904780A05	Physical table declared in .data_base/asgard.sql	Tabla candidata del dominio dav: Gestion aduanera, DAV/DAM, clientes, documentos, costos y procesos operativos de comercio exterior. Por su nombre agrupa entidad o catalogo legacy cuyo significado debe confirmarse por uso en codigo y datos. No tiene uso PHP directo en la evidencia; puede ser historica, consumida por SQL/vistas/procedimientos o estar fuera del alcance estatico.	SEMANTIC_REVERSE_ENGINEERING_CANDIDATE	SEMANTIC_INFERENCE_REVIEW_REQUIRED	dav	DOMAIN_ENTITY_OR_LEGACY	UNKNOWN_OR_BUSINESS_DATA	UNKNOWN	0	0	NO_USAGE_FOUND
dav_usuario	.data_base/asgard.sql	10759	DB-TABLE-A1AA4742B6C028	Physical table declared in .data_base/asgard.sql	Tabla candidata del dominio dav: Gestion aduanera, DAV/DAM, clientes, documentos, costos y procesos operativos de comercio exterior. Por su nombre agrupa entidad o catalogo legacy cuyo significado debe confirmarse por uso en codigo y datos. Tiene lecturas observadas y parece actuar como consulta, catalogo o fuente de reporte.	SEMANTIC_REVERSE_ENGINEERING_CANDIDATE	SEMANTIC_INFERENCE_REVIEW_REQUIRED	dav	DOMAIN_ENTITY_OR_LEGACY	LIKELY_PERSONAL_OR_SENSITIVE	UNKNOWN	17	0	USED
dav_usuarioempresa	.data_base/asgard.sql	10802	DB-TABLE-CAFB38190514F1	Physical table declared in .data_base/asgard.sql	Tabla candidata del dominio dav: Gestion aduanera, DAV/DAM, clientes, documentos, costos y procesos operativos de comercio exterior. Por su nombre agrupa entidad o catalogo legacy cuyo significado debe confirmarse por uso en codigo y datos. No tiene uso PHP directo en la evidencia; puede ser historica, consumida por SQL/vistas/procedimientos o estar fuera del alcance estatico.	SEMANTIC_REVERSE_ENGINEERING_CANDIDATE	SEMANTIC_INFERENCE_REVIEW_REQUIRED	dav	DOMAIN_ENTITY_OR_LEGACY	LIKELY_PERSONAL_OR_SENSITIVE	UNKNOWN	0	0	NO_USAGE_FOUND
dav_usuarioovp	.data_base/asgard.sql	10824	DB-TABLE-D27225AAE97B88	Physical table declared in .data_base/asgard.sql	Tabla candidata del dominio dav: Gestion aduanera, DAV/DAM, clientes, documentos, costos y procesos operativos de comercio exterior. Por su nombre agrupa entidad o catalogo legacy cuyo significado debe confirmarse por uso en codigo y datos. No tiene uso PHP directo en la evidencia; puede ser historica, consumida por SQL/vistas/procedimientos o estar fuera del alcance estatico.	SEMANTIC_REVERSE_ENGINEERING_CANDIDATE	SEMANTIC_INFERENCE_REVIEW_REQUIRED	dav	DOMAIN_ENTITY_OR_LEGACY	LIKELY_PERSONAL_OR_SENSITIVE	UNKNOWN	0	0	NO_USAGE_FOUND
dav_usuarios_gestores	.data_base/asgard.sql	10846	DB-TABLE-59B848F1101414	Physical table declared in .data_base/asgard.sql	Tabla candidata del dominio dav: Gestion aduanera, DAV/DAM, clientes, documentos, costos y procesos operativos de comercio exterior. Por su nombre agrupa entidad o catalogo legacy cuyo significado debe confirmarse por uso en codigo y datos. No tiene uso PHP directo en la evidencia; puede ser historica, consumida por SQL/vistas/procedimientos o estar fuera del alcance estatico.	SEMANTIC_REVERSE_ENGINEERING_CANDIDATE	SEMANTIC_INFERENCE_REVIEW_REQUIRED	dav	DOMAIN_ENTITY_OR_LEGACY	LIKELY_PERSONAL_OR_SENSITIVE	UNKNOWN	0	0	NO_USAGE_FOUND
dav_usuariosreporte	.data_base/asgard.sql	10857	DB-TABLE-51F4AB671D3B84	Physical table declared in .data_base/asgard.sql	Tabla candidata del dominio dav: Gestion aduanera, DAV/DAM, clientes, documentos, costos y procesos operativos de comercio exterior. Por su nombre agrupa reporte, salida agregada o consulta de gestion. No tiene uso PHP directo en la evidencia; puede ser historica, consumida por SQL/vistas/procedimientos o estar fuera del alcance estatico.	SEMANTIC_REVERSE_ENGINEERING_CANDIDATE	SEMANTIC_INFERENCE_REVIEW_REQUIRED	dav	DOMAIN_ENTITY_OR_LEGACY	LIKELY_PERSONAL_OR_SENSITIVE	UNKNOWN	0	0	NO_USAGE_FOUND
dav_valor_iva_decreto_bck	.data_base/asgard.sql	10868	DB-TABLE-5BCCCA569EE86A	Physical table declared in .data_base/asgard.sql	Tabla candidata del dominio dav: Gestion aduanera, DAV/DAM, clientes, documentos, costos y procesos operativos de comercio exterior. Por su nombre agrupa valor declarado, calculado o parametrico. No tiene uso PHP directo en la evidencia; puede ser historica, consumida por SQL/vistas/procedimientos o estar fuera del alcance estatico.	SEMANTIC_REVERSE_ENGINEERING_CANDIDATE	SEMANTIC_INFERENCE_REVIEW_REQUIRED	dav	DOMAIN_ENTITY_OR_LEGACY	UNKNOWN_OR_BUSINESS_DATA	UNKNOWN	0	0	NO_USAGE_FOUND
dav_vehiculosprevios	.data_base/asgard.sql	10884	DB-TABLE-9A23A0E064A46B	Physical table declared in .data_base/asgard.sql	Tabla candidata del dominio dav: Gestion aduanera, DAV/DAM, clientes, documentos, costos y procesos operativos de comercio exterior. Por su nombre agrupa entidad o catalogo legacy cuyo significado debe confirmarse por uso en codigo y datos. Tiene lecturas observadas y parece actuar como consulta, catalogo o fuente de reporte.	SEMANTIC_REVERSE_ENGINEERING_CANDIDATE	SEMANTIC_INFERENCE_REVIEW_REQUIRED	dav	DOMAIN_ENTITY_OR_LEGACY	UNKNOWN_OR_BUSINESS_DATA	UNKNOWN	8	0	USED
descripcion_minima_detalle	.data_base/asgard.sql	10948	DB-TABLE-C3A65705C486F0	Physical table declared in .data_base/asgard.sql	Tabla candidata del dominio transversal: Tabla transversal o legacy sin prefijo funcional inequivoco. Por su nombre agrupa entidad o catalogo legacy cuyo significado debe confirmarse por uso en codigo y datos. No tiene uso PHP directo en la evidencia; puede ser historica, consumida por SQL/vistas/procedimientos o estar fuera del alcance estatico.	SEMANTIC_REVERSE_ENGINEERING_CANDIDATE	SEMANTIC_INFERENCE_REVIEW_REQUIRED	transversal	DOMAIN_ENTITY_OR_LEGACY	LIKELY_PERSONAL_OR_SENSITIVE	UNKNOWN	0	0	NO_USAGE_FOUND
dev_detalles_historial_odt	.data_base/asgard.sql	10986	DB-TABLE-698726B34A881F	Physical table declared in .data_base/asgard.sql	Tabla candidata del dominio transversal: Tabla transversal o legacy sin prefijo funcional inequivoco. Por su nombre agrupa entidad o catalogo legacy cuyo significado debe confirmarse por uso en codigo y datos. No tiene uso PHP directo en la evidencia; puede ser historica, consumida por SQL/vistas/procedimientos o estar fuera del alcance estatico.	SEMANTIC_REVERSE_ENGINEERING_CANDIDATE	SEMANTIC_INFERENCE_REVIEW_REQUIRED	transversal	AUDIT_LOG	UNKNOWN_OR_BUSINESS_DATA	UNKNOWN	0	0	NO_USAGE_FOUND
dex_codigonacional	.data_base/asgard.sql	10998	DB-TABLE-F01795F4FB0256	Physical table declared in .data_base/asgard.sql	Tabla candidata del dominio transversal: Tabla transversal o legacy sin prefijo funcional inequivoco. Por su nombre agrupa entidad o catalogo legacy cuyo significado debe confirmarse por uso en codigo y datos. No tiene uso PHP directo en la evidencia; puede ser historica, consumida por SQL/vistas/procedimientos o estar fuera del alcance estatico.	SEMANTIC_REVERSE_ENGINEERING_CANDIDATE	SEMANTIC_INFERENCE_REVIEW_REQUIRED	transversal	DOMAIN_ENTITY_OR_LEGACY	LIKELY_PERSONAL_OR_SENSITIVE	UNKNOWN	0	0	NO_USAGE_FOUND
dex_modalidadregimen	.data_base/asgard.sql	11008	DB-TABLE-EFF6E38C988D65	Physical table declared in .data_base/asgard.sql	Tabla candidata del dominio transversal: Tabla transversal o legacy sin prefijo funcional inequivoco. Por su nombre agrupa entidad o catalogo legacy cuyo significado debe confirmarse por uso en codigo y datos. No tiene uso PHP directo en la evidencia; puede ser historica, consumida por SQL/vistas/procedimientos o estar fuera del alcance estatico.	SEMANTIC_REVERSE_ENGINEERING_CANDIDATE	SEMANTIC_INFERENCE_REVIEW_REQUIRED	transversal	DOMAIN_ENTITY_OR_LEGACY	UNKNOWN_OR_BUSINESS_DATA	UNKNOWN	0	0	NO_USAGE_FOUND
dex_naturalezatransaccion	.data_base/asgard.sql	11019	DB-TABLE-DFE8DFE3BEE414	Physical table declared in .data_base/asgard.sql	Tabla candidata del dominio transversal: Tabla transversal o legacy sin prefijo funcional inequivoco. Por su nombre agrupa entidad o catalogo legacy cuyo significado debe confirmarse por uso en codigo y datos. No tiene uso PHP directo en la evidencia; puede ser historica, consumida por SQL/vistas/procedimientos o estar fuera del alcance estatico.	SEMANTIC_REVERSE_ENGINEERING_CANDIDATE	SEMANTIC_INFERENCE_REVIEW_REQUIRED	transversal	DOMAIN_ENTITY_OR_LEGACY	LIKELY_PERSONAL_OR_SENSITIVE	UNKNOWN	0	0	NO_USAGE_FOUND
dex_regimen	.data_base/asgard.sql	11029	DB-TABLE-94E31F2A470AA0	Physical table declared in .data_base/asgard.sql	Tabla candidata del dominio transversal: Tabla transversal o legacy sin prefijo funcional inequivoco. Por su nombre agrupa entidad o catalogo legacy cuyo significado debe confirmarse por uso en codigo y datos. No tiene uso PHP directo en la evidencia; puede ser historica, consumida por SQL/vistas/procedimientos o estar fuera del alcance estatico.	SEMANTIC_REVERSE_ENGINEERING_CANDIDATE	SEMANTIC_INFERENCE_REVIEW_REQUIRED	transversal	DOMAIN_ENTITY_OR_LEGACY	UNKNOWN_OR_BUSINESS_DATA	UNKNOWN	0	0	NO_USAGE_FOUND
dex_suma	.data_base/asgard.sql	11039	DB-TABLE-7788989235B6EC	Physical table declared in .data_base/asgard.sql	Tabla candidata del dominio transversal: Tabla transversal o legacy sin prefijo funcional inequivoco. Por su nombre agrupa entidad o catalogo legacy cuyo significado debe confirmarse por uso en codigo y datos. Tiene lectura y escritura observada, por lo que probablemente participa en un flujo transaccional activo.	SEMANTIC_REVERSE_ENGINEERING_CANDIDATE	SEMANTIC_INFERENCE_REVIEW_REQUIRED	transversal	DOMAIN_ENTITY_OR_LEGACY	UNKNOWN_OR_BUSINESS_DATA	UNKNOWN	4	1	USED
dex_suma_estado_historial	.data_base/asgard.sql	11061	DB-TABLE-0809AE4EC384C8	Physical table declared in .data_base/asgard.sql	Tabla candidata del dominio transversal: Tabla transversal o legacy sin prefijo funcional inequivoco. Por su nombre agrupa estado de ciclo de vida o clasificacion operacional. Tiene lecturas observadas y parece actuar como consulta, catalogo o fuente de reporte.	SEMANTIC_REVERSE_ENGINEERING_CANDIDATE	SEMANTIC_INFERENCE_REVIEW_REQUIRED	transversal	CATALOG_STATE	UNKNOWN_OR_BUSINESS_DATA	UNKNOWN	1	0	USED
dex_tipoembarque	.data_base/asgard.sql	11077	DB-TABLE-D239D7B5D92444	Physical table declared in .data_base/asgard.sql	Tabla candidata del dominio transversal: Tabla transversal o legacy sin prefijo funcional inequivoco. Por su nombre agrupa embarque o movimiento logistico/aduanero, tipo/clasificador que parametriza la regla o pantalla. No tiene uso PHP directo en la evidencia; puede ser historica, consumida por SQL/vistas/procedimientos o estar fuera del alcance estatico.	SEMANTIC_REVERSE_ENGINEERING_CANDIDATE	SEMANTIC_INFERENCE_REVIEW_REQUIRED	transversal	DOMAIN_ENTITY_OR_LEGACY	UNKNOWN_OR_BUSINESS_DATA	UNKNOWN	0	0	NO_USAGE_FOUND
estadocuentas	.data_base/asgard.sql	11088	DB-TABLE-1FC06E828EBC32	Physical table declared in .data_base/asgard.sql	Tabla candidata del dominio transversal: Tabla transversal o legacy sin prefijo funcional inequivoco. Por su nombre agrupa estado de ciclo de vida o clasificacion operacional. No tiene uso PHP directo en la evidencia; puede ser historica, consumida por SQL/vistas/procedimientos o estar fuera del alcance estatico.	SEMANTIC_REVERSE_ENGINEERING_CANDIDATE	SEMANTIC_INFERENCE_REVIEW_REQUIRED	transversal	DOMAIN_ENTITY_OR_LEGACY	UNKNOWN_OR_BUSINESS_DATA	UNKNOWN	0	0	NO_USAGE_FOUND
f_id_datos_reporte_semanal_cbn	.data_base/asgard.sql	11110	DB-TABLE-F76C66749A9868	Physical table declared in .data_base/asgard.sql	Tabla candidata del dominio transversal: Tabla transversal o legacy sin prefijo funcional inequivoco. Por su nombre agrupa reporte, salida agregada o consulta de gestion, reportes, salidas agregadas o consultas de gestion. No tiene uso PHP directo en la evidencia; puede ser historica, consumida por SQL/vistas/procedimientos o estar fuera del alcance estatico.	SEMANTIC_REVERSE_ENGINEERING_CANDIDATE	SEMANTIC_INFERENCE_REVIEW_REQUIRED	transversal	DOMAIN_ENTITY_OR_LEGACY	UNKNOWN_OR_BUSINESS_DATA	UNKNOWN	0	0	NO_USAGE_FOUND
f_id_exchange_documents_local	.data_base/asgard.sql	11122	DB-TABLE-5D829CAA54719C	Physical table declared in .data_base/asgard.sql	Tabla candidata del dominio transversal: Tabla transversal o legacy sin prefijo funcional inequivoco. Por su nombre agrupa entidad o catalogo legacy cuyo significado debe confirmarse por uso en codigo y datos. No tiene uso PHP directo en la evidencia; puede ser historica, consumida por SQL/vistas/procedimientos o estar fuera del alcance estatico.	SEMANTIC_REVERSE_ENGINEERING_CANDIDATE	SEMANTIC_INFERENCE_REVIEW_REQUIRED	transversal	DOMAIN_ENTITY_OR_LEGACY	UNKNOWN_OR_BUSINESS_DATA	UNKNOWN	0	0	NO_USAGE_FOUND
f_v_id_exchange_documents_local	.data_base/asgard.sql	11145	DB-TABLE-CB8260266890F2	Physical table declared in .data_base/asgard.sql	Tabla candidata del dominio transversal: Tabla transversal o legacy sin prefijo funcional inequivoco. Por su nombre agrupa entidad o catalogo legacy cuyo significado debe confirmarse por uso en codigo y datos. No tiene uso PHP directo en la evidencia; puede ser historica, consumida por SQL/vistas/procedimientos o estar fuera del alcance estatico.	SEMANTIC_REVERSE_ENGINEERING_CANDIDATE	SEMANTIC_INFERENCE_REVIEW_REQUIRED	transversal	DOMAIN_ENTITY_OR_LEGACY	UNKNOWN_OR_BUSINESS_DATA	UNKNOWN	0	0	NO_USAGE_FOUND
failed_jobs	.data_base/asgard.sql	11156	DB-TABLE-8CA41CFDDD2841	Physical table declared in .data_base/asgard.sql	Tabla candidata del dominio transversal: Tabla transversal o legacy sin prefijo funcional inequivoco. Por su nombre agrupa entidad o catalogo legacy cuyo significado debe confirmarse por uso en codigo y datos. No tiene uso PHP directo en la evidencia; puede ser historica, consumida por SQL/vistas/procedimientos o estar fuera del alcance estatico.	SEMANTIC_REVERSE_ENGINEERING_CANDIDATE	SEMANTIC_INFERENCE_REVIEW_REQUIRED	transversal	DOMAIN_ENTITY_OR_LEGACY	UNKNOWN_OR_BUSINESS_DATA	UNKNOWN	0	0	NO_USAGE_FOUND
ges_clientegestortransporte	.data_base/asgard.sql	11172	DB-TABLE-541564023DED47	Physical table declared in .data_base/asgard.sql	Tabla candidata del dominio ges: Gestion administrativa u operativa transversal. Por su nombre agrupa cliente/tenant propietario de la operacion o filtro de visibilidad. Tiene lectura y escritura observada, por lo que probablemente participa en un flujo transaccional activo.	SEMANTIC_REVERSE_ENGINEERING_CANDIDATE	SEMANTIC_INFERENCE_REVIEW_REQUIRED	ges	DOMAIN_ENTITY_OR_LEGACY	UNKNOWN_OR_BUSINESS_DATA	UNKNOWN	2	1	USED
ges_gestores_contactos	.data_base/asgard.sql	11183	DB-TABLE-28479D55F92D5D	Physical table declared in .data_base/asgard.sql	Tabla candidata del dominio ges: Gestion administrativa u operativa transversal. Por su nombre agrupa personas de contacto y sus datos de comunicacion, persona de contacto y sus datos de comunicacion. Tiene lectura y escritura observada, por lo que probablemente participa en un flujo transaccional activo.	SEMANTIC_REVERSE_ENGINEERING_CANDIDATE	SEMANTIC_INFERENCE_REVIEW_REQUIRED	ges	DOMAIN_ENTITY_OR_LEGACY	LIKELY_PERSONAL_OR_SENSITIVE	UNKNOWN	3	1	USED
ges_gestores_transporte	.data_base/asgard.sql	11200	DB-TABLE-117D40B08A14ED	Physical table declared in .data_base/asgard.sql	Tabla candidata del dominio ges: Gestion administrativa u operativa transversal. Por su nombre agrupa entidad o catalogo legacy cuyo significado debe confirmarse por uso en codigo y datos. Tiene lectura y escritura observada, por lo que probablemente participa en un flujo transaccional activo.	SEMANTIC_REVERSE_ENGINEERING_CANDIDATE	SEMANTIC_INFERENCE_REVIEW_REQUIRED	ges	DOMAIN_ENTITY_OR_LEGACY	UNKNOWN_OR_BUSINESS_DATA	UNKNOWN	5	1	USED
ges_gestoresdocumentos	.data_base/asgard.sql	11230	DB-TABLE-522168971589F6	Physical table declared in .data_base/asgard.sql	Tabla candidata del dominio ges: Gestion administrativa u operativa transversal. Por su nombre agrupa documentos o soportes asociados al expediente, documento o soporte asociado al expediente. Tiene lectura y escritura observada, por lo que probablemente participa en un flujo transaccional activo.	SEMANTIC_REVERSE_ENGINEERING_CANDIDATE	SEMANTIC_INFERENCE_REVIEW_REQUIRED	ges	DOMAIN_ENTITY_OR_LEGACY	UNKNOWN_OR_BUSINESS_DATA	UNKNOWN	1	1	USED
ges_tipo_contactos	.data_base/asgard.sql	11247	DB-TABLE-D7893AACB509A8	Physical table declared in .data_base/asgard.sql	Tabla candidata del dominio ges: Gestion administrativa u operativa transversal. Por su nombre agrupa tipo/clasificador que parametriza la regla o pantalla, personas de contacto y sus datos de comunicacion, persona de contacto y sus datos de comunicacion. Tiene lecturas observadas y parece actuar como consulta, catalogo o fuente de reporte.	SEMANTIC_REVERSE_ENGINEERING_CANDIDATE	SEMANTIC_INFERENCE_REVIEW_REQUIRED	ges	REFERENCE_DATA	LIKELY_PERSONAL_OR_SENSITIVE	UNKNOWN	1	0	USED
hist_cliente	.data_base/asgard.sql	11261	DB-TABLE-BF4448374D2010	Physical table declared in .data_base/asgard.sql	Tabla candidata del dominio transversal: Tabla transversal o legacy sin prefijo funcional inequivoco. Por su nombre agrupa cliente/tenant propietario de la operacion o filtro de visibilidad. Tiene escrituras observadas sin lecturas directas en la evidencia disponible; revisar si es staging, log o tabla consumida indirectamente.	SEMANTIC_REVERSE_ENGINEERING_CANDIDATE	SEMANTIC_INFERENCE_REVIEW_REQUIRED	transversal	DOMAIN_ENTITY_OR_LEGACY	UNKNOWN_OR_BUSINESS_DATA	UNKNOWN	0	1	USED
hist_usuario	.data_base/asgard.sql	11274	DB-TABLE-94D2D1C0CFE388	Physical table declared in .data_base/asgard.sql	Tabla candidata del dominio transversal: Tabla transversal o legacy sin prefijo funcional inequivoco. Por su nombre agrupa entidad o catalogo legacy cuyo significado debe confirmarse por uso en codigo y datos. Tiene escrituras observadas sin lecturas directas en la evidencia disponible; revisar si es staging, log o tabla consumida indirectamente.	SEMANTIC_REVERSE_ENGINEERING_CANDIDATE	SEMANTIC_INFERENCE_REVIEW_REQUIRED	transversal	DOMAIN_ENTITY_OR_LEGACY	LIKELY_PERSONAL_OR_SENSITIVE	UNKNOWN	0	1	USED
inventario_accesorios	.data_base/asgard.sql	11289	DB-TABLE-F75418CE6BA4AE	Physical table declared in .data_base/asgard.sql	Tabla candidata del dominio transversal: Tabla transversal o legacy sin prefijo funcional inequivoco. Por su nombre agrupa entidad o catalogo legacy cuyo significado debe confirmarse por uso en codigo y datos. Tiene lecturas observadas y parece actuar como consulta, catalogo o fuente de reporte.	SEMANTIC_REVERSE_ENGINEERING_CANDIDATE	SEMANTIC_INFERENCE_REVIEW_REQUIRED	transversal	DOMAIN_ENTITY_OR_LEGACY	UNKNOWN_OR_BUSINESS_DATA	UNKNOWN	1	0	USED
inventario_embarques_reportados	.data_base/asgard.sql	11308	DB-TABLE-93810D5EC5FDB8	Physical table declared in .data_base/asgard.sql	Tabla candidata del dominio transversal: Tabla transversal o legacy sin prefijo funcional inequivoco. Por su nombre agrupa embarques o movimientos logisticos/aduaneros, embarque o movimiento logistico/aduanero. No tiene uso PHP directo en la evidencia; puede ser historica, consumida por SQL/vistas/procedimientos o estar fuera del alcance estatico.	SEMANTIC_REVERSE_ENGINEERING_CANDIDATE	SEMANTIC_INFERENCE_REVIEW_REQUIRED	transversal	DOMAIN_ENTITY_OR_LEGACY	UNKNOWN_OR_BUSINESS_DATA	UNKNOWN	0	0	NO_USAGE_FOUND
inventario_facturacion_chasis	.data_base/asgard.sql	11326	DB-TABLE-0CDB12C27B4DF3	Physical table declared in .data_base/asgard.sql	Tabla candidata del dominio vehiculos: Gestion vehicular, importacion, inventario, documentos y facturacion asociada. Por su nombre agrupa factura o documento economico/comercial. No tiene uso PHP directo en la evidencia; puede ser historica, consumida por SQL/vistas/procedimientos o estar fuera del alcance estatico.	SEMANTIC_REVERSE_ENGINEERING_CANDIDATE	SEMANTIC_INFERENCE_REVIEW_REQUIRED	vehiculos	DOMAIN_ENTITY_OR_LEGACY	LIKELY_PERSONAL_OR_SENSITIVE	UNKNOWN	0	0	NO_USAGE_FOUND
inventario_facturacion_periodo	.data_base/asgard.sql	11341	DB-TABLE-705D60E44F096E	Physical table declared in .data_base/asgard.sql	Tabla candidata del dominio transversal: Tabla transversal o legacy sin prefijo funcional inequivoco. Por su nombre agrupa factura o documento economico/comercial. No tiene uso PHP directo en la evidencia; puede ser historica, consumida por SQL/vistas/procedimientos o estar fuera del alcance estatico.	SEMANTIC_REVERSE_ENGINEERING_CANDIDATE	SEMANTIC_INFERENCE_REVIEW_REQUIRED	transversal	DOMAIN_ENTITY_OR_LEGACY	LIKELY_PERSONAL_OR_SENSITIVE	UNKNOWN	0	0	NO_USAGE_FOUND
inventario_historico_imcruz	.data_base/asgard.sql	11361	DB-TABLE-7F9226FE98D5C2	Physical table declared in .data_base/asgard.sql	Tabla candidata del dominio transversal: Tabla transversal o legacy sin prefijo funcional inequivoco. Por su nombre agrupa entidad o catalogo legacy cuyo significado debe confirmarse por uso en codigo y datos. No tiene uso PHP directo en la evidencia; puede ser historica, consumida por SQL/vistas/procedimientos o estar fuera del alcance estatico.	SEMANTIC_REVERSE_ENGINEERING_CANDIDATE	SEMANTIC_INFERENCE_REVIEW_REQUIRED	transversal	DOMAIN_ENTITY_OR_LEGACY	UNKNOWN_OR_BUSINESS_DATA	UNKNOWN	0	0	NO_USAGE_FOUND
inventario_instancias_envio_mensajes	.data_base/asgard.sql	11394	DB-TABLE-BC5AA326E6B557	Physical table declared in .data_base/asgard.sql	Tabla candidata del dominio transversal: Tabla transversal o legacy sin prefijo funcional inequivoco. Por su nombre agrupa entidad o catalogo legacy cuyo significado debe confirmarse por uso en codigo y datos. No tiene uso PHP directo en la evidencia; puede ser historica, consumida por SQL/vistas/procedimientos o estar fuera del alcance estatico.	SEMANTIC_REVERSE_ENGINEERING_CANDIDATE	SEMANTIC_INFERENCE_REVIEW_REQUIRED	transversal	DOMAIN_ENTITY_OR_LEGACY	LIKELY_PERSONAL_OR_SENSITIVE	UNKNOWN	0	0	NO_USAGE_FOUND
inventario_parametros	.data_base/asgard.sql	11410	DB-TABLE-390268DF360BBE	Physical table declared in .data_base/asgard.sql	Tabla candidata del dominio transversal: Tabla transversal o legacy sin prefijo funcional inequivoco. Por su nombre agrupa parametros configurables usados por reglas de negocio, parametro configurable usado por reglas de negocio. Tiene lectura y escritura observada, por lo que probablemente participa en un flujo transaccional activo.	SEMANTIC_REVERSE_ENGINEERING_CANDIDATE	SEMANTIC_INFERENCE_REVIEW_REQUIRED	transversal	REFERENCE_DATA	UNKNOWN_OR_BUSINESS_DATA	UNKNOWN	1	1	USED
inventario_partes_mercancias	.data_base/asgard.sql	11437	DB-TABLE-B3428C9A3CFD7D	Physical table declared in .data_base/asgard.sql	Tabla candidata del dominio transversal: Tabla transversal o legacy sin prefijo funcional inequivoco. Por su nombre agrupa mercancias o items objeto de transporte/declaracion, mercancia o item objeto de transporte/declaracion. Tiene lecturas observadas y parece actuar como consulta, catalogo o fuente de reporte.	SEMANTIC_REVERSE_ENGINEERING_CANDIDATE	SEMANTIC_INFERENCE_REVIEW_REQUIRED	transversal	DOMAIN_ENTITY_OR_LEGACY	LIKELY_PERSONAL_OR_SENSITIVE	UNKNOWN	1	0	USED
inventario_partes_recepciones	.data_base/asgard.sql	11454	DB-TABLE-B3E3A06FEBF8BA	Physical table declared in .data_base/asgard.sql	Tabla candidata del dominio transversal: Tabla transversal o legacy sin prefijo funcional inequivoco. Por su nombre agrupa entidad o catalogo legacy cuyo significado debe confirmarse por uso en codigo y datos. No tiene uso PHP directo en la evidencia; puede ser historica, consumida por SQL/vistas/procedimientos o estar fuera del alcance estatico.	SEMANTIC_REVERSE_ENGINEERING_CANDIDATE	SEMANTIC_INFERENCE_REVIEW_REQUIRED	transversal	DOMAIN_ENTITY_OR_LEGACY	LIKELY_PERSONAL_OR_SENSITIVE	UNKNOWN	0	0	NO_USAGE_FOUND
inventario_registros_accesorios	.data_base/asgard.sql	11477	DB-TABLE-B57DD77FE85841	Physical table declared in .data_base/asgard.sql	Tabla candidata del dominio transversal: Tabla transversal o legacy sin prefijo funcional inequivoco. Por su nombre agrupa entidad o catalogo legacy cuyo significado debe confirmarse por uso en codigo y datos. Tiene lectura y escritura observada, por lo que probablemente participa en un flujo transaccional activo.	SEMANTIC_REVERSE_ENGINEERING_CANDIDATE	SEMANTIC_INFERENCE_REVIEW_REQUIRED	transversal	DOMAIN_ENTITY_OR_LEGACY	UNKNOWN_OR_BUSINESS_DATA	UNKNOWN	1	1	USED
inventario_registros_contaminaciones	.data_base/asgard.sql	11505	DB-TABLE-29BDFB77A6148A	Physical table declared in .data_base/asgard.sql	Tabla candidata del dominio transversal: Tabla transversal o legacy sin prefijo funcional inequivoco. Por su nombre agrupa entidad o catalogo legacy cuyo significado debe confirmarse por uso en codigo y datos. Tiene lectura y escritura observada, por lo que probablemente participa en un flujo transaccional activo.	SEMANTIC_REVERSE_ENGINEERING_CANDIDATE	SEMANTIC_INFERENCE_REVIEW_REQUIRED	transversal	DOMAIN_ENTITY_OR_LEGACY	LIKELY_PERSONAL_OR_SENSITIVE	UNKNOWN	1	1	USED
inventario_registros_desperfectos	.data_base/asgard.sql	11531	DB-TABLE-A17F8E11E5AE19	Physical table declared in .data_base/asgard.sql	Tabla candidata del dominio transversal: Tabla transversal o legacy sin prefijo funcional inequivoco. Por su nombre agrupa entidad o catalogo legacy cuyo significado debe confirmarse por uso en codigo y datos. Tiene lecturas observadas y parece actuar como consulta, catalogo o fuente de reporte.	SEMANTIC_REVERSE_ENGINEERING_CANDIDATE	SEMANTIC_INFERENCE_REVIEW_REQUIRED	transversal	DOMAIN_ENTITY_OR_LEGACY	UNKNOWN_OR_BUSINESS_DATA	UNKNOWN	2	0	USED
inventario_registros_partes_mercancia	.data_base/asgard.sql	11547	DB-TABLE-908CD4D6B37E2D	Physical table declared in .data_base/asgard.sql	Tabla candidata del dominio transversal: Tabla transversal o legacy sin prefijo funcional inequivoco. Por su nombre agrupa mercancia o item objeto de transporte/declaracion. Tiene lectura y escritura observada, por lo que probablemente participa en un flujo transaccional activo.	SEMANTIC_REVERSE_ENGINEERING_CANDIDATE	SEMANTIC_INFERENCE_REVIEW_REQUIRED	transversal	DOMAIN_ENTITY_OR_LEGACY	LIKELY_PERSONAL_OR_SENSITIVE	UNKNOWN	1	1	USED
inventario_registros_recuentos_vehiculos	.data_base/asgard.sql	11574	DB-TABLE-AA28EBF450BDEC	Physical table declared in .data_base/asgard.sql	Tabla candidata del dominio vehiculos: Gestion vehicular, importacion, inventario, documentos y facturacion asociada. Por su nombre agrupa entidad o catalogo legacy cuyo significado debe confirmarse por uso en codigo y datos. No tiene uso PHP directo en la evidencia; puede ser historica, consumida por SQL/vistas/procedimientos o estar fuera del alcance estatico.	SEMANTIC_REVERSE_ENGINEERING_CANDIDATE	SEMANTIC_INFERENCE_REVIEW_REQUIRED	vehiculos	DOMAIN_ENTITY_OR_LEGACY	UNKNOWN_OR_BUSINESS_DATA	UNKNOWN	0	0	NO_USAGE_FOUND
inventario_registros_ubicaciones_desperfectos	.data_base/asgard.sql	11600	DB-TABLE-6AE074ECEEE833	Physical table declared in .data_base/asgard.sql	Tabla candidata del dominio transversal: Tabla transversal o legacy sin prefijo funcional inequivoco. Por su nombre agrupa entidad o catalogo legacy cuyo significado debe confirmarse por uso en codigo y datos. Tiene lecturas observadas y parece actuar como consulta, catalogo o fuente de reporte.	SEMANTIC_REVERSE_ENGINEERING_CANDIDATE	SEMANTIC_INFERENCE_REVIEW_REQUIRED	transversal	DOMAIN_ENTITY_OR_LEGACY	LIKELY_PERSONAL_OR_SENSITIVE	UNKNOWN	2	0	USED
inventario_tipos_atributos	.data_base/asgard.sql	11617	DB-TABLE-DF78F5DAB60B80	Physical table declared in .data_base/asgard.sql	Tabla candidata del dominio transversal: Tabla transversal o legacy sin prefijo funcional inequivoco. Por su nombre agrupa tipos/clasificadores que parametrizan reglas o pantallas, tipo/clasificador que parametriza la regla o pantalla. No tiene uso PHP directo en la evidencia; puede ser historica, consumida por SQL/vistas/procedimientos o estar fuera del alcance estatico.	SEMANTIC_REVERSE_ENGINEERING_CANDIDATE	SEMANTIC_INFERENCE_REVIEW_REQUIRED	transversal	REFERENCE_DATA	UNKNOWN_OR_BUSINESS_DATA	UNKNOWN	0	0	NO_USAGE_FOUND
inventario_tipos_contaminaciones	.data_base/asgard.sql	11633	DB-TABLE-5134C4D6B0F91D	Physical table declared in .data_base/asgard.sql	Tabla candidata del dominio transversal: Tabla transversal o legacy sin prefijo funcional inequivoco. Por su nombre agrupa tipos/clasificadores que parametrizan reglas o pantallas, tipo/clasificador que parametriza la regla o pantalla. Tiene lecturas observadas y parece actuar como consulta, catalogo o fuente de reporte.	SEMANTIC_REVERSE_ENGINEERING_CANDIDATE	SEMANTIC_INFERENCE_REVIEW_REQUIRED	transversal	REFERENCE_DATA	LIKELY_PERSONAL_OR_SENSITIVE	UNKNOWN	1	0	USED
inventario_tipos_desperfectos	.data_base/asgard.sql	11650	DB-TABLE-D22474B45E27F6	Physical table declared in .data_base/asgard.sql	Tabla candidata del dominio transversal: Tabla transversal o legacy sin prefijo funcional inequivoco. Por su nombre agrupa tipos/clasificadores que parametrizan reglas o pantallas, tipo/clasificador que parametriza la regla o pantalla. Tiene lecturas observadas y parece actuar como consulta, catalogo o fuente de reporte.	SEMANTIC_REVERSE_ENGINEERING_CANDIDATE	SEMANTIC_INFERENCE_REVIEW_REQUIRED	transversal	REFERENCE_DATA	UNKNOWN_OR_BUSINESS_DATA	UNKNOWN	1	0	USED
inventario_tipos_inventarios	.data_base/asgard.sql	11666	DB-TABLE-BFB54C81FD28EE	Physical table declared in .data_base/asgard.sql	Tabla candidata del dominio transversal: Tabla transversal o legacy sin prefijo funcional inequivoco. Por su nombre agrupa tipos/clasificadores que parametrizan reglas o pantallas, tipo/clasificador que parametriza la regla o pantalla. No tiene uso PHP directo en la evidencia; puede ser historica, consumida por SQL/vistas/procedimientos o estar fuera del alcance estatico.	SEMANTIC_REVERSE_ENGINEERING_CANDIDATE	SEMANTIC_INFERENCE_REVIEW_REQUIRED	transversal	REFERENCE_DATA	UNKNOWN_OR_BUSINESS_DATA	UNKNOWN	0	0	NO_USAGE_FOUND
inventario_tipos_locales	.data_base/asgard.sql	11682	DB-TABLE-FBF655A7F8F132	Physical table declared in .data_base/asgard.sql	Tabla candidata del dominio transversal: Tabla transversal o legacy sin prefijo funcional inequivoco. Por su nombre agrupa tipos/clasificadores que parametrizan reglas o pantallas, tipo/clasificador que parametriza la regla o pantalla. Tiene lecturas observadas y parece actuar como consulta, catalogo o fuente de reporte.	SEMANTIC_REVERSE_ENGINEERING_CANDIDATE	SEMANTIC_INFERENCE_REVIEW_REQUIRED	transversal	REFERENCE_DATA	UNKNOWN_OR_BUSINESS_DATA	UNKNOWN	1	0	USED
inventario_ubicaciones_desperfectos	.data_base/asgard.sql	11696	DB-TABLE-05E8B2EBFCACB8	Physical table declared in .data_base/asgard.sql	Tabla candidata del dominio transversal: Tabla transversal o legacy sin prefijo funcional inequivoco. Por su nombre agrupa entidad o catalogo legacy cuyo significado debe confirmarse por uso en codigo y datos. Tiene lecturas observadas y parece actuar como consulta, catalogo o fuente de reporte.	SEMANTIC_REVERSE_ENGINEERING_CANDIDATE	SEMANTIC_INFERENCE_REVIEW_REQUIRED	transversal	DOMAIN_ENTITY_OR_LEGACY	LIKELY_PERSONAL_OR_SENSITIVE	UNKNOWN	1	0	USED
jobs	.data_base/asgard.sql	11709	DB-TABLE-F02138221FBBB1	Physical table declared in .data_base/asgard.sql	Tabla candidata del dominio transversal: Tabla transversal o legacy sin prefijo funcional inequivoco. Por su nombre agrupa entidad o catalogo legacy cuyo significado debe confirmarse por uso en codigo y datos. No tiene uso PHP directo en la evidencia; puede ser historica, consumida por SQL/vistas/procedimientos o estar fuera del alcance estatico.	SEMANTIC_REVERSE_ENGINEERING_CANDIDATE	SEMANTIC_INFERENCE_REVIEW_REQUIRED	transversal	DOMAIN_ENTITY_OR_LEGACY	UNKNOWN_OR_BUSINESS_DATA	UNKNOWN	0	0	NO_USAGE_FOUND
log_asgard_cloud	.data_base/asgard.sql	11724	DB-TABLE-E636F78A18897F	Physical table declared in .data_base/asgard.sql	Tabla candidata del dominio transversal: Tabla transversal o legacy sin prefijo funcional inequivoco. Por su nombre agrupa entidad o catalogo legacy cuyo significado debe confirmarse por uso en codigo y datos. No tiene uso PHP directo en la evidencia; puede ser historica, consumida por SQL/vistas/procedimientos o estar fuera del alcance estatico.	SEMANTIC_REVERSE_ENGINEERING_CANDIDATE	SEMANTIC_INFERENCE_REVIEW_REQUIRED	transversal	AUDIT_LOG	UNKNOWN_OR_BUSINESS_DATA	UNKNOWN	0	0	NO_USAGE_FOUND
log_asgard_ecosistema	.data_base/asgard.sql	11748	DB-TABLE-4BD2EEF8BD1878	Physical table declared in .data_base/asgard.sql	Tabla candidata del dominio transversal: Tabla transversal o legacy sin prefijo funcional inequivoco. Por su nombre agrupa entidad o catalogo legacy cuyo significado debe confirmarse por uso en codigo y datos. Tiene lectura y escritura observada, por lo que probablemente participa en un flujo transaccional activo.	SEMANTIC_REVERSE_ENGINEERING_CANDIDATE	SEMANTIC_INFERENCE_REVIEW_REQUIRED	transversal	AUDIT_LOG	UNKNOWN_OR_BUSINESS_DATA	UNKNOWN	1	2	USED
log_asgard_interno	.data_base/asgard.sql	11778	DB-TABLE-5BF38A7674FA3E	Physical table declared in .data_base/asgard.sql	Tabla candidata del dominio transversal: Tabla transversal o legacy sin prefijo funcional inequivoco. Por su nombre agrupa entidad o catalogo legacy cuyo significado debe confirmarse por uso en codigo y datos. No tiene uso PHP directo en la evidencia; puede ser historica, consumida por SQL/vistas/procedimientos o estar fuera del alcance estatico.	SEMANTIC_REVERSE_ENGINEERING_CANDIDATE	SEMANTIC_INFERENCE_REVIEW_REQUIRED	transversal	AUDIT_LOG	UNKNOWN_OR_BUSINESS_DATA	UNKNOWN	0	0	NO_USAGE_FOUND
log_ovp	.data_base/asgard.sql	11809	DB-TABLE-095FC1339A643B	Physical table declared in .data_base/asgard.sql	Tabla candidata del dominio transversal: Tabla transversal o legacy sin prefijo funcional inequivoco. Por su nombre agrupa entidad o catalogo legacy cuyo significado debe confirmarse por uso en codigo y datos. No tiene uso PHP directo en la evidencia; puede ser historica, consumida por SQL/vistas/procedimientos o estar fuera del alcance estatico.	SEMANTIC_REVERSE_ENGINEERING_CANDIDATE	SEMANTIC_INFERENCE_REVIEW_REQUIRED	transversal	AUDIT_LOG	UNKNOWN_OR_BUSINESS_DATA	UNKNOWN	0	0	NO_USAGE_FOUND
log_robots	.data_base/asgard.sql	11833	DB-TABLE-FCFC9FC4DE0E77	Physical table declared in .data_base/asgard.sql	Tabla candidata del dominio transversal: Tabla transversal o legacy sin prefijo funcional inequivoco. Por su nombre agrupa entidad o catalogo legacy cuyo significado debe confirmarse por uso en codigo y datos. No tiene uso PHP directo en la evidencia; puede ser historica, consumida por SQL/vistas/procedimientos o estar fuera del alcance estatico.	SEMANTIC_REVERSE_ENGINEERING_CANDIDATE	SEMANTIC_INFERENCE_REVIEW_REQUIRED	transversal	AUDIT_LOG	UNKNOWN_OR_BUSINESS_DATA	UNKNOWN	0	0	NO_USAGE_FOUND
logis_aeropuertos	.data_base/asgard.sql	11847	DB-TABLE-E15ADA955DD03B	Physical table declared in .data_base/asgard.sql	Tabla candidata del dominio logis: Gestion logistica: cotizaciones, cargas, rutas, puertos, contenedores, entregas y seguimiento. Por su nombre agrupa aeropuerto usado como origen, destino o referencia logistica, puerto usado como origen, destino o referencia logistica. Tiene lecturas observadas y parece actuar como consulta, catalogo o fuente de reporte.	SEMANTIC_REVERSE_ENGINEERING_CANDIDATE	SEMANTIC_INFERENCE_REVIEW_REQUIRED	logis	DOMAIN_ENTITY_OR_LEGACY	UNKNOWN_OR_BUSINESS_DATA	UNKNOWN	2	0	USED
logis_agenciaaduana	.data_base/asgard.sql	11867	DB-TABLE-5D5BD9546A95FB	Physical table declared in .data_base/asgard.sql	Tabla candidata del dominio logis: Gestion logistica: cotizaciones, cargas, rutas, puertos, contenedores, entregas y seguimiento. Por su nombre agrupa aduana o entidad/parametro del tramite aduanero. No tiene uso PHP directo en la evidencia; puede ser historica, consumida por SQL/vistas/procedimientos o estar fuera del alcance estatico.	SEMANTIC_REVERSE_ENGINEERING_CANDIDATE	SEMANTIC_INFERENCE_REVIEW_REQUIRED	logis	DOMAIN_ENTITY_OR_LEGACY	LIKELY_PERSONAL_OR_SENSITIVE	UNKNOWN	0	0	NO_USAGE_FOUND
logis_categorias_costos	.data_base/asgard.sql	11894	DB-TABLE-E1E0209B69CBE6	Physical table declared in .data_base/asgard.sql	Tabla candidata del dominio logis: Gestion logistica: cotizaciones, cargas, rutas, puertos, contenedores, entregas y seguimiento. Por su nombre agrupa costos, gastos o valores economicos asociados a la operacion, costo, gasto o valor economico asociado a la operacion. Tiene lecturas observadas y parece actuar como consulta, catalogo o fuente de reporte.	SEMANTIC_REVERSE_ENGINEERING_CANDIDATE	SEMANTIC_INFERENCE_REVIEW_REQUIRED	logis	DOMAIN_ENTITY_OR_LEGACY	UNKNOWN_OR_BUSINESS_DATA	UNKNOWN	1	0	USED
logis_clientetipocontactos	.data_base/asgard.sql	11907	DB-TABLE-3B690E0A2C14D1	Physical table declared in .data_base/asgard.sql	Tabla candidata del dominio logis: Gestion logistica: cotizaciones, cargas, rutas, puertos, contenedores, entregas y seguimiento. Por su nombre agrupa personas de contacto y sus datos de comunicacion, persona de contacto y sus datos de comunicacion, cliente/tenant propietario de la operacion o filtro de visibilidad, tipo/clasificador que parametriza la regla o pantalla. No tiene uso PHP directo en la evidencia; puede ser historica, consumida por SQL/vistas/procedimientos o estar fuera del alcance estatico.	SEMANTIC_REVERSE_ENGINEERING_CANDIDATE	SEMANTIC_INFERENCE_REVIEW_REQUIRED	logis	DOMAIN_ENTITY_OR_LEGACY	LIKELY_PERSONAL_OR_SENSITIVE	UNKNOWN	0	0	NO_USAGE_FOUND
logis_contactos_operadores	.data_base/asgard.sql	11917	DB-TABLE-904C11CE61D8B4	Physical table declared in .data_base/asgard.sql	Tabla candidata del dominio logis: Gestion logistica: cotizaciones, cargas, rutas, puertos, contenedores, entregas y seguimiento. Por su nombre agrupa personas de contacto y sus datos de comunicacion, persona de contacto y sus datos de comunicacion. Tiene lecturas observadas y parece actuar como consulta, catalogo o fuente de reporte.	SEMANTIC_REVERSE_ENGINEERING_CANDIDATE	SEMANTIC_INFERENCE_REVIEW_REQUIRED	logis	DOMAIN_ENTITY_OR_LEGACY	LIKELY_PERSONAL_OR_SENSITIVE	UNKNOWN	3	0	USED
logis_contenedor	.data_base/asgard.sql	11937	DB-TABLE-FEF3460B789762	Physical table declared in .data_base/asgard.sql	Tabla candidata del dominio logis: Gestion logistica: cotizaciones, cargas, rutas, puertos, contenedores, entregas y seguimiento. Por su nombre agrupa contenedor o unidad de transporte. Tiene lecturas observadas y parece actuar como consulta, catalogo o fuente de reporte.	SEMANTIC_REVERSE_ENGINEERING_CANDIDATE	SEMANTIC_INFERENCE_REVIEW_REQUIRED	logis	DOMAIN_ENTITY_OR_LEGACY	UNKNOWN_OR_BUSINESS_DATA	UNKNOWN	2	0	USED
logis_costos	.data_base/asgard.sql	11948	DB-TABLE-CA7B5A849B5AA2	Physical table declared in .data_base/asgard.sql	Tabla candidata del dominio logis: Gestion logistica: cotizaciones, cargas, rutas, puertos, contenedores, entregas y seguimiento. Por su nombre agrupa costos, gastos o valores economicos asociados a la operacion, costo, gasto o valor economico asociado a la operacion. Tiene lectura y escritura observada, por lo que probablemente participa en un flujo transaccional activo.	SEMANTIC_REVERSE_ENGINEERING_CANDIDATE	SEMANTIC_INFERENCE_REVIEW_REQUIRED	logis	DOMAIN_ENTITY_OR_LEGACY	UNKNOWN_OR_BUSINESS_DATA	UNKNOWN	3	1	USED
logis_costos_concepto	.data_base/asgard.sql	11966	DB-TABLE-35BF09CD698CDE	Physical table declared in .data_base/asgard.sql	Tabla candidata del dominio logis: Gestion logistica: cotizaciones, cargas, rutas, puertos, contenedores, entregas y seguimiento. Por su nombre agrupa costos, gastos o valores economicos asociados a la operacion, costo, gasto o valor economico asociado a la operacion. Tiene lecturas observadas y parece actuar como consulta, catalogo o fuente de reporte.	SEMANTIC_REVERSE_ENGINEERING_CANDIDATE	SEMANTIC_INFERENCE_REVIEW_REQUIRED	logis	DOMAIN_ENTITY_OR_LEGACY	UNKNOWN_OR_BUSINESS_DATA	UNKNOWN	1	0	USED
logis_costos_detalle	.data_base/asgard.sql	11980	DB-TABLE-92F3DD90231D66	Physical table declared in .data_base/asgard.sql	Tabla candidata del dominio logis: Gestion logistica: cotizaciones, cargas, rutas, puertos, contenedores, entregas y seguimiento. Por su nombre agrupa costos, gastos o valores economicos asociados a la operacion, costo, gasto o valor economico asociado a la operacion. Tiene lectura y escritura observada, por lo que probablemente participa en un flujo transaccional activo.	SEMANTIC_REVERSE_ENGINEERING_CANDIDATE	SEMANTIC_INFERENCE_REVIEW_REQUIRED	logis	DOMAIN_ENTITY_OR_LEGACY	UNKNOWN_OR_BUSINESS_DATA	UNKNOWN	3	1	USED
logis_costosconcepto	.data_base/asgard.sql	11998	DB-TABLE-6C44D1557FB6A5	Physical table declared in .data_base/asgard.sql	Tabla candidata del dominio logis: Gestion logistica: cotizaciones, cargas, rutas, puertos, contenedores, entregas y seguimiento. Por su nombre agrupa costos, gastos o valores economicos asociados a la operacion, costo, gasto o valor economico asociado a la operacion. Tiene lecturas observadas y parece actuar como consulta, catalogo o fuente de reporte.	SEMANTIC_REVERSE_ENGINEERING_CANDIDATE	SEMANTIC_INFERENCE_REVIEW_REQUIRED	logis	DOMAIN_ENTITY_OR_LEGACY	UNKNOWN_OR_BUSINESS_DATA	UNKNOWN	2	0	USED
logis_costosdetalles	.data_base/asgard.sql	12014	DB-TABLE-533C60E8C14367	Physical table declared in .data_base/asgard.sql	Tabla candidata del dominio logis: Gestion logistica: cotizaciones, cargas, rutas, puertos, contenedores, entregas y seguimiento. Por su nombre agrupa costos, gastos o valores economicos asociados a la operacion, costo, gasto o valor economico asociado a la operacion. Tiene lecturas observadas y parece actuar como consulta, catalogo o fuente de reporte.	SEMANTIC_REVERSE_ENGINEERING_CANDIDATE	SEMANTIC_INFERENCE_REVIEW_REQUIRED	logis	DOMAIN_ENTITY_OR_LEGACY	UNKNOWN_OR_BUSINESS_DATA	UNKNOWN	1	0	USED
logis_costosgrupo	.data_base/asgard.sql	12030	DB-TABLE-94349BC6457EE5	Physical table declared in .data_base/asgard.sql	Tabla candidata del dominio logis: Gestion logistica: cotizaciones, cargas, rutas, puertos, contenedores, entregas y seguimiento. Por su nombre agrupa costos, gastos o valores economicos asociados a la operacion, costo, gasto o valor economico asociado a la operacion. Tiene lecturas observadas y parece actuar como consulta, catalogo o fuente de reporte.	SEMANTIC_REVERSE_ENGINEERING_CANDIDATE	SEMANTIC_INFERENCE_REVIEW_REQUIRED	logis	DOMAIN_ENTITY_OR_LEGACY	UNKNOWN_OR_BUSINESS_DATA	UNKNOWN	1	0	USED
logis_crt	.data_base/asgard.sql	12042	DB-TABLE-16D2D8399A9DA4	Physical table declared in .data_base/asgard.sql	Tabla candidata del dominio logis: Gestion logistica: cotizaciones, cargas, rutas, puertos, contenedores, entregas y seguimiento. Por su nombre agrupa entidad o catalogo legacy cuyo significado debe confirmarse por uso en codigo y datos. Tiene lecturas observadas y parece actuar como consulta, catalogo o fuente de reporte.	SEMANTIC_REVERSE_ENGINEERING_CANDIDATE	SEMANTIC_INFERENCE_REVIEW_REQUIRED	logis	DOMAIN_ENTITY_OR_LEGACY	UNKNOWN_OR_BUSINESS_DATA	UNKNOWN	1	0	USED
logis_documentosclienteoperador	.data_base/asgard.sql	12056	DB-TABLE-4EBA2ABD4DF434	Physical table declared in .data_base/asgard.sql	Tabla candidata del dominio logis: Gestion logistica: cotizaciones, cargas, rutas, puertos, contenedores, entregas y seguimiento. Por su nombre agrupa documentos o soportes asociados al expediente, documento o soporte asociado al expediente, cliente/tenant propietario de la operacion o filtro de visibilidad. Tiene lectura y escritura observada, por lo que probablemente participa en un flujo transaccional activo.	SEMANTIC_REVERSE_ENGINEERING_CANDIDATE	SEMANTIC_INFERENCE_REVIEW_REQUIRED	logis	DOMAIN_ENTITY_OR_LEGACY	UNKNOWN_OR_BUSINESS_DATA	UNKNOWN	1	1	USED
logis_documentosoperadortransporte	.data_base/asgard.sql	12075	DB-TABLE-079AD7FB6E7704	Physical table declared in .data_base/asgard.sql	Tabla candidata del dominio logis: Gestion logistica: cotizaciones, cargas, rutas, puertos, contenedores, entregas y seguimiento. Por su nombre agrupa documentos o soportes asociados al expediente, documento o soporte asociado al expediente. No tiene uso PHP directo en la evidencia; puede ser historica, consumida por SQL/vistas/procedimientos o estar fuera del alcance estatico.	SEMANTIC_REVERSE_ENGINEERING_CANDIDATE	SEMANTIC_INFERENCE_REVIEW_REQUIRED	logis	DOMAIN_ENTITY_OR_LEGACY	UNKNOWN_OR_BUSINESS_DATA	UNKNOWN	0	0	NO_USAGE_FOUND
logis_edp	.data_base/asgard.sql	12091	DB-TABLE-E48CCD50C656BB	Physical table declared in .data_base/asgard.sql	Tabla candidata del dominio logis: Gestion logistica: cotizaciones, cargas, rutas, puertos, contenedores, entregas y seguimiento. Por su nombre agrupa entidad o catalogo legacy cuyo significado debe confirmarse por uso en codigo y datos. Tiene lectura y escritura observada, por lo que probablemente participa en un flujo transaccional activo.	SEMANTIC_REVERSE_ENGINEERING_CANDIDATE	SEMANTIC_INFERENCE_REVIEW_REQUIRED	logis	DOMAIN_ENTITY_OR_LEGACY	UNKNOWN_OR_BUSINESS_DATA	UNKNOWN	2	1	USED
logis_edp2	.data_base/asgard.sql	12119	DB-TABLE-250D2EF3D26136	Physical table declared in .data_base/asgard.sql	Tabla candidata del dominio logis: Gestion logistica: cotizaciones, cargas, rutas, puertos, contenedores, entregas y seguimiento. Por su nombre agrupa entidad o catalogo legacy cuyo significado debe confirmarse por uso en codigo y datos. No tiene uso PHP directo en la evidencia; puede ser historica, consumida por SQL/vistas/procedimientos o estar fuera del alcance estatico.	SEMANTIC_REVERSE_ENGINEERING_CANDIDATE	SEMANTIC_INFERENCE_REVIEW_REQUIRED	logis	DOMAIN_ENTITY_OR_LEGACY	UNKNOWN_OR_BUSINESS_DATA	UNKNOWN	0	0	NO_USAGE_FOUND
logis_emailcliente	.data_base/asgard.sql	12144	DB-TABLE-1BB2D2AACED893	Physical table declared in .data_base/asgard.sql	Tabla candidata del dominio logis: Gestion logistica: cotizaciones, cargas, rutas, puertos, contenedores, entregas y seguimiento. Por su nombre agrupa cliente/tenant propietario de la operacion o filtro de visibilidad, correo electronico o evento de envio por email. Tiene lecturas observadas y parece actuar como consulta, catalogo o fuente de reporte.	SEMANTIC_REVERSE_ENGINEERING_CANDIDATE	SEMANTIC_INFERENCE_REVIEW_REQUIRED	logis	DOMAIN_ENTITY_OR_LEGACY	LIKELY_PERSONAL_OR_SENSITIVE	UNKNOWN	1	0	USED
logis_embarquereferencias	.data_base/asgard.sql	12160	DB-TABLE-C204EDB6ED17D3	Physical table declared in .data_base/asgard.sql	Tabla candidata del dominio logis: Gestion logistica: cotizaciones, cargas, rutas, puertos, contenedores, entregas y seguimiento. Por su nombre agrupa embarque o movimiento logistico/aduanero. Tiene lecturas observadas y parece actuar como consulta, catalogo o fuente de reporte.	SEMANTIC_REVERSE_ENGINEERING_CANDIDATE	SEMANTIC_INFERENCE_REVIEW_REQUIRED	logis	DOMAIN_ENTITY_OR_LEGACY	LIKELY_PERSONAL_OR_SENSITIVE	UNKNOWN	1	0	USED
logis_embarques	.data_base/asgard.sql	12175	DB-TABLE-AE55D5CA97FB03	Physical table declared in .data_base/asgard.sql	Tabla candidata del dominio logis: Gestion logistica: cotizaciones, cargas, rutas, puertos, contenedores, entregas y seguimiento. Por su nombre agrupa embarques o movimientos logisticos/aduaneros, embarque o movimiento logistico/aduanero. Tiene lectura y escritura observada, por lo que probablemente participa en un flujo transaccional activo.	SEMANTIC_REVERSE_ENGINEERING_CANDIDATE	SEMANTIC_INFERENCE_REVIEW_REQUIRED	logis	DOMAIN_ENTITY_OR_LEGACY	UNKNOWN_OR_BUSINESS_DATA	UNKNOWN	25	3	USED
logis_embarques_pedidos_detalle	.data_base/asgard.sql	12229	DB-TABLE-7CF9C0D846A22F	Physical table declared in .data_base/asgard.sql	Tabla candidata del dominio logis: Gestion logistica: cotizaciones, cargas, rutas, puertos, contenedores, entregas y seguimiento. Por su nombre agrupa embarques o movimientos logisticos/aduaneros, embarque o movimiento logistico/aduanero. No tiene uso PHP directo en la evidencia; puede ser historica, consumida por SQL/vistas/procedimientos o estar fuera del alcance estatico.	SEMANTIC_REVERSE_ENGINEERING_CANDIDATE	SEMANTIC_INFERENCE_REVIEW_REQUIRED	logis	DOMAIN_ENTITY_OR_LEGACY	UNKNOWN_OR_BUSINESS_DATA	UNKNOWN	0	0	NO_USAGE_FOUND
logis_embarquescontenedor	.data_base/asgard.sql	12262	DB-TABLE-4E11E6BFAC4C6C	Physical table declared in .data_base/asgard.sql	Tabla candidata del dominio logis: Gestion logistica: cotizaciones, cargas, rutas, puertos, contenedores, entregas y seguimiento. Por su nombre agrupa contenedor o unidad de transporte, embarques o movimientos logisticos/aduaneros, embarque o movimiento logistico/aduanero. Tiene lecturas observadas y parece actuar como consulta, catalogo o fuente de reporte.	SEMANTIC_REVERSE_ENGINEERING_CANDIDATE	SEMANTIC_INFERENCE_REVIEW_REQUIRED	logis	DOMAIN_ENTITY_OR_LEGACY	UNKNOWN_OR_BUSINESS_DATA	UNKNOWN	1	0	USED
logis_embarquesdatos	.data_base/asgard.sql	12277	DB-TABLE-018163FDBC32FB	Physical table declared in .data_base/asgard.sql	Tabla candidata del dominio logis: Gestion logistica: cotizaciones, cargas, rutas, puertos, contenedores, entregas y seguimiento. Por su nombre agrupa embarques o movimientos logisticos/aduaneros, embarque o movimiento logistico/aduanero. Tiene lecturas observadas y parece actuar como consulta, catalogo o fuente de reporte.	SEMANTIC_REVERSE_ENGINEERING_CANDIDATE	SEMANTIC_INFERENCE_REVIEW_REQUIRED	logis	DOMAIN_ENTITY_OR_LEGACY	UNKNOWN_OR_BUSINESS_DATA	UNKNOWN	4	0	USED
logis_embarquesdocumentos	.data_base/asgard.sql	12307	DB-TABLE-4A0F948119302A	Physical table declared in .data_base/asgard.sql	Tabla candidata del dominio logis: Gestion logistica: cotizaciones, cargas, rutas, puertos, contenedores, entregas y seguimiento. Por su nombre agrupa documentos o soportes asociados al expediente, documento o soporte asociado al expediente, embarques o movimientos logisticos/aduaneros, embarque o movimiento logistico/aduanero. Tiene lectura y escritura observada, por lo que probablemente participa en un flujo transaccional activo.	SEMANTIC_REVERSE_ENGINEERING_CANDIDATE	SEMANTIC_INFERENCE_REVIEW_REQUIRED	logis	DOMAIN_ENTITY_OR_LEGACY	UNKNOWN_OR_BUSINESS_DATA	UNKNOWN	2	1	USED
logis_embarquesmagnitudes	.data_base/asgard.sql	12321	DB-TABLE-9A1F8E9A6D1312	Physical table declared in .data_base/asgard.sql	Tabla candidata del dominio logis: Gestion logistica: cotizaciones, cargas, rutas, puertos, contenedores, entregas y seguimiento. Por su nombre agrupa embarques o movimientos logisticos/aduaneros, embarque o movimiento logistico/aduanero. Tiene lectura y escritura observada, por lo que probablemente participa en un flujo transaccional activo.	SEMANTIC_REVERSE_ENGINEERING_CANDIDATE	SEMANTIC_INFERENCE_REVIEW_REQUIRED	logis	DOMAIN_ENTITY_OR_LEGACY	LIKELY_PERSONAL_OR_SENSITIVE	UNKNOWN	2	1	USED
logis_embarquesoperador	.data_base/asgard.sql	12344	DB-TABLE-3F00C37F7F3B45	Physical table declared in .data_base/asgard.sql	Tabla candidata del dominio logis: Gestion logistica: cotizaciones, cargas, rutas, puertos, contenedores, entregas y seguimiento. Por su nombre agrupa embarques o movimientos logisticos/aduaneros, embarque o movimiento logistico/aduanero. Tiene lectura y escritura observada, por lo que probablemente participa en un flujo transaccional activo.	SEMANTIC_REVERSE_ENGINEERING_CANDIDATE	SEMANTIC_INFERENCE_REVIEW_REQUIRED	logis	DOMAIN_ENTITY_OR_LEGACY	UNKNOWN_OR_BUSINESS_DATA	UNKNOWN	5	1	USED
logis_embarquesrutas	.data_base/asgard.sql	12376	DB-TABLE-C1C330542E4F82	Physical table declared in .data_base/asgard.sql	Tabla candidata del dominio logis: Gestion logistica: cotizaciones, cargas, rutas, puertos, contenedores, entregas y seguimiento. Por su nombre agrupa embarques o movimientos logisticos/aduaneros, embarque o movimiento logistico/aduanero, ruta logistica o tramo operativo. Tiene lectura y escritura observada, por lo que probablemente participa en un flujo transaccional activo.	SEMANTIC_REVERSE_ENGINEERING_CANDIDATE	SEMANTIC_INFERENCE_REVIEW_REQUIRED	logis	DOMAIN_ENTITY_OR_LEGACY	UNKNOWN_OR_BUSINESS_DATA	UNKNOWN	2	1	USED
logis_estados	.data_base/asgard.sql	12409	DB-TABLE-5527E80C5ACA75	Physical table declared in .data_base/asgard.sql	Tabla candidata del dominio logis: Gestion logistica: cotizaciones, cargas, rutas, puertos, contenedores, entregas y seguimiento. Por su nombre agrupa estados de ciclo de vida o clasificacion operacional, estado de ciclo de vida o clasificacion operacional. Tiene lecturas observadas y parece actuar como consulta, catalogo o fuente de reporte.	SEMANTIC_REVERSE_ENGINEERING_CANDIDATE	SEMANTIC_INFERENCE_REVIEW_REQUIRED	logis	CATALOG_STATE	UNKNOWN_OR_BUSINESS_DATA	UNKNOWN	2	0	USED
logis_estados_edp	.data_base/asgard.sql	12426	DB-TABLE-40E066AA458F83	Physical table declared in .data_base/asgard.sql	Tabla candidata del dominio logis: Gestion logistica: cotizaciones, cargas, rutas, puertos, contenedores, entregas y seguimiento. Por su nombre agrupa estados de ciclo de vida o clasificacion operacional, estado de ciclo de vida o clasificacion operacional. Tiene lecturas observadas y parece actuar como consulta, catalogo o fuente de reporte.	SEMANTIC_REVERSE_ENGINEERING_CANDIDATE	SEMANTIC_INFERENCE_REVIEW_REQUIRED	logis	CATALOG_STATE	UNKNOWN_OR_BUSINESS_DATA	UNKNOWN	2	0	USED
logis_etapa_cbn	.data_base/asgard.sql	12446	DB-TABLE-C7382B8357E09F	Physical table declared in .data_base/asgard.sql	Tabla candidata del dominio logis: Gestion logistica: cotizaciones, cargas, rutas, puertos, contenedores, entregas y seguimiento. Por su nombre agrupa entidad o catalogo legacy cuyo significado debe confirmarse por uso en codigo y datos. No tiene uso PHP directo en la evidencia; puede ser historica, consumida por SQL/vistas/procedimientos o estar fuera del alcance estatico.	SEMANTIC_REVERSE_ENGINEERING_CANDIDATE	SEMANTIC_INFERENCE_REVIEW_REQUIRED	logis	DOMAIN_ENTITY_OR_LEGACY	UNKNOWN_OR_BUSINESS_DATA	UNKNOWN	0	0	NO_USAGE_FOUND
logis_incoterms	.data_base/asgard.sql	12457	DB-TABLE-C60788BED38E77	Physical table declared in .data_base/asgard.sql	Tabla candidata del dominio logis: Gestion logistica: cotizaciones, cargas, rutas, puertos, contenedores, entregas y seguimiento. Por su nombre agrupa entidad o catalogo legacy cuyo significado debe confirmarse por uso en codigo y datos. Tiene lecturas observadas y parece actuar como consulta, catalogo o fuente de reporte.	SEMANTIC_REVERSE_ENGINEERING_CANDIDATE	SEMANTIC_INFERENCE_REVIEW_REQUIRED	logis	DOMAIN_ENTITY_OR_LEGACY	UNKNOWN_OR_BUSINESS_DATA	UNKNOWN	6	0	USED
logis_lecturablpoliza	.data_base/asgard.sql	12467	DB-TABLE-B70D3D23EDA6B2	Physical table declared in .data_base/asgard.sql	Tabla candidata del dominio logis: Gestion logistica: cotizaciones, cargas, rutas, puertos, contenedores, entregas y seguimiento. Por su nombre agrupa entidad o catalogo legacy cuyo significado debe confirmarse por uso en codigo y datos. Tiene escrituras observadas sin lecturas directas en la evidencia disponible; revisar si es staging, log o tabla consumida indirectamente.	SEMANTIC_REVERSE_ENGINEERING_CANDIDATE	SEMANTIC_INFERENCE_REVIEW_REQUIRED	logis	DOMAIN_ENTITY_OR_LEGACY	UNKNOWN_OR_BUSINESS_DATA	UNKNOWN	0	1	USED
logis_libroventas	.data_base/asgard.sql	12488	DB-TABLE-14F83A5D90BC3F	Physical table declared in .data_base/asgard.sql	Tabla candidata del dominio logis: Gestion logistica: cotizaciones, cargas, rutas, puertos, contenedores, entregas y seguimiento. Por su nombre agrupa entidad o catalogo legacy cuyo significado debe confirmarse por uso en codigo y datos. Tiene lectura y escritura observada, por lo que probablemente participa en un flujo transaccional activo.	SEMANTIC_REVERSE_ENGINEERING_CANDIDATE	SEMANTIC_INFERENCE_REVIEW_REQUIRED	logis	DOMAIN_ENTITY_OR_LEGACY	UNKNOWN_OR_BUSINESS_DATA	UNKNOWN	1	1	USED
logis_parametrizacionconcatenado	.data_base/asgard.sql	12506	DB-TABLE-D5015FB464F1EC	Physical table declared in .data_base/asgard.sql	Tabla candidata del dominio logis: Gestion logistica: cotizaciones, cargas, rutas, puertos, contenedores, entregas y seguimiento. Por su nombre agrupa entidad o catalogo legacy cuyo significado debe confirmarse por uso en codigo y datos. Tiene lecturas observadas y parece actuar como consulta, catalogo o fuente de reporte.	SEMANTIC_REVERSE_ENGINEERING_CANDIDATE	SEMANTIC_INFERENCE_REVIEW_REQUIRED	logis	DOMAIN_ENTITY_OR_LEGACY	LIKELY_PERSONAL_OR_SENSITIVE	UNKNOWN	1	0	USED
logis_parametrizaciondocumentos	.data_base/asgard.sql	12528	DB-TABLE-D3BF274EE6703A	Physical table declared in .data_base/asgard.sql	Tabla candidata del dominio logis: Gestion logistica: cotizaciones, cargas, rutas, puertos, contenedores, entregas y seguimiento. Por su nombre agrupa documentos o soportes asociados al expediente, documento o soporte asociado al expediente. Tiene lecturas observadas y parece actuar como consulta, catalogo o fuente de reporte.	SEMANTIC_REVERSE_ENGINEERING_CANDIDATE	SEMANTIC_INFERENCE_REVIEW_REQUIRED	logis	DOMAIN_ENTITY_OR_LEGACY	LIKELY_PERSONAL_OR_SENSITIVE	UNKNOWN	1	0	USED
logis_pedidos	.data_base/asgard.sql	12545	DB-TABLE-FDD7A4F5C28201	Physical table declared in .data_base/asgard.sql	Tabla candidata del dominio logis: Gestion logistica: cotizaciones, cargas, rutas, puertos, contenedores, entregas y seguimiento. Por su nombre agrupa entidad o catalogo legacy cuyo significado debe confirmarse por uso en codigo y datos. Tiene lectura y escritura observada, por lo que probablemente participa en un flujo transaccional activo.	SEMANTIC_REVERSE_ENGINEERING_CANDIDATE	SEMANTIC_INFERENCE_REVIEW_REQUIRED	logis	DOMAIN_ENTITY_OR_LEGACY	UNKNOWN_OR_BUSINESS_DATA	UNKNOWN	3	1	USED
logis_pedidos_detalle	.data_base/asgard.sql	12570	DB-TABLE-C8CB554E35D8E1	Physical table declared in .data_base/asgard.sql	Tabla candidata del dominio logis: Gestion logistica: cotizaciones, cargas, rutas, puertos, contenedores, entregas y seguimiento. Por su nombre agrupa entidad o catalogo legacy cuyo significado debe confirmarse por uso en codigo y datos. Tiene lecturas observadas y parece actuar como consulta, catalogo o fuente de reporte.	SEMANTIC_REVERSE_ENGINEERING_CANDIDATE	SEMANTIC_INFERENCE_REVIEW_REQUIRED	logis	DOMAIN_ENTITY_OR_LEGACY	UNKNOWN_OR_BUSINESS_DATA	UNKNOWN	5	0	USED
logis_pre_embarques_detalle	.data_base/asgard.sql	12599	DB-TABLE-BBFE8D867354AB	Physical table declared in .data_base/asgard.sql	Tabla candidata del dominio logis: Gestion logistica: cotizaciones, cargas, rutas, puertos, contenedores, entregas y seguimiento. Por su nombre agrupa embarques o movimientos logisticos/aduaneros, embarque o movimiento logistico/aduanero. No tiene uso PHP directo en la evidencia; puede ser historica, consumida por SQL/vistas/procedimientos o estar fuera del alcance estatico.	SEMANTIC_REVERSE_ENGINEERING_CANDIDATE	SEMANTIC_INFERENCE_REVIEW_REQUIRED	logis	DOMAIN_ENTITY_OR_LEGACY	UNKNOWN_OR_BUSINESS_DATA	UNKNOWN	0	0	NO_USAGE_FOUND
logis_tipocarga	.data_base/asgard.sql	12635	DB-TABLE-2A65B4EF85588B	Physical table declared in .data_base/asgard.sql	Tabla candidata del dominio logis: Gestion logistica: cotizaciones, cargas, rutas, puertos, contenedores, entregas y seguimiento. Por su nombre agrupa carga transportada o unidad operativa de transporte, tipo/clasificador que parametriza la regla o pantalla. Tiene lecturas observadas y parece actuar como consulta, catalogo o fuente de reporte.	SEMANTIC_REVERSE_ENGINEERING_CANDIDATE	SEMANTIC_INFERENCE_REVIEW_REQUIRED	logis	DOMAIN_ENTITY_OR_LEGACY	UNKNOWN_OR_BUSINESS_DATA	UNKNOWN	6	0	USED
logis_tipodocumento	.data_base/asgard.sql	12645	DB-TABLE-A344A34374453D	Physical table declared in .data_base/asgard.sql	Tabla candidata del dominio logis: Gestion logistica: cotizaciones, cargas, rutas, puertos, contenedores, entregas y seguimiento. Por su nombre agrupa documento o soporte asociado al expediente, tipo/clasificador que parametriza la regla o pantalla. Tiene lecturas observadas y parece actuar como consulta, catalogo o fuente de reporte.	SEMANTIC_REVERSE_ENGINEERING_CANDIDATE	SEMANTIC_INFERENCE_REVIEW_REQUIRED	logis	DOMAIN_ENTITY_OR_LEGACY	UNKNOWN_OR_BUSINESS_DATA	UNKNOWN	4	0	USED
logis_tipoembarque	.data_base/asgard.sql	12655	DB-TABLE-40BD7529BE2E67	Physical table declared in .data_base/asgard.sql	Tabla candidata del dominio logis: Gestion logistica: cotizaciones, cargas, rutas, puertos, contenedores, entregas y seguimiento. Por su nombre agrupa embarque o movimiento logistico/aduanero, tipo/clasificador que parametriza la regla o pantalla. Tiene lecturas observadas y parece actuar como consulta, catalogo o fuente de reporte.	SEMANTIC_REVERSE_ENGINEERING_CANDIDATE	SEMANTIC_INFERENCE_REVIEW_REQUIRED	logis	DOMAIN_ENTITY_OR_LEGACY	UNKNOWN_OR_BUSINESS_DATA	UNKNOWN	8	0	USED
logis_tipomercancia	.data_base/asgard.sql	12666	DB-TABLE-E024638BA32CF7	Physical table declared in .data_base/asgard.sql	Tabla candidata del dominio logis: Gestion logistica: cotizaciones, cargas, rutas, puertos, contenedores, entregas y seguimiento. Por su nombre agrupa mercancia o item objeto de transporte/declaracion, tipo/clasificador que parametriza la regla o pantalla. Tiene lecturas observadas y parece actuar como consulta, catalogo o fuente de reporte.	SEMANTIC_REVERSE_ENGINEERING_CANDIDATE	SEMANTIC_INFERENCE_REVIEW_REQUIRED	logis	DOMAIN_ENTITY_OR_LEGACY	LIKELY_PERSONAL_OR_SENSITIVE	UNKNOWN	7	0	USED
logis_tipomercanciaclase	.data_base/asgard.sql	12676	DB-TABLE-9D3CD6ED134583	Physical table declared in .data_base/asgard.sql	Tabla candidata del dominio logis: Gestion logistica: cotizaciones, cargas, rutas, puertos, contenedores, entregas y seguimiento. Por su nombre agrupa mercancia o item objeto de transporte/declaracion, tipo/clasificador que parametriza la regla o pantalla. Tiene lecturas observadas y parece actuar como consulta, catalogo o fuente de reporte.	SEMANTIC_REVERSE_ENGINEERING_CANDIDATE	SEMANTIC_INFERENCE_REVIEW_REQUIRED	logis	DOMAIN_ENTITY_OR_LEGACY	LIKELY_PERSONAL_OR_SENSITIVE	UNKNOWN	4	0	USED
logis_tipomercanciaun	.data_base/asgard.sql	12687	DB-TABLE-DDBBF885502680	Physical table declared in .data_base/asgard.sql	Tabla candidata del dominio logis: Gestion logistica: cotizaciones, cargas, rutas, puertos, contenedores, entregas y seguimiento. Por su nombre agrupa mercancia o item objeto de transporte/declaracion, tipo/clasificador que parametriza la regla o pantalla. Tiene lecturas observadas y parece actuar como consulta, catalogo o fuente de reporte.	SEMANTIC_REVERSE_ENGINEERING_CANDIDATE	SEMANTIC_INFERENCE_REVIEW_REQUIRED	logis	DOMAIN_ENTITY_OR_LEGACY	LIKELY_PERSONAL_OR_SENSITIVE	UNKNOWN	4	0	USED
logis_tipoviaje	.data_base/asgard.sql	12698	DB-TABLE-DC2ADEE14BF69D	Physical table declared in .data_base/asgard.sql	Tabla candidata del dominio logis: Gestion logistica: cotizaciones, cargas, rutas, puertos, contenedores, entregas y seguimiento. Por su nombre agrupa viaje o ruta ejecutada por transporte, tipo/clasificador que parametriza la regla o pantalla. Tiene lecturas observadas y parece actuar como consulta, catalogo o fuente de reporte.	SEMANTIC_REVERSE_ENGINEERING_CANDIDATE	SEMANTIC_INFERENCE_REVIEW_REQUIRED	logis	DOMAIN_ENTITY_OR_LEGACY	UNKNOWN_OR_BUSINESS_DATA	UNKNOWN	6	0	USED
logis_tramos	.data_base/asgard.sql	12711	DB-TABLE-9AB581BD7F5CA9	Physical table declared in .data_base/asgard.sql	Tabla candidata del dominio logis: Gestion logistica: cotizaciones, cargas, rutas, puertos, contenedores, entregas y seguimiento. Por su nombre agrupa entidad o catalogo legacy cuyo significado debe confirmarse por uso en codigo y datos. Tiene lectura y escritura observada, por lo que probablemente participa en un flujo transaccional activo.	SEMANTIC_REVERSE_ENGINEERING_CANDIDATE	SEMANTIC_INFERENCE_REVIEW_REQUIRED	logis	DOMAIN_ENTITY_OR_LEGACY	UNKNOWN_OR_BUSINESS_DATA	UNKNOWN	4	1	USED
master_pass	.data_base/asgard.sql	12742	DB-TABLE-B961B7BF844444	Physical table declared in .data_base/asgard.sql	Tabla candidata del dominio transversal: Tabla transversal o legacy sin prefijo funcional inequivoco. Por su nombre agrupa entidad o catalogo legacy cuyo significado debe confirmarse por uso en codigo y datos. Tiene lecturas observadas y parece actuar como consulta, catalogo o fuente de reporte.	SEMANTIC_REVERSE_ENGINEERING_CANDIDATE	SEMANTIC_INFERENCE_REVIEW_REQUIRED	transversal	DOMAIN_ENTITY_OR_LEGACY	UNKNOWN_OR_BUSINESS_DATA	UNKNOWN	1	0	USED
migraciones	.data_base/asgard.sql	12752	DB-TABLE-4CB896D2EE705B	Physical table declared in .data_base/asgard.sql	Tabla candidata del dominio transversal: Tabla transversal o legacy sin prefijo funcional inequivoco. Por su nombre agrupa entidad o catalogo legacy cuyo significado debe confirmarse por uso en codigo y datos. No tiene uso PHP directo en la evidencia; puede ser historica, consumida por SQL/vistas/procedimientos o estar fuera del alcance estatico.	SEMANTIC_REVERSE_ENGINEERING_CANDIDATE	SEMANTIC_INFERENCE_REVIEW_REQUIRED	transversal	DOMAIN_ENTITY_OR_LEGACY	LIKELY_PERSONAL_OR_SENSITIVE	UNKNOWN	0	0	NO_USAGE_FOUND
migrations	.data_base/asgard.sql	12765	DB-TABLE-1BB6E8C430CFCD	Physical table declared in .data_base/asgard.sql	Tabla candidata del dominio transversal: Tabla transversal o legacy sin prefijo funcional inequivoco. Por su nombre agrupa entidad o catalogo legacy cuyo significado debe confirmarse por uso en codigo y datos. No tiene uso PHP directo en la evidencia; puede ser historica, consumida por SQL/vistas/procedimientos o estar fuera del alcance estatico.	SEMANTIC_REVERSE_ENGINEERING_CANDIDATE	SEMANTIC_INFERENCE_REVIEW_REQUIRED	transversal	DOMAIN_ENTITY_OR_LEGACY	UNKNOWN_OR_BUSINESS_DATA	UNKNOWN	0	0	NO_USAGE_FOUND
migrations_asesoria_gestion	.data_base/asgard.sql	12776	DB-TABLE-BD792D1CE0823B	Physical table declared in .data_base/asgard.sql	Tabla candidata del dominio transversal: Tabla transversal o legacy sin prefijo funcional inequivoco. Por su nombre agrupa entidad o catalogo legacy cuyo significado debe confirmarse por uso en codigo y datos. No tiene uso PHP directo en la evidencia; puede ser historica, consumida por SQL/vistas/procedimientos o estar fuera del alcance estatico.	SEMANTIC_REVERSE_ENGINEERING_CANDIDATE	SEMANTIC_INFERENCE_REVIEW_REQUIRED	transversal	DOMAIN_ENTITY_OR_LEGACY	UNKNOWN_OR_BUSINESS_DATA	UNKNOWN	0	0	NO_USAGE_FOUND
migrations_asgard	.data_base/asgard.sql	12787	DB-TABLE-5968C7D8A20410	Physical table declared in .data_base/asgard.sql	Tabla candidata del dominio transversal: Tabla transversal o legacy sin prefijo funcional inequivoco. Por su nombre agrupa entidad o catalogo legacy cuyo significado debe confirmarse por uso en codigo y datos. No tiene uso PHP directo en la evidencia; puede ser historica, consumida por SQL/vistas/procedimientos o estar fuera del alcance estatico.	SEMANTIC_REVERSE_ENGINEERING_CANDIDATE	SEMANTIC_INFERENCE_REVIEW_REQUIRED	transversal	DOMAIN_ENTITY_OR_LEGACY	UNKNOWN_OR_BUSINESS_DATA	UNKNOWN	0	0	NO_USAGE_FOUND
ocr_alicorp	.data_base/asgard.sql	12798	DB-TABLE-D910D94277E9B5	Physical table declared in .data_base/asgard.sql	Tabla candidata del dominio documentos: Gestion documental, archivos, OCR y soportes operativos. Por su nombre agrupa captura/extraccion automatica desde documento. Tiene lecturas observadas y parece actuar como consulta, catalogo o fuente de reporte.	SEMANTIC_REVERSE_ENGINEERING_CANDIDATE	SEMANTIC_INFERENCE_REVIEW_REQUIRED	documentos	DOCUMENT_LIFECYCLE	UNKNOWN_OR_BUSINESS_DATA	UNKNOWN	2	0	USED
ocr_alicorp_detalle	.data_base/asgard.sql	12851	DB-TABLE-009BA0FF2ADBED	Physical table declared in .data_base/asgard.sql	Tabla candidata del dominio documentos: Gestion documental, archivos, OCR y soportes operativos. Por su nombre agrupa captura/extraccion automatica desde documento. No tiene uso PHP directo en la evidencia; puede ser historica, consumida por SQL/vistas/procedimientos o estar fuera del alcance estatico.	SEMANTIC_REVERSE_ENGINEERING_CANDIDATE	SEMANTIC_INFERENCE_REVIEW_REQUIRED	documentos	DOCUMENT_LIFECYCLE	UNKNOWN_OR_BUSINESS_DATA	UNKNOWN	0	0	NO_USAGE_FOUND
ocr_alicorp_internacional	.data_base/asgard.sql	12873	DB-TABLE-76FB863DED8F3B	Physical table declared in .data_base/asgard.sql	Tabla candidata del dominio documentos: Gestion documental, archivos, OCR y soportes operativos. Por su nombre agrupa captura/extraccion automatica desde documento. Tiene lecturas observadas y parece actuar como consulta, catalogo o fuente de reporte.	SEMANTIC_REVERSE_ENGINEERING_CANDIDATE	SEMANTIC_INFERENCE_REVIEW_REQUIRED	documentos	DOCUMENT_LIFECYCLE	LIKELY_PERSONAL_OR_SENSITIVE	UNKNOWN	2	0	USED
ocr_dex	.data_base/asgard.sql	12885	DB-TABLE-59D4151AB98279	Physical table declared in .data_base/asgard.sql	Tabla candidata del dominio documentos: Gestion documental, archivos, OCR y soportes operativos. Por su nombre agrupa captura/extraccion automatica desde documento. No tiene uso PHP directo en la evidencia; puede ser historica, consumida por SQL/vistas/procedimientos o estar fuera del alcance estatico.	SEMANTIC_REVERSE_ENGINEERING_CANDIDATE	SEMANTIC_INFERENCE_REVIEW_REQUIRED	documentos	DOCUMENT_LIFECYCLE	UNKNOWN_OR_BUSINESS_DATA	UNKNOWN	0	0	NO_USAGE_FOUND
ocr_dex_documentos	.data_base/asgard.sql	12954	DB-TABLE-A3F5B03A322FC5	Physical table declared in .data_base/asgard.sql	Tabla candidata del dominio documentos: Gestion documental, archivos, OCR y soportes operativos. Por su nombre agrupa captura/extraccion automatica desde documento, documentos o soportes asociados al expediente, documento o soporte asociado al expediente. No tiene uso PHP directo en la evidencia; puede ser historica, consumida por SQL/vistas/procedimientos o estar fuera del alcance estatico.	SEMANTIC_REVERSE_ENGINEERING_CANDIDATE	SEMANTIC_INFERENCE_REVIEW_REQUIRED	documentos	DOCUMENT_LIFECYCLE	UNKNOWN_OR_BUSINESS_DATA	UNKNOWN	0	0	NO_USAGE_FOUND
ocr_dex_items	.data_base/asgard.sql	12971	DB-TABLE-D60FCA387225FA	Physical table declared in .data_base/asgard.sql	Tabla candidata del dominio documentos: Gestion documental, archivos, OCR y soportes operativos. Por su nombre agrupa captura/extraccion automatica desde documento. No tiene uso PHP directo en la evidencia; puede ser historica, consumida por SQL/vistas/procedimientos o estar fuera del alcance estatico.	SEMANTIC_REVERSE_ENGINEERING_CANDIDATE	SEMANTIC_INFERENCE_REVIEW_REQUIRED	documentos	DOCUMENT_LIFECYCLE	UNKNOWN_OR_BUSINESS_DATA	UNKNOWN	0	0	NO_USAGE_FOUND
ocr_dex_otros_documentos	.data_base/asgard.sql	13020	DB-TABLE-BF34F8F7353548	Physical table declared in .data_base/asgard.sql	Tabla candidata del dominio documentos: Gestion documental, archivos, OCR y soportes operativos. Por su nombre agrupa captura/extraccion automatica desde documento, documentos o soportes asociados al expediente, documento o soporte asociado al expediente. No tiene uso PHP directo en la evidencia; puede ser historica, consumida por SQL/vistas/procedimientos o estar fuera del alcance estatico.	SEMANTIC_REVERSE_ENGINEERING_CANDIDATE	SEMANTIC_INFERENCE_REVIEW_REQUIRED	documentos	DOCUMENT_LIFECYCLE	UNKNOWN_OR_BUSINESS_DATA	UNKNOWN	0	0	NO_USAGE_FOUND
ocr_lecturas	.data_base/asgard.sql	13037	DB-TABLE-365E83B63D01EA	Physical table declared in .data_base/asgard.sql	Tabla candidata del dominio documentos: Gestion documental, archivos, OCR y soportes operativos. Por su nombre agrupa captura/extraccion automatica desde documento. Tiene escrituras observadas sin lecturas directas en la evidencia disponible; revisar si es staging, log o tabla consumida indirectamente.	SEMANTIC_REVERSE_ENGINEERING_CANDIDATE	SEMANTIC_INFERENCE_REVIEW_REQUIRED	documentos	DOCUMENT_LIFECYCLE	UNKNOWN_OR_BUSINESS_DATA	UNKNOWN	0	2	USED
ocr_parte_recepcion	.data_base/asgard.sql	13048	DB-TABLE-1603550684D557	Physical table declared in .data_base/asgard.sql	Tabla candidata del dominio documentos: Gestion documental, archivos, OCR y soportes operativos. Por su nombre agrupa captura/extraccion automatica desde documento. Tiene escrituras observadas sin lecturas directas en la evidencia disponible; revisar si es staging, log o tabla consumida indirectamente.	SEMANTIC_REVERSE_ENGINEERING_CANDIDATE	SEMANTIC_INFERENCE_REVIEW_REQUIRED	documentos	DOCUMENT_LIFECYCLE	LIKELY_PERSONAL_OR_SENSITIVE	UNKNOWN	0	1	USED
ocr_prm_atlantes	.data_base/asgard.sql	13069	DB-TABLE-2ADE3438E6BEC7	Physical table declared in .data_base/asgard.sql	Tabla candidata del dominio documentos: Gestion documental, archivos, OCR y soportes operativos. Por su nombre agrupa captura/extraccion automatica desde documento. No tiene uso PHP directo en la evidencia; puede ser historica, consumida por SQL/vistas/procedimientos o estar fuera del alcance estatico.	SEMANTIC_REVERSE_ENGINEERING_CANDIDATE	SEMANTIC_INFERENCE_REVIEW_REQUIRED	documentos	DOCUMENT_LIFECYCLE	UNKNOWN_OR_BUSINESS_DATA	UNKNOWN	0	0	NO_USAGE_FOUND
onboarding_log	.data_base/asgard.sql	13086	DB-TABLE-E700712EE4A5A0	Physical table declared in .data_base/asgard.sql	Tabla candidata del dominio transversal: Tabla transversal o legacy sin prefijo funcional inequivoco. Por su nombre agrupa entidad o catalogo legacy cuyo significado debe confirmarse por uso en codigo y datos. No tiene uso PHP directo en la evidencia; puede ser historica, consumida por SQL/vistas/procedimientos o estar fuera del alcance estatico.	SEMANTIC_REVERSE_ENGINEERING_CANDIDATE	SEMANTIC_INFERENCE_REVIEW_REQUIRED	transversal	AUDIT_LOG	UNKNOWN_OR_BUSINESS_DATA	UNKNOWN	0	0	NO_USAGE_FOUND
param_cliente_depositos_especiales	.data_base/asgard.sql	13103	DB-TABLE-F0304A2A74333E	Physical table declared in .data_base/asgard.sql	Tabla candidata del dominio transversal: Tabla transversal o legacy sin prefijo funcional inequivoco. Por su nombre agrupa cliente/tenant propietario de la operacion o filtro de visibilidad. No tiene uso PHP directo en la evidencia; puede ser historica, consumida por SQL/vistas/procedimientos o estar fuera del alcance estatico.	SEMANTIC_REVERSE_ENGINEERING_CANDIDATE	SEMANTIC_INFERENCE_REVIEW_REQUIRED	transversal	DOMAIN_ENTITY_OR_LEGACY	LIKELY_PERSONAL_OR_SENSITIVE	UNKNOWN	0	0	NO_USAGE_FOUND
param_cliente_otros	.data_base/asgard.sql	13120	DB-TABLE-C32DFD30EDFE58	Physical table declared in .data_base/asgard.sql	Tabla candidata del dominio transversal: Tabla transversal o legacy sin prefijo funcional inequivoco. Por su nombre agrupa cliente/tenant propietario de la operacion o filtro de visibilidad. No tiene uso PHP directo en la evidencia; puede ser historica, consumida por SQL/vistas/procedimientos o estar fuera del alcance estatico.	SEMANTIC_REVERSE_ENGINEERING_CANDIDATE	SEMANTIC_INFERENCE_REVIEW_REQUIRED	transversal	DOMAIN_ENTITY_OR_LEGACY	UNKNOWN_OR_BUSINESS_DATA	UNKNOWN	0	0	NO_USAGE_FOUND
param_depositos_especiales	.data_base/asgard.sql	13137	DB-TABLE-5D41CE1C001D4D	Physical table declared in .data_base/asgard.sql	Tabla candidata del dominio transversal: Tabla transversal o legacy sin prefijo funcional inequivoco. Por su nombre agrupa entidad o catalogo legacy cuyo significado debe confirmarse por uso en codigo y datos. No tiene uso PHP directo en la evidencia; puede ser historica, consumida por SQL/vistas/procedimientos o estar fuera del alcance estatico.	SEMANTIC_REVERSE_ENGINEERING_CANDIDATE	SEMANTIC_INFERENCE_REVIEW_REQUIRED	transversal	DOMAIN_ENTITY_OR_LEGACY	LIKELY_PERSONAL_OR_SENSITIVE	UNKNOWN	0	0	NO_USAGE_FOUND
param_depositos_especiales_contactos	.data_base/asgard.sql	13167	DB-TABLE-9F3739E239F6BE	Physical table declared in .data_base/asgard.sql	Tabla candidata del dominio transversal: Tabla transversal o legacy sin prefijo funcional inequivoco. Por su nombre agrupa personas de contacto y sus datos de comunicacion, persona de contacto y sus datos de comunicacion. No tiene uso PHP directo en la evidencia; puede ser historica, consumida por SQL/vistas/procedimientos o estar fuera del alcance estatico.	SEMANTIC_REVERSE_ENGINEERING_CANDIDATE	SEMANTIC_INFERENCE_REVIEW_REQUIRED	transversal	DOMAIN_ENTITY_OR_LEGACY	LIKELY_PERSONAL_OR_SENSITIVE	UNKNOWN	0	0	NO_USAGE_FOUND
param_depositos_especiales_documentos	.data_base/asgard.sql	13186	DB-TABLE-94EBFFF4990EA4	Physical table declared in .data_base/asgard.sql	Tabla candidata del dominio documentos: Gestion documental, archivos, OCR y soportes operativos. Por su nombre agrupa documentos o soportes asociados al expediente, documento o soporte asociado al expediente. No tiene uso PHP directo en la evidencia; puede ser historica, consumida por SQL/vistas/procedimientos o estar fuera del alcance estatico.	SEMANTIC_REVERSE_ENGINEERING_CANDIDATE	SEMANTIC_INFERENCE_REVIEW_REQUIRED	documentos	DOCUMENT_LIFECYCLE	LIKELY_PERSONAL_OR_SENSITIVE	UNKNOWN	0	0	NO_USAGE_FOUND
param_otros	.data_base/asgard.sql	13206	DB-TABLE-25D992B5CBA966	Physical table declared in .data_base/asgard.sql	Tabla candidata del dominio transversal: Tabla transversal o legacy sin prefijo funcional inequivoco. Por su nombre agrupa entidad o catalogo legacy cuyo significado debe confirmarse por uso en codigo y datos. No tiene uso PHP directo en la evidencia; puede ser historica, consumida por SQL/vistas/procedimientos o estar fuera del alcance estatico.	SEMANTIC_REVERSE_ENGINEERING_CANDIDATE	SEMANTIC_INFERENCE_REVIEW_REQUIRED	transversal	DOMAIN_ENTITY_OR_LEGACY	UNKNOWN_OR_BUSINESS_DATA	UNKNOWN	0	0	NO_USAGE_FOUND
param_otros_contactos	.data_base/asgard.sql	13236	DB-TABLE-434096BBF1D0E5	Physical table declared in .data_base/asgard.sql	Tabla candidata del dominio transversal: Tabla transversal o legacy sin prefijo funcional inequivoco. Por su nombre agrupa personas de contacto y sus datos de comunicacion, persona de contacto y sus datos de comunicacion. No tiene uso PHP directo en la evidencia; puede ser historica, consumida por SQL/vistas/procedimientos o estar fuera del alcance estatico.	SEMANTIC_REVERSE_ENGINEERING_CANDIDATE	SEMANTIC_INFERENCE_REVIEW_REQUIRED	transversal	DOMAIN_ENTITY_OR_LEGACY	LIKELY_PERSONAL_OR_SENSITIVE	UNKNOWN	0	0	NO_USAGE_FOUND
param_otros_documentos	.data_base/asgard.sql	13255	DB-TABLE-F76363F6AD4059	Physical table declared in .data_base/asgard.sql	Tabla candidata del dominio documentos: Gestion documental, archivos, OCR y soportes operativos. Por su nombre agrupa documentos o soportes asociados al expediente, documento o soporte asociado al expediente. No tiene uso PHP directo en la evidencia; puede ser historica, consumida por SQL/vistas/procedimientos o estar fuera del alcance estatico.	SEMANTIC_REVERSE_ENGINEERING_CANDIDATE	SEMANTIC_INFERENCE_REVIEW_REQUIRED	documentos	DOCUMENT_LIFECYCLE	UNKNOWN_OR_BUSINESS_DATA	UNKNOWN	0	0	NO_USAGE_FOUND
part_base_datos	.data_base/asgard.sql	13275	DB-TABLE-FB13F673E2BB6C	Physical table declared in .data_base/asgard.sql	Tabla candidata del dominio transversal: Tabla transversal o legacy sin prefijo funcional inequivoco. Por su nombre agrupa entidad o catalogo legacy cuyo significado debe confirmarse por uso en codigo y datos. No tiene uso PHP directo en la evidencia; puede ser historica, consumida por SQL/vistas/procedimientos o estar fuera del alcance estatico.	SEMANTIC_REVERSE_ENGINEERING_CANDIDATE	SEMANTIC_INFERENCE_REVIEW_REQUIRED	transversal	DOMAIN_ENTITY_OR_LEGACY	UNKNOWN_OR_BUSINESS_DATA	UNKNOWN	0	0	NO_USAGE_FOUND
part_embarque	.data_base/asgard.sql	13325	DB-TABLE-37C697C2E29D1E	Physical table declared in .data_base/asgard.sql	Tabla candidata del dominio transversal: Tabla transversal o legacy sin prefijo funcional inequivoco. Por su nombre agrupa embarque o movimiento logistico/aduanero. No tiene uso PHP directo en la evidencia; puede ser historica, consumida por SQL/vistas/procedimientos o estar fuera del alcance estatico.	SEMANTIC_REVERSE_ENGINEERING_CANDIDATE	SEMANTIC_INFERENCE_REVIEW_REQUIRED	transversal	TRANSACTIONAL_LIFECYCLE	UNKNOWN_OR_BUSINESS_DATA	UNKNOWN	0	0	NO_USAGE_FOUND
part_gestion_packings	.data_base/asgard.sql	13339	DB-TABLE-E88B6A73AC473D	Physical table declared in .data_base/asgard.sql	Tabla candidata del dominio transversal: Tabla transversal o legacy sin prefijo funcional inequivoco. Por su nombre agrupa entidad o catalogo legacy cuyo significado debe confirmarse por uso en codigo y datos. No tiene uso PHP directo en la evidencia; puede ser historica, consumida por SQL/vistas/procedimientos o estar fuera del alcance estatico.	SEMANTIC_REVERSE_ENGINEERING_CANDIDATE	SEMANTIC_INFERENCE_REVIEW_REQUIRED	transversal	DOMAIN_ENTITY_OR_LEGACY	UNKNOWN_OR_BUSINESS_DATA	UNKNOWN	0	0	NO_USAGE_FOUND
part_marca_prefijo	.data_base/asgard.sql	13382	DB-TABLE-D85B4B5FCD057B	Physical table declared in .data_base/asgard.sql	Tabla candidata del dominio transversal: Tabla transversal o legacy sin prefijo funcional inequivoco. Por su nombre agrupa entidad o catalogo legacy cuyo significado debe confirmarse por uso en codigo y datos. No tiene uso PHP directo en la evidencia; puede ser historica, consumida por SQL/vistas/procedimientos o estar fuera del alcance estatico.	SEMANTIC_REVERSE_ENGINEERING_CANDIDATE	SEMANTIC_INFERENCE_REVIEW_REQUIRED	transversal	DOMAIN_ENTITY_OR_LEGACY	UNKNOWN_OR_BUSINESS_DATA	UNKNOWN	0	0	NO_USAGE_FOUND
part_modalidad_destino	.data_base/asgard.sql	13395	DB-TABLE-593FEFD061CE64	Physical table declared in .data_base/asgard.sql	Tabla candidata del dominio transversal: Tabla transversal o legacy sin prefijo funcional inequivoco. Por su nombre agrupa entidad o catalogo legacy cuyo significado debe confirmarse por uso en codigo y datos. No tiene uso PHP directo en la evidencia; puede ser historica, consumida por SQL/vistas/procedimientos o estar fuera del alcance estatico.	SEMANTIC_REVERSE_ENGINEERING_CANDIDATE	SEMANTIC_INFERENCE_REVIEW_REQUIRED	transversal	DOMAIN_ENTITY_OR_LEGACY	UNKNOWN_OR_BUSINESS_DATA	UNKNOWN	0	0	NO_USAGE_FOUND
part_motivoreprogramacion	.data_base/asgard.sql	13405	DB-TABLE-78CA5A3A648A60	Physical table declared in .data_base/asgard.sql	Tabla candidata del dominio transversal: Tabla transversal o legacy sin prefijo funcional inequivoco. Por su nombre agrupa entidad o catalogo legacy cuyo significado debe confirmarse por uso en codigo y datos. No tiene uso PHP directo en la evidencia; puede ser historica, consumida por SQL/vistas/procedimientos o estar fuera del alcance estatico.	SEMANTIC_REVERSE_ENGINEERING_CANDIDATE	SEMANTIC_INFERENCE_REVIEW_REQUIRED	transversal	DOMAIN_ENTITY_OR_LEGACY	LIKELY_PERSONAL_OR_SENSITIVE	UNKNOWN	0	0	NO_USAGE_FOUND
part_planificacion_partida	.data_base/asgard.sql	13415	DB-TABLE-8899C0A3633369	Physical table declared in .data_base/asgard.sql	Tabla candidata del dominio transversal: Tabla transversal o legacy sin prefijo funcional inequivoco. Por su nombre agrupa partida o linea declarativa dentro de un tramite aduanero. No tiene uso PHP directo en la evidencia; puede ser historica, consumida por SQL/vistas/procedimientos o estar fuera del alcance estatico.	SEMANTIC_REVERSE_ENGINEERING_CANDIDATE	SEMANTIC_INFERENCE_REVIEW_REQUIRED	transversal	DOMAIN_ENTITY_OR_LEGACY	LIKELY_PERSONAL_OR_SENSITIVE	UNKNOWN	0	0	NO_USAGE_FOUND
pbi_archivo	.data_base/asgard.sql	13431	DB-TABLE-BE83336A9412F0	Physical table declared in .data_base/asgard.sql	Tabla candidata del dominio documentos: Gestion documental, archivos, OCR y soportes operativos. Por su nombre agrupa entidad o catalogo legacy cuyo significado debe confirmarse por uso en codigo y datos. No tiene uso PHP directo en la evidencia; puede ser historica, consumida por SQL/vistas/procedimientos o estar fuera del alcance estatico.	SEMANTIC_REVERSE_ENGINEERING_CANDIDATE	SEMANTIC_INFERENCE_REVIEW_REQUIRED	documentos	DOCUMENT_LIFECYCLE	UNKNOWN_OR_BUSINESS_DATA	UNKNOWN	0	0	NO_USAGE_FOUND
pbi_camiones_imcruz	.data_base/asgard.sql	13484	DB-TABLE-24FB1C5A81C1EF	Physical table declared in .data_base/asgard.sql	Tabla candidata del dominio transversal: Tabla transversal o legacy sin prefijo funcional inequivoco. Por su nombre agrupa entidad o catalogo legacy cuyo significado debe confirmarse por uso en codigo y datos. No tiene uso PHP directo en la evidencia; puede ser historica, consumida por SQL/vistas/procedimientos o estar fuera del alcance estatico.	SEMANTIC_REVERSE_ENGINEERING_CANDIDATE	SEMANTIC_INFERENCE_REVIEW_REQUIRED	transversal	DOMAIN_ENTITY_OR_LEGACY	UNKNOWN_OR_BUSINESS_DATA	UNKNOWN	0	0	NO_USAGE_FOUND
pbi_carpetas_aperturadas	.data_base/asgard.sql	13500	DB-TABLE-05BD01625DAD14	Physical table declared in .data_base/asgard.sql	Tabla candidata del dominio transversal: Tabla transversal o legacy sin prefijo funcional inequivoco. Por su nombre agrupa entidad o catalogo legacy cuyo significado debe confirmarse por uso en codigo y datos. No tiene uso PHP directo en la evidencia; puede ser historica, consumida por SQL/vistas/procedimientos o estar fuera del alcance estatico.	SEMANTIC_REVERSE_ENGINEERING_CANDIDATE	SEMANTIC_INFERENCE_REVIEW_REQUIRED	transversal	DOMAIN_ENTITY_OR_LEGACY	UNKNOWN_OR_BUSINESS_DATA	UNKNOWN	0	0	NO_USAGE_FOUND
pbi_cbn_documentos	.data_base/asgard.sql	13518	DB-TABLE-C10805267396A5	Physical table declared in .data_base/asgard.sql	Tabla candidata del dominio documentos: Gestion documental, archivos, OCR y soportes operativos. Por su nombre agrupa documentos o soportes asociados al expediente, documento o soporte asociado al expediente. No tiene uso PHP directo en la evidencia; puede ser historica, consumida por SQL/vistas/procedimientos o estar fuera del alcance estatico.	SEMANTIC_REVERSE_ENGINEERING_CANDIDATE	SEMANTIC_INFERENCE_REVIEW_REQUIRED	documentos	DOCUMENT_LIFECYCLE	UNKNOWN_OR_BUSINESS_DATA	UNKNOWN	0	0	NO_USAGE_FOUND
pbi_cbn_embarques	.data_base/asgard.sql	13536	DB-TABLE-5AFF46961A8EEC	Physical table declared in .data_base/asgard.sql	Tabla candidata del dominio transversal: Tabla transversal o legacy sin prefijo funcional inequivoco. Por su nombre agrupa embarques o movimientos logisticos/aduaneros, embarque o movimiento logistico/aduanero. No tiene uso PHP directo en la evidencia; puede ser historica, consumida por SQL/vistas/procedimientos o estar fuera del alcance estatico.	SEMANTIC_REVERSE_ENGINEERING_CANDIDATE	SEMANTIC_INFERENCE_REVIEW_REQUIRED	transversal	DOMAIN_ENTITY_OR_LEGACY	UNKNOWN_OR_BUSINESS_DATA	UNKNOWN	0	0	NO_USAGE_FOUND
pbi_cbn_pedidos	.data_base/asgard.sql	13598	DB-TABLE-FC31DA3C14399B	Physical table declared in .data_base/asgard.sql	Tabla candidata del dominio transversal: Tabla transversal o legacy sin prefijo funcional inequivoco. Por su nombre agrupa entidad o catalogo legacy cuyo significado debe confirmarse por uso en codigo y datos. No tiene uso PHP directo en la evidencia; puede ser historica, consumida por SQL/vistas/procedimientos o estar fuera del alcance estatico.	SEMANTIC_REVERSE_ENGINEERING_CANDIDATE	SEMANTIC_INFERENCE_REVIEW_REQUIRED	transversal	DOMAIN_ENTITY_OR_LEGACY	UNKNOWN_OR_BUSINESS_DATA	UNKNOWN	0	0	NO_USAGE_FOUND
pbi_consolidado_iasa	.data_base/asgard.sql	13615	DB-TABLE-6FD860B49376E4	Physical table declared in .data_base/asgard.sql	Tabla candidata del dominio transversal: Tabla transversal o legacy sin prefijo funcional inequivoco. Por su nombre agrupa entidad o catalogo legacy cuyo significado debe confirmarse por uso en codigo y datos. No tiene uso PHP directo en la evidencia; puede ser historica, consumida por SQL/vistas/procedimientos o estar fuera del alcance estatico.	SEMANTIC_REVERSE_ENGINEERING_CANDIDATE	SEMANTIC_INFERENCE_REVIEW_REQUIRED	transversal	DOMAIN_ENTITY_OR_LEGACY	UNKNOWN_OR_BUSINESS_DATA	UNKNOWN	0	0	NO_USAGE_FOUND
pbi_control_aduanero_tipo1	.data_base/asgard.sql	13647	DB-TABLE-AA260E4B4855F1	Physical table declared in .data_base/asgard.sql	Tabla candidata del dominio transversal: Tabla transversal o legacy sin prefijo funcional inequivoco. Por su nombre agrupa tipo/clasificador que parametriza la regla o pantalla. No tiene uso PHP directo en la evidencia; puede ser historica, consumida por SQL/vistas/procedimientos o estar fuera del alcance estatico.	SEMANTIC_REVERSE_ENGINEERING_CANDIDATE	SEMANTIC_INFERENCE_REVIEW_REQUIRED	transversal	DOMAIN_ENTITY_OR_LEGACY	UNKNOWN_OR_BUSINESS_DATA	UNKNOWN	0	0	NO_USAGE_FOUND
pbi_control_aduanero_tipo2	.data_base/asgard.sql	13685	DB-TABLE-9F123A67B8071A	Physical table declared in .data_base/asgard.sql	Tabla candidata del dominio transversal: Tabla transversal o legacy sin prefijo funcional inequivoco. Por su nombre agrupa tipo/clasificador que parametriza la regla o pantalla. No tiene uso PHP directo en la evidencia; puede ser historica, consumida por SQL/vistas/procedimientos o estar fuera del alcance estatico.	SEMANTIC_REVERSE_ENGINEERING_CANDIDATE	SEMANTIC_INFERENCE_REVIEW_REQUIRED	transversal	DOMAIN_ENTITY_OR_LEGACY	UNKNOWN_OR_BUSINESS_DATA	UNKNOWN	0	0	NO_USAGE_FOUND
pbi_control_aduanero_tipo3	.data_base/asgard.sql	13710	DB-TABLE-C64C2B8A506DD9	Physical table declared in .data_base/asgard.sql	Tabla candidata del dominio transversal: Tabla transversal o legacy sin prefijo funcional inequivoco. Por su nombre agrupa tipo/clasificador que parametriza la regla o pantalla. No tiene uso PHP directo en la evidencia; puede ser historica, consumida por SQL/vistas/procedimientos o estar fuera del alcance estatico.	SEMANTIC_REVERSE_ENGINEERING_CANDIDATE	SEMANTIC_INFERENCE_REVIEW_REQUIRED	transversal	DOMAIN_ENTITY_OR_LEGACY	UNKNOWN_OR_BUSINESS_DATA	UNKNOWN	0	0	NO_USAGE_FOUND
pbi_control_aduanero_tipo4	.data_base/asgard.sql	13736	DB-TABLE-7B3D78B43D04C4	Physical table declared in .data_base/asgard.sql	Tabla candidata del dominio transversal: Tabla transversal o legacy sin prefijo funcional inequivoco. Por su nombre agrupa tipo/clasificador que parametriza la regla o pantalla. No tiene uso PHP directo en la evidencia; puede ser historica, consumida por SQL/vistas/procedimientos o estar fuera del alcance estatico.	SEMANTIC_REVERSE_ENGINEERING_CANDIDATE	SEMANTIC_INFERENCE_REVIEW_REQUIRED	transversal	DOMAIN_ENTITY_OR_LEGACY	UNKNOWN_OR_BUSINESS_DATA	UNKNOWN	0	0	NO_USAGE_FOUND
pbi_control_iasa	.data_base/asgard.sql	13759	DB-TABLE-9AB8E4323D62BB	Physical table declared in .data_base/asgard.sql	Tabla candidata del dominio transversal: Tabla transversal o legacy sin prefijo funcional inequivoco. Por su nombre agrupa entidad o catalogo legacy cuyo significado debe confirmarse por uso en codigo y datos. No tiene uso PHP directo en la evidencia; puede ser historica, consumida por SQL/vistas/procedimientos o estar fuera del alcance estatico.	SEMANTIC_REVERSE_ENGINEERING_CANDIDATE	SEMANTIC_INFERENCE_REVIEW_REQUIRED	transversal	DOMAIN_ENTITY_OR_LEGACY	UNKNOWN_OR_BUSINESS_DATA	UNKNOWN	0	0	NO_USAGE_FOUND
pbi_control_iasa_ge	.data_base/asgard.sql	13803	DB-TABLE-5E45EA529B9D63	Physical table declared in .data_base/asgard.sql	Tabla candidata del dominio transversal: Tabla transversal o legacy sin prefijo funcional inequivoco. Por su nombre agrupa entidad o catalogo legacy cuyo significado debe confirmarse por uso en codigo y datos. No tiene uso PHP directo en la evidencia; puede ser historica, consumida por SQL/vistas/procedimientos o estar fuera del alcance estatico.	SEMANTIC_REVERSE_ENGINEERING_CANDIDATE	SEMANTIC_INFERENCE_REVIEW_REQUIRED	transversal	DOMAIN_ENTITY_OR_LEGACY	UNKNOWN_OR_BUSINESS_DATA	UNKNOWN	0	0	NO_USAGE_FOUND
pbi_control_reemplazos_iasa	.data_base/asgard.sql	13837	DB-TABLE-A84AB0C1094100	Physical table declared in .data_base/asgard.sql	Tabla candidata del dominio transversal: Tabla transversal o legacy sin prefijo funcional inequivoco. Por su nombre agrupa entidad o catalogo legacy cuyo significado debe confirmarse por uso en codigo y datos. No tiene uso PHP directo en la evidencia; puede ser historica, consumida por SQL/vistas/procedimientos o estar fuera del alcance estatico.	SEMANTIC_REVERSE_ENGINEERING_CANDIDATE	SEMANTIC_INFERENCE_REVIEW_REQUIRED	transversal	DOMAIN_ENTITY_OR_LEGACY	UNKNOWN_OR_BUSINESS_DATA	UNKNOWN	0	0	NO_USAGE_FOUND
pbi_controlaps	.data_base/asgard.sql	13872	DB-TABLE-43B9B6B5D37729	Physical table declared in .data_base/asgard.sql	Tabla candidata del dominio transversal: Tabla transversal o legacy sin prefijo funcional inequivoco. Por su nombre agrupa entidad o catalogo legacy cuyo significado debe confirmarse por uso en codigo y datos. No tiene uso PHP directo en la evidencia; puede ser historica, consumida por SQL/vistas/procedimientos o estar fuera del alcance estatico.	SEMANTIC_REVERSE_ENGINEERING_CANDIDATE	SEMANTIC_INFERENCE_REVIEW_REQUIRED	transversal	DOMAIN_ENTITY_OR_LEGACY	UNKNOWN_OR_BUSINESS_DATA	UNKNOWN	0	0	NO_USAGE_FOUND
pbi_costos_logisticos_imcruz	.data_base/asgard.sql	13888	DB-TABLE-FCC8F4F157E26D	Physical table declared in .data_base/asgard.sql	Tabla candidata del dominio transversal: Tabla transversal o legacy sin prefijo funcional inequivoco. Por su nombre agrupa costos, gastos o valores economicos asociados a la operacion, costo, gasto o valor economico asociado a la operacion. Tiene escrituras observadas sin lecturas directas en la evidencia disponible; revisar si es staging, log o tabla consumida indirectamente.	SEMANTIC_REVERSE_ENGINEERING_CANDIDATE	SEMANTIC_INFERENCE_REVIEW_REQUIRED	transversal	DOMAIN_ENTITY_OR_LEGACY	UNKNOWN_OR_BUSINESS_DATA	UNKNOWN	0	1	USED
pbi_facturacion	.data_base/asgard.sql	13967	DB-TABLE-9D669327843D56	Physical table declared in .data_base/asgard.sql	Tabla candidata del dominio transversal: Tabla transversal o legacy sin prefijo funcional inequivoco. Por su nombre agrupa factura o documento economico/comercial. No tiene uso PHP directo en la evidencia; puede ser historica, consumida por SQL/vistas/procedimientos o estar fuera del alcance estatico.	SEMANTIC_REVERSE_ENGINEERING_CANDIDATE	SEMANTIC_INFERENCE_REVIEW_REQUIRED	transversal	DOMAIN_ENTITY_OR_LEGACY	LIKELY_PERSONAL_OR_SENSITIVE	UNKNOWN	0	0	NO_USAGE_FOUND
pbi_financiero	.data_base/asgard.sql	13983	DB-TABLE-46C3A6D1D9B46D	Physical table declared in .data_base/asgard.sql	Tabla candidata del dominio transversal: Tabla transversal o legacy sin prefijo funcional inequivoco. Por su nombre agrupa entidad o catalogo legacy cuyo significado debe confirmarse por uso en codigo y datos. Tiene lecturas observadas y parece actuar como consulta, catalogo o fuente de reporte.	SEMANTIC_REVERSE_ENGINEERING_CANDIDATE	SEMANTIC_INFERENCE_REVIEW_REQUIRED	transversal	DOMAIN_ENTITY_OR_LEGACY	LIKELY_PERSONAL_OR_SENSITIVE	UNKNOWN	1	0	USED
pbi_imcruz	.data_base/asgard.sql	14003	DB-TABLE-628034928D09A6	Physical table declared in .data_base/asgard.sql	Tabla candidata del dominio transversal: Tabla transversal o legacy sin prefijo funcional inequivoco. Por su nombre agrupa entidad o catalogo legacy cuyo significado debe confirmarse por uso en codigo y datos. No tiene uso PHP directo en la evidencia; puede ser historica, consumida por SQL/vistas/procedimientos o estar fuera del alcance estatico.	SEMANTIC_REVERSE_ENGINEERING_CANDIDATE	SEMANTIC_INFERENCE_REVIEW_REQUIRED	transversal	DOMAIN_ENTITY_OR_LEGACY	UNKNOWN_OR_BUSINESS_DATA	UNKNOWN	0	0	NO_USAGE_FOUND
pbi_imcruzv2	.data_base/asgard.sql	14044	DB-TABLE-DC4A78B094FD82	Physical table declared in .data_base/asgard.sql	Tabla candidata del dominio transversal: Tabla transversal o legacy sin prefijo funcional inequivoco. Por su nombre agrupa entidad o catalogo legacy cuyo significado debe confirmarse por uso en codigo y datos. No tiene uso PHP directo en la evidencia; puede ser historica, consumida por SQL/vistas/procedimientos o estar fuera del alcance estatico.	SEMANTIC_REVERSE_ENGINEERING_CANDIDATE	SEMANTIC_INFERENCE_REVIEW_REQUIRED	transversal	DOMAIN_ENTITY_OR_LEGACY	UNKNOWN_OR_BUSINESS_DATA	UNKNOWN	0	0	NO_USAGE_FOUND
pbi_indicadores_aduana	.data_base/asgard.sql	14100	DB-TABLE-12A177A2DA6AD5	Physical table declared in .data_base/asgard.sql	Tabla candidata del dominio transversal: Tabla transversal o legacy sin prefijo funcional inequivoco. Por su nombre agrupa aduana o entidad/parametro del tramite aduanero. No tiene uso PHP directo en la evidencia; puede ser historica, consumida por SQL/vistas/procedimientos o estar fuera del alcance estatico.	SEMANTIC_REVERSE_ENGINEERING_CANDIDATE	SEMANTIC_INFERENCE_REVIEW_REQUIRED	transversal	DOMAIN_ENTITY_OR_LEGACY	UNKNOWN_OR_BUSINESS_DATA	UNKNOWN	0	0	NO_USAGE_FOUND
pbi_indicadores_cotizaciones	.data_base/asgard.sql	14119	DB-TABLE-323F32D90C0FC3	Physical table declared in .data_base/asgard.sql	Tabla candidata del dominio transversal: Tabla transversal o legacy sin prefijo funcional inequivoco. Por su nombre agrupa entidad o catalogo legacy cuyo significado debe confirmarse por uso en codigo y datos. No tiene uso PHP directo en la evidencia; puede ser historica, consumida por SQL/vistas/procedimientos o estar fuera del alcance estatico.	SEMANTIC_REVERSE_ENGINEERING_CANDIDATE	SEMANTIC_INFERENCE_REVIEW_REQUIRED	transversal	DOMAIN_ENTITY_OR_LEGACY	LIKELY_PERSONAL_OR_SENSITIVE	UNKNOWN	0	0	NO_USAGE_FOUND
pbi_indicadores_embarques	.data_base/asgard.sql	14138	DB-TABLE-645146868827C3	Physical table declared in .data_base/asgard.sql	Tabla candidata del dominio transversal: Tabla transversal o legacy sin prefijo funcional inequivoco. Por su nombre agrupa embarques o movimientos logisticos/aduaneros, embarque o movimiento logistico/aduanero. No tiene uso PHP directo en la evidencia; puede ser historica, consumida por SQL/vistas/procedimientos o estar fuera del alcance estatico.	SEMANTIC_REVERSE_ENGINEERING_CANDIDATE	SEMANTIC_INFERENCE_REVIEW_REQUIRED	transversal	DOMAIN_ENTITY_OR_LEGACY	UNKNOWN_OR_BUSINESS_DATA	UNKNOWN	0	0	NO_USAGE_FOUND
pbi_indicadores_reportes	.data_base/asgard.sql	14158	DB-TABLE-7794AEF31EFAD7	Physical table declared in .data_base/asgard.sql	Tabla candidata del dominio transversal: Tabla transversal o legacy sin prefijo funcional inequivoco. Por su nombre agrupa reportes, salidas agregadas o consultas de gestion, reporte, salida agregada o consulta de gestion. No tiene uso PHP directo en la evidencia; puede ser historica, consumida por SQL/vistas/procedimientos o estar fuera del alcance estatico.	SEMANTIC_REVERSE_ENGINEERING_CANDIDATE	SEMANTIC_INFERENCE_REVIEW_REQUIRED	transversal	DOMAIN_ENTITY_OR_LEGACY	UNKNOWN_OR_BUSINESS_DATA	UNKNOWN	0	0	NO_USAGE_FOUND
pbi_observadas_archivo	.data_base/asgard.sql	14175	DB-TABLE-F7F561380E7861	Physical table declared in .data_base/asgard.sql	Tabla candidata del dominio documentos: Gestion documental, archivos, OCR y soportes operativos. Por su nombre agrupa entidad o catalogo legacy cuyo significado debe confirmarse por uso en codigo y datos. Tiene lecturas observadas y parece actuar como consulta, catalogo o fuente de reporte.	SEMANTIC_REVERSE_ENGINEERING_CANDIDATE	SEMANTIC_INFERENCE_REVIEW_REQUIRED	documentos	DOCUMENT_LIFECYCLE	UNKNOWN_OR_BUSINESS_DATA	UNKNOWN	1	0	USED
pbi_observadas_archivo_detalle	.data_base/asgard.sql	14219	DB-TABLE-E04D5541C61A1D	Physical table declared in .data_base/asgard.sql	Tabla candidata del dominio documentos: Gestion documental, archivos, OCR y soportes operativos. Por su nombre agrupa entidad o catalogo legacy cuyo significado debe confirmarse por uso en codigo y datos. No tiene uso PHP directo en la evidencia; puede ser historica, consumida por SQL/vistas/procedimientos o estar fuera del alcance estatico.	SEMANTIC_REVERSE_ENGINEERING_CANDIDATE	SEMANTIC_INFERENCE_REVIEW_REQUIRED	documentos	DOCUMENT_LIFECYCLE	UNKNOWN_OR_BUSINESS_DATA	UNKNOWN	0	0	NO_USAGE_FOUND
pbi_prestamo_devoluciones	.data_base/asgard.sql	14250	DB-TABLE-3E9063A431AFE0	Physical table declared in .data_base/asgard.sql	Tabla candidata del dominio transversal: Tabla transversal o legacy sin prefijo funcional inequivoco. Por su nombre agrupa entidad o catalogo legacy cuyo significado debe confirmarse por uso en codigo y datos. No tiene uso PHP directo en la evidencia; puede ser historica, consumida por SQL/vistas/procedimientos o estar fuera del alcance estatico.	SEMANTIC_REVERSE_ENGINEERING_CANDIDATE	SEMANTIC_INFERENCE_REVIEW_REQUIRED	transversal	DOMAIN_ENTITY_OR_LEGACY	LIKELY_PERSONAL_OR_SENSITIVE	UNKNOWN	0	0	NO_USAGE_FOUND
pbi_registro_documentos	.data_base/asgard.sql	14276	DB-TABLE-84D65305D5E02C	Physical table declared in .data_base/asgard.sql	Tabla candidata del dominio documentos: Gestion documental, archivos, OCR y soportes operativos. Por su nombre agrupa documentos o soportes asociados al expediente, documento o soporte asociado al expediente. No tiene uso PHP directo en la evidencia; puede ser historica, consumida por SQL/vistas/procedimientos o estar fuera del alcance estatico.	SEMANTIC_REVERSE_ENGINEERING_CANDIDATE	SEMANTIC_INFERENCE_REVIEW_REQUIRED	documentos	DOCUMENT_LIFECYCLE	UNKNOWN_OR_BUSINESS_DATA	UNKNOWN	0	0	NO_USAGE_FOUND
pbi_reporte_casos_cliente	.data_base/asgard.sql	14306	DB-TABLE-2F929654B6B554	Physical table declared in .data_base/asgard.sql	Tabla candidata del dominio transversal: Tabla transversal o legacy sin prefijo funcional inequivoco. Por su nombre agrupa reporte, salida agregada o consulta de gestion, cliente/tenant propietario de la operacion o filtro de visibilidad. Tiene escrituras observadas sin lecturas directas en la evidencia disponible; revisar si es staging, log o tabla consumida indirectamente.	SEMANTIC_REVERSE_ENGINEERING_CANDIDATE	SEMANTIC_INFERENCE_REVIEW_REQUIRED	transversal	DOMAIN_ENTITY_OR_LEGACY	UNKNOWN_OR_BUSINESS_DATA	UNKNOWN	0	1	USED
pbi_reporte_dep_transitorio	.data_base/asgard.sql	14365	DB-TABLE-B16A244A27FDE5	Physical table declared in .data_base/asgard.sql	Tabla candidata del dominio transversal: Tabla transversal o legacy sin prefijo funcional inequivoco. Por su nombre agrupa reporte, salida agregada o consulta de gestion. No tiene uso PHP directo en la evidencia; puede ser historica, consumida por SQL/vistas/procedimientos o estar fuera del alcance estatico.	SEMANTIC_REVERSE_ENGINEERING_CANDIDATE	SEMANTIC_INFERENCE_REVIEW_REQUIRED	transversal	DOMAIN_ENTITY_OR_LEGACY	UNKNOWN_OR_BUSINESS_DATA	UNKNOWN	0	0	NO_USAGE_FOUND
pbi_reportemaestro	.data_base/asgard.sql	14404	DB-TABLE-5D3ABB76A8272A	Physical table declared in .data_base/asgard.sql	Tabla candidata del dominio transversal: Tabla transversal o legacy sin prefijo funcional inequivoco. Por su nombre agrupa reporte, salida agregada o consulta de gestion. No tiene uso PHP directo en la evidencia; puede ser historica, consumida por SQL/vistas/procedimientos o estar fuera del alcance estatico.	SEMANTIC_REVERSE_ENGINEERING_CANDIDATE	SEMANTIC_INFERENCE_REVIEW_REQUIRED	transversal	DOMAIN_ENTITY_OR_LEGACY	UNKNOWN_OR_BUSINESS_DATA	UNKNOWN	0	0	NO_USAGE_FOUND
pbi_rnc_reporte_general	.data_base/asgard.sql	14462	DB-TABLE-598777C366F296	Physical table declared in .data_base/asgard.sql	Tabla candidata del dominio transversal: Tabla transversal o legacy sin prefijo funcional inequivoco. Por su nombre agrupa reporte, salida agregada o consulta de gestion. No tiene uso PHP directo en la evidencia; puede ser historica, consumida por SQL/vistas/procedimientos o estar fuera del alcance estatico.	SEMANTIC_REVERSE_ENGINEERING_CANDIDATE	SEMANTIC_INFERENCE_REVIEW_REQUIRED	transversal	DOMAIN_ENTITY_OR_LEGACY	UNKNOWN_OR_BUSINESS_DATA	UNKNOWN	0	0	NO_USAGE_FOUND
pbi_soat_imcruz	.data_base/asgard.sql	14518	DB-TABLE-D26F03A09978C9	Physical table declared in .data_base/asgard.sql	Tabla candidata del dominio transversal: Tabla transversal o legacy sin prefijo funcional inequivoco. Por su nombre agrupa entidad o catalogo legacy cuyo significado debe confirmarse por uso en codigo y datos. No tiene uso PHP directo en la evidencia; puede ser historica, consumida por SQL/vistas/procedimientos o estar fuera del alcance estatico.	SEMANTIC_REVERSE_ENGINEERING_CANDIDATE	SEMANTIC_INFERENCE_REVIEW_REQUIRED	transversal	DOMAIN_ENTITY_OR_LEGACY	UNKNOWN_OR_BUSINESS_DATA	UNKNOWN	0	0	NO_USAGE_FOUND
pbi_soat_imcruz2	.data_base/asgard.sql	14537	DB-TABLE-0B88AC3E6AFCAA	Physical table declared in .data_base/asgard.sql	Tabla candidata del dominio transversal: Tabla transversal o legacy sin prefijo funcional inequivoco. Por su nombre agrupa entidad o catalogo legacy cuyo significado debe confirmarse por uso en codigo y datos. No tiene uso PHP directo en la evidencia; puede ser historica, consumida por SQL/vistas/procedimientos o estar fuera del alcance estatico.	SEMANTIC_REVERSE_ENGINEERING_CANDIDATE	SEMANTIC_INFERENCE_REVIEW_REQUIRED	transversal	DOMAIN_ENTITY_OR_LEGACY	UNKNOWN_OR_BUSINESS_DATA	UNKNOWN	0	0	NO_USAGE_FOUND
pbi_soat_imcruz_nc	.data_base/asgard.sql	14553	DB-TABLE-E097C351F8CC1E	Physical table declared in .data_base/asgard.sql	Tabla candidata del dominio transversal: Tabla transversal o legacy sin prefijo funcional inequivoco. Por su nombre agrupa entidad o catalogo legacy cuyo significado debe confirmarse por uso en codigo y datos. No tiene uso PHP directo en la evidencia; puede ser historica, consumida por SQL/vistas/procedimientos o estar fuera del alcance estatico.	SEMANTIC_REVERSE_ENGINEERING_CANDIDATE	SEMANTIC_INFERENCE_REVIEW_REQUIRED	transversal	DOMAIN_ENTITY_OR_LEGACY	UNKNOWN_OR_BUSINESS_DATA	UNKNOWN	0	0	NO_USAGE_FOUND
pbi_tigo	.data_base/asgard.sql	14567	DB-TABLE-753725D8775F9A	Physical table declared in .data_base/asgard.sql	Tabla candidata del dominio transversal: Tabla transversal o legacy sin prefijo funcional inequivoco. Por su nombre agrupa entidad o catalogo legacy cuyo significado debe confirmarse por uso en codigo y datos. No tiene uso PHP directo en la evidencia; puede ser historica, consumida por SQL/vistas/procedimientos o estar fuera del alcance estatico.	SEMANTIC_REVERSE_ENGINEERING_CANDIDATE	SEMANTIC_INFERENCE_REVIEW_REQUIRED	transversal	DOMAIN_ENTITY_OR_LEGACY	UNKNOWN_OR_BUSINESS_DATA	UNKNOWN	0	0	NO_USAGE_FOUND
pbi_total	.data_base/asgard.sql	14680	DB-TABLE-696158EF8E8562	Physical table declared in .data_base/asgard.sql	Tabla candidata del dominio transversal: Tabla transversal o legacy sin prefijo funcional inequivoco. Por su nombre agrupa entidad o catalogo legacy cuyo significado debe confirmarse por uso en codigo y datos. No tiene uso PHP directo en la evidencia; puede ser historica, consumida por SQL/vistas/procedimientos o estar fuera del alcance estatico.	SEMANTIC_REVERSE_ENGINEERING_CANDIDATE	SEMANTIC_INFERENCE_REVIEW_REQUIRED	transversal	DOMAIN_ENTITY_OR_LEGACY	UNKNOWN_OR_BUSINESS_DATA	UNKNOWN	0	0	NO_USAGE_FOUND
pbi_total_imcruz	.data_base/asgard.sql	14802	DB-TABLE-A61984AAAFD38B	Physical table declared in .data_base/asgard.sql	Tabla candidata del dominio transversal: Tabla transversal o legacy sin prefijo funcional inequivoco. Por su nombre agrupa entidad o catalogo legacy cuyo significado debe confirmarse por uso en codigo y datos. No tiene uso PHP directo en la evidencia; puede ser historica, consumida por SQL/vistas/procedimientos o estar fuera del alcance estatico.	SEMANTIC_REVERSE_ENGINEERING_CANDIDATE	SEMANTIC_INFERENCE_REVIEW_REQUIRED	transversal	DOMAIN_ENTITY_OR_LEGACY	UNKNOWN_OR_BUSINESS_DATA	UNKNOWN	0	0	NO_USAGE_FOUND
pbi_tributos_dep_transitorio	.data_base/asgard.sql	14923	DB-TABLE-C3FBFD8C4F22B2	Physical table declared in .data_base/asgard.sql	Tabla candidata del dominio transversal: Tabla transversal o legacy sin prefijo funcional inequivoco. Por su nombre agrupa entidad o catalogo legacy cuyo significado debe confirmarse por uso en codigo y datos. No tiene uso PHP directo en la evidencia; puede ser historica, consumida por SQL/vistas/procedimientos o estar fuera del alcance estatico.	SEMANTIC_REVERSE_ENGINEERING_CANDIDATE	SEMANTIC_INFERENCE_REVIEW_REQUIRED	transversal	DOMAIN_ENTITY_OR_LEGACY	UNKNOWN_OR_BUSINESS_DATA	UNKNOWN	0	0	NO_USAGE_FOUND
per_solicitudes_vacaciones	.data_base/asgard.sql	14942	DB-TABLE-532BD14FA90A05	Physical table declared in .data_base/asgard.sql	Tabla candidata del dominio transversal: Tabla transversal o legacy sin prefijo funcional inequivoco. Por su nombre agrupa solicitudes de servicio o gestion iniciadas por usuario/cliente, solicitud de servicio o gestion iniciada por usuario/cliente. No tiene uso PHP directo en la evidencia; puede ser historica, consumida por SQL/vistas/procedimientos o estar fuera del alcance estatico.	SEMANTIC_REVERSE_ENGINEERING_CANDIDATE	SEMANTIC_INFERENCE_REVIEW_REQUIRED	transversal	TRANSACTIONAL_LIFECYCLE	LIKELY_PERSONAL_OR_SENSITIVE	UNKNOWN	0	0	NO_USAGE_FOUND
personal_access_tokens	.data_base/asgard.sql	14980	DB-TABLE-446DD1918E9503	Physical table declared in .data_base/asgard.sql	Tabla candidata del dominio transversal: Tabla transversal o legacy sin prefijo funcional inequivoco. Por su nombre agrupa token de acceso, enlace temporal o credencial operacional. No tiene uso PHP directo en la evidencia; puede ser historica, consumida por SQL/vistas/procedimientos o estar fuera del alcance estatico.	SEMANTIC_REVERSE_ENGINEERING_CANDIDATE	SEMANTIC_INFERENCE_REVIEW_REQUIRED	transversal	DOMAIN_ENTITY_OR_LEGACY	LIKELY_PERSONAL_OR_SENSITIVE	UNKNOWN	0	0	NO_USAGE_FOUND
prm_feriado	.data_base/asgard.sql	15000	DB-TABLE-602D7022AB508F	Physical table declared in .data_base/asgard.sql	Tabla candidata del dominio transversal: Tabla transversal o legacy sin prefijo funcional inequivoco. Por su nombre agrupa entidad o catalogo legacy cuyo significado debe confirmarse por uso en codigo y datos. Tiene lecturas observadas y parece actuar como consulta, catalogo o fuente de reporte.	SEMANTIC_REVERSE_ENGINEERING_CANDIDATE	SEMANTIC_INFERENCE_REVIEW_REQUIRED	transversal	DOMAIN_ENTITY_OR_LEGACY	UNKNOWN_OR_BUSINESS_DATA	UNKNOWN	1	0	USED
prm_feriado_2	.data_base/asgard.sql	15010	DB-TABLE-711F0C91B49674	Physical table declared in .data_base/asgard.sql	Tabla candidata del dominio transversal: Tabla transversal o legacy sin prefijo funcional inequivoco. Por su nombre agrupa entidad o catalogo legacy cuyo significado debe confirmarse por uso en codigo y datos. Tiene lecturas observadas y parece actuar como consulta, catalogo o fuente de reporte.	SEMANTIC_REVERSE_ENGINEERING_CANDIDATE	SEMANTIC_INFERENCE_REVIEW_REQUIRED	transversal	DOMAIN_ENTITY_OR_LEGACY	UNKNOWN_OR_BUSINESS_DATA	UNKNOWN	1	0	USED
prm_puertoaduana	.data_base/asgard.sql	15020	DB-TABLE-604F720320F838	Physical table declared in .data_base/asgard.sql	Tabla candidata del dominio transversal: Tabla transversal o legacy sin prefijo funcional inequivoco. Por su nombre agrupa aduana o entidad/parametro del tramite aduanero, puerto usado como origen, destino o referencia logistica. No tiene uso PHP directo en la evidencia; puede ser historica, consumida por SQL/vistas/procedimientos o estar fuera del alcance estatico.	SEMANTIC_REVERSE_ENGINEERING_CANDIDATE	SEMANTIC_INFERENCE_REVIEW_REQUIRED	transversal	DOMAIN_ENTITY_OR_LEGACY	UNKNOWN_OR_BUSINESS_DATA	UNKNOWN	0	0	NO_USAGE_FOUND
prm_usuarioslinea	.data_base/asgard.sql	15032	DB-TABLE-8587ED5FAB4717	Physical table declared in .data_base/asgard.sql	Tabla candidata del dominio transversal: Tabla transversal o legacy sin prefijo funcional inequivoco. Por su nombre agrupa entidad o catalogo legacy cuyo significado debe confirmarse por uso en codigo y datos. No tiene uso PHP directo en la evidencia; puede ser historica, consumida por SQL/vistas/procedimientos o estar fuera del alcance estatico.	SEMANTIC_REVERSE_ENGINEERING_CANDIDATE	SEMANTIC_INFERENCE_REVIEW_REQUIRED	transversal	DOMAIN_ENTITY_OR_LEGACY	LIKELY_PERSONAL_OR_SENSITIVE	UNKNOWN	0	0	NO_USAGE_FOUND
prov_clientes_proveedores	.data_base/asgard.sql	15045	DB-TABLE-478D6E4580050E	Physical table declared in .data_base/asgard.sql	Tabla candidata del dominio prov: Proveedores, clientes/proveedores y datos de terceros. Por su nombre agrupa clientes/tenants propietarios de operaciones o reportes, proveedores o terceros participantes en el proceso, proveedor o tercero participante en el proceso, cliente/tenant propietario de la operacion o filtro de visibilidad. Tiene lecturas observadas y parece actuar como consulta, catalogo o fuente de reporte.	SEMANTIC_REVERSE_ENGINEERING_CANDIDATE	SEMANTIC_INFERENCE_REVIEW_REQUIRED	prov	DOMAIN_ENTITY_OR_LEGACY	UNKNOWN_OR_BUSINESS_DATA	UNKNOWN	1	0	USED
prov_modulosproveedor	.data_base/asgard.sql	15067	DB-TABLE-734CEE224C22F0	Physical table declared in .data_base/asgard.sql	Tabla candidata del dominio prov: Proveedores, clientes/proveedores y datos de terceros. Por su nombre agrupa proveedor o tercero participante en el proceso. No tiene uso PHP directo en la evidencia; puede ser historica, consumida por SQL/vistas/procedimientos o estar fuera del alcance estatico.	SEMANTIC_REVERSE_ENGINEERING_CANDIDATE	SEMANTIC_INFERENCE_REVIEW_REQUIRED	prov	DOMAIN_ENTITY_OR_LEGACY	UNKNOWN_OR_BUSINESS_DATA	UNKNOWN	0	0	NO_USAGE_FOUND
prov_proveedorusuariospermisos	.data_base/asgard.sql	15083	DB-TABLE-E5811DB3DAAF68	Physical table declared in .data_base/asgard.sql	Tabla candidata del dominio prov: Proveedores, clientes/proveedores y datos de terceros. Por su nombre agrupa proveedor o tercero participante en el proceso. No tiene uso PHP directo en la evidencia; puede ser historica, consumida por SQL/vistas/procedimientos o estar fuera del alcance estatico.	SEMANTIC_REVERSE_ENGINEERING_CANDIDATE	SEMANTIC_INFERENCE_REVIEW_REQUIRED	prov	DOMAIN_ENTITY_OR_LEGACY	LIKELY_PERSONAL_OR_SENSITIVE	UNKNOWN	0	0	NO_USAGE_FOUND
prov_tipoproveedor	.data_base/asgard.sql	15095	DB-TABLE-8674A9DBE61399	Physical table declared in .data_base/asgard.sql	Tabla candidata del dominio prov: Proveedores, clientes/proveedores y datos de terceros. Por su nombre agrupa proveedor o tercero participante en el proceso, tipo/clasificador que parametriza la regla o pantalla. No tiene uso PHP directo en la evidencia; puede ser historica, consumida por SQL/vistas/procedimientos o estar fuera del alcance estatico.	SEMANTIC_REVERSE_ENGINEERING_CANDIDATE	SEMANTIC_INFERENCE_REVIEW_REQUIRED	prov	DOMAIN_ENTITY_OR_LEGACY	UNKNOWN_OR_BUSINESS_DATA	UNKNOWN	0	0	NO_USAGE_FOUND
prov_usuarioaccesoproveedor	.data_base/asgard.sql	15107	DB-TABLE-FE3F243072BB36	Physical table declared in .data_base/asgard.sql	Tabla candidata del dominio prov: Proveedores, clientes/proveedores y datos de terceros. Por su nombre agrupa proveedor o tercero participante en el proceso. Tiene lectura y escritura observada, por lo que probablemente participa en un flujo transaccional activo.	SEMANTIC_REVERSE_ENGINEERING_CANDIDATE	SEMANTIC_INFERENCE_REVIEW_REQUIRED	prov	DOMAIN_ENTITY_OR_LEGACY	LIKELY_PERSONAL_OR_SENSITIVE	UNKNOWN	6	1	USED
push_estado	.data_base/asgard.sql	15131	DB-TABLE-009D214BB2B7F4	Physical table declared in .data_base/asgard.sql	Tabla candidata del dominio transversal: Tabla transversal o legacy sin prefijo funcional inequivoco. Por su nombre agrupa estado de ciclo de vida o clasificacion operacional. No tiene uso PHP directo en la evidencia; puede ser historica, consumida por SQL/vistas/procedimientos o estar fuera del alcance estatico.	SEMANTIC_REVERSE_ENGINEERING_CANDIDATE	SEMANTIC_INFERENCE_REVIEW_REQUIRED	transversal	CATALOG_STATE	UNKNOWN_OR_BUSINESS_DATA	UNKNOWN	0	0	NO_USAGE_FOUND
push_eventos	.data_base/asgard.sql	15147	DB-TABLE-31218C4E5993F3	Physical table declared in .data_base/asgard.sql	Tabla candidata del dominio transversal: Tabla transversal o legacy sin prefijo funcional inequivoco. Por su nombre agrupa entidad o catalogo legacy cuyo significado debe confirmarse por uso en codigo y datos. No tiene uso PHP directo en la evidencia; puede ser historica, consumida por SQL/vistas/procedimientos o estar fuera del alcance estatico.	SEMANTIC_REVERSE_ENGINEERING_CANDIDATE	SEMANTIC_INFERENCE_REVIEW_REQUIRED	transversal	DOMAIN_ENTITY_OR_LEGACY	UNKNOWN_OR_BUSINESS_DATA	UNKNOWN	0	0	NO_USAGE_FOUND
push_notificacion	.data_base/asgard.sql	15163	DB-TABLE-16193DE9AB0E3C	Physical table declared in .data_base/asgard.sql	Tabla candidata del dominio transversal: Tabla transversal o legacy sin prefijo funcional inequivoco. Por su nombre agrupa entidad o catalogo legacy cuyo significado debe confirmarse por uso en codigo y datos. Tiene lecturas observadas y parece actuar como consulta, catalogo o fuente de reporte.	SEMANTIC_REVERSE_ENGINEERING_CANDIDATE	SEMANTIC_INFERENCE_REVIEW_REQUIRED	transversal	DOMAIN_ENTITY_OR_LEGACY	LIKELY_PERSONAL_OR_SENSITIVE	UNKNOWN	1	0	USED
push_notificacionusuarios	.data_base/asgard.sql	15185	DB-TABLE-51DF1282FD47A6	Physical table declared in .data_base/asgard.sql	Tabla candidata del dominio transversal: Tabla transversal o legacy sin prefijo funcional inequivoco. Por su nombre agrupa entidad o catalogo legacy cuyo significado debe confirmarse por uso en codigo y datos. Tiene lectura y escritura observada, por lo que probablemente participa en un flujo transaccional activo.	SEMANTIC_REVERSE_ENGINEERING_CANDIDATE	SEMANTIC_INFERENCE_REVIEW_REQUIRED	transversal	DOMAIN_ENTITY_OR_LEGACY	LIKELY_PERSONAL_OR_SENSITIVE	UNKNOWN	1	1	USED
push_tiponotificacion	.data_base/asgard.sql	15208	DB-TABLE-73A513F290748A	Physical table declared in .data_base/asgard.sql	Tabla candidata del dominio transversal: Tabla transversal o legacy sin prefijo funcional inequivoco. Por su nombre agrupa tipo/clasificador que parametriza la regla o pantalla. Tiene lecturas observadas y parece actuar como consulta, catalogo o fuente de reporte.	SEMANTIC_REVERSE_ENGINEERING_CANDIDATE	SEMANTIC_INFERENCE_REVIEW_REQUIRED	transversal	DOMAIN_ENTITY_OR_LEGACY	LIKELY_PERSONAL_OR_SENSITIVE	UNKNOWN	1	0	USED
push_tipousuario	.data_base/asgard.sql	15219	DB-TABLE-F661D13EDCE3F8	Physical table declared in .data_base/asgard.sql	Tabla candidata del dominio transversal: Tabla transversal o legacy sin prefijo funcional inequivoco. Por su nombre agrupa tipo/clasificador que parametriza la regla o pantalla. Tiene lecturas observadas y parece actuar como consulta, catalogo o fuente de reporte.	SEMANTIC_REVERSE_ENGINEERING_CANDIDATE	SEMANTIC_INFERENCE_REVIEW_REQUIRED	transversal	DOMAIN_ENTITY_OR_LEGACY	LIKELY_PERSONAL_OR_SENSITIVE	UNKNOWN	1	0	USED
rnc_adjuntos	.data_base/asgard.sql	15236	DB-TABLE-C0F531E35D2DE1	Physical table declared in .data_base/asgard.sql	Tabla candidata del dominio transversal: Tabla transversal o legacy sin prefijo funcional inequivoco. Por su nombre agrupa entidad o catalogo legacy cuyo significado debe confirmarse por uso en codigo y datos. Tiene lecturas observadas y parece actuar como consulta, catalogo o fuente de reporte.	SEMANTIC_REVERSE_ENGINEERING_CANDIDATE	SEMANTIC_INFERENCE_REVIEW_REQUIRED	transversal	DOMAIN_ENTITY_OR_LEGACY	UNKNOWN_OR_BUSINESS_DATA	UNKNOWN	1	0	USED
rnc_analisis_causas	.data_base/asgard.sql	15251	DB-TABLE-CA0EC1FE6683DB	Physical table declared in .data_base/asgard.sql	Tabla candidata del dominio transversal: Tabla transversal o legacy sin prefijo funcional inequivoco. Por su nombre agrupa entidad o catalogo legacy cuyo significado debe confirmarse por uso en codigo y datos. Tiene lecturas observadas y parece actuar como consulta, catalogo o fuente de reporte.	SEMANTIC_REVERSE_ENGINEERING_CANDIDATE	SEMANTIC_INFERENCE_REVIEW_REQUIRED	transversal	DOMAIN_ENTITY_OR_LEGACY	UNKNOWN_OR_BUSINESS_DATA	UNKNOWN	1	0	USED
rnc_archivos	.data_base/asgard.sql	15279	DB-TABLE-A1ABA245DA0EA9	Physical table declared in .data_base/asgard.sql	Tabla candidata del dominio documentos: Gestion documental, archivos, OCR y soportes operativos. Por su nombre agrupa entidad o catalogo legacy cuyo significado debe confirmarse por uso en codigo y datos. Tiene lecturas observadas y parece actuar como consulta, catalogo o fuente de reporte.	SEMANTIC_REVERSE_ENGINEERING_CANDIDATE	SEMANTIC_INFERENCE_REVIEW_REQUIRED	documentos	DOCUMENT_LIFECYCLE	UNKNOWN_OR_BUSINESS_DATA	UNKNOWN	1	0	USED
rnc_areas	.data_base/asgard.sql	15295	DB-TABLE-6B79426B887F0B	Physical table declared in .data_base/asgard.sql	Tabla candidata del dominio transversal: Tabla transversal o legacy sin prefijo funcional inequivoco. Por su nombre agrupa entidad o catalogo legacy cuyo significado debe confirmarse por uso en codigo y datos. Tiene lecturas observadas y parece actuar como consulta, catalogo o fuente de reporte.	SEMANTIC_REVERSE_ENGINEERING_CANDIDATE	SEMANTIC_INFERENCE_REVIEW_REQUIRED	transversal	DOMAIN_ENTITY_OR_LEGACY	UNKNOWN_OR_BUSINESS_DATA	UNKNOWN	1	0	USED
rnc_consecuencias	.data_base/asgard.sql	15313	DB-TABLE-E1BF09A85B6147	Physical table declared in .data_base/asgard.sql	Tabla candidata del dominio transversal: Tabla transversal o legacy sin prefijo funcional inequivoco. Por su nombre agrupa entidad o catalogo legacy cuyo significado debe confirmarse por uso en codigo y datos. Tiene lecturas observadas y parece actuar como consulta, catalogo o fuente de reporte.	SEMANTIC_REVERSE_ENGINEERING_CANDIDATE	SEMANTIC_INFERENCE_REVIEW_REQUIRED	transversal	DOMAIN_ENTITY_OR_LEGACY	LIKELY_PERSONAL_OR_SENSITIVE	UNKNOWN	1	0	USED
rnc_controles_existentes	.data_base/asgard.sql	15333	DB-TABLE-406EDDC51F705C	Physical table declared in .data_base/asgard.sql	Tabla candidata del dominio transversal: Tabla transversal o legacy sin prefijo funcional inequivoco. Por su nombre agrupa entidad o catalogo legacy cuyo significado debe confirmarse por uso en codigo y datos. No tiene uso PHP directo en la evidencia; puede ser historica, consumida por SQL/vistas/procedimientos o estar fuera del alcance estatico.	SEMANTIC_REVERSE_ENGINEERING_CANDIDATE	SEMANTIC_INFERENCE_REVIEW_REQUIRED	transversal	DOMAIN_ENTITY_OR_LEGACY	UNKNOWN_OR_BUSINESS_DATA	UNKNOWN	0	0	NO_USAGE_FOUND
rnc_derivaciones_analistas	.data_base/asgard.sql	15352	DB-TABLE-AFC1BABB06BBB3	Physical table declared in .data_base/asgard.sql	Tabla candidata del dominio transversal: Tabla transversal o legacy sin prefijo funcional inequivoco. Por su nombre agrupa entidad o catalogo legacy cuyo significado debe confirmarse por uso en codigo y datos. Tiene lecturas observadas y parece actuar como consulta, catalogo o fuente de reporte.	SEMANTIC_REVERSE_ENGINEERING_CANDIDATE	SEMANTIC_INFERENCE_REVIEW_REQUIRED	transversal	DOMAIN_ENTITY_OR_LEGACY	LIKELY_PERSONAL_OR_SENSITIVE	UNKNOWN	1	0	USED
rnc_equipos_analistas_cliente	.data_base/asgard.sql	15372	DB-TABLE-742867E17551F2	Physical table declared in .data_base/asgard.sql	Tabla candidata del dominio transversal: Tabla transversal o legacy sin prefijo funcional inequivoco. Por su nombre agrupa cliente/tenant propietario de la operacion o filtro de visibilidad. No tiene uso PHP directo en la evidencia; puede ser historica, consumida por SQL/vistas/procedimientos o estar fuera del alcance estatico.	SEMANTIC_REVERSE_ENGINEERING_CANDIDATE	SEMANTIC_INFERENCE_REVIEW_REQUIRED	transversal	DOMAIN_ENTITY_OR_LEGACY	UNKNOWN_OR_BUSINESS_DATA	UNKNOWN	0	0	NO_USAGE_FOUND
rnc_impactos	.data_base/asgard.sql	15390	DB-TABLE-9074F88D9B15E4	Physical table declared in .data_base/asgard.sql	Tabla candidata del dominio transversal: Tabla transversal o legacy sin prefijo funcional inequivoco. Por su nombre agrupa entidad o catalogo legacy cuyo significado debe confirmarse por uso en codigo y datos. Tiene lecturas observadas y parece actuar como consulta, catalogo o fuente de reporte.	SEMANTIC_REVERSE_ENGINEERING_CANDIDATE	SEMANTIC_INFERENCE_REVIEW_REQUIRED	transversal	DOMAIN_ENTITY_OR_LEGACY	UNKNOWN_OR_BUSINESS_DATA	UNKNOWN	1	0	USED
rnc_lista_requisitos	.data_base/asgard.sql	15414	DB-TABLE-39A2A77BDCB94E	Physical table declared in .data_base/asgard.sql	Tabla candidata del dominio transversal: Tabla transversal o legacy sin prefijo funcional inequivoco. Por su nombre agrupa entidad o catalogo legacy cuyo significado debe confirmarse por uso en codigo y datos. No tiene uso PHP directo en la evidencia; puede ser historica, consumida por SQL/vistas/procedimientos o estar fuera del alcance estatico.	SEMANTIC_REVERSE_ENGINEERING_CANDIDATE	SEMANTIC_INFERENCE_REVIEW_REQUIRED	transversal	DOMAIN_ENTITY_OR_LEGACY	UNKNOWN_OR_BUSINESS_DATA	UNKNOWN	0	0	NO_USAGE_FOUND
rnc_matriz_evaluacion_riesgo	.data_base/asgard.sql	15430	DB-TABLE-A98FE7D383B134	Physical table declared in .data_base/asgard.sql	Tabla candidata del dominio transversal: Tabla transversal o legacy sin prefijo funcional inequivoco. Por su nombre agrupa entidad o catalogo legacy cuyo significado debe confirmarse por uso en codigo y datos. No tiene uso PHP directo en la evidencia; puede ser historica, consumida por SQL/vistas/procedimientos o estar fuera del alcance estatico.	SEMANTIC_REVERSE_ENGINEERING_CANDIDATE	SEMANTIC_INFERENCE_REVIEW_REQUIRED	transversal	DOMAIN_ENTITY_OR_LEGACY	LIKELY_PERSONAL_OR_SENSITIVE	UNKNOWN	0	0	NO_USAGE_FOUND
rnc_mejora_continua_archivos	.data_base/asgard.sql	15450	DB-TABLE-CF3B9A1126BBFF	Physical table declared in .data_base/asgard.sql	Tabla candidata del dominio documentos: Gestion documental, archivos, OCR y soportes operativos. Por su nombre agrupa entidad o catalogo legacy cuyo significado debe confirmarse por uso en codigo y datos. Tiene lecturas observadas y parece actuar como consulta, catalogo o fuente de reporte.	SEMANTIC_REVERSE_ENGINEERING_CANDIDATE	SEMANTIC_INFERENCE_REVIEW_REQUIRED	documentos	DOCUMENT_LIFECYCLE	UNKNOWN_OR_BUSINESS_DATA	UNKNOWN	1	0	USED
rnc_mejoras_continuas	.data_base/asgard.sql	15471	DB-TABLE-C7974D8AD78DFC	Physical table declared in .data_base/asgard.sql	Tabla candidata del dominio transversal: Tabla transversal o legacy sin prefijo funcional inequivoco. Por su nombre agrupa entidad o catalogo legacy cuyo significado debe confirmarse por uso en codigo y datos. No tiene uso PHP directo en la evidencia; puede ser historica, consumida por SQL/vistas/procedimientos o estar fuera del alcance estatico.	SEMANTIC_REVERSE_ENGINEERING_CANDIDATE	SEMANTIC_INFERENCE_REVIEW_REQUIRED	transversal	DOMAIN_ENTITY_OR_LEGACY	UNKNOWN_OR_BUSINESS_DATA	UNKNOWN	0	0	NO_USAGE_FOUND
rnc_migrations	.data_base/asgard.sql	15534	DB-TABLE-72BB32C1389069	Physical table declared in .data_base/asgard.sql	Tabla candidata del dominio transversal: Tabla transversal o legacy sin prefijo funcional inequivoco. Por su nombre agrupa entidad o catalogo legacy cuyo significado debe confirmarse por uso en codigo y datos. No tiene uso PHP directo en la evidencia; puede ser historica, consumida por SQL/vistas/procedimientos o estar fuera del alcance estatico.	SEMANTIC_REVERSE_ENGINEERING_CANDIDATE	SEMANTIC_INFERENCE_REVIEW_REQUIRED	transversal	DOMAIN_ENTITY_OR_LEGACY	UNKNOWN_OR_BUSINESS_DATA	UNKNOWN	0	0	NO_USAGE_FOUND
rnc_noconformidad	.data_base/asgard.sql	15545	DB-TABLE-6A9B2C5657FE21	Physical table declared in .data_base/asgard.sql	Tabla candidata del dominio transversal: Tabla transversal o legacy sin prefijo funcional inequivoco. Por su nombre agrupa entidad o catalogo legacy cuyo significado debe confirmarse por uso en codigo y datos. Tiene lectura y escritura observada, por lo que probablemente participa en un flujo transaccional activo.	SEMANTIC_REVERSE_ENGINEERING_CANDIDATE	SEMANTIC_INFERENCE_REVIEW_REQUIRED	transversal	DOMAIN_ENTITY_OR_LEGACY	UNKNOWN_OR_BUSINESS_DATA	UNKNOWN	1	1	USED
rnc_normativas_procedimientos_estandares	.data_base/asgard.sql	15611	DB-TABLE-02CAE23E6C637F	Physical table declared in .data_base/asgard.sql	Tabla candidata del dominio transversal: Tabla transversal o legacy sin prefijo funcional inequivoco. Por su nombre agrupa entidad o catalogo legacy cuyo significado debe confirmarse por uso en codigo y datos. Tiene lecturas observadas y parece actuar como consulta, catalogo o fuente de reporte.	SEMANTIC_REVERSE_ENGINEERING_CANDIDATE	SEMANTIC_INFERENCE_REVIEW_REQUIRED	transversal	DOMAIN_ENTITY_OR_LEGACY	UNKNOWN_OR_BUSINESS_DATA	UNKNOWN	1	0	USED
rnc_normativas_requisitos	.data_base/asgard.sql	15630	DB-TABLE-7EED8B84F3054E	Physical table declared in .data_base/asgard.sql	Tabla candidata del dominio transversal: Tabla transversal o legacy sin prefijo funcional inequivoco. Por su nombre agrupa entidad o catalogo legacy cuyo significado debe confirmarse por uso en codigo y datos. No tiene uso PHP directo en la evidencia; puede ser historica, consumida por SQL/vistas/procedimientos o estar fuera del alcance estatico.	SEMANTIC_REVERSE_ENGINEERING_CANDIDATE	SEMANTIC_INFERENCE_REVIEW_REQUIRED	transversal	DOMAIN_ENTITY_OR_LEGACY	UNKNOWN_OR_BUSINESS_DATA	UNKNOWN	0	0	NO_USAGE_FOUND
rnc_observaciones	.data_base/asgard.sql	15651	DB-TABLE-506C3B9CC103B9	Physical table declared in .data_base/asgard.sql	Tabla candidata del dominio transversal: Tabla transversal o legacy sin prefijo funcional inequivoco. Por su nombre agrupa observaciones, comentarios o motivos de revision, observacion, comentario o motivo de revision. Tiene lecturas observadas y parece actuar como consulta, catalogo o fuente de reporte.	SEMANTIC_REVERSE_ENGINEERING_CANDIDATE	SEMANTIC_INFERENCE_REVIEW_REQUIRED	transversal	DOMAIN_ENTITY_OR_LEGACY	LIKELY_PERSONAL_OR_SENSITIVE	UNKNOWN	1	0	USED
rnc_origenobservacion	.data_base/asgard.sql	15667	DB-TABLE-A84B414A7436AE	Physical table declared in .data_base/asgard.sql	Tabla candidata del dominio transversal: Tabla transversal o legacy sin prefijo funcional inequivoco. Por su nombre agrupa observacion, comentario o motivo de revision. Tiene lecturas observadas y parece actuar como consulta, catalogo o fuente de reporte.	SEMANTIC_REVERSE_ENGINEERING_CANDIDATE	SEMANTIC_INFERENCE_REVIEW_REQUIRED	transversal	DOMAIN_ENTITY_OR_LEGACY	LIKELY_PERSONAL_OR_SENSITIVE	UNKNOWN	1	0	USED
rnc_probabilidades	.data_base/asgard.sql	15685	DB-TABLE-D67E12CA73BE2A	Physical table declared in .data_base/asgard.sql	Tabla candidata del dominio transversal: Tabla transversal o legacy sin prefijo funcional inequivoco. Por su nombre agrupa entidad o catalogo legacy cuyo significado debe confirmarse por uso en codigo y datos. Tiene lecturas observadas y parece actuar como consulta, catalogo o fuente de reporte.	SEMANTIC_REVERSE_ENGINEERING_CANDIDATE	SEMANTIC_INFERENCE_REVIEW_REQUIRED	transversal	DOMAIN_ENTITY_OR_LEGACY	UNKNOWN_OR_BUSINESS_DATA	UNKNOWN	1	0	USED
rnc_procesosafectados	.data_base/asgard.sql	15704	DB-TABLE-8989C1E1A896D2	Physical table declared in .data_base/asgard.sql	Tabla candidata del dominio transversal: Tabla transversal o legacy sin prefijo funcional inequivoco. Por su nombre agrupa entidad o catalogo legacy cuyo significado debe confirmarse por uso en codigo y datos. Tiene lecturas observadas y parece actuar como consulta, catalogo o fuente de reporte.	SEMANTIC_REVERSE_ENGINEERING_CANDIDATE	SEMANTIC_INFERENCE_REVIEW_REQUIRED	transversal	DOMAIN_ENTITY_OR_LEGACY	UNKNOWN_OR_BUSINESS_DATA	UNKNOWN	1	0	USED
rnc_proveedores	.data_base/asgard.sql	15724	DB-TABLE-D080E259CD7B77	Physical table declared in .data_base/asgard.sql	Tabla candidata del dominio transversal: Tabla transversal o legacy sin prefijo funcional inequivoco. Por su nombre agrupa proveedores o terceros participantes en el proceso, proveedor o tercero participante en el proceso. No tiene uso PHP directo en la evidencia; puede ser historica, consumida por SQL/vistas/procedimientos o estar fuera del alcance estatico.	SEMANTIC_REVERSE_ENGINEERING_CANDIDATE	SEMANTIC_INFERENCE_REVIEW_REQUIRED	transversal	DOMAIN_ENTITY_OR_LEGACY	UNKNOWN_OR_BUSINESS_DATA	UNKNOWN	0	0	NO_USAGE_FOUND
rnc_requisitos	.data_base/asgard.sql	15743	DB-TABLE-C1A493BA6B8DB2	Physical table declared in .data_base/asgard.sql	Tabla candidata del dominio transversal: Tabla transversal o legacy sin prefijo funcional inequivoco. Por su nombre agrupa entidad o catalogo legacy cuyo significado debe confirmarse por uso en codigo y datos. Tiene lecturas observadas y parece actuar como consulta, catalogo o fuente de reporte.	SEMANTIC_REVERSE_ENGINEERING_CANDIDATE	SEMANTIC_INFERENCE_REVIEW_REQUIRED	transversal	DOMAIN_ENTITY_OR_LEGACY	UNKNOWN_OR_BUSINESS_DATA	UNKNOWN	1	0	USED
rnc_requisitos_parametros	.data_base/asgard.sql	15758	DB-TABLE-2444FAF47F6983	Physical table declared in .data_base/asgard.sql	Tabla candidata del dominio transversal: Tabla transversal o legacy sin prefijo funcional inequivoco. Por su nombre agrupa parametros configurables usados por reglas de negocio, parametro configurable usado por reglas de negocio. Tiene lecturas observadas y parece actuar como consulta, catalogo o fuente de reporte.	SEMANTIC_REVERSE_ENGINEERING_CANDIDATE	SEMANTIC_INFERENCE_REVIEW_REQUIRED	transversal	REFERENCE_DATA	UNKNOWN_OR_BUSINESS_DATA	UNKNOWN	1	0	USED
rnc_responsables_controles	.data_base/asgard.sql	15779	DB-TABLE-18F2A979843FEA	Physical table declared in .data_base/asgard.sql	Tabla candidata del dominio transversal: Tabla transversal o legacy sin prefijo funcional inequivoco. Por su nombre agrupa entidad o catalogo legacy cuyo significado debe confirmarse por uso en codigo y datos. No tiene uso PHP directo en la evidencia; puede ser historica, consumida por SQL/vistas/procedimientos o estar fuera del alcance estatico.	SEMANTIC_REVERSE_ENGINEERING_CANDIDATE	SEMANTIC_INFERENCE_REVIEW_REQUIRED	transversal	DOMAIN_ENTITY_OR_LEGACY	UNKNOWN_OR_BUSINESS_DATA	UNKNOWN	0	0	NO_USAGE_FOUND
rnc_tipos_impactos	.data_base/asgard.sql	15798	DB-TABLE-C3A2E758D79ACA	Physical table declared in .data_base/asgard.sql	Tabla candidata del dominio transversal: Tabla transversal o legacy sin prefijo funcional inequivoco. Por su nombre agrupa tipos/clasificadores que parametrizan reglas o pantallas, tipo/clasificador que parametriza la regla o pantalla. Tiene lecturas observadas y parece actuar como consulta, catalogo o fuente de reporte.	SEMANTIC_REVERSE_ENGINEERING_CANDIDATE	SEMANTIC_INFERENCE_REVIEW_REQUIRED	transversal	REFERENCE_DATA	UNKNOWN_OR_BUSINESS_DATA	UNKNOWN	1	0	USED
rnc_tipos_usuarios	.data_base/asgard.sql	15812	DB-TABLE-938850EA617FB8	Physical table declared in .data_base/asgard.sql	Tabla candidata del dominio transversal: Tabla transversal o legacy sin prefijo funcional inequivoco. Por su nombre agrupa tipos/clasificadores que parametrizan reglas o pantallas, tipo/clasificador que parametriza la regla o pantalla. No tiene uso PHP directo en la evidencia; puede ser historica, consumida por SQL/vistas/procedimientos o estar fuera del alcance estatico.	SEMANTIC_REVERSE_ENGINEERING_CANDIDATE	SEMANTIC_INFERENCE_REVIEW_REQUIRED	transversal	REFERENCE_DATA	LIKELY_PERSONAL_OR_SENSITIVE	UNKNOWN	0	0	NO_USAGE_FOUND
rnc_tiposhallazgos	.data_base/asgard.sql	15825	DB-TABLE-6BC4E9D9657F6B	Physical table declared in .data_base/asgard.sql	Tabla candidata del dominio transversal: Tabla transversal o legacy sin prefijo funcional inequivoco. Por su nombre agrupa tipos/clasificadores que parametrizan reglas o pantallas, tipo/clasificador que parametriza la regla o pantalla. Tiene lecturas observadas y parece actuar como consulta, catalogo o fuente de reporte.	SEMANTIC_REVERSE_ENGINEERING_CANDIDATE	SEMANTIC_INFERENCE_REVIEW_REQUIRED	transversal	DOMAIN_ENTITY_OR_LEGACY	UNKNOWN_OR_BUSINESS_DATA	UNKNOWN	1	0	USED
rnc_tiposregistros	.data_base/asgard.sql	15845	DB-TABLE-38D3426F46799C	Physical table declared in .data_base/asgard.sql	Tabla candidata del dominio transversal: Tabla transversal o legacy sin prefijo funcional inequivoco. Por su nombre agrupa tipos/clasificadores que parametrizan reglas o pantallas, tipo/clasificador que parametriza la regla o pantalla. Tiene lecturas observadas y parece actuar como consulta, catalogo o fuente de reporte.	SEMANTIC_REVERSE_ENGINEERING_CANDIDATE	SEMANTIC_INFERENCE_REVIEW_REQUIRED	transversal	DOMAIN_ENTITY_OR_LEGACY	UNKNOWN_OR_BUSINESS_DATA	UNKNOWN	1	0	USED
rnc_usuarios_equipos	.data_base/asgard.sql	15867	DB-TABLE-B143A448B0FF30	Physical table declared in .data_base/asgard.sql	Tabla candidata del dominio transversal: Tabla transversal o legacy sin prefijo funcional inequivoco. Por su nombre agrupa entidad o catalogo legacy cuyo significado debe confirmarse por uso en codigo y datos. No tiene uso PHP directo en la evidencia; puede ser historica, consumida por SQL/vistas/procedimientos o estar fuera del alcance estatico.	SEMANTIC_REVERSE_ENGINEERING_CANDIDATE	SEMANTIC_INFERENCE_REVIEW_REQUIRED	transversal	DOMAIN_ENTITY_OR_LEGACY	LIKELY_PERSONAL_OR_SENSITIVE	UNKNOWN	0	0	NO_USAGE_FOUND
rnc_valoraciones_riesgos	.data_base/asgard.sql	15882	DB-TABLE-A4FD589F857289	Physical table declared in .data_base/asgard.sql	Tabla candidata del dominio transversal: Tabla transversal o legacy sin prefijo funcional inequivoco. Por su nombre agrupa valor declarado, calculado o parametrico. Tiene lecturas observadas y parece actuar como consulta, catalogo o fuente de reporte.	SEMANTIC_REVERSE_ENGINEERING_CANDIDATE	SEMANTIC_INFERENCE_REVIEW_REQUIRED	transversal	DOMAIN_ENTITY_OR_LEGACY	LIKELY_PERSONAL_OR_SENSITIVE	UNKNOWN	1	0	USED
serv_cliente_servicios_terciarizados	.data_base/asgard.sql	15907	DB-TABLE-A6FEB06C499A65	Physical table declared in .data_base/asgard.sql	Tabla candidata del dominio transversal: Tabla transversal o legacy sin prefijo funcional inequivoco. Por su nombre agrupa cliente/tenant propietario de la operacion o filtro de visibilidad, clientes/tenants propietarios de operaciones o reportes. No tiene uso PHP directo en la evidencia; puede ser historica, consumida por SQL/vistas/procedimientos o estar fuera del alcance estatico.	SEMANTIC_REVERSE_ENGINEERING_CANDIDATE	SEMANTIC_INFERENCE_REVIEW_REQUIRED	transversal	DOMAIN_ENTITY_OR_LEGACY	LIKELY_PERSONAL_OR_SENSITIVE	UNKNOWN	0	0	NO_USAGE_FOUND
serv_contactos	.data_base/asgard.sql	15924	DB-TABLE-3FAA1C7ED9DB34	Physical table declared in .data_base/asgard.sql	Tabla candidata del dominio transversal: Tabla transversal o legacy sin prefijo funcional inequivoco. Por su nombre agrupa personas de contacto y sus datos de comunicacion, persona de contacto y sus datos de comunicacion. No tiene uso PHP directo en la evidencia; puede ser historica, consumida por SQL/vistas/procedimientos o estar fuera del alcance estatico.	SEMANTIC_REVERSE_ENGINEERING_CANDIDATE	SEMANTIC_INFERENCE_REVIEW_REQUIRED	transversal	DOMAIN_ENTITY_OR_LEGACY	LIKELY_PERSONAL_OR_SENSITIVE	UNKNOWN	0	0	NO_USAGE_FOUND
serv_documentos	.data_base/asgard.sql	15943	DB-TABLE-A86952755FD388	Physical table declared in .data_base/asgard.sql	Tabla candidata del dominio documentos: Gestion documental, archivos, OCR y soportes operativos. Por su nombre agrupa documentos o soportes asociados al expediente, documento o soporte asociado al expediente. No tiene uso PHP directo en la evidencia; puede ser historica, consumida por SQL/vistas/procedimientos o estar fuera del alcance estatico.	SEMANTIC_REVERSE_ENGINEERING_CANDIDATE	SEMANTIC_INFERENCE_REVIEW_REQUIRED	documentos	DOCUMENT_LIFECYCLE	UNKNOWN_OR_BUSINESS_DATA	UNKNOWN	0	0	NO_USAGE_FOUND
serv_servicios_terciarizados	.data_base/asgard.sql	15963	DB-TABLE-94EE082431E0D2	Physical table declared in .data_base/asgard.sql	Tabla candidata del dominio transversal: Tabla transversal o legacy sin prefijo funcional inequivoco. Por su nombre agrupa entidad o catalogo legacy cuyo significado debe confirmarse por uso en codigo y datos. No tiene uso PHP directo en la evidencia; puede ser historica, consumida por SQL/vistas/procedimientos o estar fuera del alcance estatico.	SEMANTIC_REVERSE_ENGINEERING_CANDIDATE	SEMANTIC_INFERENCE_REVIEW_REQUIRED	transversal	DOMAIN_ENTITY_OR_LEGACY	LIKELY_PERSONAL_OR_SENSITIVE	UNKNOWN	0	0	NO_USAGE_FOUND
soat_emails	.data_base/asgard.sql	15993	DB-TABLE-C2D3221EBEE48D	Physical table declared in .data_base/asgard.sql	Tabla candidata del dominio transversal: Tabla transversal o legacy sin prefijo funcional inequivoco. Por su nombre agrupa correo electronico o evento de envio por email. No tiene uso PHP directo en la evidencia; puede ser historica, consumida por SQL/vistas/procedimientos o estar fuera del alcance estatico.	SEMANTIC_REVERSE_ENGINEERING_CANDIDATE	SEMANTIC_INFERENCE_REVIEW_REQUIRED	transversal	DOMAIN_ENTITY_OR_LEGACY	LIKELY_PERSONAL_OR_SENSITIVE	UNKNOWN	0	0	NO_USAGE_FOUND
soat_loteitems	.data_base/asgard.sql	16010	DB-TABLE-3F46733688B096	Physical table declared in .data_base/asgard.sql	Tabla candidata del dominio transversal: Tabla transversal o legacy sin prefijo funcional inequivoco. Por su nombre agrupa entidad o catalogo legacy cuyo significado debe confirmarse por uso en codigo y datos. Tiene lecturas observadas y parece actuar como consulta, catalogo o fuente de reporte.	SEMANTIC_REVERSE_ENGINEERING_CANDIDATE	SEMANTIC_INFERENCE_REVIEW_REQUIRED	transversal	DOMAIN_ENTITY_OR_LEGACY	UNKNOWN_OR_BUSINESS_DATA	UNKNOWN	2	0	USED
soat_lotes	.data_base/asgard.sql	16025	DB-TABLE-E4669324EE8AD6	Physical table declared in .data_base/asgard.sql	Tabla candidata del dominio transversal: Tabla transversal o legacy sin prefijo funcional inequivoco. Por su nombre agrupa entidad o catalogo legacy cuyo significado debe confirmarse por uso en codigo y datos. No tiene uso PHP directo en la evidencia; puede ser historica, consumida por SQL/vistas/procedimientos o estar fuera del alcance estatico.	SEMANTIC_REVERSE_ENGINEERING_CANDIDATE	SEMANTIC_INFERENCE_REVIEW_REQUIRED	transversal	DOMAIN_ENTITY_OR_LEGACY	UNKNOWN_OR_BUSINESS_DATA	UNKNOWN	0	0	NO_USAGE_FOUND
soat_parametros	.data_base/asgard.sql	16039	DB-TABLE-CCFBED45EAAF95	Physical table declared in .data_base/asgard.sql	Tabla candidata del dominio transversal: Tabla transversal o legacy sin prefijo funcional inequivoco. Por su nombre agrupa parametros configurables usados por reglas de negocio, parametro configurable usado por reglas de negocio. Tiene lecturas observadas y parece actuar como consulta, catalogo o fuente de reporte.	SEMANTIC_REVERSE_ENGINEERING_CANDIDATE	SEMANTIC_INFERENCE_REVIEW_REQUIRED	transversal	REFERENCE_DATA	UNKNOWN_OR_BUSINESS_DATA	UNKNOWN	1	0	USED
soat_pedidos	.data_base/asgard.sql	16054	DB-TABLE-FE841743EA4B70	Physical table declared in .data_base/asgard.sql	Tabla candidata del dominio transversal: Tabla transversal o legacy sin prefijo funcional inequivoco. Por su nombre agrupa entidad o catalogo legacy cuyo significado debe confirmarse por uso en codigo y datos. Tiene lecturas observadas y parece actuar como consulta, catalogo o fuente de reporte.	SEMANTIC_REVERSE_ENGINEERING_CANDIDATE	SEMANTIC_INFERENCE_REVIEW_REQUIRED	transversal	DOMAIN_ENTITY_OR_LEGACY	UNKNOWN_OR_BUSINESS_DATA	UNKNOWN	1	0	USED
soat_solicitudes	.data_base/asgard.sql	16070	DB-TABLE-E88703AD7D770B	Physical table declared in .data_base/asgard.sql	Tabla candidata del dominio transversal: Tabla transversal o legacy sin prefijo funcional inequivoco. Por su nombre agrupa solicitudes de servicio o gestion iniciadas por usuario/cliente, solicitud de servicio o gestion iniciada por usuario/cliente. No tiene uso PHP directo en la evidencia; puede ser historica, consumida por SQL/vistas/procedimientos o estar fuera del alcance estatico.	SEMANTIC_REVERSE_ENGINEERING_CANDIDATE	SEMANTIC_INFERENCE_REVIEW_REQUIRED	transversal	TRANSACTIONAL_LIFECYCLE	LIKELY_PERSONAL_OR_SENSITIVE	UNKNOWN	0	0	NO_USAGE_FOUND
soat_tipos	.data_base/asgard.sql	16084	DB-TABLE-C80F1B95D96BAB	Physical table declared in .data_base/asgard.sql	Tabla candidata del dominio transversal: Tabla transversal o legacy sin prefijo funcional inequivoco. Por su nombre agrupa tipos/clasificadores que parametrizan reglas o pantallas, tipo/clasificador que parametriza la regla o pantalla. No tiene uso PHP directo en la evidencia; puede ser historica, consumida por SQL/vistas/procedimientos o estar fuera del alcance estatico.	SEMANTIC_REVERSE_ENGINEERING_CANDIDATE	SEMANTIC_INFERENCE_REVIEW_REQUIRED	transversal	REFERENCE_DATA	UNKNOWN_OR_BUSINESS_DATA	UNKNOWN	0	0	NO_USAGE_FOUND
t_columnas_pedido	.data_base/asgard.sql	16094	DB-TABLE-6537860E095201	Physical table declared in .data_base/asgard.sql	Tabla candidata del dominio transversal: Tabla transversal o legacy sin prefijo funcional inequivoco. Por su nombre agrupa entidad o catalogo legacy cuyo significado debe confirmarse por uso en codigo y datos. No tiene uso PHP directo en la evidencia; puede ser historica, consumida por SQL/vistas/procedimientos o estar fuera del alcance estatico.	SEMANTIC_REVERSE_ENGINEERING_CANDIDATE	SEMANTIC_INFERENCE_REVIEW_REQUIRED	transversal	DOMAIN_ENTITY_OR_LEGACY	UNKNOWN_OR_BUSINESS_DATA	UNKNOWN	0	0	NO_USAGE_FOUND
t_usuario_columnas_pedido	.data_base/asgard.sql	16106	DB-TABLE-69DBF998A25426	Physical table declared in .data_base/asgard.sql	Tabla candidata del dominio transversal: Tabla transversal o legacy sin prefijo funcional inequivoco. Por su nombre agrupa entidad o catalogo legacy cuyo significado debe confirmarse por uso en codigo y datos. No tiene uso PHP directo en la evidencia; puede ser historica, consumida por SQL/vistas/procedimientos o estar fuera del alcance estatico.	SEMANTIC_REVERSE_ENGINEERING_CANDIDATE	SEMANTIC_INFERENCE_REVIEW_REQUIRED	transversal	DOMAIN_ENTITY_OR_LEGACY	LIKELY_PERSONAL_OR_SENSITIVE	UNKNOWN	0	0	NO_USAGE_FOUND
tck_aduanasrutasplazos	.data_base/asgard.sql	16117	DB-TABLE-2C123BBB5549AC	Physical table declared in .data_base/asgard.sql	Tabla candidata del dominio tck: Tracking/transporte: ordenes de viaje, cargas, kilometraje, imagenes y eventos de ruta. Por su nombre agrupa aduanas o entidades/parametros del tramite aduanero, aduana o entidad/parametro del tramite aduanero, ruta logistica o tramo operativo. Tiene lectura y escritura observada, por lo que probablemente participa en un flujo transaccional activo.	SEMANTIC_REVERSE_ENGINEERING_CANDIDATE	SEMANTIC_INFERENCE_REVIEW_REQUIRED	tck	DOMAIN_ENTITY_OR_LEGACY	UNKNOWN_OR_BUSINESS_DATA	UNKNOWN	1	1	USED
tck_asignacion_viaje	.data_base/asgard.sql	16140	DB-TABLE-3D9853743E0BA2	Physical table declared in .data_base/asgard.sql	Tabla candidata del dominio tck: Tracking/transporte: ordenes de viaje, cargas, kilometraje, imagenes y eventos de ruta. Por su nombre agrupa viaje o ruta ejecutada por transporte. Tiene lectura y escritura observada, por lo que probablemente participa en un flujo transaccional activo.	SEMANTIC_REVERSE_ENGINEERING_CANDIDATE	SEMANTIC_INFERENCE_REVIEW_REQUIRED	tck	TRANSACTIONAL_LIFECYCLE	LIKELY_PERSONAL_OR_SENSITIVE	UNKNOWN	6	2	USED
tck_capacidadestransporte	.data_base/asgard.sql	16167	DB-TABLE-90ED68AF6E7C40	Physical table declared in .data_base/asgard.sql	Tabla candidata del dominio tck: Tracking/transporte: ordenes de viaje, cargas, kilometraje, imagenes y eventos de ruta. Por su nombre agrupa entidad o catalogo legacy cuyo significado debe confirmarse por uso en codigo y datos. No tiene uso PHP directo en la evidencia; puede ser historica, consumida por SQL/vistas/procedimientos o estar fuera del alcance estatico.	SEMANTIC_REVERSE_ENGINEERING_CANDIDATE	SEMANTIC_INFERENCE_REVIEW_REQUIRED	tck	DOMAIN_ENTITY_OR_LEGACY	LIKELY_PERSONAL_OR_SENSITIVE	UNKNOWN	0	0	NO_USAGE_FOUND
tck_carga	.data_base/asgard.sql	16180	DB-TABLE-8BC089B46B1F1E	Physical table declared in .data_base/asgard.sql	Tabla candidata del dominio tck: Tracking/transporte: ordenes de viaje, cargas, kilometraje, imagenes y eventos de ruta. Por su nombre agrupa carga transportada o unidad operativa de transporte. Tiene lectura y escritura observada, por lo que probablemente participa en un flujo transaccional activo.	SEMANTIC_REVERSE_ENGINEERING_CANDIDATE	SEMANTIC_INFERENCE_REVIEW_REQUIRED	tck	DOMAIN_ENTITY_OR_LEGACY	UNKNOWN_OR_BUSINESS_DATA	UNKNOWN	3	1	USED
tck_choferoperador	.data_base/asgard.sql	16207	DB-TABLE-2535343A756C80	Physical table declared in .data_base/asgard.sql	Tabla candidata del dominio tck: Tracking/transporte: ordenes de viaje, cargas, kilometraje, imagenes y eventos de ruta. Por su nombre agrupa entidad o catalogo legacy cuyo significado debe confirmarse por uso en codigo y datos. Tiene lecturas observadas y parece actuar como consulta, catalogo o fuente de reporte.	SEMANTIC_REVERSE_ENGINEERING_CANDIDATE	SEMANTIC_INFERENCE_REVIEW_REQUIRED	tck	DOMAIN_ENTITY_OR_LEGACY	UNKNOWN_OR_BUSINESS_DATA	UNKNOWN	1	0	USED
tck_configuraciones	.data_base/asgard.sql	16222	DB-TABLE-0902888D5FE29B	Physical table declared in .data_base/asgard.sql	Tabla candidata del dominio tck: Tracking/transporte: ordenes de viaje, cargas, kilometraje, imagenes y eventos de ruta. Por su nombre agrupa entidad o catalogo legacy cuyo significado debe confirmarse por uso en codigo y datos. No tiene uso PHP directo en la evidencia; puede ser historica, consumida por SQL/vistas/procedimientos o estar fuera del alcance estatico.	SEMANTIC_REVERSE_ENGINEERING_CANDIDATE	SEMANTIC_INFERENCE_REVIEW_REQUIRED	tck	DOMAIN_ENTITY_OR_LEGACY	LIKELY_PERSONAL_OR_SENSITIVE	UNKNOWN	0	0	NO_USAGE_FOUND
tck_documentos_soporte_lista	.data_base/asgard.sql	16237	DB-TABLE-4B33F98E9951CB	Physical table declared in .data_base/asgard.sql	Tabla candidata del dominio tck: Tracking/transporte: ordenes de viaje, cargas, kilometraje, imagenes y eventos de ruta. Por su nombre agrupa documentos o soportes asociados al expediente, documento o soporte asociado al expediente. No tiene uso PHP directo en la evidencia; puede ser historica, consumida por SQL/vistas/procedimientos o estar fuera del alcance estatico.	SEMANTIC_REVERSE_ENGINEERING_CANDIDATE	SEMANTIC_INFERENCE_REVIEW_REQUIRED	tck	DOCUMENT_LIFECYCLE	UNKNOWN_OR_BUSINESS_DATA	UNKNOWN	0	0	NO_USAGE_FOUND
tck_documentosoperadortransporte	.data_base/asgard.sql	16251	DB-TABLE-AA2F9C9378036F	Physical table declared in .data_base/asgard.sql	Tabla candidata del dominio tck: Tracking/transporte: ordenes de viaje, cargas, kilometraje, imagenes y eventos de ruta. Por su nombre agrupa documentos o soportes asociados al expediente, documento o soporte asociado al expediente. No tiene uso PHP directo en la evidencia; puede ser historica, consumida por SQL/vistas/procedimientos o estar fuera del alcance estatico.	SEMANTIC_REVERSE_ENGINEERING_CANDIDATE	SEMANTIC_INFERENCE_REVIEW_REQUIRED	tck	DOMAIN_ENTITY_OR_LEGACY	UNKNOWN_OR_BUSINESS_DATA	UNKNOWN	0	0	NO_USAGE_FOUND
tck_documentossoporte	.data_base/asgard.sql	16267	DB-TABLE-BE268300DAAA35	Physical table declared in .data_base/asgard.sql	Tabla candidata del dominio tck: Tracking/transporte: ordenes de viaje, cargas, kilometraje, imagenes y eventos de ruta. Por su nombre agrupa documentos o soportes asociados al expediente, documento o soporte asociado al expediente. Tiene lectura y escritura observada, por lo que probablemente participa en un flujo transaccional activo.	SEMANTIC_REVERSE_ENGINEERING_CANDIDATE	SEMANTIC_INFERENCE_REVIEW_REQUIRED	tck	DOMAIN_ENTITY_OR_LEGACY	UNKNOWN_OR_BUSINESS_DATA	UNKNOWN	1	1	USED
tck_empresa_transporte	.data_base/asgard.sql	16285	DB-TABLE-00CAA932EBDE30	Physical table declared in .data_base/asgard.sql	Tabla candidata del dominio tck: Tracking/transporte: ordenes de viaje, cargas, kilometraje, imagenes y eventos de ruta. Por su nombre agrupa entidad o catalogo legacy cuyo significado debe confirmarse por uso en codigo y datos. Tiene lectura y escritura observada, por lo que probablemente participa en un flujo transaccional activo.	SEMANTIC_REVERSE_ENGINEERING_CANDIDATE	SEMANTIC_INFERENCE_REVIEW_REQUIRED	tck	DOMAIN_ENTITY_OR_LEGACY	UNKNOWN_OR_BUSINESS_DATA	UNKNOWN	5	1	USED
tck_envio_notificaciones	.data_base/asgard.sql	16304	DB-TABLE-733C09D5DD340D	Physical table declared in .data_base/asgard.sql	Tabla candidata del dominio tck: Tracking/transporte: ordenes de viaje, cargas, kilometraje, imagenes y eventos de ruta. Por su nombre agrupa entidad o catalogo legacy cuyo significado debe confirmarse por uso en codigo y datos. No tiene uso PHP directo en la evidencia; puede ser historica, consumida por SQL/vistas/procedimientos o estar fuera del alcance estatico.	SEMANTIC_REVERSE_ENGINEERING_CANDIDATE	SEMANTIC_INFERENCE_REVIEW_REQUIRED	tck	DOMAIN_ENTITY_OR_LEGACY	LIKELY_PERSONAL_OR_SENSITIVE	UNKNOWN	0	0	NO_USAGE_FOUND
tck_eventos	.data_base/asgard.sql	16320	DB-TABLE-6ADFA619AF2600	Physical table declared in .data_base/asgard.sql	Tabla candidata del dominio tck: Tracking/transporte: ordenes de viaje, cargas, kilometraje, imagenes y eventos de ruta. Por su nombre agrupa entidad o catalogo legacy cuyo significado debe confirmarse por uso en codigo y datos. Tiene lecturas observadas y parece actuar como consulta, catalogo o fuente de reporte.	SEMANTIC_REVERSE_ENGINEERING_CANDIDATE	SEMANTIC_INFERENCE_REVIEW_REQUIRED	tck	DOMAIN_ENTITY_OR_LEGACY	UNKNOWN_OR_BUSINESS_DATA	UNKNOWN	5	0	USED
tck_imagenes	.data_base/asgard.sql	16340	DB-TABLE-4D25AB86F7B700	Physical table declared in .data_base/asgard.sql	Tabla candidata del dominio tck: Tracking/transporte: ordenes de viaje, cargas, kilometraje, imagenes y eventos de ruta. Por su nombre agrupa entidad o catalogo legacy cuyo significado debe confirmarse por uso en codigo y datos. Tiene lectura y escritura observada, por lo que probablemente participa en un flujo transaccional activo.	SEMANTIC_REVERSE_ENGINEERING_CANDIDATE	SEMANTIC_INFERENCE_REVIEW_REQUIRED	tck	DOMAIN_ENTITY_OR_LEGACY	UNKNOWN_OR_BUSINESS_DATA	UNKNOWN	4	1	USED
tck_items_localizaciones	.data_base/asgard.sql	16356	DB-TABLE-9409C7241D2FD4	Physical table declared in .data_base/asgard.sql	Tabla candidata del dominio tck: Tracking/transporte: ordenes de viaje, cargas, kilometraje, imagenes y eventos de ruta. Por su nombre agrupa entidad o catalogo legacy cuyo significado debe confirmarse por uso en codigo y datos. Tiene lectura y escritura observada, por lo que probablemente participa en un flujo transaccional activo.	SEMANTIC_REVERSE_ENGINEERING_CANDIDATE	SEMANTIC_INFERENCE_REVIEW_REQUIRED	tck	DOMAIN_ENTITY_OR_LEGACY	LIKELY_PERSONAL_OR_SENSITIVE	UNKNOWN	1	1	USED
tck_localizaciones	.data_base/asgard.sql	16377	DB-TABLE-BB476646886BC9	Physical table declared in .data_base/asgard.sql	Tabla candidata del dominio tck: Tracking/transporte: ordenes de viaje, cargas, kilometraje, imagenes y eventos de ruta. Por su nombre agrupa entidad o catalogo legacy cuyo significado debe confirmarse por uso en codigo y datos. Tiene lectura y escritura observada, por lo que probablemente participa en un flujo transaccional activo.	SEMANTIC_REVERSE_ENGINEERING_CANDIDATE	SEMANTIC_INFERENCE_REVIEW_REQUIRED	tck	DOMAIN_ENTITY_OR_LEGACY	LIKELY_PERSONAL_OR_SENSITIVE	UNKNOWN	4	1	USED
tck_location	.data_base/asgard.sql	16417	DB-TABLE-5BB4B97771153A	Physical table declared in .data_base/asgard.sql	Tabla candidata del dominio tck: Tracking/transporte: ordenes de viaje, cargas, kilometraje, imagenes y eventos de ruta. Por su nombre agrupa entidad o catalogo legacy cuyo significado debe confirmarse por uso en codigo y datos. Tiene lecturas observadas y parece actuar como consulta, catalogo o fuente de reporte.	SEMANTIC_REVERSE_ENGINEERING_CANDIDATE	SEMANTIC_INFERENCE_REVIEW_REQUIRED	tck	DOMAIN_ENTITY_OR_LEGACY	UNKNOWN_OR_BUSINESS_DATA	UNKNOWN	1	0	USED
tck_lugaresentregacarga	.data_base/asgard.sql	16445	DB-TABLE-626805FE5AF187	Physical table declared in .data_base/asgard.sql	Tabla candidata del dominio tck: Tracking/transporte: ordenes de viaje, cargas, kilometraje, imagenes y eventos de ruta. Por su nombre agrupa carga transportada o unidad operativa de transporte. Tiene lecturas observadas y parece actuar como consulta, catalogo o fuente de reporte.	SEMANTIC_REVERSE_ENGINEERING_CANDIDATE	SEMANTIC_INFERENCE_REVIEW_REQUIRED	tck	DOMAIN_ENTITY_OR_LEGACY	UNKNOWN_OR_BUSINESS_DATA	UNKNOWN	5	0	USED
tck_mercancia	.data_base/asgard.sql	16458	DB-TABLE-B5A369D22C65B3	Physical table declared in .data_base/asgard.sql	Tabla candidata del dominio tck: Tracking/transporte: ordenes de viaje, cargas, kilometraje, imagenes y eventos de ruta. Por su nombre agrupa mercancia o item objeto de transporte/declaracion. No tiene uso PHP directo en la evidencia; puede ser historica, consumida por SQL/vistas/procedimientos o estar fuera del alcance estatico.	SEMANTIC_REVERSE_ENGINEERING_CANDIDATE	SEMANTIC_INFERENCE_REVIEW_REQUIRED	tck	DOMAIN_ENTITY_OR_LEGACY	LIKELY_PERSONAL_OR_SENSITIVE	UNKNOWN	0	0	NO_USAGE_FOUND
tck_operadorestransporte	.data_base/asgard.sql	16482	DB-TABLE-9C8684201CC5FF	Physical table declared in .data_base/asgard.sql	Tabla candidata del dominio tck: Tracking/transporte: ordenes de viaje, cargas, kilometraje, imagenes y eventos de ruta. Por su nombre agrupa entidad o catalogo legacy cuyo significado debe confirmarse por uso en codigo y datos. Tiene lectura y escritura observada, por lo que probablemente participa en un flujo transaccional activo.	SEMANTIC_REVERSE_ENGINEERING_CANDIDATE	SEMANTIC_INFERENCE_REVIEW_REQUIRED	tck	DOMAIN_ENTITY_OR_LEGACY	UNKNOWN_OR_BUSINESS_DATA	UNKNOWN	5	1	USED
tck_orden_viaje	.data_base/asgard.sql	16508	DB-TABLE-4773017544F84B	Physical table declared in .data_base/asgard.sql	Tabla candidata del dominio tck: Tracking/transporte: ordenes de viaje, cargas, kilometraje, imagenes y eventos de ruta. Por su nombre agrupa viaje o ruta ejecutada por transporte. Tiene lectura y escritura observada, por lo que probablemente participa en un flujo transaccional activo.	SEMANTIC_REVERSE_ENGINEERING_CANDIDATE	SEMANTIC_INFERENCE_REVIEW_REQUIRED	tck	TRANSACTIONAL_LIFECYCLE	UNKNOWN_OR_BUSINESS_DATA	UNKNOWN	3	1	USED
tck_programacionembarques	.data_base/asgard.sql	16535	DB-TABLE-C70872E1448E21	Physical table declared in .data_base/asgard.sql	Tabla candidata del dominio tck: Tracking/transporte: ordenes de viaje, cargas, kilometraje, imagenes y eventos de ruta. Por su nombre agrupa embarques o movimientos logisticos/aduaneros, embarque o movimiento logistico/aduanero. No tiene uso PHP directo en la evidencia; puede ser historica, consumida por SQL/vistas/procedimientos o estar fuera del alcance estatico.	SEMANTIC_REVERSE_ENGINEERING_CANDIDATE	SEMANTIC_INFERENCE_REVIEW_REQUIRED	tck	DOMAIN_ENTITY_OR_LEGACY	LIKELY_PERSONAL_OR_SENSITIVE	UNKNOWN	0	0	NO_USAGE_FOUND
tck_refenciasdocuemntosembarque	.data_base/asgard.sql	16591	DB-TABLE-1EE22D81FE85ED	Physical table declared in .data_base/asgard.sql	Tabla candidata del dominio tck: Tracking/transporte: ordenes de viaje, cargas, kilometraje, imagenes y eventos de ruta. Por su nombre agrupa embarque o movimiento logistico/aduanero. No tiene uso PHP directo en la evidencia; puede ser historica, consumida por SQL/vistas/procedimientos o estar fuera del alcance estatico.	SEMANTIC_REVERSE_ENGINEERING_CANDIDATE	SEMANTIC_INFERENCE_REVIEW_REQUIRED	tck	DOMAIN_ENTITY_OR_LEGACY	LIKELY_PERSONAL_OR_SENSITIVE	UNKNOWN	0	0	NO_USAGE_FOUND
tck_registrareventos	.data_base/asgard.sql	16605	DB-TABLE-C9AFDD34FA65EA	Physical table declared in .data_base/asgard.sql	Tabla candidata del dominio tck: Tracking/transporte: ordenes de viaje, cargas, kilometraje, imagenes y eventos de ruta. Por su nombre agrupa entidad o catalogo legacy cuyo significado debe confirmarse por uso en codigo y datos. Tiene lecturas observadas y parece actuar como consulta, catalogo o fuente de reporte.	SEMANTIC_REVERSE_ENGINEERING_CANDIDATE	SEMANTIC_INFERENCE_REVIEW_REQUIRED	tck	DOMAIN_ENTITY_OR_LEGACY	UNKNOWN_OR_BUSINESS_DATA	UNKNOWN	5	0	USED
tck_registrarincidentes	.data_base/asgard.sql	16628	DB-TABLE-64E0034D8A7C9C	Physical table declared in .data_base/asgard.sql	Tabla candidata del dominio tck: Tracking/transporte: ordenes de viaje, cargas, kilometraje, imagenes y eventos de ruta. Por su nombre agrupa entidad o catalogo legacy cuyo significado debe confirmarse por uso en codigo y datos. Tiene lecturas observadas y parece actuar como consulta, catalogo o fuente de reporte.	SEMANTIC_REVERSE_ENGINEERING_CANDIDATE	SEMANTIC_INFERENCE_REVIEW_REQUIRED	tck	DOMAIN_ENTITY_OR_LEGACY	LIKELY_PERSONAL_OR_SENSITIVE	UNKNOWN	5	0	USED
tck_registros_entregas_recojos	.data_base/asgard.sql	16649	DB-TABLE-0683454F7B0A41	Physical table declared in .data_base/asgard.sql	Tabla candidata del dominio tck: Tracking/transporte: ordenes de viaje, cargas, kilometraje, imagenes y eventos de ruta. Por su nombre agrupa entidad o catalogo legacy cuyo significado debe confirmarse por uso en codigo y datos. No tiene uso PHP directo en la evidencia; puede ser historica, consumida por SQL/vistas/procedimientos o estar fuera del alcance estatico.	SEMANTIC_REVERSE_ENGINEERING_CANDIDATE	SEMANTIC_INFERENCE_REVIEW_REQUIRED	tck	DOMAIN_ENTITY_OR_LEGACY	UNKNOWN_OR_BUSINESS_DATA	UNKNOWN	0	0	NO_USAGE_FOUND
tck_registros_entregas_recojos_imagenes	.data_base/asgard.sql	16678	DB-TABLE-BF0CC50378AEE4	Physical table declared in .data_base/asgard.sql	Tabla candidata del dominio tck: Tracking/transporte: ordenes de viaje, cargas, kilometraje, imagenes y eventos de ruta. Por su nombre agrupa entidad o catalogo legacy cuyo significado debe confirmarse por uso en codigo y datos. No tiene uso PHP directo en la evidencia; puede ser historica, consumida por SQL/vistas/procedimientos o estar fuera del alcance estatico.	SEMANTIC_REVERSE_ENGINEERING_CANDIDATE	SEMANTIC_INFERENCE_REVIEW_REQUIRED	tck	DOMAIN_ENTITY_OR_LEGACY	UNKNOWN_OR_BUSINESS_DATA	UNKNOWN	0	0	NO_USAGE_FOUND
tck_reseteos_passwords	.data_base/asgard.sql	16694	DB-TABLE-6C2F5CD8716C56	Physical table declared in .data_base/asgard.sql	Tabla candidata del dominio tck: Tracking/transporte: ordenes de viaje, cargas, kilometraje, imagenes y eventos de ruta. Por su nombre agrupa entidad o catalogo legacy cuyo significado debe confirmarse por uso en codigo y datos. No tiene uso PHP directo en la evidencia; puede ser historica, consumida por SQL/vistas/procedimientos o estar fuera del alcance estatico.	SEMANTIC_REVERSE_ENGINEERING_CANDIDATE	SEMANTIC_INFERENCE_REVIEW_REQUIRED	tck	DOMAIN_ENTITY_OR_LEGACY	LIKELY_PERSONAL_OR_SENSITIVE	UNKNOWN	0	0	NO_USAGE_FOUND
tck_rutas	.data_base/asgard.sql	16709	DB-TABLE-927F076C7671FE	Physical table declared in .data_base/asgard.sql	Tabla candidata del dominio tck: Tracking/transporte: ordenes de viaje, cargas, kilometraje, imagenes y eventos de ruta. Por su nombre agrupa ruta logistica o tramo operativo. No tiene uso PHP directo en la evidencia; puede ser historica, consumida por SQL/vistas/procedimientos o estar fuera del alcance estatico.	SEMANTIC_REVERSE_ENGINEERING_CANDIDATE	SEMANTIC_INFERENCE_REVIEW_REQUIRED	tck	DOMAIN_ENTITY_OR_LEGACY	UNKNOWN_OR_BUSINESS_DATA	UNKNOWN	0	0	NO_USAGE_FOUND
tck_rutasautorizadas	.data_base/asgard.sql	16726	DB-TABLE-42F3CED1747739	Physical table declared in .data_base/asgard.sql	Tabla candidata del dominio tck: Tracking/transporte: ordenes de viaje, cargas, kilometraje, imagenes y eventos de ruta. Por su nombre agrupa ruta logistica o tramo operativo. Tiene lectura y escritura observada, por lo que probablemente participa en un flujo transaccional activo.	SEMANTIC_REVERSE_ENGINEERING_CANDIDATE	SEMANTIC_INFERENCE_REVIEW_REQUIRED	tck	DOMAIN_ENTITY_OR_LEGACY	UNKNOWN_OR_BUSINESS_DATA	UNKNOWN	1	1	USED
tck_tipoincidente	.data_base/asgard.sql	16747	DB-TABLE-D82DCAC0F1547C	Physical table declared in .data_base/asgard.sql	Tabla candidata del dominio tck: Tracking/transporte: ordenes de viaje, cargas, kilometraje, imagenes y eventos de ruta. Por su nombre agrupa tipo/clasificador que parametriza la regla o pantalla. No tiene uso PHP directo en la evidencia; puede ser historica, consumida por SQL/vistas/procedimientos o estar fuera del alcance estatico.	SEMANTIC_REVERSE_ENGINEERING_CANDIDATE	SEMANTIC_INFERENCE_REVIEW_REQUIRED	tck	DOMAIN_ENTITY_OR_LEGACY	LIKELY_PERSONAL_OR_SENSITIVE	UNKNOWN	0	0	NO_USAGE_FOUND
tck_tiposcarguios	.data_base/asgard.sql	16760	DB-TABLE-1793BA5AE8A8C3	Physical table declared in .data_base/asgard.sql	Tabla candidata del dominio tck: Tracking/transporte: ordenes de viaje, cargas, kilometraje, imagenes y eventos de ruta. Por su nombre agrupa tipos/clasificadores que parametrizan reglas o pantallas, tipo/clasificador que parametriza la regla o pantalla. No tiene uso PHP directo en la evidencia; puede ser historica, consumida por SQL/vistas/procedimientos o estar fuera del alcance estatico.	SEMANTIC_REVERSE_ENGINEERING_CANDIDATE	SEMANTIC_INFERENCE_REVIEW_REQUIRED	tck	DOMAIN_ENTITY_OR_LEGACY	UNKNOWN_OR_BUSINESS_DATA	UNKNOWN	0	0	NO_USAGE_FOUND
tck_tiposunidades	.data_base/asgard.sql	16773	DB-TABLE-F727BB75FAAAC9	Physical table declared in .data_base/asgard.sql	Tabla candidata del dominio tck: Tracking/transporte: ordenes de viaje, cargas, kilometraje, imagenes y eventos de ruta. Por su nombre agrupa tipos/clasificadores que parametrizan reglas o pantallas, tipo/clasificador que parametriza la regla o pantalla. No tiene uso PHP directo en la evidencia; puede ser historica, consumida por SQL/vistas/procedimientos o estar fuera del alcance estatico.	SEMANTIC_REVERSE_ENGINEERING_CANDIDATE	SEMANTIC_INFERENCE_REVIEW_REQUIRED	tck	DOMAIN_ENTITY_OR_LEGACY	UNKNOWN_OR_BUSINESS_DATA	UNKNOWN	0	0	NO_USAGE_FOUND
tck_tipoubicaciones	.data_base/asgard.sql	16786	DB-TABLE-594A2CF8069F36	Physical table declared in .data_base/asgard.sql	Tabla candidata del dominio tck: Tracking/transporte: ordenes de viaje, cargas, kilometraje, imagenes y eventos de ruta. Por su nombre agrupa tipo/clasificador que parametriza la regla o pantalla. No tiene uso PHP directo en la evidencia; puede ser historica, consumida por SQL/vistas/procedimientos o estar fuera del alcance estatico.	SEMANTIC_REVERSE_ENGINEERING_CANDIDATE	SEMANTIC_INFERENCE_REVIEW_REQUIRED	tck	DOMAIN_ENTITY_OR_LEGACY	LIKELY_PERSONAL_OR_SENSITIVE	UNKNOWN	0	0	NO_USAGE_FOUND
tck_tipousuario	.data_base/asgard.sql	16799	DB-TABLE-66195CE7765E9A	Physical table declared in .data_base/asgard.sql	Tabla candidata del dominio tck: Tracking/transporte: ordenes de viaje, cargas, kilometraje, imagenes y eventos de ruta. Por su nombre agrupa tipo/clasificador que parametriza la regla o pantalla. No tiene uso PHP directo en la evidencia; puede ser historica, consumida por SQL/vistas/procedimientos o estar fuera del alcance estatico.	SEMANTIC_REVERSE_ENGINEERING_CANDIDATE	SEMANTIC_INFERENCE_REVIEW_REQUIRED	tck	DOMAIN_ENTITY_OR_LEGACY	LIKELY_PERSONAL_OR_SENSITIVE	UNKNOWN	0	0	NO_USAGE_FOUND
tck_tmpcargamasiva	.data_base/asgard.sql	16813	DB-TABLE-878E3FF5D0F747	Physical table declared in .data_base/asgard.sql	Tabla candidata del dominio tck: Tracking/transporte: ordenes de viaje, cargas, kilometraje, imagenes y eventos de ruta. Por su nombre agrupa carga transportada o unidad operativa de transporte. No tiene uso PHP directo en la evidencia; puede ser historica, consumida por SQL/vistas/procedimientos o estar fuera del alcance estatico.	SEMANTIC_REVERSE_ENGINEERING_CANDIDATE	SEMANTIC_INFERENCE_REVIEW_REQUIRED	tck	DOMAIN_ENTITY_OR_LEGACY	UNKNOWN_OR_BUSINESS_DATA	UNKNOWN	0	0	NO_USAGE_FOUND
tck_trackeo	.data_base/asgard.sql	16853	DB-TABLE-C47B168FCB5029	Physical table declared in .data_base/asgard.sql	Tabla candidata del dominio tck: Tracking/transporte: ordenes de viaje, cargas, kilometraje, imagenes y eventos de ruta. Por su nombre agrupa entidad o catalogo legacy cuyo significado debe confirmarse por uso en codigo y datos. Tiene lecturas observadas y parece actuar como consulta, catalogo o fuente de reporte.	SEMANTIC_REVERSE_ENGINEERING_CANDIDATE	SEMANTIC_INFERENCE_REVIEW_REQUIRED	tck	DOMAIN_ENTITY_OR_LEGACY	UNKNOWN_OR_BUSINESS_DATA	UNKNOWN	3	0	USED
tck_transporte	.data_base/asgard.sql	16870	DB-TABLE-2E479916C77BFB	Physical table declared in .data_base/asgard.sql	Tabla candidata del dominio tck: Tracking/transporte: ordenes de viaje, cargas, kilometraje, imagenes y eventos de ruta. Por su nombre agrupa entidad o catalogo legacy cuyo significado debe confirmarse por uso en codigo y datos. Tiene lectura y escritura observada, por lo que probablemente participa en un flujo transaccional activo.	SEMANTIC_REVERSE_ENGINEERING_CANDIDATE	SEMANTIC_INFERENCE_REVIEW_REQUIRED	tck	DOMAIN_ENTITY_OR_LEGACY	UNKNOWN_OR_BUSINESS_DATA	UNKNOWN	1	1	USED
tck_transportista	.data_base/asgard.sql	16891	DB-TABLE-1CF81E5323F928	Physical table declared in .data_base/asgard.sql	Tabla candidata del dominio tck: Tracking/transporte: ordenes de viaje, cargas, kilometraje, imagenes y eventos de ruta. Por su nombre agrupa entidad o catalogo legacy cuyo significado debe confirmarse por uso en codigo y datos. Tiene lectura y escritura observada, por lo que probablemente participa en un flujo transaccional activo.	SEMANTIC_REVERSE_ENGINEERING_CANDIDATE	SEMANTIC_INFERENCE_REVIEW_REQUIRED	tck	DOMAIN_ENTITY_OR_LEGACY	UNKNOWN_OR_BUSINESS_DATA	UNKNOWN	5	1	USED
tck_transportistausuario	.data_base/asgard.sql	16914	DB-TABLE-A1F75E1B886CC2	Physical table declared in .data_base/asgard.sql	Tabla candidata del dominio tck: Tracking/transporte: ordenes de viaje, cargas, kilometraje, imagenes y eventos de ruta. Por su nombre agrupa entidad o catalogo legacy cuyo significado debe confirmarse por uso en codigo y datos. No tiene uso PHP directo en la evidencia; puede ser historica, consumida por SQL/vistas/procedimientos o estar fuera del alcance estatico.	SEMANTIC_REVERSE_ENGINEERING_CANDIDATE	SEMANTIC_INFERENCE_REVIEW_REQUIRED	tck	DOMAIN_ENTITY_OR_LEGACY	LIKELY_PERSONAL_OR_SENSITIVE	UNKNOWN	0	0	NO_USAGE_FOUND
tck_ubicaciones	.data_base/asgard.sql	16941	DB-TABLE-D9A0CD6EB47F19	Physical table declared in .data_base/asgard.sql	Tabla candidata del dominio tck: Tracking/transporte: ordenes de viaje, cargas, kilometraje, imagenes y eventos de ruta. Por su nombre agrupa entidad o catalogo legacy cuyo significado debe confirmarse por uso en codigo y datos. No tiene uso PHP directo en la evidencia; puede ser historica, consumida por SQL/vistas/procedimientos o estar fuera del alcance estatico.	SEMANTIC_REVERSE_ENGINEERING_CANDIDATE	SEMANTIC_INFERENCE_REVIEW_REQUIRED	tck	DOMAIN_ENTITY_OR_LEGACY	LIKELY_PERSONAL_OR_SENSITIVE	UNKNOWN	0	0	NO_USAGE_FOUND
tck_ultimas_ubicaciones	.data_base/asgard.sql	16956	DB-TABLE-617CC22CFF84D4	Physical table declared in .data_base/asgard.sql	Tabla candidata del dominio tck: Tracking/transporte: ordenes de viaje, cargas, kilometraje, imagenes y eventos de ruta. Por su nombre agrupa entidad o catalogo legacy cuyo significado debe confirmarse por uso en codigo y datos. No tiene uso PHP directo en la evidencia; puede ser historica, consumida por SQL/vistas/procedimientos o estar fuera del alcance estatico.	SEMANTIC_REVERSE_ENGINEERING_CANDIDATE	SEMANTIC_INFERENCE_REVIEW_REQUIRED	tck	DOMAIN_ENTITY_OR_LEGACY	LIKELY_PERSONAL_OR_SENSITIVE	UNKNOWN	0	0	NO_USAGE_FOUND
tck_unidadestransporte	.data_base/asgard.sql	16972	DB-TABLE-CB13850DE67912	Physical table declared in .data_base/asgard.sql	Tabla candidata del dominio tck: Tracking/transporte: ordenes de viaje, cargas, kilometraje, imagenes y eventos de ruta. Por su nombre agrupa entidad o catalogo legacy cuyo significado debe confirmarse por uso en codigo y datos. No tiene uso PHP directo en la evidencia; puede ser historica, consumida por SQL/vistas/procedimientos o estar fuera del alcance estatico.	SEMANTIC_REVERSE_ENGINEERING_CANDIDATE	SEMANTIC_INFERENCE_REVIEW_REQUIRED	tck	DOMAIN_ENTITY_OR_LEGACY	UNKNOWN_OR_BUSINESS_DATA	UNKNOWN	0	0	NO_USAGE_FOUND
telescope_entries	.data_base/asgard.sql	16990	DB-TABLE-4CCBCE51682080	Physical table declared in .data_base/asgard.sql	Tabla candidata del dominio transversal: Tabla transversal o legacy sin prefijo funcional inequivoco. Por su nombre agrupa entidad o catalogo legacy cuyo significado debe confirmarse por uso en codigo y datos. No tiene uso PHP directo en la evidencia; puede ser historica, consumida por SQL/vistas/procedimientos o estar fuera del alcance estatico.	SEMANTIC_REVERSE_ENGINEERING_CANDIDATE	SEMANTIC_INFERENCE_REVIEW_REQUIRED	transversal	DOMAIN_ENTITY_OR_LEGACY	UNKNOWN_OR_BUSINESS_DATA	UNKNOWN	0	0	NO_USAGE_FOUND
telescope_entries_tags	.data_base/asgard.sql	17011	DB-TABLE-E4444598C1C738	Physical table declared in .data_base/asgard.sql	Tabla candidata del dominio transversal: Tabla transversal o legacy sin prefijo funcional inequivoco. Por su nombre agrupa entidad o catalogo legacy cuyo significado debe confirmarse por uso en codigo y datos. No tiene uso PHP directo en la evidencia; puede ser historica, consumida por SQL/vistas/procedimientos o estar fuera del alcance estatico.	SEMANTIC_REVERSE_ENGINEERING_CANDIDATE	SEMANTIC_INFERENCE_REVIEW_REQUIRED	transversal	DOMAIN_ENTITY_OR_LEGACY	UNKNOWN_OR_BUSINESS_DATA	UNKNOWN	0	0	NO_USAGE_FOUND
telescope_monitoring	.data_base/asgard.sql	17023	DB-TABLE-466D9EB6936A03	Physical table declared in .data_base/asgard.sql	Tabla candidata del dominio transversal: Tabla transversal o legacy sin prefijo funcional inequivoco. Por su nombre agrupa entidad o catalogo legacy cuyo significado debe confirmarse por uso en codigo y datos. No tiene uso PHP directo en la evidencia; puede ser historica, consumida por SQL/vistas/procedimientos o estar fuera del alcance estatico.	SEMANTIC_REVERSE_ENGINEERING_CANDIDATE	SEMANTIC_INFERENCE_REVIEW_REQUIRED	transversal	DOMAIN_ENTITY_OR_LEGACY	LIKELY_PERSONAL_OR_SENSITIVE	UNKNOWN	0	0	NO_USAGE_FOUND
test_event	.data_base/asgard.sql	17031	DB-TABLE-075230DF7A932D	Physical table declared in .data_base/asgard.sql	Tabla candidata del dominio transversal: Tabla transversal o legacy sin prefijo funcional inequivoco. Por su nombre agrupa entidad o catalogo legacy cuyo significado debe confirmarse por uso en codigo y datos. No tiene uso PHP directo en la evidencia; puede ser historica, consumida por SQL/vistas/procedimientos o estar fuera del alcance estatico.	SEMANTIC_REVERSE_ENGINEERING_CANDIDATE	SEMANTIC_INFERENCE_REVIEW_REQUIRED	transversal	DOMAIN_ENTITY_OR_LEGACY	UNKNOWN_OR_BUSINESS_DATA	UNKNOWN	0	0	NO_USAGE_FOUND
tmp_arance2023	.data_base/asgard.sql	17042	DB-TABLE-45552A7C0BD73E	Physical table declared in .data_base/asgard.sql	Tabla candidata del dominio tmp: Tabla temporal o staging usada para calculos, reportes, importaciones o procesos intermedios. Por su nombre agrupa entidad o catalogo legacy cuyo significado debe confirmarse por uso en codigo y datos. No tiene uso PHP directo en la evidencia; puede ser historica, consumida por SQL/vistas/procedimientos o estar fuera del alcance estatico.	SEMANTIC_REVERSE_ENGINEERING_CANDIDATE	SEMANTIC_INFERENCE_REVIEW_REQUIRED	tmp	TEMPORARY_OR_STAGING	UNKNOWN_OR_BUSINESS_DATA	UNKNOWN	0	0	NO_USAGE_FOUND
tmp_documentos_atlantes	.data_base/asgard.sql	17065	DB-TABLE-EC9CBA699B74C8	Physical table declared in .data_base/asgard.sql	Tabla candidata del dominio tmp: Tabla temporal o staging usada para calculos, reportes, importaciones o procesos intermedios. Por su nombre agrupa documentos o soportes asociados al expediente, documento o soporte asociado al expediente. No tiene uso PHP directo en la evidencia; puede ser historica, consumida por SQL/vistas/procedimientos o estar fuera del alcance estatico.	SEMANTIC_REVERSE_ENGINEERING_CANDIDATE	SEMANTIC_INFERENCE_REVIEW_REQUIRED	tmp	TEMPORARY_OR_STAGING	UNKNOWN_OR_BUSINESS_DATA	UNKNOWN	0	0	NO_USAGE_FOUND
tmp_documentosprevios	.data_base/asgard.sql	17081	DB-TABLE-C5A7F4C29147CB	Physical table declared in .data_base/asgard.sql	Tabla candidata del dominio tmp: Tabla temporal o staging usada para calculos, reportes, importaciones o procesos intermedios. Por su nombre agrupa documentos o soportes asociados al expediente, documento o soporte asociado al expediente. No tiene uso PHP directo en la evidencia; puede ser historica, consumida por SQL/vistas/procedimientos o estar fuera del alcance estatico.	SEMANTIC_REVERSE_ENGINEERING_CANDIDATE	SEMANTIC_INFERENCE_REVIEW_REQUIRED	tmp	TEMPORARY_OR_STAGING	UNKNOWN_OR_BUSINESS_DATA	UNKNOWN	0	0	NO_USAGE_FOUND
tmp_haber	.data_base/asgard.sql	17103	DB-TABLE-354496D97A6571	Physical table declared in .data_base/asgard.sql	Tabla candidata del dominio tmp: Tabla temporal o staging usada para calculos, reportes, importaciones o procesos intermedios. Por su nombre agrupa entidad o catalogo legacy cuyo significado debe confirmarse por uso en codigo y datos. No tiene uso PHP directo en la evidencia; puede ser historica, consumida por SQL/vistas/procedimientos o estar fuera del alcance estatico.	SEMANTIC_REVERSE_ENGINEERING_CANDIDATE	SEMANTIC_INFERENCE_REVIEW_REQUIRED	tmp	TEMPORARY_OR_STAGING	UNKNOWN_OR_BUSINESS_DATA	UNKNOWN	0	0	NO_USAGE_FOUND
tmp_intercambio_documental_rp_indicadores	.data_base/asgard.sql	17115	DB-TABLE-987B952BD5B26E	Physical table declared in .data_base/asgard.sql	Tabla candidata del dominio tmp: Tabla temporal o staging usada para calculos, reportes, importaciones o procesos intermedios. Por su nombre agrupa entidad o catalogo legacy cuyo significado debe confirmarse por uso en codigo y datos. Tiene lecturas observadas y parece actuar como consulta, catalogo o fuente de reporte.	SEMANTIC_REVERSE_ENGINEERING_CANDIDATE	SEMANTIC_INFERENCE_REVIEW_REQUIRED	tmp	TEMPORARY_OR_STAGING	UNKNOWN_OR_BUSINESS_DATA	UNKNOWN	1	0	USED
tmp_pagosdetalle	.data_base/asgard.sql	17125	DB-TABLE-F45241756941EF	Physical table declared in .data_base/asgard.sql	Tabla candidata del dominio tmp: Tabla temporal o staging usada para calculos, reportes, importaciones o procesos intermedios. Por su nombre agrupa pagos o movimientos economicos, pago o movimiento economico. No tiene uso PHP directo en la evidencia; puede ser historica, consumida por SQL/vistas/procedimientos o estar fuera del alcance estatico.	SEMANTIC_REVERSE_ENGINEERING_CANDIDATE	SEMANTIC_INFERENCE_REVIEW_REQUIRED	tmp	TEMPORARY_OR_STAGING	UNKNOWN_OR_BUSINESS_DATA	UNKNOWN	0	0	NO_USAGE_FOUND
tmp_partidas	.data_base/asgard.sql	17141	DB-TABLE-3D87CAA7231AA0	Physical table declared in .data_base/asgard.sql	Tabla candidata del dominio tmp: Tabla temporal o staging usada para calculos, reportes, importaciones o procesos intermedios. Por su nombre agrupa partidas o lineas declarativas dentro de un tramite aduanero, partida o linea declarativa dentro de un tramite aduanero. Tiene lectura y escritura observada, por lo que probablemente participa en un flujo transaccional activo.	SEMANTIC_REVERSE_ENGINEERING_CANDIDATE	SEMANTIC_INFERENCE_REVIEW_REQUIRED	tmp	TEMPORARY_OR_STAGING	UNKNOWN_OR_BUSINESS_DATA	UNKNOWN	1	1	USED
tmp_sidunea	.data_base/asgard.sql	17198	DB-TABLE-E322B8E0DC4540	Physical table declared in .data_base/asgard.sql	Tabla candidata del dominio tmp: Tabla temporal o staging usada para calculos, reportes, importaciones o procesos intermedios. Por su nombre agrupa entidad o catalogo legacy cuyo significado debe confirmarse por uso en codigo y datos. No tiene uso PHP directo en la evidencia; puede ser historica, consumida por SQL/vistas/procedimientos o estar fuera del alcance estatico.	SEMANTIC_REVERSE_ENGINEERING_CANDIDATE	SEMANTIC_INFERENCE_REVIEW_REQUIRED	tmp	TEMPORARY_OR_STAGING	UNKNOWN_OR_BUSINESS_DATA	UNKNOWN	0	0	NO_USAGE_FOUND
tmp_siduneamail	.data_base/asgard.sql	17219	DB-TABLE-D874C1ECB2273B	Physical table declared in .data_base/asgard.sql	Tabla candidata del dominio tmp: Tabla temporal o staging usada para calculos, reportes, importaciones o procesos intermedios. Por su nombre agrupa correo electronico o evento de envio por email. No tiene uso PHP directo en la evidencia; puede ser historica, consumida por SQL/vistas/procedimientos o estar fuera del alcance estatico.	SEMANTIC_REVERSE_ENGINEERING_CANDIDATE	SEMANTIC_INFERENCE_REVIEW_REQUIRED	tmp	TEMPORARY_OR_STAGING	LIKELY_PERSONAL_OR_SENSITIVE	UNKNOWN	0	0	NO_USAGE_FOUND
tmp_vehiculos	.data_base/asgard.sql	17232	DB-TABLE-218B57583AA72C	Physical table declared in .data_base/asgard.sql	Tabla candidata del dominio tmp: Tabla temporal o staging usada para calculos, reportes, importaciones o procesos intermedios. Por su nombre agrupa entidad o catalogo legacy cuyo significado debe confirmarse por uso en codigo y datos. No tiene uso PHP directo en la evidencia; puede ser historica, consumida por SQL/vistas/procedimientos o estar fuera del alcance estatico.	SEMANTIC_REVERSE_ENGINEERING_CANDIDATE	SEMANTIC_INFERENCE_REVIEW_REQUIRED	tmp	TEMPORARY_OR_STAGING	UNKNOWN_OR_BUSINESS_DATA	UNKNOWN	0	0	NO_USAGE_FOUND
tmp_vehiculos_copy1	.data_base/asgard.sql	17279	DB-TABLE-24B8D37B3A2903	Physical table declared in .data_base/asgard.sql	Tabla candidata del dominio tmp: Tabla temporal o staging usada para calculos, reportes, importaciones o procesos intermedios. Por su nombre agrupa entidad o catalogo legacy cuyo significado debe confirmarse por uso en codigo y datos. No tiene uso PHP directo en la evidencia; puede ser historica, consumida por SQL/vistas/procedimientos o estar fuera del alcance estatico.	SEMANTIC_REVERSE_ENGINEERING_CANDIDATE	SEMANTIC_INFERENCE_REVIEW_REQUIRED	tmp	TEMPORARY_OR_STAGING	UNKNOWN_OR_BUSINESS_DATA	UNKNOWN	0	0	NO_USAGE_FOUND
tmp_vehiculosdam	.data_base/asgard.sql	17320	DB-TABLE-041A9EFC47A6CD	Physical table declared in .data_base/asgard.sql	Tabla candidata del dominio tmp: Tabla temporal o staging usada para calculos, reportes, importaciones o procesos intermedios. Por su nombre agrupa entidad o catalogo legacy cuyo significado debe confirmarse por uso en codigo y datos. No tiene uso PHP directo en la evidencia; puede ser historica, consumida por SQL/vistas/procedimientos o estar fuera del alcance estatico.	SEMANTIC_REVERSE_ENGINEERING_CANDIDATE	SEMANTIC_INFERENCE_REVIEW_REQUIRED	tmp	TEMPORARY_OR_STAGING	UNKNOWN_OR_BUSINESS_DATA	UNKNOWN	0	0	NO_USAGE_FOUND
unatdtab	.data_base/asgard.sql	17350	DB-TABLE-EB3596D0E24196	Physical table declared in .data_base/asgard.sql	Tabla candidata del dominio transversal: Tabla transversal o legacy sin prefijo funcional inequivoco. Por su nombre agrupa entidad o catalogo legacy cuyo significado debe confirmarse por uso en codigo y datos. No tiene uso PHP directo en la evidencia; puede ser historica, consumida por SQL/vistas/procedimientos o estar fuera del alcance estatico.	SEMANTIC_REVERSE_ENGINEERING_CANDIDATE	SEMANTIC_INFERENCE_REVIEW_REQUIRED	transversal	DOMAIN_ENTITY_OR_LEGACY	UNKNOWN_OR_BUSINESS_DATA	UNKNOWN	0	0	NO_USAGE_FOUND
uncp1tab	.data_base/asgard.sql	17365	DB-TABLE-6E84B95B439AAB	Physical table declared in .data_base/asgard.sql	Tabla candidata del dominio transversal: Tabla transversal o legacy sin prefijo funcional inequivoco. Por su nombre agrupa entidad o catalogo legacy cuyo significado debe confirmarse por uso en codigo y datos. No tiene uso PHP directo en la evidencia; puede ser historica, consumida por SQL/vistas/procedimientos o estar fuera del alcance estatico.	SEMANTIC_REVERSE_ENGINEERING_CANDIDATE	SEMANTIC_INFERENCE_REVIEW_REQUIRED	transversal	DOMAIN_ENTITY_OR_LEGACY	UNKNOWN_OR_BUSINESS_DATA	UNKNOWN	0	0	NO_USAGE_FOUND
uncp3tab	.data_base/asgard.sql	17374	DB-TABLE-3D8C2CB6A20831	Physical table declared in .data_base/asgard.sql	Tabla candidata del dominio transversal: Tabla transversal o legacy sin prefijo funcional inequivoco. Por su nombre agrupa entidad o catalogo legacy cuyo significado debe confirmarse por uso en codigo y datos. No tiene uso PHP directo en la evidencia; puede ser historica, consumida por SQL/vistas/procedimientos o estar fuera del alcance estatico.	SEMANTIC_REVERSE_ENGINEERING_CANDIDATE	SEMANTIC_INFERENCE_REVIEW_REQUIRED	transversal	DOMAIN_ENTITY_OR_LEGACY	UNKNOWN_OR_BUSINESS_DATA	UNKNOWN	0	0	NO_USAGE_FOUND
uncp4cp3	.data_base/asgard.sql	17389	DB-TABLE-92925F501DB997	Physical table declared in .data_base/asgard.sql	Tabla candidata del dominio transversal: Tabla transversal o legacy sin prefijo funcional inequivoco. Por su nombre agrupa entidad o catalogo legacy cuyo significado debe confirmarse por uso en codigo y datos. No tiene uso PHP directo en la evidencia; puede ser historica, consumida por SQL/vistas/procedimientos o estar fuera del alcance estatico.	SEMANTIC_REVERSE_ENGINEERING_CANDIDATE	SEMANTIC_INFERENCE_REVIEW_REQUIRED	transversal	DOMAIN_ENTITY_OR_LEGACY	UNKNOWN_OR_BUSINESS_DATA	UNKNOWN	0	0	NO_USAGE_FOUND
uncp4tab	.data_base/asgard.sql	17398	DB-TABLE-32289D9A8B4FE6	Physical table declared in .data_base/asgard.sql	Tabla candidata del dominio transversal: Tabla transversal o legacy sin prefijo funcional inequivoco. Por su nombre agrupa entidad o catalogo legacy cuyo significado debe confirmarse por uso en codigo y datos. No tiene uso PHP directo en la evidencia; puede ser historica, consumida por SQL/vistas/procedimientos o estar fuera del alcance estatico.	SEMANTIC_REVERSE_ENGINEERING_CANDIDATE	SEMANTIC_INFERENCE_REVIEW_REQUIRED	transversal	DOMAIN_ENTITY_OR_LEGACY	UNKNOWN_OR_BUSINESS_DATA	UNKNOWN	0	0	NO_USAGE_FOUND
unhs1tab	.data_base/asgard.sql	17411	DB-TABLE-393C7ED459DF0B	Physical table declared in .data_base/asgard.sql	Tabla candidata del dominio transversal: Tabla transversal o legacy sin prefijo funcional inequivoco. Por su nombre agrupa entidad o catalogo legacy cuyo significado debe confirmarse por uso en codigo y datos. Tiene lecturas observadas y parece actuar como consulta, catalogo o fuente de reporte.	SEMANTIC_REVERSE_ENGINEERING_CANDIDATE	SEMANTIC_INFERENCE_REVIEW_REQUIRED	transversal	DOMAIN_ENTITY_OR_LEGACY	UNKNOWN_OR_BUSINESS_DATA	UNKNOWN	1	0	USED
unhs2tab	.data_base/asgard.sql	17423	DB-TABLE-3F71B75E88062B	Physical table declared in .data_base/asgard.sql	Tabla candidata del dominio transversal: Tabla transversal o legacy sin prefijo funcional inequivoco. Por su nombre agrupa entidad o catalogo legacy cuyo significado debe confirmarse por uso en codigo y datos. Tiene lecturas observadas y parece actuar como consulta, catalogo o fuente de reporte.	SEMANTIC_REVERSE_ENGINEERING_CANDIDATE	SEMANTIC_INFERENCE_REVIEW_REQUIRED	transversal	DOMAIN_ENTITY_OR_LEGACY	UNKNOWN_OR_BUSINESS_DATA	UNKNOWN	1	0	USED
unhs4tab	.data_base/asgard.sql	17436	DB-TABLE-72FB62004DAE52	Physical table declared in .data_base/asgard.sql	Tabla candidata del dominio transversal: Tabla transversal o legacy sin prefijo funcional inequivoco. Por su nombre agrupa entidad o catalogo legacy cuyo significado debe confirmarse por uso en codigo y datos. Tiene lecturas observadas y parece actuar como consulta, catalogo o fuente de reporte.	SEMANTIC_REVERSE_ENGINEERING_CANDIDATE	SEMANTIC_INFERENCE_REVIEW_REQUIRED	transversal	DOMAIN_ENTITY_OR_LEGACY	UNKNOWN_OR_BUSINESS_DATA	UNKNOWN	1	0	USED
unhs6tab	.data_base/asgard.sql	17448	DB-TABLE-ABD6494D514237	Physical table declared in .data_base/asgard.sql	Tabla candidata del dominio transversal: Tabla transversal o legacy sin prefijo funcional inequivoco. Por su nombre agrupa entidad o catalogo legacy cuyo significado debe confirmarse por uso en codigo y datos. Tiene lecturas observadas y parece actuar como consulta, catalogo o fuente de reporte.	SEMANTIC_REVERSE_ENGINEERING_CANDIDATE	SEMANTIC_INFERENCE_REVIEW_REQUIRED	transversal	DOMAIN_ENTITY_OR_LEGACY	UNKNOWN_OR_BUSINESS_DATA	UNKNOWN	1	0	USED
unmodtab	.data_base/asgard.sql	17460	DB-TABLE-8B465FABD64663	Physical table declared in .data_base/asgard.sql	Tabla candidata del dominio transversal: Tabla transversal o legacy sin prefijo funcional inequivoco. Por su nombre agrupa entidad o catalogo legacy cuyo significado debe confirmarse por uso en codigo y datos. No tiene uso PHP directo en la evidencia; puede ser historica, consumida por SQL/vistas/procedimientos o estar fuera del alcance estatico.	SEMANTIC_REVERSE_ENGINEERING_CANDIDATE	SEMANTIC_INFERENCE_REVIEW_REQUIRED	transversal	DOMAIN_ENTITY_OR_LEGACY	UNKNOWN_OR_BUSINESS_DATA	UNKNOWN	0	0	NO_USAGE_FOUND
unpkgtab	.data_base/asgard.sql	17474	DB-TABLE-E829155BB3D85F	Physical table declared in .data_base/asgard.sql	Tabla candidata del dominio transversal: Tabla transversal o legacy sin prefijo funcional inequivoco. Por su nombre agrupa entidad o catalogo legacy cuyo significado debe confirmarse por uso en codigo y datos. No tiene uso PHP directo en la evidencia; puede ser historica, consumida por SQL/vistas/procedimientos o estar fuera del alcance estatico.	SEMANTIC_REVERSE_ENGINEERING_CANDIDATE	SEMANTIC_INFERENCE_REVIEW_REQUIRED	transversal	DOMAIN_ENTITY_OR_LEGACY	UNKNOWN_OR_BUSINESS_DATA	UNKNOWN	0	0	NO_USAGE_FOUND
unshdtab	.data_base/asgard.sql	17484	DB-TABLE-638351FEF9420F	Physical table declared in .data_base/asgard.sql	Tabla candidata del dominio transversal: Tabla transversal o legacy sin prefijo funcional inequivoco. Por su nombre agrupa entidad o catalogo legacy cuyo significado debe confirmarse por uso en codigo y datos. No tiene uso PHP directo en la evidencia; puede ser historica, consumida por SQL/vistas/procedimientos o estar fuera del alcance estatico.	SEMANTIC_REVERSE_ENGINEERING_CANDIDATE	SEMANTIC_INFERENCE_REVIEW_REQUIRED	transversal	DOMAIN_ENTITY_OR_LEGACY	UNKNOWN_OR_BUSINESS_DATA	UNKNOWN	0	0	NO_USAGE_FOUND
untartab	.data_base/asgard.sql	17503	DB-TABLE-0E2E0E75562159	Physical table declared in .data_base/asgard.sql	Tabla candidata del dominio transversal: Tabla transversal o legacy sin prefijo funcional inequivoco. Por su nombre agrupa entidad o catalogo legacy cuyo significado debe confirmarse por uso en codigo y datos. Tiene lecturas observadas y parece actuar como consulta, catalogo o fuente de reporte.	SEMANTIC_REVERSE_ENGINEERING_CANDIDATE	SEMANTIC_INFERENCE_REVIEW_REQUIRED	transversal	DOMAIN_ENTITY_OR_LEGACY	UNKNOWN_OR_BUSINESS_DATA	UNKNOWN	1	0	USED
untartab_2022	.data_base/asgard.sql	17539	DB-TABLE-133080C021891B	Physical table declared in .data_base/asgard.sql	Tabla candidata del dominio transversal: Tabla transversal o legacy sin prefijo funcional inequivoco. Por su nombre agrupa entidad o catalogo legacy cuyo significado debe confirmarse por uso en codigo y datos. No tiene uso PHP directo en la evidencia; puede ser historica, consumida por SQL/vistas/procedimientos o estar fuera del alcance estatico.	SEMANTIC_REVERSE_ENGINEERING_CANDIDATE	SEMANTIC_INFERENCE_REVIEW_REQUIRED	transversal	DOMAIN_ENTITY_OR_LEGACY	UNKNOWN_OR_BUSINESS_DATA	UNKNOWN	0	0	NO_USAGE_FOUND
untartab_2023	.data_base/asgard.sql	17575	DB-TABLE-E6BA8AB47F80C7	Physical table declared in .data_base/asgard.sql	Tabla candidata del dominio transversal: Tabla transversal o legacy sin prefijo funcional inequivoco. Por su nombre agrupa entidad o catalogo legacy cuyo significado debe confirmarse por uso en codigo y datos. No tiene uso PHP directo en la evidencia; puede ser historica, consumida por SQL/vistas/procedimientos o estar fuera del alcance estatico.	SEMANTIC_REVERSE_ENGINEERING_CANDIDATE	SEMANTIC_INFERENCE_REVIEW_REQUIRED	transversal	DOMAIN_ENTITY_OR_LEGACY	UNKNOWN_OR_BUSINESS_DATA	UNKNOWN	0	0	NO_USAGE_FOUND
untartab_new	.data_base/asgard.sql	17613	DB-TABLE-896511EC7AD097	Physical table declared in .data_base/asgard.sql	Tabla candidata del dominio transversal: Tabla transversal o legacy sin prefijo funcional inequivoco. Por su nombre agrupa entidad o catalogo legacy cuyo significado debe confirmarse por uso en codigo y datos. Tiene lecturas observadas y parece actuar como consulta, catalogo o fuente de reporte.	SEMANTIC_REVERSE_ENGINEERING_CANDIDATE	SEMANTIC_INFERENCE_REVIEW_REQUIRED	transversal	DOMAIN_ENTITY_OR_LEGACY	UNKNOWN_OR_BUSINESS_DATA	UNKNOWN	1	0	USED
unuomtab	.data_base/asgard.sql	17649	DB-TABLE-81598AD9FEF1BC	Physical table declared in .data_base/asgard.sql	Tabla candidata del dominio transversal: Tabla transversal o legacy sin prefijo funcional inequivoco. Por su nombre agrupa entidad o catalogo legacy cuyo significado debe confirmarse por uso en codigo y datos. No tiene uso PHP directo en la evidencia; puede ser historica, consumida por SQL/vistas/procedimientos o estar fuera del alcance estatico.	SEMANTIC_REVERSE_ENGINEERING_CANDIDATE	SEMANTIC_INFERENCE_REVIEW_REQUIRED	transversal	DOMAIN_ENTITY_OR_LEGACY	UNKNOWN_OR_BUSINESS_DATA	UNKNOWN	0	0	NO_USAGE_FOUND
ws_log	.data_base/asgard.sql	17658	DB-TABLE-2D05E394EF1119	Physical table declared in .data_base/asgard.sql	Tabla candidata del dominio transversal: Tabla transversal o legacy sin prefijo funcional inequivoco. Por su nombre agrupa entidad o catalogo legacy cuyo significado debe confirmarse por uso en codigo y datos. No tiene uso PHP directo en la evidencia; puede ser historica, consumida por SQL/vistas/procedimientos o estar fuera del alcance estatico.	SEMANTIC_REVERSE_ENGINEERING_CANDIDATE	SEMANTIC_INFERENCE_REVIEW_REQUIRED	transversal	AUDIT_LOG	UNKNOWN_OR_BUSINESS_DATA	UNKNOWN	0	0	NO_USAGE_FOUND
TMP_ARANCEL	.data_base/asgard.sql	18126	DB-TABLE-7FB9AE9715804E	Physical table declared in .data_base/asgard.sql	Tabla candidata del dominio transversal: Tabla transversal o legacy sin prefijo funcional inequivoco. Por su nombre agrupa entidad o catalogo legacy cuyo significado debe confirmarse por uso en codigo y datos. Tiene lectura y escritura observada, por lo que probablemente participa en un flujo transaccional activo.	SEMANTIC_REVERSE_ENGINEERING_CANDIDATE	SEMANTIC_INFERENCE_REVIEW_REQUIRED	transversal	DOMAIN_ENTITY_OR_LEGACY	UNKNOWN_OR_BUSINESS_DATA	UNKNOWN	1	1	USED
TMP_ARANCEL	.data_base/asgard.sql	18167	DB-TABLE-2602954844C76E	Physical table declared in .data_base/asgard.sql	Tabla candidata del dominio transversal: Tabla transversal o legacy sin prefijo funcional inequivoco. Por su nombre agrupa entidad o catalogo legacy cuyo significado debe confirmarse por uso en codigo y datos. Tiene lectura y escritura observada, por lo que probablemente participa en un flujo transaccional activo.	SEMANTIC_REVERSE_ENGINEERING_CANDIDATE	SEMANTIC_INFERENCE_REVIEW_REQUIRED	transversal	DOMAIN_ENTITY_OR_LEGACY	UNKNOWN_OR_BUSINESS_DATA	UNKNOWN	1	1	USED
tmp_totalfactura	.data_base/asgard.sql	18299	DB-TABLE-CED0B6A1E1E052	Physical table declared in .data_base/asgard.sql	Tabla candidata del dominio tmp: Tabla temporal o staging usada para calculos, reportes, importaciones o procesos intermedios. Por su nombre agrupa factura o documento economico/comercial. Tiene lectura y escritura observada, por lo que probablemente participa en un flujo transaccional activo.	SEMANTIC_REVERSE_ENGINEERING_CANDIDATE	SEMANTIC_INFERENCE_REVIEW_REQUIRED	tmp	TEMPORARY_OR_STAGING	UNKNOWN_OR_BUSINESS_DATA	UNKNOWN	1	1	USED
tmp_casosagrupados	.data_base/asgard.sql	18319	DB-TABLE-A9DDD08E734D3E	Physical table declared in .data_base/asgard.sql	Tabla candidata del dominio tmp: Tabla temporal o staging usada para calculos, reportes, importaciones o procesos intermedios. Por su nombre agrupa entidad o catalogo legacy cuyo significado debe confirmarse por uso en codigo y datos. Tiene lectura y escritura observada, por lo que probablemente participa en un flujo transaccional activo.	SEMANTIC_REVERSE_ENGINEERING_CANDIDATE	SEMANTIC_INFERENCE_REVIEW_REQUIRED	tmp	TEMPORARY_OR_STAGING	UNKNOWN_OR_BUSINESS_DATA	UNKNOWN	1	1	USED
tmp_totalfacturaagrupada	.data_base/asgard.sql	18335	DB-TABLE-737647AE0A43E1	Physical table declared in .data_base/asgard.sql	Tabla candidata del dominio tmp: Tabla temporal o staging usada para calculos, reportes, importaciones o procesos intermedios. Por su nombre agrupa factura o documento economico/comercial. Tiene lectura y escritura observada, por lo que probablemente participa en un flujo transaccional activo.	SEMANTIC_REVERSE_ENGINEERING_CANDIDATE	SEMANTIC_INFERENCE_REVIEW_REQUIRED	tmp	TEMPORARY_OR_STAGING	UNKNOWN_OR_BUSINESS_DATA	UNKNOWN	1	1	USED
tmp_totalplanilla	.data_base/asgard.sql	18357	DB-TABLE-B54C4C2263691B	Physical table declared in .data_base/asgard.sql	Tabla candidata del dominio tmp: Tabla temporal o staging usada para calculos, reportes, importaciones o procesos intermedios. Por su nombre agrupa planilla o documento operativo/financiero generado. Tiene lectura y escritura observada, por lo que probablemente participa en un flujo transaccional activo.	SEMANTIC_REVERSE_ENGINEERING_CANDIDATE	SEMANTIC_INFERENCE_REVIEW_REQUIRED	tmp	TEMPORARY_OR_STAGING	UNKNOWN_OR_BUSINESS_DATA	UNKNOWN	1	1	USED
tmp_totalplanillatributos	.data_base/asgard.sql	18402	DB-TABLE-587885CD6BD573	Physical table declared in .data_base/asgard.sql	Tabla candidata del dominio tmp: Tabla temporal o staging usada para calculos, reportes, importaciones o procesos intermedios. Por su nombre agrupa planilla o documento operativo/financiero generado. Tiene lectura y escritura observada, por lo que probablemente participa en un flujo transaccional activo.	SEMANTIC_REVERSE_ENGINEERING_CANDIDATE	SEMANTIC_INFERENCE_REVIEW_REQUIRED	tmp	TEMPORARY_OR_STAGING	UNKNOWN_OR_BUSINESS_DATA	UNKNOWN	1	1	USED
tmp_totalplanillaotros	.data_base/asgard.sql	18447	DB-TABLE-F5396D45674541	Physical table declared in .data_base/asgard.sql	Tabla candidata del dominio tmp: Tabla temporal o staging usada para calculos, reportes, importaciones o procesos intermedios. Por su nombre agrupa planilla o documento operativo/financiero generado. Tiene lectura y escritura observada, por lo que probablemente participa en un flujo transaccional activo.	SEMANTIC_REVERSE_ENGINEERING_CANDIDATE	SEMANTIC_INFERENCE_REVIEW_REQUIRED	tmp	TEMPORARY_OR_STAGING	UNKNOWN_OR_BUSINESS_DATA	UNKNOWN	1	1	USED
tmp_totalplanillaagrupada	.data_base/asgard.sql	18494	DB-TABLE-C4776925D1EC59	Physical table declared in .data_base/asgard.sql	Tabla candidata del dominio tmp: Tabla temporal o staging usada para calculos, reportes, importaciones o procesos intermedios. Por su nombre agrupa planilla o documento operativo/financiero generado. Tiene lectura y escritura observada, por lo que probablemente participa en un flujo transaccional activo.	SEMANTIC_REVERSE_ENGINEERING_CANDIDATE	SEMANTIC_INFERENCE_REVIEW_REQUIRED	tmp	TEMPORARY_OR_STAGING	UNKNOWN_OR_BUSINESS_DATA	UNKNOWN	1	1	USED
tmp_totalplanillaagrupadatributos	.data_base/asgard.sql	18520	DB-TABLE-8BEAB11029BE26	Physical table declared in .data_base/asgard.sql	Tabla candidata del dominio tmp: Tabla temporal o staging usada para calculos, reportes, importaciones o procesos intermedios. Por su nombre agrupa planilla o documento operativo/financiero generado. Tiene lectura y escritura observada, por lo que probablemente participa en un flujo transaccional activo.	SEMANTIC_REVERSE_ENGINEERING_CANDIDATE	SEMANTIC_INFERENCE_REVIEW_REQUIRED	tmp	TEMPORARY_OR_STAGING	UNKNOWN_OR_BUSINESS_DATA	UNKNOWN	1	1	USED
tmp_totalplanillaagrupadaotros	.data_base/asgard.sql	18548	DB-TABLE-0C0010A2AEAF7A	Physical table declared in .data_base/asgard.sql	Tabla candidata del dominio tmp: Tabla temporal o staging usada para calculos, reportes, importaciones o procesos intermedios. Por su nombre agrupa planilla o documento operativo/financiero generado. Tiene lectura y escritura observada, por lo que probablemente participa en un flujo transaccional activo.	SEMANTIC_REVERSE_ENGINEERING_CANDIDATE	SEMANTIC_INFERENCE_REVIEW_REQUIRED	tmp	TEMPORARY_OR_STAGING	UNKNOWN_OR_BUSINESS_DATA	UNKNOWN	1	1	USED
tmp_totalnotas	.data_base/asgard.sql	18577	DB-TABLE-FC03E3C68FB60D	Physical table declared in .data_base/asgard.sql	Tabla candidata del dominio tmp: Tabla temporal o staging usada para calculos, reportes, importaciones o procesos intermedios. Por su nombre agrupa entidad o catalogo legacy cuyo significado debe confirmarse por uso en codigo y datos. Tiene lectura y escritura observada, por lo que probablemente participa en un flujo transaccional activo.	SEMANTIC_REVERSE_ENGINEERING_CANDIDATE	SEMANTIC_INFERENCE_REVIEW_REQUIRED	tmp	TEMPORARY_OR_STAGING	UNKNOWN_OR_BUSINESS_DATA	UNKNOWN	1	1	USED
tmp_totalnotasagrupada	.data_base/asgard.sql	18605	DB-TABLE-1F8624E1A59422	Physical table declared in .data_base/asgard.sql	Tabla candidata del dominio tmp: Tabla temporal o staging usada para calculos, reportes, importaciones o procesos intermedios. Por su nombre agrupa entidad o catalogo legacy cuyo significado debe confirmarse por uso en codigo y datos. Tiene lectura y escritura observada, por lo que probablemente participa en un flujo transaccional activo.	SEMANTIC_REVERSE_ENGINEERING_CANDIDATE	SEMANTIC_INFERENCE_REVIEW_REQUIRED	tmp	TEMPORARY_OR_STAGING	UNKNOWN_OR_BUSINESS_DATA	UNKNOWN	1	1	USED
tmp_cobrosfacturas	.data_base/asgard.sql	18632	DB-TABLE-FD2209034088C6	Physical table declared in .data_base/asgard.sql	Tabla candidata del dominio tmp: Tabla temporal o staging usada para calculos, reportes, importaciones o procesos intermedios. Por su nombre agrupa facturas o documentos economicos/comerciales, factura o documento economico/comercial. Tiene lectura y escritura observada, por lo que probablemente participa en un flujo transaccional activo.	SEMANTIC_REVERSE_ENGINEERING_CANDIDATE	SEMANTIC_INFERENCE_REVIEW_REQUIRED	tmp	TEMPORARY_OR_STAGING	UNKNOWN_OR_BUSINESS_DATA	UNKNOWN	1	1	USED
tmp_cobrosfacturasagrupadas	.data_base/asgard.sql	18652	DB-TABLE-F16167E20FE895	Physical table declared in .data_base/asgard.sql	Tabla candidata del dominio tmp: Tabla temporal o staging usada para calculos, reportes, importaciones o procesos intermedios. Por su nombre agrupa facturas o documentos economicos/comerciales, factura o documento economico/comercial. Tiene lectura y escritura observada, por lo que probablemente participa en un flujo transaccional activo.	SEMANTIC_REVERSE_ENGINEERING_CANDIDATE	SEMANTIC_INFERENCE_REVIEW_REQUIRED	tmp	TEMPORARY_OR_STAGING	UNKNOWN_OR_BUSINESS_DATA	UNKNOWN	1	1	USED
tmp_cobrosplanillas	.data_base/asgard.sql	18671	DB-TABLE-90CF114216C7E7	Physical table declared in .data_base/asgard.sql	Tabla candidata del dominio tmp: Tabla temporal o staging usada para calculos, reportes, importaciones o procesos intermedios. Por su nombre agrupa planilla o documento operativo/financiero generado. Tiene lectura y escritura observada, por lo que probablemente participa en un flujo transaccional activo.	SEMANTIC_REVERSE_ENGINEERING_CANDIDATE	SEMANTIC_INFERENCE_REVIEW_REQUIRED	tmp	TEMPORARY_OR_STAGING	UNKNOWN_OR_BUSINESS_DATA	UNKNOWN	1	1	USED
tmp_cobrosplanillastributos	.data_base/asgard.sql	18689	DB-TABLE-537E79C49A2CBA	Physical table declared in .data_base/asgard.sql	Tabla candidata del dominio tmp: Tabla temporal o staging usada para calculos, reportes, importaciones o procesos intermedios. Por su nombre agrupa planilla o documento operativo/financiero generado. Tiene lectura y escritura observada, por lo que probablemente participa en un flujo transaccional activo.	SEMANTIC_REVERSE_ENGINEERING_CANDIDATE	SEMANTIC_INFERENCE_REVIEW_REQUIRED	tmp	TEMPORARY_OR_STAGING	UNKNOWN_OR_BUSINESS_DATA	UNKNOWN	1	1	USED
tmp_cobrosplanillasotros	.data_base/asgard.sql	18708	DB-TABLE-A4E755B42E756D	Physical table declared in .data_base/asgard.sql	Tabla candidata del dominio tmp: Tabla temporal o staging usada para calculos, reportes, importaciones o procesos intermedios. Por su nombre agrupa planilla o documento operativo/financiero generado. Tiene lectura y escritura observada, por lo que probablemente participa en un flujo transaccional activo.	SEMANTIC_REVERSE_ENGINEERING_CANDIDATE	SEMANTIC_INFERENCE_REVIEW_REQUIRED	tmp	TEMPORARY_OR_STAGING	UNKNOWN_OR_BUSINESS_DATA	UNKNOWN	1	1	USED
tmp_cobrosplanillasagrupadas	.data_base/asgard.sql	18733	DB-TABLE-6DB303C9A3AF8E	Physical table declared in .data_base/asgard.sql	Tabla candidata del dominio tmp: Tabla temporal o staging usada para calculos, reportes, importaciones o procesos intermedios. Por su nombre agrupa planilla o documento operativo/financiero generado. Tiene lectura y escritura observada, por lo que probablemente participa en un flujo transaccional activo.	SEMANTIC_REVERSE_ENGINEERING_CANDIDATE	SEMANTIC_INFERENCE_REVIEW_REQUIRED	tmp	TEMPORARY_OR_STAGING	UNKNOWN_OR_BUSINESS_DATA	UNKNOWN	1	1	USED
tmp_cobrosplanillasagrupadastributos	.data_base/asgard.sql	18752	DB-TABLE-BC742CA7F1E4F7	Physical table declared in .data_base/asgard.sql	Tabla candidata del dominio tmp: Tabla temporal o staging usada para calculos, reportes, importaciones o procesos intermedios. Por su nombre agrupa planilla o documento operativo/financiero generado. Tiene lectura y escritura observada, por lo que probablemente participa en un flujo transaccional activo.	SEMANTIC_REVERSE_ENGINEERING_CANDIDATE	SEMANTIC_INFERENCE_REVIEW_REQUIRED	tmp	TEMPORARY_OR_STAGING	UNKNOWN_OR_BUSINESS_DATA	UNKNOWN	1	1	USED
tmp_cobrosplanillasagrupadasotros	.data_base/asgard.sql	18773	DB-TABLE-0011ADA2A9BBE6	Physical table declared in .data_base/asgard.sql	Tabla candidata del dominio tmp: Tabla temporal o staging usada para calculos, reportes, importaciones o procesos intermedios. Por su nombre agrupa planilla o documento operativo/financiero generado. Tiene lectura y escritura observada, por lo que probablemente participa en un flujo transaccional activo.	SEMANTIC_REVERSE_ENGINEERING_CANDIDATE	SEMANTIC_INFERENCE_REVIEW_REQUIRED	tmp	TEMPORARY_OR_STAGING	UNKNOWN_OR_BUSINESS_DATA	UNKNOWN	1	1	USED
tmp_cobrosdebitos	.data_base/asgard.sql	18798	DB-TABLE-50D1129B9D4585	Physical table declared in .data_base/asgard.sql	Tabla candidata del dominio tmp: Tabla temporal o staging usada para calculos, reportes, importaciones o procesos intermedios. Por su nombre agrupa entidad o catalogo legacy cuyo significado debe confirmarse por uso en codigo y datos. Tiene lectura y escritura observada, por lo que probablemente participa en un flujo transaccional activo.	SEMANTIC_REVERSE_ENGINEERING_CANDIDATE	SEMANTIC_INFERENCE_REVIEW_REQUIRED	tmp	TEMPORARY_OR_STAGING	UNKNOWN_OR_BUSINESS_DATA	UNKNOWN	1	1	USED
tmp_cobrosdebitosagrupadas	.data_base/asgard.sql	18820	DB-TABLE-FDF05765F02DC3	Physical table declared in .data_base/asgard.sql	Tabla candidata del dominio tmp: Tabla temporal o staging usada para calculos, reportes, importaciones o procesos intermedios. Por su nombre agrupa entidad o catalogo legacy cuyo significado debe confirmarse por uso en codigo y datos. Tiene lectura y escritura observada, por lo que probablemente participa en un flujo transaccional activo.	SEMANTIC_REVERSE_ENGINEERING_CANDIDATE	SEMANTIC_INFERENCE_REVIEW_REQUIRED	tmp	TEMPORARY_OR_STAGING	UNKNOWN_OR_BUSINESS_DATA	UNKNOWN	1	1	USED
tmp_incobrablesfacturas	.data_base/asgard.sql	18839	DB-TABLE-944FE50C2E8958	Physical table declared in .data_base/asgard.sql	Tabla candidata del dominio tmp: Tabla temporal o staging usada para calculos, reportes, importaciones o procesos intermedios. Por su nombre agrupa facturas o documentos economicos/comerciales, factura o documento economico/comercial. Tiene lectura y escritura observada, por lo que probablemente participa en un flujo transaccional activo.	SEMANTIC_REVERSE_ENGINEERING_CANDIDATE	SEMANTIC_INFERENCE_REVIEW_REQUIRED	tmp	TEMPORARY_OR_STAGING	UNKNOWN_OR_BUSINESS_DATA	UNKNOWN	1	1	USED
tmp_incobrablesplanillas	.data_base/asgard.sql	18856	DB-TABLE-EE6FB0124F351D	Physical table declared in .data_base/asgard.sql	Tabla candidata del dominio tmp: Tabla temporal o staging usada para calculos, reportes, importaciones o procesos intermedios. Por su nombre agrupa planilla o documento operativo/financiero generado. Tiene lectura y escritura observada, por lo que probablemente participa en un flujo transaccional activo.	SEMANTIC_REVERSE_ENGINEERING_CANDIDATE	SEMANTIC_INFERENCE_REVIEW_REQUIRED	tmp	TEMPORARY_OR_STAGING	UNKNOWN_OR_BUSINESS_DATA	UNKNOWN	1	1	USED
tmp_incobrablesplanillastributos	.data_base/asgard.sql	18874	DB-TABLE-E173089B89E65E	Physical table declared in .data_base/asgard.sql	Tabla candidata del dominio tmp: Tabla temporal o staging usada para calculos, reportes, importaciones o procesos intermedios. Por su nombre agrupa planilla o documento operativo/financiero generado. Tiene lectura y escritura observada, por lo que probablemente participa en un flujo transaccional activo.	SEMANTIC_REVERSE_ENGINEERING_CANDIDATE	SEMANTIC_INFERENCE_REVIEW_REQUIRED	tmp	TEMPORARY_OR_STAGING	UNKNOWN_OR_BUSINESS_DATA	UNKNOWN	1	1	USED
tmp_incobrablesplanillasotros	.data_base/asgard.sql	18893	DB-TABLE-17B29C04D6C6D2	Physical table declared in .data_base/asgard.sql	Tabla candidata del dominio tmp: Tabla temporal o staging usada para calculos, reportes, importaciones o procesos intermedios. Por su nombre agrupa planilla o documento operativo/financiero generado. Tiene lectura y escritura observada, por lo que probablemente participa en un flujo transaccional activo.	SEMANTIC_REVERSE_ENGINEERING_CANDIDATE	SEMANTIC_INFERENCE_REVIEW_REQUIRED	tmp	TEMPORARY_OR_STAGING	UNKNOWN_OR_BUSINESS_DATA	UNKNOWN	1	1	USED
tmp_incobrablesdebitos	.data_base/asgard.sql	18913	DB-TABLE-76C90071C4C225	Physical table declared in .data_base/asgard.sql	Tabla candidata del dominio tmp: Tabla temporal o staging usada para calculos, reportes, importaciones o procesos intermedios. Por su nombre agrupa entidad o catalogo legacy cuyo significado debe confirmarse por uso en codigo y datos. Tiene lectura y escritura observada, por lo que probablemente participa en un flujo transaccional activo.	SEMANTIC_REVERSE_ENGINEERING_CANDIDATE	SEMANTIC_INFERENCE_REVIEW_REQUIRED	tmp	TEMPORARY_OR_STAGING	UNKNOWN_OR_BUSINESS_DATA	UNKNOWN	1	1	USED
tmp_cobros	.data_base/asgard.sql	18936	DB-TABLE-3055F76ECEA0FE	Physical table declared in .data_base/asgard.sql	Tabla candidata del dominio tmp: Tabla temporal o staging usada para calculos, reportes, importaciones o procesos intermedios. Por su nombre agrupa entidad o catalogo legacy cuyo significado debe confirmarse por uso en codigo y datos. Tiene escrituras observadas sin lecturas directas en la evidencia disponible; revisar si es staging, log o tabla consumida indirectamente.	SEMANTIC_REVERSE_ENGINEERING_CANDIDATE	SEMANTIC_INFERENCE_REVIEW_REQUIRED	tmp	TEMPORARY_OR_STAGING	UNKNOWN_OR_BUSINESS_DATA	UNKNOWN	0	1	USED
tmp_cobrosdesglosado	.data_base/asgard.sql	19104	DB-TABLE-2198392275C0DF	Physical table declared in .data_base/asgard.sql	Tabla candidata del dominio tmp: Tabla temporal o staging usada para calculos, reportes, importaciones o procesos intermedios. Por su nombre agrupa entidad o catalogo legacy cuyo significado debe confirmarse por uso en codigo y datos. Tiene lectura y escritura observada, por lo que probablemente participa en un flujo transaccional activo.	SEMANTIC_REVERSE_ENGINEERING_CANDIDATE	SEMANTIC_INFERENCE_REVIEW_REQUIRED	tmp	TEMPORARY_OR_STAGING	UNKNOWN_OR_BUSINESS_DATA	UNKNOWN	1	1	USED
tmp_cobrosdesglosadogeneral	.data_base/asgard.sql	19381	DB-TABLE-9C029B1AB5A6D9	Physical table declared in .data_base/asgard.sql	Tabla candidata del dominio tmp: Tabla temporal o staging usada para calculos, reportes, importaciones o procesos intermedios. Por su nombre agrupa entidad o catalogo legacy cuyo significado debe confirmarse por uso en codigo y datos. Tiene escrituras observadas sin lecturas directas en la evidencia disponible; revisar si es staging, log o tabla consumida indirectamente.	SEMANTIC_REVERSE_ENGINEERING_CANDIDATE	SEMANTIC_INFERENCE_REVIEW_REQUIRED	tmp	TEMPORARY_OR_STAGING	UNKNOWN_OR_BUSINESS_DATA	UNKNOWN	0	1	USED
tmp_totalfactura	.data_base/asgard.sql	19649	DB-TABLE-557EF32699654C	Physical table declared in .data_base/asgard.sql	Tabla candidata del dominio tmp: Tabla temporal o staging usada para calculos, reportes, importaciones o procesos intermedios. Por su nombre agrupa factura o documento economico/comercial. Tiene lectura y escritura observada, por lo que probablemente participa en un flujo transaccional activo.	SEMANTIC_REVERSE_ENGINEERING_CANDIDATE	SEMANTIC_INFERENCE_REVIEW_REQUIRED	tmp	TEMPORARY_OR_STAGING	UNKNOWN_OR_BUSINESS_DATA	UNKNOWN	1	1	USED
tmp_totalplanilla	.data_base/asgard.sql	19665	DB-TABLE-DE98DEA39893B9	Physical table declared in .data_base/asgard.sql	Tabla candidata del dominio tmp: Tabla temporal o staging usada para calculos, reportes, importaciones o procesos intermedios. Por su nombre agrupa planilla o documento operativo/financiero generado. Tiene lectura y escritura observada, por lo que probablemente participa en un flujo transaccional activo.	SEMANTIC_REVERSE_ENGINEERING_CANDIDATE	SEMANTIC_INFERENCE_REVIEW_REQUIRED	tmp	TEMPORARY_OR_STAGING	UNKNOWN_OR_BUSINESS_DATA	UNKNOWN	1	1	USED
tmp_totalnotas	.data_base/asgard.sql	19703	DB-TABLE-10B875333C42BD	Physical table declared in .data_base/asgard.sql	Tabla candidata del dominio tmp: Tabla temporal o staging usada para calculos, reportes, importaciones o procesos intermedios. Por su nombre agrupa entidad o catalogo legacy cuyo significado debe confirmarse por uso en codigo y datos. Tiene lectura y escritura observada, por lo que probablemente participa en un flujo transaccional activo.	SEMANTIC_REVERSE_ENGINEERING_CANDIDATE	SEMANTIC_INFERENCE_REVIEW_REQUIRED	tmp	TEMPORARY_OR_STAGING	UNKNOWN_OR_BUSINESS_DATA	UNKNOWN	1	1	USED
tmp_cobrosfacturas	.data_base/asgard.sql	19722	DB-TABLE-71D190565048BB	Physical table declared in .data_base/asgard.sql	Tabla candidata del dominio tmp: Tabla temporal o staging usada para calculos, reportes, importaciones o procesos intermedios. Por su nombre agrupa facturas o documentos economicos/comerciales, factura o documento economico/comercial. Tiene lectura y escritura observada, por lo que probablemente participa en un flujo transaccional activo.	SEMANTIC_REVERSE_ENGINEERING_CANDIDATE	SEMANTIC_INFERENCE_REVIEW_REQUIRED	tmp	TEMPORARY_OR_STAGING	UNKNOWN_OR_BUSINESS_DATA	UNKNOWN	1	1	USED
tmp_cobrosplanillas	.data_base/asgard.sql	19738	DB-TABLE-452066B1F38B53	Physical table declared in .data_base/asgard.sql	Tabla candidata del dominio tmp: Tabla temporal o staging usada para calculos, reportes, importaciones o procesos intermedios. Por su nombre agrupa planilla o documento operativo/financiero generado. Tiene lectura y escritura observada, por lo que probablemente participa en un flujo transaccional activo.	SEMANTIC_REVERSE_ENGINEERING_CANDIDATE	SEMANTIC_INFERENCE_REVIEW_REQUIRED	tmp	TEMPORARY_OR_STAGING	UNKNOWN_OR_BUSINESS_DATA	UNKNOWN	1	1	USED
tmp_cobrosdebitos	.data_base/asgard.sql	19754	DB-TABLE-60F95B74776D60	Physical table declared in .data_base/asgard.sql	Tabla candidata del dominio tmp: Tabla temporal o staging usada para calculos, reportes, importaciones o procesos intermedios. Por su nombre agrupa entidad o catalogo legacy cuyo significado debe confirmarse por uso en codigo y datos. Tiene lectura y escritura observada, por lo que probablemente participa en un flujo transaccional activo.	SEMANTIC_REVERSE_ENGINEERING_CANDIDATE	SEMANTIC_INFERENCE_REVIEW_REQUIRED	tmp	TEMPORARY_OR_STAGING	UNKNOWN_OR_BUSINESS_DATA	UNKNOWN	1	1	USED
tmp_incobrablesfacturas	.data_base/asgard.sql	19777	DB-TABLE-9D9D686D2385D9	Physical table declared in .data_base/asgard.sql	Tabla candidata del dominio tmp: Tabla temporal o staging usada para calculos, reportes, importaciones o procesos intermedios. Por su nombre agrupa facturas o documentos economicos/comerciales, factura o documento economico/comercial. Tiene lectura y escritura observada, por lo que probablemente participa en un flujo transaccional activo.	SEMANTIC_REVERSE_ENGINEERING_CANDIDATE	SEMANTIC_INFERENCE_REVIEW_REQUIRED	tmp	TEMPORARY_OR_STAGING	UNKNOWN_OR_BUSINESS_DATA	UNKNOWN	1	1	USED
tmp_incobrablesplanillas	.data_base/asgard.sql	19793	DB-TABLE-D7F6F90580B7EE	Physical table declared in .data_base/asgard.sql	Tabla candidata del dominio tmp: Tabla temporal o staging usada para calculos, reportes, importaciones o procesos intermedios. Por su nombre agrupa planilla o documento operativo/financiero generado. Tiene lectura y escritura observada, por lo que probablemente participa en un flujo transaccional activo.	SEMANTIC_REVERSE_ENGINEERING_CANDIDATE	SEMANTIC_INFERENCE_REVIEW_REQUIRED	tmp	TEMPORARY_OR_STAGING	UNKNOWN_OR_BUSINESS_DATA	UNKNOWN	1	1	USED
tmp_incobrablesdebitos	.data_base/asgard.sql	19809	DB-TABLE-86478A3330B32A	Physical table declared in .data_base/asgard.sql	Tabla candidata del dominio tmp: Tabla temporal o staging usada para calculos, reportes, importaciones o procesos intermedios. Por su nombre agrupa entidad o catalogo legacy cuyo significado debe confirmarse por uso en codigo y datos. Tiene lectura y escritura observada, por lo que probablemente participa en un flujo transaccional activo.	SEMANTIC_REVERSE_ENGINEERING_CANDIDATE	SEMANTIC_INFERENCE_REVIEW_REQUIRED	tmp	TEMPORARY_OR_STAGING	UNKNOWN_OR_BUSINESS_DATA	UNKNOWN	1	1	USED
tmp_cobros	.data_base/asgard.sql	19831	DB-TABLE-4B8B4197F4C19E	Physical table declared in .data_base/asgard.sql	Tabla candidata del dominio tmp: Tabla temporal o staging usada para calculos, reportes, importaciones o procesos intermedios. Por su nombre agrupa entidad o catalogo legacy cuyo significado debe confirmarse por uso en codigo y datos. Tiene escrituras observadas sin lecturas directas en la evidencia disponible; revisar si es staging, log o tabla consumida indirectamente.	SEMANTIC_REVERSE_ENGINEERING_CANDIDATE	SEMANTIC_INFERENCE_REVIEW_REQUIRED	tmp	TEMPORARY_OR_STAGING	UNKNOWN_OR_BUSINESS_DATA	UNKNOWN	0	1	USED
tmp_cobrosdesglosado	.data_base/asgard.sql	19910	DB-TABLE-E70429750CB9D7	Physical table declared in .data_base/asgard.sql	Tabla candidata del dominio tmp: Tabla temporal o staging usada para calculos, reportes, importaciones o procesos intermedios. Por su nombre agrupa entidad o catalogo legacy cuyo significado debe confirmarse por uso en codigo y datos. Tiene lectura y escritura observada, por lo que probablemente participa en un flujo transaccional activo.	SEMANTIC_REVERSE_ENGINEERING_CANDIDATE	SEMANTIC_INFERENCE_REVIEW_REQUIRED	tmp	TEMPORARY_OR_STAGING	UNKNOWN_OR_BUSINESS_DATA	UNKNOWN	1	1	USED
tmp_totalfactura	.data_base/asgard.sql	20040	DB-TABLE-CC2263F10AFF99	Physical table declared in .data_base/asgard.sql	Tabla candidata del dominio tmp: Tabla temporal o staging usada para calculos, reportes, importaciones o procesos intermedios. Por su nombre agrupa factura o documento economico/comercial. Tiene lectura y escritura observada, por lo que probablemente participa en un flujo transaccional activo.	SEMANTIC_REVERSE_ENGINEERING_CANDIDATE	SEMANTIC_INFERENCE_REVIEW_REQUIRED	tmp	TEMPORARY_OR_STAGING	UNKNOWN_OR_BUSINESS_DATA	UNKNOWN	1	1	USED
tmp_totalplanilla	.data_base/asgard.sql	20056	DB-TABLE-C60B6B21328C34	Physical table declared in .data_base/asgard.sql	Tabla candidata del dominio tmp: Tabla temporal o staging usada para calculos, reportes, importaciones o procesos intermedios. Por su nombre agrupa planilla o documento operativo/financiero generado. Tiene lectura y escritura observada, por lo que probablemente participa en un flujo transaccional activo.	SEMANTIC_REVERSE_ENGINEERING_CANDIDATE	SEMANTIC_INFERENCE_REVIEW_REQUIRED	tmp	TEMPORARY_OR_STAGING	UNKNOWN_OR_BUSINESS_DATA	UNKNOWN	1	1	USED
tmp_totalnotas	.data_base/asgard.sql	20094	DB-TABLE-D5E6A5E9EC9D95	Physical table declared in .data_base/asgard.sql	Tabla candidata del dominio tmp: Tabla temporal o staging usada para calculos, reportes, importaciones o procesos intermedios. Por su nombre agrupa entidad o catalogo legacy cuyo significado debe confirmarse por uso en codigo y datos. Tiene lectura y escritura observada, por lo que probablemente participa en un flujo transaccional activo.	SEMANTIC_REVERSE_ENGINEERING_CANDIDATE	SEMANTIC_INFERENCE_REVIEW_REQUIRED	tmp	TEMPORARY_OR_STAGING	UNKNOWN_OR_BUSINESS_DATA	UNKNOWN	1	1	USED
tmp_cobrosfacturas	.data_base/asgard.sql	20111	DB-TABLE-ADA654F4FCF9D1	Physical table declared in .data_base/asgard.sql	Tabla candidata del dominio tmp: Tabla temporal o staging usada para calculos, reportes, importaciones o procesos intermedios. Por su nombre agrupa facturas o documentos economicos/comerciales, factura o documento economico/comercial. Tiene lectura y escritura observada, por lo que probablemente participa en un flujo transaccional activo.	SEMANTIC_REVERSE_ENGINEERING_CANDIDATE	SEMANTIC_INFERENCE_REVIEW_REQUIRED	tmp	TEMPORARY_OR_STAGING	UNKNOWN_OR_BUSINESS_DATA	UNKNOWN	1	1	USED
tmp_cobrosplanillas	.data_base/asgard.sql	20127	DB-TABLE-81A0D88A2D3B48	Physical table declared in .data_base/asgard.sql	Tabla candidata del dominio tmp: Tabla temporal o staging usada para calculos, reportes, importaciones o procesos intermedios. Por su nombre agrupa planilla o documento operativo/financiero generado. Tiene lectura y escritura observada, por lo que probablemente participa en un flujo transaccional activo.	SEMANTIC_REVERSE_ENGINEERING_CANDIDATE	SEMANTIC_INFERENCE_REVIEW_REQUIRED	tmp	TEMPORARY_OR_STAGING	UNKNOWN_OR_BUSINESS_DATA	UNKNOWN	1	1	USED
tmp_cobrosdebitos	.data_base/asgard.sql	20143	DB-TABLE-6A179868481890	Physical table declared in .data_base/asgard.sql	Tabla candidata del dominio tmp: Tabla temporal o staging usada para calculos, reportes, importaciones o procesos intermedios. Por su nombre agrupa entidad o catalogo legacy cuyo significado debe confirmarse por uso en codigo y datos. Tiene lectura y escritura observada, por lo que probablemente participa en un flujo transaccional activo.	SEMANTIC_REVERSE_ENGINEERING_CANDIDATE	SEMANTIC_INFERENCE_REVIEW_REQUIRED	tmp	TEMPORARY_OR_STAGING	UNKNOWN_OR_BUSINESS_DATA	UNKNOWN	1	1	USED
tmp_incobrablesfacturas	.data_base/asgard.sql	20164	DB-TABLE-7DC69A8088303C	Physical table declared in .data_base/asgard.sql	Tabla candidata del dominio tmp: Tabla temporal o staging usada para calculos, reportes, importaciones o procesos intermedios. Por su nombre agrupa facturas o documentos economicos/comerciales, factura o documento economico/comercial. Tiene lectura y escritura observada, por lo que probablemente participa en un flujo transaccional activo.	SEMANTIC_REVERSE_ENGINEERING_CANDIDATE	SEMANTIC_INFERENCE_REVIEW_REQUIRED	tmp	TEMPORARY_OR_STAGING	UNKNOWN_OR_BUSINESS_DATA	UNKNOWN	1	1	USED
tmp_incobrablesplanillas	.data_base/asgard.sql	20180	DB-TABLE-1A33594D97FE33	Physical table declared in .data_base/asgard.sql	Tabla candidata del dominio tmp: Tabla temporal o staging usada para calculos, reportes, importaciones o procesos intermedios. Por su nombre agrupa planilla o documento operativo/financiero generado. Tiene lectura y escritura observada, por lo que probablemente participa en un flujo transaccional activo.	SEMANTIC_REVERSE_ENGINEERING_CANDIDATE	SEMANTIC_INFERENCE_REVIEW_REQUIRED	tmp	TEMPORARY_OR_STAGING	UNKNOWN_OR_BUSINESS_DATA	UNKNOWN	1	1	USED
tmp_incobrablesdebitos	.data_base/asgard.sql	20196	DB-TABLE-84AC50E0E0F38B	Physical table declared in .data_base/asgard.sql	Tabla candidata del dominio tmp: Tabla temporal o staging usada para calculos, reportes, importaciones o procesos intermedios. Por su nombre agrupa entidad o catalogo legacy cuyo significado debe confirmarse por uso en codigo y datos. Tiene lectura y escritura observada, por lo que probablemente participa en un flujo transaccional activo.	SEMANTIC_REVERSE_ENGINEERING_CANDIDATE	SEMANTIC_INFERENCE_REVIEW_REQUIRED	tmp	TEMPORARY_OR_STAGING	UNKNOWN_OR_BUSINESS_DATA	UNKNOWN	1	1	USED
tmp_cobros	.data_base/asgard.sql	20216	DB-TABLE-40ADFFBFFE4033	Physical table declared in .data_base/asgard.sql	Tabla candidata del dominio tmp: Tabla temporal o staging usada para calculos, reportes, importaciones o procesos intermedios. Por su nombre agrupa entidad o catalogo legacy cuyo significado debe confirmarse por uso en codigo y datos. Tiene escrituras observadas sin lecturas directas en la evidencia disponible; revisar si es staging, log o tabla consumida indirectamente.	SEMANTIC_REVERSE_ENGINEERING_CANDIDATE	SEMANTIC_INFERENCE_REVIEW_REQUIRED	tmp	TEMPORARY_OR_STAGING	UNKNOWN_OR_BUSINESS_DATA	UNKNOWN	0	1	USED
tmp_cobrosdesglosado	.data_base/asgard.sql	20293	DB-TABLE-AFDFB905DD98CA	Physical table declared in .data_base/asgard.sql	Tabla candidata del dominio tmp: Tabla temporal o staging usada para calculos, reportes, importaciones o procesos intermedios. Por su nombre agrupa entidad o catalogo legacy cuyo significado debe confirmarse por uso en codigo y datos. Tiene lectura y escritura observada, por lo que probablemente participa en un flujo transaccional activo.	SEMANTIC_REVERSE_ENGINEERING_CANDIDATE	SEMANTIC_INFERENCE_REVIEW_REQUIRED	tmp	TEMPORARY_OR_STAGING	UNKNOWN_OR_BUSINESS_DATA	UNKNOWN	1	1	USED
tmp_totalfactura	.data_base/asgard.sql	20418	DB-TABLE-21DED718688CEA	Physical table declared in .data_base/asgard.sql	Tabla candidata del dominio tmp: Tabla temporal o staging usada para calculos, reportes, importaciones o procesos intermedios. Por su nombre agrupa factura o documento economico/comercial. Tiene lectura y escritura observada, por lo que probablemente participa en un flujo transaccional activo.	SEMANTIC_REVERSE_ENGINEERING_CANDIDATE	SEMANTIC_INFERENCE_REVIEW_REQUIRED	tmp	TEMPORARY_OR_STAGING	UNKNOWN_OR_BUSINESS_DATA	UNKNOWN	1	1	USED
tmp_totalplanilla	.data_base/asgard.sql	20434	DB-TABLE-9E758B28133BEB	Physical table declared in .data_base/asgard.sql	Tabla candidata del dominio tmp: Tabla temporal o staging usada para calculos, reportes, importaciones o procesos intermedios. Por su nombre agrupa planilla o documento operativo/financiero generado. Tiene lectura y escritura observada, por lo que probablemente participa en un flujo transaccional activo.	SEMANTIC_REVERSE_ENGINEERING_CANDIDATE	SEMANTIC_INFERENCE_REVIEW_REQUIRED	tmp	TEMPORARY_OR_STAGING	UNKNOWN_OR_BUSINESS_DATA	UNKNOWN	1	1	USED
tmp_totalplanillatributos	.data_base/asgard.sql	20475	DB-TABLE-BEA4B703240BBA	Physical table declared in .data_base/asgard.sql	Tabla candidata del dominio tmp: Tabla temporal o staging usada para calculos, reportes, importaciones o procesos intermedios. Por su nombre agrupa planilla o documento operativo/financiero generado. Tiene lectura y escritura observada, por lo que probablemente participa en un flujo transaccional activo.	SEMANTIC_REVERSE_ENGINEERING_CANDIDATE	SEMANTIC_INFERENCE_REVIEW_REQUIRED	tmp	TEMPORARY_OR_STAGING	UNKNOWN_OR_BUSINESS_DATA	UNKNOWN	1	1	USED
tmp_totalplanillaotros	.data_base/asgard.sql	20517	DB-TABLE-2732157E45606B	Physical table declared in .data_base/asgard.sql	Tabla candidata del dominio tmp: Tabla temporal o staging usada para calculos, reportes, importaciones o procesos intermedios. Por su nombre agrupa planilla o documento operativo/financiero generado. Tiene lectura y escritura observada, por lo que probablemente participa en un flujo transaccional activo.	SEMANTIC_REVERSE_ENGINEERING_CANDIDATE	SEMANTIC_INFERENCE_REVIEW_REQUIRED	tmp	TEMPORARY_OR_STAGING	UNKNOWN_OR_BUSINESS_DATA	UNKNOWN	1	1	USED
tmp_totalnotas	.data_base/asgard.sql	20560	DB-TABLE-6D997B4726CFF8	Physical table declared in .data_base/asgard.sql	Tabla candidata del dominio tmp: Tabla temporal o staging usada para calculos, reportes, importaciones o procesos intermedios. Por su nombre agrupa entidad o catalogo legacy cuyo significado debe confirmarse por uso en codigo y datos. Tiene lectura y escritura observada, por lo que probablemente participa en un flujo transaccional activo.	SEMANTIC_REVERSE_ENGINEERING_CANDIDATE	SEMANTIC_INFERENCE_REVIEW_REQUIRED	tmp	TEMPORARY_OR_STAGING	UNKNOWN_OR_BUSINESS_DATA	UNKNOWN	1	1	USED
tmp_cobrosfacturas	.data_base/asgard.sql	20577	DB-TABLE-576D5E2E992163	Physical table declared in .data_base/asgard.sql	Tabla candidata del dominio tmp: Tabla temporal o staging usada para calculos, reportes, importaciones o procesos intermedios. Por su nombre agrupa facturas o documentos economicos/comerciales, factura o documento economico/comercial. Tiene lectura y escritura observada, por lo que probablemente participa en un flujo transaccional activo.	SEMANTIC_REVERSE_ENGINEERING_CANDIDATE	SEMANTIC_INFERENCE_REVIEW_REQUIRED	tmp	TEMPORARY_OR_STAGING	UNKNOWN_OR_BUSINESS_DATA	UNKNOWN	1	1	USED
tmp_cobrosplanillas	.data_base/asgard.sql	20593	DB-TABLE-391BE458B08957	Physical table declared in .data_base/asgard.sql	Tabla candidata del dominio tmp: Tabla temporal o staging usada para calculos, reportes, importaciones o procesos intermedios. Por su nombre agrupa planilla o documento operativo/financiero generado. Tiene lectura y escritura observada, por lo que probablemente participa en un flujo transaccional activo.	SEMANTIC_REVERSE_ENGINEERING_CANDIDATE	SEMANTIC_INFERENCE_REVIEW_REQUIRED	tmp	TEMPORARY_OR_STAGING	UNKNOWN_OR_BUSINESS_DATA	UNKNOWN	1	1	USED
tmp_cobrosplanillastributos	.data_base/asgard.sql	20610	DB-TABLE-D0A5998FBD81D6	Physical table declared in .data_base/asgard.sql	Tabla candidata del dominio tmp: Tabla temporal o staging usada para calculos, reportes, importaciones o procesos intermedios. Por su nombre agrupa planilla o documento operativo/financiero generado. Tiene lectura y escritura observada, por lo que probablemente participa en un flujo transaccional activo.	SEMANTIC_REVERSE_ENGINEERING_CANDIDATE	SEMANTIC_INFERENCE_REVIEW_REQUIRED	tmp	TEMPORARY_OR_STAGING	UNKNOWN_OR_BUSINESS_DATA	UNKNOWN	1	1	USED
tmp_cobrosplanillasotros	.data_base/asgard.sql	20628	DB-TABLE-8CDA91B19A1934	Physical table declared in .data_base/asgard.sql	Tabla candidata del dominio tmp: Tabla temporal o staging usada para calculos, reportes, importaciones o procesos intermedios. Por su nombre agrupa planilla o documento operativo/financiero generado. Tiene lectura y escritura observada, por lo que probablemente participa en un flujo transaccional activo.	SEMANTIC_REVERSE_ENGINEERING_CANDIDATE	SEMANTIC_INFERENCE_REVIEW_REQUIRED	tmp	TEMPORARY_OR_STAGING	UNKNOWN_OR_BUSINESS_DATA	UNKNOWN	1	1	USED
tmp_cobrosdebitos	.data_base/asgard.sql	20648	DB-TABLE-C91DFC227012CD	Physical table declared in .data_base/asgard.sql	Tabla candidata del dominio tmp: Tabla temporal o staging usada para calculos, reportes, importaciones o procesos intermedios. Por su nombre agrupa entidad o catalogo legacy cuyo significado debe confirmarse por uso en codigo y datos. Tiene lectura y escritura observada, por lo que probablemente participa en un flujo transaccional activo.	SEMANTIC_REVERSE_ENGINEERING_CANDIDATE	SEMANTIC_INFERENCE_REVIEW_REQUIRED	tmp	TEMPORARY_OR_STAGING	UNKNOWN_OR_BUSINESS_DATA	UNKNOWN	1	1	USED
tmp_incobrablesfacturas	.data_base/asgard.sql	20669	DB-TABLE-81799ABB5135A3	Physical table declared in .data_base/asgard.sql	Tabla candidata del dominio tmp: Tabla temporal o staging usada para calculos, reportes, importaciones o procesos intermedios. Por su nombre agrupa facturas o documentos economicos/comerciales, factura o documento economico/comercial. Tiene lectura y escritura observada, por lo que probablemente participa en un flujo transaccional activo.	SEMANTIC_REVERSE_ENGINEERING_CANDIDATE	SEMANTIC_INFERENCE_REVIEW_REQUIRED	tmp	TEMPORARY_OR_STAGING	UNKNOWN_OR_BUSINESS_DATA	UNKNOWN	1	1	USED
tmp_incobrablesplanillas	.data_base/asgard.sql	20685	DB-TABLE-39E64C72763FA1	Physical table declared in .data_base/asgard.sql	Tabla candidata del dominio tmp: Tabla temporal o staging usada para calculos, reportes, importaciones o procesos intermedios. Por su nombre agrupa planilla o documento operativo/financiero generado. Tiene lectura y escritura observada, por lo que probablemente participa en un flujo transaccional activo.	SEMANTIC_REVERSE_ENGINEERING_CANDIDATE	SEMANTIC_INFERENCE_REVIEW_REQUIRED	tmp	TEMPORARY_OR_STAGING	UNKNOWN_OR_BUSINESS_DATA	UNKNOWN	1	1	USED
tmp_incobrablesplanillastributos	.data_base/asgard.sql	20702	DB-TABLE-53DCD8D93DCF78	Physical table declared in .data_base/asgard.sql	Tabla candidata del dominio tmp: Tabla temporal o staging usada para calculos, reportes, importaciones o procesos intermedios. Por su nombre agrupa planilla o documento operativo/financiero generado. Tiene lectura y escritura observada, por lo que probablemente participa en un flujo transaccional activo.	SEMANTIC_REVERSE_ENGINEERING_CANDIDATE	SEMANTIC_INFERENCE_REVIEW_REQUIRED	tmp	TEMPORARY_OR_STAGING	UNKNOWN_OR_BUSINESS_DATA	UNKNOWN	1	1	USED
tmp_incobrablesplanillasotros	.data_base/asgard.sql	20720	DB-TABLE-489F1D75B43799	Physical table declared in .data_base/asgard.sql	Tabla candidata del dominio tmp: Tabla temporal o staging usada para calculos, reportes, importaciones o procesos intermedios. Por su nombre agrupa planilla o documento operativo/financiero generado. Tiene lectura y escritura observada, por lo que probablemente participa en un flujo transaccional activo.	SEMANTIC_REVERSE_ENGINEERING_CANDIDATE	SEMANTIC_INFERENCE_REVIEW_REQUIRED	tmp	TEMPORARY_OR_STAGING	UNKNOWN_OR_BUSINESS_DATA	UNKNOWN	1	1	USED
tmp_incobrablesdebitos	.data_base/asgard.sql	20739	DB-TABLE-2E8FE8D872AB56	Physical table declared in .data_base/asgard.sql	Tabla candidata del dominio tmp: Tabla temporal o staging usada para calculos, reportes, importaciones o procesos intermedios. Por su nombre agrupa entidad o catalogo legacy cuyo significado debe confirmarse por uso en codigo y datos. Tiene lectura y escritura observada, por lo que probablemente participa en un flujo transaccional activo.	SEMANTIC_REVERSE_ENGINEERING_CANDIDATE	SEMANTIC_INFERENCE_REVIEW_REQUIRED	tmp	TEMPORARY_OR_STAGING	UNKNOWN_OR_BUSINESS_DATA	UNKNOWN	1	1	USED
tmp_cobros	.data_base/asgard.sql	20759	DB-TABLE-D6DDA4A0FEE80D	Physical table declared in .data_base/asgard.sql	Tabla candidata del dominio tmp: Tabla temporal o staging usada para calculos, reportes, importaciones o procesos intermedios. Por su nombre agrupa entidad o catalogo legacy cuyo significado debe confirmarse por uso en codigo y datos. Tiene escrituras observadas sin lecturas directas en la evidencia disponible; revisar si es staging, log o tabla consumida indirectamente.	SEMANTIC_REVERSE_ENGINEERING_CANDIDATE	SEMANTIC_INFERENCE_REVIEW_REQUIRED	tmp	TEMPORARY_OR_STAGING	UNKNOWN_OR_BUSINESS_DATA	UNKNOWN	0	1	USED
tmp_cobrosdesglosado	.data_base/asgard.sql	20830	DB-TABLE-908494818D3C3E	Physical table declared in .data_base/asgard.sql	Tabla candidata del dominio tmp: Tabla temporal o staging usada para calculos, reportes, importaciones o procesos intermedios. Por su nombre agrupa entidad o catalogo legacy cuyo significado debe confirmarse por uso en codigo y datos. Tiene lectura y escritura observada, por lo que probablemente participa en un flujo transaccional activo.	SEMANTIC_REVERSE_ENGINEERING_CANDIDATE	SEMANTIC_INFERENCE_REVIEW_REQUIRED	tmp	TEMPORARY_OR_STAGING	UNKNOWN_OR_BUSINESS_DATA	UNKNOWN	1	1	USED
tmp_cobrosdesglosadogeneral	.data_base/asgard.sql	20982	DB-TABLE-81D27D82D54092	Physical table declared in .data_base/asgard.sql	Tabla candidata del dominio tmp: Tabla temporal o staging usada para calculos, reportes, importaciones o procesos intermedios. Por su nombre agrupa entidad o catalogo legacy cuyo significado debe confirmarse por uso en codigo y datos. Tiene escrituras observadas sin lecturas directas en la evidencia disponible; revisar si es staging, log o tabla consumida indirectamente.	SEMANTIC_REVERSE_ENGINEERING_CANDIDATE	SEMANTIC_INFERENCE_REVIEW_REQUIRED	tmp	TEMPORARY_OR_STAGING	UNKNOWN_OR_BUSINESS_DATA	UNKNOWN	0	1	USED
tmp_totalfactura	.data_base/asgard.sql	21153	DB-TABLE-73170E91B03C21	Physical table declared in .data_base/asgard.sql	Tabla candidata del dominio tmp: Tabla temporal o staging usada para calculos, reportes, importaciones o procesos intermedios. Por su nombre agrupa factura o documento economico/comercial. Tiene lectura y escritura observada, por lo que probablemente participa en un flujo transaccional activo.	SEMANTIC_REVERSE_ENGINEERING_CANDIDATE	SEMANTIC_INFERENCE_REVIEW_REQUIRED	tmp	TEMPORARY_OR_STAGING	UNKNOWN_OR_BUSINESS_DATA	UNKNOWN	1	1	USED
tmp_totalplanilla	.data_base/asgard.sql	21169	DB-TABLE-B19AB413F2EF08	Physical table declared in .data_base/asgard.sql	Tabla candidata del dominio tmp: Tabla temporal o staging usada para calculos, reportes, importaciones o procesos intermedios. Por su nombre agrupa planilla o documento operativo/financiero generado. Tiene lectura y escritura observada, por lo que probablemente participa en un flujo transaccional activo.	SEMANTIC_REVERSE_ENGINEERING_CANDIDATE	SEMANTIC_INFERENCE_REVIEW_REQUIRED	tmp	TEMPORARY_OR_STAGING	UNKNOWN_OR_BUSINESS_DATA	UNKNOWN	1	1	USED
tmp_totalplanillatributos	.data_base/asgard.sql	21210	DB-TABLE-95CB606ADA499A	Physical table declared in .data_base/asgard.sql	Tabla candidata del dominio tmp: Tabla temporal o staging usada para calculos, reportes, importaciones o procesos intermedios. Por su nombre agrupa planilla o documento operativo/financiero generado. Tiene lectura y escritura observada, por lo que probablemente participa en un flujo transaccional activo.	SEMANTIC_REVERSE_ENGINEERING_CANDIDATE	SEMANTIC_INFERENCE_REVIEW_REQUIRED	tmp	TEMPORARY_OR_STAGING	UNKNOWN_OR_BUSINESS_DATA	UNKNOWN	1	1	USED
tmp_totalplanillaotros	.data_base/asgard.sql	21252	DB-TABLE-8DF0534C5E770F	Physical table declared in .data_base/asgard.sql	Tabla candidata del dominio tmp: Tabla temporal o staging usada para calculos, reportes, importaciones o procesos intermedios. Por su nombre agrupa planilla o documento operativo/financiero generado. Tiene lectura y escritura observada, por lo que probablemente participa en un flujo transaccional activo.	SEMANTIC_REVERSE_ENGINEERING_CANDIDATE	SEMANTIC_INFERENCE_REVIEW_REQUIRED	tmp	TEMPORARY_OR_STAGING	UNKNOWN_OR_BUSINESS_DATA	UNKNOWN	1	1	USED
tmp_totalnotas	.data_base/asgard.sql	21295	DB-TABLE-82E836B940F14A	Physical table declared in .data_base/asgard.sql	Tabla candidata del dominio tmp: Tabla temporal o staging usada para calculos, reportes, importaciones o procesos intermedios. Por su nombre agrupa entidad o catalogo legacy cuyo significado debe confirmarse por uso en codigo y datos. Tiene lectura y escritura observada, por lo que probablemente participa en un flujo transaccional activo.	SEMANTIC_REVERSE_ENGINEERING_CANDIDATE	SEMANTIC_INFERENCE_REVIEW_REQUIRED	tmp	TEMPORARY_OR_STAGING	UNKNOWN_OR_BUSINESS_DATA	UNKNOWN	1	1	USED
tmp_cobrosfacturas	.data_base/asgard.sql	21314	DB-TABLE-E7CDAAEC0B6950	Physical table declared in .data_base/asgard.sql	Tabla candidata del dominio tmp: Tabla temporal o staging usada para calculos, reportes, importaciones o procesos intermedios. Por su nombre agrupa facturas o documentos economicos/comerciales, factura o documento economico/comercial. Tiene lectura y escritura observada, por lo que probablemente participa en un flujo transaccional activo.	SEMANTIC_REVERSE_ENGINEERING_CANDIDATE	SEMANTIC_INFERENCE_REVIEW_REQUIRED	tmp	TEMPORARY_OR_STAGING	UNKNOWN_OR_BUSINESS_DATA	UNKNOWN	1	1	USED
tmp_cobrosplanillas	.data_base/asgard.sql	21330	DB-TABLE-6DD98D68EB11A1	Physical table declared in .data_base/asgard.sql	Tabla candidata del dominio tmp: Tabla temporal o staging usada para calculos, reportes, importaciones o procesos intermedios. Por su nombre agrupa planilla o documento operativo/financiero generado. Tiene lectura y escritura observada, por lo que probablemente participa en un flujo transaccional activo.	SEMANTIC_REVERSE_ENGINEERING_CANDIDATE	SEMANTIC_INFERENCE_REVIEW_REQUIRED	tmp	TEMPORARY_OR_STAGING	UNKNOWN_OR_BUSINESS_DATA	UNKNOWN	1	1	USED
tmp_cobrosplanillastributos	.data_base/asgard.sql	21347	DB-TABLE-D450DD95B62C9C	Physical table declared in .data_base/asgard.sql	Tabla candidata del dominio tmp: Tabla temporal o staging usada para calculos, reportes, importaciones o procesos intermedios. Por su nombre agrupa planilla o documento operativo/financiero generado. Tiene lectura y escritura observada, por lo que probablemente participa en un flujo transaccional activo.	SEMANTIC_REVERSE_ENGINEERING_CANDIDATE	SEMANTIC_INFERENCE_REVIEW_REQUIRED	tmp	TEMPORARY_OR_STAGING	UNKNOWN_OR_BUSINESS_DATA	UNKNOWN	1	1	USED
tmp_cobrosplanillasotros	.data_base/asgard.sql	21365	DB-TABLE-03BF6F8B0EF820	Physical table declared in .data_base/asgard.sql	Tabla candidata del dominio tmp: Tabla temporal o staging usada para calculos, reportes, importaciones o procesos intermedios. Por su nombre agrupa planilla o documento operativo/financiero generado. Tiene lectura y escritura observada, por lo que probablemente participa en un flujo transaccional activo.	SEMANTIC_REVERSE_ENGINEERING_CANDIDATE	SEMANTIC_INFERENCE_REVIEW_REQUIRED	tmp	TEMPORARY_OR_STAGING	UNKNOWN_OR_BUSINESS_DATA	UNKNOWN	1	1	USED
tmp_cobrosdebitos	.data_base/asgard.sql	21385	DB-TABLE-A988B2B8E14293	Physical table declared in .data_base/asgard.sql	Tabla candidata del dominio tmp: Tabla temporal o staging usada para calculos, reportes, importaciones o procesos intermedios. Por su nombre agrupa entidad o catalogo legacy cuyo significado debe confirmarse por uso en codigo y datos. Tiene lectura y escritura observada, por lo que probablemente participa en un flujo transaccional activo.	SEMANTIC_REVERSE_ENGINEERING_CANDIDATE	SEMANTIC_INFERENCE_REVIEW_REQUIRED	tmp	TEMPORARY_OR_STAGING	UNKNOWN_OR_BUSINESS_DATA	UNKNOWN	1	1	USED
tmp_incobrablesfacturas	.data_base/asgard.sql	21408	DB-TABLE-203839EEE327D4	Physical table declared in .data_base/asgard.sql	Tabla candidata del dominio tmp: Tabla temporal o staging usada para calculos, reportes, importaciones o procesos intermedios. Por su nombre agrupa facturas o documentos economicos/comerciales, factura o documento economico/comercial. Tiene lectura y escritura observada, por lo que probablemente participa en un flujo transaccional activo.	SEMANTIC_REVERSE_ENGINEERING_CANDIDATE	SEMANTIC_INFERENCE_REVIEW_REQUIRED	tmp	TEMPORARY_OR_STAGING	UNKNOWN_OR_BUSINESS_DATA	UNKNOWN	1	1	USED
tmp_incobrablesplanillas	.data_base/asgard.sql	21424	DB-TABLE-DEC31D5BBB8497	Physical table declared in .data_base/asgard.sql	Tabla candidata del dominio tmp: Tabla temporal o staging usada para calculos, reportes, importaciones o procesos intermedios. Por su nombre agrupa planilla o documento operativo/financiero generado. Tiene lectura y escritura observada, por lo que probablemente participa en un flujo transaccional activo.	SEMANTIC_REVERSE_ENGINEERING_CANDIDATE	SEMANTIC_INFERENCE_REVIEW_REQUIRED	tmp	TEMPORARY_OR_STAGING	UNKNOWN_OR_BUSINESS_DATA	UNKNOWN	1	1	USED
tmp_incobrablesplanillastributos	.data_base/asgard.sql	21441	DB-TABLE-A7354BDE84F995	Physical table declared in .data_base/asgard.sql	Tabla candidata del dominio tmp: Tabla temporal o staging usada para calculos, reportes, importaciones o procesos intermedios. Por su nombre agrupa planilla o documento operativo/financiero generado. Tiene lectura y escritura observada, por lo que probablemente participa en un flujo transaccional activo.	SEMANTIC_REVERSE_ENGINEERING_CANDIDATE	SEMANTIC_INFERENCE_REVIEW_REQUIRED	tmp	TEMPORARY_OR_STAGING	UNKNOWN_OR_BUSINESS_DATA	UNKNOWN	1	1	USED
tmp_incobrablesplanillasotros	.data_base/asgard.sql	21459	DB-TABLE-178A7EEC6DB733	Physical table declared in .data_base/asgard.sql	Tabla candidata del dominio tmp: Tabla temporal o staging usada para calculos, reportes, importaciones o procesos intermedios. Por su nombre agrupa planilla o documento operativo/financiero generado. Tiene lectura y escritura observada, por lo que probablemente participa en un flujo transaccional activo.	SEMANTIC_REVERSE_ENGINEERING_CANDIDATE	SEMANTIC_INFERENCE_REVIEW_REQUIRED	tmp	TEMPORARY_OR_STAGING	UNKNOWN_OR_BUSINESS_DATA	UNKNOWN	1	1	USED
tmp_incobrablesdebitos	.data_base/asgard.sql	21478	DB-TABLE-A1C8DD6E4743EB	Physical table declared in .data_base/asgard.sql	Tabla candidata del dominio tmp: Tabla temporal o staging usada para calculos, reportes, importaciones o procesos intermedios. Por su nombre agrupa entidad o catalogo legacy cuyo significado debe confirmarse por uso en codigo y datos. Tiene lectura y escritura observada, por lo que probablemente participa en un flujo transaccional activo.	SEMANTIC_REVERSE_ENGINEERING_CANDIDATE	SEMANTIC_INFERENCE_REVIEW_REQUIRED	tmp	TEMPORARY_OR_STAGING	UNKNOWN_OR_BUSINESS_DATA	UNKNOWN	1	1	USED
tmp_cobros	.data_base/asgard.sql	21500	DB-TABLE-FF81E55B89409F	Physical table declared in .data_base/asgard.sql	Tabla candidata del dominio tmp: Tabla temporal o staging usada para calculos, reportes, importaciones o procesos intermedios. Por su nombre agrupa entidad o catalogo legacy cuyo significado debe confirmarse por uso en codigo y datos. Tiene escrituras observadas sin lecturas directas en la evidencia disponible; revisar si es staging, log o tabla consumida indirectamente.	SEMANTIC_REVERSE_ENGINEERING_CANDIDATE	SEMANTIC_INFERENCE_REVIEW_REQUIRED	tmp	TEMPORARY_OR_STAGING	UNKNOWN_OR_BUSINESS_DATA	UNKNOWN	0	1	USED
tmp_cobrosdesglosado	.data_base/asgard.sql	21573	DB-TABLE-D199877E7459A7	Physical table declared in .data_base/asgard.sql	Tabla candidata del dominio tmp: Tabla temporal o staging usada para calculos, reportes, importaciones o procesos intermedios. Por su nombre agrupa entidad o catalogo legacy cuyo significado debe confirmarse por uso en codigo y datos. Tiene lectura y escritura observada, por lo que probablemente participa en un flujo transaccional activo.	SEMANTIC_REVERSE_ENGINEERING_CANDIDATE	SEMANTIC_INFERENCE_REVIEW_REQUIRED	tmp	TEMPORARY_OR_STAGING	UNKNOWN_OR_BUSINESS_DATA	UNKNOWN	1	1	USED
tmp_cobrosdesglosadogeneral	.data_base/asgard.sql	21727	DB-TABLE-31C03CAA59D31D	Physical table declared in .data_base/asgard.sql	Tabla candidata del dominio tmp: Tabla temporal o staging usada para calculos, reportes, importaciones o procesos intermedios. Por su nombre agrupa entidad o catalogo legacy cuyo significado debe confirmarse por uso en codigo y datos. Tiene escrituras observadas sin lecturas directas en la evidencia disponible; revisar si es staging, log o tabla consumida indirectamente.	SEMANTIC_REVERSE_ENGINEERING_CANDIDATE	SEMANTIC_INFERENCE_REVIEW_REQUIRED	tmp	TEMPORARY_OR_STAGING	UNKNOWN_OR_BUSINESS_DATA	UNKNOWN	0	1	USED
tmp_totalfactura	.data_base/asgard.sql	21899	DB-TABLE-808C496B985EBC	Physical table declared in .data_base/asgard.sql	Tabla candidata del dominio tmp: Tabla temporal o staging usada para calculos, reportes, importaciones o procesos intermedios. Por su nombre agrupa factura o documento economico/comercial. Tiene lectura y escritura observada, por lo que probablemente participa en un flujo transaccional activo.	SEMANTIC_REVERSE_ENGINEERING_CANDIDATE	SEMANTIC_INFERENCE_REVIEW_REQUIRED	tmp	TEMPORARY_OR_STAGING	UNKNOWN_OR_BUSINESS_DATA	UNKNOWN	1	1	USED
tmp_totalfacturaagrupada	.data_base/asgard.sql	21916	DB-TABLE-8984EA471821A9	Physical table declared in .data_base/asgard.sql	Tabla candidata del dominio tmp: Tabla temporal o staging usada para calculos, reportes, importaciones o procesos intermedios. Por su nombre agrupa factura o documento economico/comercial. Tiene lectura y escritura observada, por lo que probablemente participa en un flujo transaccional activo.	SEMANTIC_REVERSE_ENGINEERING_CANDIDATE	SEMANTIC_INFERENCE_REVIEW_REQUIRED	tmp	TEMPORARY_OR_STAGING	UNKNOWN_OR_BUSINESS_DATA	UNKNOWN	1	1	USED
tmp_totalplanilla	.data_base/asgard.sql	21937	DB-TABLE-8C7B39F6209729	Physical table declared in .data_base/asgard.sql	Tabla candidata del dominio tmp: Tabla temporal o staging usada para calculos, reportes, importaciones o procesos intermedios. Por su nombre agrupa planilla o documento operativo/financiero generado. Tiene lectura y escritura observada, por lo que probablemente participa en un flujo transaccional activo.	SEMANTIC_REVERSE_ENGINEERING_CANDIDATE	SEMANTIC_INFERENCE_REVIEW_REQUIRED	tmp	TEMPORARY_OR_STAGING	UNKNOWN_OR_BUSINESS_DATA	UNKNOWN	1	1	USED
tmp_totalplanillatributos	.data_base/asgard.sql	21978	DB-TABLE-05DFB3324C2222	Physical table declared in .data_base/asgard.sql	Tabla candidata del dominio tmp: Tabla temporal o staging usada para calculos, reportes, importaciones o procesos intermedios. Por su nombre agrupa planilla o documento operativo/financiero generado. Tiene lectura y escritura observada, por lo que probablemente participa en un flujo transaccional activo.	SEMANTIC_REVERSE_ENGINEERING_CANDIDATE	SEMANTIC_INFERENCE_REVIEW_REQUIRED	tmp	TEMPORARY_OR_STAGING	UNKNOWN_OR_BUSINESS_DATA	UNKNOWN	1	1	USED
tmp_totalplanillaotros	.data_base/asgard.sql	22020	DB-TABLE-43EBC6ABCE5E10	Physical table declared in .data_base/asgard.sql	Tabla candidata del dominio tmp: Tabla temporal o staging usada para calculos, reportes, importaciones o procesos intermedios. Por su nombre agrupa planilla o documento operativo/financiero generado. Tiene lectura y escritura observada, por lo que probablemente participa en un flujo transaccional activo.	SEMANTIC_REVERSE_ENGINEERING_CANDIDATE	SEMANTIC_INFERENCE_REVIEW_REQUIRED	tmp	TEMPORARY_OR_STAGING	UNKNOWN_OR_BUSINESS_DATA	UNKNOWN	1	1	USED
tmp_totalplanillaagrupada	.data_base/asgard.sql	22063	DB-TABLE-9288B924D131DB	Physical table declared in .data_base/asgard.sql	Tabla candidata del dominio tmp: Tabla temporal o staging usada para calculos, reportes, importaciones o procesos intermedios. Por su nombre agrupa planilla o documento operativo/financiero generado. Tiene lectura y escritura observada, por lo que probablemente participa en un flujo transaccional activo.	SEMANTIC_REVERSE_ENGINEERING_CANDIDATE	SEMANTIC_INFERENCE_REVIEW_REQUIRED	tmp	TEMPORARY_OR_STAGING	UNKNOWN_OR_BUSINESS_DATA	UNKNOWN	1	1	USED
tmp_totalplanillaagrupadatributos	.data_base/asgard.sql	22086	DB-TABLE-7D20B00567574F	Physical table declared in .data_base/asgard.sql	Tabla candidata del dominio tmp: Tabla temporal o staging usada para calculos, reportes, importaciones o procesos intermedios. Por su nombre agrupa planilla o documento operativo/financiero generado. Tiene lectura y escritura observada, por lo que probablemente participa en un flujo transaccional activo.	SEMANTIC_REVERSE_ENGINEERING_CANDIDATE	SEMANTIC_INFERENCE_REVIEW_REQUIRED	tmp	TEMPORARY_OR_STAGING	UNKNOWN_OR_BUSINESS_DATA	UNKNOWN	1	1	USED
tmp_totalplanillaagrupadaotros	.data_base/asgard.sql	22111	DB-TABLE-7BE2EFD6BD7FA6	Physical table declared in .data_base/asgard.sql	Tabla candidata del dominio tmp: Tabla temporal o staging usada para calculos, reportes, importaciones o procesos intermedios. Por su nombre agrupa planilla o documento operativo/financiero generado. Tiene lectura y escritura observada, por lo que probablemente participa en un flujo transaccional activo.	SEMANTIC_REVERSE_ENGINEERING_CANDIDATE	SEMANTIC_INFERENCE_REVIEW_REQUIRED	tmp	TEMPORARY_OR_STAGING	UNKNOWN_OR_BUSINESS_DATA	UNKNOWN	1	1	USED
tmp_totalnotas	.data_base/asgard.sql	22137	DB-TABLE-B064F5906C97F5	Physical table declared in .data_base/asgard.sql	Tabla candidata del dominio tmp: Tabla temporal o staging usada para calculos, reportes, importaciones o procesos intermedios. Por su nombre agrupa entidad o catalogo legacy cuyo significado debe confirmarse por uso en codigo y datos. Tiene lectura y escritura observada, por lo que probablemente participa en un flujo transaccional activo.	SEMANTIC_REVERSE_ENGINEERING_CANDIDATE	SEMANTIC_INFERENCE_REVIEW_REQUIRED	tmp	TEMPORARY_OR_STAGING	UNKNOWN_OR_BUSINESS_DATA	UNKNOWN	1	1	USED
tmp_totalnotasagrupada	.data_base/asgard.sql	22160	DB-TABLE-B634DDF54AAE35	Physical table declared in .data_base/asgard.sql	Tabla candidata del dominio tmp: Tabla temporal o staging usada para calculos, reportes, importaciones o procesos intermedios. Por su nombre agrupa entidad o catalogo legacy cuyo significado debe confirmarse por uso en codigo y datos. Tiene lectura y escritura observada, por lo que probablemente participa en un flujo transaccional activo.	SEMANTIC_REVERSE_ENGINEERING_CANDIDATE	SEMANTIC_INFERENCE_REVIEW_REQUIRED	tmp	TEMPORARY_OR_STAGING	UNKNOWN_OR_BUSINESS_DATA	UNKNOWN	1	1	USED
tmp_cobrosfacturas	.data_base/asgard.sql	22185	DB-TABLE-AE1C284B721B86	Physical table declared in .data_base/asgard.sql	Tabla candidata del dominio tmp: Tabla temporal o staging usada para calculos, reportes, importaciones o procesos intermedios. Por su nombre agrupa facturas o documentos economicos/comerciales, factura o documento economico/comercial. Tiene lectura y escritura observada, por lo que probablemente participa en un flujo transaccional activo.	SEMANTIC_REVERSE_ENGINEERING_CANDIDATE	SEMANTIC_INFERENCE_REVIEW_REQUIRED	tmp	TEMPORARY_OR_STAGING	UNKNOWN_OR_BUSINESS_DATA	UNKNOWN	1	1	USED
tmp_cobrosfacturasagrupadas	.data_base/asgard.sql	22202	DB-TABLE-9558F6DC41EA92	Physical table declared in .data_base/asgard.sql	Tabla candidata del dominio tmp: Tabla temporal o staging usada para calculos, reportes, importaciones o procesos intermedios. Por su nombre agrupa facturas o documentos economicos/comerciales, factura o documento economico/comercial. Tiene lectura y escritura observada, por lo que probablemente participa en un flujo transaccional activo.	SEMANTIC_REVERSE_ENGINEERING_CANDIDATE	SEMANTIC_INFERENCE_REVIEW_REQUIRED	tmp	TEMPORARY_OR_STAGING	UNKNOWN_OR_BUSINESS_DATA	UNKNOWN	1	1	USED
tmp_cobrosplanillas	.data_base/asgard.sql	22220	DB-TABLE-BC1AD2634012CB	Physical table declared in .data_base/asgard.sql	Tabla candidata del dominio tmp: Tabla temporal o staging usada para calculos, reportes, importaciones o procesos intermedios. Por su nombre agrupa planilla o documento operativo/financiero generado. Tiene lectura y escritura observada, por lo que probablemente participa en un flujo transaccional activo.	SEMANTIC_REVERSE_ENGINEERING_CANDIDATE	SEMANTIC_INFERENCE_REVIEW_REQUIRED	tmp	TEMPORARY_OR_STAGING	UNKNOWN_OR_BUSINESS_DATA	UNKNOWN	1	1	USED
tmp_cobrosplanillastributos	.data_base/asgard.sql	22237	DB-TABLE-2CA9D453D562E9	Physical table declared in .data_base/asgard.sql	Tabla candidata del dominio tmp: Tabla temporal o staging usada para calculos, reportes, importaciones o procesos intermedios. Por su nombre agrupa planilla o documento operativo/financiero generado. Tiene lectura y escritura observada, por lo que probablemente participa en un flujo transaccional activo.	SEMANTIC_REVERSE_ENGINEERING_CANDIDATE	SEMANTIC_INFERENCE_REVIEW_REQUIRED	tmp	TEMPORARY_OR_STAGING	UNKNOWN_OR_BUSINESS_DATA	UNKNOWN	1	1	USED
tmp_cobrosplanillasotros	.data_base/asgard.sql	22255	DB-TABLE-0D86058B97AFF0	Physical table declared in .data_base/asgard.sql	Tabla candidata del dominio tmp: Tabla temporal o staging usada para calculos, reportes, importaciones o procesos intermedios. Por su nombre agrupa planilla o documento operativo/financiero generado. Tiene lectura y escritura observada, por lo que probablemente participa en un flujo transaccional activo.	SEMANTIC_REVERSE_ENGINEERING_CANDIDATE	SEMANTIC_INFERENCE_REVIEW_REQUIRED	tmp	TEMPORARY_OR_STAGING	UNKNOWN_OR_BUSINESS_DATA	UNKNOWN	1	1	USED
tmp_cobrosplanillasagrupadas	.data_base/asgard.sql	22279	DB-TABLE-A7B17663584E87	Physical table declared in .data_base/asgard.sql	Tabla candidata del dominio tmp: Tabla temporal o staging usada para calculos, reportes, importaciones o procesos intermedios. Por su nombre agrupa planilla o documento operativo/financiero generado. Tiene lectura y escritura observada, por lo que probablemente participa en un flujo transaccional activo.	SEMANTIC_REVERSE_ENGINEERING_CANDIDATE	SEMANTIC_INFERENCE_REVIEW_REQUIRED	tmp	TEMPORARY_OR_STAGING	UNKNOWN_OR_BUSINESS_DATA	UNKNOWN	1	1	USED
tmp_cobrosplanillasagrupadastributos	.data_base/asgard.sql	22297	DB-TABLE-C1CA4559FB8B53	Physical table declared in .data_base/asgard.sql	Tabla candidata del dominio tmp: Tabla temporal o staging usada para calculos, reportes, importaciones o procesos intermedios. Por su nombre agrupa planilla o documento operativo/financiero generado. Tiene lectura y escritura observada, por lo que probablemente participa en un flujo transaccional activo.	SEMANTIC_REVERSE_ENGINEERING_CANDIDATE	SEMANTIC_INFERENCE_REVIEW_REQUIRED	tmp	TEMPORARY_OR_STAGING	UNKNOWN_OR_BUSINESS_DATA	UNKNOWN	1	1	USED
tmp_cobrosplanillasagrupadasotros	.data_base/asgard.sql	22317	DB-TABLE-03FF4A51223039	Physical table declared in .data_base/asgard.sql	Tabla candidata del dominio tmp: Tabla temporal o staging usada para calculos, reportes, importaciones o procesos intermedios. Por su nombre agrupa planilla o documento operativo/financiero generado. Tiene lectura y escritura observada, por lo que probablemente participa en un flujo transaccional activo.	SEMANTIC_REVERSE_ENGINEERING_CANDIDATE	SEMANTIC_INFERENCE_REVIEW_REQUIRED	tmp	TEMPORARY_OR_STAGING	UNKNOWN_OR_BUSINESS_DATA	UNKNOWN	1	1	USED
tmp_cobrosdebitos	.data_base/asgard.sql	22341	DB-TABLE-BCCE2B7D8D2AB3	Physical table declared in .data_base/asgard.sql	Tabla candidata del dominio tmp: Tabla temporal o staging usada para calculos, reportes, importaciones o procesos intermedios. Por su nombre agrupa entidad o catalogo legacy cuyo significado debe confirmarse por uso en codigo y datos. Tiene lectura y escritura observada, por lo que probablemente participa en un flujo transaccional activo.	SEMANTIC_REVERSE_ENGINEERING_CANDIDATE	SEMANTIC_INFERENCE_REVIEW_REQUIRED	tmp	TEMPORARY_OR_STAGING	UNKNOWN_OR_BUSINESS_DATA	UNKNOWN	1	1	USED
tmp_cobrosdebitosagrupadas	.data_base/asgard.sql	22362	DB-TABLE-6C4442AC81F52D	Physical table declared in .data_base/asgard.sql	Tabla candidata del dominio tmp: Tabla temporal o staging usada para calculos, reportes, importaciones o procesos intermedios. Por su nombre agrupa entidad o catalogo legacy cuyo significado debe confirmarse por uso en codigo y datos. Tiene lectura y escritura observada, por lo que probablemente participa en un flujo transaccional activo.	SEMANTIC_REVERSE_ENGINEERING_CANDIDATE	SEMANTIC_INFERENCE_REVIEW_REQUIRED	tmp	TEMPORARY_OR_STAGING	UNKNOWN_OR_BUSINESS_DATA	UNKNOWN	1	1	USED
tmp_incobrablesfacturas	.data_base/asgard.sql	22380	DB-TABLE-B6C86790756A9C	Physical table declared in .data_base/asgard.sql	Tabla candidata del dominio tmp: Tabla temporal o staging usada para calculos, reportes, importaciones o procesos intermedios. Por su nombre agrupa facturas o documentos economicos/comerciales, factura o documento economico/comercial. Tiene lectura y escritura observada, por lo que probablemente participa en un flujo transaccional activo.	SEMANTIC_REVERSE_ENGINEERING_CANDIDATE	SEMANTIC_INFERENCE_REVIEW_REQUIRED	tmp	TEMPORARY_OR_STAGING	UNKNOWN_OR_BUSINESS_DATA	UNKNOWN	1	1	USED
tmp_incobrablesplanillas	.data_base/asgard.sql	22396	DB-TABLE-C2171521483A21	Physical table declared in .data_base/asgard.sql	Tabla candidata del dominio tmp: Tabla temporal o staging usada para calculos, reportes, importaciones o procesos intermedios. Por su nombre agrupa planilla o documento operativo/financiero generado. Tiene lectura y escritura observada, por lo que probablemente participa en un flujo transaccional activo.	SEMANTIC_REVERSE_ENGINEERING_CANDIDATE	SEMANTIC_INFERENCE_REVIEW_REQUIRED	tmp	TEMPORARY_OR_STAGING	UNKNOWN_OR_BUSINESS_DATA	UNKNOWN	1	1	USED
tmp_incobrablesplanillastributos	.data_base/asgard.sql	22413	DB-TABLE-937ED45763BB5E	Physical table declared in .data_base/asgard.sql	Tabla candidata del dominio tmp: Tabla temporal o staging usada para calculos, reportes, importaciones o procesos intermedios. Por su nombre agrupa planilla o documento operativo/financiero generado. Tiene lectura y escritura observada, por lo que probablemente participa en un flujo transaccional activo.	SEMANTIC_REVERSE_ENGINEERING_CANDIDATE	SEMANTIC_INFERENCE_REVIEW_REQUIRED	tmp	TEMPORARY_OR_STAGING	UNKNOWN_OR_BUSINESS_DATA	UNKNOWN	1	1	USED
tmp_incobrablesplanillasotros	.data_base/asgard.sql	22431	DB-TABLE-D8870209FC89F9	Physical table declared in .data_base/asgard.sql	Tabla candidata del dominio tmp: Tabla temporal o staging usada para calculos, reportes, importaciones o procesos intermedios. Por su nombre agrupa planilla o documento operativo/financiero generado. Tiene lectura y escritura observada, por lo que probablemente participa en un flujo transaccional activo.	SEMANTIC_REVERSE_ENGINEERING_CANDIDATE	SEMANTIC_INFERENCE_REVIEW_REQUIRED	tmp	TEMPORARY_OR_STAGING	UNKNOWN_OR_BUSINESS_DATA	UNKNOWN	1	1	USED
tmp_incobrablesdebitos	.data_base/asgard.sql	22450	DB-TABLE-8CD98963221F28	Physical table declared in .data_base/asgard.sql	Tabla candidata del dominio tmp: Tabla temporal o staging usada para calculos, reportes, importaciones o procesos intermedios. Por su nombre agrupa entidad o catalogo legacy cuyo significado debe confirmarse por uso en codigo y datos. Tiene lectura y escritura observada, por lo que probablemente participa en un flujo transaccional activo.	SEMANTIC_REVERSE_ENGINEERING_CANDIDATE	SEMANTIC_INFERENCE_REVIEW_REQUIRED	tmp	TEMPORARY_OR_STAGING	UNKNOWN_OR_BUSINESS_DATA	UNKNOWN	1	1	USED
tmp_cobros	.data_base/asgard.sql	22472	DB-TABLE-A70C36C04F4263	Physical table declared in .data_base/asgard.sql	Tabla candidata del dominio tmp: Tabla temporal o staging usada para calculos, reportes, importaciones o procesos intermedios. Por su nombre agrupa entidad o catalogo legacy cuyo significado debe confirmarse por uso en codigo y datos. Tiene escrituras observadas sin lecturas directas en la evidencia disponible; revisar si es staging, log o tabla consumida indirectamente.	SEMANTIC_REVERSE_ENGINEERING_CANDIDATE	SEMANTIC_INFERENCE_REVIEW_REQUIRED	tmp	TEMPORARY_OR_STAGING	UNKNOWN_OR_BUSINESS_DATA	UNKNOWN	0	1	USED
tmp_cobrosdesglosado	.data_base/asgard.sql	22636	DB-TABLE-798EFD9699B7E2	Physical table declared in .data_base/asgard.sql	Tabla candidata del dominio tmp: Tabla temporal o staging usada para calculos, reportes, importaciones o procesos intermedios. Por su nombre agrupa entidad o catalogo legacy cuyo significado debe confirmarse por uso en codigo y datos. Tiene lectura y escritura observada, por lo que probablemente participa en un flujo transaccional activo.	SEMANTIC_REVERSE_ENGINEERING_CANDIDATE	SEMANTIC_INFERENCE_REVIEW_REQUIRED	tmp	TEMPORARY_OR_STAGING	UNKNOWN_OR_BUSINESS_DATA	UNKNOWN	1	1	USED
tmp_cobrosdesglosadogeneral	.data_base/asgard.sql	22906	DB-TABLE-578A8BE58FE261	Physical table declared in .data_base/asgard.sql	Tabla candidata del dominio tmp: Tabla temporal o staging usada para calculos, reportes, importaciones o procesos intermedios. Por su nombre agrupa entidad o catalogo legacy cuyo significado debe confirmarse por uso en codigo y datos. Tiene escrituras observadas sin lecturas directas en la evidencia disponible; revisar si es staging, log o tabla consumida indirectamente.	SEMANTIC_REVERSE_ENGINEERING_CANDIDATE	SEMANTIC_INFERENCE_REVIEW_REQUIRED	tmp	TEMPORARY_OR_STAGING	UNKNOWN_OR_BUSINESS_DATA	UNKNOWN	0	1	USED
tmp_totalfactura	.data_base/asgard.sql	23170	DB-TABLE-302F85D74A30D7	Physical table declared in .data_base/asgard.sql	Tabla candidata del dominio tmp: Tabla temporal o staging usada para calculos, reportes, importaciones o procesos intermedios. Por su nombre agrupa factura o documento economico/comercial. Tiene lectura y escritura observada, por lo que probablemente participa en un flujo transaccional activo.	SEMANTIC_REVERSE_ENGINEERING_CANDIDATE	SEMANTIC_INFERENCE_REVIEW_REQUIRED	tmp	TEMPORARY_OR_STAGING	UNKNOWN_OR_BUSINESS_DATA	UNKNOWN	1	1	USED
tmp_totalplanilla	.data_base/asgard.sql	23186	DB-TABLE-DF2D0727A30D6C	Physical table declared in .data_base/asgard.sql	Tabla candidata del dominio tmp: Tabla temporal o staging usada para calculos, reportes, importaciones o procesos intermedios. Por su nombre agrupa planilla o documento operativo/financiero generado. Tiene lectura y escritura observada, por lo que probablemente participa en un flujo transaccional activo.	SEMANTIC_REVERSE_ENGINEERING_CANDIDATE	SEMANTIC_INFERENCE_REVIEW_REQUIRED	tmp	TEMPORARY_OR_STAGING	UNKNOWN_OR_BUSINESS_DATA	UNKNOWN	1	1	USED
tmp_totalplanillatributos	.data_base/asgard.sql	23227	DB-TABLE-D2E8753A7303BE	Physical table declared in .data_base/asgard.sql	Tabla candidata del dominio tmp: Tabla temporal o staging usada para calculos, reportes, importaciones o procesos intermedios. Por su nombre agrupa planilla o documento operativo/financiero generado. Tiene lectura y escritura observada, por lo que probablemente participa en un flujo transaccional activo.	SEMANTIC_REVERSE_ENGINEERING_CANDIDATE	SEMANTIC_INFERENCE_REVIEW_REQUIRED	tmp	TEMPORARY_OR_STAGING	UNKNOWN_OR_BUSINESS_DATA	UNKNOWN	1	1	USED
tmp_totalplanillaotros	.data_base/asgard.sql	23269	DB-TABLE-3B95ED4C3A02CB	Physical table declared in .data_base/asgard.sql	Tabla candidata del dominio tmp: Tabla temporal o staging usada para calculos, reportes, importaciones o procesos intermedios. Por su nombre agrupa planilla o documento operativo/financiero generado. Tiene lectura y escritura observada, por lo que probablemente participa en un flujo transaccional activo.	SEMANTIC_REVERSE_ENGINEERING_CANDIDATE	SEMANTIC_INFERENCE_REVIEW_REQUIRED	tmp	TEMPORARY_OR_STAGING	UNKNOWN_OR_BUSINESS_DATA	UNKNOWN	1	1	USED
tmp_totalnotas	.data_base/asgard.sql	23312	DB-TABLE-9EB24A904E6A88	Physical table declared in .data_base/asgard.sql	Tabla candidata del dominio tmp: Tabla temporal o staging usada para calculos, reportes, importaciones o procesos intermedios. Por su nombre agrupa entidad o catalogo legacy cuyo significado debe confirmarse por uso en codigo y datos. Tiene lectura y escritura observada, por lo que probablemente participa en un flujo transaccional activo.	SEMANTIC_REVERSE_ENGINEERING_CANDIDATE	SEMANTIC_INFERENCE_REVIEW_REQUIRED	tmp	TEMPORARY_OR_STAGING	UNKNOWN_OR_BUSINESS_DATA	UNKNOWN	1	1	USED
tmp_cobrosfacturas	.data_base/asgard.sql	23331	DB-TABLE-928090226DDF84	Physical table declared in .data_base/asgard.sql	Tabla candidata del dominio tmp: Tabla temporal o staging usada para calculos, reportes, importaciones o procesos intermedios. Por su nombre agrupa facturas o documentos economicos/comerciales, factura o documento economico/comercial. Tiene lectura y escritura observada, por lo que probablemente participa en un flujo transaccional activo.	SEMANTIC_REVERSE_ENGINEERING_CANDIDATE	SEMANTIC_INFERENCE_REVIEW_REQUIRED	tmp	TEMPORARY_OR_STAGING	UNKNOWN_OR_BUSINESS_DATA	UNKNOWN	1	1	USED
tmp_cobrosplanillas	.data_base/asgard.sql	23347	DB-TABLE-85473172099C81	Physical table declared in .data_base/asgard.sql	Tabla candidata del dominio tmp: Tabla temporal o staging usada para calculos, reportes, importaciones o procesos intermedios. Por su nombre agrupa planilla o documento operativo/financiero generado. Tiene lectura y escritura observada, por lo que probablemente participa en un flujo transaccional activo.	SEMANTIC_REVERSE_ENGINEERING_CANDIDATE	SEMANTIC_INFERENCE_REVIEW_REQUIRED	tmp	TEMPORARY_OR_STAGING	UNKNOWN_OR_BUSINESS_DATA	UNKNOWN	1	1	USED
tmp_cobrosplanillastributos	.data_base/asgard.sql	23364	DB-TABLE-88D2BF54A4C40B	Physical table declared in .data_base/asgard.sql	Tabla candidata del dominio tmp: Tabla temporal o staging usada para calculos, reportes, importaciones o procesos intermedios. Por su nombre agrupa planilla o documento operativo/financiero generado. Tiene lectura y escritura observada, por lo que probablemente participa en un flujo transaccional activo.	SEMANTIC_REVERSE_ENGINEERING_CANDIDATE	SEMANTIC_INFERENCE_REVIEW_REQUIRED	tmp	TEMPORARY_OR_STAGING	UNKNOWN_OR_BUSINESS_DATA	UNKNOWN	1	1	USED
tmp_cobrosplanillasotros	.data_base/asgard.sql	23382	DB-TABLE-D90F11B4A55BC9	Physical table declared in .data_base/asgard.sql	Tabla candidata del dominio tmp: Tabla temporal o staging usada para calculos, reportes, importaciones o procesos intermedios. Por su nombre agrupa planilla o documento operativo/financiero generado. Tiene lectura y escritura observada, por lo que probablemente participa en un flujo transaccional activo.	SEMANTIC_REVERSE_ENGINEERING_CANDIDATE	SEMANTIC_INFERENCE_REVIEW_REQUIRED	tmp	TEMPORARY_OR_STAGING	UNKNOWN_OR_BUSINESS_DATA	UNKNOWN	1	1	USED
tmp_cobrosdebitos	.data_base/asgard.sql	23402	DB-TABLE-5EBFC38EA48C19	Physical table declared in .data_base/asgard.sql	Tabla candidata del dominio tmp: Tabla temporal o staging usada para calculos, reportes, importaciones o procesos intermedios. Por su nombre agrupa entidad o catalogo legacy cuyo significado debe confirmarse por uso en codigo y datos. Tiene lectura y escritura observada, por lo que probablemente participa en un flujo transaccional activo.	SEMANTIC_REVERSE_ENGINEERING_CANDIDATE	SEMANTIC_INFERENCE_REVIEW_REQUIRED	tmp	TEMPORARY_OR_STAGING	UNKNOWN_OR_BUSINESS_DATA	UNKNOWN	1	1	USED
tmp_incobrablesfacturas	.data_base/asgard.sql	23425	DB-TABLE-533BC56F30E147	Physical table declared in .data_base/asgard.sql	Tabla candidata del dominio tmp: Tabla temporal o staging usada para calculos, reportes, importaciones o procesos intermedios. Por su nombre agrupa facturas o documentos economicos/comerciales, factura o documento economico/comercial. Tiene lectura y escritura observada, por lo que probablemente participa en un flujo transaccional activo.	SEMANTIC_REVERSE_ENGINEERING_CANDIDATE	SEMANTIC_INFERENCE_REVIEW_REQUIRED	tmp	TEMPORARY_OR_STAGING	UNKNOWN_OR_BUSINESS_DATA	UNKNOWN	1	1	USED
tmp_incobrablesplanillas	.data_base/asgard.sql	23441	DB-TABLE-BC8BF64A24CCD6	Physical table declared in .data_base/asgard.sql	Tabla candidata del dominio tmp: Tabla temporal o staging usada para calculos, reportes, importaciones o procesos intermedios. Por su nombre agrupa planilla o documento operativo/financiero generado. Tiene lectura y escritura observada, por lo que probablemente participa en un flujo transaccional activo.	SEMANTIC_REVERSE_ENGINEERING_CANDIDATE	SEMANTIC_INFERENCE_REVIEW_REQUIRED	tmp	TEMPORARY_OR_STAGING	UNKNOWN_OR_BUSINESS_DATA	UNKNOWN	1	1	USED
tmp_incobrablesplanillastributos	.data_base/asgard.sql	23458	DB-TABLE-6F207F2F681006	Physical table declared in .data_base/asgard.sql	Tabla candidata del dominio tmp: Tabla temporal o staging usada para calculos, reportes, importaciones o procesos intermedios. Por su nombre agrupa planilla o documento operativo/financiero generado. Tiene lectura y escritura observada, por lo que probablemente participa en un flujo transaccional activo.	SEMANTIC_REVERSE_ENGINEERING_CANDIDATE	SEMANTIC_INFERENCE_REVIEW_REQUIRED	tmp	TEMPORARY_OR_STAGING	UNKNOWN_OR_BUSINESS_DATA	UNKNOWN	1	1	USED
tmp_incobrablesplanillasotros	.data_base/asgard.sql	23476	DB-TABLE-D6147A98C9C75D	Physical table declared in .data_base/asgard.sql	Tabla candidata del dominio tmp: Tabla temporal o staging usada para calculos, reportes, importaciones o procesos intermedios. Por su nombre agrupa planilla o documento operativo/financiero generado. Tiene lectura y escritura observada, por lo que probablemente participa en un flujo transaccional activo.	SEMANTIC_REVERSE_ENGINEERING_CANDIDATE	SEMANTIC_INFERENCE_REVIEW_REQUIRED	tmp	TEMPORARY_OR_STAGING	UNKNOWN_OR_BUSINESS_DATA	UNKNOWN	1	1	USED
tmp_incobrablesdebitos	.data_base/asgard.sql	23495	DB-TABLE-5737F378E0CDE6	Physical table declared in .data_base/asgard.sql	Tabla candidata del dominio tmp: Tabla temporal o staging usada para calculos, reportes, importaciones o procesos intermedios. Por su nombre agrupa entidad o catalogo legacy cuyo significado debe confirmarse por uso en codigo y datos. Tiene lectura y escritura observada, por lo que probablemente participa en un flujo transaccional activo.	SEMANTIC_REVERSE_ENGINEERING_CANDIDATE	SEMANTIC_INFERENCE_REVIEW_REQUIRED	tmp	TEMPORARY_OR_STAGING	UNKNOWN_OR_BUSINESS_DATA	UNKNOWN	1	1	USED
tmp_cobros	.data_base/asgard.sql	23517	DB-TABLE-01A429686B0EBA	Physical table declared in .data_base/asgard.sql	Tabla candidata del dominio tmp: Tabla temporal o staging usada para calculos, reportes, importaciones o procesos intermedios. Por su nombre agrupa entidad o catalogo legacy cuyo significado debe confirmarse por uso en codigo y datos. Tiene escrituras observadas sin lecturas directas en la evidencia disponible; revisar si es staging, log o tabla consumida indirectamente.	SEMANTIC_REVERSE_ENGINEERING_CANDIDATE	SEMANTIC_INFERENCE_REVIEW_REQUIRED	tmp	TEMPORARY_OR_STAGING	UNKNOWN_OR_BUSINESS_DATA	UNKNOWN	0	1	USED
tmp_cobrosdesglosado	.data_base/asgard.sql	23590	DB-TABLE-8BD0364C68F901	Physical table declared in .data_base/asgard.sql	Tabla candidata del dominio tmp: Tabla temporal o staging usada para calculos, reportes, importaciones o procesos intermedios. Por su nombre agrupa entidad o catalogo legacy cuyo significado debe confirmarse por uso en codigo y datos. Tiene lectura y escritura observada, por lo que probablemente participa en un flujo transaccional activo.	SEMANTIC_REVERSE_ENGINEERING_CANDIDATE	SEMANTIC_INFERENCE_REVIEW_REQUIRED	tmp	TEMPORARY_OR_STAGING	UNKNOWN_OR_BUSINESS_DATA	UNKNOWN	1	1	USED
tmp_cobrosdesglosadogeneral	.data_base/asgard.sql	23744	DB-TABLE-C1217A76C96835	Physical table declared in .data_base/asgard.sql	Tabla candidata del dominio tmp: Tabla temporal o staging usada para calculos, reportes, importaciones o procesos intermedios. Por su nombre agrupa entidad o catalogo legacy cuyo significado debe confirmarse por uso en codigo y datos. Tiene escrituras observadas sin lecturas directas en la evidencia disponible; revisar si es staging, log o tabla consumida indirectamente.	SEMANTIC_REVERSE_ENGINEERING_CANDIDATE	SEMANTIC_INFERENCE_REVIEW_REQUIRED	tmp	TEMPORARY_OR_STAGING	UNKNOWN_OR_BUSINESS_DATA	UNKNOWN	0	1	USED
tmp_totalfactura	.data_base/asgard.sql	23916	DB-TABLE-2DDC776E8E3BD6	Physical table declared in .data_base/asgard.sql	Tabla candidata del dominio tmp: Tabla temporal o staging usada para calculos, reportes, importaciones o procesos intermedios. Por su nombre agrupa factura o documento economico/comercial. Tiene lectura y escritura observada, por lo que probablemente participa en un flujo transaccional activo.	SEMANTIC_REVERSE_ENGINEERING_CANDIDATE	SEMANTIC_INFERENCE_REVIEW_REQUIRED	tmp	TEMPORARY_OR_STAGING	UNKNOWN_OR_BUSINESS_DATA	UNKNOWN	1	1	USED
tmp_totalfacturaagrupada	.data_base/asgard.sql	23933	DB-TABLE-5F7E311C467291	Physical table declared in .data_base/asgard.sql	Tabla candidata del dominio tmp: Tabla temporal o staging usada para calculos, reportes, importaciones o procesos intermedios. Por su nombre agrupa factura o documento economico/comercial. Tiene lectura y escritura observada, por lo que probablemente participa en un flujo transaccional activo.	SEMANTIC_REVERSE_ENGINEERING_CANDIDATE	SEMANTIC_INFERENCE_REVIEW_REQUIRED	tmp	TEMPORARY_OR_STAGING	UNKNOWN_OR_BUSINESS_DATA	UNKNOWN	1	1	USED
tmp_totalplanilla	.data_base/asgard.sql	23954	DB-TABLE-EBD3DAFF0EB146	Physical table declared in .data_base/asgard.sql	Tabla candidata del dominio tmp: Tabla temporal o staging usada para calculos, reportes, importaciones o procesos intermedios. Por su nombre agrupa planilla o documento operativo/financiero generado. Tiene lectura y escritura observada, por lo que probablemente participa en un flujo transaccional activo.	SEMANTIC_REVERSE_ENGINEERING_CANDIDATE	SEMANTIC_INFERENCE_REVIEW_REQUIRED	tmp	TEMPORARY_OR_STAGING	UNKNOWN_OR_BUSINESS_DATA	UNKNOWN	1	1	USED
tmp_totalplanillatributos	.data_base/asgard.sql	23995	DB-TABLE-DF3E9CD97766C3	Physical table declared in .data_base/asgard.sql	Tabla candidata del dominio tmp: Tabla temporal o staging usada para calculos, reportes, importaciones o procesos intermedios. Por su nombre agrupa planilla o documento operativo/financiero generado. Tiene lectura y escritura observada, por lo que probablemente participa en un flujo transaccional activo.	SEMANTIC_REVERSE_ENGINEERING_CANDIDATE	SEMANTIC_INFERENCE_REVIEW_REQUIRED	tmp	TEMPORARY_OR_STAGING	UNKNOWN_OR_BUSINESS_DATA	UNKNOWN	1	1	USED
tmp_totalplanillaotros	.data_base/asgard.sql	24037	DB-TABLE-130E826C78CB08	Physical table declared in .data_base/asgard.sql	Tabla candidata del dominio tmp: Tabla temporal o staging usada para calculos, reportes, importaciones o procesos intermedios. Por su nombre agrupa planilla o documento operativo/financiero generado. Tiene lectura y escritura observada, por lo que probablemente participa en un flujo transaccional activo.	SEMANTIC_REVERSE_ENGINEERING_CANDIDATE	SEMANTIC_INFERENCE_REVIEW_REQUIRED	tmp	TEMPORARY_OR_STAGING	UNKNOWN_OR_BUSINESS_DATA	UNKNOWN	1	1	USED
tmp_totalplanillaagrupada	.data_base/asgard.sql	24080	DB-TABLE-9C8850F321D6A1	Physical table declared in .data_base/asgard.sql	Tabla candidata del dominio tmp: Tabla temporal o staging usada para calculos, reportes, importaciones o procesos intermedios. Por su nombre agrupa planilla o documento operativo/financiero generado. Tiene lectura y escritura observada, por lo que probablemente participa en un flujo transaccional activo.	SEMANTIC_REVERSE_ENGINEERING_CANDIDATE	SEMANTIC_INFERENCE_REVIEW_REQUIRED	tmp	TEMPORARY_OR_STAGING	UNKNOWN_OR_BUSINESS_DATA	UNKNOWN	1	1	USED
tmp_totalplanillaagrupadatributos	.data_base/asgard.sql	24100	DB-TABLE-21CA86040708B8	Physical table declared in .data_base/asgard.sql	Tabla candidata del dominio tmp: Tabla temporal o staging usada para calculos, reportes, importaciones o procesos intermedios. Por su nombre agrupa planilla o documento operativo/financiero generado. Tiene lectura y escritura observada, por lo que probablemente participa en un flujo transaccional activo.	SEMANTIC_REVERSE_ENGINEERING_CANDIDATE	SEMANTIC_INFERENCE_REVIEW_REQUIRED	tmp	TEMPORARY_OR_STAGING	UNKNOWN_OR_BUSINESS_DATA	UNKNOWN	1	1	USED
tmp_totalplanillaagrupadaotros	.data_base/asgard.sql	24122	DB-TABLE-F030CED1ADFB98	Physical table declared in .data_base/asgard.sql	Tabla candidata del dominio tmp: Tabla temporal o staging usada para calculos, reportes, importaciones o procesos intermedios. Por su nombre agrupa planilla o documento operativo/financiero generado. Tiene lectura y escritura observada, por lo que probablemente participa en un flujo transaccional activo.	SEMANTIC_REVERSE_ENGINEERING_CANDIDATE	SEMANTIC_INFERENCE_REVIEW_REQUIRED	tmp	TEMPORARY_OR_STAGING	UNKNOWN_OR_BUSINESS_DATA	UNKNOWN	1	1	USED
tmp_totalnotas	.data_base/asgard.sql	24145	DB-TABLE-6F42F9A220D9D7	Physical table declared in .data_base/asgard.sql	Tabla candidata del dominio tmp: Tabla temporal o staging usada para calculos, reportes, importaciones o procesos intermedios. Por su nombre agrupa entidad o catalogo legacy cuyo significado debe confirmarse por uso en codigo y datos. Tiene lectura y escritura observada, por lo que probablemente participa en un flujo transaccional activo.	SEMANTIC_REVERSE_ENGINEERING_CANDIDATE	SEMANTIC_INFERENCE_REVIEW_REQUIRED	tmp	TEMPORARY_OR_STAGING	UNKNOWN_OR_BUSINESS_DATA	UNKNOWN	1	1	USED
tmp_cobrosfacturas	.data_base/asgard.sql	24164	DB-TABLE-752193AF29C5AF	Physical table declared in .data_base/asgard.sql	Tabla candidata del dominio tmp: Tabla temporal o staging usada para calculos, reportes, importaciones o procesos intermedios. Por su nombre agrupa facturas o documentos economicos/comerciales, factura o documento economico/comercial. Tiene lectura y escritura observada, por lo que probablemente participa en un flujo transaccional activo.	SEMANTIC_REVERSE_ENGINEERING_CANDIDATE	SEMANTIC_INFERENCE_REVIEW_REQUIRED	tmp	TEMPORARY_OR_STAGING	UNKNOWN_OR_BUSINESS_DATA	UNKNOWN	1	1	USED
tmp_cobrosfacturasagrupadas	.data_base/asgard.sql	24181	DB-TABLE-11A6351B8C3856	Physical table declared in .data_base/asgard.sql	Tabla candidata del dominio tmp: Tabla temporal o staging usada para calculos, reportes, importaciones o procesos intermedios. Por su nombre agrupa facturas o documentos economicos/comerciales, factura o documento economico/comercial. Tiene lectura y escritura observada, por lo que probablemente participa en un flujo transaccional activo.	SEMANTIC_REVERSE_ENGINEERING_CANDIDATE	SEMANTIC_INFERENCE_REVIEW_REQUIRED	tmp	TEMPORARY_OR_STAGING	UNKNOWN_OR_BUSINESS_DATA	UNKNOWN	1	1	USED
tmp_cobrosplanillas	.data_base/asgard.sql	24199	DB-TABLE-3523DBFDA59B9D	Physical table declared in .data_base/asgard.sql	Tabla candidata del dominio tmp: Tabla temporal o staging usada para calculos, reportes, importaciones o procesos intermedios. Por su nombre agrupa planilla o documento operativo/financiero generado. Tiene lectura y escritura observada, por lo que probablemente participa en un flujo transaccional activo.	SEMANTIC_REVERSE_ENGINEERING_CANDIDATE	SEMANTIC_INFERENCE_REVIEW_REQUIRED	tmp	TEMPORARY_OR_STAGING	UNKNOWN_OR_BUSINESS_DATA	UNKNOWN	1	1	USED
tmp_cobrosplanillastributos	.data_base/asgard.sql	24216	DB-TABLE-933C50A5795B17	Physical table declared in .data_base/asgard.sql	Tabla candidata del dominio tmp: Tabla temporal o staging usada para calculos, reportes, importaciones o procesos intermedios. Por su nombre agrupa planilla o documento operativo/financiero generado. Tiene lectura y escritura observada, por lo que probablemente participa en un flujo transaccional activo.	SEMANTIC_REVERSE_ENGINEERING_CANDIDATE	SEMANTIC_INFERENCE_REVIEW_REQUIRED	tmp	TEMPORARY_OR_STAGING	UNKNOWN_OR_BUSINESS_DATA	UNKNOWN	1	1	USED
tmp_cobrosplanillasotros	.data_base/asgard.sql	24234	DB-TABLE-AB185919D8A72E	Physical table declared in .data_base/asgard.sql	Tabla candidata del dominio tmp: Tabla temporal o staging usada para calculos, reportes, importaciones o procesos intermedios. Por su nombre agrupa planilla o documento operativo/financiero generado. Tiene lectura y escritura observada, por lo que probablemente participa en un flujo transaccional activo.	SEMANTIC_REVERSE_ENGINEERING_CANDIDATE	SEMANTIC_INFERENCE_REVIEW_REQUIRED	tmp	TEMPORARY_OR_STAGING	UNKNOWN_OR_BUSINESS_DATA	UNKNOWN	1	1	USED
tmp_cobrosplanillasagrupadas	.data_base/asgard.sql	24258	DB-TABLE-5B3558BA09ACD0	Physical table declared in .data_base/asgard.sql	Tabla candidata del dominio tmp: Tabla temporal o staging usada para calculos, reportes, importaciones o procesos intermedios. Por su nombre agrupa planilla o documento operativo/financiero generado. Tiene lectura y escritura observada, por lo que probablemente participa en un flujo transaccional activo.	SEMANTIC_REVERSE_ENGINEERING_CANDIDATE	SEMANTIC_INFERENCE_REVIEW_REQUIRED	tmp	TEMPORARY_OR_STAGING	UNKNOWN_OR_BUSINESS_DATA	UNKNOWN	1	1	USED
tmp_cobrosplanillasagrupadastributos	.data_base/asgard.sql	24276	DB-TABLE-FF7104BE916B96	Physical table declared in .data_base/asgard.sql	Tabla candidata del dominio tmp: Tabla temporal o staging usada para calculos, reportes, importaciones o procesos intermedios. Por su nombre agrupa planilla o documento operativo/financiero generado. Tiene lectura y escritura observada, por lo que probablemente participa en un flujo transaccional activo.	SEMANTIC_REVERSE_ENGINEERING_CANDIDATE	SEMANTIC_INFERENCE_REVIEW_REQUIRED	tmp	TEMPORARY_OR_STAGING	UNKNOWN_OR_BUSINESS_DATA	UNKNOWN	1	1	USED
tmp_cobrosplanillasagrupadasotros	.data_base/asgard.sql	24296	DB-TABLE-8E35B209DAC0BA	Physical table declared in .data_base/asgard.sql	Tabla candidata del dominio tmp: Tabla temporal o staging usada para calculos, reportes, importaciones o procesos intermedios. Por su nombre agrupa planilla o documento operativo/financiero generado. Tiene lectura y escritura observada, por lo que probablemente participa en un flujo transaccional activo.	SEMANTIC_REVERSE_ENGINEERING_CANDIDATE	SEMANTIC_INFERENCE_REVIEW_REQUIRED	tmp	TEMPORARY_OR_STAGING	UNKNOWN_OR_BUSINESS_DATA	UNKNOWN	1	1	USED
tmp_cobrosdebitos	.data_base/asgard.sql	24320	DB-TABLE-BD84D35307E59A	Physical table declared in .data_base/asgard.sql	Tabla candidata del dominio tmp: Tabla temporal o staging usada para calculos, reportes, importaciones o procesos intermedios. Por su nombre agrupa entidad o catalogo legacy cuyo significado debe confirmarse por uso en codigo y datos. Tiene lectura y escritura observada, por lo que probablemente participa en un flujo transaccional activo.	SEMANTIC_REVERSE_ENGINEERING_CANDIDATE	SEMANTIC_INFERENCE_REVIEW_REQUIRED	tmp	TEMPORARY_OR_STAGING	UNKNOWN_OR_BUSINESS_DATA	UNKNOWN	1	1	USED
tmp_incobrablesfacturas	.data_base/asgard.sql	24343	DB-TABLE-8BDE2C4D5A6CAA	Physical table declared in .data_base/asgard.sql	Tabla candidata del dominio tmp: Tabla temporal o staging usada para calculos, reportes, importaciones o procesos intermedios. Por su nombre agrupa facturas o documentos economicos/comerciales, factura o documento economico/comercial. Tiene lectura y escritura observada, por lo que probablemente participa en un flujo transaccional activo.	SEMANTIC_REVERSE_ENGINEERING_CANDIDATE	SEMANTIC_INFERENCE_REVIEW_REQUIRED	tmp	TEMPORARY_OR_STAGING	UNKNOWN_OR_BUSINESS_DATA	UNKNOWN	1	1	USED
tmp_incobrablesplanillas	.data_base/asgard.sql	24359	DB-TABLE-D9AF89A0603232	Physical table declared in .data_base/asgard.sql	Tabla candidata del dominio tmp: Tabla temporal o staging usada para calculos, reportes, importaciones o procesos intermedios. Por su nombre agrupa planilla o documento operativo/financiero generado. Tiene lectura y escritura observada, por lo que probablemente participa en un flujo transaccional activo.	SEMANTIC_REVERSE_ENGINEERING_CANDIDATE	SEMANTIC_INFERENCE_REVIEW_REQUIRED	tmp	TEMPORARY_OR_STAGING	UNKNOWN_OR_BUSINESS_DATA	UNKNOWN	1	1	USED
tmp_incobrablesplanillastributos	.data_base/asgard.sql	24376	DB-TABLE-89E6532AE1E4D3	Physical table declared in .data_base/asgard.sql	Tabla candidata del dominio tmp: Tabla temporal o staging usada para calculos, reportes, importaciones o procesos intermedios. Por su nombre agrupa planilla o documento operativo/financiero generado. Tiene lectura y escritura observada, por lo que probablemente participa en un flujo transaccional activo.	SEMANTIC_REVERSE_ENGINEERING_CANDIDATE	SEMANTIC_INFERENCE_REVIEW_REQUIRED	tmp	TEMPORARY_OR_STAGING	UNKNOWN_OR_BUSINESS_DATA	UNKNOWN	1	1	USED
tmp_incobrablesplanillasotros	.data_base/asgard.sql	24394	DB-TABLE-EE961C081471C6	Physical table declared in .data_base/asgard.sql	Tabla candidata del dominio tmp: Tabla temporal o staging usada para calculos, reportes, importaciones o procesos intermedios. Por su nombre agrupa planilla o documento operativo/financiero generado. Tiene lectura y escritura observada, por lo que probablemente participa en un flujo transaccional activo.	SEMANTIC_REVERSE_ENGINEERING_CANDIDATE	SEMANTIC_INFERENCE_REVIEW_REQUIRED	tmp	TEMPORARY_OR_STAGING	UNKNOWN_OR_BUSINESS_DATA	UNKNOWN	1	1	USED
tmp_incobrablesdebitos	.data_base/asgard.sql	24413	DB-TABLE-5C94DC88D4D907	Physical table declared in .data_base/asgard.sql	Tabla candidata del dominio tmp: Tabla temporal o staging usada para calculos, reportes, importaciones o procesos intermedios. Por su nombre agrupa entidad o catalogo legacy cuyo significado debe confirmarse por uso en codigo y datos. Tiene lectura y escritura observada, por lo que probablemente participa en un flujo transaccional activo.	SEMANTIC_REVERSE_ENGINEERING_CANDIDATE	SEMANTIC_INFERENCE_REVIEW_REQUIRED	tmp	TEMPORARY_OR_STAGING	UNKNOWN_OR_BUSINESS_DATA	UNKNOWN	1	1	USED
tmp_cobros	.data_base/asgard.sql	24435	DB-TABLE-75346936347275	Physical table declared in .data_base/asgard.sql	Tabla candidata del dominio tmp: Tabla temporal o staging usada para calculos, reportes, importaciones o procesos intermedios. Por su nombre agrupa entidad o catalogo legacy cuyo significado debe confirmarse por uso en codigo y datos. Tiene escrituras observadas sin lecturas directas en la evidencia disponible; revisar si es staging, log o tabla consumida indirectamente.	SEMANTIC_REVERSE_ENGINEERING_CANDIDATE	SEMANTIC_INFERENCE_REVIEW_REQUIRED	tmp	TEMPORARY_OR_STAGING	UNKNOWN_OR_BUSINESS_DATA	UNKNOWN	0	1	USED
tmp_cobrosdesglosado	.data_base/asgard.sql	24542	DB-TABLE-C9B6F03A2FB3E8	Physical table declared in .data_base/asgard.sql	Tabla candidata del dominio tmp: Tabla temporal o staging usada para calculos, reportes, importaciones o procesos intermedios. Por su nombre agrupa entidad o catalogo legacy cuyo significado debe confirmarse por uso en codigo y datos. Tiene lectura y escritura observada, por lo que probablemente participa en un flujo transaccional activo.	SEMANTIC_REVERSE_ENGINEERING_CANDIDATE	SEMANTIC_INFERENCE_REVIEW_REQUIRED	tmp	TEMPORARY_OR_STAGING	UNKNOWN_OR_BUSINESS_DATA	UNKNOWN	1	1	USED
tmp_cobrosdesglosadogeneral	.data_base/asgard.sql	24772	DB-TABLE-4A9A040FE2BB2A	Physical table declared in .data_base/asgard.sql	Tabla candidata del dominio tmp: Tabla temporal o staging usada para calculos, reportes, importaciones o procesos intermedios. Por su nombre agrupa entidad o catalogo legacy cuyo significado debe confirmarse por uso en codigo y datos. Tiene escrituras observadas sin lecturas directas en la evidencia disponible; revisar si es staging, log o tabla consumida indirectamente.	SEMANTIC_REVERSE_ENGINEERING_CANDIDATE	SEMANTIC_INFERENCE_REVIEW_REQUIRED	tmp	TEMPORARY_OR_STAGING	UNKNOWN_OR_BUSINESS_DATA	UNKNOWN	0	1	USED
tmp_totalfactura	.data_base/asgard.sql	24997	DB-TABLE-742A35166703D1	Physical table declared in .data_base/asgard.sql	Tabla candidata del dominio tmp: Tabla temporal o staging usada para calculos, reportes, importaciones o procesos intermedios. Por su nombre agrupa factura o documento economico/comercial. Tiene lectura y escritura observada, por lo que probablemente participa en un flujo transaccional activo.	SEMANTIC_REVERSE_ENGINEERING_CANDIDATE	SEMANTIC_INFERENCE_REVIEW_REQUIRED	tmp	TEMPORARY_OR_STAGING	UNKNOWN_OR_BUSINESS_DATA	UNKNOWN	1	1	USED
tmp_casosagrupados	.data_base/asgard.sql	25016	DB-TABLE-E9D8A2DED9A598	Physical table declared in .data_base/asgard.sql	Tabla candidata del dominio tmp: Tabla temporal o staging usada para calculos, reportes, importaciones o procesos intermedios. Por su nombre agrupa entidad o catalogo legacy cuyo significado debe confirmarse por uso en codigo y datos. Tiene lectura y escritura observada, por lo que probablemente participa en un flujo transaccional activo.	SEMANTIC_REVERSE_ENGINEERING_CANDIDATE	SEMANTIC_INFERENCE_REVIEW_REQUIRED	tmp	TEMPORARY_OR_STAGING	UNKNOWN_OR_BUSINESS_DATA	UNKNOWN	1	1	USED
tmp_totalfacturaagrupada	.data_base/asgard.sql	25032	DB-TABLE-7B6552916E225C	Physical table declared in .data_base/asgard.sql	Tabla candidata del dominio tmp: Tabla temporal o staging usada para calculos, reportes, importaciones o procesos intermedios. Por su nombre agrupa factura o documento economico/comercial. Tiene lectura y escritura observada, por lo que probablemente participa en un flujo transaccional activo.	SEMANTIC_REVERSE_ENGINEERING_CANDIDATE	SEMANTIC_INFERENCE_REVIEW_REQUIRED	tmp	TEMPORARY_OR_STAGING	UNKNOWN_OR_BUSINESS_DATA	UNKNOWN	1	1	USED
tmp_totalplanilla	.data_base/asgard.sql	25053	DB-TABLE-99982D208316F2	Physical table declared in .data_base/asgard.sql	Tabla candidata del dominio tmp: Tabla temporal o staging usada para calculos, reportes, importaciones o procesos intermedios. Por su nombre agrupa planilla o documento operativo/financiero generado. Tiene lectura y escritura observada, por lo que probablemente participa en un flujo transaccional activo.	SEMANTIC_REVERSE_ENGINEERING_CANDIDATE	SEMANTIC_INFERENCE_REVIEW_REQUIRED	tmp	TEMPORARY_OR_STAGING	UNKNOWN_OR_BUSINESS_DATA	UNKNOWN	1	1	USED
tmp_totalplanillatributos	.data_base/asgard.sql	25097	DB-TABLE-596E3FD2F900D4	Physical table declared in .data_base/asgard.sql	Tabla candidata del dominio tmp: Tabla temporal o staging usada para calculos, reportes, importaciones o procesos intermedios. Por su nombre agrupa planilla o documento operativo/financiero generado. Tiene lectura y escritura observada, por lo que probablemente participa en un flujo transaccional activo.	SEMANTIC_REVERSE_ENGINEERING_CANDIDATE	SEMANTIC_INFERENCE_REVIEW_REQUIRED	tmp	TEMPORARY_OR_STAGING	UNKNOWN_OR_BUSINESS_DATA	UNKNOWN	1	1	USED
tmp_totalplanillaotros	.data_base/asgard.sql	25141	DB-TABLE-CC6A9C5D7D72E9	Physical table declared in .data_base/asgard.sql	Tabla candidata del dominio tmp: Tabla temporal o staging usada para calculos, reportes, importaciones o procesos intermedios. Por su nombre agrupa planilla o documento operativo/financiero generado. Tiene lectura y escritura observada, por lo que probablemente participa en un flujo transaccional activo.	SEMANTIC_REVERSE_ENGINEERING_CANDIDATE	SEMANTIC_INFERENCE_REVIEW_REQUIRED	tmp	TEMPORARY_OR_STAGING	UNKNOWN_OR_BUSINESS_DATA	UNKNOWN	1	1	USED
tmp_totalplanillaagrupada	.data_base/asgard.sql	25187	DB-TABLE-C4CB02438F3548	Physical table declared in .data_base/asgard.sql	Tabla candidata del dominio tmp: Tabla temporal o staging usada para calculos, reportes, importaciones o procesos intermedios. Por su nombre agrupa planilla o documento operativo/financiero generado. Tiene lectura y escritura observada, por lo que probablemente participa en un flujo transaccional activo.	SEMANTIC_REVERSE_ENGINEERING_CANDIDATE	SEMANTIC_INFERENCE_REVIEW_REQUIRED	tmp	TEMPORARY_OR_STAGING	UNKNOWN_OR_BUSINESS_DATA	UNKNOWN	1	1	USED
tmp_totalplanillaagrupadatributos	.data_base/asgard.sql	25212	DB-TABLE-78074BEB6EB1ED	Physical table declared in .data_base/asgard.sql	Tabla candidata del dominio tmp: Tabla temporal o staging usada para calculos, reportes, importaciones o procesos intermedios. Por su nombre agrupa planilla o documento operativo/financiero generado. Tiene lectura y escritura observada, por lo que probablemente participa en un flujo transaccional activo.	SEMANTIC_REVERSE_ENGINEERING_CANDIDATE	SEMANTIC_INFERENCE_REVIEW_REQUIRED	tmp	TEMPORARY_OR_STAGING	UNKNOWN_OR_BUSINESS_DATA	UNKNOWN	1	1	USED
tmp_totalplanillaagrupadaotros	.data_base/asgard.sql	25239	DB-TABLE-6A5C9ADE46E6BA	Physical table declared in .data_base/asgard.sql	Tabla candidata del dominio tmp: Tabla temporal o staging usada para calculos, reportes, importaciones o procesos intermedios. Por su nombre agrupa planilla o documento operativo/financiero generado. Tiene lectura y escritura observada, por lo que probablemente participa en un flujo transaccional activo.	SEMANTIC_REVERSE_ENGINEERING_CANDIDATE	SEMANTIC_INFERENCE_REVIEW_REQUIRED	tmp	TEMPORARY_OR_STAGING	UNKNOWN_OR_BUSINESS_DATA	UNKNOWN	1	1	USED
tmp_totalnotas	.data_base/asgard.sql	25267	DB-TABLE-AC63411A0947BF	Physical table declared in .data_base/asgard.sql	Tabla candidata del dominio tmp: Tabla temporal o staging usada para calculos, reportes, importaciones o procesos intermedios. Por su nombre agrupa entidad o catalogo legacy cuyo significado debe confirmarse por uso en codigo y datos. Tiene lectura y escritura observada, por lo que probablemente participa en un flujo transaccional activo.	SEMANTIC_REVERSE_ENGINEERING_CANDIDATE	SEMANTIC_INFERENCE_REVIEW_REQUIRED	tmp	TEMPORARY_OR_STAGING	UNKNOWN_OR_BUSINESS_DATA	UNKNOWN	1	1	USED
tmp_totalnotasagrupada	.data_base/asgard.sql	25294	DB-TABLE-DAE2D9B67B184B	Physical table declared in .data_base/asgard.sql	Tabla candidata del dominio tmp: Tabla temporal o staging usada para calculos, reportes, importaciones o procesos intermedios. Por su nombre agrupa entidad o catalogo legacy cuyo significado debe confirmarse por uso en codigo y datos. Tiene lectura y escritura observada, por lo que probablemente participa en un flujo transaccional activo.	SEMANTIC_REVERSE_ENGINEERING_CANDIDATE	SEMANTIC_INFERENCE_REVIEW_REQUIRED	tmp	TEMPORARY_OR_STAGING	UNKNOWN_OR_BUSINESS_DATA	UNKNOWN	1	1	USED
tmp_cobrosfacturas	.data_base/asgard.sql	25320	DB-TABLE-436431D406C0B1	Physical table declared in .data_base/asgard.sql	Tabla candidata del dominio tmp: Tabla temporal o staging usada para calculos, reportes, importaciones o procesos intermedios. Por su nombre agrupa facturas o documentos economicos/comerciales, factura o documento economico/comercial. Tiene lectura y escritura observada, por lo que probablemente participa en un flujo transaccional activo.	SEMANTIC_REVERSE_ENGINEERING_CANDIDATE	SEMANTIC_INFERENCE_REVIEW_REQUIRED	tmp	TEMPORARY_OR_STAGING	UNKNOWN_OR_BUSINESS_DATA	UNKNOWN	1	1	USED
tmp_cobrosfacturasagrupadas	.data_base/asgard.sql	25339	DB-TABLE-7F6AC2CAC41E34	Physical table declared in .data_base/asgard.sql	Tabla candidata del dominio tmp: Tabla temporal o staging usada para calculos, reportes, importaciones o procesos intermedios. Por su nombre agrupa facturas o documentos economicos/comerciales, factura o documento economico/comercial. Tiene lectura y escritura observada, por lo que probablemente participa en un flujo transaccional activo.	SEMANTIC_REVERSE_ENGINEERING_CANDIDATE	SEMANTIC_INFERENCE_REVIEW_REQUIRED	tmp	TEMPORARY_OR_STAGING	UNKNOWN_OR_BUSINESS_DATA	UNKNOWN	1	1	USED
tmp_cobrosplanillas	.data_base/asgard.sql	25357	DB-TABLE-B0C65B081D626F	Physical table declared in .data_base/asgard.sql	Tabla candidata del dominio tmp: Tabla temporal o staging usada para calculos, reportes, importaciones o procesos intermedios. Por su nombre agrupa planilla o documento operativo/financiero generado. Tiene lectura y escritura observada, por lo que probablemente participa en un flujo transaccional activo.	SEMANTIC_REVERSE_ENGINEERING_CANDIDATE	SEMANTIC_INFERENCE_REVIEW_REQUIRED	tmp	TEMPORARY_OR_STAGING	UNKNOWN_OR_BUSINESS_DATA	UNKNOWN	1	1	USED
tmp_cobrosplanillastributos	.data_base/asgard.sql	25374	DB-TABLE-6A4652813827A7	Physical table declared in .data_base/asgard.sql	Tabla candidata del dominio tmp: Tabla temporal o staging usada para calculos, reportes, importaciones o procesos intermedios. Por su nombre agrupa planilla o documento operativo/financiero generado. Tiene lectura y escritura observada, por lo que probablemente participa en un flujo transaccional activo.	SEMANTIC_REVERSE_ENGINEERING_CANDIDATE	SEMANTIC_INFERENCE_REVIEW_REQUIRED	tmp	TEMPORARY_OR_STAGING	UNKNOWN_OR_BUSINESS_DATA	UNKNOWN	1	1	USED
tmp_cobrosplanillasotros	.data_base/asgard.sql	25392	DB-TABLE-A0C24C9DACC9DC	Physical table declared in .data_base/asgard.sql	Tabla candidata del dominio tmp: Tabla temporal o staging usada para calculos, reportes, importaciones o procesos intermedios. Por su nombre agrupa planilla o documento operativo/financiero generado. Tiene lectura y escritura observada, por lo que probablemente participa en un flujo transaccional activo.	SEMANTIC_REVERSE_ENGINEERING_CANDIDATE	SEMANTIC_INFERENCE_REVIEW_REQUIRED	tmp	TEMPORARY_OR_STAGING	UNKNOWN_OR_BUSINESS_DATA	UNKNOWN	1	1	USED
tmp_cobrosplanillasagrupadas	.data_base/asgard.sql	25416	DB-TABLE-D4B03A02378C9B	Physical table declared in .data_base/asgard.sql	Tabla candidata del dominio tmp: Tabla temporal o staging usada para calculos, reportes, importaciones o procesos intermedios. Por su nombre agrupa planilla o documento operativo/financiero generado. Tiene lectura y escritura observada, por lo que probablemente participa en un flujo transaccional activo.	SEMANTIC_REVERSE_ENGINEERING_CANDIDATE	SEMANTIC_INFERENCE_REVIEW_REQUIRED	tmp	TEMPORARY_OR_STAGING	UNKNOWN_OR_BUSINESS_DATA	UNKNOWN	1	1	USED
tmp_cobrosplanillasagrupadastributos	.data_base/asgard.sql	25434	DB-TABLE-812171825AD51B	Physical table declared in .data_base/asgard.sql	Tabla candidata del dominio tmp: Tabla temporal o staging usada para calculos, reportes, importaciones o procesos intermedios. Por su nombre agrupa planilla o documento operativo/financiero generado. Tiene lectura y escritura observada, por lo que probablemente participa en un flujo transaccional activo.	SEMANTIC_REVERSE_ENGINEERING_CANDIDATE	SEMANTIC_INFERENCE_REVIEW_REQUIRED	tmp	TEMPORARY_OR_STAGING	UNKNOWN_OR_BUSINESS_DATA	UNKNOWN	1	1	USED
tmp_cobrosplanillasagrupadasotros	.data_base/asgard.sql	25454	DB-TABLE-915B36644E5815	Physical table declared in .data_base/asgard.sql	Tabla candidata del dominio tmp: Tabla temporal o staging usada para calculos, reportes, importaciones o procesos intermedios. Por su nombre agrupa planilla o documento operativo/financiero generado. Tiene lectura y escritura observada, por lo que probablemente participa en un flujo transaccional activo.	SEMANTIC_REVERSE_ENGINEERING_CANDIDATE	SEMANTIC_INFERENCE_REVIEW_REQUIRED	tmp	TEMPORARY_OR_STAGING	UNKNOWN_OR_BUSINESS_DATA	UNKNOWN	1	1	USED
tmp_cobrosdebitos	.data_base/asgard.sql	25478	DB-TABLE-E6BC8CB9B49FCF	Physical table declared in .data_base/asgard.sql	Tabla candidata del dominio tmp: Tabla temporal o staging usada para calculos, reportes, importaciones o procesos intermedios. Por su nombre agrupa entidad o catalogo legacy cuyo significado debe confirmarse por uso en codigo y datos. Tiene lectura y escritura observada, por lo que probablemente participa en un flujo transaccional activo.	SEMANTIC_REVERSE_ENGINEERING_CANDIDATE	SEMANTIC_INFERENCE_REVIEW_REQUIRED	tmp	TEMPORARY_OR_STAGING	UNKNOWN_OR_BUSINESS_DATA	UNKNOWN	1	1	USED
tmp_cobrosdebitosagrupadas	.data_base/asgard.sql	25499	DB-TABLE-8D7037F5F31123	Physical table declared in .data_base/asgard.sql	Tabla candidata del dominio tmp: Tabla temporal o staging usada para calculos, reportes, importaciones o procesos intermedios. Por su nombre agrupa entidad o catalogo legacy cuyo significado debe confirmarse por uso en codigo y datos. Tiene lectura y escritura observada, por lo que probablemente participa en un flujo transaccional activo.	SEMANTIC_REVERSE_ENGINEERING_CANDIDATE	SEMANTIC_INFERENCE_REVIEW_REQUIRED	tmp	TEMPORARY_OR_STAGING	UNKNOWN_OR_BUSINESS_DATA	UNKNOWN	1	1	USED
tmp_incobrablesfacturas	.data_base/asgard.sql	25517	DB-TABLE-4665ABC3904A1D	Physical table declared in .data_base/asgard.sql	Tabla candidata del dominio tmp: Tabla temporal o staging usada para calculos, reportes, importaciones o procesos intermedios. Por su nombre agrupa facturas o documentos economicos/comerciales, factura o documento economico/comercial. Tiene lectura y escritura observada, por lo que probablemente participa en un flujo transaccional activo.	SEMANTIC_REVERSE_ENGINEERING_CANDIDATE	SEMANTIC_INFERENCE_REVIEW_REQUIRED	tmp	TEMPORARY_OR_STAGING	UNKNOWN_OR_BUSINESS_DATA	UNKNOWN	1	1	USED
tmp_incobrablesplanillas	.data_base/asgard.sql	25533	DB-TABLE-8A6E61393E6F50	Physical table declared in .data_base/asgard.sql	Tabla candidata del dominio tmp: Tabla temporal o staging usada para calculos, reportes, importaciones o procesos intermedios. Por su nombre agrupa planilla o documento operativo/financiero generado. Tiene lectura y escritura observada, por lo que probablemente participa en un flujo transaccional activo.	SEMANTIC_REVERSE_ENGINEERING_CANDIDATE	SEMANTIC_INFERENCE_REVIEW_REQUIRED	tmp	TEMPORARY_OR_STAGING	UNKNOWN_OR_BUSINESS_DATA	UNKNOWN	1	1	USED
tmp_incobrablesplanillastributos	.data_base/asgard.sql	25550	DB-TABLE-3D1C980286F9BC	Physical table declared in .data_base/asgard.sql	Tabla candidata del dominio tmp: Tabla temporal o staging usada para calculos, reportes, importaciones o procesos intermedios. Por su nombre agrupa planilla o documento operativo/financiero generado. Tiene lectura y escritura observada, por lo que probablemente participa en un flujo transaccional activo.	SEMANTIC_REVERSE_ENGINEERING_CANDIDATE	SEMANTIC_INFERENCE_REVIEW_REQUIRED	tmp	TEMPORARY_OR_STAGING	UNKNOWN_OR_BUSINESS_DATA	UNKNOWN	1	1	USED
tmp_incobrablesplanillasotros	.data_base/asgard.sql	25568	DB-TABLE-D89DD0F54DFE95	Physical table declared in .data_base/asgard.sql	Tabla candidata del dominio tmp: Tabla temporal o staging usada para calculos, reportes, importaciones o procesos intermedios. Por su nombre agrupa planilla o documento operativo/financiero generado. Tiene lectura y escritura observada, por lo que probablemente participa en un flujo transaccional activo.	SEMANTIC_REVERSE_ENGINEERING_CANDIDATE	SEMANTIC_INFERENCE_REVIEW_REQUIRED	tmp	TEMPORARY_OR_STAGING	UNKNOWN_OR_BUSINESS_DATA	UNKNOWN	1	1	USED
tmp_incobrablesdebitos	.data_base/asgard.sql	25587	DB-TABLE-8733F45F0896DE	Physical table declared in .data_base/asgard.sql	Tabla candidata del dominio tmp: Tabla temporal o staging usada para calculos, reportes, importaciones o procesos intermedios. Por su nombre agrupa entidad o catalogo legacy cuyo significado debe confirmarse por uso en codigo y datos. Tiene lectura y escritura observada, por lo que probablemente participa en un flujo transaccional activo.	SEMANTIC_REVERSE_ENGINEERING_CANDIDATE	SEMANTIC_INFERENCE_REVIEW_REQUIRED	tmp	TEMPORARY_OR_STAGING	UNKNOWN_OR_BUSINESS_DATA	UNKNOWN	1	1	USED
tmp_cobros	.data_base/asgard.sql	25609	DB-TABLE-0F0ED9093B810D	Physical table declared in .data_base/asgard.sql	Tabla candidata del dominio tmp: Tabla temporal o staging usada para calculos, reportes, importaciones o procesos intermedios. Por su nombre agrupa entidad o catalogo legacy cuyo significado debe confirmarse por uso en codigo y datos. Tiene escrituras observadas sin lecturas directas en la evidencia disponible; revisar si es staging, log o tabla consumida indirectamente.	SEMANTIC_REVERSE_ENGINEERING_CANDIDATE	SEMANTIC_INFERENCE_REVIEW_REQUIRED	tmp	TEMPORARY_OR_STAGING	UNKNOWN_OR_BUSINESS_DATA	UNKNOWN	0	1	USED
tmp_cobrosdesglosado	.data_base/asgard.sql	25774	DB-TABLE-081850595D9D70	Physical table declared in .data_base/asgard.sql	Tabla candidata del dominio tmp: Tabla temporal o staging usada para calculos, reportes, importaciones o procesos intermedios. Por su nombre agrupa entidad o catalogo legacy cuyo significado debe confirmarse por uso en codigo y datos. Tiene lectura y escritura observada, por lo que probablemente participa en un flujo transaccional activo.	SEMANTIC_REVERSE_ENGINEERING_CANDIDATE	SEMANTIC_INFERENCE_REVIEW_REQUIRED	tmp	TEMPORARY_OR_STAGING	UNKNOWN_OR_BUSINESS_DATA	UNKNOWN	1	1	USED
tmp_cobrosdesglosadogeneral	.data_base/asgard.sql	26047	DB-TABLE-AD84E1FE89220E	Physical table declared in .data_base/asgard.sql	Tabla candidata del dominio tmp: Tabla temporal o staging usada para calculos, reportes, importaciones o procesos intermedios. Por su nombre agrupa entidad o catalogo legacy cuyo significado debe confirmarse por uso en codigo y datos. Tiene escrituras observadas sin lecturas directas en la evidencia disponible; revisar si es staging, log o tabla consumida indirectamente.	SEMANTIC_REVERSE_ENGINEERING_CANDIDATE	SEMANTIC_INFERENCE_REVIEW_REQUIRED	tmp	TEMPORARY_OR_STAGING	UNKNOWN_OR_BUSINESS_DATA	UNKNOWN	0	1	USED
tmp_faltadocumentoscliente	.data_base/asgard.sql	26328	DB-TABLE-8E75283F623FEF	Physical table declared in .data_base/asgard.sql	Tabla candidata del dominio tmp: Tabla temporal o staging usada para calculos, reportes, importaciones o procesos intermedios. Por su nombre agrupa documentos o soportes asociados al expediente, documento o soporte asociado al expediente, cliente/tenant propietario de la operacion o filtro de visibilidad. Tiene lectura y escritura observada, por lo que probablemente participa en un flujo transaccional activo.	SEMANTIC_REVERSE_ENGINEERING_CANDIDATE	SEMANTIC_INFERENCE_REVIEW_REQUIRED	tmp	TEMPORARY_OR_STAGING	UNKNOWN_OR_BUSINESS_DATA	UNKNOWN	1	1	USED
tmp_faltadocumentosagencia	.data_base/asgard.sql	26374	DB-TABLE-C82ADC03985E75	Physical table declared in .data_base/asgard.sql	Tabla candidata del dominio tmp: Tabla temporal o staging usada para calculos, reportes, importaciones o procesos intermedios. Por su nombre agrupa documentos o soportes asociados al expediente, documento o soporte asociado al expediente. Tiene lectura y escritura observada, por lo que probablemente participa en un flujo transaccional activo.	SEMANTIC_REVERSE_ENGINEERING_CANDIDATE	SEMANTIC_INFERENCE_REVIEW_REQUIRED	tmp	TEMPORARY_OR_STAGING	LIKELY_PERSONAL_OR_SENSITIVE	UNKNOWN	1	1	USED
tmp_deteriorodocumentos	.data_base/asgard.sql	26421	DB-TABLE-4AC7B071575825	Physical table declared in .data_base/asgard.sql	Tabla candidata del dominio tmp: Tabla temporal o staging usada para calculos, reportes, importaciones o procesos intermedios. Por su nombre agrupa documentos o soportes asociados al expediente, documento o soporte asociado al expediente. Tiene lectura y escritura observada, por lo que probablemente participa en un flujo transaccional activo.	SEMANTIC_REVERSE_ENGINEERING_CANDIDATE	SEMANTIC_INFERENCE_REVIEW_REQUIRED	tmp	TEMPORARY_OR_STAGING	UNKNOWN_OR_BUSINESS_DATA	UNKNOWN	1	1	USED
tmp_errordocumentos	.data_base/asgard.sql	26463	DB-TABLE-9CD8ECB6A61173	Physical table declared in .data_base/asgard.sql	Tabla candidata del dominio tmp: Tabla temporal o staging usada para calculos, reportes, importaciones o procesos intermedios. Por su nombre agrupa documentos o soportes asociados al expediente, documento o soporte asociado al expediente. Tiene lectura y escritura observada, por lo que probablemente participa en un flujo transaccional activo.	SEMANTIC_REVERSE_ENGINEERING_CANDIDATE	SEMANTIC_INFERENCE_REVIEW_REQUIRED	tmp	TEMPORARY_OR_STAGING	UNKNOWN_OR_BUSINESS_DATA	UNKNOWN	1	1	USED
tmp_form164	.data_base/asgard.sql	26506	DB-TABLE-268D2199D7FEBB	Physical table declared in .data_base/asgard.sql	Tabla candidata del dominio tmp: Tabla temporal o staging usada para calculos, reportes, importaciones o procesos intermedios. Por su nombre agrupa entidad o catalogo legacy cuyo significado debe confirmarse por uso en codigo y datos. Tiene lectura y escritura observada, por lo que probablemente participa en un flujo transaccional activo.	SEMANTIC_REVERSE_ENGINEERING_CANDIDATE	SEMANTIC_INFERENCE_REVIEW_REQUIRED	tmp	TEMPORARY_OR_STAGING	UNKNOWN_OR_BUSINESS_DATA	UNKNOWN	1	1	USED
tmp_archivo	.data_base/asgard.sql	26550	DB-TABLE-01AFA205DD461C	Physical table declared in .data_base/asgard.sql	Tabla candidata del dominio tmp: Tabla temporal o staging usada para calculos, reportes, importaciones o procesos intermedios. Por su nombre agrupa entidad o catalogo legacy cuyo significado debe confirmarse por uso en codigo y datos. Tiene lectura y escritura observada, por lo que probablemente participa en un flujo transaccional activo.	SEMANTIC_REVERSE_ENGINEERING_CANDIDATE	SEMANTIC_INFERENCE_REVIEW_REQUIRED	tmp	TEMPORARY_OR_STAGING	UNKNOWN_OR_BUSINESS_DATA	UNKNOWN	1	1	USED
tmp_chasis	.data_base/asgard.sql	27276	DB-TABLE-0AE7D806137347	Physical table declared in .data_base/asgard.sql	Tabla candidata del dominio tmp: Tabla temporal o staging usada para calculos, reportes, importaciones o procesos intermedios. Por su nombre agrupa entidad o catalogo legacy cuyo significado debe confirmarse por uso en codigo y datos. Tiene lectura y escritura observada, por lo que probablemente participa en un flujo transaccional activo.	SEMANTIC_REVERSE_ENGINEERING_CANDIDATE	SEMANTIC_INFERENCE_REVIEW_REQUIRED	tmp	TEMPORARY_OR_STAGING	UNKNOWN_OR_BUSINESS_DATA	UNKNOWN	1	1	USED
tmp_facturacomercial	.data_base/asgard.sql	27305	DB-TABLE-ED6A9B174B5DA5	Physical table declared in .data_base/asgard.sql	Tabla candidata del dominio tmp: Tabla temporal o staging usada para calculos, reportes, importaciones o procesos intermedios. Por su nombre agrupa factura o documento economico/comercial. Tiene lectura y escritura observada, por lo que probablemente participa en un flujo transaccional activo.	SEMANTIC_REVERSE_ENGINEERING_CANDIDATE	SEMANTIC_INFERENCE_REVIEW_REQUIRED	tmp	TEMPORARY_OR_STAGING	LIKELY_PERSONAL_OR_SENSITIVE	UNKNOWN	1	1	USED
tmp_billlading	.data_base/asgard.sql	27323	DB-TABLE-6022A3F75724EE	Physical table declared in .data_base/asgard.sql	Tabla candidata del dominio tmp: Tabla temporal o staging usada para calculos, reportes, importaciones o procesos intermedios. Por su nombre agrupa entidad o catalogo legacy cuyo significado debe confirmarse por uso en codigo y datos. Tiene lectura y escritura observada, por lo que probablemente participa en un flujo transaccional activo.	SEMANTIC_REVERSE_ENGINEERING_CANDIDATE	SEMANTIC_INFERENCE_REVIEW_REQUIRED	tmp	TEMPORARY_OR_STAGING	UNKNOWN_OR_BUSINESS_DATA	UNKNOWN	1	1	USED
tmp_edparchivado	.data_base/asgard.sql	27340	DB-TABLE-70024A02E7A836	Physical table declared in .data_base/asgard.sql	Tabla candidata del dominio tmp: Tabla temporal o staging usada para calculos, reportes, importaciones o procesos intermedios. Por su nombre agrupa entidad o catalogo legacy cuyo significado debe confirmarse por uso en codigo y datos. Tiene lectura y escritura observada, por lo que probablemente participa en un flujo transaccional activo.	SEMANTIC_REVERSE_ENGINEERING_CANDIDATE	SEMANTIC_INFERENCE_REVIEW_REQUIRED	tmp	TEMPORARY_OR_STAGING	UNKNOWN_OR_BUSINESS_DATA	UNKNOWN	1	1	USED
tmp_crt	.data_base/asgard.sql	27357	DB-TABLE-B009D39DF904E8	Physical table declared in .data_base/asgard.sql	Tabla candidata del dominio tmp: Tabla temporal o staging usada para calculos, reportes, importaciones o procesos intermedios. Por su nombre agrupa entidad o catalogo legacy cuyo significado debe confirmarse por uso en codigo y datos. Tiene lectura y escritura observada, por lo que probablemente participa en un flujo transaccional activo.	SEMANTIC_REVERSE_ENGINEERING_CANDIDATE	SEMANTIC_INFERENCE_REVIEW_REQUIRED	tmp	TEMPORARY_OR_STAGING	UNKNOWN_OR_BUSINESS_DATA	UNKNOWN	1	1	USED
tmp_casosprevios	.data_base/asgard.sql	27571	DB-TABLE-B11AF42F26C1AF	Physical table declared in .data_base/asgard.sql	Tabla candidata del dominio tmp: Tabla temporal o staging usada para calculos, reportes, importaciones o procesos intermedios. Por su nombre agrupa entidad o catalogo legacy cuyo significado debe confirmarse por uso en codigo y datos. Tiene lectura y escritura observada, por lo que probablemente participa en un flujo transaccional activo.	SEMANTIC_REVERSE_ENGINEERING_CANDIDATE	SEMANTIC_INFERENCE_REVIEW_REQUIRED	tmp	TEMPORARY_OR_STAGING	UNKNOWN_OR_BUSINESS_DATA	UNKNOWN	2	1	USED
tmp_estadoEmbarque	.data_base/asgard.sql	27599	DB-TABLE-6EBC5B7E211C89	Physical table declared in .data_base/asgard.sql	Tabla candidata del dominio tmp: Tabla temporal o staging usada para calculos, reportes, importaciones o procesos intermedios. Por su nombre agrupa estado de ciclo de vida o clasificacion operacional, embarque o movimiento logistico/aduanero. Tiene lectura y escritura observada, por lo que probablemente participa en un flujo transaccional activo.	SEMANTIC_REVERSE_ENGINEERING_CANDIDATE	SEMANTIC_INFERENCE_REVIEW_REQUIRED	tmp	CATALOG_STATE	UNKNOWN_OR_BUSINESS_DATA	UNKNOWN	2	1	USED
tmp_magnitudes	.data_base/asgard.sql	27620	DB-TABLE-623D5D01F092DE	Physical table declared in .data_base/asgard.sql	Tabla candidata del dominio tmp: Tabla temporal o staging usada para calculos, reportes, importaciones o procesos intermedios. Por su nombre agrupa entidad o catalogo legacy cuyo significado debe confirmarse por uso en codigo y datos. Tiene lectura y escritura observada, por lo que probablemente participa en un flujo transaccional activo.	SEMANTIC_REVERSE_ENGINEERING_CANDIDATE	SEMANTIC_INFERENCE_REVIEW_REQUIRED	tmp	TEMPORARY_OR_STAGING	LIKELY_PERSONAL_OR_SENSITIVE	UNKNOWN	1	1	USED
tmp_tramos	.data_base/asgard.sql	27646	DB-TABLE-BEAF7FEA8E9981	Physical table declared in .data_base/asgard.sql	Tabla candidata del dominio tmp: Tabla temporal o staging usada para calculos, reportes, importaciones o procesos intermedios. Por su nombre agrupa entidad o catalogo legacy cuyo significado debe confirmarse por uso en codigo y datos. Tiene lectura y escritura observada, por lo que probablemente participa en un flujo transaccional activo.	SEMANTIC_REVERSE_ENGINEERING_CANDIDATE	SEMANTIC_INFERENCE_REVIEW_REQUIRED	tmp	TEMPORARY_OR_STAGING	UNKNOWN_OR_BUSINESS_DATA	UNKNOWN	1	1	USED
tmp_contenedores	.data_base/asgard.sql	27701	DB-TABLE-B447153CE90E23	Physical table declared in .data_base/asgard.sql	Tabla candidata del dominio tmp: Tabla temporal o staging usada para calculos, reportes, importaciones o procesos intermedios. Por su nombre agrupa contenedor o unidad de transporte. Tiene lectura y escritura observada, por lo que probablemente participa en un flujo transaccional activo.	SEMANTIC_REVERSE_ENGINEERING_CANDIDATE	SEMANTIC_INFERENCE_REVIEW_REQUIRED	tmp	TEMPORARY_OR_STAGING	UNKNOWN_OR_BUSINESS_DATA	UNKNOWN	1	1	USED
tmp_fechapagodim	.data_base/asgard.sql	27874	DB-TABLE-F27B45658A1332	Physical table declared in .data_base/asgard.sql	Tabla candidata del dominio tmp: Tabla temporal o staging usada para calculos, reportes, importaciones o procesos intermedios. Por su nombre agrupa pago o movimiento economico. Tiene lectura y escritura observada, por lo que probablemente participa en un flujo transaccional activo.	SEMANTIC_REVERSE_ENGINEERING_CANDIDATE	SEMANTIC_INFERENCE_REVIEW_REQUIRED	tmp	TEMPORARY_OR_STAGING	UNKNOWN_OR_BUSINESS_DATA	UNKNOWN	1	1	USED
tmp_estados	.data_base/asgard.sql	27891	DB-TABLE-A9540E26333B59	Physical table declared in .data_base/asgard.sql	Tabla candidata del dominio tmp: Tabla temporal o staging usada para calculos, reportes, importaciones o procesos intermedios. Por su nombre agrupa estados de ciclo de vida o clasificacion operacional, estado de ciclo de vida o clasificacion operacional. Tiene lectura y escritura observada, por lo que probablemente participa en un flujo transaccional activo.	SEMANTIC_REVERSE_ENGINEERING_CANDIDATE	SEMANTIC_INFERENCE_REVIEW_REQUIRED	tmp	CATALOG_STATE	UNKNOWN_OR_BUSINESS_DATA	UNKNOWN	1	1	USED
tmp_estadoEmbarque	.data_base/asgard.sql	27929	DB-TABLE-92A235E4D1B717	Physical table declared in .data_base/asgard.sql	Tabla candidata del dominio tmp: Tabla temporal o staging usada para calculos, reportes, importaciones o procesos intermedios. Por su nombre agrupa estado de ciclo de vida o clasificacion operacional, embarque o movimiento logistico/aduanero. Tiene lectura y escritura observada, por lo que probablemente participa en un flujo transaccional activo.	SEMANTIC_REVERSE_ENGINEERING_CANDIDATE	SEMANTIC_INFERENCE_REVIEW_REQUIRED	tmp	CATALOG_STATE	UNKNOWN_OR_BUSINESS_DATA	UNKNOWN	2	1	USED
tmp_estadoPedido	.data_base/asgard.sql	27948	DB-TABLE-DAC23ED396CDE7	Physical table declared in .data_base/asgard.sql	Tabla candidata del dominio tmp: Tabla temporal o staging usada para calculos, reportes, importaciones o procesos intermedios. Por su nombre agrupa estado de ciclo de vida o clasificacion operacional. Tiene lectura y escritura observada, por lo que probablemente participa en un flujo transaccional activo.	SEMANTIC_REVERSE_ENGINEERING_CANDIDATE	SEMANTIC_INFERENCE_REVIEW_REQUIRED	tmp	CATALOG_STATE	UNKNOWN_OR_BUSINESS_DATA	UNKNOWN	1	1	USED
tmp_valorGA	.data_base/asgard.sql	28500	DB-TABLE-BBB3CCE765D488	Physical table declared in .data_base/asgard.sql	Tabla candidata del dominio tmp: Tabla temporal o staging usada para calculos, reportes, importaciones o procesos intermedios. Por su nombre agrupa valor declarado, calculado o parametrico. Tiene lectura y escritura observada, por lo que probablemente participa en un flujo transaccional activo.	SEMANTIC_REVERSE_ENGINEERING_CANDIDATE	SEMANTIC_INFERENCE_REVIEW_REQUIRED	tmp	TEMPORARY_OR_STAGING	UNKNOWN_OR_BUSINESS_DATA	UNKNOWN	1	1	USED
tmp_valorIVA	.data_base/asgard.sql	28520	DB-TABLE-B9F473AFB94AC1	Physical table declared in .data_base/asgard.sql	Tabla candidata del dominio tmp: Tabla temporal o staging usada para calculos, reportes, importaciones o procesos intermedios. Por su nombre agrupa valor declarado, calculado o parametrico. Tiene lectura y escritura observada, por lo que probablemente participa en un flujo transaccional activo.	SEMANTIC_REVERSE_ENGINEERING_CANDIDATE	SEMANTIC_INFERENCE_REVIEW_REQUIRED	tmp	TEMPORARY_OR_STAGING	UNKNOWN_OR_BUSINESS_DATA	UNKNOWN	1	1	USED
tmp_valorICE	.data_base/asgard.sql	28540	DB-TABLE-6228883BEA59C1	Physical table declared in .data_base/asgard.sql	Tabla candidata del dominio tmp: Tabla temporal o staging usada para calculos, reportes, importaciones o procesos intermedios. Por su nombre agrupa valor declarado, calculado o parametrico. Tiene lectura y escritura observada, por lo que probablemente participa en un flujo transaccional activo.	SEMANTIC_REVERSE_ENGINEERING_CANDIDATE	SEMANTIC_INFERENCE_REVIEW_REQUIRED	tmp	TEMPORARY_OR_STAGING	UNKNOWN_OR_BUSINESS_DATA	UNKNOWN	1	1	USED
tmp_valorAP	.data_base/asgard.sql	28560	DB-TABLE-88ECEA3A5298AD	Physical table declared in .data_base/asgard.sql	Tabla candidata del dominio tmp: Tabla temporal o staging usada para calculos, reportes, importaciones o procesos intermedios. Por su nombre agrupa valor declarado, calculado o parametrico. Tiene lectura y escritura observada, por lo que probablemente participa en un flujo transaccional activo.	SEMANTIC_REVERSE_ENGINEERING_CANDIDATE	SEMANTIC_INFERENCE_REVIEW_REQUIRED	tmp	TEMPORARY_OR_STAGING	UNKNOWN_OR_BUSINESS_DATA	UNKNOWN	1	1	USED
tmp_valorComision	.data_base/asgard.sql	28580	DB-TABLE-E2CFABC5618B6F	Physical table declared in .data_base/asgard.sql	Tabla candidata del dominio tmp: Tabla temporal o staging usada para calculos, reportes, importaciones o procesos intermedios. Por su nombre agrupa valor declarado, calculado o parametrico. Tiene lectura y escritura observada, por lo que probablemente participa en un flujo transaccional activo.	SEMANTIC_REVERSE_ENGINEERING_CANDIDATE	SEMANTIC_INFERENCE_REVIEW_REQUIRED	tmp	TEMPORARY_OR_STAGING	UNKNOWN_OR_BUSINESS_DATA	UNKNOWN	1	1	USED
tmp_valorGDE	.data_base/asgard.sql	28602	DB-TABLE-724621BEAFB4E0	Physical table declared in .data_base/asgard.sql	Tabla candidata del dominio tmp: Tabla temporal o staging usada para calculos, reportes, importaciones o procesos intermedios. Por su nombre agrupa valor declarado, calculado o parametrico. Tiene lectura y escritura observada, por lo que probablemente participa en un flujo transaccional activo.	SEMANTIC_REVERSE_ENGINEERING_CANDIDATE	SEMANTIC_INFERENCE_REVIEW_REQUIRED	tmp	TEMPORARY_OR_STAGING	UNKNOWN_OR_BUSINESS_DATA	UNKNOWN	1	1	USED
tmp_valorOtrosF	.data_base/asgard.sql	28624	DB-TABLE-6B5E478C98C6A0	Physical table declared in .data_base/asgard.sql	Tabla candidata del dominio tmp: Tabla temporal o staging usada para calculos, reportes, importaciones o procesos intermedios. Por su nombre agrupa valor declarado, calculado o parametrico. Tiene lectura y escritura observada, por lo que probablemente participa en un flujo transaccional activo.	SEMANTIC_REVERSE_ENGINEERING_CANDIDATE	SEMANTIC_INFERENCE_REVIEW_REQUIRED	tmp	TEMPORARY_OR_STAGING	UNKNOWN_OR_BUSINESS_DATA	UNKNOWN	1	1	USED
tmp_fechaEmbarque	.data_base/asgard.sql	28647	DB-TABLE-22ABC121D94AE8	Physical table declared in .data_base/asgard.sql	Tabla candidata del dominio tmp: Tabla temporal o staging usada para calculos, reportes, importaciones o procesos intermedios. Por su nombre agrupa embarque o movimiento logistico/aduanero. Tiene lectura y escritura observada, por lo que probablemente participa en un flujo transaccional activo.	SEMANTIC_REVERSE_ENGINEERING_CANDIDATE	SEMANTIC_INFERENCE_REVIEW_REQUIRED	tmp	TEMPORARY_OR_STAGING	UNKNOWN_OR_BUSINESS_DATA	UNKNOWN	1	1	USED
tmp_fechaArriboPTY	.data_base/asgard.sql	28666	DB-TABLE-645B4A11A66C8E	Physical table declared in .data_base/asgard.sql	Tabla candidata del dominio tmp: Tabla temporal o staging usada para calculos, reportes, importaciones o procesos intermedios. Por su nombre agrupa entidad o catalogo legacy cuyo significado debe confirmarse por uso en codigo y datos. Tiene lectura y escritura observada, por lo que probablemente participa en un flujo transaccional activo.	SEMANTIC_REVERSE_ENGINEERING_CANDIDATE	SEMANTIC_INFERENCE_REVIEW_REQUIRED	tmp	TEMPORARY_OR_STAGING	UNKNOWN_OR_BUSINESS_DATA	UNKNOWN	1	1	USED
tmp_facturaTransporte	.data_base/asgard.sql	28686	DB-TABLE-F530D92575CF1F	Physical table declared in .data_base/asgard.sql	Tabla candidata del dominio tmp: Tabla temporal o staging usada para calculos, reportes, importaciones o procesos intermedios. Por su nombre agrupa factura o documento economico/comercial. Tiene lectura y escritura observada, por lo que probablemente participa en un flujo transaccional activo.	SEMANTIC_REVERSE_ENGINEERING_CANDIDATE	SEMANTIC_INFERENCE_REVIEW_REQUIRED	tmp	TEMPORARY_OR_STAGING	UNKNOWN_OR_BUSINESS_DATA	UNKNOWN	1	1	USED
tmp_facturaTransporteCRT	.data_base/asgard.sql	28762	DB-TABLE-536686598DC44C	Physical table declared in .data_base/asgard.sql	Tabla candidata del dominio tmp: Tabla temporal o staging usada para calculos, reportes, importaciones o procesos intermedios. Por su nombre agrupa factura o documento economico/comercial. Tiene lectura y escritura observada, por lo que probablemente participa en un flujo transaccional activo.	SEMANTIC_REVERSE_ENGINEERING_CANDIDATE	SEMANTIC_INFERENCE_REVIEW_REQUIRED	tmp	TEMPORARY_OR_STAGING	UNKNOWN_OR_BUSINESS_DATA	UNKNOWN	1	1	USED
tmp_valorDUI	.data_base/asgard.sql	28799	DB-TABLE-E827615D69DF54	Physical table declared in .data_base/asgard.sql	Tabla candidata del dominio tmp: Tabla temporal o staging usada para calculos, reportes, importaciones o procesos intermedios. Por su nombre agrupa valor declarado, calculado o parametrico. Tiene lectura y escritura observada, por lo que probablemente participa en un flujo transaccional activo.	SEMANTIC_REVERSE_ENGINEERING_CANDIDATE	SEMANTIC_INFERENCE_REVIEW_REQUIRED	tmp	TEMPORARY_OR_STAGING	UNKNOWN_OR_BUSINESS_DATA	UNKNOWN	1	1	USED
tmp_valorServicioWareHouse	.data_base/asgard.sql	28819	DB-TABLE-ED0F46AA139606	Physical table declared in .data_base/asgard.sql	Tabla candidata del dominio tmp: Tabla temporal o staging usada para calculos, reportes, importaciones o procesos intermedios. Por su nombre agrupa valor declarado, calculado o parametrico. Tiene lectura y escritura observada, por lo que probablemente participa en un flujo transaccional activo.	SEMANTIC_REVERSE_ENGINEERING_CANDIDATE	SEMANTIC_INFERENCE_REVIEW_REQUIRED	tmp	TEMPORARY_OR_STAGING	LIKELY_PERSONAL_OR_SENSITIVE	UNKNOWN	1	1	USED
tmp_valorServicioWareHouseTotal	.data_base/asgard.sql	28839	DB-TABLE-426D58B2ABDD2D	Physical table declared in .data_base/asgard.sql	Tabla candidata del dominio tmp: Tabla temporal o staging usada para calculos, reportes, importaciones o procesos intermedios. Por su nombre agrupa valor declarado, calculado o parametrico. Tiene lectura y escritura observada, por lo que probablemente participa en un flujo transaccional activo.	SEMANTIC_REVERSE_ENGINEERING_CANDIDATE	SEMANTIC_INFERENCE_REVIEW_REQUIRED	tmp	TEMPORARY_OR_STAGING	LIKELY_PERSONAL_OR_SENSITIVE	UNKNOWN	1	1	USED
tmp_montos_nc_PRM_kpo	.data_base/asgard.sql	28858	DB-TABLE-ABABF33FC90BB5	Physical table declared in .data_base/asgard.sql	Tabla candidata del dominio tmp: Tabla temporal o staging usada para calculos, reportes, importaciones o procesos intermedios. Por su nombre agrupa importe monetario o valor numerico economico. Tiene lectura y escritura observada, por lo que probablemente participa en un flujo transaccional activo.	SEMANTIC_REVERSE_ENGINEERING_CANDIDATE	SEMANTIC_INFERENCE_REVIEW_REQUIRED	tmp	TEMPORARY_OR_STAGING	UNKNOWN_OR_BUSINESS_DATA	UNKNOWN	1	1	USED
tmp_vehiculosprevios	.data_base/asgard.sql	28923	DB-TABLE-B25FB9F9D2AFD5	Physical table declared in .data_base/asgard.sql	Tabla candidata del dominio tmp: Tabla temporal o staging usada para calculos, reportes, importaciones o procesos intermedios. Por su nombre agrupa entidad o catalogo legacy cuyo significado debe confirmarse por uso en codigo y datos. Tiene lectura y escritura observada, por lo que probablemente participa en un flujo transaccional activo.	SEMANTIC_REVERSE_ENGINEERING_CANDIDATE	SEMANTIC_INFERENCE_REVIEW_REQUIRED	tmp	TEMPORARY_OR_STAGING	UNKNOWN_OR_BUSINESS_DATA	UNKNOWN	1	1	USED
tmp_fechaPRM	.data_base/asgard.sql	29004	DB-TABLE-BA38E6103F8145	Physical table declared in .data_base/asgard.sql	Tabla candidata del dominio tmp: Tabla temporal o staging usada para calculos, reportes, importaciones o procesos intermedios. Por su nombre agrupa entidad o catalogo legacy cuyo significado debe confirmarse por uso en codigo y datos. Tiene lectura y escritura observada, por lo que probablemente participa en un flujo transaccional activo.	SEMANTIC_REVERSE_ENGINEERING_CANDIDATE	SEMANTIC_INFERENCE_REVIEW_REQUIRED	tmp	TEMPORARY_OR_STAGING	UNKNOWN_OR_BUSINESS_DATA	UNKNOWN	1	1	USED
pbi_costos_logisticos_imcruz	.data_base/asgard.sql	29028	DB-TABLE-C6EF596DBFC489	Physical table declared in .data_base/asgard.sql	Tabla candidata del dominio transversal: Tabla transversal o legacy sin prefijo funcional inequivoco. Por su nombre agrupa costos, gastos o valores economicos asociados a la operacion, costo, gasto o valor economico asociado a la operacion. Tiene escrituras observadas sin lecturas directas en la evidencia disponible; revisar si es staging, log o tabla consumida indirectamente.	SEMANTIC_REVERSE_ENGINEERING_CANDIDATE	SEMANTIC_INFERENCE_REVIEW_REQUIRED	transversal	DOMAIN_ENTITY_OR_LEGACY	UNKNOWN_OR_BUSINESS_DATA	UNKNOWN	0	1	USED
tmp_partidasnds	.data_base/asgard.sql	29339	DB-TABLE-BE13D22CAC2ECE	Physical table declared in .data_base/asgard.sql	Tabla candidata del dominio tmp: Tabla temporal o staging usada para calculos, reportes, importaciones o procesos intermedios. Por su nombre agrupa partidas o lineas declarativas dentro de un tramite aduanero, partida o linea declarativa dentro de un tramite aduanero. Tiene lectura y escritura observada, por lo que probablemente participa en un flujo transaccional activo.	SEMANTIC_REVERSE_ENGINEERING_CANDIDATE	SEMANTIC_INFERENCE_REVIEW_REQUIRED	tmp	TEMPORARY_OR_STAGING	UNKNOWN_OR_BUSINESS_DATA	UNKNOWN	1	1	USED
tmp_partidas	.data_base/asgard.sql	29373	DB-TABLE-073A948FC67FC8	Physical table declared in .data_base/asgard.sql	Tabla candidata del dominio tmp: Tabla temporal o staging usada para calculos, reportes, importaciones o procesos intermedios. Por su nombre agrupa partidas o lineas declarativas dentro de un tramite aduanero, partida o linea declarativa dentro de un tramite aduanero. Tiene lectura y escritura observada, por lo que probablemente participa en un flujo transaccional activo.	SEMANTIC_REVERSE_ENGINEERING_CANDIDATE	SEMANTIC_INFERENCE_REVIEW_REQUIRED	tmp	TEMPORARY_OR_STAGING	UNKNOWN_OR_BUSINESS_DATA	UNKNOWN	1	1	USED
tmp_productos	.data_base/asgard.sql	29690	DB-TABLE-B552E78740036E	Physical table declared in .data_base/asgard.sql	Tabla candidata del dominio tmp: Tabla temporal o staging usada para calculos, reportes, importaciones o procesos intermedios. Por su nombre agrupa entidad o catalogo legacy cuyo significado debe confirmarse por uso en codigo y datos. Tiene lectura y escritura observada, por lo que probablemente participa en un flujo transaccional activo.	SEMANTIC_REVERSE_ENGINEERING_CANDIDATE	SEMANTIC_INFERENCE_REVIEW_REQUIRED	tmp	TEMPORARY_OR_STAGING	UNKNOWN_OR_BUSINESS_DATA	UNKNOWN	1	1	USED
tmp_tramites	.data_base/asgard.sql	29719	DB-TABLE-47FDBD3FC7EAB1	Physical table declared in .data_base/asgard.sql	Tabla candidata del dominio tmp: Tabla temporal o staging usada para calculos, reportes, importaciones o procesos intermedios. Por su nombre agrupa entidad o catalogo legacy cuyo significado debe confirmarse por uso en codigo y datos. Tiene lectura y escritura observada, por lo que probablemente participa en un flujo transaccional activo.	SEMANTIC_REVERSE_ENGINEERING_CANDIDATE	SEMANTIC_INFERENCE_REVIEW_REQUIRED	tmp	TEMPORARY_OR_STAGING	UNKNOWN_OR_BUSINESS_DATA	UNKNOWN	1	1	USED
tmp_casos	.data_base/asgard.sql	29850	DB-TABLE-B93F7D7276CBCD	Physical table declared in .data_base/asgard.sql	Tabla candidata del dominio tmp: Tabla temporal o staging usada para calculos, reportes, importaciones o procesos intermedios. Por su nombre agrupa entidad o catalogo legacy cuyo significado debe confirmarse por uso en codigo y datos. Tiene lectura y escritura observada, por lo que probablemente participa en un flujo transaccional activo.	SEMANTIC_REVERSE_ENGINEERING_CANDIDATE	SEMANTIC_INFERENCE_REVIEW_REQUIRED	tmp	TEMPORARY_OR_STAGING	UNKNOWN_OR_BUSINESS_DATA	UNKNOWN	1	1	USED
tmp_productos	.data_base/asgard.sql	29866	DB-TABLE-A89C1166111F7B	Physical table declared in .data_base/asgard.sql	Tabla candidata del dominio tmp: Tabla temporal o staging usada para calculos, reportes, importaciones o procesos intermedios. Por su nombre agrupa entidad o catalogo legacy cuyo significado debe confirmarse por uso en codigo y datos. Tiene lectura y escritura observada, por lo que probablemente participa en un flujo transaccional activo.	SEMANTIC_REVERSE_ENGINEERING_CANDIDATE	SEMANTIC_INFERENCE_REVIEW_REQUIRED	tmp	TEMPORARY_OR_STAGING	UNKNOWN_OR_BUSINESS_DATA	UNKNOWN	1	1	USED
tmp_cotizaciones	.data_base/asgard.sql	30050	DB-TABLE-839E6769E8FF9C	Physical table declared in .data_base/asgard.sql	Tabla candidata del dominio tmp: Tabla temporal o staging usada para calculos, reportes, importaciones o procesos intermedios. Por su nombre agrupa entidad o catalogo legacy cuyo significado debe confirmarse por uso en codigo y datos. Tiene lectura y escritura observada, por lo que probablemente participa en un flujo transaccional activo.	SEMANTIC_REVERSE_ENGINEERING_CANDIDATE	SEMANTIC_INFERENCE_REVIEW_REQUIRED	tmp	TEMPORARY_OR_STAGING	LIKELY_PERSONAL_OR_SENSITIVE	UNKNOWN	1	1	USED
tmp_solicitudes	.data_base/asgard.sql	30139	DB-TABLE-4F7F1E8931A258	Physical table declared in .data_base/asgard.sql	Tabla candidata del dominio tmp: Tabla temporal o staging usada para calculos, reportes, importaciones o procesos intermedios. Por su nombre agrupa solicitudes de servicio o gestion iniciadas por usuario/cliente, solicitud de servicio o gestion iniciada por usuario/cliente. Tiene lectura y escritura observada, por lo que probablemente participa en un flujo transaccional activo.	SEMANTIC_REVERSE_ENGINEERING_CANDIDATE	SEMANTIC_INFERENCE_REVIEW_REQUIRED	tmp	TEMPORARY_OR_STAGING	LIKELY_PERSONAL_OR_SENSITIVE	UNKNOWN	1	1	USED
tmp_cotizaciones	.data_base/asgard.sql	30344	DB-TABLE-66E5ED86473A49	Physical table declared in .data_base/asgard.sql	Tabla candidata del dominio tmp: Tabla temporal o staging usada para calculos, reportes, importaciones o procesos intermedios. Por su nombre agrupa entidad o catalogo legacy cuyo significado debe confirmarse por uso en codigo y datos. Tiene lectura y escritura observada, por lo que probablemente participa en un flujo transaccional activo.	SEMANTIC_REVERSE_ENGINEERING_CANDIDATE	SEMANTIC_INFERENCE_REVIEW_REQUIRED	tmp	TEMPORARY_OR_STAGING	LIKELY_PERSONAL_OR_SENSITIVE	UNKNOWN	1	1	USED
tmp_solicitudes	.data_base/asgard.sql	30433	DB-TABLE-B75A06F7BC6C48	Physical table declared in .data_base/asgard.sql	Tabla candidata del dominio tmp: Tabla temporal o staging usada para calculos, reportes, importaciones o procesos intermedios. Por su nombre agrupa solicitudes de servicio o gestion iniciadas por usuario/cliente, solicitud de servicio o gestion iniciada por usuario/cliente. Tiene lectura y escritura observada, por lo que probablemente participa en un flujo transaccional activo.	SEMANTIC_REVERSE_ENGINEERING_CANDIDATE	SEMANTIC_INFERENCE_REVIEW_REQUIRED	tmp	TEMPORARY_OR_STAGING	LIKELY_PERSONAL_OR_SENSITIVE	UNKNOWN	1	1	USED
tmp_fechaparterececpion	.data_base/asgard.sql	30894	DB-TABLE-9CDDD450695237	Physical table declared in .data_base/asgard.sql	Tabla candidata del dominio tmp: Tabla temporal o staging usada para calculos, reportes, importaciones o procesos intermedios. Por su nombre agrupa entidad o catalogo legacy cuyo significado debe confirmarse por uso en codigo y datos. Tiene lectura y escritura observada, por lo que probablemente participa en un flujo transaccional activo.	SEMANTIC_REVERSE_ENGINEERING_CANDIDATE	SEMANTIC_INFERENCE_REVIEW_REQUIRED	tmp	TEMPORARY_OR_STAGING	UNKNOWN_OR_BUSINESS_DATA	UNKNOWN	1	1	USED
tmp_items_db	.data_base/asgard.sql	30911	DB-TABLE-D545A437695FE8	Physical table declared in .data_base/asgard.sql	Tabla candidata del dominio tmp: Tabla temporal o staging usada para calculos, reportes, importaciones o procesos intermedios. Por su nombre agrupa entidad o catalogo legacy cuyo significado debe confirmarse por uso en codigo y datos. Tiene lectura y escritura observada, por lo que probablemente participa en un flujo transaccional activo.	SEMANTIC_REVERSE_ENGINEERING_CANDIDATE	SEMANTIC_INFERENCE_REVIEW_REQUIRED	tmp	TEMPORARY_OR_STAGING	UNKNOWN_OR_BUSINESS_DATA	UNKNOWN	1	1	USED
tmp_monto1erordencompra	.data_base/asgard.sql	31405	DB-TABLE-917B976B28D0C2	Physical table declared in .data_base/asgard.sql	Tabla candidata del dominio tmp: Tabla temporal o staging usada para calculos, reportes, importaciones o procesos intermedios. Por su nombre agrupa importe monetario o valor numerico economico. Tiene lectura y escritura observada, por lo que probablemente participa en un flujo transaccional activo.	SEMANTIC_REVERSE_ENGINEERING_CANDIDATE	SEMANTIC_INFERENCE_REVIEW_REQUIRED	tmp	TEMPORARY_OR_STAGING	UNKNOWN_OR_BUSINESS_DATA	UNKNOWN	1	1	USED
tmp_montoordencompra	.data_base/asgard.sql	31429	DB-TABLE-C940B5128A093F	Physical table declared in .data_base/asgard.sql	Tabla candidata del dominio tmp: Tabla temporal o staging usada para calculos, reportes, importaciones o procesos intermedios. Por su nombre agrupa importe monetario o valor numerico economico. Tiene lectura y escritura observada, por lo que probablemente participa en un flujo transaccional activo.	SEMANTIC_REVERSE_ENGINEERING_CANDIDATE	SEMANTIC_INFERENCE_REVIEW_REQUIRED	tmp	TEMPORARY_OR_STAGING	UNKNOWN_OR_BUSINESS_DATA	UNKNOWN	1	1	USED
tmp_datosfactura	.data_base/asgard.sql	31454	DB-TABLE-A4328D7ADCA6B5	Physical table declared in .data_base/asgard.sql	Tabla candidata del dominio tmp: Tabla temporal o staging usada para calculos, reportes, importaciones o procesos intermedios. Por su nombre agrupa factura o documento economico/comercial. Tiene lectura y escritura observada, por lo que probablemente participa en un flujo transaccional activo.	SEMANTIC_REVERSE_ENGINEERING_CANDIDATE	SEMANTIC_INFERENCE_REVIEW_REQUIRED	tmp	TEMPORARY_OR_STAGING	UNKNOWN_OR_BUSINESS_DATA	UNKNOWN	1	1	USED
tmp_datosbl	.data_base/asgard.sql	31482	DB-TABLE-2FFBB3FB682242	Physical table declared in .data_base/asgard.sql	Tabla candidata del dominio tmp: Tabla temporal o staging usada para calculos, reportes, importaciones o procesos intermedios. Por su nombre agrupa entidad o catalogo legacy cuyo significado debe confirmarse por uso en codigo y datos. Tiene lectura y escritura observada, por lo que probablemente participa en un flujo transaccional activo.	SEMANTIC_REVERSE_ENGINEERING_CANDIDATE	SEMANTIC_INFERENCE_REVIEW_REQUIRED	tmp	TEMPORARY_OR_STAGING	UNKNOWN_OR_BUSINESS_DATA	UNKNOWN	1	1	USED
tmp_datoscp	.data_base/asgard.sql	31506	DB-TABLE-D58686D868C10B	Physical table declared in .data_base/asgard.sql	Tabla candidata del dominio tmp: Tabla temporal o staging usada para calculos, reportes, importaciones o procesos intermedios. Por su nombre agrupa entidad o catalogo legacy cuyo significado debe confirmarse por uso en codigo y datos. Tiene lectura y escritura observada, por lo que probablemente participa en un flujo transaccional activo.	SEMANTIC_REVERSE_ENGINEERING_CANDIDATE	SEMANTIC_INFERENCE_REVIEW_REQUIRED	tmp	TEMPORARY_OR_STAGING	UNKNOWN_OR_BUSINESS_DATA	UNKNOWN	1	1	USED
tmp_embarquesmagnitudes	.data_base/asgard.sql	31530	DB-TABLE-9C316347C310CD	Physical table declared in .data_base/asgard.sql	Tabla candidata del dominio tmp: Tabla temporal o staging usada para calculos, reportes, importaciones o procesos intermedios. Por su nombre agrupa embarques o movimientos logisticos/aduaneros, embarque o movimiento logistico/aduanero. Tiene lectura y escritura observada, por lo que probablemente participa en un flujo transaccional activo.	SEMANTIC_REVERSE_ENGINEERING_CANDIDATE	SEMANTIC_INFERENCE_REVIEW_REQUIRED	tmp	TEMPORARY_OR_STAGING	LIKELY_PERSONAL_OR_SENSITIVE	UNKNOWN	1	1	USED
tmp_factura	.data_base/asgard.sql	31565	DB-TABLE-8A597369C9C94C	Physical table declared in .data_base/asgard.sql	Tabla candidata del dominio tmp: Tabla temporal o staging usada para calculos, reportes, importaciones o procesos intermedios. Por su nombre agrupa factura o documento economico/comercial. Tiene lectura y escritura observada, por lo que probablemente participa en un flujo transaccional activo.	SEMANTIC_REVERSE_ENGINEERING_CANDIDATE	SEMANTIC_INFERENCE_REVIEW_REQUIRED	tmp	TEMPORARY_OR_STAGING	UNKNOWN_OR_BUSINESS_DATA	UNKNOWN	1	1	USED
tmp_datosga	.data_base/asgard.sql	31591	DB-TABLE-E78CFD7D848013	Physical table declared in .data_base/asgard.sql	Tabla candidata del dominio tmp: Tabla temporal o staging usada para calculos, reportes, importaciones o procesos intermedios. Por su nombre agrupa entidad o catalogo legacy cuyo significado debe confirmarse por uso en codigo y datos. Tiene lectura y escritura observada, por lo que probablemente participa en un flujo transaccional activo.	SEMANTIC_REVERSE_ENGINEERING_CANDIDATE	SEMANTIC_INFERENCE_REVIEW_REQUIRED	tmp	TEMPORARY_OR_STAGING	UNKNOWN_OR_BUSINESS_DATA	UNKNOWN	1	1	USED
tmp_costosseguro	.data_base/asgard.sql	31615	DB-TABLE-727F28C8595E4E	Physical table declared in .data_base/asgard.sql	Tabla candidata del dominio tmp: Tabla temporal o staging usada para calculos, reportes, importaciones o procesos intermedios. Por su nombre agrupa costos, gastos o valores economicos asociados a la operacion, costo, gasto o valor economico asociado a la operacion. Tiene lectura y escritura observada, por lo que probablemente participa en un flujo transaccional activo.	SEMANTIC_REVERSE_ENGINEERING_CANDIDATE	SEMANTIC_INFERENCE_REVIEW_REQUIRED	tmp	TEMPORARY_OR_STAGING	UNKNOWN_OR_BUSINESS_DATA	UNKNOWN	1	1	USED
tmp_costoslogisticos	.data_base/asgard.sql	31646	DB-TABLE-DB4E82E0E3CF6D	Physical table declared in .data_base/asgard.sql	Tabla candidata del dominio tmp: Tabla temporal o staging usada para calculos, reportes, importaciones o procesos intermedios. Por su nombre agrupa costos, gastos o valores economicos asociados a la operacion, costo, gasto o valor economico asociado a la operacion. Tiene lectura y escritura observada, por lo que probablemente participa en un flujo transaccional activo.	SEMANTIC_REVERSE_ENGINEERING_CANDIDATE	SEMANTIC_INFERENCE_REVIEW_REQUIRED	tmp	TEMPORARY_OR_STAGING	UNKNOWN_OR_BUSINESS_DATA	UNKNOWN	1	1	USED
tmp_paisorigen	.data_base/asgard.sql	31678	DB-TABLE-0E933109F0CFCF	Physical table declared in .data_base/asgard.sql	Tabla candidata del dominio tmp: Tabla temporal o staging usada para calculos, reportes, importaciones o procesos intermedios. Por su nombre agrupa entidad o catalogo legacy cuyo significado debe confirmarse por uso en codigo y datos. Tiene lectura y escritura observada, por lo que probablemente participa en un flujo transaccional activo.	SEMANTIC_REVERSE_ENGINEERING_CANDIDATE	SEMANTIC_INFERENCE_REVIEW_REQUIRED	tmp	TEMPORARY_OR_STAGING	UNKNOWN_OR_BUSINESS_DATA	UNKNOWN	1	1	USED
tmp_liquidacion	.data_base/asgard.sql	31703	DB-TABLE-DFEF8F2F5A6238	Physical table declared in .data_base/asgard.sql	Tabla candidata del dominio tmp: Tabla temporal o staging usada para calculos, reportes, importaciones o procesos intermedios. Por su nombre agrupa entidad o catalogo legacy cuyo significado debe confirmarse por uso en codigo y datos. Tiene lectura y escritura observada, por lo que probablemente participa en un flujo transaccional activo.	SEMANTIC_REVERSE_ENGINEERING_CANDIDATE	SEMANTIC_INFERENCE_REVIEW_REQUIRED	tmp	TEMPORARY_OR_STAGING	LIKELY_PERSONAL_OR_SENSITIVE	UNKNOWN	1	1	USED
tmp_montoGA	.data_base/asgard.sql	31728	DB-TABLE-5881274F0D0D5D	Physical table declared in .data_base/asgard.sql	Tabla candidata del dominio tmp: Tabla temporal o staging usada para calculos, reportes, importaciones o procesos intermedios. Por su nombre agrupa importe monetario o valor numerico economico. Tiene lectura y escritura observada, por lo que probablemente participa en un flujo transaccional activo.	SEMANTIC_REVERSE_ENGINEERING_CANDIDATE	SEMANTIC_INFERENCE_REVIEW_REQUIRED	tmp	TEMPORARY_OR_STAGING	UNKNOWN_OR_BUSINESS_DATA	UNKNOWN	1	1	USED
tmp_montoIVA	.data_base/asgard.sql	31755	DB-TABLE-17508F72BAC747	Physical table declared in .data_base/asgard.sql	Tabla candidata del dominio tmp: Tabla temporal o staging usada para calculos, reportes, importaciones o procesos intermedios. Por su nombre agrupa importe monetario o valor numerico economico. Tiene lectura y escritura observada, por lo que probablemente participa en un flujo transaccional activo.	SEMANTIC_REVERSE_ENGINEERING_CANDIDATE	SEMANTIC_INFERENCE_REVIEW_REQUIRED	tmp	TEMPORARY_OR_STAGING	UNKNOWN_OR_BUSINESS_DATA	UNKNOWN	1	1	USED
tmp_recinto	.data_base/asgard.sql	31782	DB-TABLE-9E8F3A4D837981	Physical table declared in .data_base/asgard.sql	Tabla candidata del dominio tmp: Tabla temporal o staging usada para calculos, reportes, importaciones o procesos intermedios. Por su nombre agrupa entidad o catalogo legacy cuyo significado debe confirmarse por uso en codigo y datos. Tiene lectura y escritura observada, por lo que probablemente participa en un flujo transaccional activo.	SEMANTIC_REVERSE_ENGINEERING_CANDIDATE	SEMANTIC_INFERENCE_REVIEW_REQUIRED	tmp	TEMPORARY_OR_STAGING	LIKELY_PERSONAL_OR_SENSITIVE	UNKNOWN	1	1	USED
tmp_TSLG	.data_base/asgard.sql	31843	DB-TABLE-995475615A3EAC	Physical table declared in .data_base/asgard.sql	Tabla candidata del dominio tmp: Tabla temporal o staging usada para calculos, reportes, importaciones o procesos intermedios. Por su nombre agrupa entidad o catalogo legacy cuyo significado debe confirmarse por uso en codigo y datos. Tiene lectura y escritura observada, por lo que probablemente participa en un flujo transaccional activo.	SEMANTIC_REVERSE_ENGINEERING_CANDIDATE	SEMANTIC_INFERENCE_REVIEW_REQUIRED	tmp	TEMPORARY_OR_STAGING	UNKNOWN_OR_BUSINESS_DATA	UNKNOWN	1	1	USED
tmp_montoGDE	.data_base/asgard.sql	31892	DB-TABLE-849CCC9122005C	Physical table declared in .data_base/asgard.sql	Tabla candidata del dominio tmp: Tabla temporal o staging usada para calculos, reportes, importaciones o procesos intermedios. Por su nombre agrupa importe monetario o valor numerico economico. Tiene lectura y escritura observada, por lo que probablemente participa en un flujo transaccional activo.	SEMANTIC_REVERSE_ENGINEERING_CANDIDATE	SEMANTIC_INFERENCE_REVIEW_REQUIRED	tmp	TEMPORARY_OR_STAGING	UNKNOWN_OR_BUSINESS_DATA	UNKNOWN	1	1	USED
tmp_ESSLG	.data_base/asgard.sql	31920	DB-TABLE-ED470CC52FDC01	Physical table declared in .data_base/asgard.sql	Tabla candidata del dominio tmp: Tabla temporal o staging usada para calculos, reportes, importaciones o procesos intermedios. Por su nombre agrupa entidad o catalogo legacy cuyo significado debe confirmarse por uso en codigo y datos. Tiene lectura y escritura observada, por lo que probablemente participa en un flujo transaccional activo.	SEMANTIC_REVERSE_ENGINEERING_CANDIDATE	SEMANTIC_INFERENCE_REVIEW_REQUIRED	tmp	TEMPORARY_OR_STAGING	UNKNOWN_OR_BUSINESS_DATA	UNKNOWN	1	1	USED
tmp_Otros	.data_base/asgard.sql	31971	DB-TABLE-EEDA49D381583B	Physical table declared in .data_base/asgard.sql	Tabla candidata del dominio tmp: Tabla temporal o staging usada para calculos, reportes, importaciones o procesos intermedios. Por su nombre agrupa entidad o catalogo legacy cuyo significado debe confirmarse por uso en codigo y datos. Tiene lectura y escritura observada, por lo que probablemente participa en un flujo transaccional activo.	SEMANTIC_REVERSE_ENGINEERING_CANDIDATE	SEMANTIC_INFERENCE_REVIEW_REQUIRED	tmp	TEMPORARY_OR_STAGING	UNKNOWN_OR_BUSINESS_DATA	UNKNOWN	1	1	USED
tmp_montoCAG	.data_base/asgard.sql	32023	DB-TABLE-5A7DE41DD016CB	Physical table declared in .data_base/asgard.sql	Tabla candidata del dominio tmp: Tabla temporal o staging usada para calculos, reportes, importaciones o procesos intermedios. Por su nombre agrupa importe monetario o valor numerico economico. Tiene lectura y escritura observada, por lo que probablemente participa en un flujo transaccional activo.	SEMANTIC_REVERSE_ENGINEERING_CANDIDATE	SEMANTIC_INFERENCE_REVIEW_REQUIRED	tmp	TEMPORARY_OR_STAGING	UNKNOWN_OR_BUSINESS_DATA	UNKNOWN	1	1	USED
tmp_costofleteaereo	.data_base/asgard.sql	32050	DB-TABLE-8A0D8982E8E1E4	Physical table declared in .data_base/asgard.sql	Tabla candidata del dominio tmp: Tabla temporal o staging usada para calculos, reportes, importaciones o procesos intermedios. Por su nombre agrupa costo, gasto o valor economico asociado a la operacion. Tiene lectura y escritura observada, por lo que probablemente participa en un flujo transaccional activo.	SEMANTIC_REVERSE_ENGINEERING_CANDIDATE	SEMANTIC_INFERENCE_REVIEW_REQUIRED	tmp	TEMPORARY_OR_STAGING	UNKNOWN_OR_BUSINESS_DATA	UNKNOWN	1	1	USED
tmp_costofletemaritimo	.data_base/asgard.sql	32080	DB-TABLE-E1CB5F64BCDE25	Physical table declared in .data_base/asgard.sql	Tabla candidata del dominio tmp: Tabla temporal o staging usada para calculos, reportes, importaciones o procesos intermedios. Por su nombre agrupa costo, gasto o valor economico asociado a la operacion. Tiene lectura y escritura observada, por lo que probablemente participa en un flujo transaccional activo.	SEMANTIC_REVERSE_ENGINEERING_CANDIDATE	SEMANTIC_INFERENCE_REVIEW_REQUIRED	tmp	TEMPORARY_OR_STAGING	UNKNOWN_OR_BUSINESS_DATA	UNKNOWN	1	1	USED
tmp_costofleteterrestre	.data_base/asgard.sql	32110	DB-TABLE-331BBAB985898D	Physical table declared in .data_base/asgard.sql	Tabla candidata del dominio tmp: Tabla temporal o staging usada para calculos, reportes, importaciones o procesos intermedios. Por su nombre agrupa costo, gasto o valor economico asociado a la operacion. Tiene lectura y escritura observada, por lo que probablemente participa en un flujo transaccional activo.	SEMANTIC_REVERSE_ENGINEERING_CANDIDATE	SEMANTIC_INFERENCE_REVIEW_REQUIRED	tmp	TEMPORARY_OR_STAGING	UNKNOWN_OR_BUSINESS_DATA	UNKNOWN	1	1	USED
tmp_costofleteotros	.data_base/asgard.sql	32140	DB-TABLE-B55B2ECB949A53	Physical table declared in .data_base/asgard.sql	Tabla candidata del dominio tmp: Tabla temporal o staging usada para calculos, reportes, importaciones o procesos intermedios. Por su nombre agrupa costo, gasto o valor economico asociado a la operacion. Tiene lectura y escritura observada, por lo que probablemente participa en un flujo transaccional activo.	SEMANTIC_REVERSE_ENGINEERING_CANDIDATE	SEMANTIC_INFERENCE_REVIEW_REQUIRED	tmp	TEMPORARY_OR_STAGING	UNKNOWN_OR_BUSINESS_DATA	UNKNOWN	1	1	USED
tmp_costosproveedor	.data_base/asgard.sql	32172	DB-TABLE-D6FC9407ED4A37	Physical table declared in .data_base/asgard.sql	Tabla candidata del dominio tmp: Tabla temporal o staging usada para calculos, reportes, importaciones o procesos intermedios. Por su nombre agrupa proveedor o tercero participante en el proceso, costos, gastos o valores economicos asociados a la operacion, costo, gasto o valor economico asociado a la operacion. Tiene lectura y escritura observada, por lo que probablemente participa en un flujo transaccional activo.	SEMANTIC_REVERSE_ENGINEERING_CANDIDATE	SEMANTIC_INFERENCE_REVIEW_REQUIRED	tmp	TEMPORARY_OR_STAGING	UNKNOWN_OR_BUSINESS_DATA	UNKNOWN	1	1	USED
tmp_contenedores	.data_base/asgard.sql	32202	DB-TABLE-C97A12E3CF3570	Physical table declared in .data_base/asgard.sql	Tabla candidata del dominio tmp: Tabla temporal o staging usada para calculos, reportes, importaciones o procesos intermedios. Por su nombre agrupa contenedor o unidad de transporte. Tiene lectura y escritura observada, por lo que probablemente participa en un flujo transaccional activo.	SEMANTIC_REVERSE_ENGINEERING_CANDIDATE	SEMANTIC_INFERENCE_REVIEW_REQUIRED	tmp	TEMPORARY_OR_STAGING	UNKNOWN_OR_BUSINESS_DATA	UNKNOWN	1	1	USED
tmp_montoLEG	.data_base/asgard.sql	32229	DB-TABLE-7313A6E2C124A9	Physical table declared in .data_base/asgard.sql	Tabla candidata del dominio tmp: Tabla temporal o staging usada para calculos, reportes, importaciones o procesos intermedios. Por su nombre agrupa importe monetario o valor numerico economico. Tiene lectura y escritura observada, por lo que probablemente participa en un flujo transaccional activo.	SEMANTIC_REVERSE_ENGINEERING_CANDIDATE	SEMANTIC_INFERENCE_REVIEW_REQUIRED	tmp	TEMPORARY_OR_STAGING	UNKNOWN_OR_BUSINESS_DATA	UNKNOWN	1	1	USED
tmp_paisOrigenEX	.data_base/asgard.sql	32256	DB-TABLE-292B5BDDF942A3	Physical table declared in .data_base/asgard.sql	Tabla candidata del dominio tmp: Tabla temporal o staging usada para calculos, reportes, importaciones o procesos intermedios. Por su nombre agrupa entidad o catalogo legacy cuyo significado debe confirmarse por uso en codigo y datos. Tiene lectura y escritura observada, por lo que probablemente participa en un flujo transaccional activo.	SEMANTIC_REVERSE_ENGINEERING_CANDIDATE	SEMANTIC_INFERENCE_REVIEW_REQUIRED	tmp	TEMPORARY_OR_STAGING	UNKNOWN_OR_BUSINESS_DATA	UNKNOWN	1	1	USED
tmp_fechascurrier	.data_base/asgard.sql	32280	DB-TABLE-9F7E51BA54E9D8	Physical table declared in .data_base/asgard.sql	Tabla candidata del dominio tmp: Tabla temporal o staging usada para calculos, reportes, importaciones o procesos intermedios. Por su nombre agrupa entidad o catalogo legacy cuyo significado debe confirmarse por uso en codigo y datos. Tiene lectura y escritura observada, por lo que probablemente participa en un flujo transaccional activo.	SEMANTIC_REVERSE_ENGINEERING_CANDIDATE	SEMANTIC_INFERENCE_REVIEW_REQUIRED	tmp	TEMPORARY_OR_STAGING	UNKNOWN_OR_BUSINESS_DATA	UNKNOWN	1	1	USED
tmp_monto1erordencompra	.data_base/asgard.sql	32697	DB-TABLE-8C68060123B502	Physical table declared in .data_base/asgard.sql	Tabla candidata del dominio tmp: Tabla temporal o staging usada para calculos, reportes, importaciones o procesos intermedios. Por su nombre agrupa importe monetario o valor numerico economico. Tiene lectura y escritura observada, por lo que probablemente participa en un flujo transaccional activo.	SEMANTIC_REVERSE_ENGINEERING_CANDIDATE	SEMANTIC_INFERENCE_REVIEW_REQUIRED	tmp	TEMPORARY_OR_STAGING	UNKNOWN_OR_BUSINESS_DATA	UNKNOWN	1	1	USED
tmp_montoordencompra	.data_base/asgard.sql	32717	DB-TABLE-BCF58A9C17644F	Physical table declared in .data_base/asgard.sql	Tabla candidata del dominio tmp: Tabla temporal o staging usada para calculos, reportes, importaciones o procesos intermedios. Por su nombre agrupa importe monetario o valor numerico economico. Tiene lectura y escritura observada, por lo que probablemente participa en un flujo transaccional activo.	SEMANTIC_REVERSE_ENGINEERING_CANDIDATE	SEMANTIC_INFERENCE_REVIEW_REQUIRED	tmp	TEMPORARY_OR_STAGING	UNKNOWN_OR_BUSINESS_DATA	UNKNOWN	1	1	USED
tmp_datosfactura	.data_base/asgard.sql	32738	DB-TABLE-0A35FA844871BA	Physical table declared in .data_base/asgard.sql	Tabla candidata del dominio tmp: Tabla temporal o staging usada para calculos, reportes, importaciones o procesos intermedios. Por su nombre agrupa factura o documento economico/comercial. Tiene lectura y escritura observada, por lo que probablemente participa en un flujo transaccional activo.	SEMANTIC_REVERSE_ENGINEERING_CANDIDATE	SEMANTIC_INFERENCE_REVIEW_REQUIRED	tmp	TEMPORARY_OR_STAGING	UNKNOWN_OR_BUSINESS_DATA	UNKNOWN	1	1	USED
tmp_paisorigen	.data_base/asgard.sql	32761	DB-TABLE-354EA410F70B70	Physical table declared in .data_base/asgard.sql	Tabla candidata del dominio tmp: Tabla temporal o staging usada para calculos, reportes, importaciones o procesos intermedios. Por su nombre agrupa entidad o catalogo legacy cuyo significado debe confirmarse por uso en codigo y datos. Tiene lectura y escritura observada, por lo que probablemente participa en un flujo transaccional activo.	SEMANTIC_REVERSE_ENGINEERING_CANDIDATE	SEMANTIC_INFERENCE_REVIEW_REQUIRED	tmp	TEMPORARY_OR_STAGING	UNKNOWN_OR_BUSINESS_DATA	UNKNOWN	1	1	USED
tmp_liquidacion	.data_base/asgard.sql	32782	DB-TABLE-6A9BE14C964BC6	Physical table declared in .data_base/asgard.sql	Tabla candidata del dominio tmp: Tabla temporal o staging usada para calculos, reportes, importaciones o procesos intermedios. Por su nombre agrupa entidad o catalogo legacy cuyo significado debe confirmarse por uso en codigo y datos. Tiene lectura y escritura observada, por lo que probablemente participa en un flujo transaccional activo.	SEMANTIC_REVERSE_ENGINEERING_CANDIDATE	SEMANTIC_INFERENCE_REVIEW_REQUIRED	tmp	TEMPORARY_OR_STAGING	LIKELY_PERSONAL_OR_SENSITIVE	UNKNOWN	1	1	USED
tmp_montoGA	.data_base/asgard.sql	32803	DB-TABLE-2FBCDDD94C6A36	Physical table declared in .data_base/asgard.sql	Tabla candidata del dominio tmp: Tabla temporal o staging usada para calculos, reportes, importaciones o procesos intermedios. Por su nombre agrupa importe monetario o valor numerico economico. Tiene lectura y escritura observada, por lo que probablemente participa en un flujo transaccional activo.	SEMANTIC_REVERSE_ENGINEERING_CANDIDATE	SEMANTIC_INFERENCE_REVIEW_REQUIRED	tmp	TEMPORARY_OR_STAGING	UNKNOWN_OR_BUSINESS_DATA	UNKNOWN	1	1	USED
tmp_montoIVA	.data_base/asgard.sql	32826	DB-TABLE-C1E78479E2E091	Physical table declared in .data_base/asgard.sql	Tabla candidata del dominio tmp: Tabla temporal o staging usada para calculos, reportes, importaciones o procesos intermedios. Por su nombre agrupa importe monetario o valor numerico economico. Tiene lectura y escritura observada, por lo que probablemente participa en un flujo transaccional activo.	SEMANTIC_REVERSE_ENGINEERING_CANDIDATE	SEMANTIC_INFERENCE_REVIEW_REQUIRED	tmp	TEMPORARY_OR_STAGING	UNKNOWN_OR_BUSINESS_DATA	UNKNOWN	1	1	USED
tmp_recinto	.data_base/asgard.sql	32849	DB-TABLE-2C86742F4B80AF	Physical table declared in .data_base/asgard.sql	Tabla candidata del dominio tmp: Tabla temporal o staging usada para calculos, reportes, importaciones o procesos intermedios. Por su nombre agrupa entidad o catalogo legacy cuyo significado debe confirmarse por uso en codigo y datos. Tiene lectura y escritura observada, por lo que probablemente participa en un flujo transaccional activo.	SEMANTIC_REVERSE_ENGINEERING_CANDIDATE	SEMANTIC_INFERENCE_REVIEW_REQUIRED	tmp	TEMPORARY_OR_STAGING	LIKELY_PERSONAL_OR_SENSITIVE	UNKNOWN	1	1	USED
tmp_TSLG	.data_base/asgard.sql	32876	DB-TABLE-31B10ACCC90838	Physical table declared in .data_base/asgard.sql	Tabla candidata del dominio tmp: Tabla temporal o staging usada para calculos, reportes, importaciones o procesos intermedios. Por su nombre agrupa entidad o catalogo legacy cuyo significado debe confirmarse por uso en codigo y datos. Tiene lectura y escritura observada, por lo que probablemente participa en un flujo transaccional activo.	SEMANTIC_REVERSE_ENGINEERING_CANDIDATE	SEMANTIC_INFERENCE_REVIEW_REQUIRED	tmp	TEMPORARY_OR_STAGING	UNKNOWN_OR_BUSINESS_DATA	UNKNOWN	1	1	USED
tmp_montoGDE	.data_base/asgard.sql	32899	DB-TABLE-30DD6DD6CB335A	Physical table declared in .data_base/asgard.sql	Tabla candidata del dominio tmp: Tabla temporal o staging usada para calculos, reportes, importaciones o procesos intermedios. Por su nombre agrupa importe monetario o valor numerico economico. Tiene lectura y escritura observada, por lo que probablemente participa en un flujo transaccional activo.	SEMANTIC_REVERSE_ENGINEERING_CANDIDATE	SEMANTIC_INFERENCE_REVIEW_REQUIRED	tmp	TEMPORARY_OR_STAGING	UNKNOWN_OR_BUSINESS_DATA	UNKNOWN	1	1	USED
tmp_ESSLG	.data_base/asgard.sql	32923	DB-TABLE-80E4AED89022B0	Physical table declared in .data_base/asgard.sql	Tabla candidata del dominio tmp: Tabla temporal o staging usada para calculos, reportes, importaciones o procesos intermedios. Por su nombre agrupa entidad o catalogo legacy cuyo significado debe confirmarse por uso en codigo y datos. Tiene lectura y escritura observada, por lo que probablemente participa en un flujo transaccional activo.	SEMANTIC_REVERSE_ENGINEERING_CANDIDATE	SEMANTIC_INFERENCE_REVIEW_REQUIRED	tmp	TEMPORARY_OR_STAGING	UNKNOWN_OR_BUSINESS_DATA	UNKNOWN	1	1	USED
tmp_Otros	.data_base/asgard.sql	32946	DB-TABLE-D7A7616403BF08	Physical table declared in .data_base/asgard.sql	Tabla candidata del dominio tmp: Tabla temporal o staging usada para calculos, reportes, importaciones o procesos intermedios. Por su nombre agrupa entidad o catalogo legacy cuyo significado debe confirmarse por uso en codigo y datos. Tiene lectura y escritura observada, por lo que probablemente participa en un flujo transaccional activo.	SEMANTIC_REVERSE_ENGINEERING_CANDIDATE	SEMANTIC_INFERENCE_REVIEW_REQUIRED	tmp	TEMPORARY_OR_STAGING	UNKNOWN_OR_BUSINESS_DATA	UNKNOWN	1	1	USED
tmp_montoCAG	.data_base/asgard.sql	32969	DB-TABLE-10DAC7CA6F0697	Physical table declared in .data_base/asgard.sql	Tabla candidata del dominio tmp: Tabla temporal o staging usada para calculos, reportes, importaciones o procesos intermedios. Por su nombre agrupa importe monetario o valor numerico economico. Tiene lectura y escritura observada, por lo que probablemente participa en un flujo transaccional activo.	SEMANTIC_REVERSE_ENGINEERING_CANDIDATE	SEMANTIC_INFERENCE_REVIEW_REQUIRED	tmp	TEMPORARY_OR_STAGING	UNKNOWN_OR_BUSINESS_DATA	UNKNOWN	1	1	USED
tmp_monto1erordencompra	.data_base/asgard.sql	33131	DB-TABLE-EFABD97EFD9ACC	Physical table declared in .data_base/asgard.sql	Tabla candidata del dominio tmp: Tabla temporal o staging usada para calculos, reportes, importaciones o procesos intermedios. Por su nombre agrupa importe monetario o valor numerico economico. Tiene lectura y escritura observada, por lo que probablemente participa en un flujo transaccional activo.	SEMANTIC_REVERSE_ENGINEERING_CANDIDATE	SEMANTIC_INFERENCE_REVIEW_REQUIRED	tmp	TEMPORARY_OR_STAGING	UNKNOWN_OR_BUSINESS_DATA	UNKNOWN	1	1	USED
tmp_montoordencompra	.data_base/asgard.sql	33155	DB-TABLE-BBD99637CBEBDF	Physical table declared in .data_base/asgard.sql	Tabla candidata del dominio tmp: Tabla temporal o staging usada para calculos, reportes, importaciones o procesos intermedios. Por su nombre agrupa importe monetario o valor numerico economico. Tiene lectura y escritura observada, por lo que probablemente participa en un flujo transaccional activo.	SEMANTIC_REVERSE_ENGINEERING_CANDIDATE	SEMANTIC_INFERENCE_REVIEW_REQUIRED	tmp	TEMPORARY_OR_STAGING	UNKNOWN_OR_BUSINESS_DATA	UNKNOWN	1	1	USED
tmp_datosfactura	.data_base/asgard.sql	33180	DB-TABLE-ED0F6001335E80	Physical table declared in .data_base/asgard.sql	Tabla candidata del dominio tmp: Tabla temporal o staging usada para calculos, reportes, importaciones o procesos intermedios. Por su nombre agrupa factura o documento economico/comercial. Tiene lectura y escritura observada, por lo que probablemente participa en un flujo transaccional activo.	SEMANTIC_REVERSE_ENGINEERING_CANDIDATE	SEMANTIC_INFERENCE_REVIEW_REQUIRED	tmp	TEMPORARY_OR_STAGING	UNKNOWN_OR_BUSINESS_DATA	UNKNOWN	1	1	USED
tmp_datosbl	.data_base/asgard.sql	33208	DB-TABLE-64D861F6961B18	Physical table declared in .data_base/asgard.sql	Tabla candidata del dominio tmp: Tabla temporal o staging usada para calculos, reportes, importaciones o procesos intermedios. Por su nombre agrupa entidad o catalogo legacy cuyo significado debe confirmarse por uso en codigo y datos. Tiene lectura y escritura observada, por lo que probablemente participa en un flujo transaccional activo.	SEMANTIC_REVERSE_ENGINEERING_CANDIDATE	SEMANTIC_INFERENCE_REVIEW_REQUIRED	tmp	TEMPORARY_OR_STAGING	UNKNOWN_OR_BUSINESS_DATA	UNKNOWN	1	1	USED
tmp_datoscp	.data_base/asgard.sql	33232	DB-TABLE-5440D388BDD590	Physical table declared in .data_base/asgard.sql	Tabla candidata del dominio tmp: Tabla temporal o staging usada para calculos, reportes, importaciones o procesos intermedios. Por su nombre agrupa entidad o catalogo legacy cuyo significado debe confirmarse por uso en codigo y datos. Tiene lectura y escritura observada, por lo que probablemente participa en un flujo transaccional activo.	SEMANTIC_REVERSE_ENGINEERING_CANDIDATE	SEMANTIC_INFERENCE_REVIEW_REQUIRED	tmp	TEMPORARY_OR_STAGING	UNKNOWN_OR_BUSINESS_DATA	UNKNOWN	1	1	USED
tmp_embarquesmagnitudes	.data_base/asgard.sql	33256	DB-TABLE-EAC4703B5A3A13	Physical table declared in .data_base/asgard.sql	Tabla candidata del dominio tmp: Tabla temporal o staging usada para calculos, reportes, importaciones o procesos intermedios. Por su nombre agrupa embarques o movimientos logisticos/aduaneros, embarque o movimiento logistico/aduanero. Tiene lectura y escritura observada, por lo que probablemente participa en un flujo transaccional activo.	SEMANTIC_REVERSE_ENGINEERING_CANDIDATE	SEMANTIC_INFERENCE_REVIEW_REQUIRED	tmp	TEMPORARY_OR_STAGING	LIKELY_PERSONAL_OR_SENSITIVE	UNKNOWN	1	1	USED
tmp_factura	.data_base/asgard.sql	33291	DB-TABLE-2748DAEDF90A74	Physical table declared in .data_base/asgard.sql	Tabla candidata del dominio tmp: Tabla temporal o staging usada para calculos, reportes, importaciones o procesos intermedios. Por su nombre agrupa factura o documento economico/comercial. Tiene lectura y escritura observada, por lo que probablemente participa en un flujo transaccional activo.	SEMANTIC_REVERSE_ENGINEERING_CANDIDATE	SEMANTIC_INFERENCE_REVIEW_REQUIRED	tmp	TEMPORARY_OR_STAGING	UNKNOWN_OR_BUSINESS_DATA	UNKNOWN	1	1	USED
tmp_datosga	.data_base/asgard.sql	33317	DB-TABLE-0ADE446E8055BD	Physical table declared in .data_base/asgard.sql	Tabla candidata del dominio tmp: Tabla temporal o staging usada para calculos, reportes, importaciones o procesos intermedios. Por su nombre agrupa entidad o catalogo legacy cuyo significado debe confirmarse por uso en codigo y datos. Tiene lectura y escritura observada, por lo que probablemente participa en un flujo transaccional activo.	SEMANTIC_REVERSE_ENGINEERING_CANDIDATE	SEMANTIC_INFERENCE_REVIEW_REQUIRED	tmp	TEMPORARY_OR_STAGING	UNKNOWN_OR_BUSINESS_DATA	UNKNOWN	1	1	USED
tmp_costosseguro	.data_base/asgard.sql	33341	DB-TABLE-CB52BC85E0DDDB	Physical table declared in .data_base/asgard.sql	Tabla candidata del dominio tmp: Tabla temporal o staging usada para calculos, reportes, importaciones o procesos intermedios. Por su nombre agrupa costos, gastos o valores economicos asociados a la operacion, costo, gasto o valor economico asociado a la operacion. Tiene lectura y escritura observada, por lo que probablemente participa en un flujo transaccional activo.	SEMANTIC_REVERSE_ENGINEERING_CANDIDATE	SEMANTIC_INFERENCE_REVIEW_REQUIRED	tmp	TEMPORARY_OR_STAGING	UNKNOWN_OR_BUSINESS_DATA	UNKNOWN	1	1	USED
tmp_costoslogisticos	.data_base/asgard.sql	33372	DB-TABLE-4A3948CDD3EEEA	Physical table declared in .data_base/asgard.sql	Tabla candidata del dominio tmp: Tabla temporal o staging usada para calculos, reportes, importaciones o procesos intermedios. Por su nombre agrupa costos, gastos o valores economicos asociados a la operacion, costo, gasto o valor economico asociado a la operacion. Tiene lectura y escritura observada, por lo que probablemente participa en un flujo transaccional activo.	SEMANTIC_REVERSE_ENGINEERING_CANDIDATE	SEMANTIC_INFERENCE_REVIEW_REQUIRED	tmp	TEMPORARY_OR_STAGING	UNKNOWN_OR_BUSINESS_DATA	UNKNOWN	1	1	USED
tmp_paisorigen	.data_base/asgard.sql	33404	DB-TABLE-AF7E3DE0BBD16A	Physical table declared in .data_base/asgard.sql	Tabla candidata del dominio tmp: Tabla temporal o staging usada para calculos, reportes, importaciones o procesos intermedios. Por su nombre agrupa entidad o catalogo legacy cuyo significado debe confirmarse por uso en codigo y datos. Tiene lectura y escritura observada, por lo que probablemente participa en un flujo transaccional activo.	SEMANTIC_REVERSE_ENGINEERING_CANDIDATE	SEMANTIC_INFERENCE_REVIEW_REQUIRED	tmp	TEMPORARY_OR_STAGING	UNKNOWN_OR_BUSINESS_DATA	UNKNOWN	1	1	USED
tmp_liquidacion	.data_base/asgard.sql	33429	DB-TABLE-E73257BB2DB88B	Physical table declared in .data_base/asgard.sql	Tabla candidata del dominio tmp: Tabla temporal o staging usada para calculos, reportes, importaciones o procesos intermedios. Por su nombre agrupa entidad o catalogo legacy cuyo significado debe confirmarse por uso en codigo y datos. Tiene lectura y escritura observada, por lo que probablemente participa en un flujo transaccional activo.	SEMANTIC_REVERSE_ENGINEERING_CANDIDATE	SEMANTIC_INFERENCE_REVIEW_REQUIRED	tmp	TEMPORARY_OR_STAGING	LIKELY_PERSONAL_OR_SENSITIVE	UNKNOWN	1	1	USED
tmp_montoGA	.data_base/asgard.sql	33454	DB-TABLE-5D945651945367	Physical table declared in .data_base/asgard.sql	Tabla candidata del dominio tmp: Tabla temporal o staging usada para calculos, reportes, importaciones o procesos intermedios. Por su nombre agrupa importe monetario o valor numerico economico. Tiene lectura y escritura observada, por lo que probablemente participa en un flujo transaccional activo.	SEMANTIC_REVERSE_ENGINEERING_CANDIDATE	SEMANTIC_INFERENCE_REVIEW_REQUIRED	tmp	TEMPORARY_OR_STAGING	UNKNOWN_OR_BUSINESS_DATA	UNKNOWN	1	1	USED
tmp_montoIVA	.data_base/asgard.sql	33481	DB-TABLE-E6380B42B93FD3	Physical table declared in .data_base/asgard.sql	Tabla candidata del dominio tmp: Tabla temporal o staging usada para calculos, reportes, importaciones o procesos intermedios. Por su nombre agrupa importe monetario o valor numerico economico. Tiene lectura y escritura observada, por lo que probablemente participa en un flujo transaccional activo.	SEMANTIC_REVERSE_ENGINEERING_CANDIDATE	SEMANTIC_INFERENCE_REVIEW_REQUIRED	tmp	TEMPORARY_OR_STAGING	UNKNOWN_OR_BUSINESS_DATA	UNKNOWN	1	1	USED
tmp_recinto	.data_base/asgard.sql	33508	DB-TABLE-2F6423FDD9BD97	Physical table declared in .data_base/asgard.sql	Tabla candidata del dominio tmp: Tabla temporal o staging usada para calculos, reportes, importaciones o procesos intermedios. Por su nombre agrupa entidad o catalogo legacy cuyo significado debe confirmarse por uso en codigo y datos. Tiene lectura y escritura observada, por lo que probablemente participa en un flujo transaccional activo.	SEMANTIC_REVERSE_ENGINEERING_CANDIDATE	SEMANTIC_INFERENCE_REVIEW_REQUIRED	tmp	TEMPORARY_OR_STAGING	LIKELY_PERSONAL_OR_SENSITIVE	UNKNOWN	1	1	USED
tmp_TSLG	.data_base/asgard.sql	33569	DB-TABLE-9CC76ED19D88B1	Physical table declared in .data_base/asgard.sql	Tabla candidata del dominio tmp: Tabla temporal o staging usada para calculos, reportes, importaciones o procesos intermedios. Por su nombre agrupa entidad o catalogo legacy cuyo significado debe confirmarse por uso en codigo y datos. Tiene lectura y escritura observada, por lo que probablemente participa en un flujo transaccional activo.	SEMANTIC_REVERSE_ENGINEERING_CANDIDATE	SEMANTIC_INFERENCE_REVIEW_REQUIRED	tmp	TEMPORARY_OR_STAGING	UNKNOWN_OR_BUSINESS_DATA	UNKNOWN	1	1	USED
tmp_montoGDE	.data_base/asgard.sql	33618	DB-TABLE-2D1FF198707B86	Physical table declared in .data_base/asgard.sql	Tabla candidata del dominio tmp: Tabla temporal o staging usada para calculos, reportes, importaciones o procesos intermedios. Por su nombre agrupa importe monetario o valor numerico economico. Tiene lectura y escritura observada, por lo que probablemente participa en un flujo transaccional activo.	SEMANTIC_REVERSE_ENGINEERING_CANDIDATE	SEMANTIC_INFERENCE_REVIEW_REQUIRED	tmp	TEMPORARY_OR_STAGING	UNKNOWN_OR_BUSINESS_DATA	UNKNOWN	1	1	USED
tmp_ESSLG	.data_base/asgard.sql	33646	DB-TABLE-19FD67035E6ACF	Physical table declared in .data_base/asgard.sql	Tabla candidata del dominio tmp: Tabla temporal o staging usada para calculos, reportes, importaciones o procesos intermedios. Por su nombre agrupa entidad o catalogo legacy cuyo significado debe confirmarse por uso en codigo y datos. Tiene lectura y escritura observada, por lo que probablemente participa en un flujo transaccional activo.	SEMANTIC_REVERSE_ENGINEERING_CANDIDATE	SEMANTIC_INFERENCE_REVIEW_REQUIRED	tmp	TEMPORARY_OR_STAGING	UNKNOWN_OR_BUSINESS_DATA	UNKNOWN	1	1	USED
tmp_Otros	.data_base/asgard.sql	33697	DB-TABLE-3A4A334DE404C4	Physical table declared in .data_base/asgard.sql	Tabla candidata del dominio tmp: Tabla temporal o staging usada para calculos, reportes, importaciones o procesos intermedios. Por su nombre agrupa entidad o catalogo legacy cuyo significado debe confirmarse por uso en codigo y datos. Tiene lectura y escritura observada, por lo que probablemente participa en un flujo transaccional activo.	SEMANTIC_REVERSE_ENGINEERING_CANDIDATE	SEMANTIC_INFERENCE_REVIEW_REQUIRED	tmp	TEMPORARY_OR_STAGING	UNKNOWN_OR_BUSINESS_DATA	UNKNOWN	1	1	USED
tmp_montoCAG	.data_base/asgard.sql	33749	DB-TABLE-DEF0B0E7F13BC8	Physical table declared in .data_base/asgard.sql	Tabla candidata del dominio tmp: Tabla temporal o staging usada para calculos, reportes, importaciones o procesos intermedios. Por su nombre agrupa importe monetario o valor numerico economico. Tiene lectura y escritura observada, por lo que probablemente participa en un flujo transaccional activo.	SEMANTIC_REVERSE_ENGINEERING_CANDIDATE	SEMANTIC_INFERENCE_REVIEW_REQUIRED	tmp	TEMPORARY_OR_STAGING	UNKNOWN_OR_BUSINESS_DATA	UNKNOWN	1	1	USED
tmp_costofleteaereo	.data_base/asgard.sql	33776	DB-TABLE-E026CDDA622F5F	Physical table declared in .data_base/asgard.sql	Tabla candidata del dominio tmp: Tabla temporal o staging usada para calculos, reportes, importaciones o procesos intermedios. Por su nombre agrupa costo, gasto o valor economico asociado a la operacion. Tiene lectura y escritura observada, por lo que probablemente participa en un flujo transaccional activo.	SEMANTIC_REVERSE_ENGINEERING_CANDIDATE	SEMANTIC_INFERENCE_REVIEW_REQUIRED	tmp	TEMPORARY_OR_STAGING	UNKNOWN_OR_BUSINESS_DATA	UNKNOWN	1	1	USED
tmp_costofletemaritimo	.data_base/asgard.sql	33806	DB-TABLE-EB811ED077B6F0	Physical table declared in .data_base/asgard.sql	Tabla candidata del dominio tmp: Tabla temporal o staging usada para calculos, reportes, importaciones o procesos intermedios. Por su nombre agrupa costo, gasto o valor economico asociado a la operacion. Tiene lectura y escritura observada, por lo que probablemente participa en un flujo transaccional activo.	SEMANTIC_REVERSE_ENGINEERING_CANDIDATE	SEMANTIC_INFERENCE_REVIEW_REQUIRED	tmp	TEMPORARY_OR_STAGING	UNKNOWN_OR_BUSINESS_DATA	UNKNOWN	1	1	USED
tmp_costofleteterrestre	.data_base/asgard.sql	33836	DB-TABLE-6ECA584DBBEA81	Physical table declared in .data_base/asgard.sql	Tabla candidata del dominio tmp: Tabla temporal o staging usada para calculos, reportes, importaciones o procesos intermedios. Por su nombre agrupa costo, gasto o valor economico asociado a la operacion. Tiene lectura y escritura observada, por lo que probablemente participa en un flujo transaccional activo.	SEMANTIC_REVERSE_ENGINEERING_CANDIDATE	SEMANTIC_INFERENCE_REVIEW_REQUIRED	tmp	TEMPORARY_OR_STAGING	UNKNOWN_OR_BUSINESS_DATA	UNKNOWN	1	1	USED
tmp_costofleteotros	.data_base/asgard.sql	33866	DB-TABLE-9F80FB68B1403B	Physical table declared in .data_base/asgard.sql	Tabla candidata del dominio tmp: Tabla temporal o staging usada para calculos, reportes, importaciones o procesos intermedios. Por su nombre agrupa costo, gasto o valor economico asociado a la operacion. Tiene lectura y escritura observada, por lo que probablemente participa en un flujo transaccional activo.	SEMANTIC_REVERSE_ENGINEERING_CANDIDATE	SEMANTIC_INFERENCE_REVIEW_REQUIRED	tmp	TEMPORARY_OR_STAGING	UNKNOWN_OR_BUSINESS_DATA	UNKNOWN	1	1	USED
tmp_costosproveedor	.data_base/asgard.sql	33898	DB-TABLE-4241DCD2A07475	Physical table declared in .data_base/asgard.sql	Tabla candidata del dominio tmp: Tabla temporal o staging usada para calculos, reportes, importaciones o procesos intermedios. Por su nombre agrupa proveedor o tercero participante en el proceso, costos, gastos o valores economicos asociados a la operacion, costo, gasto o valor economico asociado a la operacion. Tiene lectura y escritura observada, por lo que probablemente participa en un flujo transaccional activo.	SEMANTIC_REVERSE_ENGINEERING_CANDIDATE	SEMANTIC_INFERENCE_REVIEW_REQUIRED	tmp	TEMPORARY_OR_STAGING	UNKNOWN_OR_BUSINESS_DATA	UNKNOWN	1	1	USED
tmp_contenedores	.data_base/asgard.sql	33928	DB-TABLE-BA23BFA15E6732	Physical table declared in .data_base/asgard.sql	Tabla candidata del dominio tmp: Tabla temporal o staging usada para calculos, reportes, importaciones o procesos intermedios. Por su nombre agrupa contenedor o unidad de transporte. Tiene lectura y escritura observada, por lo que probablemente participa en un flujo transaccional activo.	SEMANTIC_REVERSE_ENGINEERING_CANDIDATE	SEMANTIC_INFERENCE_REVIEW_REQUIRED	tmp	TEMPORARY_OR_STAGING	UNKNOWN_OR_BUSINESS_DATA	UNKNOWN	1	1	USED
tmp_montoLEG	.data_base/asgard.sql	33955	DB-TABLE-27611BE577B1B6	Physical table declared in .data_base/asgard.sql	Tabla candidata del dominio tmp: Tabla temporal o staging usada para calculos, reportes, importaciones o procesos intermedios. Por su nombre agrupa importe monetario o valor numerico economico. Tiene lectura y escritura observada, por lo que probablemente participa en un flujo transaccional activo.	SEMANTIC_REVERSE_ENGINEERING_CANDIDATE	SEMANTIC_INFERENCE_REVIEW_REQUIRED	tmp	TEMPORARY_OR_STAGING	UNKNOWN_OR_BUSINESS_DATA	UNKNOWN	1	1	USED
tmp_paisOrigenEX	.data_base/asgard.sql	33982	DB-TABLE-F16DFC8D802FDF	Physical table declared in .data_base/asgard.sql	Tabla candidata del dominio tmp: Tabla temporal o staging usada para calculos, reportes, importaciones o procesos intermedios. Por su nombre agrupa entidad o catalogo legacy cuyo significado debe confirmarse por uso en codigo y datos. Tiene lectura y escritura observada, por lo que probablemente participa en un flujo transaccional activo.	SEMANTIC_REVERSE_ENGINEERING_CANDIDATE	SEMANTIC_INFERENCE_REVIEW_REQUIRED	tmp	TEMPORARY_OR_STAGING	UNKNOWN_OR_BUSINESS_DATA	UNKNOWN	1	1	USED
tmp_monto1erordencompra	.data_base/asgard.sql	34329	DB-TABLE-2DD8149B24E370	Physical table declared in .data_base/asgard.sql	Tabla candidata del dominio tmp: Tabla temporal o staging usada para calculos, reportes, importaciones o procesos intermedios. Por su nombre agrupa importe monetario o valor numerico economico. Tiene lectura y escritura observada, por lo que probablemente participa en un flujo transaccional activo.	SEMANTIC_REVERSE_ENGINEERING_CANDIDATE	SEMANTIC_INFERENCE_REVIEW_REQUIRED	tmp	TEMPORARY_OR_STAGING	UNKNOWN_OR_BUSINESS_DATA	UNKNOWN	1	1	USED
tmp_montoordencompra	.data_base/asgard.sql	34349	DB-TABLE-B102FBD0A8E7A7	Physical table declared in .data_base/asgard.sql	Tabla candidata del dominio tmp: Tabla temporal o staging usada para calculos, reportes, importaciones o procesos intermedios. Por su nombre agrupa importe monetario o valor numerico economico. Tiene lectura y escritura observada, por lo que probablemente participa en un flujo transaccional activo.	SEMANTIC_REVERSE_ENGINEERING_CANDIDATE	SEMANTIC_INFERENCE_REVIEW_REQUIRED	tmp	TEMPORARY_OR_STAGING	UNKNOWN_OR_BUSINESS_DATA	UNKNOWN	1	1	USED
tmp_datosfactura	.data_base/asgard.sql	34370	DB-TABLE-24A2F761145711	Physical table declared in .data_base/asgard.sql	Tabla candidata del dominio tmp: Tabla temporal o staging usada para calculos, reportes, importaciones o procesos intermedios. Por su nombre agrupa factura o documento economico/comercial. Tiene lectura y escritura observada, por lo que probablemente participa en un flujo transaccional activo.	SEMANTIC_REVERSE_ENGINEERING_CANDIDATE	SEMANTIC_INFERENCE_REVIEW_REQUIRED	tmp	TEMPORARY_OR_STAGING	UNKNOWN_OR_BUSINESS_DATA	UNKNOWN	1	1	USED
tmp_datosbl	.data_base/asgard.sql	34394	DB-TABLE-F043E05058C7CE	Physical table declared in .data_base/asgard.sql	Tabla candidata del dominio tmp: Tabla temporal o staging usada para calculos, reportes, importaciones o procesos intermedios. Por su nombre agrupa entidad o catalogo legacy cuyo significado debe confirmarse por uso en codigo y datos. Tiene lectura y escritura observada, por lo que probablemente participa en un flujo transaccional activo.	SEMANTIC_REVERSE_ENGINEERING_CANDIDATE	SEMANTIC_INFERENCE_REVIEW_REQUIRED	tmp	TEMPORARY_OR_STAGING	UNKNOWN_OR_BUSINESS_DATA	UNKNOWN	1	1	USED
tmp_datoscp	.data_base/asgard.sql	34414	DB-TABLE-7D32E8C46A6517	Physical table declared in .data_base/asgard.sql	Tabla candidata del dominio tmp: Tabla temporal o staging usada para calculos, reportes, importaciones o procesos intermedios. Por su nombre agrupa entidad o catalogo legacy cuyo significado debe confirmarse por uso en codigo y datos. Tiene lectura y escritura observada, por lo que probablemente participa en un flujo transaccional activo.	SEMANTIC_REVERSE_ENGINEERING_CANDIDATE	SEMANTIC_INFERENCE_REVIEW_REQUIRED	tmp	TEMPORARY_OR_STAGING	UNKNOWN_OR_BUSINESS_DATA	UNKNOWN	1	1	USED
tmp_embarquesmagnitudes	.data_base/asgard.sql	34434	DB-TABLE-D01CC364F888E8	Physical table declared in .data_base/asgard.sql	Tabla candidata del dominio tmp: Tabla temporal o staging usada para calculos, reportes, importaciones o procesos intermedios. Por su nombre agrupa embarques o movimientos logisticos/aduaneros, embarque o movimiento logistico/aduanero. Tiene lectura y escritura observada, por lo que probablemente participa en un flujo transaccional activo.	SEMANTIC_REVERSE_ENGINEERING_CANDIDATE	SEMANTIC_INFERENCE_REVIEW_REQUIRED	tmp	TEMPORARY_OR_STAGING	LIKELY_PERSONAL_OR_SENSITIVE	UNKNOWN	1	1	USED
tmp_factura	.data_base/asgard.sql	34465	DB-TABLE-BFE1E772F16041	Physical table declared in .data_base/asgard.sql	Tabla candidata del dominio tmp: Tabla temporal o staging usada para calculos, reportes, importaciones o procesos intermedios. Por su nombre agrupa factura o documento economico/comercial. Tiene lectura y escritura observada, por lo que probablemente participa en un flujo transaccional activo.	SEMANTIC_REVERSE_ENGINEERING_CANDIDATE	SEMANTIC_INFERENCE_REVIEW_REQUIRED	tmp	TEMPORARY_OR_STAGING	UNKNOWN_OR_BUSINESS_DATA	UNKNOWN	1	1	USED
tmp_factura1	.data_base/asgard.sql	34487	DB-TABLE-FE27FE59772EAF	Physical table declared in .data_base/asgard.sql	Tabla candidata del dominio tmp: Tabla temporal o staging usada para calculos, reportes, importaciones o procesos intermedios. Por su nombre agrupa factura o documento economico/comercial. Tiene lectura y escritura observada, por lo que probablemente participa en un flujo transaccional activo.	SEMANTIC_REVERSE_ENGINEERING_CANDIDATE	SEMANTIC_INFERENCE_REVIEW_REQUIRED	tmp	TEMPORARY_OR_STAGING	UNKNOWN_OR_BUSINESS_DATA	UNKNOWN	1	1	USED
tmp_factura2	.data_base/asgard.sql	34509	DB-TABLE-790923A131E50A	Physical table declared in .data_base/asgard.sql	Tabla candidata del dominio tmp: Tabla temporal o staging usada para calculos, reportes, importaciones o procesos intermedios. Por su nombre agrupa factura o documento economico/comercial. Tiene lectura y escritura observada, por lo que probablemente participa en un flujo transaccional activo.	SEMANTIC_REVERSE_ENGINEERING_CANDIDATE	SEMANTIC_INFERENCE_REVIEW_REQUIRED	tmp	TEMPORARY_OR_STAGING	UNKNOWN_OR_BUSINESS_DATA	UNKNOWN	1	1	USED
tmp_datosga	.data_base/asgard.sql	34534	DB-TABLE-EB045FE938AEB7	Physical table declared in .data_base/asgard.sql	Tabla candidata del dominio tmp: Tabla temporal o staging usada para calculos, reportes, importaciones o procesos intermedios. Por su nombre agrupa entidad o catalogo legacy cuyo significado debe confirmarse por uso en codigo y datos. Tiene lectura y escritura observada, por lo que probablemente participa en un flujo transaccional activo.	SEMANTIC_REVERSE_ENGINEERING_CANDIDATE	SEMANTIC_INFERENCE_REVIEW_REQUIRED	tmp	TEMPORARY_OR_STAGING	UNKNOWN_OR_BUSINESS_DATA	UNKNOWN	1	1	USED
tmp_costosseguro	.data_base/asgard.sql	34554	DB-TABLE-0E3FE0950B3A8D	Physical table declared in .data_base/asgard.sql	Tabla candidata del dominio tmp: Tabla temporal o staging usada para calculos, reportes, importaciones o procesos intermedios. Por su nombre agrupa costos, gastos o valores economicos asociados a la operacion, costo, gasto o valor economico asociado a la operacion. Tiene lectura y escritura observada, por lo que probablemente participa en un flujo transaccional activo.	SEMANTIC_REVERSE_ENGINEERING_CANDIDATE	SEMANTIC_INFERENCE_REVIEW_REQUIRED	tmp	TEMPORARY_OR_STAGING	UNKNOWN_OR_BUSINESS_DATA	UNKNOWN	1	1	USED
tmp_costoslogisticos	.data_base/asgard.sql	34581	DB-TABLE-BB4AA52A1787E1	Physical table declared in .data_base/asgard.sql	Tabla candidata del dominio tmp: Tabla temporal o staging usada para calculos, reportes, importaciones o procesos intermedios. Por su nombre agrupa costos, gastos o valores economicos asociados a la operacion, costo, gasto o valor economico asociado a la operacion. Tiene lectura y escritura observada, por lo que probablemente participa en un flujo transaccional activo.	SEMANTIC_REVERSE_ENGINEERING_CANDIDATE	SEMANTIC_INFERENCE_REVIEW_REQUIRED	tmp	TEMPORARY_OR_STAGING	UNKNOWN_OR_BUSINESS_DATA	UNKNOWN	1	1	USED
tmp_paisorigen	.data_base/asgard.sql	34609	DB-TABLE-321FEE2E926FCC	Physical table declared in .data_base/asgard.sql	Tabla candidata del dominio tmp: Tabla temporal o staging usada para calculos, reportes, importaciones o procesos intermedios. Por su nombre agrupa entidad o catalogo legacy cuyo significado debe confirmarse por uso en codigo y datos. Tiene lectura y escritura observada, por lo que probablemente participa en un flujo transaccional activo.	SEMANTIC_REVERSE_ENGINEERING_CANDIDATE	SEMANTIC_INFERENCE_REVIEW_REQUIRED	tmp	TEMPORARY_OR_STAGING	UNKNOWN_OR_BUSINESS_DATA	UNKNOWN	1	1	USED
tmp_liquidacion	.data_base/asgard.sql	34630	DB-TABLE-C45D63B6E77ECF	Physical table declared in .data_base/asgard.sql	Tabla candidata del dominio tmp: Tabla temporal o staging usada para calculos, reportes, importaciones o procesos intermedios. Por su nombre agrupa entidad o catalogo legacy cuyo significado debe confirmarse por uso en codigo y datos. Tiene lectura y escritura observada, por lo que probablemente participa en un flujo transaccional activo.	SEMANTIC_REVERSE_ENGINEERING_CANDIDATE	SEMANTIC_INFERENCE_REVIEW_REQUIRED	tmp	TEMPORARY_OR_STAGING	LIKELY_PERSONAL_OR_SENSITIVE	UNKNOWN	1	1	USED
tmp_montoGA	.data_base/asgard.sql	34654	DB-TABLE-A50452EC4B5B1D	Physical table declared in .data_base/asgard.sql	Tabla candidata del dominio tmp: Tabla temporal o staging usada para calculos, reportes, importaciones o procesos intermedios. Por su nombre agrupa importe monetario o valor numerico economico. Tiene lectura y escritura observada, por lo que probablemente participa en un flujo transaccional activo.	SEMANTIC_REVERSE_ENGINEERING_CANDIDATE	SEMANTIC_INFERENCE_REVIEW_REQUIRED	tmp	TEMPORARY_OR_STAGING	UNKNOWN_OR_BUSINESS_DATA	UNKNOWN	1	1	USED
tmp_montoIVA	.data_base/asgard.sql	34677	DB-TABLE-432F0799A16D3B	Physical table declared in .data_base/asgard.sql	Tabla candidata del dominio tmp: Tabla temporal o staging usada para calculos, reportes, importaciones o procesos intermedios. Por su nombre agrupa importe monetario o valor numerico economico. Tiene lectura y escritura observada, por lo que probablemente participa en un flujo transaccional activo.	SEMANTIC_REVERSE_ENGINEERING_CANDIDATE	SEMANTIC_INFERENCE_REVIEW_REQUIRED	tmp	TEMPORARY_OR_STAGING	UNKNOWN_OR_BUSINESS_DATA	UNKNOWN	1	1	USED
tmp_montoICE	.data_base/asgard.sql	34700	DB-TABLE-95DB94D8CE5BC9	Physical table declared in .data_base/asgard.sql	Tabla candidata del dominio tmp: Tabla temporal o staging usada para calculos, reportes, importaciones o procesos intermedios. Por su nombre agrupa importe monetario o valor numerico economico. Tiene lectura y escritura observada, por lo que probablemente participa en un flujo transaccional activo.	SEMANTIC_REVERSE_ENGINEERING_CANDIDATE	SEMANTIC_INFERENCE_REVIEW_REQUIRED	tmp	TEMPORARY_OR_STAGING	UNKNOWN_OR_BUSINESS_DATA	UNKNOWN	1	1	USED
tmp_montoIEHD	.data_base/asgard.sql	34723	DB-TABLE-1304AB5CACFC35	Physical table declared in .data_base/asgard.sql	Tabla candidata del dominio tmp: Tabla temporal o staging usada para calculos, reportes, importaciones o procesos intermedios. Por su nombre agrupa importe monetario o valor numerico economico. Tiene lectura y escritura observada, por lo que probablemente participa en un flujo transaccional activo.	SEMANTIC_REVERSE_ENGINEERING_CANDIDATE	SEMANTIC_INFERENCE_REVIEW_REQUIRED	tmp	TEMPORARY_OR_STAGING	UNKNOWN_OR_BUSINESS_DATA	UNKNOWN	1	1	USED
tmp_montoICD	.data_base/asgard.sql	34746	DB-TABLE-CDE823C6DFD38C	Physical table declared in .data_base/asgard.sql	Tabla candidata del dominio tmp: Tabla temporal o staging usada para calculos, reportes, importaciones o procesos intermedios. Por su nombre agrupa importe monetario o valor numerico economico. Tiene lectura y escritura observada, por lo que probablemente participa en un flujo transaccional activo.	SEMANTIC_REVERSE_ENGINEERING_CANDIDATE	SEMANTIC_INFERENCE_REVIEW_REQUIRED	tmp	TEMPORARY_OR_STAGING	UNKNOWN_OR_BUSINESS_DATA	UNKNOWN	1	1	USED
tmp_recinto	.data_base/asgard.sql	34771	DB-TABLE-FBC10B01FEFA95	Physical table declared in .data_base/asgard.sql	Tabla candidata del dominio tmp: Tabla temporal o staging usada para calculos, reportes, importaciones o procesos intermedios. Por su nombre agrupa entidad o catalogo legacy cuyo significado debe confirmarse por uso en codigo y datos. Tiene lectura y escritura observada, por lo que probablemente participa en un flujo transaccional activo.	SEMANTIC_REVERSE_ENGINEERING_CANDIDATE	SEMANTIC_INFERENCE_REVIEW_REQUIRED	tmp	TEMPORARY_OR_STAGING	LIKELY_PERSONAL_OR_SENSITIVE	UNKNOWN	1	1	USED
tmp_TSLG	.data_base/asgard.sql	34823	DB-TABLE-08F52D10BFE20F	Physical table declared in .data_base/asgard.sql	Tabla candidata del dominio tmp: Tabla temporal o staging usada para calculos, reportes, importaciones o procesos intermedios. Por su nombre agrupa entidad o catalogo legacy cuyo significado debe confirmarse por uso en codigo y datos. Tiene lectura y escritura observada, por lo que probablemente participa en un flujo transaccional activo.	SEMANTIC_REVERSE_ENGINEERING_CANDIDATE	SEMANTIC_INFERENCE_REVIEW_REQUIRED	tmp	TEMPORARY_OR_STAGING	UNKNOWN_OR_BUSINESS_DATA	UNKNOWN	1	1	USED
tmp_montoGDE	.data_base/asgard.sql	34864	DB-TABLE-2244A09BD67A57	Physical table declared in .data_base/asgard.sql	Tabla candidata del dominio tmp: Tabla temporal o staging usada para calculos, reportes, importaciones o procesos intermedios. Por su nombre agrupa importe monetario o valor numerico economico. Tiene lectura y escritura observada, por lo que probablemente participa en un flujo transaccional activo.	SEMANTIC_REVERSE_ENGINEERING_CANDIDATE	SEMANTIC_INFERENCE_REVIEW_REQUIRED	tmp	TEMPORARY_OR_STAGING	UNKNOWN_OR_BUSINESS_DATA	UNKNOWN	1	1	USED
tmp_ESSLG	.data_base/asgard.sql	34888	DB-TABLE-7FCAD92F643966	Physical table declared in .data_base/asgard.sql	Tabla candidata del dominio tmp: Tabla temporal o staging usada para calculos, reportes, importaciones o procesos intermedios. Por su nombre agrupa entidad o catalogo legacy cuyo significado debe confirmarse por uso en codigo y datos. Tiene lectura y escritura observada, por lo que probablemente participa en un flujo transaccional activo.	SEMANTIC_REVERSE_ENGINEERING_CANDIDATE	SEMANTIC_INFERENCE_REVIEW_REQUIRED	tmp	TEMPORARY_OR_STAGING	UNKNOWN_OR_BUSINESS_DATA	UNKNOWN	1	1	USED
tmp_Otros	.data_base/asgard.sql	34931	DB-TABLE-ABEF3F390F6D74	Physical table declared in .data_base/asgard.sql	Tabla candidata del dominio tmp: Tabla temporal o staging usada para calculos, reportes, importaciones o procesos intermedios. Por su nombre agrupa entidad o catalogo legacy cuyo significado debe confirmarse por uso en codigo y datos. Tiene lectura y escritura observada, por lo que probablemente participa en un flujo transaccional activo.	SEMANTIC_REVERSE_ENGINEERING_CANDIDATE	SEMANTIC_INFERENCE_REVIEW_REQUIRED	tmp	TEMPORARY_OR_STAGING	UNKNOWN_OR_BUSINESS_DATA	UNKNOWN	1	1	USED
tmp_montoCAG	.data_base/asgard.sql	34975	DB-TABLE-ED340473F0E8D9	Physical table declared in .data_base/asgard.sql	Tabla candidata del dominio tmp: Tabla temporal o staging usada para calculos, reportes, importaciones o procesos intermedios. Por su nombre agrupa importe monetario o valor numerico economico. Tiene lectura y escritura observada, por lo que probablemente participa en un flujo transaccional activo.	SEMANTIC_REVERSE_ENGINEERING_CANDIDATE	SEMANTIC_INFERENCE_REVIEW_REQUIRED	tmp	TEMPORARY_OR_STAGING	UNKNOWN_OR_BUSINESS_DATA	UNKNOWN	1	1	USED
tmp_costofleteaereo	.data_base/asgard.sql	34998	DB-TABLE-9F138DD689360A	Physical table declared in .data_base/asgard.sql	Tabla candidata del dominio tmp: Tabla temporal o staging usada para calculos, reportes, importaciones o procesos intermedios. Por su nombre agrupa costo, gasto o valor economico asociado a la operacion. Tiene lectura y escritura observada, por lo que probablemente participa en un flujo transaccional activo.	SEMANTIC_REVERSE_ENGINEERING_CANDIDATE	SEMANTIC_INFERENCE_REVIEW_REQUIRED	tmp	TEMPORARY_OR_STAGING	UNKNOWN_OR_BUSINESS_DATA	UNKNOWN	1	1	USED
tmp_costofletemaritimo	.data_base/asgard.sql	35024	DB-TABLE-EAE2BCC0394CE1	Physical table declared in .data_base/asgard.sql	Tabla candidata del dominio tmp: Tabla temporal o staging usada para calculos, reportes, importaciones o procesos intermedios. Por su nombre agrupa costo, gasto o valor economico asociado a la operacion. Tiene lectura y escritura observada, por lo que probablemente participa en un flujo transaccional activo.	SEMANTIC_REVERSE_ENGINEERING_CANDIDATE	SEMANTIC_INFERENCE_REVIEW_REQUIRED	tmp	TEMPORARY_OR_STAGING	UNKNOWN_OR_BUSINESS_DATA	UNKNOWN	1	1	USED
tmp_costofleteterrestre	.data_base/asgard.sql	35050	DB-TABLE-ED2F85C77EFE3C	Physical table declared in .data_base/asgard.sql	Tabla candidata del dominio tmp: Tabla temporal o staging usada para calculos, reportes, importaciones o procesos intermedios. Por su nombre agrupa costo, gasto o valor economico asociado a la operacion. Tiene lectura y escritura observada, por lo que probablemente participa en un flujo transaccional activo.	SEMANTIC_REVERSE_ENGINEERING_CANDIDATE	SEMANTIC_INFERENCE_REVIEW_REQUIRED	tmp	TEMPORARY_OR_STAGING	UNKNOWN_OR_BUSINESS_DATA	UNKNOWN	1	1	USED
tmp_costofleteotros	.data_base/asgard.sql	35076	DB-TABLE-7DEE009AD1BA41	Physical table declared in .data_base/asgard.sql	Tabla candidata del dominio tmp: Tabla temporal o staging usada para calculos, reportes, importaciones o procesos intermedios. Por su nombre agrupa costo, gasto o valor economico asociado a la operacion. Tiene lectura y escritura observada, por lo que probablemente participa en un flujo transaccional activo.	SEMANTIC_REVERSE_ENGINEERING_CANDIDATE	SEMANTIC_INFERENCE_REVIEW_REQUIRED	tmp	TEMPORARY_OR_STAGING	UNKNOWN_OR_BUSINESS_DATA	UNKNOWN	1	1	USED
tmp_costosproveedor	.data_base/asgard.sql	35104	DB-TABLE-68D7F3CCC4C003	Physical table declared in .data_base/asgard.sql	Tabla candidata del dominio tmp: Tabla temporal o staging usada para calculos, reportes, importaciones o procesos intermedios. Por su nombre agrupa proveedor o tercero participante en el proceso, costos, gastos o valores economicos asociados a la operacion, costo, gasto o valor economico asociado a la operacion. Tiene lectura y escritura observada, por lo que probablemente participa en un flujo transaccional activo.	SEMANTIC_REVERSE_ENGINEERING_CANDIDATE	SEMANTIC_INFERENCE_REVIEW_REQUIRED	tmp	TEMPORARY_OR_STAGING	UNKNOWN_OR_BUSINESS_DATA	UNKNOWN	1	1	USED
tmp_contenedores	.data_base/asgard.sql	35130	DB-TABLE-9EA6EDF547FC8A	Physical table declared in .data_base/asgard.sql	Tabla candidata del dominio tmp: Tabla temporal o staging usada para calculos, reportes, importaciones o procesos intermedios. Por su nombre agrupa contenedor o unidad de transporte. Tiene lectura y escritura observada, por lo que probablemente participa en un flujo transaccional activo.	SEMANTIC_REVERSE_ENGINEERING_CANDIDATE	SEMANTIC_INFERENCE_REVIEW_REQUIRED	tmp	TEMPORARY_OR_STAGING	UNKNOWN_OR_BUSINESS_DATA	UNKNOWN	1	1	USED
tmp_montoLEG	.data_base/asgard.sql	35153	DB-TABLE-FFABA465CCC7E1	Physical table declared in .data_base/asgard.sql	Tabla candidata del dominio tmp: Tabla temporal o staging usada para calculos, reportes, importaciones o procesos intermedios. Por su nombre agrupa importe monetario o valor numerico economico. Tiene lectura y escritura observada, por lo que probablemente participa en un flujo transaccional activo.	SEMANTIC_REVERSE_ENGINEERING_CANDIDATE	SEMANTIC_INFERENCE_REVIEW_REQUIRED	tmp	TEMPORARY_OR_STAGING	UNKNOWN_OR_BUSINESS_DATA	UNKNOWN	1	1	USED
tmp_monto1erordencompra	.data_base/asgard.sql	35460	DB-TABLE-B18574CC25FC10	Physical table declared in .data_base/asgard.sql	Tabla candidata del dominio tmp: Tabla temporal o staging usada para calculos, reportes, importaciones o procesos intermedios. Por su nombre agrupa importe monetario o valor numerico economico. Tiene lectura y escritura observada, por lo que probablemente participa en un flujo transaccional activo.	SEMANTIC_REVERSE_ENGINEERING_CANDIDATE	SEMANTIC_INFERENCE_REVIEW_REQUIRED	tmp	TEMPORARY_OR_STAGING	UNKNOWN_OR_BUSINESS_DATA	UNKNOWN	1	1	USED
tmp_montoordencompra	.data_base/asgard.sql	35480	DB-TABLE-F57D5467EF4FE4	Physical table declared in .data_base/asgard.sql	Tabla candidata del dominio tmp: Tabla temporal o staging usada para calculos, reportes, importaciones o procesos intermedios. Por su nombre agrupa importe monetario o valor numerico economico. Tiene lectura y escritura observada, por lo que probablemente participa en un flujo transaccional activo.	SEMANTIC_REVERSE_ENGINEERING_CANDIDATE	SEMANTIC_INFERENCE_REVIEW_REQUIRED	tmp	TEMPORARY_OR_STAGING	UNKNOWN_OR_BUSINESS_DATA	UNKNOWN	1	1	USED
tmp_datosfactura	.data_base/asgard.sql	35501	DB-TABLE-056D7450037AF4	Physical table declared in .data_base/asgard.sql	Tabla candidata del dominio tmp: Tabla temporal o staging usada para calculos, reportes, importaciones o procesos intermedios. Por su nombre agrupa factura o documento economico/comercial. Tiene lectura y escritura observada, por lo que probablemente participa en un flujo transaccional activo.	SEMANTIC_REVERSE_ENGINEERING_CANDIDATE	SEMANTIC_INFERENCE_REVIEW_REQUIRED	tmp	TEMPORARY_OR_STAGING	UNKNOWN_OR_BUSINESS_DATA	UNKNOWN	1	1	USED
tmp_datosbl	.data_base/asgard.sql	35525	DB-TABLE-A8AA158940BDDE	Physical table declared in .data_base/asgard.sql	Tabla candidata del dominio tmp: Tabla temporal o staging usada para calculos, reportes, importaciones o procesos intermedios. Por su nombre agrupa entidad o catalogo legacy cuyo significado debe confirmarse por uso en codigo y datos. Tiene lectura y escritura observada, por lo que probablemente participa en un flujo transaccional activo.	SEMANTIC_REVERSE_ENGINEERING_CANDIDATE	SEMANTIC_INFERENCE_REVIEW_REQUIRED	tmp	TEMPORARY_OR_STAGING	UNKNOWN_OR_BUSINESS_DATA	UNKNOWN	1	1	USED
tmp_datoscp	.data_base/asgard.sql	35545	DB-TABLE-C95E98F04E92D8	Physical table declared in .data_base/asgard.sql	Tabla candidata del dominio tmp: Tabla temporal o staging usada para calculos, reportes, importaciones o procesos intermedios. Por su nombre agrupa entidad o catalogo legacy cuyo significado debe confirmarse por uso en codigo y datos. Tiene lectura y escritura observada, por lo que probablemente participa en un flujo transaccional activo.	SEMANTIC_REVERSE_ENGINEERING_CANDIDATE	SEMANTIC_INFERENCE_REVIEW_REQUIRED	tmp	TEMPORARY_OR_STAGING	UNKNOWN_OR_BUSINESS_DATA	UNKNOWN	1	1	USED
tmp_embarquesmagnitudes	.data_base/asgard.sql	35565	DB-TABLE-782E15F3B0437D	Physical table declared in .data_base/asgard.sql	Tabla candidata del dominio tmp: Tabla temporal o staging usada para calculos, reportes, importaciones o procesos intermedios. Por su nombre agrupa embarques o movimientos logisticos/aduaneros, embarque o movimiento logistico/aduanero. Tiene lectura y escritura observada, por lo que probablemente participa en un flujo transaccional activo.	SEMANTIC_REVERSE_ENGINEERING_CANDIDATE	SEMANTIC_INFERENCE_REVIEW_REQUIRED	tmp	TEMPORARY_OR_STAGING	LIKELY_PERSONAL_OR_SENSITIVE	UNKNOWN	1	1	USED
tmp_factura	.data_base/asgard.sql	35596	DB-TABLE-9356F85CCB40F5	Physical table declared in .data_base/asgard.sql	Tabla candidata del dominio tmp: Tabla temporal o staging usada para calculos, reportes, importaciones o procesos intermedios. Por su nombre agrupa factura o documento economico/comercial. Tiene lectura y escritura observada, por lo que probablemente participa en un flujo transaccional activo.	SEMANTIC_REVERSE_ENGINEERING_CANDIDATE	SEMANTIC_INFERENCE_REVIEW_REQUIRED	tmp	TEMPORARY_OR_STAGING	UNKNOWN_OR_BUSINESS_DATA	UNKNOWN	1	1	USED
tmp_factura1	.data_base/asgard.sql	35618	DB-TABLE-2ADDAEC7AA493C	Physical table declared in .data_base/asgard.sql	Tabla candidata del dominio tmp: Tabla temporal o staging usada para calculos, reportes, importaciones o procesos intermedios. Por su nombre agrupa factura o documento economico/comercial. Tiene lectura y escritura observada, por lo que probablemente participa en un flujo transaccional activo.	SEMANTIC_REVERSE_ENGINEERING_CANDIDATE	SEMANTIC_INFERENCE_REVIEW_REQUIRED	tmp	TEMPORARY_OR_STAGING	UNKNOWN_OR_BUSINESS_DATA	UNKNOWN	1	1	USED
tmp_factura2	.data_base/asgard.sql	35640	DB-TABLE-80A0964DC85E4A	Physical table declared in .data_base/asgard.sql	Tabla candidata del dominio tmp: Tabla temporal o staging usada para calculos, reportes, importaciones o procesos intermedios. Por su nombre agrupa factura o documento economico/comercial. Tiene lectura y escritura observada, por lo que probablemente participa en un flujo transaccional activo.	SEMANTIC_REVERSE_ENGINEERING_CANDIDATE	SEMANTIC_INFERENCE_REVIEW_REQUIRED	tmp	TEMPORARY_OR_STAGING	UNKNOWN_OR_BUSINESS_DATA	UNKNOWN	1	1	USED
tmp_datosga	.data_base/asgard.sql	35665	DB-TABLE-A3C07789490564	Physical table declared in .data_base/asgard.sql	Tabla candidata del dominio tmp: Tabla temporal o staging usada para calculos, reportes, importaciones o procesos intermedios. Por su nombre agrupa entidad o catalogo legacy cuyo significado debe confirmarse por uso en codigo y datos. Tiene lectura y escritura observada, por lo que probablemente participa en un flujo transaccional activo.	SEMANTIC_REVERSE_ENGINEERING_CANDIDATE	SEMANTIC_INFERENCE_REVIEW_REQUIRED	tmp	TEMPORARY_OR_STAGING	UNKNOWN_OR_BUSINESS_DATA	UNKNOWN	1	1	USED
tmp_costosseguro	.data_base/asgard.sql	35685	DB-TABLE-B13BBDC42313F7	Physical table declared in .data_base/asgard.sql	Tabla candidata del dominio tmp: Tabla temporal o staging usada para calculos, reportes, importaciones o procesos intermedios. Por su nombre agrupa costos, gastos o valores economicos asociados a la operacion, costo, gasto o valor economico asociado a la operacion. Tiene lectura y escritura observada, por lo que probablemente participa en un flujo transaccional activo.	SEMANTIC_REVERSE_ENGINEERING_CANDIDATE	SEMANTIC_INFERENCE_REVIEW_REQUIRED	tmp	TEMPORARY_OR_STAGING	UNKNOWN_OR_BUSINESS_DATA	UNKNOWN	1	1	USED
tmp_costoslogisticos	.data_base/asgard.sql	35712	DB-TABLE-C09260230A65E2	Physical table declared in .data_base/asgard.sql	Tabla candidata del dominio tmp: Tabla temporal o staging usada para calculos, reportes, importaciones o procesos intermedios. Por su nombre agrupa costos, gastos o valores economicos asociados a la operacion, costo, gasto o valor economico asociado a la operacion. Tiene lectura y escritura observada, por lo que probablemente participa en un flujo transaccional activo.	SEMANTIC_REVERSE_ENGINEERING_CANDIDATE	SEMANTIC_INFERENCE_REVIEW_REQUIRED	tmp	TEMPORARY_OR_STAGING	UNKNOWN_OR_BUSINESS_DATA	UNKNOWN	1	1	USED
tmp_paisorigen	.data_base/asgard.sql	35740	DB-TABLE-CF4E644FFEFE07	Physical table declared in .data_base/asgard.sql	Tabla candidata del dominio tmp: Tabla temporal o staging usada para calculos, reportes, importaciones o procesos intermedios. Por su nombre agrupa entidad o catalogo legacy cuyo significado debe confirmarse por uso en codigo y datos. Tiene lectura y escritura observada, por lo que probablemente participa en un flujo transaccional activo.	SEMANTIC_REVERSE_ENGINEERING_CANDIDATE	SEMANTIC_INFERENCE_REVIEW_REQUIRED	tmp	TEMPORARY_OR_STAGING	UNKNOWN_OR_BUSINESS_DATA	UNKNOWN	1	1	USED
tmp_liquidacion	.data_base/asgard.sql	35761	DB-TABLE-5326BCE2E4504C	Physical table declared in .data_base/asgard.sql	Tabla candidata del dominio tmp: Tabla temporal o staging usada para calculos, reportes, importaciones o procesos intermedios. Por su nombre agrupa entidad o catalogo legacy cuyo significado debe confirmarse por uso en codigo y datos. Tiene lectura y escritura observada, por lo que probablemente participa en un flujo transaccional activo.	SEMANTIC_REVERSE_ENGINEERING_CANDIDATE	SEMANTIC_INFERENCE_REVIEW_REQUIRED	tmp	TEMPORARY_OR_STAGING	LIKELY_PERSONAL_OR_SENSITIVE	UNKNOWN	1	1	USED
tmp_montoGA	.data_base/asgard.sql	35785	DB-TABLE-C1C79EEEF233E7	Physical table declared in .data_base/asgard.sql	Tabla candidata del dominio tmp: Tabla temporal o staging usada para calculos, reportes, importaciones o procesos intermedios. Por su nombre agrupa importe monetario o valor numerico economico. Tiene lectura y escritura observada, por lo que probablemente participa en un flujo transaccional activo.	SEMANTIC_REVERSE_ENGINEERING_CANDIDATE	SEMANTIC_INFERENCE_REVIEW_REQUIRED	tmp	TEMPORARY_OR_STAGING	UNKNOWN_OR_BUSINESS_DATA	UNKNOWN	1	1	USED
tmp_montoIVA	.data_base/asgard.sql	35808	DB-TABLE-02CA56F5FDDCEE	Physical table declared in .data_base/asgard.sql	Tabla candidata del dominio tmp: Tabla temporal o staging usada para calculos, reportes, importaciones o procesos intermedios. Por su nombre agrupa importe monetario o valor numerico economico. Tiene lectura y escritura observada, por lo que probablemente participa en un flujo transaccional activo.	SEMANTIC_REVERSE_ENGINEERING_CANDIDATE	SEMANTIC_INFERENCE_REVIEW_REQUIRED	tmp	TEMPORARY_OR_STAGING	UNKNOWN_OR_BUSINESS_DATA	UNKNOWN	1	1	USED
tmp_montoICE	.data_base/asgard.sql	35831	DB-TABLE-971B500858400C	Physical table declared in .data_base/asgard.sql	Tabla candidata del dominio tmp: Tabla temporal o staging usada para calculos, reportes, importaciones o procesos intermedios. Por su nombre agrupa importe monetario o valor numerico economico. Tiene lectura y escritura observada, por lo que probablemente participa en un flujo transaccional activo.	SEMANTIC_REVERSE_ENGINEERING_CANDIDATE	SEMANTIC_INFERENCE_REVIEW_REQUIRED	tmp	TEMPORARY_OR_STAGING	UNKNOWN_OR_BUSINESS_DATA	UNKNOWN	1	1	USED
tmp_montoIEHD	.data_base/asgard.sql	35854	DB-TABLE-CB67778A274749	Physical table declared in .data_base/asgard.sql	Tabla candidata del dominio tmp: Tabla temporal o staging usada para calculos, reportes, importaciones o procesos intermedios. Por su nombre agrupa importe monetario o valor numerico economico. Tiene lectura y escritura observada, por lo que probablemente participa en un flujo transaccional activo.	SEMANTIC_REVERSE_ENGINEERING_CANDIDATE	SEMANTIC_INFERENCE_REVIEW_REQUIRED	tmp	TEMPORARY_OR_STAGING	UNKNOWN_OR_BUSINESS_DATA	UNKNOWN	1	1	USED
tmp_montoICD	.data_base/asgard.sql	35877	DB-TABLE-02A98397949AB3	Physical table declared in .data_base/asgard.sql	Tabla candidata del dominio tmp: Tabla temporal o staging usada para calculos, reportes, importaciones o procesos intermedios. Por su nombre agrupa importe monetario o valor numerico economico. Tiene lectura y escritura observada, por lo que probablemente participa en un flujo transaccional activo.	SEMANTIC_REVERSE_ENGINEERING_CANDIDATE	SEMANTIC_INFERENCE_REVIEW_REQUIRED	tmp	TEMPORARY_OR_STAGING	UNKNOWN_OR_BUSINESS_DATA	UNKNOWN	1	1	USED
tmp_recinto	.data_base/asgard.sql	35902	DB-TABLE-93CFA907AB862F	Physical table declared in .data_base/asgard.sql	Tabla candidata del dominio tmp: Tabla temporal o staging usada para calculos, reportes, importaciones o procesos intermedios. Por su nombre agrupa entidad o catalogo legacy cuyo significado debe confirmarse por uso en codigo y datos. Tiene lectura y escritura observada, por lo que probablemente participa en un flujo transaccional activo.	SEMANTIC_REVERSE_ENGINEERING_CANDIDATE	SEMANTIC_INFERENCE_REVIEW_REQUIRED	tmp	TEMPORARY_OR_STAGING	LIKELY_PERSONAL_OR_SENSITIVE	UNKNOWN	1	1	USED
tmp_TSLG	.data_base/asgard.sql	35954	DB-TABLE-A9716112F34D80	Physical table declared in .data_base/asgard.sql	Tabla candidata del dominio tmp: Tabla temporal o staging usada para calculos, reportes, importaciones o procesos intermedios. Por su nombre agrupa entidad o catalogo legacy cuyo significado debe confirmarse por uso en codigo y datos. Tiene lectura y escritura observada, por lo que probablemente participa en un flujo transaccional activo.	SEMANTIC_REVERSE_ENGINEERING_CANDIDATE	SEMANTIC_INFERENCE_REVIEW_REQUIRED	tmp	TEMPORARY_OR_STAGING	UNKNOWN_OR_BUSINESS_DATA	UNKNOWN	1	1	USED
tmp_montoGDE	.data_base/asgard.sql	35995	DB-TABLE-7A2B7599DC458A	Physical table declared in .data_base/asgard.sql	Tabla candidata del dominio tmp: Tabla temporal o staging usada para calculos, reportes, importaciones o procesos intermedios. Por su nombre agrupa importe monetario o valor numerico economico. Tiene lectura y escritura observada, por lo que probablemente participa en un flujo transaccional activo.	SEMANTIC_REVERSE_ENGINEERING_CANDIDATE	SEMANTIC_INFERENCE_REVIEW_REQUIRED	tmp	TEMPORARY_OR_STAGING	UNKNOWN_OR_BUSINESS_DATA	UNKNOWN	1	1	USED
tmp_ESSLG	.data_base/asgard.sql	36019	DB-TABLE-F28EBB663E1E17	Physical table declared in .data_base/asgard.sql	Tabla candidata del dominio tmp: Tabla temporal o staging usada para calculos, reportes, importaciones o procesos intermedios. Por su nombre agrupa entidad o catalogo legacy cuyo significado debe confirmarse por uso en codigo y datos. Tiene lectura y escritura observada, por lo que probablemente participa en un flujo transaccional activo.	SEMANTIC_REVERSE_ENGINEERING_CANDIDATE	SEMANTIC_INFERENCE_REVIEW_REQUIRED	tmp	TEMPORARY_OR_STAGING	UNKNOWN_OR_BUSINESS_DATA	UNKNOWN	1	1	USED
tmp_Otros	.data_base/asgard.sql	36062	DB-TABLE-3FA6B39136D16A	Physical table declared in .data_base/asgard.sql	Tabla candidata del dominio tmp: Tabla temporal o staging usada para calculos, reportes, importaciones o procesos intermedios. Por su nombre agrupa entidad o catalogo legacy cuyo significado debe confirmarse por uso en codigo y datos. Tiene lectura y escritura observada, por lo que probablemente participa en un flujo transaccional activo.	SEMANTIC_REVERSE_ENGINEERING_CANDIDATE	SEMANTIC_INFERENCE_REVIEW_REQUIRED	tmp	TEMPORARY_OR_STAGING	UNKNOWN_OR_BUSINESS_DATA	UNKNOWN	1	1	USED
tmp_montoCAG	.data_base/asgard.sql	36106	DB-TABLE-9E9DBDBA366A08	Physical table declared in .data_base/asgard.sql	Tabla candidata del dominio tmp: Tabla temporal o staging usada para calculos, reportes, importaciones o procesos intermedios. Por su nombre agrupa importe monetario o valor numerico economico. Tiene lectura y escritura observada, por lo que probablemente participa en un flujo transaccional activo.	SEMANTIC_REVERSE_ENGINEERING_CANDIDATE	SEMANTIC_INFERENCE_REVIEW_REQUIRED	tmp	TEMPORARY_OR_STAGING	UNKNOWN_OR_BUSINESS_DATA	UNKNOWN	1	1	USED
tmp_costofleteaereo	.data_base/asgard.sql	36129	DB-TABLE-FA16B847A40A55	Physical table declared in .data_base/asgard.sql	Tabla candidata del dominio tmp: Tabla temporal o staging usada para calculos, reportes, importaciones o procesos intermedios. Por su nombre agrupa costo, gasto o valor economico asociado a la operacion. Tiene lectura y escritura observada, por lo que probablemente participa en un flujo transaccional activo.	SEMANTIC_REVERSE_ENGINEERING_CANDIDATE	SEMANTIC_INFERENCE_REVIEW_REQUIRED	tmp	TEMPORARY_OR_STAGING	UNKNOWN_OR_BUSINESS_DATA	UNKNOWN	1	1	USED
tmp_costofletemaritimo	.data_base/asgard.sql	36155	DB-TABLE-F756B8813A6A6A	Physical table declared in .data_base/asgard.sql	Tabla candidata del dominio tmp: Tabla temporal o staging usada para calculos, reportes, importaciones o procesos intermedios. Por su nombre agrupa costo, gasto o valor economico asociado a la operacion. Tiene lectura y escritura observada, por lo que probablemente participa en un flujo transaccional activo.	SEMANTIC_REVERSE_ENGINEERING_CANDIDATE	SEMANTIC_INFERENCE_REVIEW_REQUIRED	tmp	TEMPORARY_OR_STAGING	UNKNOWN_OR_BUSINESS_DATA	UNKNOWN	1	1	USED
tmp_costofleteterrestre	.data_base/asgard.sql	36181	DB-TABLE-26A65FA6D9B1EE	Physical table declared in .data_base/asgard.sql	Tabla candidata del dominio tmp: Tabla temporal o staging usada para calculos, reportes, importaciones o procesos intermedios. Por su nombre agrupa costo, gasto o valor economico asociado a la operacion. Tiene lectura y escritura observada, por lo que probablemente participa en un flujo transaccional activo.	SEMANTIC_REVERSE_ENGINEERING_CANDIDATE	SEMANTIC_INFERENCE_REVIEW_REQUIRED	tmp	TEMPORARY_OR_STAGING	UNKNOWN_OR_BUSINESS_DATA	UNKNOWN	1	1	USED
tmp_costofleteotros	.data_base/asgard.sql	36207	DB-TABLE-42683A8F37F417	Physical table declared in .data_base/asgard.sql	Tabla candidata del dominio tmp: Tabla temporal o staging usada para calculos, reportes, importaciones o procesos intermedios. Por su nombre agrupa costo, gasto o valor economico asociado a la operacion. Tiene lectura y escritura observada, por lo que probablemente participa en un flujo transaccional activo.	SEMANTIC_REVERSE_ENGINEERING_CANDIDATE	SEMANTIC_INFERENCE_REVIEW_REQUIRED	tmp	TEMPORARY_OR_STAGING	UNKNOWN_OR_BUSINESS_DATA	UNKNOWN	1	1	USED
tmp_costosproveedor	.data_base/asgard.sql	36235	DB-TABLE-8B03997166F90F	Physical table declared in .data_base/asgard.sql	Tabla candidata del dominio tmp: Tabla temporal o staging usada para calculos, reportes, importaciones o procesos intermedios. Por su nombre agrupa proveedor o tercero participante en el proceso, costos, gastos o valores economicos asociados a la operacion, costo, gasto o valor economico asociado a la operacion. Tiene lectura y escritura observada, por lo que probablemente participa en un flujo transaccional activo.	SEMANTIC_REVERSE_ENGINEERING_CANDIDATE	SEMANTIC_INFERENCE_REVIEW_REQUIRED	tmp	TEMPORARY_OR_STAGING	UNKNOWN_OR_BUSINESS_DATA	UNKNOWN	1	1	USED
tmp_contenedores	.data_base/asgard.sql	36261	DB-TABLE-3E7FB1BFF96948	Physical table declared in .data_base/asgard.sql	Tabla candidata del dominio tmp: Tabla temporal o staging usada para calculos, reportes, importaciones o procesos intermedios. Por su nombre agrupa contenedor o unidad de transporte. Tiene lectura y escritura observada, por lo que probablemente participa en un flujo transaccional activo.	SEMANTIC_REVERSE_ENGINEERING_CANDIDATE	SEMANTIC_INFERENCE_REVIEW_REQUIRED	tmp	TEMPORARY_OR_STAGING	UNKNOWN_OR_BUSINESS_DATA	UNKNOWN	1	1	USED
tmp_montoLEG	.data_base/asgard.sql	36284	DB-TABLE-5C5D97709CC8CE	Physical table declared in .data_base/asgard.sql	Tabla candidata del dominio tmp: Tabla temporal o staging usada para calculos, reportes, importaciones o procesos intermedios. Por su nombre agrupa importe monetario o valor numerico economico. Tiene lectura y escritura observada, por lo que probablemente participa en un flujo transaccional activo.	SEMANTIC_REVERSE_ENGINEERING_CANDIDATE	SEMANTIC_INFERENCE_REVIEW_REQUIRED	tmp	TEMPORARY_OR_STAGING	UNKNOWN_OR_BUSINESS_DATA	UNKNOWN	1	1	USED
tmp_reintegroGA	.data_base/asgard.sql	36597	DB-TABLE-C00F09BDADCE01	Physical table declared in .data_base/asgard.sql	Tabla candidata del dominio tmp: Tabla temporal o staging usada para calculos, reportes, importaciones o procesos intermedios. Por su nombre agrupa entidad o catalogo legacy cuyo significado debe confirmarse por uso en codigo y datos. Tiene lectura y escritura observada, por lo que probablemente participa en un flujo transaccional activo.	SEMANTIC_REVERSE_ENGINEERING_CANDIDATE	SEMANTIC_INFERENCE_REVIEW_REQUIRED	tmp	TEMPORARY_OR_STAGING	UNKNOWN_OR_BUSINESS_DATA	UNKNOWN	1	1	USED
tmp_reintegroIVA	.data_base/asgard.sql	36613	DB-TABLE-F1F5FC35926AC0	Physical table declared in .data_base/asgard.sql	Tabla candidata del dominio tmp: Tabla temporal o staging usada para calculos, reportes, importaciones o procesos intermedios. Por su nombre agrupa entidad o catalogo legacy cuyo significado debe confirmarse por uso en codigo y datos. Tiene lectura y escritura observada, por lo que probablemente participa en un flujo transaccional activo.	SEMANTIC_REVERSE_ENGINEERING_CANDIDATE	SEMANTIC_INFERENCE_REVIEW_REQUIRED	tmp	TEMPORARY_OR_STAGING	UNKNOWN_OR_BUSINESS_DATA	UNKNOWN	1	1	USED
tmp_reintegroICE	.data_base/asgard.sql	36630	DB-TABLE-1100F82793B0CC	Physical table declared in .data_base/asgard.sql	Tabla candidata del dominio tmp: Tabla temporal o staging usada para calculos, reportes, importaciones o procesos intermedios. Por su nombre agrupa entidad o catalogo legacy cuyo significado debe confirmarse por uso en codigo y datos. Tiene lectura y escritura observada, por lo que probablemente participa en un flujo transaccional activo.	SEMANTIC_REVERSE_ENGINEERING_CANDIDATE	SEMANTIC_INFERENCE_REVIEW_REQUIRED	tmp	TEMPORARY_OR_STAGING	UNKNOWN_OR_BUSINESS_DATA	UNKNOWN	1	1	USED
tmp_comision	.data_base/asgard.sql	36647	DB-TABLE-A0C6D5A2D7D0B7	Physical table declared in .data_base/asgard.sql	Tabla candidata del dominio tmp: Tabla temporal o staging usada para calculos, reportes, importaciones o procesos intermedios. Por su nombre agrupa entidad o catalogo legacy cuyo significado debe confirmarse por uso en codigo y datos. Tiene lectura y escritura observada, por lo que probablemente participa en un flujo transaccional activo.	SEMANTIC_REVERSE_ENGINEERING_CANDIDATE	SEMANTIC_INFERENCE_REVIEW_REQUIRED	tmp	TEMPORARY_OR_STAGING	UNKNOWN_OR_BUSINESS_DATA	UNKNOWN	1	1	USED
tmp_gastosdespacho	.data_base/asgard.sql	36668	DB-TABLE-149D8991F04984	Physical table declared in .data_base/asgard.sql	Tabla candidata del dominio tmp: Tabla temporal o staging usada para calculos, reportes, importaciones o procesos intermedios. Por su nombre agrupa entidad o catalogo legacy cuyo significado debe confirmarse por uso en codigo y datos. Tiene lectura y escritura observada, por lo que probablemente participa en un flujo transaccional activo.	SEMANTIC_REVERSE_ENGINEERING_CANDIDATE	SEMANTIC_INFERENCE_REVIEW_REQUIRED	tmp	TEMPORARY_OR_STAGING	UNKNOWN_OR_BUSINESS_DATA	UNKNOWN	1	1	USED
tmp_almacenaje	.data_base/asgard.sql	36691	DB-TABLE-1AC44C8BABD903	Physical table declared in .data_base/asgard.sql	Tabla candidata del dominio tmp: Tabla temporal o staging usada para calculos, reportes, importaciones o procesos intermedios. Por su nombre agrupa entidad o catalogo legacy cuyo significado debe confirmarse por uso en codigo y datos. Tiene lectura y escritura observada, por lo que probablemente participa en un flujo transaccional activo.	SEMANTIC_REVERSE_ENGINEERING_CANDIDATE	SEMANTIC_INFERENCE_REVIEW_REQUIRED	tmp	TEMPORARY_OR_STAGING	UNKNOWN_OR_BUSINESS_DATA	UNKNOWN	1	1	USED
tmp_ibmetro	.data_base/asgard.sql	36712	DB-TABLE-3EAD43107EBA98	Physical table declared in .data_base/asgard.sql	Tabla candidata del dominio tmp: Tabla temporal o staging usada para calculos, reportes, importaciones o procesos intermedios. Por su nombre agrupa entidad o catalogo legacy cuyo significado debe confirmarse por uso en codigo y datos. Tiene lectura y escritura observada, por lo que probablemente participa en un flujo transaccional activo.	SEMANTIC_REVERSE_ENGINEERING_CANDIDATE	SEMANTIC_INFERENCE_REVIEW_REQUIRED	tmp	TEMPORARY_OR_STAGING	UNKNOWN_OR_BUSINESS_DATA	UNKNOWN	1	1	USED
tmp_ibmetrofac	.data_base/asgard.sql	36733	DB-TABLE-650A3B31A358B2	Physical table declared in .data_base/asgard.sql	Tabla candidata del dominio tmp: Tabla temporal o staging usada para calculos, reportes, importaciones o procesos intermedios. Por su nombre agrupa entidad o catalogo legacy cuyo significado debe confirmarse por uso en codigo y datos. Tiene lectura y escritura observada, por lo que probablemente participa en un flujo transaccional activo.	SEMANTIC_REVERSE_ENGINEERING_CANDIDATE	SEMANTIC_INFERENCE_REVIEW_REQUIRED	tmp	TEMPORARY_OR_STAGING	UNKNOWN_OR_BUSINESS_DATA	UNKNOWN	1	1	USED
tmp_anbpla	.data_base/asgard.sql	36756	DB-TABLE-C990EE05EBFD9F	Physical table declared in .data_base/asgard.sql	Tabla candidata del dominio tmp: Tabla temporal o staging usada para calculos, reportes, importaciones o procesos intermedios. Por su nombre agrupa entidad o catalogo legacy cuyo significado debe confirmarse por uso en codigo y datos. Tiene lectura y escritura observada, por lo que probablemente participa en un flujo transaccional activo.	SEMANTIC_REVERSE_ENGINEERING_CANDIDATE	SEMANTIC_INFERENCE_REVIEW_REQUIRED	tmp	TEMPORARY_OR_STAGING	UNKNOWN_OR_BUSINESS_DATA	UNKNOWN	1	1	USED
tmp_anbfac	.data_base/asgard.sql	36776	DB-TABLE-B77749F75C4ECA	Physical table declared in .data_base/asgard.sql	Tabla candidata del dominio tmp: Tabla temporal o staging usada para calculos, reportes, importaciones o procesos intermedios. Por su nombre agrupa entidad o catalogo legacy cuyo significado debe confirmarse por uso en codigo y datos. Tiene lectura y escritura observada, por lo que probablemente participa en un flujo transaccional activo.	SEMANTIC_REVERSE_ENGINEERING_CANDIDATE	SEMANTIC_INFERENCE_REVIEW_REQUIRED	tmp	TEMPORARY_OR_STAGING	UNKNOWN_OR_BUSINESS_DATA	UNKNOWN	1	1	USED
tmp_otrosplanilla	.data_base/asgard.sql	36798	DB-TABLE-ED09209F4C447F	Physical table declared in .data_base/asgard.sql	Tabla candidata del dominio tmp: Tabla temporal o staging usada para calculos, reportes, importaciones o procesos intermedios. Por su nombre agrupa planilla o documento operativo/financiero generado. Tiene lectura y escritura observada, por lo que probablemente participa en un flujo transaccional activo.	SEMANTIC_REVERSE_ENGINEERING_CANDIDATE	SEMANTIC_INFERENCE_REVIEW_REQUIRED	tmp	TEMPORARY_OR_STAGING	UNKNOWN_OR_BUSINESS_DATA	UNKNOWN	1	1	USED
tmp_otrosfactura	.data_base/asgard.sql	36828	DB-TABLE-A5DDD14885777F	Physical table declared in .data_base/asgard.sql	Tabla candidata del dominio tmp: Tabla temporal o staging usada para calculos, reportes, importaciones o procesos intermedios. Por su nombre agrupa factura o documento economico/comercial. Tiene lectura y escritura observada, por lo que probablemente participa en un flujo transaccional activo.	SEMANTIC_REVERSE_ENGINEERING_CANDIDATE	SEMANTIC_INFERENCE_REVIEW_REQUIRED	tmp	TEMPORARY_OR_STAGING	UNKNOWN_OR_BUSINESS_DATA	UNKNOWN	1	1	USED
tmp_planillados	.data_base/asgard.sql	36854	DB-TABLE-CE777B958169B4	Physical table declared in .data_base/asgard.sql	Tabla candidata del dominio tmp: Tabla temporal o staging usada para calculos, reportes, importaciones o procesos intermedios. Por su nombre agrupa planilla o documento operativo/financiero generado. Tiene lectura y escritura observada, por lo que probablemente participa en un flujo transaccional activo.	SEMANTIC_REVERSE_ENGINEERING_CANDIDATE	SEMANTIC_INFERENCE_REVIEW_REQUIRED	tmp	TEMPORARY_OR_STAGING	UNKNOWN_OR_BUSINESS_DATA	UNKNOWN	1	1	USED
tmp_valorGA	.data_base/asgard.sql	36877	DB-TABLE-1E24AE254DB5FD	Physical table declared in .data_base/asgard.sql	Tabla candidata del dominio tmp: Tabla temporal o staging usada para calculos, reportes, importaciones o procesos intermedios. Por su nombre agrupa valor declarado, calculado o parametrico. Tiene lectura y escritura observada, por lo que probablemente participa en un flujo transaccional activo.	SEMANTIC_REVERSE_ENGINEERING_CANDIDATE	SEMANTIC_INFERENCE_REVIEW_REQUIRED	tmp	TEMPORARY_OR_STAGING	UNKNOWN_OR_BUSINESS_DATA	UNKNOWN	1	1	USED
tmp_valorIVA	.data_base/asgard.sql	36898	DB-TABLE-66B7B73C044430	Physical table declared in .data_base/asgard.sql	Tabla candidata del dominio tmp: Tabla temporal o staging usada para calculos, reportes, importaciones o procesos intermedios. Por su nombre agrupa valor declarado, calculado o parametrico. Tiene lectura y escritura observada, por lo que probablemente participa en un flujo transaccional activo.	SEMANTIC_REVERSE_ENGINEERING_CANDIDATE	SEMANTIC_INFERENCE_REVIEW_REQUIRED	tmp	TEMPORARY_OR_STAGING	UNKNOWN_OR_BUSINESS_DATA	UNKNOWN	1	1	USED
tmp_valorICE	.data_base/asgard.sql	36918	DB-TABLE-E897780D059C9E	Physical table declared in .data_base/asgard.sql	Tabla candidata del dominio tmp: Tabla temporal o staging usada para calculos, reportes, importaciones o procesos intermedios. Por su nombre agrupa valor declarado, calculado o parametrico. Tiene lectura y escritura observada, por lo que probablemente participa en un flujo transaccional activo.	SEMANTIC_REVERSE_ENGINEERING_CANDIDATE	SEMANTIC_INFERENCE_REVIEW_REQUIRED	tmp	TEMPORARY_OR_STAGING	UNKNOWN_OR_BUSINESS_DATA	UNKNOWN	1	1	USED
tmp_reintegroGA	.data_base/asgard.sql	37046	DB-TABLE-EBA64EAD4A289D	Physical table declared in .data_base/asgard.sql	Tabla candidata del dominio tmp: Tabla temporal o staging usada para calculos, reportes, importaciones o procesos intermedios. Por su nombre agrupa entidad o catalogo legacy cuyo significado debe confirmarse por uso en codigo y datos. Tiene lectura y escritura observada, por lo que probablemente participa en un flujo transaccional activo.	SEMANTIC_REVERSE_ENGINEERING_CANDIDATE	SEMANTIC_INFERENCE_REVIEW_REQUIRED	tmp	TEMPORARY_OR_STAGING	UNKNOWN_OR_BUSINESS_DATA	UNKNOWN	1	1	USED
tmp_reintegroIVA	.data_base/asgard.sql	37062	DB-TABLE-CC3AB7876DFC75	Physical table declared in .data_base/asgard.sql	Tabla candidata del dominio tmp: Tabla temporal o staging usada para calculos, reportes, importaciones o procesos intermedios. Por su nombre agrupa entidad o catalogo legacy cuyo significado debe confirmarse por uso en codigo y datos. Tiene lectura y escritura observada, por lo que probablemente participa en un flujo transaccional activo.	SEMANTIC_REVERSE_ENGINEERING_CANDIDATE	SEMANTIC_INFERENCE_REVIEW_REQUIRED	tmp	TEMPORARY_OR_STAGING	UNKNOWN_OR_BUSINESS_DATA	UNKNOWN	1	1	USED
tmp_reintegroICE	.data_base/asgard.sql	37079	DB-TABLE-216C9EFBC1102A	Physical table declared in .data_base/asgard.sql	Tabla candidata del dominio tmp: Tabla temporal o staging usada para calculos, reportes, importaciones o procesos intermedios. Por su nombre agrupa entidad o catalogo legacy cuyo significado debe confirmarse por uso en codigo y datos. Tiene lectura y escritura observada, por lo que probablemente participa en un flujo transaccional activo.	SEMANTIC_REVERSE_ENGINEERING_CANDIDATE	SEMANTIC_INFERENCE_REVIEW_REQUIRED	tmp	TEMPORARY_OR_STAGING	UNKNOWN_OR_BUSINESS_DATA	UNKNOWN	1	1	USED
tmp_comision	.data_base/asgard.sql	37096	DB-TABLE-F90FF641D2EAC5	Physical table declared in .data_base/asgard.sql	Tabla candidata del dominio tmp: Tabla temporal o staging usada para calculos, reportes, importaciones o procesos intermedios. Por su nombre agrupa entidad o catalogo legacy cuyo significado debe confirmarse por uso en codigo y datos. Tiene lectura y escritura observada, por lo que probablemente participa en un flujo transaccional activo.	SEMANTIC_REVERSE_ENGINEERING_CANDIDATE	SEMANTIC_INFERENCE_REVIEW_REQUIRED	tmp	TEMPORARY_OR_STAGING	UNKNOWN_OR_BUSINESS_DATA	UNKNOWN	1	1	USED
tmp_gastosdespacho	.data_base/asgard.sql	37117	DB-TABLE-01667C58953881	Physical table declared in .data_base/asgard.sql	Tabla candidata del dominio tmp: Tabla temporal o staging usada para calculos, reportes, importaciones o procesos intermedios. Por su nombre agrupa entidad o catalogo legacy cuyo significado debe confirmarse por uso en codigo y datos. Tiene lectura y escritura observada, por lo que probablemente participa en un flujo transaccional activo.	SEMANTIC_REVERSE_ENGINEERING_CANDIDATE	SEMANTIC_INFERENCE_REVIEW_REQUIRED	tmp	TEMPORARY_OR_STAGING	UNKNOWN_OR_BUSINESS_DATA	UNKNOWN	1	1	USED
tmp_almacenaje	.data_base/asgard.sql	37140	DB-TABLE-BB06AFB9E48EA8	Physical table declared in .data_base/asgard.sql	Tabla candidata del dominio tmp: Tabla temporal o staging usada para calculos, reportes, importaciones o procesos intermedios. Por su nombre agrupa entidad o catalogo legacy cuyo significado debe confirmarse por uso en codigo y datos. Tiene lectura y escritura observada, por lo que probablemente participa en un flujo transaccional activo.	SEMANTIC_REVERSE_ENGINEERING_CANDIDATE	SEMANTIC_INFERENCE_REVIEW_REQUIRED	tmp	TEMPORARY_OR_STAGING	UNKNOWN_OR_BUSINESS_DATA	UNKNOWN	1	1	USED
tmp_ibmetro	.data_base/asgard.sql	37161	DB-TABLE-6D007BFDF55520	Physical table declared in .data_base/asgard.sql	Tabla candidata del dominio tmp: Tabla temporal o staging usada para calculos, reportes, importaciones o procesos intermedios. Por su nombre agrupa entidad o catalogo legacy cuyo significado debe confirmarse por uso en codigo y datos. Tiene lectura y escritura observada, por lo que probablemente participa en un flujo transaccional activo.	SEMANTIC_REVERSE_ENGINEERING_CANDIDATE	SEMANTIC_INFERENCE_REVIEW_REQUIRED	tmp	TEMPORARY_OR_STAGING	UNKNOWN_OR_BUSINESS_DATA	UNKNOWN	1	1	USED
tmp_ibmetrofac	.data_base/asgard.sql	37182	DB-TABLE-2592BEA8EF1A00	Physical table declared in .data_base/asgard.sql	Tabla candidata del dominio tmp: Tabla temporal o staging usada para calculos, reportes, importaciones o procesos intermedios. Por su nombre agrupa entidad o catalogo legacy cuyo significado debe confirmarse por uso en codigo y datos. Tiene lectura y escritura observada, por lo que probablemente participa en un flujo transaccional activo.	SEMANTIC_REVERSE_ENGINEERING_CANDIDATE	SEMANTIC_INFERENCE_REVIEW_REQUIRED	tmp	TEMPORARY_OR_STAGING	UNKNOWN_OR_BUSINESS_DATA	UNKNOWN	1	1	USED
tmp_anbpla	.data_base/asgard.sql	37205	DB-TABLE-22280EB869D597	Physical table declared in .data_base/asgard.sql	Tabla candidata del dominio tmp: Tabla temporal o staging usada para calculos, reportes, importaciones o procesos intermedios. Por su nombre agrupa entidad o catalogo legacy cuyo significado debe confirmarse por uso en codigo y datos. Tiene lectura y escritura observada, por lo que probablemente participa en un flujo transaccional activo.	SEMANTIC_REVERSE_ENGINEERING_CANDIDATE	SEMANTIC_INFERENCE_REVIEW_REQUIRED	tmp	TEMPORARY_OR_STAGING	UNKNOWN_OR_BUSINESS_DATA	UNKNOWN	1	1	USED
tmp_anbfac	.data_base/asgard.sql	37225	DB-TABLE-F50240E114F343	Physical table declared in .data_base/asgard.sql	Tabla candidata del dominio tmp: Tabla temporal o staging usada para calculos, reportes, importaciones o procesos intermedios. Por su nombre agrupa entidad o catalogo legacy cuyo significado debe confirmarse por uso en codigo y datos. Tiene lectura y escritura observada, por lo que probablemente participa en un flujo transaccional activo.	SEMANTIC_REVERSE_ENGINEERING_CANDIDATE	SEMANTIC_INFERENCE_REVIEW_REQUIRED	tmp	TEMPORARY_OR_STAGING	UNKNOWN_OR_BUSINESS_DATA	UNKNOWN	1	1	USED
tmp_otrosplanilla	.data_base/asgard.sql	37247	DB-TABLE-63D72AC3ACE871	Physical table declared in .data_base/asgard.sql	Tabla candidata del dominio tmp: Tabla temporal o staging usada para calculos, reportes, importaciones o procesos intermedios. Por su nombre agrupa planilla o documento operativo/financiero generado. Tiene lectura y escritura observada, por lo que probablemente participa en un flujo transaccional activo.	SEMANTIC_REVERSE_ENGINEERING_CANDIDATE	SEMANTIC_INFERENCE_REVIEW_REQUIRED	tmp	TEMPORARY_OR_STAGING	UNKNOWN_OR_BUSINESS_DATA	UNKNOWN	1	1	USED
tmp_autorizacionprevia	.data_base/asgard.sql	37279	DB-TABLE-CDC51A4525C728	Physical table declared in .data_base/asgard.sql	Tabla candidata del dominio tmp: Tabla temporal o staging usada para calculos, reportes, importaciones o procesos intermedios. Por su nombre agrupa entidad o catalogo legacy cuyo significado debe confirmarse por uso en codigo y datos. Tiene lectura y escritura observada, por lo que probablemente participa en un flujo transaccional activo.	SEMANTIC_REVERSE_ENGINEERING_CANDIDATE	SEMANTIC_INFERENCE_REVIEW_REQUIRED	tmp	TEMPORARY_OR_STAGING	LIKELY_PERSONAL_OR_SENSITIVE	UNKNOWN	1	1	USED
tmp_montosoat	.data_base/asgard.sql	37301	DB-TABLE-3009955BDB604A	Physical table declared in .data_base/asgard.sql	Tabla candidata del dominio tmp: Tabla temporal o staging usada para calculos, reportes, importaciones o procesos intermedios. Por su nombre agrupa importe monetario o valor numerico economico. Tiene lectura y escritura observada, por lo que probablemente participa en un flujo transaccional activo.	SEMANTIC_REVERSE_ENGINEERING_CANDIDATE	SEMANTIC_INFERENCE_REVIEW_REQUIRED	tmp	TEMPORARY_OR_STAGING	UNKNOWN_OR_BUSINESS_DATA	UNKNOWN	1	1	USED
tmp_otrosfactura	.data_base/asgard.sql	37324	DB-TABLE-A258A2064ECD5C	Physical table declared in .data_base/asgard.sql	Tabla candidata del dominio tmp: Tabla temporal o staging usada para calculos, reportes, importaciones o procesos intermedios. Por su nombre agrupa factura o documento economico/comercial. Tiene lectura y escritura observada, por lo que probablemente participa en un flujo transaccional activo.	SEMANTIC_REVERSE_ENGINEERING_CANDIDATE	SEMANTIC_INFERENCE_REVIEW_REQUIRED	tmp	TEMPORARY_OR_STAGING	UNKNOWN_OR_BUSINESS_DATA	UNKNOWN	1	1	USED
tmp_planillados	.data_base/asgard.sql	37351	DB-TABLE-7B1DB28ECB7746	Physical table declared in .data_base/asgard.sql	Tabla candidata del dominio tmp: Tabla temporal o staging usada para calculos, reportes, importaciones o procesos intermedios. Por su nombre agrupa planilla o documento operativo/financiero generado. Tiene lectura y escritura observada, por lo que probablemente participa en un flujo transaccional activo.	SEMANTIC_REVERSE_ENGINEERING_CANDIDATE	SEMANTIC_INFERENCE_REVIEW_REQUIRED	tmp	TEMPORARY_OR_STAGING	UNKNOWN_OR_BUSINESS_DATA	UNKNOWN	1	1	USED
tmp_valorGA	.data_base/asgard.sql	37374	DB-TABLE-C88FBD7022355C	Physical table declared in .data_base/asgard.sql	Tabla candidata del dominio tmp: Tabla temporal o staging usada para calculos, reportes, importaciones o procesos intermedios. Por su nombre agrupa valor declarado, calculado o parametrico. Tiene lectura y escritura observada, por lo que probablemente participa en un flujo transaccional activo.	SEMANTIC_REVERSE_ENGINEERING_CANDIDATE	SEMANTIC_INFERENCE_REVIEW_REQUIRED	tmp	TEMPORARY_OR_STAGING	UNKNOWN_OR_BUSINESS_DATA	UNKNOWN	1	1	USED
tmp_valorIVA	.data_base/asgard.sql	37395	DB-TABLE-9F784A0F8B977F	Physical table declared in .data_base/asgard.sql	Tabla candidata del dominio tmp: Tabla temporal o staging usada para calculos, reportes, importaciones o procesos intermedios. Por su nombre agrupa valor declarado, calculado o parametrico. Tiene lectura y escritura observada, por lo que probablemente participa en un flujo transaccional activo.	SEMANTIC_REVERSE_ENGINEERING_CANDIDATE	SEMANTIC_INFERENCE_REVIEW_REQUIRED	tmp	TEMPORARY_OR_STAGING	UNKNOWN_OR_BUSINESS_DATA	UNKNOWN	1	1	USED
tmp_valorICE	.data_base/asgard.sql	37415	DB-TABLE-9C04782F7A6BCA	Physical table declared in .data_base/asgard.sql	Tabla candidata del dominio tmp: Tabla temporal o staging usada para calculos, reportes, importaciones o procesos intermedios. Por su nombre agrupa valor declarado, calculado o parametrico. Tiene lectura y escritura observada, por lo que probablemente participa en un flujo transaccional activo.	SEMANTIC_REVERSE_ENGINEERING_CANDIDATE	SEMANTIC_INFERENCE_REVIEW_REQUIRED	tmp	TEMPORARY_OR_STAGING	UNKNOWN_OR_BUSINESS_DATA	UNKNOWN	1	1	USED
tmp_ALBO	.data_base/asgard.sql	37435	DB-TABLE-B1628FA70AC8EB	Physical table declared in .data_base/asgard.sql	Tabla candidata del dominio tmp: Tabla temporal o staging usada para calculos, reportes, importaciones o procesos intermedios. Por su nombre agrupa entidad o catalogo legacy cuyo significado debe confirmarse por uso en codigo y datos. Tiene lectura y escritura observada, por lo que probablemente participa en un flujo transaccional activo.	SEMANTIC_REVERSE_ENGINEERING_CANDIDATE	SEMANTIC_INFERENCE_REVIEW_REQUIRED	tmp	TEMPORARY_OR_STAGING	UNKNOWN_OR_BUSINESS_DATA	UNKNOWN	1	1	USED
tmp_DAB	.data_base/asgard.sql	37475	DB-TABLE-79C43AC7B3028E	Physical table declared in .data_base/asgard.sql	Tabla candidata del dominio tmp: Tabla temporal o staging usada para calculos, reportes, importaciones o procesos intermedios. Por su nombre agrupa entidad o catalogo legacy cuyo significado debe confirmarse por uso en codigo y datos. Tiene lectura y escritura observada, por lo que probablemente participa en un flujo transaccional activo.	SEMANTIC_REVERSE_ENGINEERING_CANDIDATE	SEMANTIC_INFERENCE_REVIEW_REQUIRED	tmp	TEMPORARY_OR_STAGING	UNKNOWN_OR_BUSINESS_DATA	UNKNOWN	1	1	USED
tmp_primeraderivacion	.data_base/asgard.sql	37642	DB-TABLE-3FBDA750B0FF37	Physical table declared in .data_base/asgard.sql	Tabla candidata del dominio tmp: Tabla temporal o staging usada para calculos, reportes, importaciones o procesos intermedios. Por su nombre agrupa entidad o catalogo legacy cuyo significado debe confirmarse por uso en codigo y datos. Tiene lectura y escritura observada, por lo que probablemente participa en un flujo transaccional activo.	SEMANTIC_REVERSE_ENGINEERING_CANDIDATE	SEMANTIC_INFERENCE_REVIEW_REQUIRED	tmp	TEMPORARY_OR_STAGING	LIKELY_PERSONAL_OR_SENSITIVE	UNKNOWN	1	1	USED
tmp_ultimadevolucion	.data_base/asgard.sql	37656	DB-TABLE-ECA609BD08CF10	Physical table declared in .data_base/asgard.sql	Tabla candidata del dominio tmp: Tabla temporal o staging usada para calculos, reportes, importaciones o procesos intermedios. Por su nombre agrupa entidad o catalogo legacy cuyo significado debe confirmarse por uso en codigo y datos. Tiene lectura y escritura observada, por lo que probablemente participa en un flujo transaccional activo.	SEMANTIC_REVERSE_ENGINEERING_CANDIDATE	SEMANTIC_INFERENCE_REVIEW_REQUIRED	tmp	TEMPORARY_OR_STAGING	LIKELY_PERSONAL_OR_SENSITIVE	UNKNOWN	1	1	USED
tmp_cantidaddevueltos	.data_base/asgard.sql	37672	DB-TABLE-715999206E3464	Physical table declared in .data_base/asgard.sql	Tabla candidata del dominio tmp: Tabla temporal o staging usada para calculos, reportes, importaciones o procesos intermedios. Por su nombre agrupa entidad o catalogo legacy cuyo significado debe confirmarse por uso en codigo y datos. Tiene lectura y escritura observada, por lo que probablemente participa en un flujo transaccional activo.	SEMANTIC_REVERSE_ENGINEERING_CANDIDATE	SEMANTIC_INFERENCE_REVIEW_REQUIRED	tmp	TEMPORARY_OR_STAGING	UNKNOWN_OR_BUSINESS_DATA	UNKNOWN	1	1	USED
tmp_derivaciones	.data_base/asgard.sql	37691	DB-TABLE-9400366AA37A93	Physical table declared in .data_base/asgard.sql	Tabla candidata del dominio tmp: Tabla temporal o staging usada para calculos, reportes, importaciones o procesos intermedios. Por su nombre agrupa entidad o catalogo legacy cuyo significado debe confirmarse por uso en codigo y datos. Tiene escrituras observadas sin lecturas directas en la evidencia disponible; revisar si es staging, log o tabla consumida indirectamente.	SEMANTIC_REVERSE_ENGINEERING_CANDIDATE	SEMANTIC_INFERENCE_REVIEW_REQUIRED	tmp	TEMPORARY_OR_STAGING	LIKELY_PERSONAL_OR_SENSITIVE	UNKNOWN	0	1	USED
tmp_totalfactura	.data_base/asgard.sql	37872	DB-TABLE-F9F66EB3967E82	Physical table declared in .data_base/asgard.sql	Tabla candidata del dominio tmp: Tabla temporal o staging usada para calculos, reportes, importaciones o procesos intermedios. Por su nombre agrupa factura o documento economico/comercial. Tiene lectura y escritura observada, por lo que probablemente participa en un flujo transaccional activo.	SEMANTIC_REVERSE_ENGINEERING_CANDIDATE	SEMANTIC_INFERENCE_REVIEW_REQUIRED	tmp	TEMPORARY_OR_STAGING	UNKNOWN_OR_BUSINESS_DATA	UNKNOWN	1	1	USED
tmp_casosagrupados	.data_base/asgard.sql	37891	DB-TABLE-E46F20669A668B	Physical table declared in .data_base/asgard.sql	Tabla candidata del dominio tmp: Tabla temporal o staging usada para calculos, reportes, importaciones o procesos intermedios. Por su nombre agrupa entidad o catalogo legacy cuyo significado debe confirmarse por uso en codigo y datos. Tiene lectura y escritura observada, por lo que probablemente participa en un flujo transaccional activo.	SEMANTIC_REVERSE_ENGINEERING_CANDIDATE	SEMANTIC_INFERENCE_REVIEW_REQUIRED	tmp	TEMPORARY_OR_STAGING	UNKNOWN_OR_BUSINESS_DATA	UNKNOWN	1	1	USED
tmp_totalfacturaagrupada	.data_base/asgard.sql	37906	DB-TABLE-61380AC74782E1	Physical table declared in .data_base/asgard.sql	Tabla candidata del dominio tmp: Tabla temporal o staging usada para calculos, reportes, importaciones o procesos intermedios. Por su nombre agrupa factura o documento economico/comercial. Tiene lectura y escritura observada, por lo que probablemente participa en un flujo transaccional activo.	SEMANTIC_REVERSE_ENGINEERING_CANDIDATE	SEMANTIC_INFERENCE_REVIEW_REQUIRED	tmp	TEMPORARY_OR_STAGING	UNKNOWN_OR_BUSINESS_DATA	UNKNOWN	1	1	USED
tmp_totalplanilla	.data_base/asgard.sql	37929	DB-TABLE-853F1134311861	Physical table declared in .data_base/asgard.sql	Tabla candidata del dominio tmp: Tabla temporal o staging usada para calculos, reportes, importaciones o procesos intermedios. Por su nombre agrupa planilla o documento operativo/financiero generado. Tiene lectura y escritura observada, por lo que probablemente participa en un flujo transaccional activo.	SEMANTIC_REVERSE_ENGINEERING_CANDIDATE	SEMANTIC_INFERENCE_REVIEW_REQUIRED	tmp	TEMPORARY_OR_STAGING	UNKNOWN_OR_BUSINESS_DATA	UNKNOWN	1	1	USED
tmp_totalplanillatributos	.data_base/asgard.sql	37973	DB-TABLE-4547F60DBD5E5C	Physical table declared in .data_base/asgard.sql	Tabla candidata del dominio tmp: Tabla temporal o staging usada para calculos, reportes, importaciones o procesos intermedios. Por su nombre agrupa planilla o documento operativo/financiero generado. Tiene lectura y escritura observada, por lo que probablemente participa en un flujo transaccional activo.	SEMANTIC_REVERSE_ENGINEERING_CANDIDATE	SEMANTIC_INFERENCE_REVIEW_REQUIRED	tmp	TEMPORARY_OR_STAGING	UNKNOWN_OR_BUSINESS_DATA	UNKNOWN	1	1	USED
tmp_totalplanillaotros	.data_base/asgard.sql	38017	DB-TABLE-42BB589D9C8605	Physical table declared in .data_base/asgard.sql	Tabla candidata del dominio tmp: Tabla temporal o staging usada para calculos, reportes, importaciones o procesos intermedios. Por su nombre agrupa planilla o documento operativo/financiero generado. Tiene lectura y escritura observada, por lo que probablemente participa en un flujo transaccional activo.	SEMANTIC_REVERSE_ENGINEERING_CANDIDATE	SEMANTIC_INFERENCE_REVIEW_REQUIRED	tmp	TEMPORARY_OR_STAGING	UNKNOWN_OR_BUSINESS_DATA	UNKNOWN	1	1	USED
tmp_totalplanillaagrupada	.data_base/asgard.sql	38063	DB-TABLE-0D548AEFDCC0C1	Physical table declared in .data_base/asgard.sql	Tabla candidata del dominio tmp: Tabla temporal o staging usada para calculos, reportes, importaciones o procesos intermedios. Por su nombre agrupa planilla o documento operativo/financiero generado. Tiene lectura y escritura observada, por lo que probablemente participa en un flujo transaccional activo.	SEMANTIC_REVERSE_ENGINEERING_CANDIDATE	SEMANTIC_INFERENCE_REVIEW_REQUIRED	tmp	TEMPORARY_OR_STAGING	UNKNOWN_OR_BUSINESS_DATA	UNKNOWN	1	1	USED
tmp_totalplanillaagrupadatributos	.data_base/asgard.sql	38090	DB-TABLE-9BFD7F39750532	Physical table declared in .data_base/asgard.sql	Tabla candidata del dominio tmp: Tabla temporal o staging usada para calculos, reportes, importaciones o procesos intermedios. Por su nombre agrupa planilla o documento operativo/financiero generado. Tiene lectura y escritura observada, por lo que probablemente participa en un flujo transaccional activo.	SEMANTIC_REVERSE_ENGINEERING_CANDIDATE	SEMANTIC_INFERENCE_REVIEW_REQUIRED	tmp	TEMPORARY_OR_STAGING	UNKNOWN_OR_BUSINESS_DATA	UNKNOWN	1	1	USED
tmp_totalplanillaagrupadaotros	.data_base/asgard.sql	38118	DB-TABLE-26C69178BF60B8	Physical table declared in .data_base/asgard.sql	Tabla candidata del dominio tmp: Tabla temporal o staging usada para calculos, reportes, importaciones o procesos intermedios. Por su nombre agrupa planilla o documento operativo/financiero generado. Tiene lectura y escritura observada, por lo que probablemente participa en un flujo transaccional activo.	SEMANTIC_REVERSE_ENGINEERING_CANDIDATE	SEMANTIC_INFERENCE_REVIEW_REQUIRED	tmp	TEMPORARY_OR_STAGING	UNKNOWN_OR_BUSINESS_DATA	UNKNOWN	1	1	USED
tmp_totalnotas	.data_base/asgard.sql	38148	DB-TABLE-6B2E11E68EC1A3	Physical table declared in .data_base/asgard.sql	Tabla candidata del dominio tmp: Tabla temporal o staging usada para calculos, reportes, importaciones o procesos intermedios. Por su nombre agrupa entidad o catalogo legacy cuyo significado debe confirmarse por uso en codigo y datos. Tiene lectura y escritura observada, por lo que probablemente participa en un flujo transaccional activo.	SEMANTIC_REVERSE_ENGINEERING_CANDIDATE	SEMANTIC_INFERENCE_REVIEW_REQUIRED	tmp	TEMPORARY_OR_STAGING	UNKNOWN_OR_BUSINESS_DATA	UNKNOWN	1	1	USED
tmp_totalnotasagrupada	.data_base/asgard.sql	38175	DB-TABLE-2975829EE5CAD6	Physical table declared in .data_base/asgard.sql	Tabla candidata del dominio tmp: Tabla temporal o staging usada para calculos, reportes, importaciones o procesos intermedios. Por su nombre agrupa entidad o catalogo legacy cuyo significado debe confirmarse por uso en codigo y datos. Tiene lectura y escritura observada, por lo que probablemente participa en un flujo transaccional activo.	SEMANTIC_REVERSE_ENGINEERING_CANDIDATE	SEMANTIC_INFERENCE_REVIEW_REQUIRED	tmp	TEMPORARY_OR_STAGING	UNKNOWN_OR_BUSINESS_DATA	UNKNOWN	1	1	USED
tmp_cobrosfacturas	.data_base/asgard.sql	38201	DB-TABLE-815A389045446E	Physical table declared in .data_base/asgard.sql	Tabla candidata del dominio tmp: Tabla temporal o staging usada para calculos, reportes, importaciones o procesos intermedios. Por su nombre agrupa facturas o documentos economicos/comerciales, factura o documento economico/comercial. Tiene lectura y escritura observada, por lo que probablemente participa en un flujo transaccional activo.	SEMANTIC_REVERSE_ENGINEERING_CANDIDATE	SEMANTIC_INFERENCE_REVIEW_REQUIRED	tmp	TEMPORARY_OR_STAGING	UNKNOWN_OR_BUSINESS_DATA	UNKNOWN	1	1	USED
tmp_cobrosfacturasagrupadas	.data_base/asgard.sql	38220	DB-TABLE-E3C823B5E597A1	Physical table declared in .data_base/asgard.sql	Tabla candidata del dominio tmp: Tabla temporal o staging usada para calculos, reportes, importaciones o procesos intermedios. Por su nombre agrupa facturas o documentos economicos/comerciales, factura o documento economico/comercial. Tiene lectura y escritura observada, por lo que probablemente participa en un flujo transaccional activo.	SEMANTIC_REVERSE_ENGINEERING_CANDIDATE	SEMANTIC_INFERENCE_REVIEW_REQUIRED	tmp	TEMPORARY_OR_STAGING	UNKNOWN_OR_BUSINESS_DATA	UNKNOWN	1	1	USED
tmp_cobrosplanillas	.data_base/asgard.sql	38240	DB-TABLE-A405C70DAAE936	Physical table declared in .data_base/asgard.sql	Tabla candidata del dominio tmp: Tabla temporal o staging usada para calculos, reportes, importaciones o procesos intermedios. Por su nombre agrupa planilla o documento operativo/financiero generado. Tiene lectura y escritura observada, por lo que probablemente participa en un flujo transaccional activo.	SEMANTIC_REVERSE_ENGINEERING_CANDIDATE	SEMANTIC_INFERENCE_REVIEW_REQUIRED	tmp	TEMPORARY_OR_STAGING	UNKNOWN_OR_BUSINESS_DATA	UNKNOWN	1	1	USED
tmp_cobrosplanillastributos	.data_base/asgard.sql	38259	DB-TABLE-B42E5D006A6569	Physical table declared in .data_base/asgard.sql	Tabla candidata del dominio tmp: Tabla temporal o staging usada para calculos, reportes, importaciones o procesos intermedios. Por su nombre agrupa planilla o documento operativo/financiero generado. Tiene lectura y escritura observada, por lo que probablemente participa en un flujo transaccional activo.	SEMANTIC_REVERSE_ENGINEERING_CANDIDATE	SEMANTIC_INFERENCE_REVIEW_REQUIRED	tmp	TEMPORARY_OR_STAGING	UNKNOWN_OR_BUSINESS_DATA	UNKNOWN	1	1	USED
tmp_cobrosplanillasotros	.data_base/asgard.sql	38278	DB-TABLE-4093DD8CACE478	Physical table declared in .data_base/asgard.sql	Tabla candidata del dominio tmp: Tabla temporal o staging usada para calculos, reportes, importaciones o procesos intermedios. Por su nombre agrupa planilla o documento operativo/financiero generado. Tiene lectura y escritura observada, por lo que probablemente participa en un flujo transaccional activo.	SEMANTIC_REVERSE_ENGINEERING_CANDIDATE	SEMANTIC_INFERENCE_REVIEW_REQUIRED	tmp	TEMPORARY_OR_STAGING	UNKNOWN_OR_BUSINESS_DATA	UNKNOWN	1	1	USED
tmp_cobrosplanillasagrupadas	.data_base/asgard.sql	38303	DB-TABLE-C5CF2C964B1FCB	Physical table declared in .data_base/asgard.sql	Tabla candidata del dominio tmp: Tabla temporal o staging usada para calculos, reportes, importaciones o procesos intermedios. Por su nombre agrupa planilla o documento operativo/financiero generado. Tiene lectura y escritura observada, por lo que probablemente participa en un flujo transaccional activo.	SEMANTIC_REVERSE_ENGINEERING_CANDIDATE	SEMANTIC_INFERENCE_REVIEW_REQUIRED	tmp	TEMPORARY_OR_STAGING	UNKNOWN_OR_BUSINESS_DATA	UNKNOWN	1	1	USED
tmp_cobrosplanillasagrupadastributos	.data_base/asgard.sql	38323	DB-TABLE-908288D42AB667	Physical table declared in .data_base/asgard.sql	Tabla candidata del dominio tmp: Tabla temporal o staging usada para calculos, reportes, importaciones o procesos intermedios. Por su nombre agrupa planilla o documento operativo/financiero generado. Tiene lectura y escritura observada, por lo que probablemente participa en un flujo transaccional activo.	SEMANTIC_REVERSE_ENGINEERING_CANDIDATE	SEMANTIC_INFERENCE_REVIEW_REQUIRED	tmp	TEMPORARY_OR_STAGING	UNKNOWN_OR_BUSINESS_DATA	UNKNOWN	1	1	USED
tmp_cobrosplanillasagrupadasotros	.data_base/asgard.sql	38343	DB-TABLE-B11BD2A1B90E34	Physical table declared in .data_base/asgard.sql	Tabla candidata del dominio tmp: Tabla temporal o staging usada para calculos, reportes, importaciones o procesos intermedios. Por su nombre agrupa planilla o documento operativo/financiero generado. Tiene lectura y escritura observada, por lo que probablemente participa en un flujo transaccional activo.	SEMANTIC_REVERSE_ENGINEERING_CANDIDATE	SEMANTIC_INFERENCE_REVIEW_REQUIRED	tmp	TEMPORARY_OR_STAGING	UNKNOWN_OR_BUSINESS_DATA	UNKNOWN	1	1	USED
tmp_cobrosdebitos	.data_base/asgard.sql	38367	DB-TABLE-99612E13D3CF7D	Physical table declared in .data_base/asgard.sql	Tabla candidata del dominio tmp: Tabla temporal o staging usada para calculos, reportes, importaciones o procesos intermedios. Por su nombre agrupa entidad o catalogo legacy cuyo significado debe confirmarse por uso en codigo y datos. Tiene lectura y escritura observada, por lo que probablemente participa en un flujo transaccional activo.	SEMANTIC_REVERSE_ENGINEERING_CANDIDATE	SEMANTIC_INFERENCE_REVIEW_REQUIRED	tmp	TEMPORARY_OR_STAGING	UNKNOWN_OR_BUSINESS_DATA	UNKNOWN	1	1	USED
tmp_cobrosdebitosagrupadas	.data_base/asgard.sql	38389	DB-TABLE-67D8350D8F8096	Physical table declared in .data_base/asgard.sql	Tabla candidata del dominio tmp: Tabla temporal o staging usada para calculos, reportes, importaciones o procesos intermedios. Por su nombre agrupa entidad o catalogo legacy cuyo significado debe confirmarse por uso en codigo y datos. Tiene lectura y escritura observada, por lo que probablemente participa en un flujo transaccional activo.	SEMANTIC_REVERSE_ENGINEERING_CANDIDATE	SEMANTIC_INFERENCE_REVIEW_REQUIRED	tmp	TEMPORARY_OR_STAGING	UNKNOWN_OR_BUSINESS_DATA	UNKNOWN	1	1	USED
tmp_incobrablesfacturas	.data_base/asgard.sql	38407	DB-TABLE-25CB822F7D4FB6	Physical table declared in .data_base/asgard.sql	Tabla candidata del dominio tmp: Tabla temporal o staging usada para calculos, reportes, importaciones o procesos intermedios. Por su nombre agrupa facturas o documentos economicos/comerciales, factura o documento economico/comercial. Tiene lectura y escritura observada, por lo que probablemente participa en un flujo transaccional activo.	SEMANTIC_REVERSE_ENGINEERING_CANDIDATE	SEMANTIC_INFERENCE_REVIEW_REQUIRED	tmp	TEMPORARY_OR_STAGING	UNKNOWN_OR_BUSINESS_DATA	UNKNOWN	1	1	USED
tmp_incobrablesplanillas	.data_base/asgard.sql	38425	DB-TABLE-4120641CAA4D53	Physical table declared in .data_base/asgard.sql	Tabla candidata del dominio tmp: Tabla temporal o staging usada para calculos, reportes, importaciones o procesos intermedios. Por su nombre agrupa planilla o documento operativo/financiero generado. Tiene lectura y escritura observada, por lo que probablemente participa en un flujo transaccional activo.	SEMANTIC_REVERSE_ENGINEERING_CANDIDATE	SEMANTIC_INFERENCE_REVIEW_REQUIRED	tmp	TEMPORARY_OR_STAGING	UNKNOWN_OR_BUSINESS_DATA	UNKNOWN	1	1	USED
tmp_incobrablesplanillastributos	.data_base/asgard.sql	38444	DB-TABLE-C488137722F4F8	Physical table declared in .data_base/asgard.sql	Tabla candidata del dominio tmp: Tabla temporal o staging usada para calculos, reportes, importaciones o procesos intermedios. Por su nombre agrupa planilla o documento operativo/financiero generado. Tiene lectura y escritura observada, por lo que probablemente participa en un flujo transaccional activo.	SEMANTIC_REVERSE_ENGINEERING_CANDIDATE	SEMANTIC_INFERENCE_REVIEW_REQUIRED	tmp	TEMPORARY_OR_STAGING	UNKNOWN_OR_BUSINESS_DATA	UNKNOWN	1	1	USED
tmp_incobrablesplanillasotros	.data_base/asgard.sql	38462	DB-TABLE-AE8EB78F2CB4D7	Physical table declared in .data_base/asgard.sql	Tabla candidata del dominio tmp: Tabla temporal o staging usada para calculos, reportes, importaciones o procesos intermedios. Por su nombre agrupa planilla o documento operativo/financiero generado. Tiene lectura y escritura observada, por lo que probablemente participa en un flujo transaccional activo.	SEMANTIC_REVERSE_ENGINEERING_CANDIDATE	SEMANTIC_INFERENCE_REVIEW_REQUIRED	tmp	TEMPORARY_OR_STAGING	UNKNOWN_OR_BUSINESS_DATA	UNKNOWN	1	1	USED
tmp_incobrablesdebitos	.data_base/asgard.sql	38481	DB-TABLE-48A1121FB13055	Physical table declared in .data_base/asgard.sql	Tabla candidata del dominio tmp: Tabla temporal o staging usada para calculos, reportes, importaciones o procesos intermedios. Por su nombre agrupa entidad o catalogo legacy cuyo significado debe confirmarse por uso en codigo y datos. Tiene lectura y escritura observada, por lo que probablemente participa en un flujo transaccional activo.	SEMANTIC_REVERSE_ENGINEERING_CANDIDATE	SEMANTIC_INFERENCE_REVIEW_REQUIRED	tmp	TEMPORARY_OR_STAGING	UNKNOWN_OR_BUSINESS_DATA	UNKNOWN	1	1	USED
tmp_cobros	.data_base/asgard.sql	38504	DB-TABLE-EBFE82CFE98A19	Physical table declared in .data_base/asgard.sql	Tabla candidata del dominio tmp: Tabla temporal o staging usada para calculos, reportes, importaciones o procesos intermedios. Por su nombre agrupa entidad o catalogo legacy cuyo significado debe confirmarse por uso en codigo y datos. Tiene escrituras observadas sin lecturas directas en la evidencia disponible; revisar si es staging, log o tabla consumida indirectamente.	SEMANTIC_REVERSE_ENGINEERING_CANDIDATE	SEMANTIC_INFERENCE_REVIEW_REQUIRED	tmp	TEMPORARY_OR_STAGING	UNKNOWN_OR_BUSINESS_DATA	UNKNOWN	0	1	USED
tmp_cobrosdesglosado	.data_base/asgard.sql	38654	DB-TABLE-A6924FF7B2F6D2	Physical table declared in .data_base/asgard.sql	Tabla candidata del dominio tmp: Tabla temporal o staging usada para calculos, reportes, importaciones o procesos intermedios. Por su nombre agrupa entidad o catalogo legacy cuyo significado debe confirmarse por uso en codigo y datos. Tiene lectura y escritura observada, por lo que probablemente participa en un flujo transaccional activo.	SEMANTIC_REVERSE_ENGINEERING_CANDIDATE	SEMANTIC_INFERENCE_REVIEW_REQUIRED	tmp	TEMPORARY_OR_STAGING	UNKNOWN_OR_BUSINESS_DATA	UNKNOWN	1	1	USED
tmp_cobrosdesglosadogeneral	.data_base/asgard.sql	38898	DB-TABLE-3E266A5746DF56	Physical table declared in .data_base/asgard.sql	Tabla candidata del dominio tmp: Tabla temporal o staging usada para calculos, reportes, importaciones o procesos intermedios. Por su nombre agrupa entidad o catalogo legacy cuyo significado debe confirmarse por uso en codigo y datos. Tiene escrituras observadas sin lecturas directas en la evidencia disponible; revisar si es staging, log o tabla consumida indirectamente.	SEMANTIC_REVERSE_ENGINEERING_CANDIDATE	SEMANTIC_INFERENCE_REVIEW_REQUIRED	tmp	TEMPORARY_OR_STAGING	UNKNOWN_OR_BUSINESS_DATA	UNKNOWN	0	1	USED
tmp_liquidacion	.data_base/asgard.sql	39739	DB-TABLE-8A63352E4D7115	Physical table declared in .data_base/asgard.sql	Tabla candidata del dominio tmp: Tabla temporal o staging usada para calculos, reportes, importaciones o procesos intermedios. Por su nombre agrupa entidad o catalogo legacy cuyo significado debe confirmarse por uso en codigo y datos. Tiene lectura y escritura observada, por lo que probablemente participa en un flujo transaccional activo.	SEMANTIC_REVERSE_ENGINEERING_CANDIDATE	SEMANTIC_INFERENCE_REVIEW_REQUIRED	tmp	TEMPORARY_OR_STAGING	LIKELY_PERSONAL_OR_SENSITIVE	UNKNOWN	1	1	USED
tmp_liquidacion	.data_base/asgard.sql	39971	DB-TABLE-ADB1708DC12C40	Physical table declared in .data_base/asgard.sql	Tabla candidata del dominio tmp: Tabla temporal o staging usada para calculos, reportes, importaciones o procesos intermedios. Por su nombre agrupa entidad o catalogo legacy cuyo significado debe confirmarse por uso en codigo y datos. Tiene lectura y escritura observada, por lo que probablemente participa en un flujo transaccional activo.	SEMANTIC_REVERSE_ENGINEERING_CANDIDATE	SEMANTIC_INFERENCE_REVIEW_REQUIRED	tmp	TEMPORARY_OR_STAGING	LIKELY_PERSONAL_OR_SENSITIVE	UNKNOWN	1	1	USED
tmp_liquidacion	.data_base/asgard.sql	40388	DB-TABLE-9921426CC64B0B	Physical table declared in .data_base/asgard.sql	Tabla candidata del dominio tmp: Tabla temporal o staging usada para calculos, reportes, importaciones o procesos intermedios. Por su nombre agrupa entidad o catalogo legacy cuyo significado debe confirmarse por uso en codigo y datos. Tiene lectura y escritura observada, por lo que probablemente participa en un flujo transaccional activo.	SEMANTIC_REVERSE_ENGINEERING_CANDIDATE	SEMANTIC_INFERENCE_REVIEW_REQUIRED	tmp	TEMPORARY_OR_STAGING	LIKELY_PERSONAL_OR_SENSITIVE	UNKNOWN	1	1	USED
tmp_liquidacion	.data_base/asgard.sql	40824	DB-TABLE-E742404F82D75F	Physical table declared in .data_base/asgard.sql	Tabla candidata del dominio tmp: Tabla temporal o staging usada para calculos, reportes, importaciones o procesos intermedios. Por su nombre agrupa entidad o catalogo legacy cuyo significado debe confirmarse por uso en codigo y datos. Tiene lectura y escritura observada, por lo que probablemente participa en un flujo transaccional activo.	SEMANTIC_REVERSE_ENGINEERING_CANDIDATE	SEMANTIC_INFERENCE_REVIEW_REQUIRED	tmp	TEMPORARY_OR_STAGING	LIKELY_PERSONAL_OR_SENSITIVE	UNKNOWN	1	1	USED
tmp_sumas	.data_base/asgard.sql	41251	DB-TABLE-88C03E4061D927	Physical table declared in .data_base/asgard.sql	Tabla candidata del dominio tmp: Tabla temporal o staging usada para calculos, reportes, importaciones o procesos intermedios. Por su nombre agrupa entidad o catalogo legacy cuyo significado debe confirmarse por uso en codigo y datos. Tiene lectura y escritura observada, por lo que probablemente participa en un flujo transaccional activo.	SEMANTIC_REVERSE_ENGINEERING_CANDIDATE	SEMANTIC_INFERENCE_REVIEW_REQUIRED	tmp	TEMPORARY_OR_STAGING	UNKNOWN_OR_BUSINESS_DATA	UNKNOWN	1	1	USED
tmp_notasvalor	.data_base/asgard.sql	41258	DB-TABLE-1B3E3501474C63	Physical table declared in .data_base/asgard.sql	Tabla candidata del dominio tmp: Tabla temporal o staging usada para calculos, reportes, importaciones o procesos intermedios. Por su nombre agrupa valor declarado, calculado o parametrico. Tiene lectura y escritura observada, por lo que probablemente participa en un flujo transaccional activo.	SEMANTIC_REVERSE_ENGINEERING_CANDIDATE	SEMANTIC_INFERENCE_REVIEW_REQUIRED	tmp	TEMPORARY_OR_STAGING	UNKNOWN_OR_BUSINESS_DATA	UNKNOWN	1	1	USED
tmp_totalnotasvalor	.data_base/asgard.sql	41277	DB-TABLE-03933D25940C14	Physical table declared in .data_base/asgard.sql	Tabla candidata del dominio tmp: Tabla temporal o staging usada para calculos, reportes, importaciones o procesos intermedios. Por su nombre agrupa valor declarado, calculado o parametrico. Tiene lectura y escritura observada, por lo que probablemente participa en un flujo transaccional activo.	SEMANTIC_REVERSE_ENGINEERING_CANDIDATE	SEMANTIC_INFERENCE_REVIEW_REQUIRED	tmp	TEMPORARY_OR_STAGING	UNKNOWN_OR_BUSINESS_DATA	UNKNOWN	1	1	USED
tmp_pesos	.data_base/asgard.sql	41288	DB-TABLE-CF2788AC2D6730	Physical table declared in .data_base/asgard.sql	Tabla candidata del dominio tmp: Tabla temporal o staging usada para calculos, reportes, importaciones o procesos intermedios. Por su nombre agrupa entidad o catalogo legacy cuyo significado debe confirmarse por uso en codigo y datos. Tiene lectura y escritura observada, por lo que probablemente participa en un flujo transaccional activo.	SEMANTIC_REVERSE_ENGINEERING_CANDIDATE	SEMANTIC_INFERENCE_REVIEW_REQUIRED	tmp	TEMPORARY_OR_STAGING	UNKNOWN_OR_BUSINESS_DATA	UNKNOWN	1	1	USED
tmp_prorrateo	.data_base/asgard.sql	41295	DB-TABLE-226BC7A4315AEF	Physical table declared in .data_base/asgard.sql	Tabla candidata del dominio tmp: Tabla temporal o staging usada para calculos, reportes, importaciones o procesos intermedios. Por su nombre agrupa entidad o catalogo legacy cuyo significado debe confirmarse por uso en codigo y datos. Tiene lectura y escritura observada, por lo que probablemente participa en un flujo transaccional activo.	SEMANTIC_REVERSE_ENGINEERING_CANDIDATE	SEMANTIC_INFERENCE_REVIEW_REQUIRED	tmp	TEMPORARY_OR_STAGING	UNKNOWN_OR_BUSINESS_DATA	UNKNOWN	1	1	USED
tmp_fobs	.data_base/asgard.sql	41343	DB-TABLE-95F5D0641D2DB0	Physical table declared in .data_base/asgard.sql	Tabla candidata del dominio tmp: Tabla temporal o staging usada para calculos, reportes, importaciones o procesos intermedios. Por su nombre agrupa entidad o catalogo legacy cuyo significado debe confirmarse por uso en codigo y datos. Tiene lectura y escritura observada, por lo que probablemente participa en un flujo transaccional activo.	SEMANTIC_REVERSE_ENGINEERING_CANDIDATE	SEMANTIC_INFERENCE_REVIEW_REQUIRED	tmp	TEMPORARY_OR_STAGING	UNKNOWN_OR_BUSINESS_DATA	UNKNOWN	1	1	USED
tmp_sumasFOB	.data_base/asgard.sql	41361	DB-TABLE-C5CF4C2F2EA26E	Physical table declared in .data_base/asgard.sql	Tabla candidata del dominio tmp: Tabla temporal o staging usada para calculos, reportes, importaciones o procesos intermedios. Por su nombre agrupa entidad o catalogo legacy cuyo significado debe confirmarse por uso en codigo y datos. Tiene lectura y escritura observada, por lo que probablemente participa en un flujo transaccional activo.	SEMANTIC_REVERSE_ENGINEERING_CANDIDATE	SEMANTIC_INFERENCE_REVIEW_REQUIRED	tmp	TEMPORARY_OR_STAGING	UNKNOWN_OR_BUSINESS_DATA	UNKNOWN	1	1	USED
tmp_totalnotasvalorFOB	.data_base/asgard.sql	41367	DB-TABLE-384BFC5B514C40	Physical table declared in .data_base/asgard.sql	Tabla candidata del dominio tmp: Tabla temporal o staging usada para calculos, reportes, importaciones o procesos intermedios. Por su nombre agrupa valor declarado, calculado o parametrico. Tiene lectura y escritura observada, por lo que probablemente participa en un flujo transaccional activo.	SEMANTIC_REVERSE_ENGINEERING_CANDIDATE	SEMANTIC_INFERENCE_REVIEW_REQUIRED	tmp	TEMPORARY_OR_STAGING	UNKNOWN_OR_BUSINESS_DATA	UNKNOWN	1	1	USED
tmp_pesosfijos	.data_base/asgard.sql	41388	DB-TABLE-1BF566E598388E	Physical table declared in .data_base/asgard.sql	Tabla candidata del dominio tmp: Tabla temporal o staging usada para calculos, reportes, importaciones o procesos intermedios. Por su nombre agrupa entidad o catalogo legacy cuyo significado debe confirmarse por uso en codigo y datos. Tiene lectura y escritura observada, por lo que probablemente participa en un flujo transaccional activo.	SEMANTIC_REVERSE_ENGINEERING_CANDIDATE	SEMANTIC_INFERENCE_REVIEW_REQUIRED	tmp	TEMPORARY_OR_STAGING	UNKNOWN_OR_BUSINESS_DATA	UNKNOWN	1	1	USED
tmp_sumapesosfijos	.data_base/asgard.sql	41395	DB-TABLE-2D21DC112C05F0	Physical table declared in .data_base/asgard.sql	Tabla candidata del dominio tmp: Tabla temporal o staging usada para calculos, reportes, importaciones o procesos intermedios. Por su nombre agrupa entidad o catalogo legacy cuyo significado debe confirmarse por uso en codigo y datos. Tiene lectura y escritura observada, por lo que probablemente participa en un flujo transaccional activo.	SEMANTIC_REVERSE_ENGINEERING_CANDIDATE	SEMANTIC_INFERENCE_REVIEW_REQUIRED	tmp	TEMPORARY_OR_STAGING	UNKNOWN_OR_BUSINESS_DATA	UNKNOWN	1	1	USED
tmp_montosFOBpeso	.data_base/asgard.sql	41407	DB-TABLE-85ED0E911A5EF7	Physical table declared in .data_base/asgard.sql	Tabla candidata del dominio tmp: Tabla temporal o staging usada para calculos, reportes, importaciones o procesos intermedios. Por su nombre agrupa importe monetario o valor numerico economico. Tiene lectura y escritura observada, por lo que probablemente participa en un flujo transaccional activo.	SEMANTIC_REVERSE_ENGINEERING_CANDIDATE	SEMANTIC_INFERENCE_REVIEW_REQUIRED	tmp	TEMPORARY_OR_STAGING	UNKNOWN_OR_BUSINESS_DATA	UNKNOWN	1	1	USED
tmp_totalmontosFOBpeso	.data_base/asgard.sql	41415	DB-TABLE-0C3725BEF96F7C	Physical table declared in .data_base/asgard.sql	Tabla candidata del dominio tmp: Tabla temporal o staging usada para calculos, reportes, importaciones o procesos intermedios. Por su nombre agrupa importe monetario o valor numerico economico. Tiene lectura y escritura observada, por lo que probablemente participa en un flujo transaccional activo.	SEMANTIC_REVERSE_ENGINEERING_CANDIDATE	SEMANTIC_INFERENCE_REVIEW_REQUIRED	tmp	TEMPORARY_OR_STAGING	UNKNOWN_OR_BUSINESS_DATA	UNKNOWN	1	1	USED
tmp_tributos	.data_base/asgard.sql	41522	DB-TABLE-D254188AE7B2E3	Physical table declared in .data_base/asgard.sql	Tabla candidata del dominio tmp: Tabla temporal o staging usada para calculos, reportes, importaciones o procesos intermedios. Por su nombre agrupa entidad o catalogo legacy cuyo significado debe confirmarse por uso en codigo y datos. Tiene lectura y escritura observada, por lo que probablemente participa en un flujo transaccional activo.	SEMANTIC_REVERSE_ENGINEERING_CANDIDATE	SEMANTIC_INFERENCE_REVIEW_REQUIRED	tmp	TEMPORARY_OR_STAGING	UNKNOWN_OR_BUSINESS_DATA	UNKNOWN	1	1	USED
tmp_form506	.data_base/asgard.sql	41537	DB-TABLE-4DDAE2B27D97D5	Physical table declared in .data_base/asgard.sql	Tabla candidata del dominio tmp: Tabla temporal o staging usada para calculos, reportes, importaciones o procesos intermedios. Por su nombre agrupa entidad o catalogo legacy cuyo significado debe confirmarse por uso en codigo y datos. Tiene lectura y escritura observada, por lo que probablemente participa en un flujo transaccional activo.	SEMANTIC_REVERSE_ENGINEERING_CANDIDATE	SEMANTIC_INFERENCE_REVIEW_REQUIRED	tmp	TEMPORARY_OR_STAGING	UNKNOWN_OR_BUSINESS_DATA	UNKNOWN	1	1	USED
tmp_regularizacion	.data_base/asgard.sql	41549	DB-TABLE-E440FC8513184C	Physical table declared in .data_base/asgard.sql	Tabla candidata del dominio tmp: Tabla temporal o staging usada para calculos, reportes, importaciones o procesos intermedios. Por su nombre agrupa entidad o catalogo legacy cuyo significado debe confirmarse por uso en codigo y datos. Tiene escrituras observadas sin lecturas directas en la evidencia disponible; revisar si es staging, log o tabla consumida indirectamente.	SEMANTIC_REVERSE_ENGINEERING_CANDIDATE	SEMANTIC_INFERENCE_REVIEW_REQUIRED	tmp	TEMPORARY_OR_STAGING	LIKELY_PERSONAL_OR_SENSITIVE	UNKNOWN	0	1	USED
tmp_tributos	.data_base/asgard.sql	41619	DB-TABLE-0BC5A64E420404	Physical table declared in .data_base/asgard.sql	Tabla candidata del dominio tmp: Tabla temporal o staging usada para calculos, reportes, importaciones o procesos intermedios. Por su nombre agrupa entidad o catalogo legacy cuyo significado debe confirmarse por uso en codigo y datos. Tiene lectura y escritura observada, por lo que probablemente participa en un flujo transaccional activo.	SEMANTIC_REVERSE_ENGINEERING_CANDIDATE	SEMANTIC_INFERENCE_REVIEW_REQUIRED	tmp	TEMPORARY_OR_STAGING	UNKNOWN_OR_BUSINESS_DATA	UNKNOWN	1	1	USED
tmp_form506	.data_base/asgard.sql	41634	DB-TABLE-9EF8338967E592	Physical table declared in .data_base/asgard.sql	Tabla candidata del dominio tmp: Tabla temporal o staging usada para calculos, reportes, importaciones o procesos intermedios. Por su nombre agrupa entidad o catalogo legacy cuyo significado debe confirmarse por uso en codigo y datos. Tiene lectura y escritura observada, por lo que probablemente participa en un flujo transaccional activo.	SEMANTIC_REVERSE_ENGINEERING_CANDIDATE	SEMANTIC_INFERENCE_REVIEW_REQUIRED	tmp	TEMPORARY_OR_STAGING	UNKNOWN_OR_BUSINESS_DATA	UNKNOWN	1	1	USED
tmp_regularizacion	.data_base/asgard.sql	41646	DB-TABLE-2DD16366DD7620	Physical table declared in .data_base/asgard.sql	Tabla candidata del dominio tmp: Tabla temporal o staging usada para calculos, reportes, importaciones o procesos intermedios. Por su nombre agrupa entidad o catalogo legacy cuyo significado debe confirmarse por uso en codigo y datos. Tiene escrituras observadas sin lecturas directas en la evidencia disponible; revisar si es staging, log o tabla consumida indirectamente.	SEMANTIC_REVERSE_ENGINEERING_CANDIDATE	SEMANTIC_INFERENCE_REVIEW_REQUIRED	tmp	TEMPORARY_OR_STAGING	LIKELY_PERSONAL_OR_SENSITIVE	UNKNOWN	0	1	USED
tmp_tributos	.data_base/asgard.sql	41714	DB-TABLE-B9AE301AEEEB49	Physical table declared in .data_base/asgard.sql	Tabla candidata del dominio tmp: Tabla temporal o staging usada para calculos, reportes, importaciones o procesos intermedios. Por su nombre agrupa entidad o catalogo legacy cuyo significado debe confirmarse por uso en codigo y datos. Tiene lectura y escritura observada, por lo que probablemente participa en un flujo transaccional activo.	SEMANTIC_REVERSE_ENGINEERING_CANDIDATE	SEMANTIC_INFERENCE_REVIEW_REQUIRED	tmp	TEMPORARY_OR_STAGING	UNKNOWN_OR_BUSINESS_DATA	UNKNOWN	1	1	USED
tmp_form506	.data_base/asgard.sql	41729	DB-TABLE-E99ABAD80AEC12	Physical table declared in .data_base/asgard.sql	Tabla candidata del dominio tmp: Tabla temporal o staging usada para calculos, reportes, importaciones o procesos intermedios. Por su nombre agrupa entidad o catalogo legacy cuyo significado debe confirmarse por uso en codigo y datos. Tiene lectura y escritura observada, por lo que probablemente participa en un flujo transaccional activo.	SEMANTIC_REVERSE_ENGINEERING_CANDIDATE	SEMANTIC_INFERENCE_REVIEW_REQUIRED	tmp	TEMPORARY_OR_STAGING	UNKNOWN_OR_BUSINESS_DATA	UNKNOWN	1	1	USED
tmp_regularizacion	.data_base/asgard.sql	41742	DB-TABLE-49CE64F2C47289	Physical table declared in .data_base/asgard.sql	Tabla candidata del dominio tmp: Tabla temporal o staging usada para calculos, reportes, importaciones o procesos intermedios. Por su nombre agrupa entidad o catalogo legacy cuyo significado debe confirmarse por uso en codigo y datos. Tiene escrituras observadas sin lecturas directas en la evidencia disponible; revisar si es staging, log o tabla consumida indirectamente.	SEMANTIC_REVERSE_ENGINEERING_CANDIDATE	SEMANTIC_INFERENCE_REVIEW_REQUIRED	tmp	TEMPORARY_OR_STAGING	LIKELY_PERSONAL_OR_SENSITIVE	UNKNOWN	0	1	USED
tmp_resumenoperaciones	.data_base/asgard.sql	41810	DB-TABLE-5B1153DE6D1B5F	Physical table declared in .data_base/asgard.sql	Tabla candidata del dominio tmp: Tabla temporal o staging usada para calculos, reportes, importaciones o procesos intermedios. Por su nombre agrupa entidad o catalogo legacy cuyo significado debe confirmarse por uso en codigo y datos. Tiene escrituras observadas sin lecturas directas en la evidencia disponible; revisar si es staging, log o tabla consumida indirectamente.	SEMANTIC_REVERSE_ENGINEERING_CANDIDATE	SEMANTIC_INFERENCE_REVIEW_REQUIRED	tmp	TEMPORARY_OR_STAGING	LIKELY_PERSONAL_OR_SENSITIVE	UNKNOWN	0	1	USED
TMP_SALDOINICIAL	.data_base/asgard.sql	42016	DB-TABLE-86E4D919BF7220	Physical table declared in .data_base/asgard.sql	Tabla candidata del dominio transversal: Tabla transversal o legacy sin prefijo funcional inequivoco. Por su nombre agrupa entidad o catalogo legacy cuyo significado debe confirmarse por uso en codigo y datos. Tiene lectura y escritura observada, por lo que probablemente participa en un flujo transaccional activo.	SEMANTIC_REVERSE_ENGINEERING_CANDIDATE	SEMANTIC_INFERENCE_REVIEW_REQUIRED	transversal	DOMAIN_ENTITY_OR_LEGACY	UNKNOWN_OR_BUSINESS_DATA	UNKNOWN	1	1	USED
tmp_totalfactura	.data_base/asgard.sql	42169	DB-TABLE-1ABB5D95F0B163	Physical table declared in .data_base/asgard.sql	Tabla candidata del dominio tmp: Tabla temporal o staging usada para calculos, reportes, importaciones o procesos intermedios. Por su nombre agrupa factura o documento economico/comercial. Tiene lectura y escritura observada, por lo que probablemente participa en un flujo transaccional activo.	SEMANTIC_REVERSE_ENGINEERING_CANDIDATE	SEMANTIC_INFERENCE_REVIEW_REQUIRED	tmp	TEMPORARY_OR_STAGING	UNKNOWN_OR_BUSINESS_DATA	UNKNOWN	1	1	USED
tmp_totalplanilla	.data_base/asgard.sql	42188	DB-TABLE-31E9BA38584D6A	Physical table declared in .data_base/asgard.sql	Tabla candidata del dominio tmp: Tabla temporal o staging usada para calculos, reportes, importaciones o procesos intermedios. Por su nombre agrupa planilla o documento operativo/financiero generado. Tiene lectura y escritura observada, por lo que probablemente participa en un flujo transaccional activo.	SEMANTIC_REVERSE_ENGINEERING_CANDIDATE	SEMANTIC_INFERENCE_REVIEW_REQUIRED	tmp	TEMPORARY_OR_STAGING	UNKNOWN_OR_BUSINESS_DATA	UNKNOWN	1	1	USED
tmp_totalplanillaagrupada	.data_base/asgard.sql	42205	DB-TABLE-27F617106B2347	Physical table declared in .data_base/asgard.sql	Tabla candidata del dominio tmp: Tabla temporal o staging usada para calculos, reportes, importaciones o procesos intermedios. Por su nombre agrupa planilla o documento operativo/financiero generado. Tiene lectura y escritura observada, por lo que probablemente participa en un flujo transaccional activo.	SEMANTIC_REVERSE_ENGINEERING_CANDIDATE	SEMANTIC_INFERENCE_REVIEW_REQUIRED	tmp	TEMPORARY_OR_STAGING	UNKNOWN_OR_BUSINESS_DATA	UNKNOWN	1	1	USED
tmp_totalnotas	.data_base/asgard.sql	42227	DB-TABLE-1A614AC2219BF9	Physical table declared in .data_base/asgard.sql	Tabla candidata del dominio tmp: Tabla temporal o staging usada para calculos, reportes, importaciones o procesos intermedios. Por su nombre agrupa entidad o catalogo legacy cuyo significado debe confirmarse por uso en codigo y datos. Tiene lectura y escritura observada, por lo que probablemente participa en un flujo transaccional activo.	SEMANTIC_REVERSE_ENGINEERING_CANDIDATE	SEMANTIC_INFERENCE_REVIEW_REQUIRED	tmp	TEMPORARY_OR_STAGING	UNKNOWN_OR_BUSINESS_DATA	UNKNOWN	1	1	USED
tmp_totalnotasagrupada	.data_base/asgard.sql	42249	DB-TABLE-7F8E946FF21F40	Physical table declared in .data_base/asgard.sql	Tabla candidata del dominio tmp: Tabla temporal o staging usada para calculos, reportes, importaciones o procesos intermedios. Por su nombre agrupa entidad o catalogo legacy cuyo significado debe confirmarse por uso en codigo y datos. Tiene lectura y escritura observada, por lo que probablemente participa en un flujo transaccional activo.	SEMANTIC_REVERSE_ENGINEERING_CANDIDATE	SEMANTIC_INFERENCE_REVIEW_REQUIRED	tmp	TEMPORARY_OR_STAGING	UNKNOWN_OR_BUSINESS_DATA	UNKNOWN	1	1	USED
tmp_cobrosfacturas	.data_base/asgard.sql	42272	DB-TABLE-421C433DDD307C	Physical table declared in .data_base/asgard.sql	Tabla candidata del dominio tmp: Tabla temporal o staging usada para calculos, reportes, importaciones o procesos intermedios. Por su nombre agrupa facturas o documentos economicos/comerciales, factura o documento economico/comercial. Tiene lectura y escritura observada, por lo que probablemente participa en un flujo transaccional activo.	SEMANTIC_REVERSE_ENGINEERING_CANDIDATE	SEMANTIC_INFERENCE_REVIEW_REQUIRED	tmp	TEMPORARY_OR_STAGING	UNKNOWN_OR_BUSINESS_DATA	UNKNOWN	1	1	USED
tmp_cobrosfacturasagrupadas	.data_base/asgard.sql	42288	DB-TABLE-79E6E1F6BD525F	Physical table declared in .data_base/asgard.sql	Tabla candidata del dominio tmp: Tabla temporal o staging usada para calculos, reportes, importaciones o procesos intermedios. Por su nombre agrupa facturas o documentos economicos/comerciales, factura o documento economico/comercial. Tiene lectura y escritura observada, por lo que probablemente participa en un flujo transaccional activo.	SEMANTIC_REVERSE_ENGINEERING_CANDIDATE	SEMANTIC_INFERENCE_REVIEW_REQUIRED	tmp	TEMPORARY_OR_STAGING	UNKNOWN_OR_BUSINESS_DATA	UNKNOWN	1	1	USED
tmp_cobrosplanillas	.data_base/asgard.sql	42304	DB-TABLE-29E4799B680B55	Physical table declared in .data_base/asgard.sql	Tabla candidata del dominio tmp: Tabla temporal o staging usada para calculos, reportes, importaciones o procesos intermedios. Por su nombre agrupa planilla o documento operativo/financiero generado. Tiene lectura y escritura observada, por lo que probablemente participa en un flujo transaccional activo.	SEMANTIC_REVERSE_ENGINEERING_CANDIDATE	SEMANTIC_INFERENCE_REVIEW_REQUIRED	tmp	TEMPORARY_OR_STAGING	UNKNOWN_OR_BUSINESS_DATA	UNKNOWN	1	1	USED
tmp_cobrosplanillasagrupadas	.data_base/asgard.sql	42320	DB-TABLE-50D527AB84D730	Physical table declared in .data_base/asgard.sql	Tabla candidata del dominio tmp: Tabla temporal o staging usada para calculos, reportes, importaciones o procesos intermedios. Por su nombre agrupa planilla o documento operativo/financiero generado. Tiene lectura y escritura observada, por lo que probablemente participa en un flujo transaccional activo.	SEMANTIC_REVERSE_ENGINEERING_CANDIDATE	SEMANTIC_INFERENCE_REVIEW_REQUIRED	tmp	TEMPORARY_OR_STAGING	UNKNOWN_OR_BUSINESS_DATA	UNKNOWN	1	1	USED
tmp_cobrosdebitos	.data_base/asgard.sql	42336	DB-TABLE-BD64BDDC943376	Physical table declared in .data_base/asgard.sql	Tabla candidata del dominio tmp: Tabla temporal o staging usada para calculos, reportes, importaciones o procesos intermedios. Por su nombre agrupa entidad o catalogo legacy cuyo significado debe confirmarse por uso en codigo y datos. Tiene lectura y escritura observada, por lo que probablemente participa en un flujo transaccional activo.	SEMANTIC_REVERSE_ENGINEERING_CANDIDATE	SEMANTIC_INFERENCE_REVIEW_REQUIRED	tmp	TEMPORARY_OR_STAGING	UNKNOWN_OR_BUSINESS_DATA	UNKNOWN	1	1	USED
tmp_cobrosdebitosagrupadas	.data_base/asgard.sql	42357	DB-TABLE-0819AA9054763D	Physical table declared in .data_base/asgard.sql	Tabla candidata del dominio tmp: Tabla temporal o staging usada para calculos, reportes, importaciones o procesos intermedios. Por su nombre agrupa entidad o catalogo legacy cuyo significado debe confirmarse por uso en codigo y datos. Tiene lectura y escritura observada, por lo que probablemente participa en un flujo transaccional activo.	SEMANTIC_REVERSE_ENGINEERING_CANDIDATE	SEMANTIC_INFERENCE_REVIEW_REQUIRED	tmp	TEMPORARY_OR_STAGING	UNKNOWN_OR_BUSINESS_DATA	UNKNOWN	1	1	USED
tmp_incobrablesfacturas	.data_base/asgard.sql	42375	DB-TABLE-7E8F25463FC95C	Physical table declared in .data_base/asgard.sql	Tabla candidata del dominio tmp: Tabla temporal o staging usada para calculos, reportes, importaciones o procesos intermedios. Por su nombre agrupa facturas o documentos economicos/comerciales, factura o documento economico/comercial. Tiene lectura y escritura observada, por lo que probablemente participa en un flujo transaccional activo.	SEMANTIC_REVERSE_ENGINEERING_CANDIDATE	SEMANTIC_INFERENCE_REVIEW_REQUIRED	tmp	TEMPORARY_OR_STAGING	UNKNOWN_OR_BUSINESS_DATA	UNKNOWN	1	1	USED
tmp_incobrablesplanillas	.data_base/asgard.sql	42390	DB-TABLE-12DBB0AD6BFA34	Physical table declared in .data_base/asgard.sql	Tabla candidata del dominio tmp: Tabla temporal o staging usada para calculos, reportes, importaciones o procesos intermedios. Por su nombre agrupa planilla o documento operativo/financiero generado. Tiene lectura y escritura observada, por lo que probablemente participa en un flujo transaccional activo.	SEMANTIC_REVERSE_ENGINEERING_CANDIDATE	SEMANTIC_INFERENCE_REVIEW_REQUIRED	tmp	TEMPORARY_OR_STAGING	UNKNOWN_OR_BUSINESS_DATA	UNKNOWN	1	1	USED
tmp_incobrablesdebitos	.data_base/asgard.sql	42405	DB-TABLE-614975E68FA549	Physical table declared in .data_base/asgard.sql	Tabla candidata del dominio tmp: Tabla temporal o staging usada para calculos, reportes, importaciones o procesos intermedios. Por su nombre agrupa entidad o catalogo legacy cuyo significado debe confirmarse por uso en codigo y datos. Tiene lectura y escritura observada, por lo que probablemente participa en un flujo transaccional activo.	SEMANTIC_REVERSE_ENGINEERING_CANDIDATE	SEMANTIC_INFERENCE_REVIEW_REQUIRED	tmp	TEMPORARY_OR_STAGING	UNKNOWN_OR_BUSINESS_DATA	UNKNOWN	1	1	USED
tmp_cobrosdesglosado	.data_base/asgard.sql	42424	DB-TABLE-BC3282A5612D6A	Physical table declared in .data_base/asgard.sql	Tabla candidata del dominio tmp: Tabla temporal o staging usada para calculos, reportes, importaciones o procesos intermedios. Por su nombre agrupa entidad o catalogo legacy cuyo significado debe confirmarse por uso en codigo y datos. Tiene lectura y escritura observada, por lo que probablemente participa en un flujo transaccional activo.	SEMANTIC_REVERSE_ENGINEERING_CANDIDATE	SEMANTIC_INFERENCE_REVIEW_REQUIRED	tmp	TEMPORARY_OR_STAGING	UNKNOWN_OR_BUSINESS_DATA	UNKNOWN	1	1	USED
tmp_saldo_actual	.data_base/asgard.sql	42679	DB-TABLE-FEDE527BF90A73	Physical table declared in .data_base/asgard.sql	Tabla candidata del dominio tmp: Tabla temporal o staging usada para calculos, reportes, importaciones o procesos intermedios. Por su nombre agrupa entidad o catalogo legacy cuyo significado debe confirmarse por uso en codigo y datos. Tiene lectura y escritura observada, por lo que probablemente participa en un flujo transaccional activo.	SEMANTIC_REVERSE_ENGINEERING_CANDIDATE	SEMANTIC_INFERENCE_REVIEW_REQUIRED	tmp	TEMPORARY_OR_STAGING	UNKNOWN_OR_BUSINESS_DATA	UNKNOWN	1	1	USED
tmp_saldo_1_5	.data_base/asgard.sql	42694	DB-TABLE-38C5A0BB246E33	Physical table declared in .data_base/asgard.sql	Tabla candidata del dominio tmp: Tabla temporal o staging usada para calculos, reportes, importaciones o procesos intermedios. Por su nombre agrupa entidad o catalogo legacy cuyo significado debe confirmarse por uso en codigo y datos. Tiene lectura y escritura observada, por lo que probablemente participa en un flujo transaccional activo.	SEMANTIC_REVERSE_ENGINEERING_CANDIDATE	SEMANTIC_INFERENCE_REVIEW_REQUIRED	tmp	TEMPORARY_OR_STAGING	UNKNOWN_OR_BUSINESS_DATA	UNKNOWN	1	1	USED
tmp_saldo_5_30	.data_base/asgard.sql	42709	DB-TABLE-D79AD3F90A044B	Physical table declared in .data_base/asgard.sql	Tabla candidata del dominio tmp: Tabla temporal o staging usada para calculos, reportes, importaciones o procesos intermedios. Por su nombre agrupa entidad o catalogo legacy cuyo significado debe confirmarse por uso en codigo y datos. Tiene lectura y escritura observada, por lo que probablemente participa en un flujo transaccional activo.	SEMANTIC_REVERSE_ENGINEERING_CANDIDATE	SEMANTIC_INFERENCE_REVIEW_REQUIRED	tmp	TEMPORARY_OR_STAGING	UNKNOWN_OR_BUSINESS_DATA	UNKNOWN	1	1	USED
tmp_saldo_30_60	.data_base/asgard.sql	42724	DB-TABLE-F1D8C293CBB41F	Physical table declared in .data_base/asgard.sql	Tabla candidata del dominio tmp: Tabla temporal o staging usada para calculos, reportes, importaciones o procesos intermedios. Por su nombre agrupa entidad o catalogo legacy cuyo significado debe confirmarse por uso en codigo y datos. Tiene lectura y escritura observada, por lo que probablemente participa en un flujo transaccional activo.	SEMANTIC_REVERSE_ENGINEERING_CANDIDATE	SEMANTIC_INFERENCE_REVIEW_REQUIRED	tmp	TEMPORARY_OR_STAGING	UNKNOWN_OR_BUSINESS_DATA	UNKNOWN	1	1	USED
tmp_saldo_60	.data_base/asgard.sql	42739	DB-TABLE-D2970F83717C6F	Physical table declared in .data_base/asgard.sql	Tabla candidata del dominio tmp: Tabla temporal o staging usada para calculos, reportes, importaciones o procesos intermedios. Por su nombre agrupa entidad o catalogo legacy cuyo significado debe confirmarse por uso en codigo y datos. Tiene lectura y escritura observada, por lo que probablemente participa en un flujo transaccional activo.	SEMANTIC_REVERSE_ENGINEERING_CANDIDATE	SEMANTIC_INFERENCE_REVIEW_REQUIRED	tmp	TEMPORARY_OR_STAGING	UNKNOWN_OR_BUSINESS_DATA	UNKNOWN	1	1	USED
tmp_operacionestransito	.data_base/asgard.sql	42756	DB-TABLE-F0B037160F5446	Physical table declared in .data_base/asgard.sql	Tabla candidata del dominio tmp: Tabla temporal o staging usada para calculos, reportes, importaciones o procesos intermedios. Por su nombre agrupa entidad o catalogo legacy cuyo significado debe confirmarse por uso en codigo y datos. Tiene lectura y escritura observada, por lo que probablemente participa en un flujo transaccional activo.	SEMANTIC_REVERSE_ENGINEERING_CANDIDATE	SEMANTIC_INFERENCE_REVIEW_REQUIRED	tmp	TEMPORARY_OR_STAGING	LIKELY_PERSONAL_OR_SENSITIVE	UNKNOWN	1	1	USED
tmp_saldos	.data_base/asgard.sql	42792	DB-TABLE-3B279EC04F1855	Physical table declared in .data_base/asgard.sql	Tabla candidata del dominio tmp: Tabla temporal o staging usada para calculos, reportes, importaciones o procesos intermedios. Por su nombre agrupa entidad o catalogo legacy cuyo significado debe confirmarse por uso en codigo y datos. Tiene escrituras observadas sin lecturas directas en la evidencia disponible; revisar si es staging, log o tabla consumida indirectamente.	SEMANTIC_REVERSE_ENGINEERING_CANDIDATE	SEMANTIC_INFERENCE_REVIEW_REQUIRED	tmp	TEMPORARY_OR_STAGING	UNKNOWN_OR_BUSINESS_DATA	UNKNOWN	0	1	USED
tmp_totalfactura	.data_base/asgard.sql	42855	DB-TABLE-F6E49BC2A45E01	Physical table declared in .data_base/asgard.sql	Tabla candidata del dominio tmp: Tabla temporal o staging usada para calculos, reportes, importaciones o procesos intermedios. Por su nombre agrupa factura o documento economico/comercial. Tiene lectura y escritura observada, por lo que probablemente participa en un flujo transaccional activo.	SEMANTIC_REVERSE_ENGINEERING_CANDIDATE	SEMANTIC_INFERENCE_REVIEW_REQUIRED	tmp	TEMPORARY_OR_STAGING	UNKNOWN_OR_BUSINESS_DATA	UNKNOWN	1	1	USED
tmp_totalplanilla	.data_base/asgard.sql	42871	DB-TABLE-B6E484B02A674B	Physical table declared in .data_base/asgard.sql	Tabla candidata del dominio tmp: Tabla temporal o staging usada para calculos, reportes, importaciones o procesos intermedios. Por su nombre agrupa planilla o documento operativo/financiero generado. Tiene lectura y escritura observada, por lo que probablemente participa en un flujo transaccional activo.	SEMANTIC_REVERSE_ENGINEERING_CANDIDATE	SEMANTIC_INFERENCE_REVIEW_REQUIRED	tmp	TEMPORARY_OR_STAGING	UNKNOWN_OR_BUSINESS_DATA	UNKNOWN	1	1	USED
tmp_totalnotas	.data_base/asgard.sql	42887	DB-TABLE-84C4710F56C8CE	Physical table declared in .data_base/asgard.sql	Tabla candidata del dominio tmp: Tabla temporal o staging usada para calculos, reportes, importaciones o procesos intermedios. Por su nombre agrupa entidad o catalogo legacy cuyo significado debe confirmarse por uso en codigo y datos. Tiene lectura y escritura observada, por lo que probablemente participa en un flujo transaccional activo.	SEMANTIC_REVERSE_ENGINEERING_CANDIDATE	SEMANTIC_INFERENCE_REVIEW_REQUIRED	tmp	TEMPORARY_OR_STAGING	UNKNOWN_OR_BUSINESS_DATA	UNKNOWN	1	1	USED
tmp_cobrosfacturas	.data_base/asgard.sql	42903	DB-TABLE-14D2DA1220308B	Physical table declared in .data_base/asgard.sql	Tabla candidata del dominio tmp: Tabla temporal o staging usada para calculos, reportes, importaciones o procesos intermedios. Por su nombre agrupa facturas o documentos economicos/comerciales, factura o documento economico/comercial. Tiene lectura y escritura observada, por lo que probablemente participa en un flujo transaccional activo.	SEMANTIC_REVERSE_ENGINEERING_CANDIDATE	SEMANTIC_INFERENCE_REVIEW_REQUIRED	tmp	TEMPORARY_OR_STAGING	UNKNOWN_OR_BUSINESS_DATA	UNKNOWN	1	1	USED
tmp_cobrosplanillas	.data_base/asgard.sql	42918	DB-TABLE-00A671B069329F	Physical table declared in .data_base/asgard.sql	Tabla candidata del dominio tmp: Tabla temporal o staging usada para calculos, reportes, importaciones o procesos intermedios. Por su nombre agrupa planilla o documento operativo/financiero generado. Tiene lectura y escritura observada, por lo que probablemente participa en un flujo transaccional activo.	SEMANTIC_REVERSE_ENGINEERING_CANDIDATE	SEMANTIC_INFERENCE_REVIEW_REQUIRED	tmp	TEMPORARY_OR_STAGING	UNKNOWN_OR_BUSINESS_DATA	UNKNOWN	1	1	USED
tmp_cobrosdebitos	.data_base/asgard.sql	42933	DB-TABLE-F0280C6AC57A87	Physical table declared in .data_base/asgard.sql	Tabla candidata del dominio tmp: Tabla temporal o staging usada para calculos, reportes, importaciones o procesos intermedios. Por su nombre agrupa entidad o catalogo legacy cuyo significado debe confirmarse por uso en codigo y datos. Tiene lectura y escritura observada, por lo que probablemente participa en un flujo transaccional activo.	SEMANTIC_REVERSE_ENGINEERING_CANDIDATE	SEMANTIC_INFERENCE_REVIEW_REQUIRED	tmp	TEMPORARY_OR_STAGING	UNKNOWN_OR_BUSINESS_DATA	UNKNOWN	1	1	USED
tmp_incobrablesfacturas	.data_base/asgard.sql	42953	DB-TABLE-83AD9236DC080B	Physical table declared in .data_base/asgard.sql	Tabla candidata del dominio tmp: Tabla temporal o staging usada para calculos, reportes, importaciones o procesos intermedios. Por su nombre agrupa facturas o documentos economicos/comerciales, factura o documento economico/comercial. Tiene lectura y escritura observada, por lo que probablemente participa en un flujo transaccional activo.	SEMANTIC_REVERSE_ENGINEERING_CANDIDATE	SEMANTIC_INFERENCE_REVIEW_REQUIRED	tmp	TEMPORARY_OR_STAGING	UNKNOWN_OR_BUSINESS_DATA	UNKNOWN	1	1	USED
tmp_incobrablesplanillas	.data_base/asgard.sql	42968	DB-TABLE-97F888B1C4619D	Physical table declared in .data_base/asgard.sql	Tabla candidata del dominio tmp: Tabla temporal o staging usada para calculos, reportes, importaciones o procesos intermedios. Por su nombre agrupa planilla o documento operativo/financiero generado. Tiene lectura y escritura observada, por lo que probablemente participa en un flujo transaccional activo.	SEMANTIC_REVERSE_ENGINEERING_CANDIDATE	SEMANTIC_INFERENCE_REVIEW_REQUIRED	tmp	TEMPORARY_OR_STAGING	UNKNOWN_OR_BUSINESS_DATA	UNKNOWN	1	1	USED
tmp_incobrablesdebitos	.data_base/asgard.sql	42983	DB-TABLE-D4B1EE705BC429	Physical table declared in .data_base/asgard.sql	Tabla candidata del dominio tmp: Tabla temporal o staging usada para calculos, reportes, importaciones o procesos intermedios. Por su nombre agrupa entidad o catalogo legacy cuyo significado debe confirmarse por uso en codigo y datos. Tiene lectura y escritura observada, por lo que probablemente participa en un flujo transaccional activo.	SEMANTIC_REVERSE_ENGINEERING_CANDIDATE	SEMANTIC_INFERENCE_REVIEW_REQUIRED	tmp	TEMPORARY_OR_STAGING	UNKNOWN_OR_BUSINESS_DATA	UNKNOWN	1	1	USED
tmp_cobrosdesglosado	.data_base/asgard.sql	43002	DB-TABLE-39F730E0EA8A5F	Physical table declared in .data_base/asgard.sql	Tabla candidata del dominio tmp: Tabla temporal o staging usada para calculos, reportes, importaciones o procesos intermedios. Por su nombre agrupa entidad o catalogo legacy cuyo significado debe confirmarse por uso en codigo y datos. Tiene lectura y escritura observada, por lo que probablemente participa en un flujo transaccional activo.	SEMANTIC_REVERSE_ENGINEERING_CANDIDATE	SEMANTIC_INFERENCE_REVIEW_REQUIRED	tmp	TEMPORARY_OR_STAGING	UNKNOWN_OR_BUSINESS_DATA	UNKNOWN	1	1	USED
tmp_saldo_actual	.data_base/asgard.sql	43107	DB-TABLE-C959D7A769B3A6	Physical table declared in .data_base/asgard.sql	Tabla candidata del dominio tmp: Tabla temporal o staging usada para calculos, reportes, importaciones o procesos intermedios. Por su nombre agrupa entidad o catalogo legacy cuyo significado debe confirmarse por uso en codigo y datos. Tiene lectura y escritura observada, por lo que probablemente participa en un flujo transaccional activo.	SEMANTIC_REVERSE_ENGINEERING_CANDIDATE	SEMANTIC_INFERENCE_REVIEW_REQUIRED	tmp	TEMPORARY_OR_STAGING	UNKNOWN_OR_BUSINESS_DATA	UNKNOWN	1	1	USED
tmp_saldo_1_5	.data_base/asgard.sql	43120	DB-TABLE-95B3C5C17793F3	Physical table declared in .data_base/asgard.sql	Tabla candidata del dominio tmp: Tabla temporal o staging usada para calculos, reportes, importaciones o procesos intermedios. Por su nombre agrupa entidad o catalogo legacy cuyo significado debe confirmarse por uso en codigo y datos. Tiene lectura y escritura observada, por lo que probablemente participa en un flujo transaccional activo.	SEMANTIC_REVERSE_ENGINEERING_CANDIDATE	SEMANTIC_INFERENCE_REVIEW_REQUIRED	tmp	TEMPORARY_OR_STAGING	UNKNOWN_OR_BUSINESS_DATA	UNKNOWN	1	1	USED
tmp_saldo_5_30	.data_base/asgard.sql	43133	DB-TABLE-F5173865E31887	Physical table declared in .data_base/asgard.sql	Tabla candidata del dominio tmp: Tabla temporal o staging usada para calculos, reportes, importaciones o procesos intermedios. Por su nombre agrupa entidad o catalogo legacy cuyo significado debe confirmarse por uso en codigo y datos. Tiene lectura y escritura observada, por lo que probablemente participa en un flujo transaccional activo.	SEMANTIC_REVERSE_ENGINEERING_CANDIDATE	SEMANTIC_INFERENCE_REVIEW_REQUIRED	tmp	TEMPORARY_OR_STAGING	UNKNOWN_OR_BUSINESS_DATA	UNKNOWN	1	1	USED
tmp_saldo_30_60	.data_base/asgard.sql	43146	DB-TABLE-5ACF04974C8F2E	Physical table declared in .data_base/asgard.sql	Tabla candidata del dominio tmp: Tabla temporal o staging usada para calculos, reportes, importaciones o procesos intermedios. Por su nombre agrupa entidad o catalogo legacy cuyo significado debe confirmarse por uso en codigo y datos. Tiene lectura y escritura observada, por lo que probablemente participa en un flujo transaccional activo.	SEMANTIC_REVERSE_ENGINEERING_CANDIDATE	SEMANTIC_INFERENCE_REVIEW_REQUIRED	tmp	TEMPORARY_OR_STAGING	UNKNOWN_OR_BUSINESS_DATA	UNKNOWN	1	1	USED
tmp_saldo_60	.data_base/asgard.sql	43159	DB-TABLE-3F06D9B25FD713	Physical table declared in .data_base/asgard.sql	Tabla candidata del dominio tmp: Tabla temporal o staging usada para calculos, reportes, importaciones o procesos intermedios. Por su nombre agrupa entidad o catalogo legacy cuyo significado debe confirmarse por uso en codigo y datos. Tiene lectura y escritura observada, por lo que probablemente participa en un flujo transaccional activo.	SEMANTIC_REVERSE_ENGINEERING_CANDIDATE	SEMANTIC_INFERENCE_REVIEW_REQUIRED	tmp	TEMPORARY_OR_STAGING	UNKNOWN_OR_BUSINESS_DATA	UNKNOWN	1	1	USED
tmp_operacionestransito	.data_base/asgard.sql	43174	DB-TABLE-033FA07857D609	Physical table declared in .data_base/asgard.sql	Tabla candidata del dominio tmp: Tabla temporal o staging usada para calculos, reportes, importaciones o procesos intermedios. Por su nombre agrupa entidad o catalogo legacy cuyo significado debe confirmarse por uso en codigo y datos. Tiene lectura y escritura observada, por lo que probablemente participa en un flujo transaccional activo.	SEMANTIC_REVERSE_ENGINEERING_CANDIDATE	SEMANTIC_INFERENCE_REVIEW_REQUIRED	tmp	TEMPORARY_OR_STAGING	LIKELY_PERSONAL_OR_SENSITIVE	UNKNOWN	1	1	USED
tmp_saldos	.data_base/asgard.sql	43205	DB-TABLE-A7021638B119A9	Physical table declared in .data_base/asgard.sql	Tabla candidata del dominio tmp: Tabla temporal o staging usada para calculos, reportes, importaciones o procesos intermedios. Por su nombre agrupa entidad o catalogo legacy cuyo significado debe confirmarse por uso en codigo y datos. Tiene escrituras observadas sin lecturas directas en la evidencia disponible; revisar si es staging, log o tabla consumida indirectamente.	SEMANTIC_REVERSE_ENGINEERING_CANDIDATE	SEMANTIC_INFERENCE_REVIEW_REQUIRED	tmp	TEMPORARY_OR_STAGING	UNKNOWN_OR_BUSINESS_DATA	UNKNOWN	0	1	USED
tmp_totalfactura	.data_base/asgard.sql	43263	DB-TABLE-7C40E1F929FCD6	Physical table declared in .data_base/asgard.sql	Tabla candidata del dominio tmp: Tabla temporal o staging usada para calculos, reportes, importaciones o procesos intermedios. Por su nombre agrupa factura o documento economico/comercial. Tiene lectura y escritura observada, por lo que probablemente participa en un flujo transaccional activo.	SEMANTIC_REVERSE_ENGINEERING_CANDIDATE	SEMANTIC_INFERENCE_REVIEW_REQUIRED	tmp	TEMPORARY_OR_STAGING	UNKNOWN_OR_BUSINESS_DATA	UNKNOWN	1	1	USED
tmp_totalplanilla	.data_base/asgard.sql	43282	DB-TABLE-AE918667D3EF6C	Physical table declared in .data_base/asgard.sql	Tabla candidata del dominio tmp: Tabla temporal o staging usada para calculos, reportes, importaciones o procesos intermedios. Por su nombre agrupa planilla o documento operativo/financiero generado. Tiene lectura y escritura observada, por lo que probablemente participa en un flujo transaccional activo.	SEMANTIC_REVERSE_ENGINEERING_CANDIDATE	SEMANTIC_INFERENCE_REVIEW_REQUIRED	tmp	TEMPORARY_OR_STAGING	UNKNOWN_OR_BUSINESS_DATA	UNKNOWN	1	1	USED
tmp_totalplanillaagrupada	.data_base/asgard.sql	43299	DB-TABLE-57D7D43DAED131	Physical table declared in .data_base/asgard.sql	Tabla candidata del dominio tmp: Tabla temporal o staging usada para calculos, reportes, importaciones o procesos intermedios. Por su nombre agrupa planilla o documento operativo/financiero generado. Tiene lectura y escritura observada, por lo que probablemente participa en un flujo transaccional activo.	SEMANTIC_REVERSE_ENGINEERING_CANDIDATE	SEMANTIC_INFERENCE_REVIEW_REQUIRED	tmp	TEMPORARY_OR_STAGING	UNKNOWN_OR_BUSINESS_DATA	UNKNOWN	1	1	USED
tmp_totalnotas	.data_base/asgard.sql	43321	DB-TABLE-162603F0869BCC	Physical table declared in .data_base/asgard.sql	Tabla candidata del dominio tmp: Tabla temporal o staging usada para calculos, reportes, importaciones o procesos intermedios. Por su nombre agrupa entidad o catalogo legacy cuyo significado debe confirmarse por uso en codigo y datos. Tiene lectura y escritura observada, por lo que probablemente participa en un flujo transaccional activo.	SEMANTIC_REVERSE_ENGINEERING_CANDIDATE	SEMANTIC_INFERENCE_REVIEW_REQUIRED	tmp	TEMPORARY_OR_STAGING	UNKNOWN_OR_BUSINESS_DATA	UNKNOWN	1	1	USED
tmp_totalnotasagrupada	.data_base/asgard.sql	43341	DB-TABLE-4AB1B92B441CC1	Physical table declared in .data_base/asgard.sql	Tabla candidata del dominio tmp: Tabla temporal o staging usada para calculos, reportes, importaciones o procesos intermedios. Por su nombre agrupa entidad o catalogo legacy cuyo significado debe confirmarse por uso en codigo y datos. Tiene lectura y escritura observada, por lo que probablemente participa en un flujo transaccional activo.	SEMANTIC_REVERSE_ENGINEERING_CANDIDATE	SEMANTIC_INFERENCE_REVIEW_REQUIRED	tmp	TEMPORARY_OR_STAGING	UNKNOWN_OR_BUSINESS_DATA	UNKNOWN	1	1	USED
tmp_cobrosfacturas	.data_base/asgard.sql	43364	DB-TABLE-43B93A11D4833F	Physical table declared in .data_base/asgard.sql	Tabla candidata del dominio tmp: Tabla temporal o staging usada para calculos, reportes, importaciones o procesos intermedios. Por su nombre agrupa facturas o documentos economicos/comerciales, factura o documento economico/comercial. Tiene lectura y escritura observada, por lo que probablemente participa en un flujo transaccional activo.	SEMANTIC_REVERSE_ENGINEERING_CANDIDATE	SEMANTIC_INFERENCE_REVIEW_REQUIRED	tmp	TEMPORARY_OR_STAGING	UNKNOWN_OR_BUSINESS_DATA	UNKNOWN	1	1	USED
tmp_cobrosfacturasagrupadas	.data_base/asgard.sql	43379	DB-TABLE-60CFD0D3E07705	Physical table declared in .data_base/asgard.sql	Tabla candidata del dominio tmp: Tabla temporal o staging usada para calculos, reportes, importaciones o procesos intermedios. Por su nombre agrupa facturas o documentos economicos/comerciales, factura o documento economico/comercial. Tiene lectura y escritura observada, por lo que probablemente participa en un flujo transaccional activo.	SEMANTIC_REVERSE_ENGINEERING_CANDIDATE	SEMANTIC_INFERENCE_REVIEW_REQUIRED	tmp	TEMPORARY_OR_STAGING	UNKNOWN_OR_BUSINESS_DATA	UNKNOWN	1	1	USED
tmp_cobrosplanillas	.data_base/asgard.sql	43394	DB-TABLE-C1C31508315D0E	Physical table declared in .data_base/asgard.sql	Tabla candidata del dominio tmp: Tabla temporal o staging usada para calculos, reportes, importaciones o procesos intermedios. Por su nombre agrupa planilla o documento operativo/financiero generado. Tiene lectura y escritura observada, por lo que probablemente participa en un flujo transaccional activo.	SEMANTIC_REVERSE_ENGINEERING_CANDIDATE	SEMANTIC_INFERENCE_REVIEW_REQUIRED	tmp	TEMPORARY_OR_STAGING	UNKNOWN_OR_BUSINESS_DATA	UNKNOWN	1	1	USED
tmp_cobrosplanillasagrupadas	.data_base/asgard.sql	43409	DB-TABLE-F2C097EF700D02	Physical table declared in .data_base/asgard.sql	Tabla candidata del dominio tmp: Tabla temporal o staging usada para calculos, reportes, importaciones o procesos intermedios. Por su nombre agrupa planilla o documento operativo/financiero generado. Tiene lectura y escritura observada, por lo que probablemente participa en un flujo transaccional activo.	SEMANTIC_REVERSE_ENGINEERING_CANDIDATE	SEMANTIC_INFERENCE_REVIEW_REQUIRED	tmp	TEMPORARY_OR_STAGING	UNKNOWN_OR_BUSINESS_DATA	UNKNOWN	1	1	USED
tmp_cobrosdebitos	.data_base/asgard.sql	43424	DB-TABLE-5EE57D487D43E4	Physical table declared in .data_base/asgard.sql	Tabla candidata del dominio tmp: Tabla temporal o staging usada para calculos, reportes, importaciones o procesos intermedios. Por su nombre agrupa entidad o catalogo legacy cuyo significado debe confirmarse por uso en codigo y datos. Tiene lectura y escritura observada, por lo que probablemente participa en un flujo transaccional activo.	SEMANTIC_REVERSE_ENGINEERING_CANDIDATE	SEMANTIC_INFERENCE_REVIEW_REQUIRED	tmp	TEMPORARY_OR_STAGING	UNKNOWN_OR_BUSINESS_DATA	UNKNOWN	1	1	USED
tmp_cobrosdebitosagrupadas	.data_base/asgard.sql	43442	DB-TABLE-8D139BCC4ED1D6	Physical table declared in .data_base/asgard.sql	Tabla candidata del dominio tmp: Tabla temporal o staging usada para calculos, reportes, importaciones o procesos intermedios. Por su nombre agrupa entidad o catalogo legacy cuyo significado debe confirmarse por uso en codigo y datos. Tiene lectura y escritura observada, por lo que probablemente participa en un flujo transaccional activo.	SEMANTIC_REVERSE_ENGINEERING_CANDIDATE	SEMANTIC_INFERENCE_REVIEW_REQUIRED	tmp	TEMPORARY_OR_STAGING	UNKNOWN_OR_BUSINESS_DATA	UNKNOWN	1	1	USED
tmp_incobrablesfacturas	.data_base/asgard.sql	43459	DB-TABLE-4713497ADD985B	Physical table declared in .data_base/asgard.sql	Tabla candidata del dominio tmp: Tabla temporal o staging usada para calculos, reportes, importaciones o procesos intermedios. Por su nombre agrupa facturas o documentos economicos/comerciales, factura o documento economico/comercial. Tiene lectura y escritura observada, por lo que probablemente participa en un flujo transaccional activo.	SEMANTIC_REVERSE_ENGINEERING_CANDIDATE	SEMANTIC_INFERENCE_REVIEW_REQUIRED	tmp	TEMPORARY_OR_STAGING	UNKNOWN_OR_BUSINESS_DATA	UNKNOWN	1	1	USED
tmp_incobrablesplanillas	.data_base/asgard.sql	43474	DB-TABLE-447F11D7861455	Physical table declared in .data_base/asgard.sql	Tabla candidata del dominio tmp: Tabla temporal o staging usada para calculos, reportes, importaciones o procesos intermedios. Por su nombre agrupa planilla o documento operativo/financiero generado. Tiene lectura y escritura observada, por lo que probablemente participa en un flujo transaccional activo.	SEMANTIC_REVERSE_ENGINEERING_CANDIDATE	SEMANTIC_INFERENCE_REVIEW_REQUIRED	tmp	TEMPORARY_OR_STAGING	UNKNOWN_OR_BUSINESS_DATA	UNKNOWN	1	1	USED
tmp_incobrablesdebitos	.data_base/asgard.sql	43489	DB-TABLE-CD15D861036274	Physical table declared in .data_base/asgard.sql	Tabla candidata del dominio tmp: Tabla temporal o staging usada para calculos, reportes, importaciones o procesos intermedios. Por su nombre agrupa entidad o catalogo legacy cuyo significado debe confirmarse por uso en codigo y datos. Tiene lectura y escritura observada, por lo que probablemente participa en un flujo transaccional activo.	SEMANTIC_REVERSE_ENGINEERING_CANDIDATE	SEMANTIC_INFERENCE_REVIEW_REQUIRED	tmp	TEMPORARY_OR_STAGING	UNKNOWN_OR_BUSINESS_DATA	UNKNOWN	1	1	USED
tmp_cobrosdesglosado	.data_base/asgard.sql	43508	DB-TABLE-2166EA91C2F478	Physical table declared in .data_base/asgard.sql	Tabla candidata del dominio tmp: Tabla temporal o staging usada para calculos, reportes, importaciones o procesos intermedios. Por su nombre agrupa entidad o catalogo legacy cuyo significado debe confirmarse por uso en codigo y datos. Tiene lectura y escritura observada, por lo que probablemente participa en un flujo transaccional activo.	SEMANTIC_REVERSE_ENGINEERING_CANDIDATE	SEMANTIC_INFERENCE_REVIEW_REQUIRED	tmp	TEMPORARY_OR_STAGING	UNKNOWN_OR_BUSINESS_DATA	UNKNOWN	1	1	USED
tmp_saldo_actual	.data_base/asgard.sql	43737	DB-TABLE-3F9F7FE9EF3011	Physical table declared in .data_base/asgard.sql	Tabla candidata del dominio tmp: Tabla temporal o staging usada para calculos, reportes, importaciones o procesos intermedios. Por su nombre agrupa entidad o catalogo legacy cuyo significado debe confirmarse por uso en codigo y datos. Tiene lectura y escritura observada, por lo que probablemente participa en un flujo transaccional activo.	SEMANTIC_REVERSE_ENGINEERING_CANDIDATE	SEMANTIC_INFERENCE_REVIEW_REQUIRED	tmp	TEMPORARY_OR_STAGING	UNKNOWN_OR_BUSINESS_DATA	UNKNOWN	1	1	USED
tmp_saldo_1_5	.data_base/asgard.sql	43750	DB-TABLE-88D023BBFA3B74	Physical table declared in .data_base/asgard.sql	Tabla candidata del dominio tmp: Tabla temporal o staging usada para calculos, reportes, importaciones o procesos intermedios. Por su nombre agrupa entidad o catalogo legacy cuyo significado debe confirmarse por uso en codigo y datos. Tiene lectura y escritura observada, por lo que probablemente participa en un flujo transaccional activo.	SEMANTIC_REVERSE_ENGINEERING_CANDIDATE	SEMANTIC_INFERENCE_REVIEW_REQUIRED	tmp	TEMPORARY_OR_STAGING	UNKNOWN_OR_BUSINESS_DATA	UNKNOWN	1	1	USED
tmp_saldo_5_30	.data_base/asgard.sql	43763	DB-TABLE-52C710C359A055	Physical table declared in .data_base/asgard.sql	Tabla candidata del dominio tmp: Tabla temporal o staging usada para calculos, reportes, importaciones o procesos intermedios. Por su nombre agrupa entidad o catalogo legacy cuyo significado debe confirmarse por uso en codigo y datos. Tiene lectura y escritura observada, por lo que probablemente participa en un flujo transaccional activo.	SEMANTIC_REVERSE_ENGINEERING_CANDIDATE	SEMANTIC_INFERENCE_REVIEW_REQUIRED	tmp	TEMPORARY_OR_STAGING	UNKNOWN_OR_BUSINESS_DATA	UNKNOWN	1	1	USED
tmp_saldo_30_60	.data_base/asgard.sql	43776	DB-TABLE-8228917E6C2D82	Physical table declared in .data_base/asgard.sql	Tabla candidata del dominio tmp: Tabla temporal o staging usada para calculos, reportes, importaciones o procesos intermedios. Por su nombre agrupa entidad o catalogo legacy cuyo significado debe confirmarse por uso en codigo y datos. Tiene lectura y escritura observada, por lo que probablemente participa en un flujo transaccional activo.	SEMANTIC_REVERSE_ENGINEERING_CANDIDATE	SEMANTIC_INFERENCE_REVIEW_REQUIRED	tmp	TEMPORARY_OR_STAGING	UNKNOWN_OR_BUSINESS_DATA	UNKNOWN	1	1	USED
tmp_saldo_60	.data_base/asgard.sql	43789	DB-TABLE-7E91E92DFD7C8C	Physical table declared in .data_base/asgard.sql	Tabla candidata del dominio tmp: Tabla temporal o staging usada para calculos, reportes, importaciones o procesos intermedios. Por su nombre agrupa entidad o catalogo legacy cuyo significado debe confirmarse por uso en codigo y datos. Tiene lectura y escritura observada, por lo que probablemente participa en un flujo transaccional activo.	SEMANTIC_REVERSE_ENGINEERING_CANDIDATE	SEMANTIC_INFERENCE_REVIEW_REQUIRED	tmp	TEMPORARY_OR_STAGING	UNKNOWN_OR_BUSINESS_DATA	UNKNOWN	1	1	USED
tmp_operacionestransito	.data_base/asgard.sql	43804	DB-TABLE-E216750AF73F38	Physical table declared in .data_base/asgard.sql	Tabla candidata del dominio tmp: Tabla temporal o staging usada para calculos, reportes, importaciones o procesos intermedios. Por su nombre agrupa entidad o catalogo legacy cuyo significado debe confirmarse por uso en codigo y datos. Tiene lectura y escritura observada, por lo que probablemente participa en un flujo transaccional activo.	SEMANTIC_REVERSE_ENGINEERING_CANDIDATE	SEMANTIC_INFERENCE_REVIEW_REQUIRED	tmp	TEMPORARY_OR_STAGING	LIKELY_PERSONAL_OR_SENSITIVE	UNKNOWN	1	1	USED
tmp_saldos	.data_base/asgard.sql	43837	DB-TABLE-5804F44221DF80	Physical table declared in .data_base/asgard.sql	Tabla candidata del dominio tmp: Tabla temporal o staging usada para calculos, reportes, importaciones o procesos intermedios. Por su nombre agrupa entidad o catalogo legacy cuyo significado debe confirmarse por uso en codigo y datos. Tiene escrituras observadas sin lecturas directas en la evidencia disponible; revisar si es staging, log o tabla consumida indirectamente.	SEMANTIC_REVERSE_ENGINEERING_CANDIDATE	SEMANTIC_INFERENCE_REVIEW_REQUIRED	tmp	TEMPORARY_OR_STAGING	UNKNOWN_OR_BUSINESS_DATA	UNKNOWN	0	1	USED
tmp_totalfactura	.data_base/asgard.sql	43894	DB-TABLE-9523D6F47757BB	Physical table declared in .data_base/asgard.sql	Tabla candidata del dominio tmp: Tabla temporal o staging usada para calculos, reportes, importaciones o procesos intermedios. Por su nombre agrupa factura o documento economico/comercial. Tiene lectura y escritura observada, por lo que probablemente participa en un flujo transaccional activo.	SEMANTIC_REVERSE_ENGINEERING_CANDIDATE	SEMANTIC_INFERENCE_REVIEW_REQUIRED	tmp	TEMPORARY_OR_STAGING	UNKNOWN_OR_BUSINESS_DATA	UNKNOWN	1	1	USED
tmp_totalplanilla	.data_base/asgard.sql	43912	DB-TABLE-9301368012F2BD	Physical table declared in .data_base/asgard.sql	Tabla candidata del dominio tmp: Tabla temporal o staging usada para calculos, reportes, importaciones o procesos intermedios. Por su nombre agrupa planilla o documento operativo/financiero generado. Tiene lectura y escritura observada, por lo que probablemente participa en un flujo transaccional activo.	SEMANTIC_REVERSE_ENGINEERING_CANDIDATE	SEMANTIC_INFERENCE_REVIEW_REQUIRED	tmp	TEMPORARY_OR_STAGING	UNKNOWN_OR_BUSINESS_DATA	UNKNOWN	1	1	USED
tmp_totalnotas	.data_base/asgard.sql	43933	DB-TABLE-4E7B2E262AD25A	Physical table declared in .data_base/asgard.sql	Tabla candidata del dominio tmp: Tabla temporal o staging usada para calculos, reportes, importaciones o procesos intermedios. Por su nombre agrupa entidad o catalogo legacy cuyo significado debe confirmarse por uso en codigo y datos. Tiene lectura y escritura observada, por lo que probablemente participa en un flujo transaccional activo.	SEMANTIC_REVERSE_ENGINEERING_CANDIDATE	SEMANTIC_INFERENCE_REVIEW_REQUIRED	tmp	TEMPORARY_OR_STAGING	UNKNOWN_OR_BUSINESS_DATA	UNKNOWN	1	1	USED
tmp_cobrosfacturas	.data_base/asgard.sql	43954	DB-TABLE-58CC4BAEBC7511	Physical table declared in .data_base/asgard.sql	Tabla candidata del dominio tmp: Tabla temporal o staging usada para calculos, reportes, importaciones o procesos intermedios. Por su nombre agrupa facturas o documentos economicos/comerciales, factura o documento economico/comercial. Tiene lectura y escritura observada, por lo que probablemente participa en un flujo transaccional activo.	SEMANTIC_REVERSE_ENGINEERING_CANDIDATE	SEMANTIC_INFERENCE_REVIEW_REQUIRED	tmp	TEMPORARY_OR_STAGING	UNKNOWN_OR_BUSINESS_DATA	UNKNOWN	1	1	USED
tmp_cobrosplanillas	.data_base/asgard.sql	43971	DB-TABLE-67B974BF932BC1	Physical table declared in .data_base/asgard.sql	Tabla candidata del dominio tmp: Tabla temporal o staging usada para calculos, reportes, importaciones o procesos intermedios. Por su nombre agrupa planilla o documento operativo/financiero generado. Tiene lectura y escritura observada, por lo que probablemente participa en un flujo transaccional activo.	SEMANTIC_REVERSE_ENGINEERING_CANDIDATE	SEMANTIC_INFERENCE_REVIEW_REQUIRED	tmp	TEMPORARY_OR_STAGING	UNKNOWN_OR_BUSINESS_DATA	UNKNOWN	1	1	USED
tmp_cobrosdebitos	.data_base/asgard.sql	43989	DB-TABLE-9F432C55B6C573	Physical table declared in .data_base/asgard.sql	Tabla candidata del dominio tmp: Tabla temporal o staging usada para calculos, reportes, importaciones o procesos intermedios. Por su nombre agrupa entidad o catalogo legacy cuyo significado debe confirmarse por uso en codigo y datos. Tiene lectura y escritura observada, por lo que probablemente participa en un flujo transaccional activo.	SEMANTIC_REVERSE_ENGINEERING_CANDIDATE	SEMANTIC_INFERENCE_REVIEW_REQUIRED	tmp	TEMPORARY_OR_STAGING	UNKNOWN_OR_BUSINESS_DATA	UNKNOWN	1	1	USED
tmp_incobrablesfacturas	.data_base/asgard.sql	44011	DB-TABLE-2CB9E2C65722B2	Physical table declared in .data_base/asgard.sql	Tabla candidata del dominio tmp: Tabla temporal o staging usada para calculos, reportes, importaciones o procesos intermedios. Por su nombre agrupa facturas o documentos economicos/comerciales, factura o documento economico/comercial. Tiene lectura y escritura observada, por lo que probablemente participa en un flujo transaccional activo.	SEMANTIC_REVERSE_ENGINEERING_CANDIDATE	SEMANTIC_INFERENCE_REVIEW_REQUIRED	tmp	TEMPORARY_OR_STAGING	UNKNOWN_OR_BUSINESS_DATA	UNKNOWN	1	1	USED
tmp_incobrablesplanillas	.data_base/asgard.sql	44028	DB-TABLE-BDC0C8A401E3F7	Physical table declared in .data_base/asgard.sql	Tabla candidata del dominio tmp: Tabla temporal o staging usada para calculos, reportes, importaciones o procesos intermedios. Por su nombre agrupa planilla o documento operativo/financiero generado. Tiene lectura y escritura observada, por lo que probablemente participa en un flujo transaccional activo.	SEMANTIC_REVERSE_ENGINEERING_CANDIDATE	SEMANTIC_INFERENCE_REVIEW_REQUIRED	tmp	TEMPORARY_OR_STAGING	UNKNOWN_OR_BUSINESS_DATA	UNKNOWN	1	1	USED
tmp_incobrablesdebitos	.data_base/asgard.sql	44045	DB-TABLE-A05896B512345F	Physical table declared in .data_base/asgard.sql	Tabla candidata del dominio tmp: Tabla temporal o staging usada para calculos, reportes, importaciones o procesos intermedios. Por su nombre agrupa entidad o catalogo legacy cuyo significado debe confirmarse por uso en codigo y datos. Tiene lectura y escritura observada, por lo que probablemente participa en un flujo transaccional activo.	SEMANTIC_REVERSE_ENGINEERING_CANDIDATE	SEMANTIC_INFERENCE_REVIEW_REQUIRED	tmp	TEMPORARY_OR_STAGING	UNKNOWN_OR_BUSINESS_DATA	UNKNOWN	1	1	USED
tmp_cobrosdesglosado	.data_base/asgard.sql	44067	DB-TABLE-3433774981DE82	Physical table declared in .data_base/asgard.sql	Tabla candidata del dominio tmp: Tabla temporal o staging usada para calculos, reportes, importaciones o procesos intermedios. Por su nombre agrupa entidad o catalogo legacy cuyo significado debe confirmarse por uso en codigo y datos. Tiene lectura y escritura observada, por lo que probablemente participa en un flujo transaccional activo.	SEMANTIC_REVERSE_ENGINEERING_CANDIDATE	SEMANTIC_INFERENCE_REVIEW_REQUIRED	tmp	TEMPORARY_OR_STAGING	UNKNOWN_OR_BUSINESS_DATA	UNKNOWN	1	1	USED
tmp_saldo_actual	.data_base/asgard.sql	44165	DB-TABLE-374FDC05D5D48E	Physical table declared in .data_base/asgard.sql	Tabla candidata del dominio tmp: Tabla temporal o staging usada para calculos, reportes, importaciones o procesos intermedios. Por su nombre agrupa entidad o catalogo legacy cuyo significado debe confirmarse por uso en codigo y datos. Tiene lectura y escritura observada, por lo que probablemente participa en un flujo transaccional activo.	SEMANTIC_REVERSE_ENGINEERING_CANDIDATE	SEMANTIC_INFERENCE_REVIEW_REQUIRED	tmp	TEMPORARY_OR_STAGING	UNKNOWN_OR_BUSINESS_DATA	UNKNOWN	1	1	USED
tmp_saldos	.data_base/asgard.sql	44179	DB-TABLE-DDF8ACD2BF239B	Physical table declared in .data_base/asgard.sql	Tabla candidata del dominio tmp: Tabla temporal o staging usada para calculos, reportes, importaciones o procesos intermedios. Por su nombre agrupa entidad o catalogo legacy cuyo significado debe confirmarse por uso en codigo y datos. Tiene escrituras observadas sin lecturas directas en la evidencia disponible; revisar si es staging, log o tabla consumida indirectamente.	SEMANTIC_REVERSE_ENGINEERING_CANDIDATE	SEMANTIC_INFERENCE_REVIEW_REQUIRED	tmp	TEMPORARY_OR_STAGING	UNKNOWN_OR_BUSINESS_DATA	UNKNOWN	0	1	USED
tmp_estadoEmbarque	.data_base/asgard.sql	44428	DB-TABLE-DB925E137CC79E	Physical table declared in .data_base/asgard.sql	Tabla candidata del dominio tmp: Tabla temporal o staging usada para calculos, reportes, importaciones o procesos intermedios. Por su nombre agrupa estado de ciclo de vida o clasificacion operacional, embarque o movimiento logistico/aduanero. Tiene lectura y escritura observada, por lo que probablemente participa en un flujo transaccional activo.	SEMANTIC_REVERSE_ENGINEERING_CANDIDATE	SEMANTIC_INFERENCE_REVIEW_REQUIRED	tmp	CATALOG_STATE	UNKNOWN_OR_BUSINESS_DATA	UNKNOWN	2	1	USED
tmp_estadoEmbarque	.data_base/asgard.sql	44447	DB-TABLE-8F8AE4054C3D0A	Physical table declared in .data_base/asgard.sql	Tabla candidata del dominio tmp: Tabla temporal o staging usada para calculos, reportes, importaciones o procesos intermedios. Por su nombre agrupa estado de ciclo de vida o clasificacion operacional, embarque o movimiento logistico/aduanero. Tiene lectura y escritura observada, por lo que probablemente participa en un flujo transaccional activo.	SEMANTIC_REVERSE_ENGINEERING_CANDIDATE	SEMANTIC_INFERENCE_REVIEW_REQUIRED	tmp	CATALOG_STATE	UNKNOWN_OR_BUSINESS_DATA	UNKNOWN	2	1	USED
tmp_edpEmbarque	.data_base/asgard.sql	44462	DB-TABLE-D2C8018E12D583	Physical table declared in .data_base/asgard.sql	Tabla candidata del dominio tmp: Tabla temporal o staging usada para calculos, reportes, importaciones o procesos intermedios. Por su nombre agrupa embarque o movimiento logistico/aduanero. Tiene lectura y escritura observada, por lo que probablemente participa en un flujo transaccional activo.	SEMANTIC_REVERSE_ENGINEERING_CANDIDATE	SEMANTIC_INFERENCE_REVIEW_REQUIRED	tmp	TEMPORARY_OR_STAGING	UNKNOWN_OR_BUSINESS_DATA	UNKNOWN	1	1	USED
tmp_fecha5	.data_base/asgard.sql	44481	DB-TABLE-588D57045D9FEA	Physical table declared in .data_base/asgard.sql	Tabla candidata del dominio tmp: Tabla temporal o staging usada para calculos, reportes, importaciones o procesos intermedios. Por su nombre agrupa entidad o catalogo legacy cuyo significado debe confirmarse por uso en codigo y datos. Tiene lectura y escritura observada, por lo que probablemente participa en un flujo transaccional activo.	SEMANTIC_REVERSE_ENGINEERING_CANDIDATE	SEMANTIC_INFERENCE_REVIEW_REQUIRED	tmp	TEMPORARY_OR_STAGING	UNKNOWN_OR_BUSINESS_DATA	UNKNOWN	1	1	USED
tmp_fecha12	.data_base/asgard.sql	44500	DB-TABLE-0E6DFAAFAC706E	Physical table declared in .data_base/asgard.sql	Tabla candidata del dominio tmp: Tabla temporal o staging usada para calculos, reportes, importaciones o procesos intermedios. Por su nombre agrupa entidad o catalogo legacy cuyo significado debe confirmarse por uso en codigo y datos. Tiene lectura y escritura observada, por lo que probablemente participa en un flujo transaccional activo.	SEMANTIC_REVERSE_ENGINEERING_CANDIDATE	SEMANTIC_INFERENCE_REVIEW_REQUIRED	tmp	TEMPORARY_OR_STAGING	UNKNOWN_OR_BUSINESS_DATA	UNKNOWN	1	1	USED
tmp_fecha13	.data_base/asgard.sql	44519	DB-TABLE-85C01E5DBF79C8	Physical table declared in .data_base/asgard.sql	Tabla candidata del dominio tmp: Tabla temporal o staging usada para calculos, reportes, importaciones o procesos intermedios. Por su nombre agrupa entidad o catalogo legacy cuyo significado debe confirmarse por uso en codigo y datos. Tiene lectura y escritura observada, por lo que probablemente participa en un flujo transaccional activo.	SEMANTIC_REVERSE_ENGINEERING_CANDIDATE	SEMANTIC_INFERENCE_REVIEW_REQUIRED	tmp	TEMPORARY_OR_STAGING	UNKNOWN_OR_BUSINESS_DATA	UNKNOWN	1	1	USED
tmp_fecha15	.data_base/asgard.sql	44538	DB-TABLE-83ACD2B33FF273	Physical table declared in .data_base/asgard.sql	Tabla candidata del dominio tmp: Tabla temporal o staging usada para calculos, reportes, importaciones o procesos intermedios. Por su nombre agrupa entidad o catalogo legacy cuyo significado debe confirmarse por uso en codigo y datos. Tiene lectura y escritura observada, por lo que probablemente participa en un flujo transaccional activo.	SEMANTIC_REVERSE_ENGINEERING_CANDIDATE	SEMANTIC_INFERENCE_REVIEW_REQUIRED	tmp	TEMPORARY_OR_STAGING	UNKNOWN_OR_BUSINESS_DATA	UNKNOWN	1	1	USED
tmp_fecha22	.data_base/asgard.sql	44557	DB-TABLE-BDEF943CF9D31E	Physical table declared in .data_base/asgard.sql	Tabla candidata del dominio tmp: Tabla temporal o staging usada para calculos, reportes, importaciones o procesos intermedios. Por su nombre agrupa entidad o catalogo legacy cuyo significado debe confirmarse por uso en codigo y datos. Tiene lectura y escritura observada, por lo que probablemente participa en un flujo transaccional activo.	SEMANTIC_REVERSE_ENGINEERING_CANDIDATE	SEMANTIC_INFERENCE_REVIEW_REQUIRED	tmp	TEMPORARY_OR_STAGING	UNKNOWN_OR_BUSINESS_DATA	UNKNOWN	1	1	USED
tmp_fecha23	.data_base/asgard.sql	44576	DB-TABLE-82136DFE35BBC1	Physical table declared in .data_base/asgard.sql	Tabla candidata del dominio tmp: Tabla temporal o staging usada para calculos, reportes, importaciones o procesos intermedios. Por su nombre agrupa entidad o catalogo legacy cuyo significado debe confirmarse por uso en codigo y datos. Tiene lectura y escritura observada, por lo que probablemente participa en un flujo transaccional activo.	SEMANTIC_REVERSE_ENGINEERING_CANDIDATE	SEMANTIC_INFERENCE_REVIEW_REQUIRED	tmp	TEMPORARY_OR_STAGING	UNKNOWN_OR_BUSINESS_DATA	UNKNOWN	1	1	USED
tmp_pedidos_detalle	.data_base/asgard.sql	44595	DB-TABLE-C39E522DAF38F7	Physical table declared in .data_base/asgard.sql	Tabla candidata del dominio tmp: Tabla temporal o staging usada para calculos, reportes, importaciones o procesos intermedios. Por su nombre agrupa entidad o catalogo legacy cuyo significado debe confirmarse por uso en codigo y datos. Tiene lectura y escritura observada, por lo que probablemente participa en un flujo transaccional activo.	SEMANTIC_REVERSE_ENGINEERING_CANDIDATE	SEMANTIC_INFERENCE_REVIEW_REQUIRED	tmp	TEMPORARY_OR_STAGING	UNKNOWN_OR_BUSINESS_DATA	UNKNOWN	1	1	USED
tmp_leadtimeReal	.data_base/asgard.sql	44613	DB-TABLE-418F26B4F469E2	Physical table declared in .data_base/asgard.sql	Tabla candidata del dominio tmp: Tabla temporal o staging usada para calculos, reportes, importaciones o procesos intermedios. Por su nombre agrupa entidad o catalogo legacy cuyo significado debe confirmarse por uso en codigo y datos. Tiene lectura y escritura observada, por lo que probablemente participa en un flujo transaccional activo.	SEMANTIC_REVERSE_ENGINEERING_CANDIDATE	SEMANTIC_INFERENCE_REVIEW_REQUIRED	tmp	TEMPORARY_OR_STAGING	UNKNOWN_OR_BUSINESS_DATA	UNKNOWN	1	1	USED
tmp_leadtimeTeorico	.data_base/asgard.sql	44665	DB-TABLE-7A1CCFDE53687D	Physical table declared in .data_base/asgard.sql	Tabla candidata del dominio tmp: Tabla temporal o staging usada para calculos, reportes, importaciones o procesos intermedios. Por su nombre agrupa entidad o catalogo legacy cuyo significado debe confirmarse por uso en codigo y datos. Tiene lectura y escritura observada, por lo que probablemente participa en un flujo transaccional activo.	SEMANTIC_REVERSE_ENGINEERING_CANDIDATE	SEMANTIC_INFERENCE_REVIEW_REQUIRED	tmp	TEMPORARY_OR_STAGING	UNKNOWN_OR_BUSINESS_DATA	UNKNOWN	1	1	USED
tmp_ETATeorico	.data_base/asgard.sql	44695	DB-TABLE-604F2F49A85D3C	Physical table declared in .data_base/asgard.sql	Tabla candidata del dominio tmp: Tabla temporal o staging usada para calculos, reportes, importaciones o procesos intermedios. Por su nombre agrupa entidad o catalogo legacy cuyo significado debe confirmarse por uso en codigo y datos. Tiene lectura y escritura observada, por lo que probablemente participa en un flujo transaccional activo.	SEMANTIC_REVERSE_ENGINEERING_CANDIDATE	SEMANTIC_INFERENCE_REVIEW_REQUIRED	tmp	TEMPORARY_OR_STAGING	UNKNOWN_OR_BUSINESS_DATA	UNKNOWN	1	1	USED
tmp_ETAReal	.data_base/asgard.sql	44713	DB-TABLE-4BC6A3CBA38036	Physical table declared in .data_base/asgard.sql	Tabla candidata del dominio tmp: Tabla temporal o staging usada para calculos, reportes, importaciones o procesos intermedios. Por su nombre agrupa entidad o catalogo legacy cuyo significado debe confirmarse por uso en codigo y datos. Tiene lectura y escritura observada, por lo que probablemente participa en un flujo transaccional activo.	SEMANTIC_REVERSE_ENGINEERING_CANDIDATE	SEMANTIC_INFERENCE_REVIEW_REQUIRED	tmp	TEMPORARY_OR_STAGING	UNKNOWN_OR_BUSINESS_DATA	UNKNOWN	1	1	USED
tmp_estadoEmbarque	.data_base/asgard.sql	44836	DB-TABLE-440C350B99AB95	Physical table declared in .data_base/asgard.sql	Tabla candidata del dominio tmp: Tabla temporal o staging usada para calculos, reportes, importaciones o procesos intermedios. Por su nombre agrupa estado de ciclo de vida o clasificacion operacional, embarque o movimiento logistico/aduanero. Tiene lectura y escritura observada, por lo que probablemente participa en un flujo transaccional activo.	SEMANTIC_REVERSE_ENGINEERING_CANDIDATE	SEMANTIC_INFERENCE_REVIEW_REQUIRED	tmp	CATALOG_STATE	UNKNOWN_OR_BUSINESS_DATA	UNKNOWN	2	1	USED
tmp_estadoEmbarque	.data_base/asgard.sql	44854	DB-TABLE-639A86EAC819B8	Physical table declared in .data_base/asgard.sql	Tabla candidata del dominio tmp: Tabla temporal o staging usada para calculos, reportes, importaciones o procesos intermedios. Por su nombre agrupa estado de ciclo de vida o clasificacion operacional, embarque o movimiento logistico/aduanero. Tiene lectura y escritura observada, por lo que probablemente participa en un flujo transaccional activo.	SEMANTIC_REVERSE_ENGINEERING_CANDIDATE	SEMANTIC_INFERENCE_REVIEW_REQUIRED	tmp	CATALOG_STATE	UNKNOWN_OR_BUSINESS_DATA	UNKNOWN	2	1	USED
tmp_edpEmbarque	.data_base/asgard.sql	44867	DB-TABLE-2C34EA72489B12	Physical table declared in .data_base/asgard.sql	Tabla candidata del dominio tmp: Tabla temporal o staging usada para calculos, reportes, importaciones o procesos intermedios. Por su nombre agrupa embarque o movimiento logistico/aduanero. Tiene lectura y escritura observada, por lo que probablemente participa en un flujo transaccional activo.	SEMANTIC_REVERSE_ENGINEERING_CANDIDATE	SEMANTIC_INFERENCE_REVIEW_REQUIRED	tmp	TEMPORARY_OR_STAGING	UNKNOWN_OR_BUSINESS_DATA	UNKNOWN	1	1	USED
tmp_fecha5	.data_base/asgard.sql	44884	DB-TABLE-2062AB834691DD	Physical table declared in .data_base/asgard.sql	Tabla candidata del dominio tmp: Tabla temporal o staging usada para calculos, reportes, importaciones o procesos intermedios. Por su nombre agrupa entidad o catalogo legacy cuyo significado debe confirmarse por uso en codigo y datos. Tiene lectura y escritura observada, por lo que probablemente participa en un flujo transaccional activo.	SEMANTIC_REVERSE_ENGINEERING_CANDIDATE	SEMANTIC_INFERENCE_REVIEW_REQUIRED	tmp	TEMPORARY_OR_STAGING	UNKNOWN_OR_BUSINESS_DATA	UNKNOWN	1	1	USED
tmp_fecha12	.data_base/asgard.sql	44902	DB-TABLE-A58602583D28C7	Physical table declared in .data_base/asgard.sql	Tabla candidata del dominio tmp: Tabla temporal o staging usada para calculos, reportes, importaciones o procesos intermedios. Por su nombre agrupa entidad o catalogo legacy cuyo significado debe confirmarse por uso en codigo y datos. Tiene lectura y escritura observada, por lo que probablemente participa en un flujo transaccional activo.	SEMANTIC_REVERSE_ENGINEERING_CANDIDATE	SEMANTIC_INFERENCE_REVIEW_REQUIRED	tmp	TEMPORARY_OR_STAGING	UNKNOWN_OR_BUSINESS_DATA	UNKNOWN	1	1	USED
tmp_fecha13	.data_base/asgard.sql	44920	DB-TABLE-0E95FF8B544377	Physical table declared in .data_base/asgard.sql	Tabla candidata del dominio tmp: Tabla temporal o staging usada para calculos, reportes, importaciones o procesos intermedios. Por su nombre agrupa entidad o catalogo legacy cuyo significado debe confirmarse por uso en codigo y datos. Tiene lectura y escritura observada, por lo que probablemente participa en un flujo transaccional activo.	SEMANTIC_REVERSE_ENGINEERING_CANDIDATE	SEMANTIC_INFERENCE_REVIEW_REQUIRED	tmp	TEMPORARY_OR_STAGING	UNKNOWN_OR_BUSINESS_DATA	UNKNOWN	1	1	USED
tmp_fecha15	.data_base/asgard.sql	44938	DB-TABLE-5BB873563F606B	Physical table declared in .data_base/asgard.sql	Tabla candidata del dominio tmp: Tabla temporal o staging usada para calculos, reportes, importaciones o procesos intermedios. Por su nombre agrupa entidad o catalogo legacy cuyo significado debe confirmarse por uso en codigo y datos. Tiene lectura y escritura observada, por lo que probablemente participa en un flujo transaccional activo.	SEMANTIC_REVERSE_ENGINEERING_CANDIDATE	SEMANTIC_INFERENCE_REVIEW_REQUIRED	tmp	TEMPORARY_OR_STAGING	UNKNOWN_OR_BUSINESS_DATA	UNKNOWN	1	1	USED
tmp_fecha22	.data_base/asgard.sql	44956	DB-TABLE-8D773645169E57	Physical table declared in .data_base/asgard.sql	Tabla candidata del dominio tmp: Tabla temporal o staging usada para calculos, reportes, importaciones o procesos intermedios. Por su nombre agrupa entidad o catalogo legacy cuyo significado debe confirmarse por uso en codigo y datos. Tiene lectura y escritura observada, por lo que probablemente participa en un flujo transaccional activo.	SEMANTIC_REVERSE_ENGINEERING_CANDIDATE	SEMANTIC_INFERENCE_REVIEW_REQUIRED	tmp	TEMPORARY_OR_STAGING	UNKNOWN_OR_BUSINESS_DATA	UNKNOWN	1	1	USED
tmp_fecha23	.data_base/asgard.sql	44974	DB-TABLE-8B1113C5FB408A	Physical table declared in .data_base/asgard.sql	Tabla candidata del dominio tmp: Tabla temporal o staging usada para calculos, reportes, importaciones o procesos intermedios. Por su nombre agrupa entidad o catalogo legacy cuyo significado debe confirmarse por uso en codigo y datos. Tiene lectura y escritura observada, por lo que probablemente participa en un flujo transaccional activo.	SEMANTIC_REVERSE_ENGINEERING_CANDIDATE	SEMANTIC_INFERENCE_REVIEW_REQUIRED	tmp	TEMPORARY_OR_STAGING	UNKNOWN_OR_BUSINESS_DATA	UNKNOWN	1	1	USED
tmp_pedidos_detalle	.data_base/asgard.sql	44992	DB-TABLE-AD0EFFBFD06609	Physical table declared in .data_base/asgard.sql	Tabla candidata del dominio tmp: Tabla temporal o staging usada para calculos, reportes, importaciones o procesos intermedios. Por su nombre agrupa entidad o catalogo legacy cuyo significado debe confirmarse por uso en codigo y datos. Tiene lectura y escritura observada, por lo que probablemente participa en un flujo transaccional activo.	SEMANTIC_REVERSE_ENGINEERING_CANDIDATE	SEMANTIC_INFERENCE_REVIEW_REQUIRED	tmp	TEMPORARY_OR_STAGING	UNKNOWN_OR_BUSINESS_DATA	UNKNOWN	1	1	USED
tmp_leadtimeReal	.data_base/asgard.sql	45009	DB-TABLE-50F4CB4523CF4E	Physical table declared in .data_base/asgard.sql	Tabla candidata del dominio tmp: Tabla temporal o staging usada para calculos, reportes, importaciones o procesos intermedios. Por su nombre agrupa entidad o catalogo legacy cuyo significado debe confirmarse por uso en codigo y datos. Tiene lectura y escritura observada, por lo que probablemente participa en un flujo transaccional activo.	SEMANTIC_REVERSE_ENGINEERING_CANDIDATE	SEMANTIC_INFERENCE_REVIEW_REQUIRED	tmp	TEMPORARY_OR_STAGING	UNKNOWN_OR_BUSINESS_DATA	UNKNOWN	1	1	USED
tmp_leadtimeTeorico	.data_base/asgard.sql	45058	DB-TABLE-A5D07DCA66E699	Physical table declared in .data_base/asgard.sql	Tabla candidata del dominio tmp: Tabla temporal o staging usada para calculos, reportes, importaciones o procesos intermedios. Por su nombre agrupa entidad o catalogo legacy cuyo significado debe confirmarse por uso en codigo y datos. Tiene lectura y escritura observada, por lo que probablemente participa en un flujo transaccional activo.	SEMANTIC_REVERSE_ENGINEERING_CANDIDATE	SEMANTIC_INFERENCE_REVIEW_REQUIRED	tmp	TEMPORARY_OR_STAGING	UNKNOWN_OR_BUSINESS_DATA	UNKNOWN	1	1	USED
tmp_ETATeorico	.data_base/asgard.sql	45087	DB-TABLE-A02B8333610B17	Physical table declared in .data_base/asgard.sql	Tabla candidata del dominio tmp: Tabla temporal o staging usada para calculos, reportes, importaciones o procesos intermedios. Por su nombre agrupa entidad o catalogo legacy cuyo significado debe confirmarse por uso en codigo y datos. Tiene lectura y escritura observada, por lo que probablemente participa en un flujo transaccional activo.	SEMANTIC_REVERSE_ENGINEERING_CANDIDATE	SEMANTIC_INFERENCE_REVIEW_REQUIRED	tmp	TEMPORARY_OR_STAGING	UNKNOWN_OR_BUSINESS_DATA	UNKNOWN	1	1	USED
tmp_ETAReal	.data_base/asgard.sql	45104	DB-TABLE-5D1F11C4E77F28	Physical table declared in .data_base/asgard.sql	Tabla candidata del dominio tmp: Tabla temporal o staging usada para calculos, reportes, importaciones o procesos intermedios. Por su nombre agrupa entidad o catalogo legacy cuyo significado debe confirmarse por uso en codigo y datos. Tiene lectura y escritura observada, por lo que probablemente participa en un flujo transaccional activo.	SEMANTIC_REVERSE_ENGINEERING_CANDIDATE	SEMANTIC_INFERENCE_REVIEW_REQUIRED	tmp	TEMPORARY_OR_STAGING	UNKNOWN_OR_BUSINESS_DATA	UNKNOWN	1	1	USED
tmp_estadoEmbarque	.data_base/asgard.sql	45224	DB-TABLE-C9FEE2E5E96249	Physical table declared in .data_base/asgard.sql	Tabla candidata del dominio tmp: Tabla temporal o staging usada para calculos, reportes, importaciones o procesos intermedios. Por su nombre agrupa estado de ciclo de vida o clasificacion operacional, embarque o movimiento logistico/aduanero. Tiene lectura y escritura observada, por lo que probablemente participa en un flujo transaccional activo.	SEMANTIC_REVERSE_ENGINEERING_CANDIDATE	SEMANTIC_INFERENCE_REVIEW_REQUIRED	tmp	CATALOG_STATE	UNKNOWN_OR_BUSINESS_DATA	UNKNOWN	2	1	USED
tmp_estadoPedido	.data_base/asgard.sql	45244	DB-TABLE-1A6FD2C4CF99B7	Physical table declared in .data_base/asgard.sql	Tabla candidata del dominio tmp: Tabla temporal o staging usada para calculos, reportes, importaciones o procesos intermedios. Por su nombre agrupa estado de ciclo de vida o clasificacion operacional. Tiene lectura y escritura observada, por lo que probablemente participa en un flujo transaccional activo.	SEMANTIC_REVERSE_ENGINEERING_CANDIDATE	SEMANTIC_INFERENCE_REVIEW_REQUIRED	tmp	CATALOG_STATE	UNKNOWN_OR_BUSINESS_DATA	UNKNOWN	1	1	USED
tmp_estados	.data_base/asgard.sql	45309	DB-TABLE-D976034E57D592	Physical table declared in .data_base/asgard.sql	Tabla candidata del dominio tmp: Tabla temporal o staging usada para calculos, reportes, importaciones o procesos intermedios. Por su nombre agrupa estados de ciclo de vida o clasificacion operacional, estado de ciclo de vida o clasificacion operacional. Tiene lectura y escritura observada, por lo que probablemente participa en un flujo transaccional activo.	SEMANTIC_REVERSE_ENGINEERING_CANDIDATE	SEMANTIC_INFERENCE_REVIEW_REQUIRED	tmp	CATALOG_STATE	UNKNOWN_OR_BUSINESS_DATA	UNKNOWN	1	1	USED
tmp_estadosEmbarque	.data_base/asgard.sql	45327	DB-TABLE-A59E9AC3111731	Physical table declared in .data_base/asgard.sql	Tabla candidata del dominio tmp: Tabla temporal o staging usada para calculos, reportes, importaciones o procesos intermedios. Por su nombre agrupa estados de ciclo de vida o clasificacion operacional, embarque o movimiento logistico/aduanero, estado de ciclo de vida o clasificacion operacional. Tiene lectura y escritura observada, por lo que probablemente participa en un flujo transaccional activo.	SEMANTIC_REVERSE_ENGINEERING_CANDIDATE	SEMANTIC_INFERENCE_REVIEW_REQUIRED	tmp	CATALOG_STATE	UNKNOWN_OR_BUSINESS_DATA	UNKNOWN	1	1	USED
t_tipohallazgo	.data_base/asgard.sql	45410	DB-TABLE-869C59B998F59E	Physical table declared in .data_base/asgard.sql	Tabla candidata del dominio transversal: Tabla transversal o legacy sin prefijo funcional inequivoco. Por su nombre agrupa tipo/clasificador que parametriza la regla o pantalla. Tiene escrituras observadas sin lecturas directas en la evidencia disponible; revisar si es staging, log o tabla consumida indirectamente.	SEMANTIC_REVERSE_ENGINEERING_CANDIDATE	SEMANTIC_INFERENCE_REVIEW_REQUIRED	transversal	DOMAIN_ENTITY_OR_LEGACY	UNKNOWN_OR_BUSINESS_DATA	UNKNOWN	0	1	USED
t_tipo_hallazgo	.data_base/asgard.sql	45436	DB-TABLE-9D442FF78F0DDE	Physical table declared in .data_base/asgard.sql	Tabla candidata del dominio transversal: Tabla transversal o legacy sin prefijo funcional inequivoco. Por su nombre agrupa tipo/clasificador que parametriza la regla o pantalla. Tiene escrituras observadas sin lecturas directas en la evidencia disponible; revisar si es staging, log o tabla consumida indirectamente.	SEMANTIC_REVERSE_ENGINEERING_CANDIDATE	SEMANTIC_INFERENCE_REVIEW_REQUIRED	transversal	REFERENCE_DATA	UNKNOWN_OR_BUSINESS_DATA	UNKNOWN	0	1	USED
t_procesos	.data_base/asgard.sql	45462	DB-TABLE-8FC41A79241DC7	Physical table declared in .data_base/asgard.sql	Tabla candidata del dominio transversal: Tabla transversal o legacy sin prefijo funcional inequivoco. Por su nombre agrupa entidad o catalogo legacy cuyo significado debe confirmarse por uso en codigo y datos. Tiene escrituras observadas sin lecturas directas en la evidencia disponible; revisar si es staging, log o tabla consumida indirectamente.	SEMANTIC_REVERSE_ENGINEERING_CANDIDATE	SEMANTIC_INFERENCE_REVIEW_REQUIRED	transversal	DOMAIN_ENTITY_OR_LEGACY	UNKNOWN_OR_BUSINESS_DATA	UNKNOWN	0	1	USED
t_procesos	.data_base/asgard.sql	45496	DB-TABLE-4972E08E126DF9	Physical table declared in .data_base/asgard.sql	Tabla candidata del dominio transversal: Tabla transversal o legacy sin prefijo funcional inequivoco. Por su nombre agrupa entidad o catalogo legacy cuyo significado debe confirmarse por uso en codigo y datos. Tiene escrituras observadas sin lecturas directas en la evidencia disponible; revisar si es staging, log o tabla consumida indirectamente.	SEMANTIC_REVERSE_ENGINEERING_CANDIDATE	SEMANTIC_INFERENCE_REVIEW_REQUIRED	transversal	DOMAIN_ENTITY_OR_LEGACY	UNKNOWN_OR_BUSINESS_DATA	UNKNOWN	0	1	USED
tmp_reportevehiculos	.data_base/asgard.sql	45530	DB-TABLE-27B38F15349636	Physical table declared in .data_base/asgard.sql	Tabla candidata del dominio tmp: Tabla temporal o staging usada para calculos, reportes, importaciones o procesos intermedios. Por su nombre agrupa reporte, salida agregada o consulta de gestion. Tiene escrituras observadas sin lecturas directas en la evidencia disponible; revisar si es staging, log o tabla consumida indirectamente.	SEMANTIC_REVERSE_ENGINEERING_CANDIDATE	SEMANTIC_INFERENCE_REVIEW_REQUIRED	tmp	TEMPORARY_OR_STAGING	UNKNOWN_OR_BUSINESS_DATA	UNKNOWN	0	1	USED
tmp_unidades	.data_base/asgard.sql	45589	DB-TABLE-0E4FD9585A9EA4	Physical table declared in .data_base/asgard.sql	Tabla candidata del dominio tmp: Tabla temporal o staging usada para calculos, reportes, importaciones o procesos intermedios. Por su nombre agrupa entidad o catalogo legacy cuyo significado debe confirmarse por uso en codigo y datos. Tiene lectura y escritura observada, por lo que probablemente participa en un flujo transaccional activo.	SEMANTIC_REVERSE_ENGINEERING_CANDIDATE	SEMANTIC_INFERENCE_REVIEW_REQUIRED	tmp	TEMPORARY_OR_STAGING	UNKNOWN_OR_BUSINESS_DATA	UNKNOWN	1	1	USED
tmp_valorGA	.data_base/asgard.sql	45624	DB-TABLE-CE81D206170090	Physical table declared in .data_base/asgard.sql	Tabla candidata del dominio tmp: Tabla temporal o staging usada para calculos, reportes, importaciones o procesos intermedios. Por su nombre agrupa valor declarado, calculado o parametrico. Tiene lectura y escritura observada, por lo que probablemente participa en un flujo transaccional activo.	SEMANTIC_REVERSE_ENGINEERING_CANDIDATE	SEMANTIC_INFERENCE_REVIEW_REQUIRED	tmp	TEMPORARY_OR_STAGING	UNKNOWN_OR_BUSINESS_DATA	UNKNOWN	1	1	USED
tmp_valorIVA	.data_base/asgard.sql	45643	DB-TABLE-EFC8CE27541E51	Physical table declared in .data_base/asgard.sql	Tabla candidata del dominio tmp: Tabla temporal o staging usada para calculos, reportes, importaciones o procesos intermedios. Por su nombre agrupa valor declarado, calculado o parametrico. Tiene lectura y escritura observada, por lo que probablemente participa en un flujo transaccional activo.	SEMANTIC_REVERSE_ENGINEERING_CANDIDATE	SEMANTIC_INFERENCE_REVIEW_REQUIRED	tmp	TEMPORARY_OR_STAGING	UNKNOWN_OR_BUSINESS_DATA	UNKNOWN	1	1	USED
tmp_valorICE	.data_base/asgard.sql	45662	DB-TABLE-AB3155B045BAFF	Physical table declared in .data_base/asgard.sql	Tabla candidata del dominio tmp: Tabla temporal o staging usada para calculos, reportes, importaciones o procesos intermedios. Por su nombre agrupa valor declarado, calculado o parametrico. Tiene lectura y escritura observada, por lo que probablemente participa en un flujo transaccional activo.	SEMANTIC_REVERSE_ENGINEERING_CANDIDATE	SEMANTIC_INFERENCE_REVIEW_REQUIRED	tmp	TEMPORARY_OR_STAGING	UNKNOWN_OR_BUSINESS_DATA	UNKNOWN	1	1	USED
tmp_valorComision	.data_base/asgard.sql	45683	DB-TABLE-1D068EFFD57FB7	Physical table declared in .data_base/asgard.sql	Tabla candidata del dominio tmp: Tabla temporal o staging usada para calculos, reportes, importaciones o procesos intermedios. Por su nombre agrupa valor declarado, calculado o parametrico. Tiene lectura y escritura observada, por lo que probablemente participa en un flujo transaccional activo.	SEMANTIC_REVERSE_ENGINEERING_CANDIDATE	SEMANTIC_INFERENCE_REVIEW_REQUIRED	tmp	TEMPORARY_OR_STAGING	UNKNOWN_OR_BUSINESS_DATA	UNKNOWN	1	1	USED
tmp_valorGDE	.data_base/asgard.sql	45704	DB-TABLE-B9F7DA740F5D09	Physical table declared in .data_base/asgard.sql	Tabla candidata del dominio tmp: Tabla temporal o staging usada para calculos, reportes, importaciones o procesos intermedios. Por su nombre agrupa valor declarado, calculado o parametrico. Tiene lectura y escritura observada, por lo que probablemente participa en un flujo transaccional activo.	SEMANTIC_REVERSE_ENGINEERING_CANDIDATE	SEMANTIC_INFERENCE_REVIEW_REQUIRED	tmp	TEMPORARY_OR_STAGING	UNKNOWN_OR_BUSINESS_DATA	UNKNOWN	1	1	USED
tmp_valorGestionSeguro	.data_base/asgard.sql	45725	DB-TABLE-47015A6FF61C80	Physical table declared in .data_base/asgard.sql	Tabla candidata del dominio tmp: Tabla temporal o staging usada para calculos, reportes, importaciones o procesos intermedios. Por su nombre agrupa valor declarado, calculado o parametrico. Tiene lectura y escritura observada, por lo que probablemente participa en un flujo transaccional activo.	SEMANTIC_REVERSE_ENGINEERING_CANDIDATE	SEMANTIC_INFERENCE_REVIEW_REQUIRED	tmp	TEMPORARY_OR_STAGING	UNKNOWN_OR_BUSINESS_DATA	UNKNOWN	1	1	USED
tmp_valorAP	.data_base/asgard.sql	45746	DB-TABLE-F47C3F8866074F	Physical table declared in .data_base/asgard.sql	Tabla candidata del dominio tmp: Tabla temporal o staging usada para calculos, reportes, importaciones o procesos intermedios. Por su nombre agrupa valor declarado, calculado o parametrico. Tiene lectura y escritura observada, por lo que probablemente participa en un flujo transaccional activo.	SEMANTIC_REVERSE_ENGINEERING_CANDIDATE	SEMANTIC_INFERENCE_REVIEW_REQUIRED	tmp	TEMPORARY_OR_STAGING	UNKNOWN_OR_BUSINESS_DATA	UNKNOWN	1	1	USED
tmp_valorDIM	.data_base/asgard.sql	45766	DB-TABLE-28B218243B5DFD	Physical table declared in .data_base/asgard.sql	Tabla candidata del dominio tmp: Tabla temporal o staging usada para calculos, reportes, importaciones o procesos intermedios. Por su nombre agrupa valor declarado, calculado o parametrico. Tiene lectura y escritura observada, por lo que probablemente participa en un flujo transaccional activo.	SEMANTIC_REVERSE_ENGINEERING_CANDIDATE	SEMANTIC_INFERENCE_REVIEW_REQUIRED	tmp	TEMPORARY_OR_STAGING	UNKNOWN_OR_BUSINESS_DATA	UNKNOWN	1	1	USED
tmp_reporte_fiscal	.data_base/asgard.sql	46065	DB-TABLE-D6A04047D06BAD	Physical table declared in .data_base/asgard.sql	Tabla candidata del dominio tmp: Tabla temporal o staging usada para calculos, reportes, importaciones o procesos intermedios. Por su nombre agrupa reporte, salida agregada o consulta de gestion. Tiene lecturas observadas y parece actuar como consulta, catalogo o fuente de reporte.	SEMANTIC_REVERSE_ENGINEERING_CANDIDATE	SEMANTIC_INFERENCE_REVIEW_REQUIRED	tmp	TEMPORARY_OR_STAGING	UNKNOWN_OR_BUSINESS_DATA	UNKNOWN	1	0	USED
tmp_facturacion	.data_base/asgard.sql	46537	DB-TABLE-9170C5B6B83AED	Physical table declared in .data_base/asgard.sql	Tabla candidata del dominio tmp: Tabla temporal o staging usada para calculos, reportes, importaciones o procesos intermedios. Por su nombre agrupa factura o documento economico/comercial. Tiene lectura y escritura observada, por lo que probablemente participa en un flujo transaccional activo.	SEMANTIC_REVERSE_ENGINEERING_CANDIDATE	SEMANTIC_INFERENCE_REVIEW_REQUIRED	tmp	TEMPORARY_OR_STAGING	LIKELY_PERSONAL_OR_SENSITIVE	UNKNOWN	1	1	USED
tmp_pagotributos	.data_base/asgard.sql	46548	DB-TABLE-8D640BCBFF4927	Physical table declared in .data_base/asgard.sql	Tabla candidata del dominio tmp: Tabla temporal o staging usada para calculos, reportes, importaciones o procesos intermedios. Por su nombre agrupa pago o movimiento economico. Tiene lectura y escritura observada, por lo que probablemente participa en un flujo transaccional activo.	SEMANTIC_REVERSE_ENGINEERING_CANDIDATE	SEMANTIC_INFERENCE_REVIEW_REQUIRED	tmp	TEMPORARY_OR_STAGING	UNKNOWN_OR_BUSINESS_DATA	UNKNOWN	1	1	USED
tmp_tareaactual	.data_base/asgard.sql	46562	DB-TABLE-498367630D3849	Physical table declared in .data_base/asgard.sql	Tabla candidata del dominio tmp: Tabla temporal o staging usada para calculos, reportes, importaciones o procesos intermedios. Por su nombre agrupa entidad o catalogo legacy cuyo significado debe confirmarse por uso en codigo y datos. Tiene lectura y escritura observada, por lo que probablemente participa en un flujo transaccional activo.	SEMANTIC_REVERSE_ENGINEERING_CANDIDATE	SEMANTIC_INFERENCE_REVIEW_REQUIRED	tmp	TEMPORARY_OR_STAGING	UNKNOWN_OR_BUSINESS_DATA	UNKNOWN	1	1	USED
tmp_clientecomision	.data_base/asgard.sql	46742	DB-TABLE-0F201B7118C98D	Physical table declared in .data_base/asgard.sql	Tabla candidata del dominio tmp: Tabla temporal o staging usada para calculos, reportes, importaciones o procesos intermedios. Por su nombre agrupa cliente/tenant propietario de la operacion o filtro de visibilidad. Tiene lectura y escritura observada, por lo que probablemente participa en un flujo transaccional activo.	SEMANTIC_REVERSE_ENGINEERING_CANDIDATE	SEMANTIC_INFERENCE_REVIEW_REQUIRED	tmp	TEMPORARY_OR_STAGING	UNKNOWN_OR_BUSINESS_DATA	UNKNOWN	1	1	USED
tmp_clientecomision	.data_base/asgard.sql	46824	DB-TABLE-84555C93EDE9E7	Physical table declared in .data_base/asgard.sql	Tabla candidata del dominio tmp: Tabla temporal o staging usada para calculos, reportes, importaciones o procesos intermedios. Por su nombre agrupa cliente/tenant propietario de la operacion o filtro de visibilidad. Tiene lectura y escritura observada, por lo que probablemente participa en un flujo transaccional activo.	SEMANTIC_REVERSE_ENGINEERING_CANDIDATE	SEMANTIC_INFERENCE_REVIEW_REQUIRED	tmp	TEMPORARY_OR_STAGING	UNKNOWN_OR_BUSINESS_DATA	UNKNOWN	1	1	USED
