domain,table,candidate_domain,flow_usage,semantic_role_in_flow,fields_in_flow,rule_hints,risk_hints,mutations_observed,table_context,evidence_refs,read_references,write_references,validation_status
accounting-ledger-aging-reporting,dav_aging,dav,REPORTING_READ_MODEL,"Entidad documental o soporte usado para validar, adjuntar, generar o descargar evidencias.","anio, mes, monto",control de acceso/cliente; transicion o bloqueo por estado; regla documental/carga-descarga; calculo financiero/impositivo; persistencia/atomicidad/concurrencia,variante cliente pendiente de confirmar; catalogo/semantica pendiente,,"- Insercion o actualizacion de `dav_aging` por mes/anio. | `index_archivos/contables/agig_ajax.php` | Inserta/actualiza `dav_aging` por mes/anio. | `.data_base/asgard.sql` | Tablas `dav_aging`, `dav_meses`, `dav_facturaplanilla`, `dav_facturasdetalle`, `dav_pagosdetalle`, `dav_concepto`. | ASGARD carga montos desde `dav_aging`. | BR-ALAR-003 | Si existe `dav_aging` por mes/anio se actualiza; si no existe se inserta. | `dav_aging.mes` | Mes del registro aging/ahorro.",,0,0,FLOW_SEMANTIC_INFERENCE_REVIEW_REQUIRED
accounting-ledger-aging-reporting,dav_casos,dav,REPORTING_READ_MODEL,Entidad de contexto usada por el flujo para consultar o relacionar informacion de negocio.,"anulado, carpeta, columna, correlativo, idestado, otro",control de acceso/cliente; transicion o bloqueo por estado; regla documental/carga-descarga; calculo financiero/impositivo; persistencia/atomicidad/concurrencia,variante cliente pendiente de confirmar; catalogo/semantica pendiente,,"`dav_casos` | Caso base, cliente, linea, ciudad, fecha pago DIM y anulacion.",EV-SQL_QUERY-1E16A453C0FC22 .data_base/asgard.sql:17707 READS access to dav_casos | EV-SQL_QUERY-C8AB19C9274D78 .data_base/asgard.sql:17755 READS access to dav_casos | EV-SQL_QUERY-85B23A1F6B1886 .data_base/asgard.sql:17773 READS access to dav_casosprevios | EV-SQL_QUERY-A3D8E3282D4ABA .data_base/asgard.sql:17773 READS access to dav_casos | EV-SQL_QUERY-1A08C59D5D207E .data_base/asgard.sql:17815 READS access to dav_casostarea | EV-SQL_QUERY-F5AD1D6FB7CE71 .data_base/asgard.sql:17821 READS access to dav_casos | EV-SQL_QUERY-21DBC002504852 .data_base/asgard.sql:17827 READS access to dav_casos | EV-SQL_QUERY-F810E95BCF97F6 .data_base/asgard.sql:17839 READS access to dav_casos | EV-SQL_QUERY-6078F1BF55EFAA .data_base/asgard.sql:17875 READS access to dav_casos | EV-SQL_QUERY-A3EEC206C5E6EE .data_base/asgard.sql:17881 READS access to dav_casos | EV-SQL_QUERY-CE70168053BD60 .data_base/asgard.sql:17887 READS access to dav_casos | EV-SQL_QUERY-510EF36FB05331 .data_base/asgard.sql:17893 READS access to dav_casosprevios | EV-SQL_QUERY-5EE6AF5366A82A .data_base/asgard.sql:17893 READS access to dav_casos | EV-SQL_QUERY-BB76D27B1C1433 .data_base/asgard.sql:17917 READS access to dav_casos | EV-SQL_QUERY-D9DF6CBD08D688 .data_base/asgard.sql:17917 READS access to dav_casosprevios | EV-SQL_QUERY-1EE354C2A5DD75 .data_base/asgard.sql:17941 READS access to dav_casosprevios | EV-SQL_QUERY-7CC97CDA261E3B .data_base/asgard.sql:17947 READS access to dav_casos | EV-SQL_QUERY-B3F6CA84CCD544 .data_base/asgard.sql:18239 READS access to dav_casos | EV-SQL_QUERY-2D87C35537BA0A .data_base/asgard.sql:18276 READS access to dav_casosprevios | EV-SQL_QUERY-41CBA511A1A811 .data_base/asgard.sql:18307 READS access to dav_casos,23,3,FLOW_SEMANTIC_INFERENCE_REVIEW_REQUIRED
accounting-ledger-aging-reporting,dav_concepto,dav,REPORTING_READ_MODEL,Entidad de contexto usada por el flujo para consultar o relacionar informacion de negocio.,"concepto, descripcion, factura, gde, nit, tributos",control de acceso/cliente; transicion o bloqueo por estado; regla documental/carga-descarga; calculo financiero/impositivo; persistencia/atomicidad/concurrencia,variante cliente pendiente de confirmar; catalogo/semantica pendiente,,"`.data_base/asgard.sql` | Tablas `dav_aging`, `dav_meses`, `dav_facturaplanilla`, `dav_facturasdetalle`, `dav_pagosdetalle`, `dav_concepto`. | `dav_concepto` | Clasificadores de GDE, tributos y otros conceptos.",EV-SQL_QUERY-587F44C75E4D98 .data_base/asgard.sql:17791 READS access to dav_concepto | EV-SQL_QUERY-399DF0033E998D .data_base/asgard.sql:17821 READS access to dav_concepto | EV-SQL_QUERY-7A4AC0A78FE19F .data_base/asgard.sql:17827 READS access to dav_concepto | EV-SQL_QUERY-D39D415D584A89 .data_base/asgard.sql:17833 READS access to dav_concepto | EV-SQL_QUERY-D80F7FC6DC1EF1 .data_base/asgard.sql:17857 READS access to dav_concepto | EV-SQL_QUERY-522ACE1675D3D9 .data_base/asgard.sql:17869 READS access to dav_concepto | EV-SQL_QUERY-C7E545C151F505 .data_base/asgard.sql:17875 READS access to dav_concepto | EV-SQL_QUERY-CFD0A66DF51C7F .data_base/asgard.sql:17983 READS access to dav_concepto | EV-SQL_QUERY-03B8C88AE883A5 .data_base/asgard.sql:18413 READS access to dav_concepto | EV-SQL_QUERY-9CE529A74838D9 .data_base/asgard.sql:18458 READS access to dav_concepto | EV-SQL_QUERY-59EDA3FA877A03 .data_base/asgard.sql:18530 READS access to dav_concepto | EV-SQL_QUERY-64F81B79DD8101 .data_base/asgard.sql:18558 READS access to dav_concepto | EV-SQL_QUERY-43B97966EC3F1F .data_base/asgard.sql:20486 READS access to dav_concepto | EV-SQL_QUERY-7FDC50097B1974 .data_base/asgard.sql:20528 READS access to dav_concepto | EV-SQL_QUERY-70E0F5D1E0AB98 .data_base/asgard.sql:21221 READS access to dav_concepto | EV-SQL_QUERY-A354ADE4E9F80F .data_base/asgard.sql:21263 READS access to dav_concepto | EV-SQL_QUERY-2D0FE0862AB41C .data_base/asgard.sql:21989 READS access to dav_concepto | EV-SQL_QUERY-D6BA32AA66CB81 .data_base/asgard.sql:22031 READS access to dav_concepto | EV-SQL_QUERY-E9A9629482E5D9 .data_base/asgard.sql:22096 READS access to dav_concepto | EV-SQL_QUERY-2CA4B3AD5A8BCD .data_base/asgard.sql:22121 READS access to dav_concepto,1,0,FLOW_SEMANTIC_INFERENCE_REVIEW_REQUIRED
accounting-ledger-aging-reporting,dav_dosificacion,dav,REPORTING_READ_MODEL,Entidad de contexto usada por el flujo para consultar o relacionar informacion de negocio.,,control de acceso/cliente; transicion o bloqueo por estado; regla documental/carga-descarga; calculo financiero/impositivo; persistencia/atomicidad/concurrencia,variante cliente pendiente de confirmar; catalogo/semantica pendiente,,`dav_dosificacion` | Nro autorizacion y codigo de control de factura.,EV-SQL_QUERY-B064FBE5231704 .data_base/asgard.sql:45855 READS access to dav_dosificacion,1,0,FLOW_SEMANTIC_INFERENCE_REVIEW_REQUIRED
accounting-ledger-aging-reporting,dav_facturaplanilla,dav,REPORTING_READ_MODEL,Modelo de lectura o fuente de reporteria del flujo.,"cliente, fecha, idestadofactura, nit, nro",control de acceso/cliente; transicion o bloqueo por estado; regla documental/carga-descarga; calculo financiero/impositivo; persistencia/atomicidad/concurrencia,variante cliente pendiente de confirmar; catalogo/semantica pendiente,,"`.data_base/asgard.sql` | Tablas `dav_aging`, `dav_meses`, `dav_facturaplanilla`, `dav_facturasdetalle`, `dav_pagosdetalle`, `dav_concepto`. | `dav_facturaplanilla` | Facturas/planillas activas y numeros fiscales. | `Factura activa para reporte` | `dav_facturaplanilla.idestadofactura=1`.",EV-SQL_QUERY-7A8D0839363E40 .data_base/asgard.sql:17695 READS access to dav_facturaplanilla | EV-SQL_QUERY-FE2F4B4D50414D .data_base/asgard.sql:17701 READS access to dav_facturaplanilla | EV-SQL_QUERY-380B7E65D6B753 .data_base/asgard.sql:17761 READS access to dav_facturaplanilla | EV-SQL_QUERY-B852A980F6E3B6 .data_base/asgard.sql:17785 READS access to dav_facturaplanilla | EV-SQL_QUERY-0E7A5CD6CC7AB3 .data_base/asgard.sql:17821 READS access to dav_facturaplanilla | EV-SQL_QUERY-CA801278D001D7 .data_base/asgard.sql:17827 READS access to dav_facturaplanilla | EV-SQL_QUERY-F0D2E0E0F20BAB .data_base/asgard.sql:17857 READS access to dav_facturaplanilla | EV-SQL_QUERY-C66C4511D9DA1C .data_base/asgard.sql:17875 READS access to dav_facturaplanilla | EV-SQL_QUERY-B97F8A0E956DAD .data_base/asgard.sql:17917 READS access to dav_facturaplanilla | EV-SQL_QUERY-80623E9DA7EE1B .data_base/asgard.sql:17941 READS access to dav_facturaplanilla | EV-SQL_QUERY-2AFCE480BC0FB0 .data_base/asgard.sql:17977 READS access to dav_facturaplanilla | EV-SQL_QUERY-D6000DFC009DCA .data_base/asgard.sql:17983 READS access to dav_facturaplanilla | EV-SQL_QUERY-00111C41BCBE2E .data_base/asgard.sql:18306 READS access to dav_facturaplanilla | EV-SQL_QUERY-2016900B7344D7 .data_base/asgard.sql:18342 READS access to dav_facturaplanilla | EV-SQL_QUERY-10295D19BBA690 .data_base/asgard.sql:18366 READS access to dav_facturaplanilla | EV-SQL_QUERY-BA1CCA643B30E2 .data_base/asgard.sql:18411 READS access to dav_facturaplanilla | EV-SQL_QUERY-39B09EC3B8B329 .data_base/asgard.sql:18456 READS access to dav_facturaplanilla | EV-SQL_QUERY-4E3900A8536100 .data_base/asgard.sql:18502 READS access to dav_facturaplanilla | EV-SQL_QUERY-EC1FD3759DDCA3 .data_base/asgard.sql:18528 READS access to dav_facturaplanilla | EV-SQL_QUERY-F06CEFE17053E5 .data_base/asgard.sql:18556 READS access to dav_facturaplanilla,2,1,FLOW_SEMANTIC_INFERENCE_REVIEW_REQUIRED
accounting-ledger-aging-reporting,dav_facturasdetalle,dav,REPORTING_READ_MODEL,Entidad de contexto usada por el flujo para consultar o relacionar informacion de negocio.,"concepto, monto",control de acceso/cliente; transicion o bloqueo por estado; regla documental/carga-descarga; calculo financiero/impositivo; persistencia/atomicidad/concurrencia,variante cliente pendiente de confirmar; catalogo/semantica pendiente,,"`.data_base/asgard.sql` | Tablas `dav_aging`, `dav_meses`, `dav_facturaplanilla`, `dav_facturasdetalle`, `dav_pagosdetalle`, `dav_concepto`. | `dav_facturasdetalle` | Detalles facturados por concepto.",EV-SQL_QUERY-6C335EEF26AC2C .data_base/asgard.sql:18304 READS access to dav_facturasdetalle | EV-SQL_QUERY-EB6DC5932871EA .data_base/asgard.sql:18340 READS access to dav_facturasdetalle | EV-SQL_QUERY-45B00841497720 .data_base/asgard.sql:19654 READS access to dav_facturasdetalle | EV-SQL_QUERY-676ACE4EAE8285 .data_base/asgard.sql:20045 READS access to dav_facturasdetalle | EV-SQL_QUERY-638191EB257C16 .data_base/asgard.sql:20423 READS access to dav_facturasdetalle | EV-SQL_QUERY-622AD5D293DC66 .data_base/asgard.sql:21158 READS access to dav_facturasdetalle | EV-SQL_QUERY-B8134640A2980E .data_base/asgard.sql:21904 READS access to dav_facturasdetalle | EV-SQL_QUERY-68A1772A4E4378 .data_base/asgard.sql:21921 READS access to dav_facturasdetalle | EV-SQL_QUERY-3C9733F993B278 .data_base/asgard.sql:23175 READS access to dav_facturasdetalle | EV-SQL_QUERY-3B3BB9A139A48C .data_base/asgard.sql:23921 READS access to dav_facturasdetalle | EV-SQL_QUERY-007DE2A4FA922C .data_base/asgard.sql:23938 READS access to dav_facturasdetalle | EV-SQL_QUERY-B474B0EA84C8BC .data_base/asgard.sql:25002 READS access to dav_facturasdetalle | EV-SQL_QUERY-AD40BC76AB6BE6 .data_base/asgard.sql:25037 READS access to dav_facturasdetalle | EV-SQL_QUERY-D73F7D98CACAB0 .data_base/asgard.sql:28585 READS access to dav_facturasdetalle | EV-SQL_QUERY-ED23B18BC10978 .data_base/asgard.sql:28607 READS access to dav_facturasdetalle | EV-SQL_QUERY-485A3B57C01F5E .data_base/asgard.sql:28629 READS access to dav_facturasdetalle | EV-SQL_QUERY-82E5A97227380F .data_base/asgard.sql:28826 READS access to dav_facturasdetalle | EV-SQL_QUERY-C7A18C03253CD5 .data_base/asgard.sql:28846 READS access to dav_facturasdetalle | EV-SQL_QUERY-A66D162FBA03F0 .data_base/asgard.sql:29311 READS access to dav_facturasdetalle | EV-SQL_QUERY-4594F99CFB7073 .data_base/asgard.sql:29627 READS access to dav_facturasdetalle,1,0,FLOW_SEMANTIC_INFERENCE_REVIEW_REQUIRED
accounting-ledger-aging-reporting,dav_meses,dav,REPORTING_READ_MODEL,"Catalogo o parametro que condiciona reglas, permisos o variantes del flujo.",mes,control de acceso/cliente; transicion o bloqueo por estado; regla documental/carga-descarga; calculo financiero/impositivo; persistencia/atomicidad/concurrencia,variante cliente pendiente de confirmar; catalogo/semantica pendiente,,"`.data_base/asgard.sql` | Tablas `dav_aging`, `dav_meses`, `dav_facturaplanilla`, `dav_facturasdetalle`, `dav_pagosdetalle`, `dav_concepto`. | `dav_meses` | Catalogo de meses para la matriz.",EV-SQL_QUERY-83F0A1D0681908 .data_base/asgard.sql:32607 READS access to dav_meses | EV-SQL_QUERY-7A19ED8ED142B6 .data_base/asgard.sql:33104 READS access to dav_meses | EV-SQL_QUERY-623686008AE39D .data_base/asgard.sql:34238 READS access to dav_meses | EV-SQL_QUERY-BC896C78643761 .data_base/asgard.sql:35364 READS access to dav_meses | EV-SQL_QUERY-CD09AD86A2F6B6 .data_base/asgard.sql:36502 READS access to dav_meses,1,0,FLOW_SEMANTIC_INFERENCE_REVIEW_REQUIRED
accounting-ledger-aging-reporting,dav_pagosdetalle,dav,REPORTING_READ_MODEL,Entidad de contexto usada por el flujo para consultar o relacionar informacion de negocio.,"monto, nro",control de acceso/cliente; transicion o bloqueo por estado; regla documental/carga-descarga; calculo financiero/impositivo; persistencia/atomicidad/concurrencia,variante cliente pendiente de confirmar; catalogo/semantica pendiente,,"`.data_base/asgard.sql` | Tablas `dav_aging`, `dav_meses`, `dav_facturaplanilla`, `dav_facturasdetalle`, `dav_pagosdetalle`, `dav_concepto`. | `dav_pagosdetalle` | Pagos usados para IVA/DIM y componentes de planilla.",EV-SQL_QUERY-BC17003CF9BEFD .data_base/asgard.sql:17827 READS access to dav_pagosdetalle | EV-SQL_QUERY-07C2F68097DAC4 .data_base/asgard.sql:17869 READS access to dav_pagosdetalle | EV-SQL_QUERY-99754B68578828 .data_base/asgard.sql:17875 READS access to dav_pagosdetalle | EV-SQL_QUERY-3CE7AA68B2AD69 .data_base/asgard.sql:17881 READS access to dav_pagosdetalle | EV-SQL_QUERY-684300BD3CFFBC .data_base/asgard.sql:17887 READS access to dav_pagosdetalle | EV-SQL_QUERY-103E2B3C0B1404 .data_base/asgard.sql:17983 READS access to dav_pagosdetalle | EV-SQL_QUERY-E623CAFED17DAA .data_base/asgard.sql:18363 READS access to dav_pagosdetalle | EV-SQL_QUERY-398A69CAC1CA16 .data_base/asgard.sql:18375 READS access to dav_pagosdetalle | EV-SQL_QUERY-03C584BBE22EF8 .data_base/asgard.sql:18408 READS access to dav_pagosdetalle | EV-SQL_QUERY-9E4098F303ED07 .data_base/asgard.sql:18453 READS access to dav_pagosdetalle | EV-SQL_QUERY-022C6952005AD1 .data_base/asgard.sql:18466 READS access to dav_pagosdetalle | EV-SQL_QUERY-9CD940EDEBD86F .data_base/asgard.sql:18499 READS access to dav_pagosdetalle | EV-SQL_QUERY-882BE1EE0577B4 .data_base/asgard.sql:18525 READS access to dav_pagosdetalle | EV-SQL_QUERY-C5BCB20219BBC3 .data_base/asgard.sql:18553 READS access to dav_pagosdetalle | EV-SQL_QUERY-282C3A4378F3DC .data_base/asgard.sql:18613 READS access to dav_pagosdetalle | EV-SQL_QUERY-9D351877EC4BD4 .data_base/asgard.sql:19066 READS access to dav_pagosdetalle | EV-SQL_QUERY-D7F166F464E320 .data_base/asgard.sql:19358 READS access to dav_pagosdetalle | EV-SQL_QUERY-1FFD03C02C0A9F .data_base/asgard.sql:19609 READS access to dav_pagosdetalle | EV-SQL_QUERY-6167B1FB7F9E9E .data_base/asgard.sql:19671 READS access to dav_pagosdetalle | EV-SQL_QUERY-1FBD26171E54ED .data_base/asgard.sql:20062 READS access to dav_pagosdetalle,8,0,FLOW_SEMANTIC_INFERENCE_REVIEW_REQUIRED
additional-services-request-management,ages_solicitudes_asesoria_gestion,ages,REPORTING_READ_MODEL,Modelo de lectura o fuente de reporteria del flujo.,"casos_id, ciudad_id, e_mail, embarque_id, fecha_cierre, fecha_finalizacion, fecha_inicio_proceso, fecha_inicio_revision, responsable_cierre_id",control de acceso/cliente; transicion o bloqueo por estado; regla documental/carga-descarga; calculo financiero/impositivo; persistencia/atomicidad/concurrencia; notificacion o acceso externo,variante cliente pendiente de confirmar; catalogo/semantica pendiente; seguridad/autorizacion sensible,,"`.data_base/asgard.sql` | Tablas/vistas `ages_solicitudes_asesoria_gestion`, `dav_tramites`, `v_solicitudes_asesoria_gestion`, `v_reporte_general_asesoria_gestion`. | `ages_solicitudes_asesoria_gestion.id` | Identificador de solicitud, presentado como `SOL-GE-*`. | `ages_solicitudes_asesoria_gestion.estado` | Estado de ciclo de vida de solicitud. | `ages_solicitudes_asesoria_gestion.solicitante`, `e_mail`, `ciudad_id` | Datos minimos de solicitud. | `ages_solicitudes_asesoria_gestion.notas_adicionales` | Observaciones del solicitante.",EV-SQL_QUERY-A9687DA82EEF30 .data_base/asgard.sql:17821 READS access to ages_solicitudes_asesoria_gestion | EV-SQL_QUERY-C11255AA7C752C .data_base/asgard.sql:17827 READS access to ages_solicitudes_asesoria_gestion | EV-SQL_QUERY-C6C5E46159F4DE .data_base/asgard.sql:18588 READS access to ages_solicitudes_asesoria_gestion | EV-SQL_QUERY-35CF7906845C05 .data_base/asgard.sql:18809 READS access to ages_solicitudes_asesoria_gestion | EV-SQL_QUERY-88563E475F8BF8 .data_base/asgard.sql:18924 READS access to ages_solicitudes_asesoria_gestion | EV-SQL_QUERY-9829CC7E8729F2 .data_base/asgard.sql:19031 READS access to ages_solicitudes_asesoria_gestion | EV-SQL_QUERY-E95017422751F8 .data_base/asgard.sql:19088 READS access to ages_solicitudes_asesoria_gestion | EV-SQL_QUERY-CC1911DE81605C .data_base/asgard.sql:19322 READS access to ages_solicitudes_asesoria_gestion | EV-SQL_QUERY-2C10608C0E3EE8 .data_base/asgard.sql:19574 READS access to ages_solicitudes_asesoria_gestion | EV-SQL_QUERY-8A6165F24AF01F .data_base/asgard.sql:19714 READS access to ages_solicitudes_asesoria_gestion | EV-SQL_QUERY-56B3045C2B2871 .data_base/asgard.sql:19765 READS access to ages_solicitudes_asesoria_gestion | EV-SQL_QUERY-A3BF58EBE20963 .data_base/asgard.sql:19820 READS access to ages_solicitudes_asesoria_gestion | EV-SQL_QUERY-BEAA80135B279E .data_base/asgard.sql:19893 READS access to ages_solicitudes_asesoria_gestion | EV-SQL_QUERY-7EE8355F1594BB .data_base/asgard.sql:20011 READS access to ages_solicitudes_asesoria_gestion | EV-SQL_QUERY-5DB03FFA128142 .data_base/asgard.sql:21306 READS access to ages_solicitudes_asesoria_gestion | EV-SQL_QUERY-79B6AB80C034F8 .data_base/asgard.sql:21396 READS access to ages_solicitudes_asesoria_gestion | EV-SQL_QUERY-7C874CC76E4943 .data_base/asgard.sql:21489 READS access to ages_solicitudes_asesoria_gestion | EV-SQL_QUERY-B7CA6D2B837DA2 .data_base/asgard.sql:21559 READS access to ages_solicitudes_asesoria_gestion | EV-SQL_QUERY-86E152F8D70605 .data_base/asgard.sql:21711 READS access to ages_solicitudes_asesoria_gestion | EV-SQL_QUERY-D53FEB4990F883 .data_base/asgard.sql:21865 READS access to ages_solicitudes_asesoria_gestion,2,0,FLOW_SEMANTIC_INFERENCE_REVIEW_REQUIRED
additional-services-request-management,dav_clienteusuariospermisos,dav,REPORTING_READ_MODEL,"Catalogo o parametro que condiciona reglas, permisos o variantes del flujo.","escritura, idreportescliente",control de acceso/cliente; transicion o bloqueo por estado; regla documental/carga-descarga; calculo financiero/impositivo; persistencia/atomicidad/concurrencia; notificacion o acceso externo,variante cliente pendiente de confirmar; catalogo/semantica pendiente; seguridad/autorizacion sensible,,- Permiso `dav_clienteusuariospermisos.idreportescliente=66`. | BR-ASRM-003 | La escritura se consulta en `dav_clienteusuariospermisos` con `idreportescliente=66`. | `dav_clienteusuariospermisos` | Permiso de escritura para agregar/editar. | Permiso de escritura | `servicios-adicionales.php` | Consulta `dav_clienteusuariospermisos.idreportescliente=66`.,EV-SQL_QUERY-B2ACEA412C2434 index_archivos/MenuClass.php:17 READS access to dav_clienteusuariospermisos | EV-SQL_QUERY-21D4C88608C506 index_archivos/MenuClass.php:33 READS access to dav_clienteusuariospermisos | EV-SQL_QUERY-A2E506CAA01117 index_archivos/menu.php:70 READS access to dav_clienteusuariospermisos | EV-SQL_QUERY-3DCDE2887C5985 index_archivos/menubs4.php:85 READS access to dav_clienteusuariospermisos,3,0,FLOW_SEMANTIC_INFERENCE_REVIEW_REQUIRED
additional-services-request-management,dav_entidademisora,dav,REPORTING_READ_MODEL,"Catalogo o parametro que condiciona reglas, permisos o variantes del flujo.",entidademisora,control de acceso/cliente; transicion o bloqueo por estado; regla documental/carga-descarga; calculo financiero/impositivo; persistencia/atomicidad/concurrencia; notificacion o acceso externo,variante cliente pendiente de confirmar; catalogo/semantica pendiente; seguridad/autorizacion sensible,,`dav_entidademisora` | Entidad emisora seleccionable. | `dav_entidademisoratramite` | Area/tramite dependiente de entidad emisora. | `dav_entidademisoratramitetipo` | Relacion entre tramite de entidad emisora y tipo de tramite disponible.,EV-SQL_QUERY-16504425CA5235 .data_base/asgard.sql:17779 READS access to dav_entidademisoratramite | EV-SQL_QUERY-F04ADE65DC95AE .data_base/asgard.sql:17779 READS access to dav_entidademisoratramitetipo | EV-SQL_QUERY-027E19396FBA04 .data_base/asgard.sql:17881 READS access to dav_entidademisora | EV-SQL_QUERY-932E794793CBF5 .data_base/asgard.sql:17881 READS access to dav_entidademisoratramite | EV-SQL_QUERY-769A49715DF903 .data_base/asgard.sql:17887 READS access to dav_entidademisoratramite | EV-SQL_QUERY-D573CCCBC2FD54 .data_base/asgard.sql:17887 READS access to dav_entidademisora | EV-SQL_QUERY-2F109E6A857EA9 .data_base/asgard.sql:17947 READS access to dav_entidademisora | EV-SQL_QUERY-804E58C162565F index_archivos/controllers/SolicitudClass.php:286 READS access to dav_entidademisoratramitetipo | EV-SQL_QUERY-7E97B1E7869D02 index_archivos/controllers/SolicitudClass.php:287 READS access to dav_entidademisoratramite | EV-SQL_QUERY-343BF670CF9609 index_archivos/controllers/SolicitudClass.php:288 READS access to dav_entidademisora | EV-SQL_QUERY-1FD4E8940212F3 index_archivos/logistica/CotizacionClass.php:1632 READS access to dav_entidademisora | EV-SQL_QUERY-DBDCA53A7C9650 index_archivos/tramites_json.php:13 READS access to dav_entidademisoratramite | EV-SQL_QUERY-415D7F5F7B600F index_archivos/tramites_json.php:31 READS access to dav_entidademisoratramitetipo,3,0,FLOW_SEMANTIC_INFERENCE_REVIEW_REQUIRED
additional-services-request-management,dav_entidademisoratramite,dav,REPORTING_READ_MODEL,"Catalogo o parametro que condiciona reglas, permisos o variantes del flujo.",entidademisoratramite,control de acceso/cliente; transicion o bloqueo por estado; regla documental/carga-descarga; calculo financiero/impositivo; persistencia/atomicidad/concurrencia; notificacion o acceso externo,variante cliente pendiente de confirmar; catalogo/semantica pendiente; seguridad/autorizacion sensible,,`dav_entidademisoratramite` | Area/tramite dependiente de entidad emisora. | `dav_entidademisoratramitetipo` | Relacion entre tramite de entidad emisora y tipo de tramite disponible.,EV-SQL_QUERY-16504425CA5235 .data_base/asgard.sql:17779 READS access to dav_entidademisoratramite | EV-SQL_QUERY-F04ADE65DC95AE .data_base/asgard.sql:17779 READS access to dav_entidademisoratramitetipo | EV-SQL_QUERY-932E794793CBF5 .data_base/asgard.sql:17881 READS access to dav_entidademisoratramite | EV-SQL_QUERY-769A49715DF903 .data_base/asgard.sql:17887 READS access to dav_entidademisoratramite | EV-SQL_QUERY-804E58C162565F index_archivos/controllers/SolicitudClass.php:286 READS access to dav_entidademisoratramitetipo | EV-SQL_QUERY-7E97B1E7869D02 index_archivos/controllers/SolicitudClass.php:287 READS access to dav_entidademisoratramite | EV-SQL_QUERY-DBDCA53A7C9650 index_archivos/tramites_json.php:13 READS access to dav_entidademisoratramite | EV-SQL_QUERY-415D7F5F7B600F index_archivos/tramites_json.php:31 READS access to dav_entidademisoratramitetipo,3,0,FLOW_SEMANTIC_INFERENCE_REVIEW_REQUIRED
additional-services-request-management,dav_entidademisoratramitetipo,dav,REFERENCE_OR_STATE_CATALOG,"Catalogo o parametro que condiciona reglas, permisos o variantes del flujo.",,control de acceso/cliente; transicion o bloqueo por estado; regla documental/carga-descarga; calculo financiero/impositivo; persistencia/atomicidad/concurrencia; notificacion o acceso externo,variante cliente pendiente de confirmar; catalogo/semantica pendiente; seguridad/autorizacion sensible,,`dav_entidademisoratramitetipo` | Relacion entre tramite de entidad emisora y tipo de tramite disponible.,EV-SQL_QUERY-F04ADE65DC95AE .data_base/asgard.sql:17779 READS access to dav_entidademisoratramitetipo | EV-SQL_QUERY-804E58C162565F index_archivos/controllers/SolicitudClass.php:286 READS access to dav_entidademisoratramitetipo | EV-SQL_QUERY-415D7F5F7B600F index_archivos/tramites_json.php:31 READS access to dav_entidademisoratramitetipo,3,0,FLOW_SEMANTIC_INFERENCE_REVIEW_REQUIRED
additional-services-request-management,dav_tipotramite,dav,REFERENCE_OR_STATE_CATALOG,"Catalogo o parametro que condiciona reglas, permisos o variantes del flujo.",tipotramite,control de acceso/cliente; transicion o bloqueo por estado; regla documental/carga-descarga; calculo financiero/impositivo; persistencia/atomicidad/concurrencia; notificacion o acceso externo,variante cliente pendiente de confirmar; catalogo/semantica pendiente; seguridad/autorizacion sensible,,`dav_tipotramite` | Tipo de tramite y `hash_tramite`.,EV-SQL_QUERY-5EC4C522C14DFB .data_base/asgard.sql:17779 READS access to dav_tipotramite | EV-SQL_QUERY-E348A579881F3B .data_base/asgard.sql:17881 READS access to dav_tipotramite | EV-SQL_QUERY-DD31A080BEA550 .data_base/asgard.sql:17887 READS access to dav_tipotramite | EV-SQL_QUERY-A6A0665DF60C01 .data_base/asgard.sql:17947 READS access to dav_tipotramite | EV-SQL_QUERY-60D3AECF2BCCF0 .data_base/asgard.sql:29732 READS access to dav_tipotramite | EV-SQL_QUERY-C622EEF9ED3E38 .data_base/asgard.sql:29924 READS access to dav_tipotramite | EV-SQL_QUERY-E2D485FFFFC420 index_archivos/controllers/SolicitudClass.php:289 READS access to dav_tipotramite | EV-SQL_QUERY-4F50386346AB56 index_archivos/tramites_json.php:33 READS access to dav_tipotramite,3,0,FLOW_SEMANTIC_INFERENCE_REVIEW_REQUIRED
additional-services-request-management,dav_tramites,dav,REPORTING_READ_MODEL,Modelo de lectura o fuente de reporteria del flujo.,,control de acceso/cliente; transicion o bloqueo por estado; regla documental/carga-descarga; calculo financiero/impositivo; persistencia/atomicidad/concurrencia; notificacion o acceso externo,variante cliente pendiente de confirmar; catalogo/semantica pendiente; seguridad/autorizacion sensible,,"`.data_base/asgard.sql` | Tablas/vistas `ages_solicitudes_asesoria_gestion`, `dav_tramites`, `v_solicitudes_asesoria_gestion`, `v_reporte_general_asesoria_gestion`. | `dav_tramites` | Tramites/servicios asociados a solicitud.",EV-SQL_QUERY-40238C6A650CC3 .data_base/asgard.sql:17881 READS access to dav_tramites | EV-SQL_QUERY-2A41FD32302BBF .data_base/asgard.sql:17887 READS access to dav_tramites | EV-SQL_QUERY-DDB4758722A025 .data_base/asgard.sql:17947 READS access to dav_tramites | EV-SQL_QUERY-2CE3F8259E39D1 .data_base/asgard.sql:29731 READS access to dav_tramites | EV-SQL_QUERY-1B1DBABC4533B4 .data_base/asgard.sql:29857 READS access to dav_tramites | EV-SQL_QUERY-2130659483C90E .data_base/asgard.sql:29923 READS access to dav_tramites | EV-SQL_QUERY-D0A005B3C04BA6 .data_base/asgard.sql:30005 READS access to dav_tramites | EV-SQL_QUERY-1F7491A3C29E0B .data_base/asgard.sql:44802 READS access to dav_tramites | EV-SQL_QUERY-0322EF953441C2 .data_base/asgard.sql:45191 READS access to dav_tramites | EV-SQL_QUERY-F2DF330432DB36 .data_base/asgard.sql:46653 READS access to dav_tramites,1,0,FLOW_SEMANTIC_INFERENCE_REVIEW_REQUIRED
additional-services-request-management,logis_embarques,logis,REPORTING_READ_MODEL,Modelo de lectura o fuente de reporteria del flujo.,"fecha_finalizacion, idExchange",control de acceso/cliente; transicion o bloqueo por estado; regla documental/carga-descarga; calculo financiero/impositivo; persistencia/atomicidad/concurrencia; notificacion o acceso externo,variante cliente pendiente de confirmar; catalogo/semantica pendiente; seguridad/autorizacion sensible,,| `fecha_finalizacion` en `logis_embarques` | | `logis_embarques.fecha_finalizacion` | Bloquea alta de servicios en embarque finalizado. | Bloqueo por embarque finalizado | `servicios-adicionales.php` | Consulta `logis_embarques.fecha_finalizacion`.,EV-SQL_QUERY-271B8BADD753C8 .data_base/asgard.sql:17875 READS access to logis_embarques | EV-SQL_QUERY-D92F1F70034698 .data_base/asgard.sql:17893 READS access to logis_embarquesrutas | EV-SQL_QUERY-E8DE6726227583 .data_base/asgard.sql:17893 READS access to logis_embarques | EV-SQL_QUERY-B25606C135A1C8 .data_base/asgard.sql:17923 READS access to logis_embarques | EV-SQL_QUERY-CBB063520AFA05 .data_base/asgard.sql:17959 READS access to logis_embarques | EV-SQL_QUERY-A35253FEB1CECF .data_base/asgard.sql:17965 READS access to logis_embarques | EV-SQL_QUERY-80B5E9CE461C31 .data_base/asgard.sql:27606 READS access to logis_embarques | EV-SQL_QUERY-4978218240EA46 .data_base/asgard.sql:27633 READS access to logis_embarquesmagnitudes | EV-SQL_QUERY-60AC62FAA187C1 .data_base/asgard.sql:27635 READS access to logis_embarques | EV-SQL_QUERY-9DEFE51A0B28A9 .data_base/asgard.sql:27654 READS access to logis_embarques | EV-SQL_QUERY-A49876BFD6250D .data_base/asgard.sql:27706 READS access to logis_embarquescontenedor | EV-SQL_QUERY-2DE4F47B10C829 .data_base/asgard.sql:27708 READS access to logis_embarquesmagnitudes | EV-SQL_QUERY-C3079BF6B949F1 .data_base/asgard.sql:27709 READS access to logis_embarques | EV-SQL_QUERY-B1EEEAC9F071AC .data_base/asgard.sql:27828 READS access to logis_embarques | EV-SQL_QUERY-6AE15DB22CB672 .data_base/asgard.sql:27842 READS access to logis_embarquesoperador | EV-SQL_QUERY-32CA859D40E137 .data_base/asgard.sql:27881 READS access to logis_embarques | EV-SQL_QUERY-2442CE0D04F1C1 .data_base/asgard.sql:27909 READS access to logis_embarques | EV-SQL_QUERY-97E34133F86A8C .data_base/asgard.sql:27936 READS access to logis_embarques | EV-SQL_QUERY-D27A2F192A53E5 .data_base/asgard.sql:27980 READS access to logis_embarques | EV-SQL_QUERY-D1662921139B74 .data_base/asgard.sql:29207 READS access to logis_embarques,25,3,FLOW_SEMANTIC_INFERENCE_REVIEW_REQUIRED
advisory-management-services,ages_asesoria_gestion_carpetas,ages,REPORTING_READ_MODEL,Entidad de contexto usada por el flujo para consultar o relacionar informacion de negocio.,"deleted_at, fecha_asignacion",control de acceso/cliente; transicion o bloqueo por estado; regla documental/carga-descarga; calculo financiero/impositivo; persistencia/atomicidad/concurrencia; notificacion o acceso externo,catalogo/semantica pendiente,,"- Las carpetas asociadas quedan en `ages_asesoria_gestion_carpetas`. | `ages_asesoria_gestion_carpetas` | Carpeta GE asociada: carpeta, DUI, recepcion, chasis, ciudad, cliente, agencia, propietario, estado, asignacion y facturacion.",index_archivos/asesoria-gestion/servicios-adicionales.php:35-61 | index_archivos/asesoria-gestion/components/tbl-estados.js:1-220 | index_archivos/asesoria-gestion/components/solicitud.js:1-260 | index_archivos/asesoria-gestion/components/tramite.js:1-130 | index_archivos/logistica/SolicitudesClass.php:714-850 | index_archivos/controllers/SolicitudClass.php:481-520 | index_archivos/operativos/asesoria-gestion.php:67-212 | tbl-estados.js:1-220 | solicitud.js:1-260 | tramite.js:1-130 | logistica/SolicitudesClass.php:714-850 | .data_base/asgard.sql:285-505 | operativos/asesoria-gestion.php:67-212 | tbl-estados.js:17-79 | solicitud.js:1-80 | tbl-estados.js:155-220 | solicitud.js:150-260 | .data_base/asgard.sql:390-436 | tbl-estados.js:220-260 | SolicitudClass.php:481-520,2,0,FLOW_SEMANTIC_INFERENCE_REVIEW_REQUIRED
advisory-management-services,ages_estados,ages,REFERENCE_OR_STATE_CATALOG,"Catalogo o parametro que condiciona reglas, permisos o variantes del flujo.",estado,control de acceso/cliente; transicion o bloqueo por estado; regla documental/carga-descarga; calculo financiero/impositivo; persistencia/atomicidad/concurrencia; notificacion o acceso externo,catalogo/semantica pendiente,,`ages_estados` | Catalogo de estados de solicitud. | El dump contiene una vista con mapeo de estados 1 a 8 que debe reconciliarse con `ages_estados`.,index_archivos/asesoria-gestion/servicios-adicionales.php:35-61 | index_archivos/asesoria-gestion/components/tbl-estados.js:1-220 | index_archivos/asesoria-gestion/components/solicitud.js:1-260 | index_archivos/asesoria-gestion/components/tramite.js:1-130 | index_archivos/logistica/SolicitudesClass.php:714-850 | index_archivos/controllers/SolicitudClass.php:481-520 | index_archivos/operativos/asesoria-gestion.php:67-212 | tbl-estados.js:1-220 | solicitud.js:1-260 | tramite.js:1-130 | logistica/SolicitudesClass.php:714-850 | .data_base/asgard.sql:285-505 | operativos/asesoria-gestion.php:67-212 | tbl-estados.js:17-79 | solicitud.js:1-80 | tbl-estados.js:155-220 | solicitud.js:150-260 | .data_base/asgard.sql:390-436 | tbl-estados.js:220-260 | SolicitudClass.php:481-520,1,0,FLOW_SEMANTIC_INFERENCE_REVIEW_REQUIRED
advisory-management-services,ages_etapa,ages,REPORTING_READ_MODEL,"Catalogo o parametro que condiciona reglas, permisos o variantes del flujo.",etapa,control de acceso/cliente; transicion o bloqueo por estado; regla documental/carga-descarga; calculo financiero/impositivo; persistencia/atomicidad/concurrencia; notificacion o acceso externo,catalogo/semantica pendiente,,`ages_etapa` | Catalogo de etapas de carpeta/tramite.,index_archivos/asesoria-gestion/servicios-adicionales.php:35-61 | index_archivos/asesoria-gestion/components/tbl-estados.js:1-220 | index_archivos/asesoria-gestion/components/solicitud.js:1-260 | index_archivos/asesoria-gestion/components/tramite.js:1-130 | index_archivos/logistica/SolicitudesClass.php:714-850 | index_archivos/controllers/SolicitudClass.php:481-520 | index_archivos/operativos/asesoria-gestion.php:67-212 | tbl-estados.js:1-220 | solicitud.js:1-260 | tramite.js:1-130 | logistica/SolicitudesClass.php:714-850 | .data_base/asgard.sql:285-505 | operativos/asesoria-gestion.php:67-212 | tbl-estados.js:17-79 | solicitud.js:1-80 | tbl-estados.js:155-220 | solicitud.js:150-260 | .data_base/asgard.sql:390-436 | tbl-estados.js:220-260 | SolicitudClass.php:481-520,1,0,FLOW_SEMANTIC_INFERENCE_REVIEW_REQUIRED
advisory-management-services,ages_observaciones_tramites,ages,REPORTING_READ_MODEL,"Catalogo o parametro que condiciona reglas, permisos o variantes del flujo.",deleted_at,control de acceso/cliente; transicion o bloqueo por estado; regla documental/carga-descarga; calculo financiero/impositivo; persistencia/atomicidad/concurrencia; notificacion o acceso externo,catalogo/semantica pendiente,,"`ages_observaciones_tramites` | Observaciones de tramite con tipo, detalle, adjunto y auditoria.",index_archivos/asesoria-gestion/servicios-adicionales.php:35-61 | index_archivos/asesoria-gestion/components/tbl-estados.js:1-220 | index_archivos/asesoria-gestion/components/solicitud.js:1-260 | index_archivos/asesoria-gestion/components/tramite.js:1-130 | index_archivos/logistica/SolicitudesClass.php:714-850 | index_archivos/controllers/SolicitudClass.php:481-520 | index_archivos/operativos/asesoria-gestion.php:67-212 | tbl-estados.js:1-220 | solicitud.js:1-260 | tramite.js:1-130 | logistica/SolicitudesClass.php:714-850 | .data_base/asgard.sql:285-505 | operativos/asesoria-gestion.php:67-212 | tbl-estados.js:17-79 | solicitud.js:1-80 | tbl-estados.js:155-220 | solicitud.js:150-260 | .data_base/asgard.sql:390-436 | tbl-estados.js:220-260 | SolicitudClass.php:481-520,0,0,FLOW_SEMANTIC_INFERENCE_REVIEW_REQUIRED
advisory-management-services,ages_pagos_detalle,ages,REPORTING_READ_MODEL,Entidad de contexto usada por el flujo para consultar o relacionar informacion de negocio.,"ages_caso_id, deleted_at",control de acceso/cliente; transicion o bloqueo por estado; regla documental/carga-descarga; calculo financiero/impositivo; persistencia/atomicidad/concurrencia; notificacion o acceso externo,catalogo/semantica pendiente,,`ages_pagos_detalle` | Detalle de pagos/costos vinculados a carpeta AGES.,index_archivos/asesoria-gestion/servicios-adicionales.php:35-61 | index_archivos/asesoria-gestion/components/tbl-estados.js:1-220 | index_archivos/asesoria-gestion/components/solicitud.js:1-260 | index_archivos/asesoria-gestion/components/tramite.js:1-130 | index_archivos/logistica/SolicitudesClass.php:714-850 | index_archivos/controllers/SolicitudClass.php:481-520 | index_archivos/operativos/asesoria-gestion.php:67-212 | tbl-estados.js:1-220 | solicitud.js:1-260 | tramite.js:1-130 | logistica/SolicitudesClass.php:714-850 | .data_base/asgard.sql:285-505 | operativos/asesoria-gestion.php:67-212 | tbl-estados.js:17-79 | solicitud.js:1-80 | tbl-estados.js:155-220 | solicitud.js:150-260 | .data_base/asgard.sql:390-436 | tbl-estados.js:220-260 | SolicitudClass.php:481-520,0,0,FLOW_SEMANTIC_INFERENCE_REVIEW_REQUIRED
advisory-management-services,ages_solicitudes_asesoria_gestion,ages,REPORTING_READ_MODEL,Entidad de contexto usada por el flujo para consultar o relacionar informacion de negocio.,"adjunto_anulacion, casos_previos_id, deleted_at, embarque_id, exchange_id, fecha_cierre, fecha_enviado, fecha_finalizacion, fecha_inicio_proceso, fecha_inicio_revision, motivo_anulacion, responsable_cierre_id",control de acceso/cliente; transicion o bloqueo por estado; regla documental/carga-descarga; calculo financiero/impositivo; persistencia/atomicidad/concurrencia; notificacion o acceso externo,catalogo/semantica pendiente,,"La solicitud queda registrada en `ages_solicitudes_asesoria_gestion`. | `ages_solicitudes_asesoria_gestion` | Cabecera de solicitud: solicitante, cliente, caso, caso previo, embarque, linea, notas, estado, exchange, fechas de ciclo y cierre.",index_archivos/asesoria-gestion/servicios-adicionales.php:35-61 | index_archivos/asesoria-gestion/components/tbl-estados.js:1-220 | index_archivos/asesoria-gestion/components/solicitud.js:1-260 | index_archivos/asesoria-gestion/components/tramite.js:1-130 | index_archivos/logistica/SolicitudesClass.php:714-850 | index_archivos/controllers/SolicitudClass.php:481-520 | index_archivos/operativos/asesoria-gestion.php:67-212 | tbl-estados.js:1-220 | solicitud.js:1-260 | tramite.js:1-130 | logistica/SolicitudesClass.php:714-850 | .data_base/asgard.sql:285-505 | operativos/asesoria-gestion.php:67-212 | tbl-estados.js:17-79 | solicitud.js:1-80 | tbl-estados.js:155-220 | solicitud.js:150-260 | .data_base/asgard.sql:390-436 | tbl-estados.js:220-260 | SolicitudClass.php:481-520,2,0,FLOW_SEMANTIC_INFERENCE_REVIEW_REQUIRED
advisory-management-services,ages_valoracion_costo_parametros,ages,REFERENCE_OR_STATE_CATALOG,"Catalogo o parametro que condiciona reglas, permisos o variantes del flujo.",deleted_at,control de acceso/cliente; transicion o bloqueo por estado; regla documental/carga-descarga; calculo financiero/impositivo; persistencia/atomicidad/concurrencia; notificacion o acceso externo,catalogo/semantica pendiente,,"`ages_valoraciones_costos` / `ages_valoracion_costo_parametros` | Parametros de costo de gestion por cliente, entidad, servicio y rango.",index_archivos/asesoria-gestion/servicios-adicionales.php:35-61 | index_archivos/asesoria-gestion/components/tbl-estados.js:1-220 | index_archivos/asesoria-gestion/components/solicitud.js:1-260 | index_archivos/asesoria-gestion/components/tramite.js:1-130 | index_archivos/logistica/SolicitudesClass.php:714-850 | index_archivos/controllers/SolicitudClass.php:481-520 | index_archivos/operativos/asesoria-gestion.php:67-212 | tbl-estados.js:1-220 | solicitud.js:1-260 | tramite.js:1-130 | logistica/SolicitudesClass.php:714-850 | .data_base/asgard.sql:285-505 | operativos/asesoria-gestion.php:67-212 | tbl-estados.js:17-79 | solicitud.js:1-80 | tbl-estados.js:155-220 | solicitud.js:150-260 | .data_base/asgard.sql:390-436 | tbl-estados.js:220-260 | SolicitudClass.php:481-520,1,0,FLOW_SEMANTIC_INFERENCE_REVIEW_REQUIRED
advisory-management-services,ages_valoraciones_costos,ages,REPORTING_READ_MODEL,"Catalogo o parametro que condiciona reglas, permisos o variantes del flujo.",deleted_at,control de acceso/cliente; transicion o bloqueo por estado; regla documental/carga-descarga; calculo financiero/impositivo; persistencia/atomicidad/concurrencia; notificacion o acceso externo,catalogo/semantica pendiente,,"`ages_valoraciones_costos` / `ages_valoracion_costo_parametros` | Parametros de costo de gestion por cliente, entidad, servicio y rango.",index_archivos/asesoria-gestion/servicios-adicionales.php:35-61 | index_archivos/asesoria-gestion/components/tbl-estados.js:1-220 | index_archivos/asesoria-gestion/components/solicitud.js:1-260 | index_archivos/asesoria-gestion/components/tramite.js:1-130 | index_archivos/logistica/SolicitudesClass.php:714-850 | index_archivos/controllers/SolicitudClass.php:481-520 | index_archivos/operativos/asesoria-gestion.php:67-212 | tbl-estados.js:1-220 | solicitud.js:1-260 | tramite.js:1-130 | logistica/SolicitudesClass.php:714-850 | .data_base/asgard.sql:285-505 | operativos/asesoria-gestion.php:67-212 | tbl-estados.js:17-79 | solicitud.js:1-80 | tbl-estados.js:155-220 | solicitud.js:150-260 | .data_base/asgard.sql:390-436 | tbl-estados.js:220-260 | SolicitudClass.php:481-520,0,0,FLOW_SEMANTIC_INFERENCE_REVIEW_REQUIRED
advisory-management-services,dav_casosprevios,dav,REPORTING_READ_MODEL,Entidad de contexto usada por el flujo para consultar o relacionar informacion de negocio.,"carpeta, email, notas",control de acceso/cliente; transicion o bloqueo por estado; regla documental/carga-descarga; calculo financiero/impositivo; persistencia/atomicidad/concurrencia; notificacion o acceso externo,catalogo/semantica pendiente,,`dav_casosprevios` | Caso previo creado desde gestion aduanera masiva o logistica.,index_archivos/asesoria-gestion/servicios-adicionales.php:35-61 | index_archivos/asesoria-gestion/components/tbl-estados.js:1-220 | index_archivos/asesoria-gestion/components/solicitud.js:1-260 | index_archivos/asesoria-gestion/components/tramite.js:1-130 | index_archivos/logistica/SolicitudesClass.php:714-850 | index_archivos/controllers/SolicitudClass.php:481-520 | index_archivos/operativos/asesoria-gestion.php:67-212 | tbl-estados.js:1-220 | solicitud.js:1-260 | tramite.js:1-130 | logistica/SolicitudesClass.php:714-850 | .data_base/asgard.sql:285-505 | operativos/asesoria-gestion.php:67-212 | tbl-estados.js:17-79 | solicitud.js:1-80 | tbl-estados.js:155-220 | solicitud.js:150-260 | .data_base/asgard.sql:390-436 | tbl-estados.js:220-260 | SolicitudClass.php:481-520,22,3,FLOW_SEMANTIC_INFERENCE_REVIEW_REQUIRED
advisory-management-services,dav_tramites,dav,REPORTING_READ_MODEL,"Catalogo o parametro que condiciona reglas, permisos o variantes del flujo.",deleted_at,control de acceso/cliente; transicion o bloqueo por estado; regla documental/carga-descarga; calculo financiero/impositivo; persistencia/atomicidad/concurrencia; notificacion o acceso externo,catalogo/semantica pendiente,,"- Los tramites quedan asociados mediante `dav_tramites`. | `dav_tramites` | Tramites asociados a solicitud/caso previo, entidad emisora, tipo y oficial.",index_archivos/asesoria-gestion/servicios-adicionales.php:35-61 | index_archivos/asesoria-gestion/components/tbl-estados.js:1-220 | index_archivos/asesoria-gestion/components/solicitud.js:1-260 | index_archivos/asesoria-gestion/components/tramite.js:1-130 | index_archivos/logistica/SolicitudesClass.php:714-850 | index_archivos/controllers/SolicitudClass.php:481-520 | index_archivos/operativos/asesoria-gestion.php:67-212 | tbl-estados.js:1-220 | solicitud.js:1-260 | tramite.js:1-130 | logistica/SolicitudesClass.php:714-850 | .data_base/asgard.sql:285-505 | operativos/asesoria-gestion.php:67-212 | tbl-estados.js:17-79 | solicitud.js:1-80 | tbl-estados.js:155-220 | solicitud.js:150-260 | .data_base/asgard.sql:390-436 | tbl-estados.js:220-260 | SolicitudClass.php:481-520,1,0,FLOW_SEMANTIC_INFERENCE_REVIEW_REQUIRED
alicorp-albo-ocr-payment-reconciliation,dav_casos,dav,UPDATE,Entidad transaccional modificada por el flujo; sus cambios deben caracterizarse antes de refactor.,"alicorp_cierre_transito, carpeta, gestion, gestiondui, idaduana, idcasos, idcasosprevios, nodui",transicion o bloqueo por estado; regla documental/carga-descarga; calculo financiero/impositivo; persistencia/atomicidad/concurrencia,seguridad/autorizacion sensible,UPDATE,"- Marcado de `dav_casos.alicorp_cierre_transito=1` si el DIM OCR coincide. | | Consulta por DIM y `UPDATE dav_casos` | INFERRED_DRAFT_REVIEW_REQUIRED | | `dav_casosprevios` | Resolver solicitud aduanera y relacion con embarque. | `dav_casos` | Caso aduanero, cierre de transito y DIM construido. | `UPDATE dav_casos SET alicorp_cierre_transito=1`. | Marcar cierre | DIM coincidente | Actualiza `dav_casos`.",index_archivos/intercambioDocumental/ajax/lectura-ocr-falbo.php:1-45 | index_archivos/intercambioDocumental/ajax/lectura-ocr-falbo.php:51-82 | index_archivos/intercambioDocumental/ajax/lectura-ocr-falbo.php:91-162 | index_archivos/intercambioDocumental/ajax/lectura-ocr-falbo.php:171-177 | index_archivos/intercambioDocumental/ajax/lectura-ocr-falbo.php:183-195 | index_archivos/intercambioDocumental/ajax/lectura-ocr-falbo.php:225-347 | EV-SQL_QUERY-1E16A453C0FC22 .data_base/asgard.sql:17707 READS access to dav_casos | EV-SQL_QUERY-C8AB19C9274D78 .data_base/asgard.sql:17755 READS access to dav_casos | EV-SQL_QUERY-85B23A1F6B1886 .data_base/asgard.sql:17773 READS access to dav_casosprevios | EV-SQL_QUERY-A3D8E3282D4ABA .data_base/asgard.sql:17773 READS access to dav_casos | EV-SQL_QUERY-1A08C59D5D207E .data_base/asgard.sql:17815 READS access to dav_casostarea | EV-SQL_QUERY-F5AD1D6FB7CE71 .data_base/asgard.sql:17821 READS access to dav_casos | EV-SQL_QUERY-21DBC002504852 .data_base/asgard.sql:17827 READS access to dav_casos | EV-SQL_QUERY-F810E95BCF97F6 .data_base/asgard.sql:17839 READS access to dav_casos | EV-SQL_QUERY-6078F1BF55EFAA .data_base/asgard.sql:17875 READS access to dav_casos | EV-SQL_QUERY-A3EEC206C5E6EE .data_base/asgard.sql:17881 READS access to dav_casos | EV-SQL_QUERY-CE70168053BD60 .data_base/asgard.sql:17887 READS access to dav_casos | EV-SQL_QUERY-510EF36FB05331 .data_base/asgard.sql:17893 READS access to dav_casosprevios | EV-SQL_QUERY-5EE6AF5366A82A .data_base/asgard.sql:17893 READS access to dav_casos | EV-SQL_QUERY-BB76D27B1C1433 .data_base/asgard.sql:17917 READS access to dav_casos,23,3,FLOW_SEMANTIC_INFERENCE_REVIEW_REQUIRED
alicorp-albo-ocr-payment-reconciliation,dav_facturacomercial,dav,UPDATE,Entidad transaccional modificada por el flujo; sus cambios deben caracterizarse antes de refactor.,"ages_id, idcasos",transicion o bloqueo por estado; regla documental/carga-descarga; calculo financiero/impositivo; persistencia/atomicidad/concurrencia,seguridad/autorizacion sensible,UPDATE,- Vinculacion `dav_facturacomercial.ages_id` cuando el contexto proviene de asesoria gestion. | | `UPDATE dav_facturacomercial SET ages_id=$idages` | INFERRED_DRAFT_REVIEW_REQUIRED | | `dav_facturacomercial` | Vinculacion con solicitud AGES cuando DIM coincide. | - `UPDATE dav_facturacomercial SET ages_id=...`.,index_archivos/intercambioDocumental/ajax/lectura-ocr-falbo.php:1-45 | index_archivos/intercambioDocumental/ajax/lectura-ocr-falbo.php:51-82 | index_archivos/intercambioDocumental/ajax/lectura-ocr-falbo.php:91-162 | index_archivos/intercambioDocumental/ajax/lectura-ocr-falbo.php:171-177 | index_archivos/intercambioDocumental/ajax/lectura-ocr-falbo.php:183-195 | index_archivos/intercambioDocumental/ajax/lectura-ocr-falbo.php:225-347 | EV-SQL_QUERY-EA5CECD49E45DC .data_base/asgard.sql:17749 READS access to dav_facturacomercial | EV-SQL_QUERY-E0B4CE612BC841 .data_base/asgard.sql:17773 READS access to dav_facturacomercial | EV-SQL_QUERY-F741221752A150 .data_base/asgard.sql:17809 READS access to dav_facturacomercial | EV-SQL_QUERY-D8FA4064EF353B .data_base/asgard.sql:17827 READS access to dav_facturacomercial | EV-SQL_QUERY-016F3CBB861849 .data_base/asgard.sql:17875 READS access to dav_facturacomercial | EV-SQL_QUERY-6D6F63E1CC8C17 .data_base/asgard.sql:17881 READS access to dav_facturacomercial | EV-SQL_QUERY-43F69C8B079F08 .data_base/asgard.sql:17893 READS access to dav_facturacomercial | EV-SQL_QUERY-34BD0FC416E48A .data_base/asgard.sql:17935 READS access to dav_facturacomercial | EV-SQL_QUERY-BA17A572CE7EC0 .data_base/asgard.sql:18213 READS access to dav_facturacomercial | EV-SQL_QUERY-F7242CD4237F7D .data_base/asgard.sql:18238 READS access to dav_facturacomercial | EV-SQL_QUERY-54E651DF531E4E .data_base/asgard.sql:27287 READS access to dav_facturacomercial | EV-SQL_QUERY-C2ACEBCD750270 .data_base/asgard.sql:27460 READS access to dav_facturacomercial | EV-SQL_QUERY-CB8F0C08DC088D .data_base/asgard.sql:27511 READS access to dav_facturacomercial | EV-SQL_QUERY-F1662949A0A332 .data_base/asgard.sql:28125 READS access to dav_facturacomercial,11,0,FLOW_SEMANTIC_INFERENCE_REVIEW_REQUIRED
alicorp-albo-ocr-payment-reconciliation,dav_notasdebitodetalle,dav,UPDATE,Entidad transaccional modificada por el flujo; sus cambios deben caracterizarse antes de refactor.,fecha_numero,transicion o bloqueo por estado; regla documental/carga-descarga; calculo financiero/impositivo; persistencia/atomicidad/concurrencia,seguridad/autorizacion sensible,UPDATE,"- Actualizacion de `dav_notasdebitodetalle.nro` y `fecha_numero`. | `dav_notasdebitodetalle` | Nota de debito sincronizada con factura OCR. | - `UPDATE dav_notasdebitodetalle SET nro=..., fecha_numero=...`.",index_archivos/intercambioDocumental/ajax/lectura-ocr-falbo.php:1-45 | index_archivos/intercambioDocumental/ajax/lectura-ocr-falbo.php:51-82 | index_archivos/intercambioDocumental/ajax/lectura-ocr-falbo.php:91-162 | index_archivos/intercambioDocumental/ajax/lectura-ocr-falbo.php:171-177 | index_archivos/intercambioDocumental/ajax/lectura-ocr-falbo.php:183-195 | index_archivos/intercambioDocumental/ajax/lectura-ocr-falbo.php:225-347 | EV-SQL_QUERY-F5E3767E972C3D .data_base/asgard.sql:17821 READS access to dav_notasdebitodetalle | EV-SQL_QUERY-E51E8945247CA6 .data_base/asgard.sql:17827 READS access to dav_notasdebitodetalle | EV-SQL_QUERY-15D04E8F43C1F0 .data_base/asgard.sql:17869 READS access to dav_notasdebitodetalle | EV-SQL_QUERY-F858F907CB95A3 .data_base/asgard.sql:17881 READS access to dav_notasdebitodetalle | EV-SQL_QUERY-F05C72584F5884 .data_base/asgard.sql:17887 READS access to dav_notasdebitodetalle | EV-SQL_QUERY-AAC1E9736EB211 .data_base/asgard.sql:18372 READS access to dav_notasdebitodetalle | EV-SQL_QUERY-4F3A04232FBFF0 .data_base/asgard.sql:18418 READS access to dav_notasdebitodetalle | EV-SQL_QUERY-7C62B04A03638D .data_base/asgard.sql:18463 READS access to dav_notasdebitodetalle | EV-SQL_QUERY-EAA9943BBFDC01 .data_base/asgard.sql:18583 READS access to dav_notasdebitodetalle | EV-SQL_QUERY-7207D70CF48D01 .data_base/asgard.sql:18610 READS access to dav_notasdebitodetalle | EV-SQL_QUERY-90B7AE626FF20C .data_base/asgard.sql:19065 READS access to dav_notasdebitodetalle | EV-SQL_QUERY-9135644956416E .data_base/asgard.sql:19357 READS access to dav_notasdebitodetalle | EV-SQL_QUERY-5D4DC8EEC6A660 .data_base/asgard.sql:19608 READS access to dav_notasdebitodetalle | EV-SQL_QUERY-97A2CCAD806958 .data_base/asgard.sql:19680 READS access to dav_notasdebitodetalle,1,0,FLOW_SEMANTIC_INFERENCE_REVIEW_REQUIRED
alicorp-albo-ocr-payment-reconciliation,dav_pagosdetalle,dav,UPDATE,Entidad transaccional modificada por el flujo; sus cambios deben caracterizarse antes de refactor.,fecha_numero,transicion o bloqueo por estado; regla documental/carga-descarga; calculo financiero/impositivo; persistencia/atomicidad/concurrencia,seguridad/autorizacion sensible,UPDATE,"- Actualizacion de `dav_pagosdetalle.nro`, `fecha_numero`, metadata OCR y JSON de lectura en la rama de paquete. | BR-AAOPR-008 | La rama ZIP/RAR guarda metadata OCR en `dav_pagosdetalle`; la rama PDF directa observada actualiza solo numero y fecha. | `dav_pagosdetalle` | Pago pendiente reconciliado por OCR. | - `UPDATE dav_pagosdetalle SET nro=..., fecha_numero=..., idusarocr=..., tipoocr=..., idexchangeocr=...`. | - `UPDATE dav_pagosdetalle SET lecturaocr=...`.",index_archivos/intercambioDocumental/ajax/lectura-ocr-falbo.php:1-45 | index_archivos/intercambioDocumental/ajax/lectura-ocr-falbo.php:51-82 | index_archivos/intercambioDocumental/ajax/lectura-ocr-falbo.php:91-162 | index_archivos/intercambioDocumental/ajax/lectura-ocr-falbo.php:171-177 | index_archivos/intercambioDocumental/ajax/lectura-ocr-falbo.php:183-195 | index_archivos/intercambioDocumental/ajax/lectura-ocr-falbo.php:225-347 | EV-SQL_QUERY-BC17003CF9BEFD .data_base/asgard.sql:17827 READS access to dav_pagosdetalle | EV-SQL_QUERY-07C2F68097DAC4 .data_base/asgard.sql:17869 READS access to dav_pagosdetalle | EV-SQL_QUERY-99754B68578828 .data_base/asgard.sql:17875 READS access to dav_pagosdetalle | EV-SQL_QUERY-3CE7AA68B2AD69 .data_base/asgard.sql:17881 READS access to dav_pagosdetalle | EV-SQL_QUERY-684300BD3CFFBC .data_base/asgard.sql:17887 READS access to dav_pagosdetalle | EV-SQL_QUERY-103E2B3C0B1404 .data_base/asgard.sql:17983 READS access to dav_pagosdetalle | EV-SQL_QUERY-E623CAFED17DAA .data_base/asgard.sql:18363 READS access to dav_pagosdetalle | EV-SQL_QUERY-398A69CAC1CA16 .data_base/asgard.sql:18375 READS access to dav_pagosdetalle | EV-SQL_QUERY-03C584BBE22EF8 .data_base/asgard.sql:18408 READS access to dav_pagosdetalle | EV-SQL_QUERY-9E4098F303ED07 .data_base/asgard.sql:18453 READS access to dav_pagosdetalle | EV-SQL_QUERY-022C6952005AD1 .data_base/asgard.sql:18466 READS access to dav_pagosdetalle | EV-SQL_QUERY-9CD940EDEBD86F .data_base/asgard.sql:18499 READS access to dav_pagosdetalle | EV-SQL_QUERY-882BE1EE0577B4 .data_base/asgard.sql:18525 READS access to dav_pagosdetalle | EV-SQL_QUERY-C5BCB20219BBC3 .data_base/asgard.sql:18553 READS access to dav_pagosdetalle,8,0,FLOW_SEMANTIC_INFERENCE_REVIEW_REQUIRED
alicorp-ocr-bulk-shipment-intake,dav_casosprevios,dav,READ_OR_CONTEXT,Entidad de contexto usada por el flujo para consultar o relacionar informacion de negocio.,idExchange,control de acceso/cliente; transicion o bloqueo por estado; regla documental/carga-descarga; calculo financiero/impositivo; persistencia/atomicidad/concurrencia; notificacion o acceso externo,atomicidad/concurrencia pendiente; variante cliente pendiente de confirmar; catalogo/semantica pendiente; seguridad/autorizacion sensible,,- Solicitudes `dav_casosprevios` asociadas al embarque. | `dav_casosprevios` | Solicitud de Gestion Aduanera creada desde el embarque.,index_archivos/logistica/index.php:80-110 | index_archivos/logistica/js/datosEmbarques.js:1164 | index_archivos/logistica/ajax/get-ocr-alicorp-masivo.php:20-63 | index_archivos/logistica/ajax/get-ocr-alicorp-masivo.php:83-214 | index_archivos/logistica/ajax/get-ocr-alicorp-masivo.php:217-288 | index_archivos/logistica/ajax/get-ocr-alicorp-masivo.php:294-423 | index_archivos/logistica/ajax/get-ocr-alicorp-masivo.php:437-455 | index_archivos/logistica/js/datosEmbarques.js:1195-1300 | index_archivos/ocr/lectura_ocr.php:488-607 | .data_base/asgard.sql:12797-12879 | EV-SQL_QUERY-85B23A1F6B1886 .data_base/asgard.sql:17773 READS access to dav_casosprevios | EV-SQL_QUERY-510EF36FB05331 .data_base/asgard.sql:17893 READS access to dav_casosprevios | EV-SQL_QUERY-D9DF6CBD08D688 .data_base/asgard.sql:17917 READS access to dav_casosprevios | EV-SQL_QUERY-1EE354C2A5DD75 .data_base/asgard.sql:17941 READS access to dav_casosprevios | EV-SQL_QUERY-2D87C35537BA0A .data_base/asgard.sql:18276 READS access to dav_casosprevios | EV-SQL_QUERY-ACBC7014B44145 .data_base/asgard.sql:27550 READS access to dav_casosprevios | EV-SQL_QUERY-9E53765A441113 .data_base/asgard.sql:27576 READS access to dav_casosprevios | EV-SQL_QUERY-ECB9B94D5BA8BD .data_base/asgard.sql:27586 READS access to dav_casosprevios | EV-SQL_QUERY-355981AEFA7039 .data_base/asgard.sql:27984 READS access to dav_casosprevios | EV-SQL_QUERY-FF4C0CD0FF8DE3 .data_base/asgard.sql:28508 READS access to dav_casosprevios,22,3,FLOW_SEMANTIC_INFERENCE_REVIEW_REQUIRED
alicorp-ocr-bulk-shipment-intake,ocr_alicorp,documentos,READ_OR_CONTEXT,"Entidad documental o soporte usado para validar, adjuntar, generar o descargar evidencias.",idocr_alicorp,control de acceso/cliente; transicion o bloqueo por estado; regla documental/carga-descarga; calculo financiero/impositivo; persistencia/atomicidad/concurrencia; notificacion o acceso externo,atomicidad/concurrencia pendiente; variante cliente pendiente de confirmar; catalogo/semantica pendiente; seguridad/autorizacion sensible,,"Registros `ocr_alicorp`, `ocr_alicorp_detalle`, `ocr_alicorp_internacional`. | - Registros de embarque logistico con `idocr_alicorp`. | | Inserts a `ocr_alicorp*`. | `ocr_alicorp` | Cabecera OCR de factura Alicorp. | `ocr_alicorp_detalle` | Items OCR de factura. | `ocr_alicorp_internacional` | Importes internacionales OCR, como flete.",index_archivos/logistica/index.php:80-110 | index_archivos/logistica/js/datosEmbarques.js:1164 | index_archivos/logistica/ajax/get-ocr-alicorp-masivo.php:20-63 | index_archivos/logistica/ajax/get-ocr-alicorp-masivo.php:83-214 | index_archivos/logistica/ajax/get-ocr-alicorp-masivo.php:217-288 | index_archivos/logistica/ajax/get-ocr-alicorp-masivo.php:294-423 | index_archivos/logistica/ajax/get-ocr-alicorp-masivo.php:437-455 | index_archivos/logistica/js/datosEmbarques.js:1195-1300 | index_archivos/ocr/lectura_ocr.php:488-607 | .data_base/asgard.sql:12797-12879 | EV-SQL_QUERY-D98FC9D8422B87 .data_base/asgard.sql:17875 READS access to ocr_alicorp_internacional | EV-SQL_QUERY-268503FCB20D28 .data_base/asgard.sql:29706 READS access to ocr_alicorp | EV-SQL_QUERY-882DBC8A576E9D .data_base/asgard.sql:29729 READS access to ocr_alicorp | EV-SQL_QUERY-9E5997091644C1 .data_base/asgard.sql:29792 READS access to ocr_alicorp | EV-SQL_QUERY-2CC54AAAB0AD32 index_archivos/operativos/exportaciones/ExportacionesClass.php:191 READS access to ocr_alicorp_internacional | EV-SQL_QUERY-2DED8CED3F9A60 index_archivos/operativos/exportaciones/ExportacionesClass.php:192 READS access to ocr_alicorp | EV-SQL_QUERY-4F63775A535643 index_archivos/operativos/exportaciones/ExportacionesClass.php:195 READS access to ocr_alicorp_internacional | EV-SQL_QUERY-8F4A3E0F339444 index_archivos/operativos/exportaciones/ExportacionesClass.php:196 READS access to ocr_alicorp,2,0,FLOW_SEMANTIC_INFERENCE_REVIEW_REQUIRED
alicorp-ocr-bulk-shipment-intake,ocr_alicorp_detalle,documentos,READ_OR_CONTEXT,"Entidad documental o soporte usado para validar, adjuntar, generar o descargar evidencias.",idocr_alicorp,control de acceso/cliente; transicion o bloqueo por estado; regla documental/carga-descarga; calculo financiero/impositivo; persistencia/atomicidad/concurrencia; notificacion o acceso externo,atomicidad/concurrencia pendiente; variante cliente pendiente de confirmar; catalogo/semantica pendiente; seguridad/autorizacion sensible,,"Registros `ocr_alicorp`, `ocr_alicorp_detalle`, `ocr_alicorp_internacional`. | `ocr_alicorp_detalle` | Items OCR de factura.",index_archivos/logistica/index.php:80-110 | index_archivos/logistica/js/datosEmbarques.js:1164 | index_archivos/logistica/ajax/get-ocr-alicorp-masivo.php:20-63 | index_archivos/logistica/ajax/get-ocr-alicorp-masivo.php:83-214 | index_archivos/logistica/ajax/get-ocr-alicorp-masivo.php:217-288 | index_archivos/logistica/ajax/get-ocr-alicorp-masivo.php:294-423 | index_archivos/logistica/ajax/get-ocr-alicorp-masivo.php:437-455 | index_archivos/logistica/js/datosEmbarques.js:1195-1300 | index_archivos/ocr/lectura_ocr.php:488-607 | .data_base/asgard.sql:12797-12879,0,0,FLOW_SEMANTIC_INFERENCE_REVIEW_REQUIRED
alicorp-ocr-bulk-shipment-intake,ocr_alicorp_internacional,documentos,READ_OR_CONTEXT,"Entidad documental o soporte usado para validar, adjuntar, generar o descargar evidencias.",idocr_alicorp,control de acceso/cliente; transicion o bloqueo por estado; regla documental/carga-descarga; calculo financiero/impositivo; persistencia/atomicidad/concurrencia; notificacion o acceso externo,atomicidad/concurrencia pendiente; variante cliente pendiente de confirmar; catalogo/semantica pendiente; seguridad/autorizacion sensible,,"Registros `ocr_alicorp`, `ocr_alicorp_detalle`, `ocr_alicorp_internacional`. | `ocr_alicorp_internacional` | Importes internacionales OCR, como flete.",index_archivos/logistica/index.php:80-110 | index_archivos/logistica/js/datosEmbarques.js:1164 | index_archivos/logistica/ajax/get-ocr-alicorp-masivo.php:20-63 | index_archivos/logistica/ajax/get-ocr-alicorp-masivo.php:83-214 | index_archivos/logistica/ajax/get-ocr-alicorp-masivo.php:217-288 | index_archivos/logistica/ajax/get-ocr-alicorp-masivo.php:294-423 | index_archivos/logistica/ajax/get-ocr-alicorp-masivo.php:437-455 | index_archivos/logistica/js/datosEmbarques.js:1195-1300 | index_archivos/ocr/lectura_ocr.php:488-607 | .data_base/asgard.sql:12797-12879 | EV-SQL_QUERY-D98FC9D8422B87 .data_base/asgard.sql:17875 READS access to ocr_alicorp_internacional | EV-SQL_QUERY-2CC54AAAB0AD32 index_archivos/operativos/exportaciones/ExportacionesClass.php:191 READS access to ocr_alicorp_internacional | EV-SQL_QUERY-4F63775A535643 index_archivos/operativos/exportaciones/ExportacionesClass.php:195 READS access to ocr_alicorp_internacional,2,0,FLOW_SEMANTIC_INFERENCE_REVIEW_REQUIRED
alicorp-operational-document-package-dispatch,dav_casos,dav,READ_OR_CONTEXT,"Entidad documental o soporte usado para validar, adjuntar, generar o descargar evidencias.","anulado, carpeta, embarque_documentos_enviados, fechaembarque, idcasos, idcliente, idclientelineas, idincoterms, idpaisdestino, idproveedor, nodui",control de acceso/cliente; transicion o bloqueo por estado; regla documental/carga-descarga; calculo financiero/impositivo; notificacion o acceso externo,SQL construido dinamicamente; variante cliente pendiente de confirmar; catalogo/semantica pendiente; seguridad/autorizacion sensible,,"- Actualizacion de `dav_casos.embarque_documentos_enviados`. | ASGARD actualiza `dav_casos.embarque_documentos_enviados` para las carpetas enviadas. | `dav_casos` | Casos/carpeta pendientes y marca de envio. | `dav_casosprevios` | Relacion con embarque, fechas y solicitud. | Marcar carpetas enviadas | `dav_casos.embarque_documentos_enviados` | `SolicitudesClass.php:1203-1206` | ## Integraciones observadas | Tras el envio se marca `dav_casos.embarque_documentos_enviados`.",index_archivos/cron/documentacionAlicorp.php:24-29 | index_archivos/logistica/SolicitudesClass.php:160-218 | index_archivos/logistica/SolicitudesClass.php:1203-1206 | documentacionAlicorp.php:24-29 | documentacionAlicorp.php:27 | SolicitudesClass.php:160-218 | EmbarqueClass.php:1552-1584 | documentacionAlicorp.php:73-89 | documentacionAlicorp.php:108-122 | documentacionAlicorp.php:145-146 | SolicitudesClass.php:1203-1206 | documentacionAlicorp.php:73-110 | documentacionAlicorp.php:169 | cron/documentacionAlicorp.php:24-29 | documentacionAlicorp.php:61-72 | documentacionAlicorp.php:75-96 | documentacionAlicorp.php:145-169 | SolicitudesClass.php:1203-1206 | EV-SQL_QUERY-1E16A453C0FC22 .data_base/asgard.sql:17707 READS access to dav_casos | EV-SQL_QUERY-C8AB19C9274D78 .data_base/asgard.sql:17755 READS access to dav_casos,23,3,FLOW_SEMANTIC_INFERENCE_REVIEW_REQUIRED
alicorp-operational-document-package-dispatch,dav_casosprevios,dav,READ_OR_CONTEXT,Entidad de contexto usada por el flujo para consultar o relacionar informacion de negocio.,"carpeta, fechaaprobacion, fechaembarque, fechafin, idExchange, idcliente, idclientelineas, idembarquelogis, idproveedor, ordencompra",control de acceso/cliente; transicion o bloqueo por estado; regla documental/carga-descarga; calculo financiero/impositivo; notificacion o acceso externo,SQL construido dinamicamente; variante cliente pendiente de confirmar; catalogo/semantica pendiente; seguridad/autorizacion sensible,,"`dav_casosprevios` | Relacion con embarque, fechas y solicitud.",index_archivos/cron/documentacionAlicorp.php:24-29 | index_archivos/logistica/SolicitudesClass.php:160-218 | index_archivos/logistica/SolicitudesClass.php:1203-1206 | documentacionAlicorp.php:24-29 | documentacionAlicorp.php:27 | SolicitudesClass.php:160-218 | EmbarqueClass.php:1552-1584 | documentacionAlicorp.php:73-89 | documentacionAlicorp.php:108-122 | documentacionAlicorp.php:145-146 | SolicitudesClass.php:1203-1206 | documentacionAlicorp.php:73-110 | documentacionAlicorp.php:169 | cron/documentacionAlicorp.php:24-29 | documentacionAlicorp.php:61-72 | documentacionAlicorp.php:75-96 | documentacionAlicorp.php:145-169 | EV-SQL_QUERY-85B23A1F6B1886 .data_base/asgard.sql:17773 READS access to dav_casosprevios | EV-SQL_QUERY-510EF36FB05331 .data_base/asgard.sql:17893 READS access to dav_casosprevios | EV-SQL_QUERY-D9DF6CBD08D688 .data_base/asgard.sql:17917 READS access to dav_casosprevios,22,3,FLOW_SEMANTIC_INFERENCE_REVIEW_REQUIRED
alicorp-operational-document-package-dispatch,dav_facturacomercial,dav,READ_OR_CONTEXT,Entidad de contexto usada por el flujo para consultar o relacionar informacion de negocio.,"fechafactura, idcasos, idincoterms, nofactura",control de acceso/cliente; transicion o bloqueo por estado; regla documental/carga-descarga; calculo financiero/impositivo; notificacion o acceso externo,SQL construido dinamicamente; variante cliente pendiente de confirmar; catalogo/semantica pendiente; seguridad/autorizacion sensible,,`dav_facturacomercial` | Factura y fecha de factura.,index_archivos/cron/documentacionAlicorp.php:24-29 | index_archivos/logistica/SolicitudesClass.php:160-218 | index_archivos/logistica/SolicitudesClass.php:1203-1206 | documentacionAlicorp.php:24-29 | documentacionAlicorp.php:27 | SolicitudesClass.php:160-218 | EmbarqueClass.php:1552-1584 | documentacionAlicorp.php:73-89 | documentacionAlicorp.php:108-122 | documentacionAlicorp.php:145-146 | SolicitudesClass.php:1203-1206 | documentacionAlicorp.php:73-110 | documentacionAlicorp.php:169 | cron/documentacionAlicorp.php:24-29 | documentacionAlicorp.php:61-72 | documentacionAlicorp.php:75-96 | documentacionAlicorp.php:145-169 | EV-SQL_QUERY-EA5CECD49E45DC .data_base/asgard.sql:17749 READS access to dav_facturacomercial | EV-SQL_QUERY-E0B4CE612BC841 .data_base/asgard.sql:17773 READS access to dav_facturacomercial | EV-SQL_QUERY-F741221752A150 .data_base/asgard.sql:17809 READS access to dav_facturacomercial,11,0,FLOW_SEMANTIC_INFERENCE_REVIEW_REQUIRED
alicorp-operational-document-package-dispatch,logis_embarques,logis,READ_OR_CONTEXT,Entidad de contexto usada por el flujo para consultar o relacionar informacion de negocio.,"facturacomercial, idExchange, idcliente, idclientelineas, ordencompra",control de acceso/cliente; transicion o bloqueo por estado; regla documental/carga-descarga; calculo financiero/impositivo; notificacion o acceso externo,SQL construido dinamicamente; variante cliente pendiente de confirmar; catalogo/semantica pendiente; seguridad/autorizacion sensible,,`logis_embarques` | Exchange del embarque y factura comercial.,index_archivos/cron/documentacionAlicorp.php:24-29 | index_archivos/logistica/SolicitudesClass.php:160-218 | index_archivos/logistica/SolicitudesClass.php:1203-1206 | documentacionAlicorp.php:24-29 | documentacionAlicorp.php:27 | SolicitudesClass.php:160-218 | EmbarqueClass.php:1552-1584 | documentacionAlicorp.php:73-89 | documentacionAlicorp.php:108-122 | documentacionAlicorp.php:145-146 | SolicitudesClass.php:1203-1206 | documentacionAlicorp.php:73-110 | documentacionAlicorp.php:169 | cron/documentacionAlicorp.php:24-29 | documentacionAlicorp.php:61-72 | documentacionAlicorp.php:75-96 | documentacionAlicorp.php:145-169 | EV-SQL_QUERY-271B8BADD753C8 .data_base/asgard.sql:17875 READS access to logis_embarques | EV-SQL_QUERY-D92F1F70034698 .data_base/asgard.sql:17893 READS access to logis_embarquesrutas | EV-SQL_QUERY-E8DE6726227583 .data_base/asgard.sql:17893 READS access to logis_embarques,25,3,FLOW_SEMANTIC_INFERENCE_REVIEW_REQUIRED
alicorp-operational-document-package-dispatch,logis_parametrizacionconcatenado,logis,REFERENCE_OR_STATE_CATALOG,"Entidad documental o soporte usado para validar, adjuntar, generar o descargar evidencias.","idcliente, idclientelineas, idincoterms, idmodotransporte, idpaisdestino, idproveedor",control de acceso/cliente; transicion o bloqueo por estado; regla documental/carga-descarga; calculo financiero/impositivo; notificacion o acceso externo,SQL construido dinamicamente; variante cliente pendiente de confirmar; catalogo/semantica pendiente; seguridad/autorizacion sensible,,- Seleccion de documentos requeridos desde `logis_parametrizacionconcatenado` / `logis_parametrizaciondocumentos`. | `logis_parametrizacionconcatenado` | Parametrizacion por cliente/linea/proveedor.,index_archivos/cron/documentacionAlicorp.php:24-29 | index_archivos/logistica/SolicitudesClass.php:160-218 | index_archivos/logistica/SolicitudesClass.php:1203-1206 | documentacionAlicorp.php:24-29 | documentacionAlicorp.php:27 | SolicitudesClass.php:160-218 | EmbarqueClass.php:1552-1584 | documentacionAlicorp.php:73-89 | documentacionAlicorp.php:108-122 | documentacionAlicorp.php:145-146 | SolicitudesClass.php:1203-1206 | documentacionAlicorp.php:73-110 | documentacionAlicorp.php:169 | cron/documentacionAlicorp.php:24-29 | documentacionAlicorp.php:61-72 | documentacionAlicorp.php:75-96 | documentacionAlicorp.php:145-169 | EV-SQL_QUERY-D24777D9AB963D index_archivos/logistica/EmbarqueClass.php:1553 READS access to logis_parametrizacionconcatenado | EV-SQL_QUERY-2F48DF798CB81F index_archivos/logistica/EmbarqueClass.php:1576 READS access to logis_parametrizacionconcatenado,1,0,FLOW_SEMANTIC_INFERENCE_REVIEW_REQUIRED
alicorp-operational-document-package-dispatch,logis_parametrizaciondocumentos,logis,REFERENCE_OR_STATE_CATALOG,"Entidad documental o soporte usado para validar, adjuntar, generar o descargar evidencias.",iddocuments,control de acceso/cliente; transicion o bloqueo por estado; regla documental/carga-descarga; calculo financiero/impositivo; notificacion o acceso externo,SQL construido dinamicamente; variante cliente pendiente de confirmar; catalogo/semantica pendiente; seguridad/autorizacion sensible,,- Seleccion de documentos requeridos desde `logis_parametrizacionconcatenado` / `logis_parametrizaciondocumentos`. | `logis_parametrizaciondocumentos` | Documentos requeridos por parametrizacion.,index_archivos/cron/documentacionAlicorp.php:24-29 | index_archivos/logistica/SolicitudesClass.php:160-218 | index_archivos/logistica/SolicitudesClass.php:1203-1206 | documentacionAlicorp.php:24-29 | documentacionAlicorp.php:27 | SolicitudesClass.php:160-218 | EmbarqueClass.php:1552-1584 | documentacionAlicorp.php:73-89 | documentacionAlicorp.php:108-122 | documentacionAlicorp.php:145-146 | SolicitudesClass.php:1203-1206 | documentacionAlicorp.php:73-110 | documentacionAlicorp.php:169 | cron/documentacionAlicorp.php:24-29 | documentacionAlicorp.php:61-72 | documentacionAlicorp.php:75-96 | documentacionAlicorp.php:145-169 | EV-SQL_QUERY-498FAD4333C27E index_archivos/logistica/EmbarqueClass.php:1578 READS access to logis_parametrizaciondocumentos,1,0,FLOW_SEMANTIC_INFERENCE_REVIEW_REQUIRED
alicorp-supplier-ocr-payment-reconciliation,dav_casos,dav,UPDATE,Entidad transaccional modificada por el flujo; sus cambios deben caracterizarse antes de refactor.,alicorp_cierre_transito,transicion o bloqueo por estado; regla documental/carga-descarga; calculo financiero/impositivo; persistencia/atomicidad/concurrencia,,UPDATE,| Updates a `dav_casos` | INFERRED_DRAFT_REVIEW_REQUIRED | | `dav_casosprevios` | Contexto aduanero por intercambio o embarque. | `dav_casos` / `dav_aduana` | Validacion DIM y cierre transito. | - `UPDATE dav_casos SET alicorp_cierre_transito=1`.,index_archivos/intercambioDocumental/ajax/lectura-ocr-senavex.php:9-23 | index_archivos/intercambioDocumental/ajax/lectura-ocr-senavex.php:51-144 | index_archivos/intercambioDocumental/ajax/lectura-ocr-fdab.php:7-13 | index_archivos/intercambioDocumental/ajax/lectura-ocr-fdab.php:24-53 | index_archivos/intercambioDocumental/ajax/lectura-ocr-fdab.php:88-192 | index_archivos/intercambioDocumental/ajax/lectura-ocr-fdab.php:230-347 | index_archivos/intercambioDocumental/ajax/lectura-ocr-jennefer.php:7-14 | index_archivos/intercambioDocumental/ajax/lectura-ocr-jennefer.php:32-155 | lectura-ocr-senavex.php:9-23 | lectura-ocr-senavex.php:51-144 | lectura-ocr-fdab.php:7-53 | lectura-ocr-fdab.php:88-192 | lectura-ocr-fdab.php:230-347 | lectura-ocr-jennefer.php:32-155 | EV-SQL_QUERY-1E16A453C0FC22 .data_base/asgard.sql:17707 READS access to dav_casos | EV-SQL_QUERY-C8AB19C9274D78 .data_base/asgard.sql:17755 READS access to dav_casos | EV-SQL_QUERY-85B23A1F6B1886 .data_base/asgard.sql:17773 READS access to dav_casosprevios | EV-SQL_QUERY-A3D8E3282D4ABA .data_base/asgard.sql:17773 READS access to dav_casos | EV-SQL_QUERY-1A08C59D5D207E .data_base/asgard.sql:17815 READS access to dav_casostarea | EV-SQL_QUERY-F5AD1D6FB7CE71 .data_base/asgard.sql:17821 READS access to dav_casos,23,3,FLOW_SEMANTIC_INFERENCE_REVIEW_REQUIRED
alicorp-supplier-ocr-payment-reconciliation,dav_facturacomercial,dav,UPDATE,Entidad transaccional modificada por el flujo; sus cambios deben caracterizarse antes de refactor.,"ages_id, idcasos",transicion o bloqueo por estado; regla documental/carga-descarga; calculo financiero/impositivo; persistencia/atomicidad/concurrencia,,UPDATE,`dav_facturacomercial` | Vinculacion AGES en FDAB. | - `UPDATE dav_facturacomercial SET ages_id=...` en FDAB.,index_archivos/intercambioDocumental/ajax/lectura-ocr-senavex.php:9-23 | index_archivos/intercambioDocumental/ajax/lectura-ocr-senavex.php:51-144 | index_archivos/intercambioDocumental/ajax/lectura-ocr-fdab.php:7-13 | index_archivos/intercambioDocumental/ajax/lectura-ocr-fdab.php:24-53 | index_archivos/intercambioDocumental/ajax/lectura-ocr-fdab.php:88-192 | index_archivos/intercambioDocumental/ajax/lectura-ocr-fdab.php:230-347 | index_archivos/intercambioDocumental/ajax/lectura-ocr-jennefer.php:7-14 | index_archivos/intercambioDocumental/ajax/lectura-ocr-jennefer.php:32-155 | lectura-ocr-senavex.php:9-23 | lectura-ocr-senavex.php:51-144 | lectura-ocr-fdab.php:7-53 | lectura-ocr-fdab.php:88-192 | lectura-ocr-fdab.php:230-347 | lectura-ocr-jennefer.php:32-155 | EV-SQL_QUERY-EA5CECD49E45DC .data_base/asgard.sql:17749 READS access to dav_facturacomercial | EV-SQL_QUERY-E0B4CE612BC841 .data_base/asgard.sql:17773 READS access to dav_facturacomercial | EV-SQL_QUERY-F741221752A150 .data_base/asgard.sql:17809 READS access to dav_facturacomercial | EV-SQL_QUERY-D8FA4064EF353B .data_base/asgard.sql:17827 READS access to dav_facturacomercial | EV-SQL_QUERY-016F3CBB861849 .data_base/asgard.sql:17875 READS access to dav_facturacomercial | EV-SQL_QUERY-6D6F63E1CC8C17 .data_base/asgard.sql:17881 READS access to dav_facturacomercial,11,0,FLOW_SEMANTIC_INFERENCE_REVIEW_REQUIRED
alicorp-supplier-ocr-payment-reconciliation,dav_notasdebitodetalle,dav,UPDATE,Entidad transaccional modificada por el flujo; sus cambios deben caracterizarse antes de refactor.,nro,transicion o bloqueo por estado; regla documental/carga-descarga; calculo financiero/impositivo; persistencia/atomicidad/concurrencia,,UPDATE,"- Actualizacion de `dav_pagosdetalle`, `dav_notasdebitodetalle`, metadata OCR y cierre `alicorp_cierre_transito`. | | Updates a `dav_pagosdetalle` y `dav_notasdebitodetalle` | INFERRED_DRAFT_REVIEW_REQUIRED | | `dav_notasdebitodetalle` | Nota sincronizada. | - `UPDATE dav_notasdebitodetalle`.",index_archivos/intercambioDocumental/ajax/lectura-ocr-senavex.php:9-23 | index_archivos/intercambioDocumental/ajax/lectura-ocr-senavex.php:51-144 | index_archivos/intercambioDocumental/ajax/lectura-ocr-fdab.php:7-13 | index_archivos/intercambioDocumental/ajax/lectura-ocr-fdab.php:24-53 | index_archivos/intercambioDocumental/ajax/lectura-ocr-fdab.php:88-192 | index_archivos/intercambioDocumental/ajax/lectura-ocr-fdab.php:230-347 | index_archivos/intercambioDocumental/ajax/lectura-ocr-jennefer.php:7-14 | index_archivos/intercambioDocumental/ajax/lectura-ocr-jennefer.php:32-155 | lectura-ocr-senavex.php:9-23 | lectura-ocr-senavex.php:51-144 | lectura-ocr-fdab.php:7-53 | lectura-ocr-fdab.php:88-192 | lectura-ocr-fdab.php:230-347 | lectura-ocr-jennefer.php:32-155 | EV-SQL_QUERY-F5E3767E972C3D .data_base/asgard.sql:17821 READS access to dav_notasdebitodetalle | EV-SQL_QUERY-E51E8945247CA6 .data_base/asgard.sql:17827 READS access to dav_notasdebitodetalle | EV-SQL_QUERY-15D04E8F43C1F0 .data_base/asgard.sql:17869 READS access to dav_notasdebitodetalle | EV-SQL_QUERY-F858F907CB95A3 .data_base/asgard.sql:17881 READS access to dav_notasdebitodetalle | EV-SQL_QUERY-F05C72584F5884 .data_base/asgard.sql:17887 READS access to dav_notasdebitodetalle | EV-SQL_QUERY-AAC1E9736EB211 .data_base/asgard.sql:18372 READS access to dav_notasdebitodetalle,1,0,FLOW_SEMANTIC_INFERENCE_REVIEW_REQUIRED
alicorp-supplier-ocr-payment-reconciliation,dav_pagosdetalle,dav,UPDATE,Entidad transaccional modificada por el flujo; sus cambios deben caracterizarse antes de refactor.,nro,transicion o bloqueo por estado; regla documental/carga-descarga; calculo financiero/impositivo; persistencia/atomicidad/concurrencia,,UPDATE,"- Actualizacion de `dav_pagosdetalle`, `dav_notasdebitodetalle`, metadata OCR y cierre `alicorp_cierre_transito`. | | Consultas a `dav_pagosdetalle` | INFERRED_DRAFT_REVIEW_REQUIRED | | | Updates a `dav_pagosdetalle` y `dav_notasdebitodetalle` | INFERRED_DRAFT_REVIEW_REQUIRED | | `dav_pagosdetalle` | Pago pendiente reconciliado. | `UPDATE dav_pagosdetalle`.",index_archivos/intercambioDocumental/ajax/lectura-ocr-senavex.php:9-23 | index_archivos/intercambioDocumental/ajax/lectura-ocr-senavex.php:51-144 | index_archivos/intercambioDocumental/ajax/lectura-ocr-fdab.php:7-13 | index_archivos/intercambioDocumental/ajax/lectura-ocr-fdab.php:24-53 | index_archivos/intercambioDocumental/ajax/lectura-ocr-fdab.php:88-192 | index_archivos/intercambioDocumental/ajax/lectura-ocr-fdab.php:230-347 | index_archivos/intercambioDocumental/ajax/lectura-ocr-jennefer.php:7-14 | index_archivos/intercambioDocumental/ajax/lectura-ocr-jennefer.php:32-155 | lectura-ocr-senavex.php:9-23 | lectura-ocr-senavex.php:51-144 | lectura-ocr-fdab.php:7-53 | lectura-ocr-fdab.php:88-192 | lectura-ocr-fdab.php:230-347 | lectura-ocr-jennefer.php:32-155 | EV-SQL_QUERY-BC17003CF9BEFD .data_base/asgard.sql:17827 READS access to dav_pagosdetalle | EV-SQL_QUERY-07C2F68097DAC4 .data_base/asgard.sql:17869 READS access to dav_pagosdetalle | EV-SQL_QUERY-99754B68578828 .data_base/asgard.sql:17875 READS access to dav_pagosdetalle | EV-SQL_QUERY-3CE7AA68B2AD69 .data_base/asgard.sql:17881 READS access to dav_pagosdetalle | EV-SQL_QUERY-684300BD3CFFBC .data_base/asgard.sql:17887 READS access to dav_pagosdetalle | EV-SQL_QUERY-103E2B3C0B1404 .data_base/asgard.sql:17983 READS access to dav_pagosdetalle,8,0,FLOW_SEMANTIC_INFERENCE_REVIEW_REQUIRED
alicorp-transit-deadline-control,ages_solicitudes_asesoria_gestion,ages,REPORTING_READ_MODEL,Entidad de contexto usada por el flujo para consultar o relacionar informacion de negocio.,"casos_extra_id, casos_id, deleted_at, estado, id",control de acceso/cliente; transicion o bloqueo por estado; regla documental/carga-descarga; calculo financiero/impositivo; persistencia/atomicidad/concurrencia,atomicidad/concurrencia pendiente; variante cliente pendiente de confirmar; catalogo/semantica pendiente,,`ages_solicitudes_asesoria_gestion` / `dav_tramites` | Servicios adicionales y estado GE asociados al caso.,index_archivos/operativos/control_alicorpquery.php:1-18 | index_archivos/operativos/control_alicorpquery.php:29-139 | index_archivos/operativos/control_alicorpquery.php:145-154 | index_archivos/operativos/control_alicorpquery.php:55-58 | .data_base/asgard.sql:1945-1951 | index_archivos/operativos/control_alicorpquery.php:1-154 | control_alicorpquery.php:11 | control_alicorpquery.php:55-58 | control_alicorpquery.php:145-154 | .data_base/asgard.sql:1520-1951 | control_alicorpquery.php:29-139 | control_alicorpquery.php:55-68 | EV-SQL_QUERY-A9687DA82EEF30 .data_base/asgard.sql:17821 READS access to ages_solicitudes_asesoria_gestion | EV-SQL_QUERY-C11255AA7C752C .data_base/asgard.sql:17827 READS access to ages_solicitudes_asesoria_gestion | EV-SQL_QUERY-C6C5E46159F4DE .data_base/asgard.sql:18588 READS access to ages_solicitudes_asesoria_gestion | EV-SQL_QUERY-35CF7906845C05 .data_base/asgard.sql:18809 READS access to ages_solicitudes_asesoria_gestion | EV-SQL_QUERY-88563E475F8BF8 .data_base/asgard.sql:18924 READS access to ages_solicitudes_asesoria_gestion | EV-SQL_QUERY-9829CC7E8729F2 .data_base/asgard.sql:19031 READS access to ages_solicitudes_asesoria_gestion | EV-SQL_QUERY-E95017422751F8 .data_base/asgard.sql:19088 READS access to ages_solicitudes_asesoria_gestion | EV-SQL_QUERY-CC1911DE81605C .data_base/asgard.sql:19322 READS access to ages_solicitudes_asesoria_gestion,2,0,FLOW_SEMANTIC_INFERENCE_REVIEW_REQUIRED
alicorp-transit-deadline-control,dav_aduana,dav,REPORTING_READ_MODEL,"Catalogo o parametro que condiciona reglas, permisos o variantes del flujo.","aduana, codigo",control de acceso/cliente; transicion o bloqueo por estado; regla documental/carga-descarga; calculo financiero/impositivo; persistencia/atomicidad/concurrencia,atomicidad/concurrencia pendiente; variante cliente pendiente de confirmar; catalogo/semantica pendiente,,"Catalogos `dav_clientelineas`, `dav_aduana`, `dav_proveedor`, `dav_incoterms`, `dav_pais`, `dav_canal`, `dav_usuario` | Enriquecen la grilla de control.",index_archivos/operativos/control_alicorpquery.php:1-18 | index_archivos/operativos/control_alicorpquery.php:29-139 | index_archivos/operativos/control_alicorpquery.php:145-154 | index_archivos/operativos/control_alicorpquery.php:55-58 | .data_base/asgard.sql:1945-1951 | index_archivos/operativos/control_alicorpquery.php:1-154 | control_alicorpquery.php:11 | control_alicorpquery.php:55-58 | control_alicorpquery.php:145-154 | .data_base/asgard.sql:1520-1951 | control_alicorpquery.php:29-139 | control_alicorpquery.php:55-68 | EV-SQL_QUERY-29D0A29E941CB9 .data_base/asgard.sql:17695 READS access to dav_aduana | EV-SQL_QUERY-4DCA4CFA159D1C .data_base/asgard.sql:17749 READS access to dav_aduana | EV-SQL_QUERY-584C668424AFED .data_base/asgard.sql:17821 READS access to dav_aduana | EV-SQL_QUERY-7DEE79BCF27956 .data_base/asgard.sql:17857 READS access to dav_aduana | EV-SQL_QUERY-6D2F4CADAB31D4 .data_base/asgard.sql:17875 READS access to dav_aduana | EV-SQL_QUERY-0791F368FB4F20 .data_base/asgard.sql:17935 READS access to dav_aduana | EV-SQL_QUERY-2EEE5C598605C0 .data_base/asgard.sql:19858 READS access to dav_aduana | EV-SQL_QUERY-4F1D9593813103 .data_base/asgard.sql:19896 READS access to dav_aduana,9,0,FLOW_SEMANTIC_INFERENCE_REVIEW_REQUIRED
alicorp-transit-deadline-control,dav_canal,dav,REPORTING_READ_MODEL,"Catalogo o parametro que condiciona reglas, permisos o variantes del flujo.",canal,control de acceso/cliente; transicion o bloqueo por estado; regla documental/carga-descarga; calculo financiero/impositivo; persistencia/atomicidad/concurrencia,atomicidad/concurrencia pendiente; variante cliente pendiente de confirmar; catalogo/semantica pendiente,,"Catalogos `dav_clientelineas`, `dav_aduana`, `dav_proveedor`, `dav_incoterms`, `dav_pais`, `dav_canal`, `dav_usuario` | Enriquecen la grilla de control.",index_archivos/operativos/control_alicorpquery.php:1-18 | index_archivos/operativos/control_alicorpquery.php:29-139 | index_archivos/operativos/control_alicorpquery.php:145-154 | index_archivos/operativos/control_alicorpquery.php:55-58 | .data_base/asgard.sql:1945-1951 | index_archivos/operativos/control_alicorpquery.php:1-154 | control_alicorpquery.php:11 | control_alicorpquery.php:55-58 | control_alicorpquery.php:145-154 | .data_base/asgard.sql:1520-1951 | control_alicorpquery.php:29-139 | control_alicorpquery.php:55-68 | EV-SQL_QUERY-7E59B7A20C8E02 .data_base/asgard.sql:17857 READS access to dav_canal | EV-SQL_QUERY-B69D4D8E008CF5 .data_base/asgard.sql:17917 READS access to dav_canal | EV-SQL_QUERY-1429F22996E408 .data_base/asgard.sql:29796 READS access to dav_canal | EV-SQL_QUERY-6BEC4D7C22F746 .data_base/asgard.sql:31040 READS access to dav_canal | EV-SQL_QUERY-C9324373E15705 .data_base/asgard.sql:31182 READS access to dav_canal | EV-SQL_QUERY-B8B7E1DE617985 .data_base/asgard.sql:32647 READS access to dav_canal | EV-SQL_QUERY-6CDE9257318CA2 .data_base/asgard.sql:33094 READS access to dav_canal | EV-SQL_QUERY-0A23D3A26B6337 .data_base/asgard.sql:34278 READS access to dav_canal,1,0,FLOW_SEMANTIC_INFERENCE_REVIEW_REQUIRED
alicorp-transit-deadline-control,dav_casos,dav,UPDATE,Entidad transaccional modificada por el flujo; sus cambios deben caracterizarse antes de refactor.,"alicorp_cedeim, alicorp_cierre_transito, alicorp_hora_envio, alicorp_hora_recepcion, alicorp_observacion, alicorp_reemplazo, alicorp_vencimiento, anulado, anuladocliente, carpeta, descripciongeneral, fechapasesalida, fechavalidaciondui, idcasos, idcasosprevios, idcliente, idclientelineas, idproveedor, pedido",control de acceso/cliente; transicion o bloqueo por estado; regla documental/carga-descarga; calculo financiero/impositivo; persistencia/atomicidad/concurrencia,atomicidad/concurrencia pendiente; variante cliente pendiente de confirmar; catalogo/semantica pendiente,UPDATE,"- Normalizacion automatica de `dav_casos.alicorp_vencimiento` cuando el caso Alicorp no tiene vencimiento informado. | `dav_casos.alicorp_vencimiento` informado para casos Alicorp que no lo tengan. | `.data_base/asgard.sql:1945-1951` | Campos Alicorp persistidos en `dav_casos`. | Si se cumple la regla del lector OCR, ASGARD actualiza `dav_casos.alicorp_cierre_transito = 1`. | | `UPDATE dav_casos ... | | `CASE dav_casos.alicorp_cierre_transito` | INFERRED_DRAFT_REVIEW_REQUIRED | ## Riesgos / validaciones pendientes",index_archivos/operativos/control_alicorpquery.php:1-18 | index_archivos/operativos/control_alicorpquery.php:29-139 | index_archivos/operativos/control_alicorpquery.php:145-154 | index_archivos/operativos/control_alicorpquery.php:55-58 | .data_base/asgard.sql:1945-1951 | index_archivos/operativos/control_alicorpquery.php:1-154 | control_alicorpquery.php:11 | control_alicorpquery.php:55-58 | control_alicorpquery.php:145-154 | .data_base/asgard.sql:1520-1951 | control_alicorpquery.php:29-139 | control_alicorpquery.php:55-68 | .data_base/asgard.sql:1945-1951 | EV-SQL_QUERY-1E16A453C0FC22 .data_base/asgard.sql:17707 READS access to dav_casos | EV-SQL_QUERY-C8AB19C9274D78 .data_base/asgard.sql:17755 READS access to dav_casos | EV-SQL_QUERY-85B23A1F6B1886 .data_base/asgard.sql:17773 READS access to dav_casosprevios | EV-SQL_QUERY-A3D8E3282D4ABA .data_base/asgard.sql:17773 READS access to dav_casos | EV-SQL_QUERY-1A08C59D5D207E .data_base/asgard.sql:17815 READS access to dav_casostarea | EV-SQL_QUERY-F5AD1D6FB7CE71 .data_base/asgard.sql:17821 READS access to dav_casos | EV-SQL_QUERY-21DBC002504852 .data_base/asgard.sql:17827 READS access to dav_casos,23,3,FLOW_SEMANTIC_INFERENCE_REVIEW_REQUIRED
alicorp-transit-deadline-control,dav_casosprevios,dav,REPORTING_READ_MODEL,Entidad de contexto usada por el flujo para consultar o relacionar informacion de negocio.,"carpeta, idcasosprevios, idcliente, idclientelineas, idembarquelogis, idproveedor, pedido",control de acceso/cliente; transicion o bloqueo por estado; regla documental/carga-descarga; calculo financiero/impositivo; persistencia/atomicidad/concurrencia,atomicidad/concurrencia pendiente; variante cliente pendiente de confirmar; catalogo/semantica pendiente,,`dav_casosprevios` | Relacion del caso con embarque logistico previo.,index_archivos/operativos/control_alicorpquery.php:1-18 | index_archivos/operativos/control_alicorpquery.php:29-139 | index_archivos/operativos/control_alicorpquery.php:145-154 | index_archivos/operativos/control_alicorpquery.php:55-58 | .data_base/asgard.sql:1945-1951 | index_archivos/operativos/control_alicorpquery.php:1-154 | control_alicorpquery.php:11 | control_alicorpquery.php:55-58 | control_alicorpquery.php:145-154 | .data_base/asgard.sql:1520-1951 | control_alicorpquery.php:29-139 | control_alicorpquery.php:55-68 | EV-SQL_QUERY-85B23A1F6B1886 .data_base/asgard.sql:17773 READS access to dav_casosprevios | EV-SQL_QUERY-510EF36FB05331 .data_base/asgard.sql:17893 READS access to dav_casosprevios | EV-SQL_QUERY-D9DF6CBD08D688 .data_base/asgard.sql:17917 READS access to dav_casosprevios | EV-SQL_QUERY-1EE354C2A5DD75 .data_base/asgard.sql:17941 READS access to dav_casosprevios | EV-SQL_QUERY-2D87C35537BA0A .data_base/asgard.sql:18276 READS access to dav_casosprevios | EV-SQL_QUERY-ACBC7014B44145 .data_base/asgard.sql:27550 READS access to dav_casosprevios | EV-SQL_QUERY-9E53765A441113 .data_base/asgard.sql:27576 READS access to dav_casosprevios | EV-SQL_QUERY-ECB9B94D5BA8BD .data_base/asgard.sql:27586 READS access to dav_casosprevios,22,3,FLOW_SEMANTIC_INFERENCE_REVIEW_REQUIRED
alicorp-transit-deadline-control,dav_clientefacturaanulada,dav,REPORTING_READ_MODEL,Entidad de contexto usada por el flujo para consultar o relacionar informacion de negocio.,"deleted_at, facturacomercial, fecha, id, idcliente, idclientelineas",control de acceso/cliente; transicion o bloqueo por estado; regla documental/carga-descarga; calculo financiero/impositivo; persistencia/atomicidad/concurrencia,atomicidad/concurrencia pendiente; variante cliente pendiente de confirmar; catalogo/semantica pendiente,,| `UNION ALL dav_clientefacturaanulada` | INFERRED_DRAFT_REVIEW_REQUIRED | | `dav_clientefacturaanulada` | Facturas anuladas visibles en control Alicorp.,index_archivos/operativos/control_alicorpquery.php:1-18 | index_archivos/operativos/control_alicorpquery.php:29-139 | index_archivos/operativos/control_alicorpquery.php:145-154 | index_archivos/operativos/control_alicorpquery.php:55-58 | .data_base/asgard.sql:1945-1951 | index_archivos/operativos/control_alicorpquery.php:1-154 | control_alicorpquery.php:11 | control_alicorpquery.php:55-58 | control_alicorpquery.php:145-154 | .data_base/asgard.sql:1520-1951 | control_alicorpquery.php:29-139 | control_alicorpquery.php:55-68 | EV-SQL_QUERY-985A1DB56C3A47 .data_base/asgard.sql:29838 READS access to dav_clientefacturaanulada | EV-SQL_QUERY-4596C70FBED7A6 index_archivos/operativos/exportaciones/ExportacionesClass.php:130 READS access to dav_clientefacturaanulada | EV-SQL_QUERY-8CE7A2AF7AC7FE index_archivos/operativos/exportaciones/ExportacionesClass.php:267 READS access to dav_clientefacturaanulada,2,0,FLOW_SEMANTIC_INFERENCE_REVIEW_REQUIRED
alicorp-transit-deadline-control,dav_clientelineas,dav,REPORTING_READ_MODEL,"Catalogo o parametro que condiciona reglas, permisos o variantes del flujo.","idcliente, idclientelineas",control de acceso/cliente; transicion o bloqueo por estado; regla documental/carga-descarga; calculo financiero/impositivo; persistencia/atomicidad/concurrencia,atomicidad/concurrencia pendiente; variante cliente pendiente de confirmar; catalogo/semantica pendiente,,"Catalogos `dav_clientelineas`, `dav_aduana`, `dav_proveedor`, `dav_incoterms`, `dav_pais`, `dav_canal`, `dav_usuario` | Enriquecen la grilla de control.",index_archivos/operativos/control_alicorpquery.php:1-18 | index_archivos/operativos/control_alicorpquery.php:29-139 | index_archivos/operativos/control_alicorpquery.php:145-154 | index_archivos/operativos/control_alicorpquery.php:55-58 | .data_base/asgard.sql:1945-1951 | index_archivos/operativos/control_alicorpquery.php:1-154 | control_alicorpquery.php:11 | control_alicorpquery.php:55-58 | control_alicorpquery.php:145-154 | .data_base/asgard.sql:1520-1951 | control_alicorpquery.php:29-139 | control_alicorpquery.php:55-68 | EV-SQL_QUERY-E3D4FE27B5CBDA .data_base/asgard.sql:17749 READS access to dav_clientelineas | EV-SQL_QUERY-0F5D4116651E55 .data_base/asgard.sql:17875 READS access to dav_clientelineas | EV-SQL_QUERY-B045B0651F2DE8 .data_base/asgard.sql:17893 READS access to dav_clientelineas | EV-SQL_QUERY-5F921E05D76903 .data_base/asgard.sql:17917 READS access to dav_clientelineas | EV-SQL_QUERY-2709C038370300 .data_base/asgard.sql:17935 READS access to dav_clientelineas | EV-SQL_QUERY-F8D216408FA440 .data_base/asgard.sql:26725 READS access to dav_clientelineas | EV-SQL_QUERY-9B0DA81524590D .data_base/asgard.sql:26830 READS access to dav_clientelineas | EV-SQL_QUERY-AFDBE5678D8167 .data_base/asgard.sql:26885 READS access to dav_clientelineas,11,0,FLOW_SEMANTIC_INFERENCE_REVIEW_REQUIRED
alicorp-transit-deadline-control,dav_facturacomercial,dav,REPORTING_READ_MODEL,Entidad de contexto usada por el flujo para consultar o relacionar informacion de negocio.,"fechafactura, idcasos, idfacturacomercial, nofactura",control de acceso/cliente; transicion o bloqueo por estado; regla documental/carga-descarga; calculo financiero/impositivo; persistencia/atomicidad/concurrencia,atomicidad/concurrencia pendiente; variante cliente pendiente de confirmar; catalogo/semantica pendiente,,| `CAST(dav_facturacomercial.fechafactura as DATE) BETWEEN ...` | INFERRED_DRAFT_REVIEW_REQUIRED | | `dav_facturacomercial` | Factura comercial y fecha base del filtro.,index_archivos/operativos/control_alicorpquery.php:1-18 | index_archivos/operativos/control_alicorpquery.php:29-139 | index_archivos/operativos/control_alicorpquery.php:145-154 | index_archivos/operativos/control_alicorpquery.php:55-58 | .data_base/asgard.sql:1945-1951 | index_archivos/operativos/control_alicorpquery.php:1-154 | control_alicorpquery.php:11 | control_alicorpquery.php:55-58 | control_alicorpquery.php:145-154 | .data_base/asgard.sql:1520-1951 | control_alicorpquery.php:29-139 | control_alicorpquery.php:55-68 | EV-SQL_QUERY-EA5CECD49E45DC .data_base/asgard.sql:17749 READS access to dav_facturacomercial | EV-SQL_QUERY-E0B4CE612BC841 .data_base/asgard.sql:17773 READS access to dav_facturacomercial | EV-SQL_QUERY-F741221752A150 .data_base/asgard.sql:17809 READS access to dav_facturacomercial | EV-SQL_QUERY-D8FA4064EF353B .data_base/asgard.sql:17827 READS access to dav_facturacomercial | EV-SQL_QUERY-016F3CBB861849 .data_base/asgard.sql:17875 READS access to dav_facturacomercial | EV-SQL_QUERY-6D6F63E1CC8C17 .data_base/asgard.sql:17881 READS access to dav_facturacomercial | EV-SQL_QUERY-43F69C8B079F08 .data_base/asgard.sql:17893 READS access to dav_facturacomercial | EV-SQL_QUERY-34BD0FC416E48A .data_base/asgard.sql:17935 READS access to dav_facturacomercial,11,0,FLOW_SEMANTIC_INFERENCE_REVIEW_REQUIRED
alicorp-transit-deadline-control,dav_incoterms,dav,REPORTING_READ_MODEL,"Catalogo o parametro que condiciona reglas, permisos o variantes del flujo.","codigo, incoterms",control de acceso/cliente; transicion o bloqueo por estado; regla documental/carga-descarga; calculo financiero/impositivo; persistencia/atomicidad/concurrencia,atomicidad/concurrencia pendiente; variante cliente pendiente de confirmar; catalogo/semantica pendiente,,"Catalogos `dav_clientelineas`, `dav_aduana`, `dav_proveedor`, `dav_incoterms`, `dav_pais`, `dav_canal`, `dav_usuario` | Enriquecen la grilla de control.",index_archivos/operativos/control_alicorpquery.php:1-18 | index_archivos/operativos/control_alicorpquery.php:29-139 | index_archivos/operativos/control_alicorpquery.php:145-154 | index_archivos/operativos/control_alicorpquery.php:55-58 | .data_base/asgard.sql:1945-1951 | index_archivos/operativos/control_alicorpquery.php:1-154 | control_alicorpquery.php:11 | control_alicorpquery.php:55-58 | control_alicorpquery.php:145-154 | .data_base/asgard.sql:1520-1951 | control_alicorpquery.php:29-139 | control_alicorpquery.php:55-68 | EV-SQL_QUERY-8AE8375F35AFCA .data_base/asgard.sql:17875 READS access to dav_incoterms | EV-SQL_QUERY-4A7BC4B8FCA3B8 .data_base/asgard.sql:17893 READS access to dav_incoterms | EV-SQL_QUERY-070E94CEB5F815 .data_base/asgard.sql:29794 READS access to dav_incoterms | EV-SQL_QUERY-7F58222FC7F09D .data_base/asgard.sql:31240 READS access to dav_incoterms | EV-SQL_QUERY-110AB327A19D46 .data_base/asgard.sql:32634 READS access to dav_incoterms | EV-SQL_QUERY-CB146BB27A4EDC .data_base/asgard.sql:33084 READS access to dav_incoterms | EV-SQL_QUERY-AE23FE2840EB43 .data_base/asgard.sql:33086 READS access to dav_incoterms | EV-SQL_QUERY-2ADCE59751BF6D .data_base/asgard.sql:34265 READS access to dav_incoterms,2,0,FLOW_SEMANTIC_INFERENCE_REVIEW_REQUIRED
alicorp-transit-deadline-control,dav_pais,dav,REPORTING_READ_MODEL,"Catalogo o parametro que condiciona reglas, permisos o variantes del flujo.",pais,control de acceso/cliente; transicion o bloqueo por estado; regla documental/carga-descarga; calculo financiero/impositivo; persistencia/atomicidad/concurrencia,atomicidad/concurrencia pendiente; variante cliente pendiente de confirmar; catalogo/semantica pendiente,,"Catalogos `dav_clientelineas`, `dav_aduana`, `dav_proveedor`, `dav_incoterms`, `dav_pais`, `dav_canal`, `dav_usuario` | Enriquecen la grilla de control.",index_archivos/operativos/control_alicorpquery.php:1-18 | index_archivos/operativos/control_alicorpquery.php:29-139 | index_archivos/operativos/control_alicorpquery.php:145-154 | index_archivos/operativos/control_alicorpquery.php:55-58 | .data_base/asgard.sql:1945-1951 | index_archivos/operativos/control_alicorpquery.php:1-154 | control_alicorpquery.php:11 | control_alicorpquery.php:55-58 | control_alicorpquery.php:145-154 | .data_base/asgard.sql:1520-1951 | control_alicorpquery.php:29-139 | control_alicorpquery.php:55-68 | EV-SQL_QUERY-3DD6CE19644D5B .data_base/asgard.sql:17875 READS access to dav_pais | EV-SQL_QUERY-81BF5C6F080CCE .data_base/asgard.sql:27665 READS access to dav_pais | EV-SQL_QUERY-534BE1BE678D8C .data_base/asgard.sql:27674 READS access to dav_pais | EV-SQL_QUERY-77F5C2870EEF7A .data_base/asgard.sql:27684 READS access to dav_pais | EV-SQL_QUERY-597AACA7740A9B .data_base/asgard.sql:27693 READS access to dav_pais | EV-SQL_QUERY-29C3BEA1FAC032 .data_base/asgard.sql:29795 READS access to dav_pais | EV-SQL_QUERY-C7DC754E56737D .data_base/asgard.sql:29930 READS access to dav_pais | EV-SQL_QUERY-AD2DE1EFE6A618 .data_base/asgard.sql:30011 READS access to dav_pais,17,0,FLOW_SEMANTIC_INFERENCE_REVIEW_REQUIRED
alicorp-transit-deadline-control,dav_partidas,dav,REPORTING_READ_MODEL,Entidad de contexto usada por el flujo para consultar o relacionar informacion de negocio.,"descripciongeneral, idfacturacomercial, pedido, pesobruto, pesoneto",control de acceso/cliente; transicion o bloqueo por estado; regla documental/carga-descarga; calculo financiero/impositivo; persistencia/atomicidad/concurrencia,atomicidad/concurrencia pendiente; variante cliente pendiente de confirmar; catalogo/semantica pendiente,,"`dav_partidas` | Agregacion de producto, pesos neto/bruto y detalle de mercancia.",index_archivos/operativos/control_alicorpquery.php:1-18 | index_archivos/operativos/control_alicorpquery.php:29-139 | index_archivos/operativos/control_alicorpquery.php:145-154 | index_archivos/operativos/control_alicorpquery.php:55-58 | .data_base/asgard.sql:1945-1951 | index_archivos/operativos/control_alicorpquery.php:1-154 | control_alicorpquery.php:11 | control_alicorpquery.php:55-58 | control_alicorpquery.php:145-154 | .data_base/asgard.sql:1520-1951 | control_alicorpquery.php:29-139 | control_alicorpquery.php:55-68 | EV-SQL_QUERY-5FB1B91D624793 .data_base/asgard.sql:17743 READS access to dav_partidas | EV-SQL_QUERY-84D976F52CA0AB .data_base/asgard.sql:17749 READS access to dav_partidas | EV-SQL_QUERY-F7BE030AB2BD95 .data_base/asgard.sql:17773 READS access to dav_partidas | EV-SQL_QUERY-5025CB0B535FA8 .data_base/asgard.sql:17809 READS access to dav_partidas | EV-SQL_QUERY-0E36D68C2A2659 .data_base/asgard.sql:17917 READS access to dav_partidas | EV-SQL_QUERY-EEA48DA51BA81B .data_base/asgard.sql:17935 READS access to dav_partidas | EV-SQL_QUERY-E59D6886D0E192 .data_base/asgard.sql:18215 READS access to dav_partidas | EV-SQL_QUERY-481BA62807E5BD .data_base/asgard.sql:18236 READS access to dav_partidas,13,0,FLOW_SEMANTIC_INFERENCE_REVIEW_REQUIRED
alicorp-transit-deadline-control,dav_proveedor,dav,REPORTING_READ_MODEL,"Catalogo o parametro que condiciona reglas, permisos o variantes del flujo.","deleted_at, estado, idproveedor",control de acceso/cliente; transicion o bloqueo por estado; regla documental/carga-descarga; calculo financiero/impositivo; persistencia/atomicidad/concurrencia,atomicidad/concurrencia pendiente; variante cliente pendiente de confirmar; catalogo/semantica pendiente,,"Catalogos `dav_clientelineas`, `dav_aduana`, `dav_proveedor`, `dav_incoterms`, `dav_pais`, `dav_canal`, `dav_usuario` | Enriquecen la grilla de control.",index_archivos/operativos/control_alicorpquery.php:1-18 | index_archivos/operativos/control_alicorpquery.php:29-139 | index_archivos/operativos/control_alicorpquery.php:145-154 | index_archivos/operativos/control_alicorpquery.php:55-58 | .data_base/asgard.sql:1945-1951 | index_archivos/operativos/control_alicorpquery.php:1-154 | control_alicorpquery.php:11 | control_alicorpquery.php:55-58 | control_alicorpquery.php:145-154 | .data_base/asgard.sql:1520-1951 | control_alicorpquery.php:29-139 | control_alicorpquery.php:55-68 | EV-SQL_QUERY-7752D6486C2743 .data_base/asgard.sql:17749 READS access to dav_proveedor | EV-SQL_QUERY-6196826074EC89 .data_base/asgard.sql:17827 READS access to dav_proveedor | EV-SQL_QUERY-87BE4E2C502A71 .data_base/asgard.sql:17875 READS access to dav_proveedor | EV-SQL_QUERY-7BEE574136EFD2 .data_base/asgard.sql:17881 READS access to dav_proveedor | EV-SQL_QUERY-24563ED75395BC .data_base/asgard.sql:17887 READS access to dav_proveedor | EV-SQL_QUERY-A748337FD1E671 .data_base/asgard.sql:17893 READS access to dav_proveedor | EV-SQL_QUERY-227382C8E8BB72 .data_base/asgard.sql:17917 READS access to dav_proveedor | EV-SQL_QUERY-CD16AC87F6A19F .data_base/asgard.sql:17935 READS access to dav_proveedor,19,2,FLOW_SEMANTIC_INFERENCE_REVIEW_REQUIRED
alicorp-transit-deadline-control,dav_tramites,dav,REPORTING_READ_MODEL,Entidad de contexto usada por el flujo para consultar o relacionar informacion de negocio.,"deleted_at, idcasos, idcasosprevios, idtipotramite",control de acceso/cliente; transicion o bloqueo por estado; regla documental/carga-descarga; calculo financiero/impositivo; persistencia/atomicidad/concurrencia,atomicidad/concurrencia pendiente; variante cliente pendiente de confirmar; catalogo/semantica pendiente,,`ages_solicitudes_asesoria_gestion` / `dav_tramites` | Servicios adicionales y estado GE asociados al caso.,index_archivos/operativos/control_alicorpquery.php:1-18 | index_archivos/operativos/control_alicorpquery.php:29-139 | index_archivos/operativos/control_alicorpquery.php:145-154 | index_archivos/operativos/control_alicorpquery.php:55-58 | .data_base/asgard.sql:1945-1951 | index_archivos/operativos/control_alicorpquery.php:1-154 | control_alicorpquery.php:11 | control_alicorpquery.php:55-58 | control_alicorpquery.php:145-154 | .data_base/asgard.sql:1520-1951 | control_alicorpquery.php:29-139 | control_alicorpquery.php:55-68 | EV-SQL_QUERY-40238C6A650CC3 .data_base/asgard.sql:17881 READS access to dav_tramites | EV-SQL_QUERY-2A41FD32302BBF .data_base/asgard.sql:17887 READS access to dav_tramites | EV-SQL_QUERY-DDB4758722A025 .data_base/asgard.sql:17947 READS access to dav_tramites | EV-SQL_QUERY-2CE3F8259E39D1 .data_base/asgard.sql:29731 READS access to dav_tramites | EV-SQL_QUERY-1B1DBABC4533B4 .data_base/asgard.sql:29857 READS access to dav_tramites | EV-SQL_QUERY-2130659483C90E .data_base/asgard.sql:29923 READS access to dav_tramites | EV-SQL_QUERY-D0A005B3C04BA6 .data_base/asgard.sql:30005 READS access to dav_tramites | EV-SQL_QUERY-1F7491A3C29E0B .data_base/asgard.sql:44802 READS access to dav_tramites,1,0,FLOW_SEMANTIC_INFERENCE_REVIEW_REQUIRED
alicorp-transit-deadline-control,dav_usuario,dav,REPORTING_READ_MODEL,"Catalogo o parametro que condiciona reglas, permisos o variantes del flujo.","activo, codigo, nombre, nombres",control de acceso/cliente; transicion o bloqueo por estado; regla documental/carga-descarga; calculo financiero/impositivo; persistencia/atomicidad/concurrencia,atomicidad/concurrencia pendiente; variante cliente pendiente de confirmar; catalogo/semantica pendiente,,"Catalogos `dav_clientelineas`, `dav_aduana`, `dav_proveedor`, `dav_incoterms`, `dav_pais`, `dav_canal`, `dav_usuario` | Enriquecen la grilla de control.",index_archivos/operativos/control_alicorpquery.php:1-18 | index_archivos/operativos/control_alicorpquery.php:29-139 | index_archivos/operativos/control_alicorpquery.php:145-154 | index_archivos/operativos/control_alicorpquery.php:55-58 | .data_base/asgard.sql:1945-1951 | index_archivos/operativos/control_alicorpquery.php:1-154 | control_alicorpquery.php:11 | control_alicorpquery.php:55-58 | control_alicorpquery.php:145-154 | .data_base/asgard.sql:1520-1951 | control_alicorpquery.php:29-139 | control_alicorpquery.php:55-68 | EV-SQL_QUERY-E5084964BFD177 .data_base/asgard.sql:17695 READS access to dav_usuario | EV-SQL_QUERY-DC406B96EB9044 .data_base/asgard.sql:17701 READS access to dav_usuario | EV-SQL_QUERY-F2544EE12492B4 .data_base/asgard.sql:17755 READS access to dav_usuario | EV-SQL_QUERY-CF29D661D24AFC .data_base/asgard.sql:17761 READS access to dav_usuario | EV-SQL_QUERY-AADBBA32919CE2 .data_base/asgard.sql:17767 READS access to dav_usuario | EV-SQL_QUERY-14E9ADC6EDD0BF .data_base/asgard.sql:17821 READS access to dav_usuario | EV-SQL_QUERY-7B99CCC59398E3 .data_base/asgard.sql:17827 READS access to dav_usuario | EV-SQL_QUERY-089731AF1F9E21 .data_base/asgard.sql:17857 READS access to dav_usuario,17,0,FLOW_SEMANTIC_INFERENCE_REVIEW_REQUIRED
alicorp-transit-deadline-control,logis_embarques,logis,REPORTING_READ_MODEL,"Entidad documental o soporte usado para validar, adjuntar, generar o descargar evidencias.","deleted_at, facturacomercial, id, idcliente, idclientelineas, idocr_alicorp",control de acceso/cliente; transicion o bloqueo por estado; regla documental/carga-descarga; calculo financiero/impositivo; persistencia/atomicidad/concurrencia,atomicidad/concurrencia pendiente; variante cliente pendiente de confirmar; catalogo/semantica pendiente,,`logis_embarques` | Enlace a OCR Alicorp desde la operacion logistica.,index_archivos/operativos/control_alicorpquery.php:1-18 | index_archivos/operativos/control_alicorpquery.php:29-139 | index_archivos/operativos/control_alicorpquery.php:145-154 | index_archivos/operativos/control_alicorpquery.php:55-58 | .data_base/asgard.sql:1945-1951 | index_archivos/operativos/control_alicorpquery.php:1-154 | control_alicorpquery.php:11 | control_alicorpquery.php:55-58 | control_alicorpquery.php:145-154 | .data_base/asgard.sql:1520-1951 | control_alicorpquery.php:29-139 | control_alicorpquery.php:55-68 | EV-SQL_QUERY-271B8BADD753C8 .data_base/asgard.sql:17875 READS access to logis_embarques | EV-SQL_QUERY-D92F1F70034698 .data_base/asgard.sql:17893 READS access to logis_embarquesrutas | EV-SQL_QUERY-E8DE6726227583 .data_base/asgard.sql:17893 READS access to logis_embarques | EV-SQL_QUERY-B25606C135A1C8 .data_base/asgard.sql:17923 READS access to logis_embarques | EV-SQL_QUERY-CBB063520AFA05 .data_base/asgard.sql:17959 READS access to logis_embarques | EV-SQL_QUERY-A35253FEB1CECF .data_base/asgard.sql:17965 READS access to logis_embarques | EV-SQL_QUERY-80B5E9CE461C31 .data_base/asgard.sql:27606 READS access to logis_embarques | EV-SQL_QUERY-4978218240EA46 .data_base/asgard.sql:27633 READS access to logis_embarquesmagnitudes,25,3,FLOW_SEMANTIC_INFERENCE_REVIEW_REQUIRED
alicorp-transit-deadline-control,ocr_alicorp,documentos,REPORTING_READ_MODEL,"Entidad documental o soporte usado para validar, adjuntar, generar o descargar evidencias.","fecha, idcasos, idcasosprevios, idocr_alicorp, idproveedor, no_factura, pedido",control de acceso/cliente; transicion o bloqueo por estado; regla documental/carga-descarga; calculo financiero/impositivo; persistencia/atomicidad/concurrencia,atomicidad/concurrencia pendiente; variante cliente pendiente de confirmar; catalogo/semantica pendiente,,"| `id`, `idocr_alicorp` | | `ocr_alicorp` | Cabecera OCR usada como contexto de control Alicorp. | | `idocr_alicorp`, `no_factura` |",index_archivos/operativos/control_alicorpquery.php:1-18 | index_archivos/operativos/control_alicorpquery.php:29-139 | index_archivos/operativos/control_alicorpquery.php:145-154 | index_archivos/operativos/control_alicorpquery.php:55-58 | .data_base/asgard.sql:1945-1951 | index_archivos/operativos/control_alicorpquery.php:1-154 | control_alicorpquery.php:11 | control_alicorpquery.php:55-58 | control_alicorpquery.php:145-154 | .data_base/asgard.sql:1520-1951 | control_alicorpquery.php:29-139 | control_alicorpquery.php:55-68 | EV-SQL_QUERY-D98FC9D8422B87 .data_base/asgard.sql:17875 READS access to ocr_alicorp_internacional | EV-SQL_QUERY-268503FCB20D28 .data_base/asgard.sql:29706 READS access to ocr_alicorp | EV-SQL_QUERY-882DBC8A576E9D .data_base/asgard.sql:29729 READS access to ocr_alicorp | EV-SQL_QUERY-9E5997091644C1 .data_base/asgard.sql:29792 READS access to ocr_alicorp | EV-SQL_QUERY-2CC54AAAB0AD32 index_archivos/operativos/exportaciones/ExportacionesClass.php:191 READS access to ocr_alicorp_internacional | EV-SQL_QUERY-2DED8CED3F9A60 index_archivos/operativos/exportaciones/ExportacionesClass.php:192 READS access to ocr_alicorp | EV-SQL_QUERY-4F63775A535643 index_archivos/operativos/exportaciones/ExportacionesClass.php:195 READS access to ocr_alicorp_internacional | EV-SQL_QUERY-8F4A3E0F339444 index_archivos/operativos/exportaciones/ExportacionesClass.php:196 READS access to ocr_alicorp,2,0,FLOW_SEMANTIC_INFERENCE_REVIEW_REQUIRED
alicorp-transit-deadline-control,tmp_productos,tmp,TEMPORARY_VALIDATION_OR_REPORTING_SUPPORT,"Tabla temporal/staging usada para preparar, validar o consolidar informacion del flujo.","fechafactura, idcasos, pesobruto, pesoneto",control de acceso/cliente; transicion o bloqueo por estado; regla documental/carga-descarga; calculo financiero/impositivo; persistencia/atomicidad/concurrencia,atomicidad/concurrencia pendiente; variante cliente pendiente de confirmar; catalogo/semantica pendiente,,- Tablas temporales `tmp_productos` y `tmp_tramites` para consolidar la salida.,index_archivos/operativos/control_alicorpquery.php:1-18 | index_archivos/operativos/control_alicorpquery.php:29-139 | index_archivos/operativos/control_alicorpquery.php:145-154 | index_archivos/operativos/control_alicorpquery.php:55-58 | .data_base/asgard.sql:1945-1951 | index_archivos/operativos/control_alicorpquery.php:1-154 | control_alicorpquery.php:11 | control_alicorpquery.php:55-58 | control_alicorpquery.php:145-154 | .data_base/asgard.sql:1520-1951 | control_alicorpquery.php:29-139 | control_alicorpquery.php:55-68 | EV-SQL_QUERY-9FFA9C42FBBE77 .data_base/asgard.sql:29691 WRITES access to tmp_productos | EV-SQL_QUERY-E9CF50DBBFCADB .data_base/asgard.sql:29734 READS access to tmp_productos | EV-SQL_QUERY-D3CF93563EE1FC .data_base/asgard.sql:29789 READS access to tmp_productos | EV-SQL_QUERY-C7E5EF2F8096BB .data_base/asgard.sql:29867 WRITES access to tmp_productos | EV-SQL_QUERY-6590F417472659 .data_base/asgard.sql:29928 READS access to tmp_productos,1,1,FLOW_SEMANTIC_INFERENCE_REVIEW_REQUIRED
alicorp-transit-deadline-control,tmp_tramites,tmp,TEMPORARY_VALIDATION_OR_REPORTING_SUPPORT,"Tabla temporal/staging usada para preparar, validar o consolidar informacion del flujo.","estado, idcasos",control de acceso/cliente; transicion o bloqueo por estado; regla documental/carga-descarga; calculo financiero/impositivo; persistencia/atomicidad/concurrencia,atomicidad/concurrencia pendiente; variante cliente pendiente de confirmar; catalogo/semantica pendiente,,- Tablas temporales `tmp_productos` y `tmp_tramites` para consolidar la salida.,index_archivos/operativos/control_alicorpquery.php:1-18 | index_archivos/operativos/control_alicorpquery.php:29-139 | index_archivos/operativos/control_alicorpquery.php:145-154 | index_archivos/operativos/control_alicorpquery.php:55-58 | .data_base/asgard.sql:1945-1951 | index_archivos/operativos/control_alicorpquery.php:1-154 | control_alicorpquery.php:11 | control_alicorpquery.php:55-58 | control_alicorpquery.php:145-154 | .data_base/asgard.sql:1520-1951 | control_alicorpquery.php:29-139 | control_alicorpquery.php:55-68 | EV-SQL_QUERY-BFA5A0B3B75271 .data_base/asgard.sql:29720 WRITES access to tmp_tramites | EV-SQL_QUERY-CE55F3845F6174 .data_base/asgard.sql:29793 READS access to tmp_tramites,1,1,FLOW_SEMANTIC_INFERENCE_REVIEW_REQUIRED
billing-document-reception-confirmation,dav_casos,dav,REPORTING_READ_MODEL,Entidad de contexto usada por el flujo para consultar o relacionar informacion de negocio.,"carpeta, idestado, idfactura, idnotasdebito, pedido",control de acceso/cliente; transicion o bloqueo por estado; regla documental/carga-descarga; calculo financiero/impositivo; persistencia/atomicidad/concurrencia,variante cliente pendiente de confirmar; catalogo/semantica pendiente,,"`dav_casos`, `dav_embarque`, `dav_pedidos` | Contexto operacional mostrado: carpeta, pedido, DIM, proveedor, cliente.",EV-SQL_QUERY-1E16A453C0FC22 .data_base/asgard.sql:17707 READS access to dav_casos | EV-SQL_QUERY-C8AB19C9274D78 .data_base/asgard.sql:17755 READS access to dav_casos | EV-SQL_QUERY-85B23A1F6B1886 .data_base/asgard.sql:17773 READS access to dav_casosprevios | EV-SQL_QUERY-A3D8E3282D4ABA .data_base/asgard.sql:17773 READS access to dav_casos | EV-SQL_QUERY-1A08C59D5D207E .data_base/asgard.sql:17815 READS access to dav_casostarea | EV-SQL_QUERY-F5AD1D6FB7CE71 .data_base/asgard.sql:17821 READS access to dav_casos | EV-SQL_QUERY-21DBC002504852 .data_base/asgard.sql:17827 READS access to dav_casos | EV-SQL_QUERY-F810E95BCF97F6 .data_base/asgard.sql:17839 READS access to dav_casos | EV-SQL_QUERY-6078F1BF55EFAA .data_base/asgard.sql:17875 READS access to dav_casos | EV-SQL_QUERY-A3EEC206C5E6EE .data_base/asgard.sql:17881 READS access to dav_casos | EV-SQL_QUERY-CE70168053BD60 .data_base/asgard.sql:17887 READS access to dav_casos | EV-SQL_QUERY-510EF36FB05331 .data_base/asgard.sql:17893 READS access to dav_casosprevios | EV-SQL_QUERY-5EE6AF5366A82A .data_base/asgard.sql:17893 READS access to dav_casos | EV-SQL_QUERY-BB76D27B1C1433 .data_base/asgard.sql:17917 READS access to dav_casos | EV-SQL_QUERY-D9DF6CBD08D688 .data_base/asgard.sql:17917 READS access to dav_casosprevios | EV-SQL_QUERY-1EE354C2A5DD75 .data_base/asgard.sql:17941 READS access to dav_casosprevios | EV-SQL_QUERY-7CC97CDA261E3B .data_base/asgard.sql:17947 READS access to dav_casos | EV-SQL_QUERY-B3F6CA84CCD544 .data_base/asgard.sql:18239 READS access to dav_casos | EV-SQL_QUERY-2D87C35537BA0A .data_base/asgard.sql:18276 READS access to dav_casosprevios | EV-SQL_QUERY-41CBA511A1A811 .data_base/asgard.sql:18307 READS access to dav_casos,23,3,FLOW_SEMANTIC_INFERENCE_REVIEW_REQUIRED
billing-document-reception-confirmation,dav_cite,dav,REPORTING_READ_MODEL,Entidad de contexto usada por el flujo para consultar o relacionar informacion de negocio.,"fecharecepcion, fechasalida",control de acceso/cliente; transicion o bloqueo por estado; regla documental/carga-descarga; calculo financiero/impositivo; persistencia/atomicidad/concurrencia,variante cliente pendiente de confirmar; catalogo/semantica pendiente,,"`dav_cite.idcite` | Identifica cite a recibir. | `dav_cite.fechasalida` | Fecha de salida/envio del cite. | `dav_cite.fecharecepcion` | Fecha/hora de recepcion del cite. | Campos persistidos | `.data_base/asgard.sql` | Campos de recepcion en `dav_facturaplanilla`, `dav_notasdebito`, `dav_cite`.",EV-SQL_QUERY-3A50F2B923DED7 .data_base/asgard.sql:17821 READS access to dav_cite,1,0,FLOW_SEMANTIC_INFERENCE_REVIEW_REQUIRED
billing-document-reception-confirmation,dav_facturaplanilla,dav,REPORTING_READ_MODEL,"Entidad documental o soporte usado para validar, adjuntar, generar o descargar evidencias.","fechaenvioplanilla, fecharecepcionplanilla, idestadofactura, recepcionplanilla",control de acceso/cliente; transicion o bloqueo por estado; regla documental/carga-descarga; calculo financiero/impositivo; persistencia/atomicidad/concurrencia,variante cliente pendiente de confirmar; catalogo/semantica pendiente,,"`dav_facturaplanilla.idfacturaplanilla` | Identifica planilla/factura a recibir. | `dav_facturaplanilla.fechaenvioplanilla` | Marca que la planilla/factura fue enviada. | `dav_facturaplanilla.recepcionplanilla` | Bandera de recepcion de planilla/factura. | `dav_facturaplanilla.fecharecepcionplanilla` | Fecha/hora de recepcion de planilla/factura. | Planilla/Factura pendiente | `index_archivos/contables/recepcionplanillas_ajax.php` | Condiciones sobre `dav_facturaplanilla.fechaenvioplanilla`, `idestadofactura`, `recepcionplanilla`. | Campos persistidos | `.data_base/asgard.sql` | Campos de recepcion en `dav_facturaplanilla`, `dav_notasdebito`, `dav_cite`.",EV-SQL_QUERY-7A8D0839363E40 .data_base/asgard.sql:17695 READS access to dav_facturaplanilla | EV-SQL_QUERY-FE2F4B4D50414D .data_base/asgard.sql:17701 READS access to dav_facturaplanilla | EV-SQL_QUERY-380B7E65D6B753 .data_base/asgard.sql:17761 READS access to dav_facturaplanilla | EV-SQL_QUERY-B852A980F6E3B6 .data_base/asgard.sql:17785 READS access to dav_facturaplanilla | EV-SQL_QUERY-0E7A5CD6CC7AB3 .data_base/asgard.sql:17821 READS access to dav_facturaplanilla | EV-SQL_QUERY-CA801278D001D7 .data_base/asgard.sql:17827 READS access to dav_facturaplanilla | EV-SQL_QUERY-F0D2E0E0F20BAB .data_base/asgard.sql:17857 READS access to dav_facturaplanilla | EV-SQL_QUERY-C66C4511D9DA1C .data_base/asgard.sql:17875 READS access to dav_facturaplanilla | EV-SQL_QUERY-B97F8A0E956DAD .data_base/asgard.sql:17917 READS access to dav_facturaplanilla | EV-SQL_QUERY-80623E9DA7EE1B .data_base/asgard.sql:17941 READS access to dav_facturaplanilla | EV-SQL_QUERY-2AFCE480BC0FB0 .data_base/asgard.sql:17977 READS access to dav_facturaplanilla | EV-SQL_QUERY-D6000DFC009DCA .data_base/asgard.sql:17983 READS access to dav_facturaplanilla | EV-SQL_QUERY-00111C41BCBE2E .data_base/asgard.sql:18306 READS access to dav_facturaplanilla | EV-SQL_QUERY-2016900B7344D7 .data_base/asgard.sql:18342 READS access to dav_facturaplanilla | EV-SQL_QUERY-10295D19BBA690 .data_base/asgard.sql:18366 READS access to dav_facturaplanilla | EV-SQL_QUERY-BA1CCA643B30E2 .data_base/asgard.sql:18411 READS access to dav_facturaplanilla | EV-SQL_QUERY-39B09EC3B8B329 .data_base/asgard.sql:18456 READS access to dav_facturaplanilla | EV-SQL_QUERY-4E3900A8536100 .data_base/asgard.sql:18502 READS access to dav_facturaplanilla | EV-SQL_QUERY-EC1FD3759DDCA3 .data_base/asgard.sql:18528 READS access to dav_facturaplanilla | EV-SQL_QUERY-F06CEFE17053E5 .data_base/asgard.sql:18556 READS access to dav_facturaplanilla,2,1,FLOW_SEMANTIC_INFERENCE_REVIEW_REQUIRED
billing-document-reception-confirmation,dav_notasdebito,dav,REPORTING_READ_MODEL,Entidad de contexto usada por el flujo para consultar o relacionar informacion de negocio.,"estado_enviado, estado_recepcionado, fecha_recepcionado",control de acceso/cliente; transicion o bloqueo por estado; regla documental/carga-descarga; calculo financiero/impositivo; persistencia/atomicidad/concurrencia,variante cliente pendiente de confirmar; catalogo/semantica pendiente,,"`dav_notasdebito.idnotasdebito` | Identifica nota de cobranza a recibir. | `dav_notasdebito.estado_enviado` | Marca que la nota de cobranza fue enviada. | `dav_notasdebito.estado_recepcionado` | Bandera de recepcion de nota de cobranza. | `dav_notasdebito.fecha_recepcionado` | Fecha/hora de recepcion de nota de cobranza. | Campos persistidos | `.data_base/asgard.sql` | Campos de recepcion en `dav_facturaplanilla`, `dav_notasdebito`, `dav_cite`.",EV-SQL_QUERY-65252F7E59C894 .data_base/asgard.sql:17821 READS access to dav_notasdebito | EV-SQL_QUERY-F5E3767E972C3D .data_base/asgard.sql:17821 READS access to dav_notasdebitodetalle | EV-SQL_QUERY-595FEE4648E530 .data_base/asgard.sql:17827 READS access to dav_notasdebito | EV-SQL_QUERY-E51E8945247CA6 .data_base/asgard.sql:17827 READS access to dav_notasdebitodetalle | EV-SQL_QUERY-15D04E8F43C1F0 .data_base/asgard.sql:17869 READS access to dav_notasdebitodetalle | EV-SQL_QUERY-F858F907CB95A3 .data_base/asgard.sql:17881 READS access to dav_notasdebitodetalle | EV-SQL_QUERY-F05C72584F5884 .data_base/asgard.sql:17887 READS access to dav_notasdebitodetalle | EV-SQL_QUERY-AAC1E9736EB211 .data_base/asgard.sql:18372 READS access to dav_notasdebitodetalle | EV-SQL_QUERY-78291D84F9A30D .data_base/asgard.sql:18374 READS access to dav_notasdebito | EV-SQL_QUERY-4F3A04232FBFF0 .data_base/asgard.sql:18418 READS access to dav_notasdebitodetalle | EV-SQL_QUERY-BCF6D5752643AA .data_base/asgard.sql:18420 READS access to dav_notasdebito | EV-SQL_QUERY-7C62B04A03638D .data_base/asgard.sql:18463 READS access to dav_notasdebitodetalle | EV-SQL_QUERY-82D2AF5D32F0B6 .data_base/asgard.sql:18465 READS access to dav_notasdebito | EV-SQL_QUERY-EAA9943BBFDC01 .data_base/asgard.sql:18583 READS access to dav_notasdebitodetalle | EV-SQL_QUERY-7403ADBB04D98C .data_base/asgard.sql:18585 READS access to dav_notasdebito | EV-SQL_QUERY-7207D70CF48D01 .data_base/asgard.sql:18610 READS access to dav_notasdebitodetalle | EV-SQL_QUERY-E9D4EA9DEC8B2A .data_base/asgard.sql:18612 READS access to dav_notasdebito | EV-SQL_QUERY-9054FFA4A85A7B .data_base/asgard.sql:18806 READS access to dav_notasdebito | EV-SQL_QUERY-4E8A4D056126B9 .data_base/asgard.sql:18827 READS access to dav_notasdebito | EV-SQL_QUERY-E29932CA259294 .data_base/asgard.sql:18921 READS access to dav_notasdebito,1,1,FLOW_SEMANTIC_INFERENCE_REVIEW_REQUIRED
billing-invoice-planilla-document-generation,dav_casos,dav,REPORTING_READ_MODEL,"Catalogo o parametro que condiciona reglas, permisos o variantes del flujo.",idcasos,control de acceso/cliente; transicion o bloqueo por estado; regla documental/carga-descarga; calculo financiero/impositivo; persistencia/atomicidad/concurrencia,SQL construido dinamicamente; variante cliente pendiente de confirmar; catalogo/semantica pendiente,,"`dav_casos` | Pedido, carpeta, DIM/DEX, CIF, tipo de cambio, regimen y proveedor. | Datos de cabecera/caso | `generarfacturaplanillacliente.php` | Consulta `dav_facturaplanilla`, `dav_casos`, cliente, ciudad, regimen, proveedor y dosificacion.",EV-SQL_QUERY-1E16A453C0FC22 .data_base/asgard.sql:17707 READS access to dav_casos | EV-SQL_QUERY-C8AB19C9274D78 .data_base/asgard.sql:17755 READS access to dav_casos | EV-SQL_QUERY-85B23A1F6B1886 .data_base/asgard.sql:17773 READS access to dav_casosprevios | EV-SQL_QUERY-A3D8E3282D4ABA .data_base/asgard.sql:17773 READS access to dav_casos | EV-SQL_QUERY-1A08C59D5D207E .data_base/asgard.sql:17815 READS access to dav_casostarea | EV-SQL_QUERY-F5AD1D6FB7CE71 .data_base/asgard.sql:17821 READS access to dav_casos | EV-SQL_QUERY-21DBC002504852 .data_base/asgard.sql:17827 READS access to dav_casos | EV-SQL_QUERY-F810E95BCF97F6 .data_base/asgard.sql:17839 READS access to dav_casos | EV-SQL_QUERY-6078F1BF55EFAA .data_base/asgard.sql:17875 READS access to dav_casos | EV-SQL_QUERY-A3EEC206C5E6EE .data_base/asgard.sql:17881 READS access to dav_casos | EV-SQL_QUERY-CE70168053BD60 .data_base/asgard.sql:17887 READS access to dav_casos | EV-SQL_QUERY-510EF36FB05331 .data_base/asgard.sql:17893 READS access to dav_casosprevios | EV-SQL_QUERY-5EE6AF5366A82A .data_base/asgard.sql:17893 READS access to dav_casos | EV-SQL_QUERY-BB76D27B1C1433 .data_base/asgard.sql:17917 READS access to dav_casos | EV-SQL_QUERY-D9DF6CBD08D688 .data_base/asgard.sql:17917 READS access to dav_casosprevios | EV-SQL_QUERY-1EE354C2A5DD75 .data_base/asgard.sql:17941 READS access to dav_casosprevios | EV-SQL_QUERY-7CC97CDA261E3B .data_base/asgard.sql:17947 READS access to dav_casos | EV-SQL_QUERY-B3F6CA84CCD544 .data_base/asgard.sql:18239 READS access to dav_casos | EV-SQL_QUERY-2D87C35537BA0A .data_base/asgard.sql:18276 READS access to dav_casosprevios | EV-SQL_QUERY-41CBA511A1A811 .data_base/asgard.sql:18307 READS access to dav_casos,23,3,FLOW_SEMANTIC_INFERENCE_REVIEW_REQUIRED
billing-invoice-planilla-document-generation,dav_ciudad,dav,REPORTING_READ_MODEL,Entidad de contexto usada por el flujo para consultar o relacionar informacion de negocio.,"ciudad, empresa, imagen, nit",control de acceso/cliente; transicion o bloqueo por estado; regla documental/carga-descarga; calculo financiero/impositivo; persistencia/atomicidad/concurrencia,SQL construido dinamicamente; variante cliente pendiente de confirmar; catalogo/semantica pendiente,,"`dav_ciudad` | Ciudad, razon social y NIT empresa.",EV-SQL_QUERY-D990F634CD56AD .data_base/asgard.sql:17695 READS access to dav_ciudad | EV-SQL_QUERY-5345F4F82CB1F8 .data_base/asgard.sql:17701 READS access to dav_ciudad | EV-SQL_QUERY-DD376D9D2CC0BF .data_base/asgard.sql:17755 READS access to dav_ciudad | EV-SQL_QUERY-59B5427C74DEC7 .data_base/asgard.sql:17761 READS access to dav_ciudad | EV-SQL_QUERY-C0A4C1B6C9BEE7 .data_base/asgard.sql:17821 READS access to dav_ciudad | EV-SQL_QUERY-45EFB499034FFF .data_base/asgard.sql:17827 READS access to dav_ciudad | EV-SQL_QUERY-6E60AAC37C1BA1 .data_base/asgard.sql:17857 READS access to dav_ciudad | EV-SQL_QUERY-831487B5A37E74 .data_base/asgard.sql:17881 READS access to dav_ciudad | EV-SQL_QUERY-B45479000C480E .data_base/asgard.sql:17887 READS access to dav_ciudad | EV-SQL_QUERY-7A838C2F4F9D1E .data_base/asgard.sql:17917 READS access to dav_ciudad | EV-SQL_QUERY-8A8F5B9F095F50 .data_base/asgard.sql:17941 READS access to dav_ciudad | EV-SQL_QUERY-A2257D56100FF1 .data_base/asgard.sql:17971 READS access to dav_ciudad | EV-SQL_QUERY-47F75C16A78BAF .data_base/asgard.sql:17977 READS access to dav_ciudad | EV-SQL_QUERY-EF523F1C1886A1 .data_base/asgard.sql:19856 READS access to dav_ciudad | EV-SQL_QUERY-6C80D7EF3D56B2 .data_base/asgard.sql:19894 READS access to dav_ciudad | EV-SQL_QUERY-359BE5AB2A274B .data_base/asgard.sql:19938 READS access to dav_ciudad | EV-SQL_QUERY-43848B94C1F553 .data_base/asgard.sql:19974 READS access to dav_ciudad | EV-SQL_QUERY-5F4562BF98D0FE .data_base/asgard.sql:20012 READS access to dav_ciudad | EV-SQL_QUERY-36896538C4EB57 .data_base/asgard.sql:20241 READS access to dav_ciudad | EV-SQL_QUERY-0AC67FE7CC1553 .data_base/asgard.sql:20277 READS access to dav_ciudad,8,0,FLOW_SEMANTIC_INFERENCE_REVIEW_REQUIRED
billing-invoice-planilla-document-generation,dav_dosificacion,dav,REPORTING_READ_MODEL,Entidad de contexto usada por el flujo para consultar o relacionar informacion de negocio.,"iddosificacion, leyenda",control de acceso/cliente; transicion o bloqueo por estado; regla documental/carga-descarga; calculo financiero/impositivo; persistencia/atomicidad/concurrencia,SQL construido dinamicamente; variante cliente pendiente de confirmar; catalogo/semantica pendiente,,"`.data_base/asgard.sql` | Tablas `dav_facturaplanilla`, `dav_facturasdetalle`, `dav_dosificacion`, `dav_estadofactura`. | `dav_dosificacion.nroautorizacion` | Autorizacion fiscal de factura. | `dav_dosificacion.llave` | Llave para codigo de control. | `dav_dosificacion.fechalimite` | Fecha limite de emision. | `dav_dosificacion.actividadeconomica`, `leyenda` | Texto fiscal impreso en factura.",EV-SQL_QUERY-B064FBE5231704 .data_base/asgard.sql:45855 READS access to dav_dosificacion,1,0,FLOW_SEMANTIC_INFERENCE_REVIEW_REQUIRED
billing-invoice-planilla-document-generation,dav_estadofactura,dav,REFERENCE_OR_STATE_CATALOG,Entidad de contexto usada por el flujo para consultar o relacionar informacion de negocio.,estadofactura,control de acceso/cliente; transicion o bloqueo por estado; regla documental/carga-descarga; calculo financiero/impositivo; persistencia/atomicidad/concurrencia,SQL construido dinamicamente; variante cliente pendiente de confirmar; catalogo/semantica pendiente,,"`.data_base/asgard.sql` | Tablas `dav_facturaplanilla`, `dav_facturasdetalle`, `dav_dosificacion`, `dav_estadofactura`.",EV-SQL_QUERY-9E598619347316 .data_base/asgard.sql:29276 READS access to dav_estadofactura | EV-SQL_QUERY-C4762B7B01E8D8 .data_base/asgard.sql:29319 READS access to dav_estadofactura | EV-SQL_QUERY-FB4C425AF4973A .data_base/asgard.sql:41083 READS access to dav_estadofactura,1,0,FLOW_SEMANTIC_INFERENCE_REVIEW_REQUIRED
billing-invoice-planilla-document-generation,dav_facturaplanilla,dav,REPORTING_READ_MODEL,Modelo de lectura o fuente de reporteria del flujo.,"NombreDocumentoXML, idcasos, idcasos_rel, iddosificacion, idfacturaplanilla, leyenda, motivo",control de acceso/cliente; transicion o bloqueo por estado; regla documental/carga-descarga; calculo financiero/impositivo; persistencia/atomicidad/concurrencia,SQL construido dinamicamente; variante cliente pendiente de confirmar; catalogo/semantica pendiente,,"Creacion inicial de la cabecera `dav_facturaplanilla`. | - Datos de `dav_facturaplanilla`. | `.data_base/asgard.sql` | Tablas `dav_facturaplanilla`, `dav_facturasdetalle`, `dav_dosificacion`, `dav_estadofactura`. | `dav_facturaplanilla.idfacturaplanilla` | Identificador principal de generacion y descarga. | `dav_facturaplanilla.nro` | Numero de factura/planilla mostrado y usado en QR/rutas. | `dav_facturaplanilla.fecha` | Fecha de emision y fecha fiscal.",EV-SQL_QUERY-7A8D0839363E40 .data_base/asgard.sql:17695 READS access to dav_facturaplanilla | EV-SQL_QUERY-FE2F4B4D50414D .data_base/asgard.sql:17701 READS access to dav_facturaplanilla | EV-SQL_QUERY-380B7E65D6B753 .data_base/asgard.sql:17761 READS access to dav_facturaplanilla | EV-SQL_QUERY-B852A980F6E3B6 .data_base/asgard.sql:17785 READS access to dav_facturaplanilla | EV-SQL_QUERY-0E7A5CD6CC7AB3 .data_base/asgard.sql:17821 READS access to dav_facturaplanilla | EV-SQL_QUERY-CA801278D001D7 .data_base/asgard.sql:17827 READS access to dav_facturaplanilla | EV-SQL_QUERY-F0D2E0E0F20BAB .data_base/asgard.sql:17857 READS access to dav_facturaplanilla | EV-SQL_QUERY-C66C4511D9DA1C .data_base/asgard.sql:17875 READS access to dav_facturaplanilla | EV-SQL_QUERY-B97F8A0E956DAD .data_base/asgard.sql:17917 READS access to dav_facturaplanilla | EV-SQL_QUERY-80623E9DA7EE1B .data_base/asgard.sql:17941 READS access to dav_facturaplanilla | EV-SQL_QUERY-2AFCE480BC0FB0 .data_base/asgard.sql:17977 READS access to dav_facturaplanilla | EV-SQL_QUERY-D6000DFC009DCA .data_base/asgard.sql:17983 READS access to dav_facturaplanilla | EV-SQL_QUERY-00111C41BCBE2E .data_base/asgard.sql:18306 READS access to dav_facturaplanilla | EV-SQL_QUERY-2016900B7344D7 .data_base/asgard.sql:18342 READS access to dav_facturaplanilla | EV-SQL_QUERY-10295D19BBA690 .data_base/asgard.sql:18366 READS access to dav_facturaplanilla | EV-SQL_QUERY-BA1CCA643B30E2 .data_base/asgard.sql:18411 READS access to dav_facturaplanilla | EV-SQL_QUERY-39B09EC3B8B329 .data_base/asgard.sql:18456 READS access to dav_facturaplanilla | EV-SQL_QUERY-4E3900A8536100 .data_base/asgard.sql:18502 READS access to dav_facturaplanilla | EV-SQL_QUERY-EC1FD3759DDCA3 .data_base/asgard.sql:18528 READS access to dav_facturaplanilla | EV-SQL_QUERY-F06CEFE17053E5 .data_base/asgard.sql:18556 READS access to dav_facturaplanilla,2,1,FLOW_SEMANTIC_INFERENCE_REVIEW_REQUIRED
billing-invoice-planilla-document-generation,dav_facturasdetalle,dav,REPORTING_READ_MODEL,Entidad de contexto usada por el flujo para consultar o relacionar informacion de negocio.,idfacturaplanilla,control de acceso/cliente; transicion o bloqueo por estado; regla documental/carga-descarga; calculo financiero/impositivo; persistencia/atomicidad/concurrencia,SQL construido dinamicamente; variante cliente pendiente de confirmar; catalogo/semantica pendiente,,"- Detalle `dav_facturasdetalle`. | `.data_base/asgard.sql` | Tablas `dav_facturaplanilla`, `dav_facturasdetalle`, `dav_dosificacion`, `dav_estadofactura`. | ASGARD calcula total de factura desde `dav_facturasdetalle`. | BR-BIPD-005 | El total de factura se calcula sumando `dav_facturasdetalle.monto`. | `dav_facturasdetalle.monto` | Conceptos e importes facturados. | Calculo factura | `generarfacturaplanillacliente.php` | Suma `dav_facturasdetalle.monto`.",EV-SQL_QUERY-6C335EEF26AC2C .data_base/asgard.sql:18304 READS access to dav_facturasdetalle | EV-SQL_QUERY-EB6DC5932871EA .data_base/asgard.sql:18340 READS access to dav_facturasdetalle | EV-SQL_QUERY-45B00841497720 .data_base/asgard.sql:19654 READS access to dav_facturasdetalle | EV-SQL_QUERY-676ACE4EAE8285 .data_base/asgard.sql:20045 READS access to dav_facturasdetalle | EV-SQL_QUERY-638191EB257C16 .data_base/asgard.sql:20423 READS access to dav_facturasdetalle | EV-SQL_QUERY-622AD5D293DC66 .data_base/asgard.sql:21158 READS access to dav_facturasdetalle | EV-SQL_QUERY-B8134640A2980E .data_base/asgard.sql:21904 READS access to dav_facturasdetalle | EV-SQL_QUERY-68A1772A4E4378 .data_base/asgard.sql:21921 READS access to dav_facturasdetalle | EV-SQL_QUERY-3C9733F993B278 .data_base/asgard.sql:23175 READS access to dav_facturasdetalle | EV-SQL_QUERY-3B3BB9A139A48C .data_base/asgard.sql:23921 READS access to dav_facturasdetalle | EV-SQL_QUERY-007DE2A4FA922C .data_base/asgard.sql:23938 READS access to dav_facturasdetalle | EV-SQL_QUERY-B474B0EA84C8BC .data_base/asgard.sql:25002 READS access to dav_facturasdetalle | EV-SQL_QUERY-AD40BC76AB6BE6 .data_base/asgard.sql:25037 READS access to dav_facturasdetalle | EV-SQL_QUERY-D73F7D98CACAB0 .data_base/asgard.sql:28585 READS access to dav_facturasdetalle | EV-SQL_QUERY-ED23B18BC10978 .data_base/asgard.sql:28607 READS access to dav_facturasdetalle | EV-SQL_QUERY-485A3B57C01F5E .data_base/asgard.sql:28629 READS access to dav_facturasdetalle | EV-SQL_QUERY-82E5A97227380F .data_base/asgard.sql:28826 READS access to dav_facturasdetalle | EV-SQL_QUERY-C7A18C03253CD5 .data_base/asgard.sql:28846 READS access to dav_facturasdetalle | EV-SQL_QUERY-A66D162FBA03F0 .data_base/asgard.sql:29311 READS access to dav_facturasdetalle | EV-SQL_QUERY-4594F99CFB7073 .data_base/asgard.sql:29627 READS access to dav_facturasdetalle,1,0,FLOW_SEMANTIC_INFERENCE_REVIEW_REQUIRED
billing-invoice-planilla-document-generation,dav_pagosdetalle,dav,REPORTING_READ_MODEL,Modelo de lectura o fuente de reporteria del flujo.,"idcasos, idfacturaplanilla",control de acceso/cliente; transicion o bloqueo por estado; regla documental/carga-descarga; calculo financiero/impositivo; persistencia/atomicidad/concurrencia,SQL construido dinamicamente; variante cliente pendiente de confirmar; catalogo/semantica pendiente,,- Detalle de planilla desde `dav_pagosdetalle`. | | Consulta `dav_pagosdetalle` con `prepagado=0` y `nd=0` | | `dav_pagosdetalle.monto` | Gastos de planilla y pagos directos/prepagados. | Calculo planilla | `generarfacturaplanillacliente.php` | Suma `dav_pagosdetalle` por caso con filtros de prepagado/anulado/ND.,EV-SQL_QUERY-BC17003CF9BEFD .data_base/asgard.sql:17827 READS access to dav_pagosdetalle | EV-SQL_QUERY-07C2F68097DAC4 .data_base/asgard.sql:17869 READS access to dav_pagosdetalle | EV-SQL_QUERY-99754B68578828 .data_base/asgard.sql:17875 READS access to dav_pagosdetalle | EV-SQL_QUERY-3CE7AA68B2AD69 .data_base/asgard.sql:17881 READS access to dav_pagosdetalle | EV-SQL_QUERY-684300BD3CFFBC .data_base/asgard.sql:17887 READS access to dav_pagosdetalle | EV-SQL_QUERY-103E2B3C0B1404 .data_base/asgard.sql:17983 READS access to dav_pagosdetalle | EV-SQL_QUERY-E623CAFED17DAA .data_base/asgard.sql:18363 READS access to dav_pagosdetalle | EV-SQL_QUERY-398A69CAC1CA16 .data_base/asgard.sql:18375 READS access to dav_pagosdetalle | EV-SQL_QUERY-03C584BBE22EF8 .data_base/asgard.sql:18408 READS access to dav_pagosdetalle | EV-SQL_QUERY-9E4098F303ED07 .data_base/asgard.sql:18453 READS access to dav_pagosdetalle | EV-SQL_QUERY-022C6952005AD1 .data_base/asgard.sql:18466 READS access to dav_pagosdetalle | EV-SQL_QUERY-9CD940EDEBD86F .data_base/asgard.sql:18499 READS access to dav_pagosdetalle | EV-SQL_QUERY-882BE1EE0577B4 .data_base/asgard.sql:18525 READS access to dav_pagosdetalle | EV-SQL_QUERY-C5BCB20219BBC3 .data_base/asgard.sql:18553 READS access to dav_pagosdetalle | EV-SQL_QUERY-282C3A4378F3DC .data_base/asgard.sql:18613 READS access to dav_pagosdetalle | EV-SQL_QUERY-9D351877EC4BD4 .data_base/asgard.sql:19066 READS access to dav_pagosdetalle | EV-SQL_QUERY-D7F166F464E320 .data_base/asgard.sql:19358 READS access to dav_pagosdetalle | EV-SQL_QUERY-1FFD03C02C0A9F .data_base/asgard.sql:19609 READS access to dav_pagosdetalle | EV-SQL_QUERY-6167B1FB7F9E9E .data_base/asgard.sql:19671 READS access to dav_pagosdetalle | EV-SQL_QUERY-1FBD26171E54ED .data_base/asgard.sql:20062 READS access to dav_pagosdetalle,8,0,FLOW_SEMANTIC_INFERENCE_REVIEW_REQUIRED
billing-payments-receivables,dav_anticipos,dav,REPORTING_READ_MODEL,Entidad de contexto usada por el flujo para consultar o relacionar informacion de negocio.,"fecha, glosa, monto, recibo, saldo",control de acceso/cliente; transicion o bloqueo por estado; regla documental/carga-descarga; calculo financiero/impositivo; persistencia/atomicidad/concurrencia,catalogo/semantica pendiente,,"El sistema calcula monto devuelto desde `dav_anticiposdevueltos` y pagos en estado valido. | `dav_anticipos` | Pagos recibidos/anticipos por cliente, ciudad, fecha, recibo e importe. | `dav_anticiposdevueltos` | Devoluciones de anticipos que reducen saldo en cuenta.",index_archivos/contables/facplaquery.php:31-117 | index_archivos/contables/generarfacturaplanillacliente.php:12-170 | index_archivos/contables/descargarfactura.php:12-26 | index_archivos/contables/descargarplanilla.php:11-29 | index_archivos/contables/notasdebitoquery.php:10-91 | index_archivos/contables/pagosrecibidosquery.php:7-43 | index_archivos/contables/recepcionplanillas_ajax.php:1-352 | index_archivos/contables/estadocuentasquery.php:1-75 | facplaquery.php:31-83 | facplaquery.php:86-89 | .data_base/asgard.sql:6266-6282 | facplaquery.php:91-94 | generarfacturaplanillacliente.php:126-136 | facplaquery.php:96-112 | facplaquery.php:31-117 | recepcionplanillas_ajax.php:1-241 | descargarfactura.php:12-26 | descargarplanilla.php:11-29 | notasdebitoquery.php:10-91 | recepcionplanillas_ajax.php:72-85,1,0,FLOW_SEMANTIC_INFERENCE_REVIEW_REQUIRED
billing-payments-receivables,dav_anticiposdevueltos,dav,REPORTING_READ_MODEL,Entidad de contexto usada por el flujo para consultar o relacionar informacion de negocio.,monto,control de acceso/cliente; transicion o bloqueo por estado; regla documental/carga-descarga; calculo financiero/impositivo; persistencia/atomicidad/concurrencia,catalogo/semantica pendiente,,El sistema calcula monto devuelto desde `dav_anticiposdevueltos` y pagos en estado valido. | `dav_anticiposdevueltos` | Devoluciones de anticipos que reducen saldo en cuenta.,index_archivos/contables/facplaquery.php:31-117 | index_archivos/contables/generarfacturaplanillacliente.php:12-170 | index_archivos/contables/descargarfactura.php:12-26 | index_archivos/contables/descargarplanilla.php:11-29 | index_archivos/contables/notasdebitoquery.php:10-91 | index_archivos/contables/pagosrecibidosquery.php:7-43 | index_archivos/contables/recepcionplanillas_ajax.php:1-352 | index_archivos/contables/estadocuentasquery.php:1-75 | facplaquery.php:31-83 | facplaquery.php:86-89 | .data_base/asgard.sql:6266-6282 | facplaquery.php:91-94 | generarfacturaplanillacliente.php:126-136 | facplaquery.php:96-112 | facplaquery.php:31-117 | recepcionplanillas_ajax.php:1-241 | descargarfactura.php:12-26 | descargarplanilla.php:11-29 | notasdebitoquery.php:10-91 | recepcionplanillas_ajax.php:72-85,0,0,FLOW_SEMANTIC_INFERENCE_REVIEW_REQUIRED
billing-payments-receivables,dav_casos,dav,REPORTING_READ_MODEL,Entidad de contexto usada por el flujo para consultar o relacionar informacion de negocio.,"anulado, carpeta, gestion, idestado, idfactura, idplanilla, pedido, prepagado",control de acceso/cliente; transicion o bloqueo por estado; regla documental/carga-descarga; calculo financiero/impositivo; persistencia/atomicidad/concurrencia,catalogo/semantica pendiente,,"BPR-BR-004 | Las planillas agrupadas usan `dav_casos.idplanilla` para sumar pagos detalle contra una factura-planilla agrupadora. | `dav_casos` | Carpeta/caso, pedido, DIM, proveedor, cliente y relacion con factura/planilla.",index_archivos/contables/facplaquery.php:31-117 | index_archivos/contables/generarfacturaplanillacliente.php:12-170 | index_archivos/contables/descargarfactura.php:12-26 | index_archivos/contables/descargarplanilla.php:11-29 | index_archivos/contables/notasdebitoquery.php:10-91 | index_archivos/contables/pagosrecibidosquery.php:7-43 | index_archivos/contables/recepcionplanillas_ajax.php:1-352 | index_archivos/contables/estadocuentasquery.php:1-75 | facplaquery.php:31-83 | facplaquery.php:86-89 | .data_base/asgard.sql:6266-6282 | facplaquery.php:91-94 | generarfacturaplanillacliente.php:126-136 | facplaquery.php:96-112 | facplaquery.php:31-117 | recepcionplanillas_ajax.php:1-241 | descargarfactura.php:12-26 | descargarplanilla.php:11-29 | notasdebitoquery.php:10-91 | recepcionplanillas_ajax.php:72-85,23,3,FLOW_SEMANTIC_INFERENCE_REVIEW_REQUIRED
billing-payments-receivables,dav_cite,dav,REPORTING_READ_MODEL,"Entidad documental o soporte usado para validar, adjuntar, generar o descargar evidencias.",estado,control de acceso/cliente; transicion o bloqueo por estado; regla documental/carga-descarga; calculo financiero/impositivo; persistencia/atomicidad/concurrencia,catalogo/semantica pendiente,,`dav_cite` | Documento formal adicional que comparte recepcion con documentos de cobro.,index_archivos/contables/facplaquery.php:31-117 | index_archivos/contables/generarfacturaplanillacliente.php:12-170 | index_archivos/contables/descargarfactura.php:12-26 | index_archivos/contables/descargarplanilla.php:11-29 | index_archivos/contables/notasdebitoquery.php:10-91 | index_archivos/contables/pagosrecibidosquery.php:7-43 | index_archivos/contables/recepcionplanillas_ajax.php:1-352 | index_archivos/contables/estadocuentasquery.php:1-75 | facplaquery.php:31-83 | facplaquery.php:86-89 | .data_base/asgard.sql:6266-6282 | facplaquery.php:91-94 | generarfacturaplanillacliente.php:126-136 | facplaquery.php:96-112 | facplaquery.php:31-117 | recepcionplanillas_ajax.php:1-241 | descargarfactura.php:12-26 | descargarplanilla.php:11-29 | notasdebitoquery.php:10-91 | recepcionplanillas_ajax.php:72-85,1,0,FLOW_SEMANTIC_INFERENCE_REVIEW_REQUIRED
billing-payments-receivables,dav_cliente,dav,REPORTING_READ_MODEL,Entidad de contexto usada por el flujo para consultar o relacionar informacion de negocio.,"ciudad, cliente, diascredito, nit, numero",control de acceso/cliente; transicion o bloqueo por estado; regla documental/carga-descarga; calculo financiero/impositivo; persistencia/atomicidad/concurrencia,catalogo/semantica pendiente,,BPR-BR-011 | El estado de cuentas clasifica mora comparando dias transcurridos contra `dav_cliente.diascredito`. | `dav_cliente` | Dias de credito para calculo de vencimiento y mora.,index_archivos/contables/facplaquery.php:31-117 | index_archivos/contables/generarfacturaplanillacliente.php:12-170 | index_archivos/contables/descargarfactura.php:12-26 | index_archivos/contables/descargarplanilla.php:11-29 | index_archivos/contables/notasdebitoquery.php:10-91 | index_archivos/contables/pagosrecibidosquery.php:7-43 | index_archivos/contables/recepcionplanillas_ajax.php:1-352 | index_archivos/contables/estadocuentasquery.php:1-75 | facplaquery.php:31-83 | facplaquery.php:86-89 | .data_base/asgard.sql:6266-6282 | facplaquery.php:91-94 | generarfacturaplanillacliente.php:126-136 | facplaquery.php:96-112 | facplaquery.php:31-117 | recepcionplanillas_ajax.php:1-241 | descargarfactura.php:12-26 | descargarplanilla.php:11-29 | notasdebitoquery.php:10-91 | recepcionplanillas_ajax.php:72-85,21,1,FLOW_SEMANTIC_INFERENCE_REVIEW_REQUIRED
billing-payments-receivables,dav_cobros,dav,REPORTING_READ_MODEL,"Entidad documental o soporte usado para validar, adjuntar, generar o descargar evidencias.",idfacturaplanilla,control de acceso/cliente; transicion o bloqueo por estado; regla documental/carga-descarga; calculo financiero/impositivo; persistencia/atomicidad/concurrencia,catalogo/semantica pendiente,,El sistema calcula monto aplicado desde `dav_cobros`. | `dav_cobros` | Aplicacion de anticipos contra documentos cobrables.,index_archivos/contables/facplaquery.php:31-117 | index_archivos/contables/generarfacturaplanillacliente.php:12-170 | index_archivos/contables/descargarfactura.php:12-26 | index_archivos/contables/descargarplanilla.php:11-29 | index_archivos/contables/notasdebitoquery.php:10-91 | index_archivos/contables/pagosrecibidosquery.php:7-43 | index_archivos/contables/recepcionplanillas_ajax.php:1-352 | index_archivos/contables/estadocuentasquery.php:1-75 | facplaquery.php:31-83 | facplaquery.php:86-89 | .data_base/asgard.sql:6266-6282 | facplaquery.php:91-94 | generarfacturaplanillacliente.php:126-136 | facplaquery.php:96-112 | facplaquery.php:31-117 | recepcionplanillas_ajax.php:1-241 | descargarfactura.php:12-26 | descargarplanilla.php:11-29 | notasdebitoquery.php:10-91 | recepcionplanillas_ajax.php:72-85,1,0,FLOW_SEMANTIC_INFERENCE_REVIEW_REQUIRED
billing-payments-receivables,dav_facturaplanilla,dav,REPORTING_READ_MODEL,Modelo de lectura o fuente de reporteria del flujo.,"contabilizar_factura, contabilizar_planilla, factura_cobrada, fecharecepcionplanilla, idfacturaplanilla, planilla_cobrada",control de acceso/cliente; transicion o bloqueo por estado; regla documental/carga-descarga; calculo financiero/impositivo; persistencia/atomicidad/concurrencia,catalogo/semantica pendiente,,"Facturas/planillas se consultan desde `dav_facturaplanilla` y sus importes desde `dav_facturasdetalle` y `dav_pagosdetalle`. | `dav_facturaplanilla` | Cabecera de factura/planilla: caso, cliente, fecha, numero, estados, envio, recepcion, anulacion, datos electronicos, contabilizacion y cobro.",index_archivos/contables/facplaquery.php:31-117 | index_archivos/contables/generarfacturaplanillacliente.php:12-170 | index_archivos/contables/descargarfactura.php:12-26 | index_archivos/contables/descargarplanilla.php:11-29 | index_archivos/contables/notasdebitoquery.php:10-91 | index_archivos/contables/pagosrecibidosquery.php:7-43 | index_archivos/contables/recepcionplanillas_ajax.php:1-352 | index_archivos/contables/estadocuentasquery.php:1-75 | facplaquery.php:31-83 | facplaquery.php:86-89 | .data_base/asgard.sql:6266-6282 | facplaquery.php:91-94 | generarfacturaplanillacliente.php:126-136 | facplaquery.php:96-112 | facplaquery.php:31-117 | recepcionplanillas_ajax.php:1-241 | descargarfactura.php:12-26 | descargarplanilla.php:11-29 | notasdebitoquery.php:10-91 | recepcionplanillas_ajax.php:72-85,2,1,FLOW_SEMANTIC_INFERENCE_REVIEW_REQUIRED
billing-payments-receivables,dav_facturasdetalle,dav,REPORTING_READ_MODEL,Modelo de lectura o fuente de reporteria del flujo.,idfacturaplanilla,control de acceso/cliente; transicion o bloqueo por estado; regla documental/carga-descarga; calculo financiero/impositivo; persistencia/atomicidad/concurrencia,catalogo/semantica pendiente,,Facturas/planillas se consultan desde `dav_facturaplanilla` y sus importes desde `dav_facturasdetalle` y `dav_pagosdetalle`. | BPR-BR-002 | El monto factura se calcula sumando `dav_facturasdetalle.monto` por `idfacturaplanilla`. | `dav_facturasdetalle` | Detalle de conceptos e importes de factura. | `montofactura` | Suma de `dav_facturasdetalle.monto` por factura-planilla. | Invoice amount is derived from `dav_facturasdetalle`.,index_archivos/contables/facplaquery.php:31-117 | index_archivos/contables/generarfacturaplanillacliente.php:12-170 | index_archivos/contables/descargarfactura.php:12-26 | index_archivos/contables/descargarplanilla.php:11-29 | index_archivos/contables/notasdebitoquery.php:10-91 | index_archivos/contables/pagosrecibidosquery.php:7-43 | index_archivos/contables/recepcionplanillas_ajax.php:1-352 | index_archivos/contables/estadocuentasquery.php:1-75 | facplaquery.php:31-83 | facplaquery.php:86-89 | .data_base/asgard.sql:6266-6282 | facplaquery.php:91-94 | generarfacturaplanillacliente.php:126-136 | facplaquery.php:96-112 | facplaquery.php:31-117 | recepcionplanillas_ajax.php:1-241 | descargarfactura.php:12-26 | descargarplanilla.php:11-29 | notasdebitoquery.php:10-91 | recepcionplanillas_ajax.php:72-85,1,0,FLOW_SEMANTIC_INFERENCE_REVIEW_REQUIRED
billing-payments-receivables,dav_notasdebito,dav,REPORTING_READ_MODEL,"Catalogo o parametro que condiciona reglas, permisos o variantes del flujo.","contabilizar_nd, notadebito_cobrada",control de acceso/cliente; transicion o bloqueo por estado; regla documental/carga-descarga; calculo financiero/impositivo; persistencia/atomicidad/concurrencia,catalogo/semantica pendiente,,"- Notas de debito/cobranza se consultan desde `dav_notasdebito` y `dav_notasdebitodetalle`. | BPR-BR-007 | Las notas de debito/cobranza reportadas se filtran con `dav_notasdebito.idestadopago = 2`. | `dav_notasdebito` | Cabecera de nota de debito/cobranza: cliente, tipo, fecha, numero/gestion, glosa, estado pago/envio/recepcion/anulacion/contabilizacion. | `dav_notasdebitodetalle` | Conceptos e importes de notas de debito/cobranza.",index_archivos/contables/facplaquery.php:31-117 | index_archivos/contables/generarfacturaplanillacliente.php:12-170 | index_archivos/contables/descargarfactura.php:12-26 | index_archivos/contables/descargarplanilla.php:11-29 | index_archivos/contables/notasdebitoquery.php:10-91 | index_archivos/contables/pagosrecibidosquery.php:7-43 | index_archivos/contables/recepcionplanillas_ajax.php:1-352 | index_archivos/contables/estadocuentasquery.php:1-75 | facplaquery.php:31-83 | facplaquery.php:86-89 | .data_base/asgard.sql:6266-6282 | facplaquery.php:91-94 | generarfacturaplanillacliente.php:126-136 | facplaquery.php:96-112 | facplaquery.php:31-117 | recepcionplanillas_ajax.php:1-241 | descargarfactura.php:12-26 | descargarplanilla.php:11-29 | notasdebitoquery.php:10-91 | recepcionplanillas_ajax.php:72-85,1,1,FLOW_SEMANTIC_INFERENCE_REVIEW_REQUIRED
billing-payments-receivables,dav_notasdebitodetalle,dav,REPORTING_READ_MODEL,Modelo de lectura o fuente de reporteria del flujo.,"cobrado, monto",control de acceso/cliente; transicion o bloqueo por estado; regla documental/carga-descarga; calculo financiero/impositivo; persistencia/atomicidad/concurrencia,catalogo/semantica pendiente,,- Notas de debito/cobranza se consultan desde `dav_notasdebito` y `dav_notasdebitodetalle`. | `dav_notasdebitodetalle` | Conceptos e importes de notas de debito/cobranza.,index_archivos/contables/facplaquery.php:31-117 | index_archivos/contables/generarfacturaplanillacliente.php:12-170 | index_archivos/contables/descargarfactura.php:12-26 | index_archivos/contables/descargarplanilla.php:11-29 | index_archivos/contables/notasdebitoquery.php:10-91 | index_archivos/contables/pagosrecibidosquery.php:7-43 | index_archivos/contables/recepcionplanillas_ajax.php:1-352 | index_archivos/contables/estadocuentasquery.php:1-75 | facplaquery.php:31-83 | facplaquery.php:86-89 | .data_base/asgard.sql:6266-6282 | facplaquery.php:91-94 | generarfacturaplanillacliente.php:126-136 | facplaquery.php:96-112 | facplaquery.php:31-117 | recepcionplanillas_ajax.php:1-241 | descargarfactura.php:12-26 | descargarplanilla.php:11-29 | notasdebitoquery.php:10-91 | recepcionplanillas_ajax.php:72-85,1,0,FLOW_SEMANTIC_INFERENCE_REVIEW_REQUIRED
billing-payments-receivables,dav_pagos,dav,REPORTING_READ_MODEL,Modelo de lectura o fuente de reporteria del flujo.,"asesoria, concepto, devolucion, fecha, gestion, idestadopago, multiple, numero, prepagado, recibo, tributos",control de acceso/cliente; transicion o bloqueo por estado; regla documental/carga-descarga; calculo financiero/impositivo; persistencia/atomicidad/concurrencia,catalogo/semantica pendiente,,"Facturas/planillas se consultan desde `dav_facturaplanilla` y sus importes desde `dav_facturasdetalle` y `dav_pagosdetalle`. | BPR-BR-003 | El monto planilla se calcula sumando `dav_pagosdetalle.monto` por caso, excluyendo pagos anulados (`idestadopago = 3`) y prepagados en algunos calculos. | `dav_pagos` | Cabecera de pagos usada para excluir anulados o validar devoluciones/tributos. | `dav_pagosdetalle` | Detalle de pagos/planilla asociado a casos y conceptos. | `montoplanilla` | Suma de `dav_pagosdetalle.monto` por caso, excluyendo pagos anulados. | Planilla amount is derived from `dav_pagosdetalle`.",index_archivos/contables/facplaquery.php:31-117 | index_archivos/contables/generarfacturaplanillacliente.php:12-170 | index_archivos/contables/descargarfactura.php:12-26 | index_archivos/contables/descargarplanilla.php:11-29 | index_archivos/contables/notasdebitoquery.php:10-91 | index_archivos/contables/pagosrecibidosquery.php:7-43 | index_archivos/contables/recepcionplanillas_ajax.php:1-352 | index_archivos/contables/estadocuentasquery.php:1-75 | facplaquery.php:31-83 | facplaquery.php:86-89 | .data_base/asgard.sql:6266-6282 | facplaquery.php:91-94 | generarfacturaplanillacliente.php:126-136 | facplaquery.php:96-112 | facplaquery.php:31-117 | recepcionplanillas_ajax.php:1-241 | descargarfactura.php:12-26 | descargarplanilla.php:11-29 | notasdebitoquery.php:10-91 | recepcionplanillas_ajax.php:72-85,2,0,FLOW_SEMANTIC_INFERENCE_REVIEW_REQUIRED
billing-payments-receivables,dav_pagosdetalle,dav,REPORTING_READ_MODEL,Modelo de lectura o fuente de reporteria del flujo.,idfacturaplanilla,control de acceso/cliente; transicion o bloqueo por estado; regla documental/carga-descarga; calculo financiero/impositivo; persistencia/atomicidad/concurrencia,catalogo/semantica pendiente,,"Facturas/planillas se consultan desde `dav_facturaplanilla` y sus importes desde `dav_facturasdetalle` y `dav_pagosdetalle`. | BPR-BR-003 | El monto planilla se calcula sumando `dav_pagosdetalle.monto` por caso, excluyendo pagos anulados (`idestadopago = 3`) y prepagados en algunos calculos. | `dav_pagosdetalle` | Detalle de pagos/planilla asociado a casos y conceptos. | `montoplanilla` | Suma de `dav_pagosdetalle.monto` por caso, excluyendo pagos anulados. | Planilla amount is derived from `dav_pagosdetalle`.",index_archivos/contables/facplaquery.php:31-117 | index_archivos/contables/generarfacturaplanillacliente.php:12-170 | index_archivos/contables/descargarfactura.php:12-26 | index_archivos/contables/descargarplanilla.php:11-29 | index_archivos/contables/notasdebitoquery.php:10-91 | index_archivos/contables/pagosrecibidosquery.php:7-43 | index_archivos/contables/recepcionplanillas_ajax.php:1-352 | index_archivos/contables/estadocuentasquery.php:1-75 | facplaquery.php:31-83 | facplaquery.php:86-89 | .data_base/asgard.sql:6266-6282 | facplaquery.php:91-94 | generarfacturaplanillacliente.php:126-136 | facplaquery.php:96-112 | facplaquery.php:31-117 | recepcionplanillas_ajax.php:1-241 | descargarfactura.php:12-26 | descargarplanilla.php:11-29 | notasdebitoquery.php:10-91 | recepcionplanillas_ajax.php:72-85,8,0,FLOW_SEMANTIC_INFERENCE_REVIEW_REQUIRED
bulk-request-excel-import-validation,dav_aduana,dav,REPORTING_READ_MODEL,"Catalogo o parametro que condiciona reglas, permisos o variantes del flujo.",aduana,control de acceso/cliente; transicion o bloqueo por estado; regla documental/carga-descarga; calculo financiero/impositivo; persistencia/atomicidad/concurrencia; notificacion o acceso externo,variante cliente pendiente de confirmar; catalogo/semantica pendiente,,"`dav_regimen`, `dav_tipodeclaracion`, `dav_aduana`, `dav_modotransporte` | Catalogos aduaneros de solicitud.",EV-SQL_QUERY-29D0A29E941CB9 .data_base/asgard.sql:17695 READS access to dav_aduana | EV-SQL_QUERY-4DCA4CFA159D1C .data_base/asgard.sql:17749 READS access to dav_aduana | EV-SQL_QUERY-584C668424AFED .data_base/asgard.sql:17821 READS access to dav_aduana | EV-SQL_QUERY-7DEE79BCF27956 .data_base/asgard.sql:17857 READS access to dav_aduana | EV-SQL_QUERY-6D2F4CADAB31D4 .data_base/asgard.sql:17875 READS access to dav_aduana | EV-SQL_QUERY-0791F368FB4F20 .data_base/asgard.sql:17935 READS access to dav_aduana | EV-SQL_QUERY-2EEE5C598605C0 .data_base/asgard.sql:19858 READS access to dav_aduana | EV-SQL_QUERY-4F1D9593813103 .data_base/asgard.sql:19896 READS access to dav_aduana | EV-SQL_QUERY-5FC39E4A9A5AB3 .data_base/asgard.sql:19940 READS access to dav_aduana | EV-SQL_QUERY-AF7E188C131002 .data_base/asgard.sql:19976 READS access to dav_aduana | EV-SQL_QUERY-76F46877C361E3 .data_base/asgard.sql:20014 READS access to dav_aduana | EV-SQL_QUERY-0388FF5C031086 .data_base/asgard.sql:20243 READS access to dav_aduana | EV-SQL_QUERY-36439FC90523ED .data_base/asgard.sql:20279 READS access to dav_aduana | EV-SQL_QUERY-0A92774CB695AA .data_base/asgard.sql:20322 READS access to dav_aduana | EV-SQL_QUERY-BA59B1EDDB428B .data_base/asgard.sql:20357 READS access to dav_aduana | EV-SQL_QUERY-8FC201023B6C96 .data_base/asgard.sql:20392 READS access to dav_aduana | EV-SQL_QUERY-56E323B17C53D3 .data_base/asgard.sql:26727 READS access to dav_aduana | EV-SQL_QUERY-672AEFA7D388D6 .data_base/asgard.sql:26828 READS access to dav_aduana | EV-SQL_QUERY-DF750136DA584C .data_base/asgard.sql:26883 READS access to dav_aduana | EV-SQL_QUERY-5D506C84D4EFF3 .data_base/asgard.sql:26941 READS access to dav_aduana,9,0,FLOW_SEMANTIC_INFERENCE_REVIEW_REQUIRED
bulk-request-excel-import-validation,dav_casosprevios,dav,REPORTING_READ_MODEL,"Entidad documental o soporte usado para validar, adjuntar, generar o descargar evidencias.","carpeta, email, idcliente, idtransportista, notas, pedido",control de acceso/cliente; transicion o bloqueo por estado; regla documental/carga-descarga; calculo financiero/impositivo; persistencia/atomicidad/concurrencia; notificacion o acceso externo,variante cliente pendiente de confirmar; catalogo/semantica pendiente,,"- Creacion de `dav_casosprevios`, documentos previos y tramite adicional si todo el lote es valido. | - `dav_casosprevios` creados si el lote no tiene errores. | `.data_base/asgard.sql` | Tablas `dav_solicitudesprevias`, `dav_casosprevios`, `dav_documentosprevios`, `dav_tramites`. | Si no hay errores, ASGARD crea `dav_casosprevios` por fila. | BR-BREI-012 | Una fila valida crea `dav_casosprevios`, documentos previos por modo transporte y tramite adicional si corresponde. | `dav_casosprevios` | Solicitud previa final creada por fila valida.",EV-SQL_QUERY-85B23A1F6B1886 .data_base/asgard.sql:17773 READS access to dav_casosprevios | EV-SQL_QUERY-510EF36FB05331 .data_base/asgard.sql:17893 READS access to dav_casosprevios | EV-SQL_QUERY-D9DF6CBD08D688 .data_base/asgard.sql:17917 READS access to dav_casosprevios | EV-SQL_QUERY-1EE354C2A5DD75 .data_base/asgard.sql:17941 READS access to dav_casosprevios | EV-SQL_QUERY-2D87C35537BA0A .data_base/asgard.sql:18276 READS access to dav_casosprevios | EV-SQL_QUERY-ACBC7014B44145 .data_base/asgard.sql:27550 READS access to dav_casosprevios | EV-SQL_QUERY-9E53765A441113 .data_base/asgard.sql:27576 READS access to dav_casosprevios | EV-SQL_QUERY-ECB9B94D5BA8BD .data_base/asgard.sql:27586 READS access to dav_casosprevios | EV-SQL_QUERY-355981AEFA7039 .data_base/asgard.sql:27984 READS access to dav_casosprevios | EV-SQL_QUERY-FF4C0CD0FF8DE3 .data_base/asgard.sql:28508 READS access to dav_casosprevios | EV-SQL_QUERY-099D8F5CFA3496 .data_base/asgard.sql:28528 READS access to dav_casosprevios | EV-SQL_QUERY-16ECEF1D5705A0 .data_base/asgard.sql:28548 READS access to dav_casosprevios | EV-SQL_QUERY-3B1B94E4B9398F .data_base/asgard.sql:28568 READS access to dav_casosprevios | EV-SQL_QUERY-3E27A928E596DE .data_base/asgard.sql:28589 READS access to dav_casosprevios | EV-SQL_QUERY-E7C1494CD55908 .data_base/asgard.sql:28612 READS access to dav_casosprevios | EV-SQL_QUERY-ABDC5404FC32DB .data_base/asgard.sql:28634 READS access to dav_casosprevios | EV-SQL_QUERY-A8A602355FB7A4 .data_base/asgard.sql:28675 READS access to dav_casosprevios | EV-SQL_QUERY-517023EAC0C8D7 .data_base/asgard.sql:28807 READS access to dav_casosprevios | EV-SQL_QUERY-844777DC469787 .data_base/asgard.sql:29206 READS access to dav_casosprevios | EV-SQL_QUERY-834B4745E24A29 .data_base/asgard.sql:29444 READS access to dav_casosprevios,22,3,FLOW_SEMANTIC_INFERENCE_REVIEW_REQUIRED
bulk-request-excel-import-validation,dav_ciudad,dav,REPORTING_READ_MODEL,Entidad de contexto usada por el flujo para consultar o relacionar informacion de negocio.,"ciudad, email, habilitado, nit",control de acceso/cliente; transicion o bloqueo por estado; regla documental/carga-descarga; calculo financiero/impositivo; persistencia/atomicidad/concurrencia; notificacion o acceso externo,variante cliente pendiente de confirmar; catalogo/semantica pendiente,,BR-BREI-006 | Ciudad solo acepta valores encontrados en `dav_ciudad` con ids `4` o `11`. | `dav_ciudad` | Validacion de ciudad.,EV-SQL_QUERY-D990F634CD56AD .data_base/asgard.sql:17695 READS access to dav_ciudad | EV-SQL_QUERY-5345F4F82CB1F8 .data_base/asgard.sql:17701 READS access to dav_ciudad | EV-SQL_QUERY-DD376D9D2CC0BF .data_base/asgard.sql:17755 READS access to dav_ciudad | EV-SQL_QUERY-59B5427C74DEC7 .data_base/asgard.sql:17761 READS access to dav_ciudad | EV-SQL_QUERY-C0A4C1B6C9BEE7 .data_base/asgard.sql:17821 READS access to dav_ciudad | EV-SQL_QUERY-45EFB499034FFF .data_base/asgard.sql:17827 READS access to dav_ciudad | EV-SQL_QUERY-6E60AAC37C1BA1 .data_base/asgard.sql:17857 READS access to dav_ciudad | EV-SQL_QUERY-831487B5A37E74 .data_base/asgard.sql:17881 READS access to dav_ciudad | EV-SQL_QUERY-B45479000C480E .data_base/asgard.sql:17887 READS access to dav_ciudad | EV-SQL_QUERY-7A838C2F4F9D1E .data_base/asgard.sql:17917 READS access to dav_ciudad | EV-SQL_QUERY-8A8F5B9F095F50 .data_base/asgard.sql:17941 READS access to dav_ciudad | EV-SQL_QUERY-A2257D56100FF1 .data_base/asgard.sql:17971 READS access to dav_ciudad | EV-SQL_QUERY-47F75C16A78BAF .data_base/asgard.sql:17977 READS access to dav_ciudad | EV-SQL_QUERY-EF523F1C1886A1 .data_base/asgard.sql:19856 READS access to dav_ciudad | EV-SQL_QUERY-6C80D7EF3D56B2 .data_base/asgard.sql:19894 READS access to dav_ciudad | EV-SQL_QUERY-359BE5AB2A274B .data_base/asgard.sql:19938 READS access to dav_ciudad | EV-SQL_QUERY-43848B94C1F553 .data_base/asgard.sql:19974 READS access to dav_ciudad | EV-SQL_QUERY-5F4562BF98D0FE .data_base/asgard.sql:20012 READS access to dav_ciudad | EV-SQL_QUERY-36896538C4EB57 .data_base/asgard.sql:20241 READS access to dav_ciudad | EV-SQL_QUERY-0AC67FE7CC1553 .data_base/asgard.sql:20277 READS access to dav_ciudad,8,0,FLOW_SEMANTIC_INFERENCE_REVIEW_REQUIRED
bulk-request-excel-import-validation,dav_clientedeclarante,dav,REPORTING_READ_MODEL,Entidad de contexto usada por el flujo para consultar o relacionar informacion de negocio.,"activo, declarante, idcliente, principal",control de acceso/cliente; transicion o bloqueo por estado; regla documental/carga-descarga; calculo financiero/impositivo; persistencia/atomicidad/concurrencia; notificacion o acceso externo,variante cliente pendiente de confirmar; catalogo/semantica pendiente,,`dav_clientedeclarante` | Firmante/declarante principal.,EV-SQL_QUERY-7B58EBDBC43C4D .data_base/asgard.sql:17857 READS access to dav_clientedeclarante | EV-SQL_QUERY-5FF6D7EFD8605C index_archivos/controllers/SolicitudClass.php:267 READS access to dav_clientedeclarante | EV-SQL_QUERY-7977D6A629AFA7 index_archivos/controllers/SolicitudClass.php:269 READS access to dav_clientedeclarante | EV-SQL_QUERY-CA0FF3714FC889 index_archivos/logistica/SolicitudesClass.php:700 READS access to dav_clientedeclarante,3,0,FLOW_SEMANTIC_INFERENCE_REVIEW_REQUIRED
bulk-request-excel-import-validation,dav_clientelineas,dav,REPORTING_READ_MODEL,Entidad de contexto usada por el flujo para consultar o relacionar informacion de negocio.,"idcliente, linea",control de acceso/cliente; transicion o bloqueo por estado; regla documental/carga-descarga; calculo financiero/impositivo; persistencia/atomicidad/concurrencia; notificacion o acceso externo,variante cliente pendiente de confirmar; catalogo/semantica pendiente,,`dav_clientelineas` | Linea de negocio opcional/validada.,EV-SQL_QUERY-E3D4FE27B5CBDA .data_base/asgard.sql:17749 READS access to dav_clientelineas | EV-SQL_QUERY-0F5D4116651E55 .data_base/asgard.sql:17875 READS access to dav_clientelineas | EV-SQL_QUERY-B045B0651F2DE8 .data_base/asgard.sql:17893 READS access to dav_clientelineas | EV-SQL_QUERY-5F921E05D76903 .data_base/asgard.sql:17917 READS access to dav_clientelineas | EV-SQL_QUERY-2709C038370300 .data_base/asgard.sql:17935 READS access to dav_clientelineas | EV-SQL_QUERY-F8D216408FA440 .data_base/asgard.sql:26725 READS access to dav_clientelineas | EV-SQL_QUERY-9B0DA81524590D .data_base/asgard.sql:26830 READS access to dav_clientelineas | EV-SQL_QUERY-AFDBE5678D8167 .data_base/asgard.sql:26885 READS access to dav_clientelineas | EV-SQL_QUERY-783ECCD2679CC5 .data_base/asgard.sql:26943 READS access to dav_clientelineas | EV-SQL_QUERY-765376C88AF39F .data_base/asgard.sql:26997 READS access to dav_clientelineas | EV-SQL_QUERY-0CCD383F9F4F65 .data_base/asgard.sql:27048 READS access to dav_clientelineas | EV-SQL_QUERY-4D8BA6F7D8E2DD .data_base/asgard.sql:27101 READS access to dav_clientelineas | EV-SQL_QUERY-36332B4058998D .data_base/asgard.sql:27155 READS access to dav_clientelineas | EV-SQL_QUERY-ECF6FE912686B3 .data_base/asgard.sql:27209 READS access to dav_clientelineas | EV-SQL_QUERY-280B500FD99921 .data_base/asgard.sql:27258 READS access to dav_clientelineas | EV-SQL_QUERY-3E8953FCEFB9F8 .data_base/asgard.sql:27467 READS access to dav_clientelineas | EV-SQL_QUERY-3B17B4867024AA .data_base/asgard.sql:27833 READS access to dav_clientelineas | EV-SQL_QUERY-7E938804E18B0D .data_base/asgard.sql:27982 READS access to dav_clientelineas | EV-SQL_QUERY-BB1BF5AC33DD3C .data_base/asgard.sql:29786 READS access to dav_clientelineas | EV-SQL_QUERY-B2E6B90D7FA716 .data_base/asgard.sql:29840 READS access to dav_clientelineas,11,0,FLOW_SEMANTIC_INFERENCE_REVIEW_REQUIRED
bulk-request-excel-import-validation,dav_clienteproveedor,dav,REPORTING_READ_MODEL,Entidad de contexto usada por el flujo para consultar o relacionar informacion de negocio.,idcliente,control de acceso/cliente; transicion o bloqueo por estado; regla documental/carga-descarga; calculo financiero/impositivo; persistencia/atomicidad/concurrencia; notificacion o acceso externo,variante cliente pendiente de confirmar; catalogo/semantica pendiente,,"| `dav_clienteproveedor`, `dav_clientetransportista` | | `dav_proveedor`, `dav_clienteproveedor` | Validacion de proveedor por cliente.",EV-SQL_QUERY-739F6AF11B7B3F index_archivos/controllers/GlobalClass.php:124 READS access to dav_clienteproveedor | EV-SQL_QUERY-E60A8B18A744AB index_archivos/controllers/SolicitudClass.php:154 READS access to dav_clienteproveedor | EV-SQL_QUERY-CD5D7854C0EC9B index_archivos/logistica/CotizacionClass.php:299 READS access to dav_clienteproveedor | EV-SQL_QUERY-6527D415CE1F3C index_archivos/logistica/CotizacionClass.php:319 READS access to dav_clienteproveedor | EV-SQL_QUERY-69F1A1880A855D index_archivos/operativos/exportaciones/ExportacionesClass.php:22 READS access to dav_clienteproveedor | EV-SQL_QUERY-0BA493564CC26C index_archivos/parametros/consignatario/ProveedorMercancia.php:102 READS access to dav_clienteproveedor | EV-SQL_QUERY-323468C8705ABF index_archivos/parametros/consignatario/ProveedorMercancia.php:119 READS access to dav_clienteproveedor | EV-SQL_QUERY-2C7E56AB46DAD3 index_archivos/parametros/consignatario/ProveedorMercancia.php:161 READS access to dav_clienteproveedor | EV-SQL_QUERY-E26D64CBDCF978 index_archivos/parametros/consignatario/ProveedorMercancia.php:275 READS access to dav_clienteproveedor | EV-SQL_QUERY-79D01DB0DB137F index_archivos/parametros/consignatario/ProveedorMercancia.php:471 WRITES access to dav_clienteproveedor | EV-SQL_QUERY-B333783B92FEBD index_archivos/parametros/consignatario/ProveedorMercancia.php:482 WRITES access to dav_clienteproveedor | EV-SQL_QUERY-557271936A0DCE index_archivos/parametros/consignatario/ProveedorMercancia.php:518 READS access to dav_clienteproveedor | EV-SQL_QUERY-E6C5D18EC35825 index_archivos/parametros/consignatario/ProveedorMercancia.php:525 READS access to dav_clienteproveedor | EV-SQL_QUERY-22A7BD43BC1203 index_archivos/parametros/consignatario/ProveedorMercancia.php:577 READS access to dav_clienteproveedor | EV-SQL_QUERY-DEBFCD90FA5A29 index_archivos/parametros/consignatario/ProveedorMercancia.php:747 READS access to dav_clienteproveedor | EV-SQL_QUERY-A76AE97B886BBC index_archivos/parametros/control_certificaciones/controladores/CommonController.php:35 READS access to dav_clienteproveedor | EV-SQL_QUERY-523F217C4DF6D3 index_archivos/parametros/proveedormercancia/ProveedorMercancia.php:102 READS access to dav_clienteproveedor | EV-SQL_QUERY-B2F17D717D3EE6 index_archivos/parametros/proveedormercancia/ProveedorMercancia.php:119 READS access to dav_clienteproveedor | EV-SQL_QUERY-C24BF1072E26F7 index_archivos/parametros/proveedormercancia/ProveedorMercancia.php:161 READS access to dav_clienteproveedor | EV-SQL_QUERY-D7728F7EE6378D index_archivos/parametros/proveedormercancia/ProveedorMercancia.php:274 READS access to dav_clienteproveedor,7,2,FLOW_SEMANTIC_INFERENCE_REVIEW_REQUIRED
bulk-request-excel-import-validation,dav_clientetransportista,dav,REPORTING_READ_MODEL,Entidad de contexto usada por el flujo para consultar o relacionar informacion de negocio.,"ciudad, email, estado, idcliente, idtransportista, nit",control de acceso/cliente; transicion o bloqueo por estado; regla documental/carga-descarga; calculo financiero/impositivo; persistencia/atomicidad/concurrencia; notificacion o acceso externo,variante cliente pendiente de confirmar; catalogo/semantica pendiente,,"| `dav_clienteproveedor`, `dav_clientetransportista` | | `dav_transportista`, `dav_clientetransportista` | Validacion de operador/transporte por cliente.",EV-SQL_QUERY-C10F973293B1DA .data_base/asgard.sql:27846 READS access to dav_clientetransportista | EV-SQL_QUERY-ED641831DF6195 .data_base/asgard.sql:32619 READS access to dav_clientetransportista | EV-SQL_QUERY-29AF7BD6AF4DD1 .data_base/asgard.sql:34250 READS access to dav_clientetransportista | EV-SQL_QUERY-84A3FCAB2BE6C3 .data_base/asgard.sql:35381 READS access to dav_clientetransportista | EV-SQL_QUERY-BAFD25D6769D52 .data_base/asgard.sql:36519 READS access to dav_clientetransportista | EV-SQL_QUERY-4D5A678CC29FF6 .data_base/asgard.sql:44794 READS access to dav_clientetransportista | EV-SQL_QUERY-14AF4F857D9D10 .data_base/asgard.sql:45183 READS access to dav_clientetransportista | EV-SQL_QUERY-74DE0C8977B6B7 index_archivos/controllers/SolicitudClass.php:170 READS access to dav_clientetransportista | EV-SQL_QUERY-9FAF62C28D5DB5 index_archivos/intercambioDocumental/IntercambioDocumentalClass.php:316 READS access to dav_clientetransportista | EV-SQL_QUERY-6B925F9F154962 index_archivos/intercambioDocumental/IntercambioDocumentalClass.php:328 READS access to dav_clientetransportista | EV-SQL_QUERY-D88B1B532885CD index_archivos/intercambioDocumental/IntercambioDocumentalClass.php:347 READS access to dav_clientetransportista | EV-SQL_QUERY-8F8E74063E56DC index_archivos/intercambioDocumental/IntercambioDocumentalClass.php:361 READS access to dav_clientetransportista | EV-SQL_QUERY-125D6CE7E5CEA3 index_archivos/logistica/CostosClass.php:201 READS access to dav_clientetransportista | EV-SQL_QUERY-73F0D96255FFC8 index_archivos/logistica/CotizacionClass.php:334 READS access to dav_clientetransportista | EV-SQL_QUERY-4E15AB1E3D2F77 index_archivos/logistica/CotizacionClass.php:780 READS access to dav_clientetransportista | EV-SQL_QUERY-EFC8F6F2C2646F index_archivos/logistica/CotizacionClass.php:805 READS access to dav_clientetransportista | EV-SQL_QUERY-8D5A65D94B64F8 index_archivos/logistica/CotizacionClass.php:829 READS access to dav_clientetransportista | EV-SQL_QUERY-A83DDA5DC8C4E5 index_archivos/logistica/CotizacionClass.php:847 READS access to dav_clientetransportista | EV-SQL_QUERY-BFF901983559C8 index_archivos/logistica/CotizacionClass.php:1010 READS access to dav_clientetransportista | EV-SQL_QUERY-1E834B341F9376 index_archivos/logistica/EmbarqueClass.php:267 READS access to dav_clientetransportista,11,2,FLOW_SEMANTIC_INFERENCE_REVIEW_REQUIRED
bulk-request-excel-import-validation,dav_documentosprevios,dav,REPORTING_READ_MODEL,"Entidad documental o soporte usado para validar, adjuntar, generar o descargar evidencias.",adjunto,control de acceso/cliente; transicion o bloqueo por estado; regla documental/carga-descarga; calculo financiero/impositivo; persistencia/atomicidad/concurrencia; notificacion o acceso externo,variante cliente pendiente de confirmar; catalogo/semantica pendiente,,"- `dav_documentosprevios` iniciales por modo de transporte. | `.data_base/asgard.sql` | Tablas `dav_solicitudesprevias`, `dav_casosprevios`, `dav_documentosprevios`, `dav_tramites`. | `dav_documentosprevios` | Documentos iniciales por modo de transporte. | Commit | `SolicitudClass::crearGestionAduanera` | Inserta `dav_casosprevios`, `dav_documentosprevios` y `dav_tramites`. | Persistencia | `.data_base/asgard.sql` | Tablas `dav_solicitudesprevias`, `dav_casosprevios`, `dav_documentosprevios`, `dav_tramites`.",EV-SQL_QUERY-94DDA53532CB96 index_archivos/documentacionaprobado.php:78 WRITES access to dav_documentosprevios,0,1,FLOW_SEMANTIC_INFERENCE_REVIEW_REQUIRED
bulk-request-excel-import-validation,dav_entidademisora,dav,REPORTING_READ_MODEL,"Catalogo o parametro que condiciona reglas, permisos o variantes del flujo.","activo, entidademisora",control de acceso/cliente; transicion o bloqueo por estado; regla documental/carga-descarga; calculo financiero/impositivo; persistencia/atomicidad/concurrencia; notificacion o acceso externo,variante cliente pendiente de confirmar; catalogo/semantica pendiente,,"`dav_entidademisora`, `dav_entidademisoratramite`, `dav_tipotramite` | Servicio adicional de la solicitud.",EV-SQL_QUERY-16504425CA5235 .data_base/asgard.sql:17779 READS access to dav_entidademisoratramite | EV-SQL_QUERY-F04ADE65DC95AE .data_base/asgard.sql:17779 READS access to dav_entidademisoratramitetipo | EV-SQL_QUERY-027E19396FBA04 .data_base/asgard.sql:17881 READS access to dav_entidademisora | EV-SQL_QUERY-932E794793CBF5 .data_base/asgard.sql:17881 READS access to dav_entidademisoratramite | EV-SQL_QUERY-769A49715DF903 .data_base/asgard.sql:17887 READS access to dav_entidademisoratramite | EV-SQL_QUERY-D573CCCBC2FD54 .data_base/asgard.sql:17887 READS access to dav_entidademisora | EV-SQL_QUERY-2F109E6A857EA9 .data_base/asgard.sql:17947 READS access to dav_entidademisora | EV-SQL_QUERY-804E58C162565F index_archivos/controllers/SolicitudClass.php:286 READS access to dav_entidademisoratramitetipo | EV-SQL_QUERY-7E97B1E7869D02 index_archivos/controllers/SolicitudClass.php:287 READS access to dav_entidademisoratramite | EV-SQL_QUERY-343BF670CF9609 index_archivos/controllers/SolicitudClass.php:288 READS access to dav_entidademisora | EV-SQL_QUERY-1FD4E8940212F3 index_archivos/logistica/CotizacionClass.php:1632 READS access to dav_entidademisora | EV-SQL_QUERY-DBDCA53A7C9650 index_archivos/tramites_json.php:13 READS access to dav_entidademisoratramite | EV-SQL_QUERY-415D7F5F7B600F index_archivos/tramites_json.php:31 READS access to dav_entidademisoratramitetipo,3,0,FLOW_SEMANTIC_INFERENCE_REVIEW_REQUIRED
bulk-request-excel-import-validation,dav_entidademisoratramite,dav,REPORTING_READ_MODEL,"Catalogo o parametro que condiciona reglas, permisos o variantes del flujo.",entidademisoratramite,control de acceso/cliente; transicion o bloqueo por estado; regla documental/carga-descarga; calculo financiero/impositivo; persistencia/atomicidad/concurrencia; notificacion o acceso externo,variante cliente pendiente de confirmar; catalogo/semantica pendiente,,"`dav_entidademisora`, `dav_entidademisoratramite`, `dav_tipotramite` | Servicio adicional de la solicitud.",EV-SQL_QUERY-16504425CA5235 .data_base/asgard.sql:17779 READS access to dav_entidademisoratramite | EV-SQL_QUERY-F04ADE65DC95AE .data_base/asgard.sql:17779 READS access to dav_entidademisoratramitetipo | EV-SQL_QUERY-932E794793CBF5 .data_base/asgard.sql:17881 READS access to dav_entidademisoratramite | EV-SQL_QUERY-769A49715DF903 .data_base/asgard.sql:17887 READS access to dav_entidademisoratramite | EV-SQL_QUERY-804E58C162565F index_archivos/controllers/SolicitudClass.php:286 READS access to dav_entidademisoratramitetipo | EV-SQL_QUERY-7E97B1E7869D02 index_archivos/controllers/SolicitudClass.php:287 READS access to dav_entidademisoratramite | EV-SQL_QUERY-DBDCA53A7C9650 index_archivos/tramites_json.php:13 READS access to dav_entidademisoratramite | EV-SQL_QUERY-415D7F5F7B600F index_archivos/tramites_json.php:31 READS access to dav_entidademisoratramitetipo,3,0,FLOW_SEMANTIC_INFERENCE_REVIEW_REQUIRED
bulk-request-excel-import-validation,dav_modotransporte,dav,REPORTING_READ_MODEL,"Catalogo o parametro que condiciona reglas, permisos o variantes del flujo.",modotransporte,control de acceso/cliente; transicion o bloqueo por estado; regla documental/carga-descarga; calculo financiero/impositivo; persistencia/atomicidad/concurrencia; notificacion o acceso externo,variante cliente pendiente de confirmar; catalogo/semantica pendiente,,"`dav_regimen`, `dav_tipodeclaracion`, `dav_aduana`, `dav_modotransporte` | Catalogos aduaneros de solicitud.",EV-SQL_QUERY-7D6B71CB14B6B2 .data_base/asgard.sql:32614 READS access to dav_modotransporte | EV-SQL_QUERY-9C74C8D4976864 .data_base/asgard.sql:34245 READS access to dav_modotransporte | EV-SQL_QUERY-B1F1D60634A1EA .data_base/asgard.sql:35376 READS access to dav_modotransporte | EV-SQL_QUERY-B638210C1A6FC0 .data_base/asgard.sql:36514 READS access to dav_modotransporte | EV-SQL_QUERY-B784FD9D831A2A index_archivos/controllers/SolicitudClass.php:222 READS access to dav_modotransporte | EV-SQL_QUERY-BAFD051EC7E1CF index_archivos/logistica/EmbarqueClass.php:696 READS access to dav_modotransporte | EV-SQL_QUERY-248D35567DC4C8 index_archivos/logistica/SolicitudesClass.php:66 READS access to dav_modotransporte | EV-SQL_QUERY-4E73F5B7966378 index_archivos/logistica/SolicitudesClass.php:599 READS access to dav_modotransporte | EV-SQL_QUERY-A3AE6FF97C1F2D index_archivos/logistica/SolicitudesClass.php:611 READS access to dav_modotransporte,4,0,FLOW_SEMANTIC_INFERENCE_REVIEW_REQUIRED
bulk-request-excel-import-validation,dav_proveedor,dav,REPORTING_READ_MODEL,Entidad de contexto usada por el flujo para consultar o relacionar informacion de negocio.,"ciudad, email, estado, proveedor",control de acceso/cliente; transicion o bloqueo por estado; regla documental/carga-descarga; calculo financiero/impositivo; persistencia/atomicidad/concurrencia; notificacion o acceso externo,variante cliente pendiente de confirmar; catalogo/semantica pendiente,,"`dav_proveedor`, `dav_clienteproveedor` | Validacion de proveedor por cliente.",EV-SQL_QUERY-7752D6486C2743 .data_base/asgard.sql:17749 READS access to dav_proveedor | EV-SQL_QUERY-6196826074EC89 .data_base/asgard.sql:17827 READS access to dav_proveedor | EV-SQL_QUERY-87BE4E2C502A71 .data_base/asgard.sql:17875 READS access to dav_proveedor | EV-SQL_QUERY-7BEE574136EFD2 .data_base/asgard.sql:17881 READS access to dav_proveedor | EV-SQL_QUERY-24563ED75395BC .data_base/asgard.sql:17887 READS access to dav_proveedor | EV-SQL_QUERY-A748337FD1E671 .data_base/asgard.sql:17893 READS access to dav_proveedor | EV-SQL_QUERY-227382C8E8BB72 .data_base/asgard.sql:17917 READS access to dav_proveedor | EV-SQL_QUERY-CD16AC87F6A19F .data_base/asgard.sql:17935 READS access to dav_proveedor | EV-SQL_QUERY-50D05EA1D03042 .data_base/asgard.sql:19857 READS access to dav_proveedor | EV-SQL_QUERY-5CA2EC88EA4C4A .data_base/asgard.sql:19895 READS access to dav_proveedor | EV-SQL_QUERY-8BB5B0DC78E0AA .data_base/asgard.sql:19939 READS access to dav_proveedor | EV-SQL_QUERY-83897E13163009 .data_base/asgard.sql:19975 READS access to dav_proveedor | EV-SQL_QUERY-9ACA372461219C .data_base/asgard.sql:20013 READS access to dav_proveedor | EV-SQL_QUERY-0671E5C7BC0053 .data_base/asgard.sql:20242 READS access to dav_proveedor | EV-SQL_QUERY-DB424449FFA4D6 .data_base/asgard.sql:20278 READS access to dav_proveedor | EV-SQL_QUERY-1A0C88B45FEE67 .data_base/asgard.sql:20321 READS access to dav_proveedor | EV-SQL_QUERY-2DBE1A014E35F5 .data_base/asgard.sql:20356 READS access to dav_proveedor | EV-SQL_QUERY-5A8A4B505A1B1E .data_base/asgard.sql:20391 READS access to dav_proveedor | EV-SQL_QUERY-1D47BBFF40A5C0 .data_base/asgard.sql:26737 READS access to dav_proveedorcoordinador | EV-SQL_QUERY-1841CA646BF1A4 .data_base/asgard.sql:27834 READS access to dav_proveedor,19,2,FLOW_SEMANTIC_INFERENCE_REVIEW_REQUIRED
bulk-request-excel-import-validation,dav_regimen,dav,REPORTING_READ_MODEL,"Catalogo o parametro que condiciona reglas, permisos o variantes del flujo.","regimen, tipo",control de acceso/cliente; transicion o bloqueo por estado; regla documental/carga-descarga; calculo financiero/impositivo; persistencia/atomicidad/concurrencia; notificacion o acceso externo,variante cliente pendiente de confirmar; catalogo/semantica pendiente,,"`dav_regimen`, `dav_tipodeclaracion`, `dav_aduana`, `dav_modotransporte` | Catalogos aduaneros de solicitud.",EV-SQL_QUERY-931F5130853DBC .data_base/asgard.sql:17695 READS access to dav_regimen | EV-SQL_QUERY-B27822BB5D4CC4 .data_base/asgard.sql:17749 READS access to dav_regimen | EV-SQL_QUERY-4DEF5B546EAD0F .data_base/asgard.sql:17821 READS access to dav_regimen | EV-SQL_QUERY-2C54F8AF041F17 .data_base/asgard.sql:17857 READS access to dav_regimen | EV-SQL_QUERY-AAE058CD48889C .data_base/asgard.sql:17917 READS access to dav_regimen | EV-SQL_QUERY-4CDA034C5B641A .data_base/asgard.sql:17935 READS access to dav_regimen | EV-SQL_QUERY-B9E5964A22AF25 .data_base/asgard.sql:17971 READS access to dav_regimen | EV-SQL_QUERY-D456E08E80D528 .data_base/asgard.sql:17977 READS access to dav_regimen | EV-SQL_QUERY-689AD7E3FA3121 .data_base/asgard.sql:26730 READS access to dav_regimen | EV-SQL_QUERY-C4D03674A525B9 .data_base/asgard.sql:26829 READS access to dav_regimen | EV-SQL_QUERY-40C69BCCF88A8E .data_base/asgard.sql:26884 READS access to dav_regimen | EV-SQL_QUERY-82555EBD1BA98A .data_base/asgard.sql:26942 READS access to dav_regimen | EV-SQL_QUERY-46BC02071F7ECD .data_base/asgard.sql:26996 READS access to dav_regimen | EV-SQL_QUERY-703A9118800914 .data_base/asgard.sql:27047 READS access to dav_regimen | EV-SQL_QUERY-AC197DDF6D292B .data_base/asgard.sql:27100 READS access to dav_regimen | EV-SQL_QUERY-5EF6B16F9EBF26 .data_base/asgard.sql:27154 READS access to dav_regimen | EV-SQL_QUERY-3485AF9070EB24 .data_base/asgard.sql:27208 READS access to dav_regimen | EV-SQL_QUERY-1B82D4B074300A .data_base/asgard.sql:27257 READS access to dav_regimen | EV-SQL_QUERY-42D61F73054ECD .data_base/asgard.sql:27466 READS access to dav_regimen | EV-SQL_QUERY-75C981C1FFEE13 .data_base/asgard.sql:27588 READS access to dav_regimen,8,0,FLOW_SEMANTIC_INFERENCE_REVIEW_REQUIRED
bulk-request-excel-import-validation,dav_solicitudesprevias,dav,REPORTING_READ_MODEL,"Entidad documental o soporte usado para validar, adjuntar, generar o descargar evidencias.",mensajeerror,control de acceso/cliente; transicion o bloqueo por estado; regla documental/carga-descarga; calculo financiero/impositivo; persistencia/atomicidad/concurrencia; notificacion o acceso externo,variante cliente pendiente de confirmar; catalogo/semantica pendiente,,"- Staging por usuario/cliente en `dav_solicitudesprevias`. | - Filas staged en `dav_solicitudesprevias`. | `.data_base/asgard.sql` | Tablas `dav_solicitudesprevias`, `dav_casosprevios`, `dav_documentosprevios`, `dav_tramites`. | ASGARD inserta las filas en `dav_solicitudesprevias` para cliente/usuario. | `dav_solicitudesprevias` | Staging y validacion por fila. | Staged | Filas insertadas en `dav_solicitudesprevias`.",EV-SQL_QUERY-3A91F8A57C8A97 index_archivos/controllers/SolicitudClass.php:93 READS access to dav_solicitudesprevias | EV-SQL_QUERY-41CB6FD69B60F2 index_archivos/controllers/SolicitudClass.php:465 READS access to dav_solicitudesprevias,1,0,FLOW_SEMANTIC_INFERENCE_REVIEW_REQUIRED
bulk-request-excel-import-validation,dav_tipodeclaracion,dav,REFERENCE_OR_STATE_CATALOG,"Catalogo o parametro que condiciona reglas, permisos o variantes del flujo.",tipodeclaracion,control de acceso/cliente; transicion o bloqueo por estado; regla documental/carga-descarga; calculo financiero/impositivo; persistencia/atomicidad/concurrencia; notificacion o acceso externo,variante cliente pendiente de confirmar; catalogo/semantica pendiente,,"`dav_regimen`, `dav_tipodeclaracion`, `dav_aduana`, `dav_modotransporte` | Catalogos aduaneros de solicitud.",EV-SQL_QUERY-7416B82285E1AD .data_base/asgard.sql:29222 READS access to dav_tipodeclaracion | EV-SQL_QUERY-C8447045D0D216 .data_base/asgard.sql:32640 READS access to dav_tipodeclaracion | EV-SQL_QUERY-0E5DF21E6B9CFF .data_base/asgard.sql:33078 READS access to dav_tipodeclaracion | EV-SQL_QUERY-14CB51CE363345 .data_base/asgard.sql:34271 READS access to dav_tipodeclaracion | EV-SQL_QUERY-4D1DFBCDF3EC53 .data_base/asgard.sql:35402 READS access to dav_tipodeclaracion | EV-SQL_QUERY-1C43B1A5D9CAB0 .data_base/asgard.sql:36540 READS access to dav_tipodeclaracion | EV-SQL_QUERY-5A224106C0F15B index_archivos/controllers/GlobalClass.php:305 READS access to dav_tipodeclaracion | EV-SQL_QUERY-1C5DC1B4873865 index_archivos/controllers/SolicitudClass.php:206 READS access to dav_tipodeclaracion | EV-SQL_QUERY-AA7DB34A89B9E1 index_archivos/logistica/SolicitudesClass.php:575 READS access to dav_tipodeclaracion | EV-SQL_QUERY-7750D22CC9FDC3 index_archivos/logistica/SolicitudesClass.php:1433 READS access to dav_tipodeclaracion | EV-SQL_QUERY-AB0119B9428F4F index_archivos/operativos/exportaciones/ajax/PagoTributosTransitorioImcruz.php:205 READS access to dav_tipodeclaracion | EV-SQL_QUERY-FB23300B610AD2 index_archivos/operativos/exportaciones/ajax/PagoTributosTransitorioImcruz.php:591 READS access to dav_tipodeclaracion,5,0,FLOW_SEMANTIC_INFERENCE_REVIEW_REQUIRED
bulk-request-excel-import-validation,dav_tipotramite,dav,REFERENCE_OR_STATE_CATALOG,"Catalogo o parametro que condiciona reglas, permisos o variantes del flujo.",tipotramite,control de acceso/cliente; transicion o bloqueo por estado; regla documental/carga-descarga; calculo financiero/impositivo; persistencia/atomicidad/concurrencia; notificacion o acceso externo,variante cliente pendiente de confirmar; catalogo/semantica pendiente,,"`dav_entidademisora`, `dav_entidademisoratramite`, `dav_tipotramite` | Servicio adicional de la solicitud.",EV-SQL_QUERY-5EC4C522C14DFB .data_base/asgard.sql:17779 READS access to dav_tipotramite | EV-SQL_QUERY-E348A579881F3B .data_base/asgard.sql:17881 READS access to dav_tipotramite | EV-SQL_QUERY-DD31A080BEA550 .data_base/asgard.sql:17887 READS access to dav_tipotramite | EV-SQL_QUERY-A6A0665DF60C01 .data_base/asgard.sql:17947 READS access to dav_tipotramite | EV-SQL_QUERY-60D3AECF2BCCF0 .data_base/asgard.sql:29732 READS access to dav_tipotramite | EV-SQL_QUERY-C622EEF9ED3E38 .data_base/asgard.sql:29924 READS access to dav_tipotramite | EV-SQL_QUERY-E2D485FFFFC420 index_archivos/controllers/SolicitudClass.php:289 READS access to dav_tipotramite | EV-SQL_QUERY-4F50386346AB56 index_archivos/tramites_json.php:33 READS access to dav_tipotramite,3,0,FLOW_SEMANTIC_INFERENCE_REVIEW_REQUIRED
bulk-request-excel-import-validation,dav_tramites,dav,REPORTING_READ_MODEL,"Entidad documental o soporte usado para validar, adjuntar, generar o descargar evidencias.",marca,control de acceso/cliente; transicion o bloqueo por estado; regla documental/carga-descarga; calculo financiero/impositivo; persistencia/atomicidad/concurrencia; notificacion o acceso externo,variante cliente pendiente de confirmar; catalogo/semantica pendiente,,"- `dav_tramites` inicial si existe servicio adicional valido. | `.data_base/asgard.sql` | Tablas `dav_solicitudesprevias`, `dav_casosprevios`, `dav_documentosprevios`, `dav_tramites`. | `dav_tramites` | Tramite/servicio adicional inicial. | Commit | `SolicitudClass::crearGestionAduanera` | Inserta `dav_casosprevios`, `dav_documentosprevios` y `dav_tramites`. | Persistencia | `.data_base/asgard.sql` | Tablas `dav_solicitudesprevias`, `dav_casosprevios`, `dav_documentosprevios`, `dav_tramites`.",EV-SQL_QUERY-40238C6A650CC3 .data_base/asgard.sql:17881 READS access to dav_tramites | EV-SQL_QUERY-2A41FD32302BBF .data_base/asgard.sql:17887 READS access to dav_tramites | EV-SQL_QUERY-DDB4758722A025 .data_base/asgard.sql:17947 READS access to dav_tramites | EV-SQL_QUERY-2CE3F8259E39D1 .data_base/asgard.sql:29731 READS access to dav_tramites | EV-SQL_QUERY-1B1DBABC4533B4 .data_base/asgard.sql:29857 READS access to dav_tramites | EV-SQL_QUERY-2130659483C90E .data_base/asgard.sql:29923 READS access to dav_tramites | EV-SQL_QUERY-D0A005B3C04BA6 .data_base/asgard.sql:30005 READS access to dav_tramites | EV-SQL_QUERY-1F7491A3C29E0B .data_base/asgard.sql:44802 READS access to dav_tramites | EV-SQL_QUERY-0322EF953441C2 .data_base/asgard.sql:45191 READS access to dav_tramites | EV-SQL_QUERY-F2DF330432DB36 .data_base/asgard.sql:46653 READS access to dav_tramites,1,0,FLOW_SEMANTIC_INFERENCE_REVIEW_REQUIRED
bulk-request-excel-import-validation,dav_transportista,dav,REPORTING_READ_MODEL,Entidad de contexto usada por el flujo para consultar o relacionar informacion de negocio.,"idtransportista, transportista, usuario",control de acceso/cliente; transicion o bloqueo por estado; regla documental/carga-descarga; calculo financiero/impositivo; persistencia/atomicidad/concurrencia; notificacion o acceso externo,variante cliente pendiente de confirmar; catalogo/semantica pendiente,,"`dav_transportista`, `dav_clientetransportista` | Validacion de operador/transporte por cliente.",EV-SQL_QUERY-E63EC08C430EFA .data_base/asgard.sql:17851 READS access to dav_transportista | EV-SQL_QUERY-6098B3D9EC5974 .data_base/asgard.sql:17899 READS access to dav_transportista | EV-SQL_QUERY-23758555B30EC1 .data_base/asgard.sql:17911 READS access to dav_transportista | EV-SQL_QUERY-582BEF55BEFD52 .data_base/asgard.sql:32620 READS access to dav_transportista | EV-SQL_QUERY-45585DC42D6D8E .data_base/asgard.sql:33103 READS access to dav_transportista | EV-SQL_QUERY-BBCA72D9665C40 .data_base/asgard.sql:34251 READS access to dav_transportista | EV-SQL_QUERY-19C00C6794F950 .data_base/asgard.sql:35382 READS access to dav_transportista | EV-SQL_QUERY-F90F47FE379F94 .data_base/asgard.sql:36520 READS access to dav_transportista | EV-SQL_QUERY-601CFF04A8B2F9 .data_base/asgard.sql:46027 READS access to dav_transportista | EV-SQL_QUERY-49E819FA699CB4 index_archivos/controllers/SolicitudClass.php:169 READS access to dav_transportista | EV-SQL_QUERY-7902ED7F6605E7 index_archivos/logistica/CostosClass.php:189 READS access to dav_transportista | EV-SQL_QUERY-A5BE7EE986FC02 index_archivos/logistica/CotizacionClass.php:931 READS access to dav_transportista | EV-SQL_QUERY-ACEEB7962DA498 index_archivos/logistica/CotizacionClass.php:1540 READS access to dav_transportista | EV-SQL_QUERY-4CB613E198321D index_archivos/logistica/EmbarqueClass.php:1033 READS access to dav_transportista | EV-SQL_QUERY-0532B25486BBB5 index_archivos/logistica/SolicitudesClass.php:504 READS access to dav_transportista | EV-SQL_QUERY-276ADA5A9B397B index_archivos/parametros/operadortransporte/OperadorTransporte.php:36 READS access to dav_transportista | EV-SQL_QUERY-25CCA4BDB71AA3 index_archivos/parametros/operadortransporte/OperadorTransporte.php:62 READS access to dav_transportista | EV-SQL_QUERY-CB9773D12D9FB0 index_archivos/parametros/operadortransporte/OperadorTransporte.php:93 READS access to dav_transportista | EV-SQL_QUERY-05DBE3FD11A2D0 index_archivos/servicioNotificaciones/ServicioNotificacionesClass.php:545 READS access to dav_transportista | EV-SQL_QUERY-F032E5F232F57E index_archivos/tracking/OperadorTransporteClass.php:56 READS access to dav_transportista,10,1,FLOW_SEMANTIC_INFERENCE_REVIEW_REQUIRED
bulk-request-excel-import-validation,dav_usuario,dav,REPORTING_READ_MODEL,Entidad de contexto usada por el flujo para consultar o relacionar informacion de negocio.,"UID, activo, email",control de acceso/cliente; transicion o bloqueo por estado; regla documental/carga-descarga; calculo financiero/impositivo; persistencia/atomicidad/concurrencia; notificacion o acceso externo,variante cliente pendiente de confirmar; catalogo/semantica pendiente,,`dav_usuario` | Coordinador activo por ciudad.,EV-SQL_QUERY-E5084964BFD177 .data_base/asgard.sql:17695 READS access to dav_usuario | EV-SQL_QUERY-DC406B96EB9044 .data_base/asgard.sql:17701 READS access to dav_usuario | EV-SQL_QUERY-F2544EE12492B4 .data_base/asgard.sql:17755 READS access to dav_usuario | EV-SQL_QUERY-CF29D661D24AFC .data_base/asgard.sql:17761 READS access to dav_usuario | EV-SQL_QUERY-AADBBA32919CE2 .data_base/asgard.sql:17767 READS access to dav_usuario | EV-SQL_QUERY-14E9ADC6EDD0BF .data_base/asgard.sql:17821 READS access to dav_usuario | EV-SQL_QUERY-7B99CCC59398E3 .data_base/asgard.sql:17827 READS access to dav_usuario | EV-SQL_QUERY-089731AF1F9E21 .data_base/asgard.sql:17857 READS access to dav_usuario | EV-SQL_QUERY-32B98603A0440A .data_base/asgard.sql:17881 READS access to dav_usuario | EV-SQL_QUERY-31883517A72B7F .data_base/asgard.sql:17887 READS access to dav_usuario | EV-SQL_QUERY-B9B4FC0639980C .data_base/asgard.sql:17929 READS access to dav_usuario | EV-SQL_QUERY-B8C26E2F35C780 .data_base/asgard.sql:17941 READS access to dav_usuario | EV-SQL_QUERY-0314CB52F85BC0 .data_base/asgard.sql:17947 READS access to dav_usuario | EV-SQL_QUERY-C27CBB3D37147E .data_base/asgard.sql:17971 READS access to dav_usuario | EV-SQL_QUERY-D98CB7E458D4DC .data_base/asgard.sql:17977 READS access to dav_usuario | EV-SQL_QUERY-6BB61AC9EB7BB2 .data_base/asgard.sql:26722 READS access to dav_usuario | EV-SQL_QUERY-82E028F79AB490 .data_base/asgard.sql:26723 READS access to dav_usuario | EV-SQL_QUERY-986CBB3463F991 .data_base/asgard.sql:26728 READS access to dav_usuario | EV-SQL_QUERY-4B75B01E3E7C69 .data_base/asgard.sql:26729 READS access to dav_usuario | EV-SQL_QUERY-AEB13015E7BFC9 .data_base/asgard.sql:26831 READS access to dav_usuario,17,0,FLOW_SEMANTIC_INFERENCE_REVIEW_REQUIRED
bulk-shipment-quotation-import,dav_clientelineas,dav,READ_OR_CONTEXT,Entidad de contexto usada por el flujo para consultar o relacionar informacion de negocio.,linea,control de acceso/cliente; transicion o bloqueo por estado; regla documental/carga-descarga; calculo financiero/impositivo; persistencia/atomicidad/concurrencia; notificacion o acceso externo,SQL construido dinamicamente; atomicidad/concurrencia pendiente; variante cliente pendiente de confirmar; catalogo/semantica pendiente,,- La linea debe resolverse contra `dav_clientelineas` del cliente. | BR-BSQI-003 | La linea se resuelve comparando los primeros tres caracteres del nombre con `dav_clientelineas.linea` y cliente. | `dav_clientelineas` | Resolucion de linea por cliente.,EV-SQL_QUERY-E3D4FE27B5CBDA .data_base/asgard.sql:17749 READS access to dav_clientelineas | EV-SQL_QUERY-0F5D4116651E55 .data_base/asgard.sql:17875 READS access to dav_clientelineas | EV-SQL_QUERY-B045B0651F2DE8 .data_base/asgard.sql:17893 READS access to dav_clientelineas | EV-SQL_QUERY-5F921E05D76903 .data_base/asgard.sql:17917 READS access to dav_clientelineas | EV-SQL_QUERY-2709C038370300 .data_base/asgard.sql:17935 READS access to dav_clientelineas | EV-SQL_QUERY-F8D216408FA440 .data_base/asgard.sql:26725 READS access to dav_clientelineas | EV-SQL_QUERY-9B0DA81524590D .data_base/asgard.sql:26830 READS access to dav_clientelineas | EV-SQL_QUERY-AFDBE5678D8167 .data_base/asgard.sql:26885 READS access to dav_clientelineas | EV-SQL_QUERY-783ECCD2679CC5 .data_base/asgard.sql:26943 READS access to dav_clientelineas | EV-SQL_QUERY-765376C88AF39F .data_base/asgard.sql:26997 READS access to dav_clientelineas | EV-SQL_QUERY-0CCD383F9F4F65 .data_base/asgard.sql:27048 READS access to dav_clientelineas | EV-SQL_QUERY-4D8BA6F7D8E2DD .data_base/asgard.sql:27101 READS access to dav_clientelineas | EV-SQL_QUERY-36332B4058998D .data_base/asgard.sql:27155 READS access to dav_clientelineas | EV-SQL_QUERY-ECF6FE912686B3 .data_base/asgard.sql:27209 READS access to dav_clientelineas | EV-SQL_QUERY-280B500FD99921 .data_base/asgard.sql:27258 READS access to dav_clientelineas | EV-SQL_QUERY-3E8953FCEFB9F8 .data_base/asgard.sql:27467 READS access to dav_clientelineas | EV-SQL_QUERY-3B17B4867024AA .data_base/asgard.sql:27833 READS access to dav_clientelineas | EV-SQL_QUERY-7E938804E18B0D .data_base/asgard.sql:27982 READS access to dav_clientelineas | EV-SQL_QUERY-BB1BF5AC33DD3C .data_base/asgard.sql:29786 READS access to dav_clientelineas | EV-SQL_QUERY-B2E6B90D7FA716 .data_base/asgard.sql:29840 READS access to dav_clientelineas,11,0,FLOW_SEMANTIC_INFERENCE_REVIEW_REQUIRED
bulk-shipment-quotation-import,dav_proveedor,dav,READ_OR_CONTEXT,Entidad de contexto usada por el flujo para consultar o relacionar informacion de negocio.,"email, estado, idproveedor, proveedor",control de acceso/cliente; transicion o bloqueo por estado; regla documental/carga-descarga; calculo financiero/impositivo; persistencia/atomicidad/concurrencia; notificacion o acceso externo,SQL construido dinamicamente; atomicidad/concurrencia pendiente; variante cliente pendiente de confirmar; catalogo/semantica pendiente,,- El proveedor debe resolverse contra `dav_proveedor`. | BR-BSQI-004 | El proveedor se resuelve por igualdad exacta de nombre en `dav_proveedor`. | `dav_proveedor` | Resolucion de proveedor.,EV-SQL_QUERY-7752D6486C2743 .data_base/asgard.sql:17749 READS access to dav_proveedor | EV-SQL_QUERY-6196826074EC89 .data_base/asgard.sql:17827 READS access to dav_proveedor | EV-SQL_QUERY-87BE4E2C502A71 .data_base/asgard.sql:17875 READS access to dav_proveedor | EV-SQL_QUERY-7BEE574136EFD2 .data_base/asgard.sql:17881 READS access to dav_proveedor | EV-SQL_QUERY-24563ED75395BC .data_base/asgard.sql:17887 READS access to dav_proveedor | EV-SQL_QUERY-A748337FD1E671 .data_base/asgard.sql:17893 READS access to dav_proveedor | EV-SQL_QUERY-227382C8E8BB72 .data_base/asgard.sql:17917 READS access to dav_proveedor | EV-SQL_QUERY-CD16AC87F6A19F .data_base/asgard.sql:17935 READS access to dav_proveedor | EV-SQL_QUERY-50D05EA1D03042 .data_base/asgard.sql:19857 READS access to dav_proveedor | EV-SQL_QUERY-5CA2EC88EA4C4A .data_base/asgard.sql:19895 READS access to dav_proveedor | EV-SQL_QUERY-8BB5B0DC78E0AA .data_base/asgard.sql:19939 READS access to dav_proveedor | EV-SQL_QUERY-83897E13163009 .data_base/asgard.sql:19975 READS access to dav_proveedor | EV-SQL_QUERY-9ACA372461219C .data_base/asgard.sql:20013 READS access to dav_proveedor | EV-SQL_QUERY-0671E5C7BC0053 .data_base/asgard.sql:20242 READS access to dav_proveedor | EV-SQL_QUERY-DB424449FFA4D6 .data_base/asgard.sql:20278 READS access to dav_proveedor | EV-SQL_QUERY-1A0C88B45FEE67 .data_base/asgard.sql:20321 READS access to dav_proveedor | EV-SQL_QUERY-2DBE1A014E35F5 .data_base/asgard.sql:20356 READS access to dav_proveedor | EV-SQL_QUERY-5A8A4B505A1B1E .data_base/asgard.sql:20391 READS access to dav_proveedor | EV-SQL_QUERY-1D47BBFF40A5C0 .data_base/asgard.sql:26737 READS access to dav_proveedorcoordinador | EV-SQL_QUERY-1841CA646BF1A4 .data_base/asgard.sql:27834 READS access to dav_proveedor,19,2,FLOW_SEMANTIC_INFERENCE_REVIEW_REQUIRED
bulk-shipment-quotation-import,dav_unidad,dav,READ_OR_CONTEXT,"Catalogo o parametro que condiciona reglas, permisos o variantes del flujo.","codigo, unidad",control de acceso/cliente; transicion o bloqueo por estado; regla documental/carga-descarga; calculo financiero/impositivo; persistencia/atomicidad/concurrencia; notificacion o acceso externo,SQL construido dinamicamente; atomicidad/concurrencia pendiente; variante cliente pendiente de confirmar; catalogo/semantica pendiente,,- El tipo de bulto debe resolverse contra `dav_unidad.codigo`. | BR-BSQI-005 | El tipo de bulto se resuelve por igualdad exacta de `dav_unidad.codigo`. | `dav_unidad` | Resolucion de tipo bulto. | Resolucion bulto | `CargaMasiva::obtenerIdTipoBulto` | Busca `dav_unidad.codigo`.,EV-SQL_QUERY-902658F9C1B924 .data_base/asgard.sql:26314 READS access to dav_unidad | EV-SQL_QUERY-32745C4534A631 .data_base/asgard.sql:27636 READS access to dav_unidad | EV-SQL_QUERY-0A1AC1CF5AC635 .data_base/asgard.sql:32622 READS access to dav_unidad | EV-SQL_QUERY-1A305131208A12 .data_base/asgard.sql:34253 READS access to dav_unidad | EV-SQL_QUERY-7CFF5BB1C9CA2A .data_base/asgard.sql:35384 READS access to dav_unidad | EV-SQL_QUERY-5CA680AB7CEFE3 .data_base/asgard.sql:36522 READS access to dav_unidad | EV-SQL_QUERY-0046C4F144556B index_archivos/logistica/CotizacionClass.php:346 READS access to dav_unidad | EV-SQL_QUERY-2A922A050C0BA7 index_archivos/logistica/DemisClass.php:204 READS access to dav_unidadfactura | EV-SQL_QUERY-1A817F6CFE1EAB index_archivos/logistica/ViajesClass.php:138 READS access to dav_unidad | EV-SQL_QUERY-919ED9BA20E926 index_archivos/logistica/controllers/CargaMasiva.php:108 READS access to dav_unidad | EV-SQL_QUERY-603C8B949BE7D7 index_archivos/tracking/OperadorTransporteClass.php:230 READS access to dav_unidad,5,0,FLOW_SEMANTIC_INFERENCE_REVIEW_REQUIRED
bulk-shipment-quotation-import,logis_embarques,logis,READ_OR_CONTEXT,Entidad de contexto usada por el flujo para consultar o relacionar informacion de negocio.,"ordencompra, ordencompraini",control de acceso/cliente; transicion o bloqueo por estado; regla documental/carga-descarga; calculo financiero/impositivo; persistencia/atomicidad/concurrencia; notificacion o acceso externo,SQL construido dinamicamente; atomicidad/concurrencia pendiente; variante cliente pendiente de confirmar; catalogo/semantica pendiente,,"`.data_base/asgard.sql` | Tablas `logis_embarques`, `logis_embarquesmagnitudes`, `logis_embarquesdatos`, `logis_embarquesoperador`, `logis_embarquesrutas`. | `logis_embarques` | Cabecera de embarque/cotizacion. | `logis_embarquesmagnitudes` | Cantidades, pesos, volumen y contenedores. | `logis_embarquesdatos`, `logis_embarquesrutas` | Tramos/rutas del embarque. | `logis_embarquesoperador` | Operador logistico asociado. | Persistencia destino | `.data_base/asgard.sql` | Tablas `logis_embarques*`.",EV-SQL_QUERY-271B8BADD753C8 .data_base/asgard.sql:17875 READS access to logis_embarques | EV-SQL_QUERY-D92F1F70034698 .data_base/asgard.sql:17893 READS access to logis_embarquesrutas | EV-SQL_QUERY-E8DE6726227583 .data_base/asgard.sql:17893 READS access to logis_embarques | EV-SQL_QUERY-B25606C135A1C8 .data_base/asgard.sql:17923 READS access to logis_embarques | EV-SQL_QUERY-CBB063520AFA05 .data_base/asgard.sql:17959 READS access to logis_embarques | EV-SQL_QUERY-A35253FEB1CECF .data_base/asgard.sql:17965 READS access to logis_embarques | EV-SQL_QUERY-80B5E9CE461C31 .data_base/asgard.sql:27606 READS access to logis_embarques | EV-SQL_QUERY-4978218240EA46 .data_base/asgard.sql:27633 READS access to logis_embarquesmagnitudes | EV-SQL_QUERY-60AC62FAA187C1 .data_base/asgard.sql:27635 READS access to logis_embarques | EV-SQL_QUERY-9DEFE51A0B28A9 .data_base/asgard.sql:27654 READS access to logis_embarques | EV-SQL_QUERY-A49876BFD6250D .data_base/asgard.sql:27706 READS access to logis_embarquescontenedor | EV-SQL_QUERY-2DE4F47B10C829 .data_base/asgard.sql:27708 READS access to logis_embarquesmagnitudes | EV-SQL_QUERY-C3079BF6B949F1 .data_base/asgard.sql:27709 READS access to logis_embarques | EV-SQL_QUERY-B1EEEAC9F071AC .data_base/asgard.sql:27828 READS access to logis_embarques | EV-SQL_QUERY-6AE15DB22CB672 .data_base/asgard.sql:27842 READS access to logis_embarquesoperador | EV-SQL_QUERY-32CA859D40E137 .data_base/asgard.sql:27881 READS access to logis_embarques | EV-SQL_QUERY-2442CE0D04F1C1 .data_base/asgard.sql:27909 READS access to logis_embarques | EV-SQL_QUERY-97E34133F86A8C .data_base/asgard.sql:27936 READS access to logis_embarques | EV-SQL_QUERY-D27A2F192A53E5 .data_base/asgard.sql:27980 READS access to logis_embarques | EV-SQL_QUERY-D1662921139B74 .data_base/asgard.sql:29207 READS access to logis_embarques,25,3,FLOW_SEMANTIC_INFERENCE_REVIEW_REQUIRED
bulk-shipment-quotation-import,logis_embarquesdatos,logis,READ_OR_CONTEXT,Entidad de contexto usada por el flujo para consultar o relacionar informacion de negocio.,idembarque,control de acceso/cliente; transicion o bloqueo por estado; regla documental/carga-descarga; calculo financiero/impositivo; persistencia/atomicidad/concurrencia; notificacion o acceso externo,SQL construido dinamicamente; atomicidad/concurrencia pendiente; variante cliente pendiente de confirmar; catalogo/semantica pendiente,,"`.data_base/asgard.sql` | Tablas `logis_embarques`, `logis_embarquesmagnitudes`, `logis_embarquesdatos`, `logis_embarquesoperador`, `logis_embarquesrutas`. | `logis_embarquesdatos`, `logis_embarquesrutas` | Tramos/rutas del embarque.",EV-SQL_QUERY-E6DDB48AF00ECC index_archivos/logistica/CostosClass.php:188 READS access to logis_embarquesdatos | EV-SQL_QUERY-B44D475F724910 index_archivos/logistica/CotizacionClass.php:719 READS access to logis_embarquesdatos | EV-SQL_QUERY-5D5E8991D0C5B2 index_archivos/logistica/CotizacionClass.php:1539 READS access to logis_embarquesdatos | EV-SQL_QUERY-CA18958CA49365 index_archivos/logistica/EmbarqueClass.php:1032 READS access to logis_embarquesdatos | EV-SQL_QUERY-E47E3FAED422E1 index_archivos/servicioNotificaciones/ServicioNotificacionesClass.php:544 READS access to logis_embarquesdatos,4,0,FLOW_SEMANTIC_INFERENCE_REVIEW_REQUIRED
bulk-shipment-quotation-import,logis_embarquesmagnitudes,logis,READ_OR_CONTEXT,Entidad de contexto usada por el flujo para consultar o relacionar informacion de negocio.,idembarque,control de acceso/cliente; transicion o bloqueo por estado; regla documental/carga-descarga; calculo financiero/impositivo; persistencia/atomicidad/concurrencia; notificacion o acceso externo,SQL construido dinamicamente; atomicidad/concurrencia pendiente; variante cliente pendiente de confirmar; catalogo/semantica pendiente,,"`.data_base/asgard.sql` | Tablas `logis_embarques`, `logis_embarquesmagnitudes`, `logis_embarquesdatos`, `logis_embarquesoperador`, `logis_embarquesrutas`. | `logis_embarquesmagnitudes` | Cantidades, pesos, volumen y contenedores.",EV-SQL_QUERY-4978218240EA46 .data_base/asgard.sql:27633 READS access to logis_embarquesmagnitudes | EV-SQL_QUERY-2DE4F47B10C829 .data_base/asgard.sql:27708 READS access to logis_embarquesmagnitudes | EV-SQL_QUERY-393B11D7DCBD30 .data_base/asgard.sql:31542 READS access to logis_embarquesmagnitudes | EV-SQL_QUERY-5C95602BD71FC8 .data_base/asgard.sql:32212 READS access to logis_embarquesmagnitudes | EV-SQL_QUERY-742A7F8D6E2EE7 .data_base/asgard.sql:33268 READS access to logis_embarquesmagnitudes | EV-SQL_QUERY-D3EDA55909A09E .data_base/asgard.sql:33938 READS access to logis_embarquesmagnitudes | EV-SQL_QUERY-F5A7428F3BA7ED .data_base/asgard.sql:34446 READS access to logis_embarquesmagnitudes | EV-SQL_QUERY-C452B1CAC60599 .data_base/asgard.sql:35140 READS access to logis_embarquesmagnitudes | EV-SQL_QUERY-DDC425684A9309 .data_base/asgard.sql:35577 READS access to logis_embarquesmagnitudes | EV-SQL_QUERY-66FB358CC22BBC .data_base/asgard.sql:36271 READS access to logis_embarquesmagnitudes | EV-SQL_QUERY-8B71E3D2DA320C index_archivos/logistica/CotizacionClass.php:509 WRITES access to logis_embarquesmagnitudes | EV-SQL_QUERY-CE5907FBE14D8C index_archivos/logistica/CotizacionClass.php:550 WRITES access to logis_embarquesmagnitudes | EV-SQL_QUERY-5F8BF701B70CB9 index_archivos/logistica/CotizacionClass.php:1322 WRITES access to logis_embarquesmagnitudes | EV-SQL_QUERY-8EE59039C90BC6 index_archivos/logistica/EmbarqueClass.php:1275 READS access to logis_embarquesmagnitudes,2,1,FLOW_SEMANTIC_INFERENCE_REVIEW_REQUIRED
bulk-shipment-quotation-import,logis_embarquesoperador,logis,READ_OR_CONTEXT,Entidad de contexto usada por el flujo para consultar o relacionar informacion de negocio.,"idembarque, idoperador",control de acceso/cliente; transicion o bloqueo por estado; regla documental/carga-descarga; calculo financiero/impositivo; persistencia/atomicidad/concurrencia; notificacion o acceso externo,SQL construido dinamicamente; atomicidad/concurrencia pendiente; variante cliente pendiente de confirmar; catalogo/semantica pendiente,,"`.data_base/asgard.sql` | Tablas `logis_embarques`, `logis_embarquesmagnitudes`, `logis_embarquesdatos`, `logis_embarquesoperador`, `logis_embarquesrutas`. | `logis_embarquesoperador` | Operador logistico asociado.","EV-SQL_QUERY-6AE15DB22CB672 .data_base/asgard.sql:27842 READS access to logis_embarquesoperador | EV-SQL_QUERY-29169453D20B61 .data_base/asgard.sql:30094 READS access to logis_embarquesoperador | EV-SQL_QUERY-15448775DCD88A .data_base/asgard.sql:30118 READS access to logis_embarquesoperador | EV-SQL_QUERY-DD5F45E5DDFB58 .data_base/asgard.sql:30388 READS access to logis_embarquesoperador | EV-SQL_QUERY-2B8D0BE6F22B71 .data_base/asgard.sql:30412 READS access to logis_embarquesoperador | EV-SQL_QUERY-D5D3C0BCE5C8C4 .data_base/asgard.sql:32618 READS access to logis_embarquesoperador | EV-SQL_QUERY-11EB58BDCC65F6 .data_base/asgard.sql:34249 READS access to logis_embarquesoperador | EV-SQL_QUERY-75FD1417CAAB9A .data_base/asgard.sql:35380 READS access to logis_embarquesoperador | EV-SQL_QUERY-04FECB16E4D811 .data_base/asgard.sql:36518 READS access to logis_embarquesoperador | EV-SQL_QUERY-D616EEA4BCD12A .data_base/asgard.sql:44792 READS access to logis_embarquesoperador | EV-SQL_QUERY-6D9DF0CFA2D6B7 .data_base/asgard.sql:45181 READS access to logis_embarquesoperador | EV-SQL_QUERY-0B65AAAF6631B4 index_archivos/logistica/CostosClass.php:20 READS access to logis_embarquesoperador | EV-SQL_QUERY-7B6CBD30BE0CE8 index_archivos/logistica/CostosClass.php:32 READS access to logis_embarquesoperador | EV-SQL_QUERY-56B51123ECC260 index_archivos/logistica/CostosClass.php:199 READS access to logis_embarquesoperador | EV-SECRET_CANDIDATE-67570D3111D8A2 index_archivos/logistica/CostosClass.php:480 $queryupd = (""UPDATE logis_embarquesoperador SET token=[REDACTED],llenadocot=1,llenadocotfecha=CURRENT_TIMESTAMP() WHERE id='"".$idembarque.""';"");//quitar el acceso al token | EV-SQL_QUERY-F6A2C52CA51CB0 index_archivos/logistica/CotizacionClass.php:41 READS access to logis_embarquesoperador | EV-SQL_QUERY-AE9D9DEC769293 index_archivos/logistica/CotizacionClass.php:86 READS access to logis_embarquesoperador | EV-SQL_QUERY-AD8C8A860129F2 index_archivos/logistica/CotizacionClass.php:125 READS access to logis_embarquesoperador | EV-SQL_QUERY-BD8F335D362D15 index_archivos/logistica/CotizacionClass.php:605 READS access to logis_embarquesoperador | EV-SQL_QUERY-37C1C163EEE390 index_archivos/logistica/CotizacionClass.php:778 READS access to logis_embarquesoperador",5,1,FLOW_SEMANTIC_INFERENCE_REVIEW_REQUIRED
bulk-shipment-quotation-import,logis_embarquesrutas,logis,READ_OR_CONTEXT,Entidad de contexto usada por el flujo para consultar o relacionar informacion de negocio.,idembarque,control de acceso/cliente; transicion o bloqueo por estado; regla documental/carga-descarga; calculo financiero/impositivo; persistencia/atomicidad/concurrencia; notificacion o acceso externo,SQL construido dinamicamente; atomicidad/concurrencia pendiente; variante cliente pendiente de confirmar; catalogo/semantica pendiente,,"`.data_base/asgard.sql` | Tablas `logis_embarques`, `logis_embarquesmagnitudes`, `logis_embarquesdatos`, `logis_embarquesoperador`, `logis_embarquesrutas`. | `logis_embarquesdatos`, `logis_embarquesrutas` | Tramos/rutas del embarque.",EV-SQL_QUERY-D92F1F70034698 .data_base/asgard.sql:17893 READS access to logis_embarquesrutas | EV-SQL_QUERY-6D912C7426461B .data_base/asgard.sql:32356 READS access to logis_embarquesrutas | EV-SQL_QUERY-2B843F616E3906 .data_base/asgard.sql:32358 READS access to logis_embarquesrutas | EV-SQL_QUERY-1C59E7D4B33F8C .data_base/asgard.sql:32361 READS access to logis_embarquesrutas | EV-SQL_QUERY-0D6A2C08AC8072 .data_base/asgard.sql:32362 READS access to logis_embarquesrutas | EV-SQL_QUERY-B3F38984B4555B .data_base/asgard.sql:32365 READS access to logis_embarquesrutas | EV-SQL_QUERY-252C2D80C9167C .data_base/asgard.sql:32368 READS access to logis_embarquesrutas | EV-SQL_QUERY-36EB311369BC56 .data_base/asgard.sql:32370 READS access to logis_embarquesrutas | EV-SQL_QUERY-A44CF9D22B479E .data_base/asgard.sql:32577 READS access to logis_embarquesrutas | EV-SQL_QUERY-D043EF4F7F09BA .data_base/asgard.sql:32580 READS access to logis_embarquesrutas | EV-SQL_QUERY-7E61B1BFBDF486 .data_base/asgard.sql:32586 READS access to logis_embarquesrutas | EV-SQL_QUERY-4860D92729E7E8 .data_base/asgard.sql:32588 READS access to logis_embarquesrutas | EV-SQL_QUERY-1C1D3C43B0D406 .data_base/asgard.sql:32594 READS access to logis_embarquesrutas | EV-SQL_QUERY-6E559E669EB160 .data_base/asgard.sql:32595 READS access to logis_embarquesrutas | EV-SQL_QUERY-EE7A3FE582D9A5 .data_base/asgard.sql:32596 READS access to logis_embarquesrutas | EV-SQL_QUERY-03A0BDDD38305E .data_base/asgard.sql:32597 READS access to logis_embarquesrutas | EV-SQL_QUERY-B1D3AA5B37CE67 .data_base/asgard.sql:32659 READS access to logis_embarquesrutas | EV-SQL_QUERY-89E4C514205344 .data_base/asgard.sql:32660 READS access to logis_embarquesrutas | EV-SQL_QUERY-6F25FDFFE99AB6 .data_base/asgard.sql:32661 READS access to logis_embarquesrutas | EV-SQL_QUERY-7636175ADD36C5 .data_base/asgard.sql:32662 READS access to logis_embarquesrutas,2,1,FLOW_SEMANTIC_INFERENCE_REVIEW_REQUIRED
certification-expiry-control,cc_archivos,cc,REPORTING_READ_MODEL,"Entidad documental o soporte usado para validar, adjuntar, generar o descargar evidencias.","archivo, created_by, deleted_at, id, registro_documento_id",control de acceso/cliente; transicion o bloqueo por estado; regla documental/carga-descarga; calculo financiero/impositivo; notificacion o acceso externo,variante cliente pendiente de confirmar; catalogo/semantica pendiente,,El sistema guarda archivos en ruta de cliente y registra `cc_archivos`. | BR-CEC-004 | Los adjuntos se guardan por cliente bajo `control_certificaciones/{idcliente}` y se registran en `cc_archivos`. | `cc_archivos` | Archivos adjuntos del registro documental. | Attachments are stored under a customer-specific certification path and recorded in `cc_archivos`.,.data_base/asgard.sql:662-750 | .data_base/asgard.sql:1288-1300 | .data_base/asgard.sql:17722-17725 | .data_base/asgard.sql:39347-39399 | ControlCertificacionesController.php:11-13 | ControlCertificacionesController.php:190-199 | ControlCertificacionesController.php:15-45 | .data_base/asgard.sql:707-742 | ControlCertificacionesController.php:57-107 | ajax/registrar.php:10-29 | ControlCertificacionesController.php:168-187 | ControlCertificacionesController.php:109-162 | CommonController.php:57-91 | .data_base/asgard.sql:39356-39394 | notificaciones/notificaciones.php:5-13 | notificaciones/notificaciones.php:14-82 | controllers/ControlAps.php:31-39 | ajax/listaControlAps.php:20 | CommonController.php:9-24 | notificaciones.php:14-27,1,1,FLOW_SEMANTIC_INFERENCE_REVIEW_REQUIRED
certification-expiry-control,cc_mercancias,cc,REPORTING_READ_MODEL,"Entidad documental o soporte usado para validar, adjuntar, generar o descargar evidencias.","created_by, deleted_at, id, mercancia, registro_documento_id",control de acceso/cliente; transicion o bloqueo por estado; regla documental/carga-descarga; calculo financiero/impositivo; notificacion o acceso externo,variante cliente pendiente de confirmar; catalogo/semantica pendiente,,El sistema registra mercancias manuales y/o importadas desde Excel en `cc_mercancias`. | `cc_mercancias` | Mercancias asociadas al documento.,.data_base/asgard.sql:662-750 | .data_base/asgard.sql:1288-1300 | .data_base/asgard.sql:17722-17725 | .data_base/asgard.sql:39347-39399 | ControlCertificacionesController.php:11-13 | ControlCertificacionesController.php:190-199 | ControlCertificacionesController.php:15-45 | .data_base/asgard.sql:707-742 | ControlCertificacionesController.php:57-107 | ajax/registrar.php:10-29 | ControlCertificacionesController.php:168-187 | ControlCertificacionesController.php:109-162 | CommonController.php:57-91 | .data_base/asgard.sql:39356-39394 | notificaciones/notificaciones.php:5-13 | notificaciones/notificaciones.php:14-82 | controllers/ControlAps.php:31-39 | ajax/listaControlAps.php:20 | CommonController.php:9-24 | notificaciones.php:14-27,5,1,FLOW_SEMANTIC_INFERENCE_REVIEW_REQUIRED
certification-expiry-control,cc_registro_documentos,cc,REPORTING_READ_MODEL,"Entidad documental o soporte usado para validar, adjuntar, generar o descargar evidencias.","ap_madre, codigo_documento, created_by, created_by_user, deleted_at, fecha_vencimiento, fecha_vencimiento_extension, id, modelo, notificacion_enviada, tipo_documento_id",control de acceso/cliente; transicion o bloqueo por estado; regla documental/carga-descarga; calculo financiero/impositivo; notificacion o acceso externo,variante cliente pendiente de confirmar; catalogo/semantica pendiente,,El sistema crea o actualiza `cc_registro_documentos`. | `cc_registro_documentos` | Registro principal de certificado/documento controlado. | `created_by` en `cc_registro_documentos` representa el cliente; `created_by_user` representa el usuario cliente.,.data_base/asgard.sql:662-750 | .data_base/asgard.sql:1288-1300 | .data_base/asgard.sql:17722-17725 | .data_base/asgard.sql:39347-39399 | ControlCertificacionesController.php:11-13 | ControlCertificacionesController.php:190-199 | ControlCertificacionesController.php:15-45 | .data_base/asgard.sql:707-742 | ControlCertificacionesController.php:57-107 | ajax/registrar.php:10-29 | ControlCertificacionesController.php:168-187 | ControlCertificacionesController.php:109-162 | CommonController.php:57-91 | .data_base/asgard.sql:39356-39394 | notificaciones/notificaciones.php:5-13 | notificaciones/notificaciones.php:14-82 | controllers/ControlAps.php:31-39 | ajax/listaControlAps.php:20 | CommonController.php:9-24 | notificaciones.php:14-27,9,1,FLOW_SEMANTIC_INFERENCE_REVIEW_REQUIRED
certification-expiry-control,cc_tipos_documentos,cc,REFERENCE_OR_STATE_CATALOG,"Catalogo o parametro que condiciona reglas, permisos o variantes del flujo.","created_by, deleted_at, id, tipo_documento",control de acceso/cliente; transicion o bloqueo por estado; regla documental/carga-descarga; calculo financiero/impositivo; notificacion o acceso externo,variante cliente pendiente de confirmar; catalogo/semantica pendiente,,`cc_tipos_documentos` | Catalogo de tipos documentales del control.,.data_base/asgard.sql:662-750 | .data_base/asgard.sql:1288-1300 | .data_base/asgard.sql:17722-17725 | .data_base/asgard.sql:39347-39399 | ControlCertificacionesController.php:11-13 | ControlCertificacionesController.php:190-199 | ControlCertificacionesController.php:15-45 | .data_base/asgard.sql:707-742 | ControlCertificacionesController.php:57-107 | ajax/registrar.php:10-29 | ControlCertificacionesController.php:168-187 | ControlCertificacionesController.php:109-162 | CommonController.php:57-91 | .data_base/asgard.sql:39356-39394 | notificaciones/notificaciones.php:5-13 | notificaciones/notificaciones.php:14-82 | controllers/ControlAps.php:31-39 | ajax/listaControlAps.php:20 | CommonController.php:9-24 | notificaciones.php:14-27,5,0,FLOW_SEMANTIC_INFERENCE_REVIEW_REQUIRED
certification-expiry-control,dav_autorizacionprevia,dav,REPORTING_READ_MODEL,Entidad de contexto usada por el flujo para consultar o relacionar informacion de negocio.,"chasis, fechaemision, nodocumento, nropago",control de acceso/cliente; transicion o bloqueo por estado; regla documental/carga-descarga; calculo financiero/impositivo; notificacion o acceso externo,variante cliente pendiente de confirmar; catalogo/semantica pendiente,,"El sistema cruza `dav_autorizacionprevia` con partidas, facturas y casos. | `dav_autorizacionprevia` | Autorizacion previa por chasis. | Prior authorizations use `dav_autorizacionprevia` by chassis and calculate 180-day expiry.",.data_base/asgard.sql:662-750 | .data_base/asgard.sql:1288-1300 | .data_base/asgard.sql:17722-17725 | .data_base/asgard.sql:39347-39399 | ControlCertificacionesController.php:11-13 | ControlCertificacionesController.php:190-199 | ControlCertificacionesController.php:15-45 | .data_base/asgard.sql:707-742 | ControlCertificacionesController.php:57-107 | ajax/registrar.php:10-29 | ControlCertificacionesController.php:168-187 | ControlCertificacionesController.php:109-162 | CommonController.php:57-91 | .data_base/asgard.sql:39356-39394 | notificaciones/notificaciones.php:5-13 | notificaciones/notificaciones.php:14-82 | controllers/ControlAps.php:31-39 | ajax/listaControlAps.php:20 | CommonController.php:9-24 | notificaciones.php:14-27,3,0,FLOW_SEMANTIC_INFERENCE_REVIEW_REQUIRED
certification-expiry-control,dav_casos,dav,REPORTING_READ_MODEL,Entidad de contexto usada por el flujo para consultar o relacionar informacion de negocio.,"anulado, fechaliquidacion, idcasos",control de acceso/cliente; transicion o bloqueo por estado; regla documental/carga-descarga; calculo financiero/impositivo; notificacion o acceso externo,variante cliente pendiente de confirmar; catalogo/semantica pendiente,,"`dav_partidas`, `dav_facturacomercial`, `dav_casos` | Cruce para control de AP y exclusion de casos anulados/liquidados.",.data_base/asgard.sql:662-750 | .data_base/asgard.sql:1288-1300 | .data_base/asgard.sql:17722-17725 | .data_base/asgard.sql:39347-39399 | ControlCertificacionesController.php:11-13 | ControlCertificacionesController.php:190-199 | ControlCertificacionesController.php:15-45 | .data_base/asgard.sql:707-742 | ControlCertificacionesController.php:57-107 | ajax/registrar.php:10-29 | ControlCertificacionesController.php:168-187 | ControlCertificacionesController.php:109-162 | CommonController.php:57-91 | .data_base/asgard.sql:39356-39394 | notificaciones/notificaciones.php:5-13 | notificaciones/notificaciones.php:14-82 | controllers/ControlAps.php:31-39 | ajax/listaControlAps.php:20 | CommonController.php:9-24 | notificaciones.php:14-27,23,3,FLOW_SEMANTIC_INFERENCE_REVIEW_REQUIRED
certification-expiry-control,dav_dato,dav,REPORTING_READ_MODEL,"Catalogo o parametro que condiciona reglas, permisos o variantes del flujo.","dato, idadta, idmercancia",control de acceso/cliente; transicion o bloqueo por estado; regla documental/carga-descarga; calculo financiero/impositivo; notificacion o acceso externo,variante cliente pendiente de confirmar; catalogo/semantica pendiente,,"`dav_dato` | Catalogo para marca, clase, tipo y atributos de producto.",.data_base/asgard.sql:662-750 | .data_base/asgard.sql:1288-1300 | .data_base/asgard.sql:17722-17725 | .data_base/asgard.sql:39347-39399 | ControlCertificacionesController.php:11-13 | ControlCertificacionesController.php:190-199 | ControlCertificacionesController.php:15-45 | .data_base/asgard.sql:707-742 | ControlCertificacionesController.php:57-107 | ajax/registrar.php:10-29 | ControlCertificacionesController.php:168-187 | ControlCertificacionesController.php:109-162 | CommonController.php:57-91 | .data_base/asgard.sql:39356-39394 | notificaciones/notificaciones.php:5-13 | notificaciones/notificaciones.php:14-82 | controllers/ControlAps.php:31-39 | ajax/listaControlAps.php:20 | CommonController.php:9-24 | notificaciones.php:14-27,6,0,FLOW_SEMANTIC_INFERENCE_REVIEW_REQUIRED
certification-expiry-control,dav_email_notificaciones,dav,REPORTING_READ_MODEL,"Catalogo o parametro que condiciona reglas, permisos o variantes del flujo.","cliente_id, deleted_at, email, id, tipo_notificacion_id",control de acceso/cliente; transicion o bloqueo por estado; regla documental/carga-descarga; calculo financiero/impositivo; notificacion o acceso externo,variante cliente pendiente de confirmar; catalogo/semantica pendiente,,Un proceso programado obtiene correos de `dav_email_notificaciones` para el tipo de notificacion correspondiente. | `dav_email_notificaciones` | Destinatarios de notificaciones documentales.,.data_base/asgard.sql:662-750 | .data_base/asgard.sql:1288-1300 | .data_base/asgard.sql:17722-17725 | .data_base/asgard.sql:39347-39399 | ControlCertificacionesController.php:11-13 | ControlCertificacionesController.php:190-199 | ControlCertificacionesController.php:15-45 | .data_base/asgard.sql:707-742 | ControlCertificacionesController.php:57-107 | ajax/registrar.php:10-29 | ControlCertificacionesController.php:168-187 | ControlCertificacionesController.php:109-162 | CommonController.php:57-91 | .data_base/asgard.sql:39356-39394 | notificaciones/notificaciones.php:5-13 | notificaciones/notificaciones.php:14-82 | controllers/ControlAps.php:31-39 | ajax/listaControlAps.php:20 | CommonController.php:9-24 | notificaciones.php:14-27,0,0,FLOW_SEMANTIC_INFERENCE_REVIEW_REQUIRED
certification-expiry-control,dav_estadoaps,dav,REFERENCE_OR_STATE_CATALOG,Entidad de contexto usada por el flujo para consultar o relacionar informacion de negocio.,id,control de acceso/cliente; transicion o bloqueo por estado; regla documental/carga-descarga; calculo financiero/impositivo; notificacion o acceso externo,variante cliente pendiente de confirmar; catalogo/semantica pendiente,,`dav_estadoaps` | Estado de autorizacion previa usado en control AP.,.data_base/asgard.sql:662-750 | .data_base/asgard.sql:1288-1300 | .data_base/asgard.sql:17722-17725 | .data_base/asgard.sql:39347-39399 | ControlCertificacionesController.php:11-13 | ControlCertificacionesController.php:190-199 | ControlCertificacionesController.php:15-45 | .data_base/asgard.sql:707-742 | ControlCertificacionesController.php:57-107 | ajax/registrar.php:10-29 | ControlCertificacionesController.php:168-187 | ControlCertificacionesController.php:109-162 | CommonController.php:57-91 | .data_base/asgard.sql:39356-39394 | notificaciones/notificaciones.php:5-13 | notificaciones/notificaciones.php:14-82 | controllers/ControlAps.php:31-39 | ajax/listaControlAps.php:20 | CommonController.php:9-24 | notificaciones.php:14-27,1,0,FLOW_SEMANTIC_INFERENCE_REVIEW_REQUIRED
certification-expiry-control,dav_facturacomercial,dav,REPORTING_READ_MODEL,Entidad de contexto usada por el flujo para consultar o relacionar informacion de negocio.,idcasos,control de acceso/cliente; transicion o bloqueo por estado; regla documental/carga-descarga; calculo financiero/impositivo; notificacion o acceso externo,variante cliente pendiente de confirmar; catalogo/semantica pendiente,,"`dav_partidas`, `dav_facturacomercial`, `dav_casos` | Cruce para control de AP y exclusion de casos anulados/liquidados.",.data_base/asgard.sql:662-750 | .data_base/asgard.sql:1288-1300 | .data_base/asgard.sql:17722-17725 | .data_base/asgard.sql:39347-39399 | ControlCertificacionesController.php:11-13 | ControlCertificacionesController.php:190-199 | ControlCertificacionesController.php:15-45 | .data_base/asgard.sql:707-742 | ControlCertificacionesController.php:57-107 | ajax/registrar.php:10-29 | ControlCertificacionesController.php:168-187 | ControlCertificacionesController.php:109-162 | CommonController.php:57-91 | .data_base/asgard.sql:39356-39394 | notificaciones/notificaciones.php:5-13 | notificaciones/notificaciones.php:14-82 | controllers/ControlAps.php:31-39 | ajax/listaControlAps.php:20 | CommonController.php:9-24 | notificaciones.php:14-27,11,0,FLOW_SEMANTIC_INFERENCE_REVIEW_REQUIRED
certification-expiry-control,dav_partidas,dav,REPORTING_READ_MODEL,Entidad de contexto usada por el flujo para consultar o relacionar informacion de negocio.,"codigoproducto, idmercancia, mercancia, otroparametro10, partidaarancelaria",control de acceso/cliente; transicion o bloqueo por estado; regla documental/carga-descarga; calculo financiero/impositivo; notificacion o acceso externo,variante cliente pendiente de confirmar; catalogo/semantica pendiente,,"`dav_partidas`, `dav_facturacomercial`, `dav_casos` | Cruce para control de AP y exclusion de casos anulados/liquidados.",.data_base/asgard.sql:662-750 | .data_base/asgard.sql:1288-1300 | .data_base/asgard.sql:17722-17725 | .data_base/asgard.sql:39347-39399 | ControlCertificacionesController.php:11-13 | ControlCertificacionesController.php:190-199 | ControlCertificacionesController.php:15-45 | .data_base/asgard.sql:707-742 | ControlCertificacionesController.php:57-107 | ajax/registrar.php:10-29 | ControlCertificacionesController.php:168-187 | ControlCertificacionesController.php:109-162 | CommonController.php:57-91 | .data_base/asgard.sql:39356-39394 | notificaciones/notificaciones.php:5-13 | notificaciones/notificaciones.php:14-82 | controllers/ControlAps.php:31-39 | ajax/listaControlAps.php:20 | CommonController.php:9-24 | notificaciones.php:14-27,13,0,FLOW_SEMANTIC_INFERENCE_REVIEW_REQUIRED
certification-expiry-control,dav_productosproveedor,dav,REPORTING_READ_MODEL,Entidad de contexto usada por el flujo para consultar o relacionar informacion de negocio.,"apmadre1, apmadre2, codigoproducto, idmercancia, otroparametro10, partidaarancelaria",control de acceso/cliente; transicion o bloqueo por estado; regla documental/carga-descarga; calculo financiero/impositivo; notificacion o acceso externo,variante cliente pendiente de confirmar; catalogo/semantica pendiente,,"`dav_productosproveedor` | Fuente de modelos, mercancia vehicular, AP madre y atributos de producto.",.data_base/asgard.sql:662-750 | .data_base/asgard.sql:1288-1300 | .data_base/asgard.sql:17722-17725 | .data_base/asgard.sql:39347-39399 | ControlCertificacionesController.php:11-13 | ControlCertificacionesController.php:190-199 | ControlCertificacionesController.php:15-45 | .data_base/asgard.sql:707-742 | ControlCertificacionesController.php:57-107 | ajax/registrar.php:10-29 | ControlCertificacionesController.php:168-187 | ControlCertificacionesController.php:109-162 | CommonController.php:57-91 | .data_base/asgard.sql:39356-39394 | notificaciones/notificaciones.php:5-13 | notificaciones/notificaciones.php:14-82 | controllers/ControlAps.php:31-39 | ajax/listaControlAps.php:20 | CommonController.php:9-24 | notificaciones.php:14-27,4,0,FLOW_SEMANTIC_INFERENCE_REVIEW_REQUIRED
continuous-improvement-nonconformity,dav_clienteusuarios,dav,REPORTING_READ_MODEL,"Catalogo o parametro que condiciona reglas, permisos o variantes del flujo.",tipo_usuario_mejora_continua,control de acceso/cliente; transicion o bloqueo por estado; regla documental/carga-descarga; calculo financiero/impositivo,variante cliente pendiente de confirmar; catalogo/semantica pendiente; seguridad/autorizacion sensible,,- El campo `tipo_usuario_mejora_continua` aparece tambien en `dav_clienteusuarios`.,.data_base/asgard.sql:15248-15882 | mejora-continua/js/constantes.js:1-11 | mejora-continua/js/constantes.js:13-15 | mejora-continua/js/config.js:1-14 | views/formulario-caso.php:130-218 | views/re-apertura.php:120-199 | views/formulario-caso.php:153-196 | components/casos/detalle-hallazgo.js:547-571 | components/commons/tbl-hallazgos.js:45-55 | components/casos/asignacion-analista.js:80-103 | asignacion-analista.js:241-251 | components/casos/asignacion-analista.js:54-77 | components/casos/analisis.js:1-180 | views/analisis.php:100-260 | components/casos/analisis.js:120-155 | views/analisis.php:220-250 | components/casos/verificacion.js:1-151 | views/verificacion.php:180-244 | views/cerrar-caso.php:160-229 | tbl-hallazgos.js:85-103,16,3,FLOW_SEMANTIC_INFERENCE_REVIEW_REQUIRED
continuous-improvement-nonconformity,rnc_analisis_causas,transversal,REPORTING_READ_MODEL,Entidad de contexto usada por el flujo para consultar o relacionar informacion de negocio.,"accion_correctiva, analisis_causa, archivo, cliente_id, es_cliente, fecha_fin, fecha_inicio, mejora_continua_id, responsable_id, resultado_esperado, verificacion, verificado",control de acceso/cliente; transicion o bloqueo por estado; regla documental/carga-descarga; calculo financiero/impositivo,variante cliente pendiente de confirmar; catalogo/semantica pendiente; seguridad/autorizacion sensible,,`rnc_analisis_causas` | Plan de analisis causal y acciones correctivas.,.data_base/asgard.sql:15248-15882 | mejora-continua/js/constantes.js:1-11 | mejora-continua/js/constantes.js:13-15 | mejora-continua/js/config.js:1-14 | views/formulario-caso.php:130-218 | views/re-apertura.php:120-199 | views/formulario-caso.php:153-196 | components/casos/detalle-hallazgo.js:547-571 | components/commons/tbl-hallazgos.js:45-55 | components/casos/asignacion-analista.js:80-103 | asignacion-analista.js:241-251 | components/casos/asignacion-analista.js:54-77 | components/casos/analisis.js:1-180 | views/analisis.php:100-260 | components/casos/analisis.js:120-155 | views/analisis.php:220-250 | components/casos/verificacion.js:1-151 | views/verificacion.php:180-244 | views/cerrar-caso.php:160-229 | tbl-hallazgos.js:85-103,1,0,FLOW_SEMANTIC_INFERENCE_REVIEW_REQUIRED
continuous-improvement-nonconformity,rnc_archivos,documentos,REPORTING_READ_MODEL,"Entidad documental o soporte usado para validar, adjuntar, generar o descargar evidencias.","archivo, descripcion, registro_noconformidad_id, tipo",control de acceso/cliente; transicion o bloqueo por estado; regla documental/carga-descarga; calculo financiero/impositivo,variante cliente pendiente de confirmar; catalogo/semantica pendiente; seguridad/autorizacion sensible,,`rnc_archivos` | Archivos legacy de no conformidad.,.data_base/asgard.sql:15248-15882 | mejora-continua/js/constantes.js:1-11 | mejora-continua/js/constantes.js:13-15 | mejora-continua/js/config.js:1-14 | views/formulario-caso.php:130-218 | views/re-apertura.php:120-199 | views/formulario-caso.php:153-196 | components/casos/detalle-hallazgo.js:547-571 | components/commons/tbl-hallazgos.js:45-55 | components/casos/asignacion-analista.js:80-103 | asignacion-analista.js:241-251 | components/casos/asignacion-analista.js:54-77 | components/casos/analisis.js:1-180 | views/analisis.php:100-260 | components/casos/analisis.js:120-155 | views/analisis.php:220-250 | components/casos/verificacion.js:1-151 | views/verificacion.php:180-244 | views/cerrar-caso.php:160-229 | tbl-hallazgos.js:85-103,1,0,FLOW_SEMANTIC_INFERENCE_REVIEW_REQUIRED
continuous-improvement-nonconformity,rnc_areas,transversal,REPORTING_READ_MODEL,Entidad de contexto usada por el flujo para consultar o relacionar informacion de negocio.,"area, cliente_id, es_cliente",control de acceso/cliente; transicion o bloqueo por estado; regla documental/carga-descarga; calculo financiero/impositivo,variante cliente pendiente de confirmar; catalogo/semantica pendiente; seguridad/autorizacion sensible,,`rnc_areas` | Areas para clasificacion del hallazgo.,.data_base/asgard.sql:15248-15882 | mejora-continua/js/constantes.js:1-11 | mejora-continua/js/constantes.js:13-15 | mejora-continua/js/config.js:1-14 | views/formulario-caso.php:130-218 | views/re-apertura.php:120-199 | views/formulario-caso.php:153-196 | components/casos/detalle-hallazgo.js:547-571 | components/commons/tbl-hallazgos.js:45-55 | components/casos/asignacion-analista.js:80-103 | asignacion-analista.js:241-251 | components/casos/asignacion-analista.js:54-77 | components/casos/analisis.js:1-180 | views/analisis.php:100-260 | components/casos/analisis.js:120-155 | views/analisis.php:220-250 | components/casos/verificacion.js:1-151 | views/verificacion.php:180-244 | views/cerrar-caso.php:160-229 | tbl-hallazgos.js:85-103,1,0,FLOW_SEMANTIC_INFERENCE_REVIEW_REQUIRED
continuous-improvement-nonconformity,rnc_consecuencias,transversal,REPORTING_READ_MODEL,Entidad de contexto usada por el flujo para consultar o relacionar informacion de negocio.,"cliente_id, consecuencia, es_cliente, hallazgo_id",control de acceso/cliente; transicion o bloqueo por estado; regla documental/carga-descarga; calculo financiero/impositivo,variante cliente pendiente de confirmar; catalogo/semantica pendiente; seguridad/autorizacion sensible,,`rnc_consecuencias` | Consecuencias asociadas a hallazgos.,.data_base/asgard.sql:15248-15882 | mejora-continua/js/constantes.js:1-11 | mejora-continua/js/constantes.js:13-15 | mejora-continua/js/config.js:1-14 | views/formulario-caso.php:130-218 | views/re-apertura.php:120-199 | views/formulario-caso.php:153-196 | components/casos/detalle-hallazgo.js:547-571 | components/commons/tbl-hallazgos.js:45-55 | components/casos/asignacion-analista.js:80-103 | asignacion-analista.js:241-251 | components/casos/asignacion-analista.js:54-77 | components/casos/analisis.js:1-180 | views/analisis.php:100-260 | components/casos/analisis.js:120-155 | views/analisis.php:220-250 | components/casos/verificacion.js:1-151 | views/verificacion.php:180-244 | views/cerrar-caso.php:160-229 | tbl-hallazgos.js:85-103,1,0,FLOW_SEMANTIC_INFERENCE_REVIEW_REQUIRED
continuous-improvement-nonconformity,rnc_controles_existentes,transversal,REPORTING_READ_MODEL,Entidad de contexto usada por el flujo para consultar o relacionar informacion de negocio.,"cliente_id, es_cliente",control de acceso/cliente; transicion o bloqueo por estado; regla documental/carga-descarga; calculo financiero/impositivo,variante cliente pendiente de confirmar; catalogo/semantica pendiente; seguridad/autorizacion sensible,,"`rnc_controles_existentes`, `rnc_responsables_controles` | Controles y responsables existentes.",.data_base/asgard.sql:15248-15882 | mejora-continua/js/constantes.js:1-11 | mejora-continua/js/constantes.js:13-15 | mejora-continua/js/config.js:1-14 | views/formulario-caso.php:130-218 | views/re-apertura.php:120-199 | views/formulario-caso.php:153-196 | components/casos/detalle-hallazgo.js:547-571 | components/commons/tbl-hallazgos.js:45-55 | components/casos/asignacion-analista.js:80-103 | asignacion-analista.js:241-251 | components/casos/asignacion-analista.js:54-77 | components/casos/analisis.js:1-180 | views/analisis.php:100-260 | components/casos/analisis.js:120-155 | views/analisis.php:220-250 | components/casos/verificacion.js:1-151 | views/verificacion.php:180-244 | views/cerrar-caso.php:160-229 | tbl-hallazgos.js:85-103,0,0,FLOW_SEMANTIC_INFERENCE_REVIEW_REQUIRED
continuous-improvement-nonconformity,rnc_derivaciones_analistas,transversal,REPORTING_READ_MODEL,Entidad de contexto usada por el flujo para consultar o relacionar informacion de negocio.,"accion_correctiva, analisis_causa, verificado",control de acceso/cliente; transicion o bloqueo por estado; regla documental/carga-descarga; calculo financiero/impositivo,variante cliente pendiente de confirmar; catalogo/semantica pendiente; seguridad/autorizacion sensible,,`rnc_derivaciones_analistas` | Derivaciones de casos entre analistas.,.data_base/asgard.sql:15248-15882 | mejora-continua/js/constantes.js:1-11 | mejora-continua/js/constantes.js:13-15 | mejora-continua/js/config.js:1-14 | views/formulario-caso.php:130-218 | views/re-apertura.php:120-199 | views/formulario-caso.php:153-196 | components/casos/detalle-hallazgo.js:547-571 | components/commons/tbl-hallazgos.js:45-55 | components/casos/asignacion-analista.js:80-103 | asignacion-analista.js:241-251 | components/casos/asignacion-analista.js:54-77 | components/casos/analisis.js:1-180 | views/analisis.php:100-260 | components/casos/analisis.js:120-155 | views/analisis.php:220-250 | components/casos/verificacion.js:1-151 | views/verificacion.php:180-244 | views/cerrar-caso.php:160-229 | tbl-hallazgos.js:85-103,1,0,FLOW_SEMANTIC_INFERENCE_REVIEW_REQUIRED
continuous-improvement-nonconformity,rnc_equipos_analistas_cliente,transversal,REPORTING_READ_MODEL,"Catalogo o parametro que condiciona reglas, permisos o variantes del flujo.",cliente_id,control de acceso/cliente; transicion o bloqueo por estado; regla documental/carga-descarga; calculo financiero/impositivo,variante cliente pendiente de confirmar; catalogo/semantica pendiente; seguridad/autorizacion sensible,,"`rnc_equipos_analistas_cliente`, `rnc_usuarios_equipos`, `rnc_tipos_usuarios` | Roles/equipos de analisis por cliente.",.data_base/asgard.sql:15248-15882 | mejora-continua/js/constantes.js:1-11 | mejora-continua/js/constantes.js:13-15 | mejora-continua/js/config.js:1-14 | views/formulario-caso.php:130-218 | views/re-apertura.php:120-199 | views/formulario-caso.php:153-196 | components/casos/detalle-hallazgo.js:547-571 | components/commons/tbl-hallazgos.js:45-55 | components/casos/asignacion-analista.js:80-103 | asignacion-analista.js:241-251 | components/casos/asignacion-analista.js:54-77 | components/casos/analisis.js:1-180 | views/analisis.php:100-260 | components/casos/analisis.js:120-155 | views/analisis.php:220-250 | components/casos/verificacion.js:1-151 | views/verificacion.php:180-244 | views/cerrar-caso.php:160-229 | tbl-hallazgos.js:85-103,0,0,FLOW_SEMANTIC_INFERENCE_REVIEW_REQUIRED
continuous-improvement-nonconformity,rnc_impactos,transversal,REPORTING_READ_MODEL,Entidad de contexto usada por el flujo para consultar o relacionar informacion de negocio.,"cliente_id, es_cliente, nivel",control de acceso/cliente; transicion o bloqueo por estado; regla documental/carga-descarga; calculo financiero/impositivo,variante cliente pendiente de confirmar; catalogo/semantica pendiente; seguridad/autorizacion sensible,,`rnc_impactos` | Impacto y plazos de asignacion/atencion.,.data_base/asgard.sql:15248-15882 | mejora-continua/js/constantes.js:1-11 | mejora-continua/js/constantes.js:13-15 | mejora-continua/js/config.js:1-14 | views/formulario-caso.php:130-218 | views/re-apertura.php:120-199 | views/formulario-caso.php:153-196 | components/casos/detalle-hallazgo.js:547-571 | components/commons/tbl-hallazgos.js:45-55 | components/casos/asignacion-analista.js:80-103 | asignacion-analista.js:241-251 | components/casos/asignacion-analista.js:54-77 | components/casos/analisis.js:1-180 | views/analisis.php:100-260 | components/casos/analisis.js:120-155 | views/analisis.php:220-250 | components/casos/verificacion.js:1-151 | views/verificacion.php:180-244 | views/cerrar-caso.php:160-229 | tbl-hallazgos.js:85-103,1,0,FLOW_SEMANTIC_INFERENCE_REVIEW_REQUIRED
continuous-improvement-nonconformity,rnc_lista_requisitos,transversal,REPORTING_READ_MODEL,"Catalogo o parametro que condiciona reglas, permisos o variantes del flujo.",descripcion,control de acceso/cliente; transicion o bloqueo por estado; regla documental/carga-descarga; calculo financiero/impositivo,variante cliente pendiente de confirmar; catalogo/semantica pendiente; seguridad/autorizacion sensible,,"`rnc_normativas_procedimientos_estandares`, `rnc_requisitos_parametros`, `rnc_lista_requisitos` | Catalogos de normativa y requisitos.",.data_base/asgard.sql:15248-15882 | mejora-continua/js/constantes.js:1-11 | mejora-continua/js/constantes.js:13-15 | mejora-continua/js/config.js:1-14 | views/formulario-caso.php:130-218 | views/re-apertura.php:120-199 | views/formulario-caso.php:153-196 | components/casos/detalle-hallazgo.js:547-571 | components/commons/tbl-hallazgos.js:45-55 | components/casos/asignacion-analista.js:80-103 | asignacion-analista.js:241-251 | components/casos/asignacion-analista.js:54-77 | components/casos/analisis.js:1-180 | views/analisis.php:100-260 | components/casos/analisis.js:120-155 | views/analisis.php:220-250 | components/casos/verificacion.js:1-151 | views/verificacion.php:180-244 | views/cerrar-caso.php:160-229 | tbl-hallazgos.js:85-103,0,0,FLOW_SEMANTIC_INFERENCE_REVIEW_REQUIRED
continuous-improvement-nonconformity,rnc_matriz_evaluacion_riesgo,transversal,REPORTING_READ_MODEL,Entidad de contexto usada por el flujo para consultar o relacionar informacion de negocio.,"cliente_id, es_cliente",control de acceso/cliente; transicion o bloqueo por estado; regla documental/carga-descarga; calculo financiero/impositivo,variante cliente pendiente de confirmar; catalogo/semantica pendiente; seguridad/autorizacion sensible,,"`rnc_probabilidades`, `rnc_valoraciones_riesgos`, `rnc_matriz_evaluacion_riesgo` | Evaluacion de probabilidad/riesgo.",.data_base/asgard.sql:15248-15882 | mejora-continua/js/constantes.js:1-11 | mejora-continua/js/constantes.js:13-15 | mejora-continua/js/config.js:1-14 | views/formulario-caso.php:130-218 | views/re-apertura.php:120-199 | views/formulario-caso.php:153-196 | components/casos/detalle-hallazgo.js:547-571 | components/commons/tbl-hallazgos.js:45-55 | components/casos/asignacion-analista.js:80-103 | asignacion-analista.js:241-251 | components/casos/asignacion-analista.js:54-77 | components/casos/analisis.js:1-180 | views/analisis.php:100-260 | components/casos/analisis.js:120-155 | views/analisis.php:220-250 | components/casos/verificacion.js:1-151 | views/verificacion.php:180-244 | views/cerrar-caso.php:160-229 | tbl-hallazgos.js:85-103,0,0,FLOW_SEMANTIC_INFERENCE_REVIEW_REQUIRED
continuous-improvement-nonconformity,rnc_mejora_continua_archivos,documentos,REPORTING_READ_MODEL,"Entidad documental o soporte usado para validar, adjuntar, generar o descargar evidencias.","archivo, cliente_id, descripcion, mejora_continua_id",control de acceso/cliente; transicion o bloqueo por estado; regla documental/carga-descarga; calculo financiero/impositivo,variante cliente pendiente de confirmar; catalogo/semantica pendiente; seguridad/autorizacion sensible,,`rnc_mejora_continua_archivos` | Evidencias/archivos del flujo moderno de mejora continua.,.data_base/asgard.sql:15248-15882 | mejora-continua/js/constantes.js:1-11 | mejora-continua/js/constantes.js:13-15 | mejora-continua/js/config.js:1-14 | views/formulario-caso.php:130-218 | views/re-apertura.php:120-199 | views/formulario-caso.php:153-196 | components/casos/detalle-hallazgo.js:547-571 | components/commons/tbl-hallazgos.js:45-55 | components/casos/asignacion-analista.js:80-103 | asignacion-analista.js:241-251 | components/casos/asignacion-analista.js:54-77 | components/casos/analisis.js:1-180 | views/analisis.php:100-260 | components/casos/analisis.js:120-155 | views/analisis.php:220-250 | components/casos/verificacion.js:1-151 | views/verificacion.php:180-244 | views/cerrar-caso.php:160-229 | tbl-hallazgos.js:85-103,1,0,FLOW_SEMANTIC_INFERENCE_REVIEW_REQUIRED
continuous-improvement-nonconformity,rnc_mejoras_continuas,transversal,REPORTING_READ_MODEL,Entidad de contexto usada por el flujo para consultar o relacionar informacion de negocio.,"area_id, cliente_id, consecuencia_id, impacto_id, nivel, nivel_riesgo_id, origen_observacion_id, proceso_afectado_id, proveedor_id, tipo_hallazgo_id, tipo_registro_id",control de acceso/cliente; transicion o bloqueo por estado; regla documental/carga-descarga; calculo financiero/impositivo,variante cliente pendiente de confirmar; catalogo/semantica pendiente; seguridad/autorizacion sensible,,`rnc_mejoras_continuas` | Registro principal de mejora continua / NC / SNC. | Existen dos modelos: `rnc_mejoras_continuas` moderno y `rnc_noconformidad` legacy.,.data_base/asgard.sql:15248-15882 | mejora-continua/js/constantes.js:1-11 | mejora-continua/js/constantes.js:13-15 | mejora-continua/js/config.js:1-14 | views/formulario-caso.php:130-218 | views/re-apertura.php:120-199 | views/formulario-caso.php:153-196 | components/casos/detalle-hallazgo.js:547-571 | components/commons/tbl-hallazgos.js:45-55 | components/casos/asignacion-analista.js:80-103 | asignacion-analista.js:241-251 | components/casos/asignacion-analista.js:54-77 | components/casos/analisis.js:1-180 | views/analisis.php:100-260 | components/casos/analisis.js:120-155 | views/analisis.php:220-250 | components/casos/verificacion.js:1-151 | views/verificacion.php:180-244 | views/cerrar-caso.php:160-229 | tbl-hallazgos.js:85-103,0,0,FLOW_SEMANTIC_INFERENCE_REVIEW_REQUIRED
continuous-improvement-nonconformity,rnc_noconformidad,transversal,REPORTING_READ_MODEL,Entidad de contexto usada por el flujo para consultar o relacionar informacion de negocio.,"archivo, consecuencia_id, hallazgo, impacto_id, nivel, resultado_esperado",control de acceso/cliente; transicion o bloqueo por estado; regla documental/carga-descarga; calculo financiero/impositivo,variante cliente pendiente de confirmar; catalogo/semantica pendiente; seguridad/autorizacion sensible,,`rnc_noconformidad` | Modelo legacy de no conformidad. | Existen dos modelos: `rnc_mejoras_continuas` moderno y `rnc_noconformidad` legacy.,.data_base/asgard.sql:15248-15882 | mejora-continua/js/constantes.js:1-11 | mejora-continua/js/constantes.js:13-15 | mejora-continua/js/config.js:1-14 | views/formulario-caso.php:130-218 | views/re-apertura.php:120-199 | views/formulario-caso.php:153-196 | components/casos/detalle-hallazgo.js:547-571 | components/commons/tbl-hallazgos.js:45-55 | components/casos/asignacion-analista.js:80-103 | asignacion-analista.js:241-251 | components/casos/asignacion-analista.js:54-77 | components/casos/analisis.js:1-180 | views/analisis.php:100-260 | components/casos/analisis.js:120-155 | views/analisis.php:220-250 | components/casos/verificacion.js:1-151 | views/verificacion.php:180-244 | views/cerrar-caso.php:160-229 | tbl-hallazgos.js:85-103,1,1,FLOW_SEMANTIC_INFERENCE_REVIEW_REQUIRED
continuous-improvement-nonconformity,rnc_normativas_procedimientos_estandares,transversal,REPORTING_READ_MODEL,"Catalogo o parametro que condiciona reglas, permisos o variantes del flujo.","cliente_id, es_cliente",control de acceso/cliente; transicion o bloqueo por estado; regla documental/carga-descarga; calculo financiero/impositivo,variante cliente pendiente de confirmar; catalogo/semantica pendiente; seguridad/autorizacion sensible,,"`rnc_normativas_procedimientos_estandares`, `rnc_requisitos_parametros`, `rnc_lista_requisitos` | Catalogos de normativa y requisitos.",.data_base/asgard.sql:15248-15882 | mejora-continua/js/constantes.js:1-11 | mejora-continua/js/constantes.js:13-15 | mejora-continua/js/config.js:1-14 | views/formulario-caso.php:130-218 | views/re-apertura.php:120-199 | views/formulario-caso.php:153-196 | components/casos/detalle-hallazgo.js:547-571 | components/commons/tbl-hallazgos.js:45-55 | components/casos/asignacion-analista.js:80-103 | asignacion-analista.js:241-251 | components/casos/asignacion-analista.js:54-77 | components/casos/analisis.js:1-180 | views/analisis.php:100-260 | components/casos/analisis.js:120-155 | views/analisis.php:220-250 | components/casos/verificacion.js:1-151 | views/verificacion.php:180-244 | views/cerrar-caso.php:160-229 | tbl-hallazgos.js:85-103,1,0,FLOW_SEMANTIC_INFERENCE_REVIEW_REQUIRED
continuous-improvement-nonconformity,rnc_normativas_requisitos,transversal,REPORTING_READ_MODEL,Entidad de contexto usada por el flujo para consultar o relacionar informacion de negocio.,"cliente_id, es_cliente, mejora_continua_id",control de acceso/cliente; transicion o bloqueo por estado; regla documental/carga-descarga; calculo financiero/impositivo,variante cliente pendiente de confirmar; catalogo/semantica pendiente; seguridad/autorizacion sensible,,`rnc_normativas_requisitos` | Relacion entre mejora continua y requisitos normativos incumplidos.,.data_base/asgard.sql:15248-15882 | mejora-continua/js/constantes.js:1-11 | mejora-continua/js/constantes.js:13-15 | mejora-continua/js/config.js:1-14 | views/formulario-caso.php:130-218 | views/re-apertura.php:120-199 | views/formulario-caso.php:153-196 | components/casos/detalle-hallazgo.js:547-571 | components/commons/tbl-hallazgos.js:45-55 | components/casos/asignacion-analista.js:80-103 | asignacion-analista.js:241-251 | components/casos/asignacion-analista.js:54-77 | components/casos/analisis.js:1-180 | views/analisis.php:100-260 | components/casos/analisis.js:120-155 | views/analisis.php:220-250 | components/casos/verificacion.js:1-151 | views/verificacion.php:180-244 | views/cerrar-caso.php:160-229 | tbl-hallazgos.js:85-103,0,0,FLOW_SEMANTIC_INFERENCE_REVIEW_REQUIRED
continuous-improvement-nonconformity,rnc_probabilidades,transversal,REPORTING_READ_MODEL,Entidad de contexto usada por el flujo para consultar o relacionar informacion de negocio.,"cliente_id, es_cliente",control de acceso/cliente; transicion o bloqueo por estado; regla documental/carga-descarga; calculo financiero/impositivo,variante cliente pendiente de confirmar; catalogo/semantica pendiente; seguridad/autorizacion sensible,,"`rnc_probabilidades`, `rnc_valoraciones_riesgos`, `rnc_matriz_evaluacion_riesgo` | Evaluacion de probabilidad/riesgo.",.data_base/asgard.sql:15248-15882 | mejora-continua/js/constantes.js:1-11 | mejora-continua/js/constantes.js:13-15 | mejora-continua/js/config.js:1-14 | views/formulario-caso.php:130-218 | views/re-apertura.php:120-199 | views/formulario-caso.php:153-196 | components/casos/detalle-hallazgo.js:547-571 | components/commons/tbl-hallazgos.js:45-55 | components/casos/asignacion-analista.js:80-103 | asignacion-analista.js:241-251 | components/casos/asignacion-analista.js:54-77 | components/casos/analisis.js:1-180 | views/analisis.php:100-260 | components/casos/analisis.js:120-155 | views/analisis.php:220-250 | components/casos/verificacion.js:1-151 | views/verificacion.php:180-244 | views/cerrar-caso.php:160-229 | tbl-hallazgos.js:85-103,1,0,FLOW_SEMANTIC_INFERENCE_REVIEW_REQUIRED
continuous-improvement-nonconformity,rnc_procesosafectados,transversal,REPORTING_READ_MODEL,Entidad de contexto usada por el flujo para consultar o relacionar informacion de negocio.,area_id,control de acceso/cliente; transicion o bloqueo por estado; regla documental/carga-descarga; calculo financiero/impositivo,variante cliente pendiente de confirmar; catalogo/semantica pendiente; seguridad/autorizacion sensible,,`rnc_procesosafectados` | Procesos afectados por area/cliente.,.data_base/asgard.sql:15248-15882 | mejora-continua/js/constantes.js:1-11 | mejora-continua/js/constantes.js:13-15 | mejora-continua/js/config.js:1-14 | views/formulario-caso.php:130-218 | views/re-apertura.php:120-199 | views/formulario-caso.php:153-196 | components/casos/detalle-hallazgo.js:547-571 | components/commons/tbl-hallazgos.js:45-55 | components/casos/asignacion-analista.js:80-103 | asignacion-analista.js:241-251 | components/casos/asignacion-analista.js:54-77 | components/casos/analisis.js:1-180 | views/analisis.php:100-260 | components/casos/analisis.js:120-155 | views/analisis.php:220-250 | components/casos/verificacion.js:1-151 | views/verificacion.php:180-244 | views/cerrar-caso.php:160-229 | tbl-hallazgos.js:85-103,1,0,FLOW_SEMANTIC_INFERENCE_REVIEW_REQUIRED
continuous-improvement-nonconformity,rnc_requisitos_parametros,transversal,REFERENCE_OR_STATE_CATALOG,"Catalogo o parametro que condiciona reglas, permisos o variantes del flujo.","cliente_id, descripcion, es_cliente",control de acceso/cliente; transicion o bloqueo por estado; regla documental/carga-descarga; calculo financiero/impositivo,variante cliente pendiente de confirmar; catalogo/semantica pendiente; seguridad/autorizacion sensible,,"`rnc_normativas_procedimientos_estandares`, `rnc_requisitos_parametros`, `rnc_lista_requisitos` | Catalogos de normativa y requisitos.",.data_base/asgard.sql:15248-15882 | mejora-continua/js/constantes.js:1-11 | mejora-continua/js/constantes.js:13-15 | mejora-continua/js/config.js:1-14 | views/formulario-caso.php:130-218 | views/re-apertura.php:120-199 | views/formulario-caso.php:153-196 | components/casos/detalle-hallazgo.js:547-571 | components/commons/tbl-hallazgos.js:45-55 | components/casos/asignacion-analista.js:80-103 | asignacion-analista.js:241-251 | components/casos/asignacion-analista.js:54-77 | components/casos/analisis.js:1-180 | views/analisis.php:100-260 | components/casos/analisis.js:120-155 | views/analisis.php:220-250 | components/casos/verificacion.js:1-151 | views/verificacion.php:180-244 | views/cerrar-caso.php:160-229 | tbl-hallazgos.js:85-103,1,0,FLOW_SEMANTIC_INFERENCE_REVIEW_REQUIRED
continuous-improvement-nonconformity,rnc_responsables_controles,transversal,REPORTING_READ_MODEL,Entidad de contexto usada por el flujo para consultar o relacionar informacion de negocio.,"cliente_id, es_cliente",control de acceso/cliente; transicion o bloqueo por estado; regla documental/carga-descarga; calculo financiero/impositivo,variante cliente pendiente de confirmar; catalogo/semantica pendiente; seguridad/autorizacion sensible,,"`rnc_controles_existentes`, `rnc_responsables_controles` | Controles y responsables existentes.",.data_base/asgard.sql:15248-15882 | mejora-continua/js/constantes.js:1-11 | mejora-continua/js/constantes.js:13-15 | mejora-continua/js/config.js:1-14 | views/formulario-caso.php:130-218 | views/re-apertura.php:120-199 | views/formulario-caso.php:153-196 | components/casos/detalle-hallazgo.js:547-571 | components/commons/tbl-hallazgos.js:45-55 | components/casos/asignacion-analista.js:80-103 | asignacion-analista.js:241-251 | components/casos/asignacion-analista.js:54-77 | components/casos/analisis.js:1-180 | views/analisis.php:100-260 | components/casos/analisis.js:120-155 | views/analisis.php:220-250 | components/casos/verificacion.js:1-151 | views/verificacion.php:180-244 | views/cerrar-caso.php:160-229 | tbl-hallazgos.js:85-103,0,0,FLOW_SEMANTIC_INFERENCE_REVIEW_REQUIRED
continuous-improvement-nonconformity,rnc_tipos_usuarios,transversal,REFERENCE_OR_STATE_CATALOG,"Catalogo o parametro que condiciona reglas, permisos o variantes del flujo.",descripcion,control de acceso/cliente; transicion o bloqueo por estado; regla documental/carga-descarga; calculo financiero/impositivo,variante cliente pendiente de confirmar; catalogo/semantica pendiente; seguridad/autorizacion sensible,,"`rnc_equipos_analistas_cliente`, `rnc_usuarios_equipos`, `rnc_tipos_usuarios` | Roles/equipos de analisis por cliente.",.data_base/asgard.sql:15248-15882 | mejora-continua/js/constantes.js:1-11 | mejora-continua/js/constantes.js:13-15 | mejora-continua/js/config.js:1-14 | views/formulario-caso.php:130-218 | views/re-apertura.php:120-199 | views/formulario-caso.php:153-196 | components/casos/detalle-hallazgo.js:547-571 | components/commons/tbl-hallazgos.js:45-55 | components/casos/asignacion-analista.js:80-103 | asignacion-analista.js:241-251 | components/casos/asignacion-analista.js:54-77 | components/casos/analisis.js:1-180 | views/analisis.php:100-260 | components/casos/analisis.js:120-155 | views/analisis.php:220-250 | components/casos/verificacion.js:1-151 | views/verificacion.php:180-244 | views/cerrar-caso.php:160-229 | tbl-hallazgos.js:85-103,0,0,FLOW_SEMANTIC_INFERENCE_REVIEW_REQUIRED
continuous-improvement-nonconformity,rnc_tiposhallazgos,transversal,REFERENCE_OR_STATE_CATALOG,"Catalogo o parametro que condiciona reglas, permisos o variantes del flujo.",hallazgo,control de acceso/cliente; transicion o bloqueo por estado; regla documental/carga-descarga; calculo financiero/impositivo,variante cliente pendiente de confirmar; catalogo/semantica pendiente; seguridad/autorizacion sensible,,`rnc_tiposhallazgos` | Tipos de hallazgo.,.data_base/asgard.sql:15248-15882 | mejora-continua/js/constantes.js:1-11 | mejora-continua/js/constantes.js:13-15 | mejora-continua/js/config.js:1-14 | views/formulario-caso.php:130-218 | views/re-apertura.php:120-199 | views/formulario-caso.php:153-196 | components/casos/detalle-hallazgo.js:547-571 | components/commons/tbl-hallazgos.js:45-55 | components/casos/asignacion-analista.js:80-103 | asignacion-analista.js:241-251 | components/casos/asignacion-analista.js:54-77 | components/casos/analisis.js:1-180 | views/analisis.php:100-260 | components/casos/analisis.js:120-155 | views/analisis.php:220-250 | components/casos/verificacion.js:1-151 | views/verificacion.php:180-244 | views/cerrar-caso.php:160-229 | tbl-hallazgos.js:85-103,1,0,FLOW_SEMANTIC_INFERENCE_REVIEW_REQUIRED
continuous-improvement-nonconformity,rnc_usuarios_equipos,transversal,REPORTING_READ_MODEL,"Catalogo o parametro que condiciona reglas, permisos o variantes del flujo.",,control de acceso/cliente; transicion o bloqueo por estado; regla documental/carga-descarga; calculo financiero/impositivo,variante cliente pendiente de confirmar; catalogo/semantica pendiente; seguridad/autorizacion sensible,,"`rnc_equipos_analistas_cliente`, `rnc_usuarios_equipos`, `rnc_tipos_usuarios` | Roles/equipos de analisis por cliente.",.data_base/asgard.sql:15248-15882 | mejora-continua/js/constantes.js:1-11 | mejora-continua/js/constantes.js:13-15 | mejora-continua/js/config.js:1-14 | views/formulario-caso.php:130-218 | views/re-apertura.php:120-199 | views/formulario-caso.php:153-196 | components/casos/detalle-hallazgo.js:547-571 | components/commons/tbl-hallazgos.js:45-55 | components/casos/asignacion-analista.js:80-103 | asignacion-analista.js:241-251 | components/casos/asignacion-analista.js:54-77 | components/casos/analisis.js:1-180 | views/analisis.php:100-260 | components/casos/analisis.js:120-155 | views/analisis.php:220-250 | components/casos/verificacion.js:1-151 | views/verificacion.php:180-244 | views/cerrar-caso.php:160-229 | tbl-hallazgos.js:85-103,0,0,FLOW_SEMANTIC_INFERENCE_REVIEW_REQUIRED
continuous-improvement-nonconformity,rnc_valoraciones_riesgos,transversal,REPORTING_READ_MODEL,Entidad de contexto usada por el flujo para consultar o relacionar informacion de negocio.,"cliente_id, descripcion, es_cliente, nivel",control de acceso/cliente; transicion o bloqueo por estado; regla documental/carga-descarga; calculo financiero/impositivo,variante cliente pendiente de confirmar; catalogo/semantica pendiente; seguridad/autorizacion sensible,,"`rnc_probabilidades`, `rnc_valoraciones_riesgos`, `rnc_matriz_evaluacion_riesgo` | Evaluacion de probabilidad/riesgo.",.data_base/asgard.sql:15248-15882 | mejora-continua/js/constantes.js:1-11 | mejora-continua/js/constantes.js:13-15 | mejora-continua/js/config.js:1-14 | views/formulario-caso.php:130-218 | views/re-apertura.php:120-199 | views/formulario-caso.php:153-196 | components/casos/detalle-hallazgo.js:547-571 | components/commons/tbl-hallazgos.js:45-55 | components/casos/asignacion-analista.js:80-103 | asignacion-analista.js:241-251 | components/casos/asignacion-analista.js:54-77 | components/casos/analisis.js:1-180 | views/analisis.php:100-260 | components/casos/analisis.js:120-155 | views/analisis.php:220-250 | components/casos/verificacion.js:1-151 | views/verificacion.php:180-244 | views/cerrar-caso.php:160-229 | tbl-hallazgos.js:85-103,1,0,FLOW_SEMANTIC_INFERENCE_REVIEW_REQUIRED
customer-password-recovery,dav_clienteusuarios,dav,READ_OR_CONTEXT,Entidad de contexto usada por el flujo para consultar o relacionar informacion de negocio.,"activo, correo, created_at, deleted_at, fechabloqueo, fechacontrasena, intentos, nombre, password, updated_at, username",control de acceso/cliente; transicion o bloqueo por estado; regla documental/carga-descarga; calculo financiero/impositivo; persistencia/atomicidad/concurrencia; notificacion o acceso externo,SQL construido dinamicamente; catalogo/semantica pendiente; seguridad/autorizacion sensible,,"Existe un usuario activo en `dav_clienteusuarios` con `username` o `correo` coincidente. | - Con identificador validado, ASGARD actualiza `dav_clienteusuarios.password` usando bcrypt, limpia bloqueo, reinicia intentos y actualiza `fechacontrasena`. | `dav_clienteusuarios` | Usuario cliente que solicita recuperacion y recibe nueva contrasena. | Actualizar contrasena y desbloqueo | `dav_clienteusuarios` | `ResetPassword.php:79` | ## Entradas observadas | Contrasena actualizada | `dav_clienteusuarios` fue actualizado con bcrypt y desbloqueo.",index_archivos/login.php:151 | index_archivos/resetpassword/ResetPassword.php:10-42 | ResetPassword.php:19-21 | ResetPassword.php:61 | ResetPassword.php:79 | index_archivos/resetpassword/ajax/generateToken.php:7-9 | index_archivos/resetpassword/ResetPassword.php:271-284 | index_archivos/resetpassword/ResetPassword.php:10-21 | ResetPassword.php:95-99 | index_archivos/resetpassword/ResetPassword.php:101-268 | index_archivos/resetpassword/ResetPassword.php:45-63 | index_archivos/resetpassword/ResetPassword.php:76-88 | .data_base/asgard.sql:9660-9676 | ResetPassword.php:79 | EV-SQL_QUERY-30502EFD526E2C .data_base/asgard.sql:17851 READS access to dav_clienteusuarios | EV-SQL_QUERY-ED1E2249A395F1 .data_base/asgard.sql:17863 READS access to dav_clienteusuarios | EV-SQL_QUERY-106F262234FD5A .data_base/asgard.sql:17899 READS access to dav_clienteusuarios | EV-SQL_QUERY-3C428B9C43C779 .data_base/asgard.sql:17905 READS access to dav_clienteusuarios | EV-SQL_QUERY-70CF5969BAAF19 .data_base/asgard.sql:17911 READS access to dav_clienteusuarios | EV-SQL_QUERY-67CE6E59639732 .data_base/asgard.sql:27551 READS access to dav_clienteusuarios,16,3,FLOW_SEMANTIC_INFERENCE_REVIEW_REQUIRED
customer-password-recovery,dav_reseteos_passswords_clientes,dav,READ_OR_CONTEXT,Entidad de contexto usada por el flujo para consultar o relacionar informacion de negocio.,"apellido_solicitante, cliente_usuario, correo, created_at, deleted_at, id, nombre_solicitante, token, updated_at",control de acceso/cliente; transicion o bloqueo por estado; regla documental/carga-descarga; calculo financiero/impositivo; persistencia/atomicidad/concurrencia; notificacion o acceso externo,SQL construido dinamicamente; catalogo/semantica pendiente; seguridad/autorizacion sensible,,"- La tabla `dav_reseteos_passswords_clientes` existe y acepta correo, token, solicitante, usuario cliente y timestamps. | ASGARD registra correo, token, datos del solicitante y usuario cliente en `dav_reseteos_passswords_clientes`. | `dav_reseteos_passswords_clientes` | Registro de solicitudes/codigos de recuperacion de contrasena. | Insertar solicitud de recuperacion | `dav_reseteos_passswords_clientes` | `ResetPassword.php:19-21` | | Invalidar solicitud validada | `dav_reseteos_passswords_clientes` | `ResetPassword.php:61` | | Codigo generado | Existe fila en `dav_reseteos_passswords_clientes` con token y `deleted_at IS NULL`.","index_archivos/login.php:151 | index_archivos/resetpassword/ResetPassword.php:10-42 | ResetPassword.php:19-21 | ResetPassword.php:61 | ResetPassword.php:79 | index_archivos/resetpassword/ajax/generateToken.php:7-9 | index_archivos/resetpassword/ResetPassword.php:271-284 | index_archivos/resetpassword/ResetPassword.php:10-21 | ResetPassword.php:95-99 | index_archivos/resetpassword/ResetPassword.php:101-268 | index_archivos/resetpassword/ResetPassword.php:45-63 | index_archivos/resetpassword/ResetPassword.php:76-88 | .data_base/asgard.sql:9660-9676 | ResetPassword.php:19-21 | ResetPassword.php:61 | EV-SQL_QUERY-E122397DFC117D index_archivos/resetpassword/ResetPassword.php:19 WRITES access to dav_reseteos_passswords_clientes | EV-SECRET_CANDIDATE-637E7AFB246C4D index_archivos/resetpassword/ResetPassword.php:46 $query = ""SELECT id, created_at FROM dav_reseteos_passswords_clientes WHERE (correo = '{$params->username}' OR cliente_usuario = '{$params->username}') AND token = '[REDACTED]' AND deleted_at IS NULL""; | EV-SQL_QUERY-DB8F801C992784 index_archivos/resetpassword/ResetPassword.php:46 READS access to dav_reseteos_passswords_clientes",1,1,FLOW_SEMANTIC_INFERENCE_REVIEW_REQUIRED
customer-primary-login-session-audit,dav_cliente,dav,READ_OR_CONTEXT,Modelo de lectura o fuente de reporteria del flujo.,"activo, contrasena, username, visitas",control de acceso/cliente; transicion o bloqueo por estado; regla documental/carga-descarga; calculo financiero/impositivo; persistencia/atomicidad/concurrencia; notificacion o acceso externo,catalogo/semantica pendiente; seguridad/autorizacion sensible,,"ASGARD consulta `dav_clienteusuarios` por username. | `dav_clienteusuarios` | Credenciales, estado de usuario, bloqueo, visitas y flags de sesion. | `dav_cliente` | Conteo de visitas por cliente. | Reiniciar intentos, bloqueo, actividad y visitas de usuario | `dav_clienteusuarios` | `veriflogin.php:115-117` | | Incrementar visitas del cliente | `dav_cliente` | `veriflogin.php:119-120` | | Usuario no encontrado | No existe username en `dav_clienteusuarios`.",index_archivos/veriflogin.php:1-31 | veriflogin.php:13-18 | veriflogin.php:38-48 | veriflogin.php:80 | veriflogin.php:81-84 | veriflogin.php:58-60 | veriflogin.php:216-237 | veriflogin.php:220-224 | veriflogin.php:87-98 | veriflogin.php:100-113 | veriflogin.php:115-120 | veriflogin.php:139-160 | veriflogin.php:183-202 | veriflogin.php:59 | veriflogin.php:166-173 | veriflogin.php:178-180 | veriflogin.php:115-117 | veriflogin.php:119-120 | veriflogin.php:227-228 | veriflogin.php:13-31,21,1,FLOW_SEMANTIC_INFERENCE_REVIEW_REQUIRED
customer-primary-login-session-audit,dav_clienteusuarios,dav,READ_OR_CONTEXT,Modelo de lectura o fuente de reporteria del flujo.,"2fa, activo, contrasena, correo, fechabloqueo, fechacontrasena, intentos, password, ultimaactividad, username, visitas",control de acceso/cliente; transicion o bloqueo por estado; regla documental/carga-descarga; calculo financiero/impositivo; persistencia/atomicidad/concurrencia; notificacion o acceso externo,catalogo/semantica pendiente; seguridad/autorizacion sensible,,"ASGARD consulta `dav_clienteusuarios` por username. | `dav_clienteusuarios` | Credenciales, estado de usuario, bloqueo, visitas y flags de sesion. | Reiniciar intentos, bloqueo, actividad y visitas de usuario | `dav_clienteusuarios` | `veriflogin.php:115-117` | | Reiniciar bloqueo vencido | `dav_clienteusuarios` | `veriflogin.php:220-224` | | Incrementar intentos y fijar bloqueo | `dav_clienteusuarios` | `veriflogin.php:227-228` | ## Entradas observadas | Usuario no encontrado | No existe username en `dav_clienteusuarios`.",index_archivos/veriflogin.php:1-31 | veriflogin.php:13-18 | veriflogin.php:38-48 | veriflogin.php:80 | veriflogin.php:81-84 | veriflogin.php:58-60 | veriflogin.php:216-237 | veriflogin.php:220-224 | veriflogin.php:87-98 | veriflogin.php:100-113 | veriflogin.php:115-120 | veriflogin.php:139-160 | veriflogin.php:183-202 | veriflogin.php:59 | veriflogin.php:166-173 | veriflogin.php:178-180 | veriflogin.php:115-117 | veriflogin.php:119-120 | veriflogin.php:227-228 | veriflogin.php:13-31,16,3,FLOW_SEMANTIC_INFERENCE_REVIEW_REQUIRED
customer-primary-login-session-audit,log_asgard_ecosistema,transversal,READ_OR_CONTEXT,Entidad de contexto usada por el flujo para consultar o relacionar informacion de negocio.,"client_id, date_start_log, ecosystem_id, estado_inicio, identificador, latitud, longitud, navegador, plataforma, sistema_operativo, user_id, user_ip, username",control de acceso/cliente; transicion o bloqueo por estado; regla documental/carga-descarga; calculo financiero/impositivo; persistencia/atomicidad/concurrencia; notificacion o acceso externo,catalogo/semantica pendiente; seguridad/autorizacion sensible,,"- Registro de auditoria: `log_asgard_ecosistema` captura exito/fallo con IP, navegador, sistema operativo, plataforma y geolocalizacion de cookies. | ASGARD registra login exitoso en `log_asgard_ecosistema`. | BR-CPLSA-009 | Login exitoso y fallido se registran en `log_asgard_ecosistema`. | `log_asgard_ecosistema` | Auditoria de inicio de sesion exitoso/fallido. | Registrar login exitoso | `log_asgard_ecosistema` | `veriflogin.php:139-160` | | Registrar login fallido | `log_asgard_ecosistema` | `veriflogin.php:183-202` |",index_archivos/veriflogin.php:1-31 | veriflogin.php:13-18 | veriflogin.php:38-48 | veriflogin.php:80 | veriflogin.php:81-84 | veriflogin.php:58-60 | veriflogin.php:216-237 | veriflogin.php:220-224 | veriflogin.php:87-98 | veriflogin.php:100-113 | veriflogin.php:115-120 | veriflogin.php:139-160 | veriflogin.php:183-202 | veriflogin.php:59 | veriflogin.php:166-173 | veriflogin.php:178-180 | veriflogin.php:115-117 | veriflogin.php:119-120 | veriflogin.php:227-228 | veriflogin.php:13-31,1,2,FLOW_SEMANTIC_INFERENCE_REVIEW_REQUIRED
customer-primary-login-session-audit,master_pass,transversal,READ_OR_CONTEXT,Modelo de lectura o fuente de reporteria del flujo.,master_pass,control de acceso/cliente; transicion o bloqueo por estado; regla documental/carga-descarga; calculo financiero/impositivo; persistencia/atomicidad/concurrencia; notificacion o acceso externo,catalogo/semantica pendiente; seguridad/autorizacion sensible,,- Master password: mecanismo observado de acceso alternativo contra tabla `master_pass`. | `master_pass` | Hashes de master password. | | `master_pass` | | Se consulta `master_pass` y se acepta master password como alternativa.,index_archivos/veriflogin.php:1-31 | veriflogin.php:13-18 | veriflogin.php:38-48 | veriflogin.php:80 | veriflogin.php:81-84 | veriflogin.php:58-60 | veriflogin.php:216-237 | veriflogin.php:220-224 | veriflogin.php:87-98 | veriflogin.php:100-113 | veriflogin.php:115-120 | veriflogin.php:139-160 | veriflogin.php:183-202 | veriflogin.php:59 | veriflogin.php:166-173 | veriflogin.php:178-180 | veriflogin.php:115-117 | veriflogin.php:119-120 | veriflogin.php:227-228 | veriflogin.php:13-31,1,0,FLOW_SEMANTIC_INFERENCE_REVIEW_REQUIRED
customer-shipment-rating-feedback,dav_rating,dav,CREATE,Entidad transaccional modificada por el flujo; sus cambios deben caracterizarse antes de refactor.,"casos_id, cliente_id, comentario, created_at, created_by, deleted_at, embarque_id, rating, solicitud_id, tipo_usuario, updated_at",control de acceso/cliente; transicion o bloqueo por estado; regla documental/carga-descarga; persistencia/atomicidad/concurrencia,catalogo/semantica pendiente,INSERT INTO,"- Insercion de rating y comentario en `dav_rating`. | `index_archivos/modulos/rating/RatingClass.php:8-19` | Inserta `dav_rating`. | ASGARD inserta `dav_rating` y responde exito. | ```mermaid flowchart TD A[""Vista con rating""] --> B[""Consultar rating vigente""] B -->|Existe| C[""Mostrar enviado""] B -->|No existe| D[""Permitir calificar""] D --> E[""Enviar rating/comentario""] E --> F[""Insertar dav_rating""] B --> G[""Verificacion mensual""] G -->|30 dias cumplidos| D ``` | `dav_rating` | Calificaciones y comentarios de cliente. | `INSERT INTO dav_rating (...)`.",index_archivos/modulos/rating/rating.js:1-153 | index_archivos/modulos/rating/rating.php:2-13 | index_archivos/modulos/rating/get-rating.php:2-10 | index_archivos/modulos/rating/verifica-mensual.php:2-10 | index_archivos/modulos/rating/RatingClass.php:8-19 | index_archivos/modulos/rating/RatingClass.php:24-31 | index_archivos/modulos/rating/RatingClass.php:43-67 | rating.js:1-153 | rating.php:2-13 | get-rating.php:2-10 | verifica-mensual.php:2-10 | RatingClass.php:8-67 | index_archivos/modulos/rating/RatingClass.php:8-19 | EV-SQL_QUERY-3CE7D33AF163A9 index_archivos/modulos/rating/RatingClass.php:10 WRITES access to dav_rating | EV-SQL_QUERY-71A671C353258C index_archivos/modulos/rating/RatingClass.php:27 READS access to dav_rating | EV-SQL_QUERY-B23B696D940C0C index_archivos/modulos/rating/RatingClass.php:48 READS access to dav_rating,1,1,FLOW_SEMANTIC_INFERENCE_REVIEW_REQUIRED
customs-case-edp-status-monitoring,dav_casos,dav,REPORTING_READ_MODEL,Entidad de contexto usada por el flujo para consultar o relacionar informacion de negocio.,"anulado, carpeta, gestion, idaduana, idcasos, idciudad, idcliente, idclientelineas, idproveedor, idregimen, nodui, pedido",control de acceso/cliente; transicion o bloqueo por estado; regla documental/carga-descarga; calculo financiero/impositivo,catalogo/semantica pendiente,,"BR-CCESM-002 | Solo entran casos con `dav_casos.gestion > 2016`. | `dav_casos` | Base de expedientes filtrados por cliente, estado, gestion y datos operativos.",.data_base/asgard.sql:5626 | .data_base/asgard.sql:5930 | .data_base/asgard.sql:6050 | EV-SQL_QUERY-1E16A453C0FC22 .data_base/asgard.sql:17707 READS access to dav_casos | EV-SQL_QUERY-C8AB19C9274D78 .data_base/asgard.sql:17755 READS access to dav_casos | EV-SQL_QUERY-85B23A1F6B1886 .data_base/asgard.sql:17773 READS access to dav_casosprevios | EV-SQL_QUERY-A3D8E3282D4ABA .data_base/asgard.sql:17773 READS access to dav_casos | EV-SQL_QUERY-1A08C59D5D207E .data_base/asgard.sql:17815 READS access to dav_casostarea | EV-SQL_QUERY-F5AD1D6FB7CE71 .data_base/asgard.sql:17821 READS access to dav_casos | EV-SQL_QUERY-21DBC002504852 .data_base/asgard.sql:17827 READS access to dav_casos | EV-SQL_QUERY-F810E95BCF97F6 .data_base/asgard.sql:17839 READS access to dav_casos | EV-SQL_QUERY-6078F1BF55EFAA .data_base/asgard.sql:17875 READS access to dav_casos | EV-SQL_QUERY-A3EEC206C5E6EE .data_base/asgard.sql:17881 READS access to dav_casos | EV-SQL_QUERY-CE70168053BD60 .data_base/asgard.sql:17887 READS access to dav_casos | EV-SQL_QUERY-510EF36FB05331 .data_base/asgard.sql:17893 READS access to dav_casosprevios | EV-SQL_QUERY-5EE6AF5366A82A .data_base/asgard.sql:17893 READS access to dav_casos | EV-SQL_QUERY-BB76D27B1C1433 .data_base/asgard.sql:17917 READS access to dav_casos | EV-SQL_QUERY-D9DF6CBD08D688 .data_base/asgard.sql:17917 READS access to dav_casosprevios | EV-SQL_QUERY-1EE354C2A5DD75 .data_base/asgard.sql:17941 READS access to dav_casosprevios | EV-SQL_QUERY-7CC97CDA261E3B .data_base/asgard.sql:17947 READS access to dav_casos,23,3,FLOW_SEMANTIC_INFERENCE_REVIEW_REQUIRED
customs-case-edp-status-monitoring,dav_documentos,dav,REPORTING_READ_MODEL,"Entidad documental o soporte usado para validar, adjuntar, generar o descargar evidencias.","fecha, idcasos, idtipodocumento, numero",control de acceso/cliente; transicion o bloqueo por estado; regla documental/carga-descarga; calculo financiero/impositivo,catalogo/semantica pendiente,,"`dav_documentos` | Facturas/documentos comerciales, Parte de Recepcion y documentos de referencia.",.data_base/asgard.sql:5626 | .data_base/asgard.sql:5930 | .data_base/asgard.sql:6050 | EV-SQL_QUERY-3022DF1C6F2AF1 .data_base/asgard.sql:27310 READS access to dav_documentos | EV-SQL_QUERY-0BDD5A9064DD2D .data_base/asgard.sql:27328 READS access to dav_documentos | EV-SQL_QUERY-D3CFF6D4BE82D8 .data_base/asgard.sql:27362 READS access to dav_documentos | EV-SQL_QUERY-17AFB553765DFF .data_base/asgard.sql:28652 READS access to dav_documentos | EV-SQL_QUERY-B2768B1BD8685D .data_base/asgard.sql:28693 READS access to dav_documentos | EV-SQL_QUERY-583847723BFE99 .data_base/asgard.sql:28710 READS access to dav_documentos | EV-SQL_QUERY-AEEFDA43E1988F .data_base/asgard.sql:28727 READS access to dav_documentos | EV-SQL_QUERY-B45187DD0E0DFA .data_base/asgard.sql:28744 READS access to dav_documentos | EV-SQL_QUERY-EB5113A2C62817 .data_base/asgard.sql:28768 READS access to dav_documentos | EV-SQL_QUERY-4DB286B1AE16A1 .data_base/asgard.sql:28785 READS access to dav_documentos | EV-SQL_QUERY-7F481FAD20184B .data_base/asgard.sql:29010 READS access to dav_documentos | EV-SQL_QUERY-4C5C795FB65FFD .data_base/asgard.sql:30899 READS access to dav_documentos | EV-SQL_QUERY-51D13CD7F755F5 .data_base/asgard.sql:31411 READS access to dav_documentos | EV-SQL_QUERY-40C3E0848D973D .data_base/asgard.sql:31434 READS access to dav_documentos | EV-SQL_QUERY-A477180BA599B5 .data_base/asgard.sql:31460 READS access to dav_documentos | EV-SQL_QUERY-8F6A715B730ED4 .data_base/asgard.sql:31487 READS access to dav_documentos | EV-SQL_QUERY-229C185438A244 .data_base/asgard.sql:31511 READS access to dav_documentos,5,1,FLOW_SEMANTIC_INFERENCE_REVIEW_REQUIRED
customs-case-edp-status-monitoring,dav_edp,dav,REPORTING_READ_MODEL,"Entidad documental o soporte usado para validar, adjuntar, generar o descargar evidencias.","edp, fecha, idcasos, idedp, idestadoedp",control de acceso/cliente; transicion o bloqueo por estado; regla documental/carga-descarga; calculo financiero/impositivo,catalogo/semantica pendiente,,"- Ultimo EDP por caso desde `dav_edp` y etapa derivada por `dav_estadoedp.idetapaedp`. | Alta primaria de estados `dav_edp`, cubierta por flujos de aprobacion/documentacion donde se registra EDP. | `dav_edp` | Historial de estados/observaciones EDP por caso. | En etapa EDP activa | Caso con ultimo `dav_edp` y etapa derivada por `dav_estadoedp`.",.data_base/asgard.sql:5626 | .data_base/asgard.sql:5930 | .data_base/asgard.sql:6050 | EV-SQL_QUERY-97F908F8C8E244 .data_base/asgard.sql:27345 READS access to dav_edp | EV-SQL_QUERY-1D2AB14A4C9D5D .data_base/asgard.sql:27473 READS access to dav_edp | EV-SQL_QUERY-50B87862A8CD31 .data_base/asgard.sql:41835 READS access to dav_edp | EV-SQL_QUERY-0DF4A370A7537D .data_base/asgard.sql:41870 READS access to dav_edp | EV-SQL_QUERY-A61F0A91491B40 .data_base/asgard.sql:41908 READS access to dav_edp | EV-SQL_QUERY-35413FE2D4EEA9 .data_base/asgard.sql:41946 READS access to dav_edp | EV-SQL_QUERY-4947461449A275 .data_base/asgard.sql:41981 READS access to dav_edp | EV-SQL_QUERY-D7FF0E9DC43276 .data_base/asgard.sql:46673 READS access to dav_edp | EV-SQL_QUERY-6E30F970EAB39B .data_base/asgard.sql:46679 READS access to dav_edp | EV-SQL_QUERY-1D1CE8D75B48A1 index_archivos/ajax/DashboardGenerico.php:199 READS access to dav_edp | EV-SQL_QUERY-82A9E60DB314E6 index_archivos/controllers/GlobalClass.php:181 WRITES access to dav_edp | EV-SQL_QUERY-63AE51B085D903 index_archivos/logistica/DemisClass.php:486 READS access to dav_edp,3,1,FLOW_SEMANTIC_INFERENCE_REVIEW_REQUIRED
customs-case-edp-status-monitoring,dav_estadoedp,dav,REFERENCE_OR_STATE_CATALOG,"Catalogo o parametro que condiciona reglas, permisos o variantes del flujo.","estadoedp, idestadoedp, idetapaedp",control de acceso/cliente; transicion o bloqueo por estado; regla documental/carga-descarga; calculo financiero/impositivo,catalogo/semantica pendiente,,- Ultimo EDP por caso desde `dav_edp` y etapa derivada por `dav_estadoedp.idetapaedp`. | BR-CCESM-004 | La etapa mostrada se deriva desde `dav_estadoedp.idetapaedp`. | `dav_estadoedp` | Catalogo de estados EDP y relacion con etapa. | En etapa EDP activa | Caso con ultimo `dav_edp` y etapa derivada por `dav_estadoedp`.,.data_base/asgard.sql:5626 | .data_base/asgard.sql:5930 | .data_base/asgard.sql:6050 | EV-SQL_QUERY-F0B6373745CE38 index_archivos/ajax/DashboardGenerico.php:200 READS access to dav_estadoedp | EV-SQL_QUERY-A09F4E14F8C828 index_archivos/logistica/DemisClass.php:488 READS access to dav_estadoedp,2,0,FLOW_SEMANTIC_INFERENCE_REVIEW_REQUIRED
customs-case-edp-status-monitoring,dav_etapaedp,dav,REPORTING_READ_MODEL,Entidad de contexto usada por el flujo para consultar o relacionar informacion de negocio.,"etapaedp, idetapaedp",control de acceso/cliente; transicion o bloqueo por estado; regla documental/carga-descarga; calculo financiero/impositivo,catalogo/semantica pendiente,,"Filtro por etapas `dav_etapaedp`, excluyendo por defecto etapas observadas `4`, `7` y `8`. | ASGARD carga etapas EDP candidatas desde `dav_etapaedp`. | `dav_etapaedp` | Etapa agrupadora usada para filtros y bandeja.",.data_base/asgard.sql:5626 | .data_base/asgard.sql:5930 | .data_base/asgard.sql:6050 | EV-SQL_QUERY-F281C074679F57 index_archivos/ajax/DashboardGenerico.php:201 READS access to dav_etapaedp,1,0,FLOW_SEMANTIC_INFERENCE_REVIEW_REQUIRED
customs-case-edp-status-monitoring,dav_facturaplanilla,dav,REPORTING_READ_MODEL,Entidad de contexto usada por el flujo para consultar o relacionar informacion de negocio.,"fecha, idcasos, idciudad, idcliente, idestadofactura, idfacturaplanilla",control de acceso/cliente; transicion o bloqueo por estado; regla documental/carga-descarga; calculo financiero/impositivo,catalogo/semantica pendiente,,`dav_facturaplanilla` | Exclusion de casos sin EDP cuando ya existe factura activa.,.data_base/asgard.sql:5626 | .data_base/asgard.sql:5930 | .data_base/asgard.sql:6050 | EV-SQL_QUERY-7A8D0839363E40 .data_base/asgard.sql:17695 READS access to dav_facturaplanilla | EV-SQL_QUERY-FE2F4B4D50414D .data_base/asgard.sql:17701 READS access to dav_facturaplanilla | EV-SQL_QUERY-380B7E65D6B753 .data_base/asgard.sql:17761 READS access to dav_facturaplanilla | EV-SQL_QUERY-B852A980F6E3B6 .data_base/asgard.sql:17785 READS access to dav_facturaplanilla | EV-SQL_QUERY-0E7A5CD6CC7AB3 .data_base/asgard.sql:17821 READS access to dav_facturaplanilla | EV-SQL_QUERY-CA801278D001D7 .data_base/asgard.sql:17827 READS access to dav_facturaplanilla | EV-SQL_QUERY-F0D2E0E0F20BAB .data_base/asgard.sql:17857 READS access to dav_facturaplanilla | EV-SQL_QUERY-C66C4511D9DA1C .data_base/asgard.sql:17875 READS access to dav_facturaplanilla | EV-SQL_QUERY-B97F8A0E956DAD .data_base/asgard.sql:17917 READS access to dav_facturaplanilla | EV-SQL_QUERY-80623E9DA7EE1B .data_base/asgard.sql:17941 READS access to dav_facturaplanilla | EV-SQL_QUERY-2AFCE480BC0FB0 .data_base/asgard.sql:17977 READS access to dav_facturaplanilla | EV-SQL_QUERY-D6000DFC009DCA .data_base/asgard.sql:17983 READS access to dav_facturaplanilla | EV-SQL_QUERY-00111C41BCBE2E .data_base/asgard.sql:18306 READS access to dav_facturaplanilla | EV-SQL_QUERY-2016900B7344D7 .data_base/asgard.sql:18342 READS access to dav_facturaplanilla | EV-SQL_QUERY-10295D19BBA690 .data_base/asgard.sql:18366 READS access to dav_facturaplanilla | EV-SQL_QUERY-BA1CCA643B30E2 .data_base/asgard.sql:18411 READS access to dav_facturaplanilla | EV-SQL_QUERY-39B09EC3B8B329 .data_base/asgard.sql:18456 READS access to dav_facturaplanilla,2,1,FLOW_SEMANTIC_INFERENCE_REVIEW_REQUIRED
customs-case-edp-status-monitoring,dav_intermediodocumento,dav,REPORTING_READ_MODEL,"Entidad documental o soporte usado para validar, adjuntar, generar o descargar evidencias.","idcasos, idtipodocumento",control de acceso/cliente; transicion o bloqueo por estado; regla documental/carga-descarga; calculo financiero/impositivo,catalogo/semantica pendiente,,- Identificacion de documentos faltantes desde `dav_intermediodocumento`. | `dav_intermediodocumento` | Documentos faltantes pendientes por caso. | Con documentos faltantes | Caso con filas en `dav_intermediodocumento`.,.data_base/asgard.sql:5626 | .data_base/asgard.sql:5930 | .data_base/asgard.sql:6050,0,0,FLOW_SEMANTIC_INFERENCE_REVIEW_REQUIRED
customs-dam-document-send-date-control,dav_facturacomercial,dav,UPDATE,Entidad transaccional modificada por el flujo; sus cambios deben caracterizarse antes de refactor.,"fechaenvioap, fechaenviodam",transicion o bloqueo por estado; regla documental/carga-descarga; calculo financiero/impositivo; persistencia/atomicidad/concurrencia; notificacion o acceso externo,,UPDATE,- Validacion de existencia de al menos una `dav_facturacomercial.fechaenvioap`. | - Actualizacion masiva de `dav_facturacomercial.fechaenviodam=CURRENT_DATE()`. | | `UPDATE dav_facturacomercial` | INFERRED_DRAFT_REVIEW_REQUIRED | | `dav_facturacomercial` | Facturas comerciales marcadas. | `UPDATE dav_facturacomercial SET fechaenviodam=CURRENT_DATE() WHERE idcasos IN (...)`.,index_archivos/intercambioDocumental/ajax/documento-dam.php:6-19 | index_archivos/intercambioDocumental/ajax/documento-dam.php:21-31 | index_archivos/intercambioDocumental/ajax/documento-dam.php:38 | index_archivos/intercambioDocumental/ajax/documento-dam.php:40-46 | documento-dam.php:6-19 | documento-dam.php:21-31 | documento-dam.php:38 | documento-dam.php:40-46 | EV-SQL_QUERY-EA5CECD49E45DC .data_base/asgard.sql:17749 READS access to dav_facturacomercial | EV-SQL_QUERY-E0B4CE612BC841 .data_base/asgard.sql:17773 READS access to dav_facturacomercial | EV-SQL_QUERY-F741221752A150 .data_base/asgard.sql:17809 READS access to dav_facturacomercial | EV-SQL_QUERY-D8FA4064EF353B .data_base/asgard.sql:17827 READS access to dav_facturacomercial | EV-SQL_QUERY-016F3CBB861849 .data_base/asgard.sql:17875 READS access to dav_facturacomercial | EV-SQL_QUERY-6D6F63E1CC8C17 .data_base/asgard.sql:17881 READS access to dav_facturacomercial | EV-SQL_QUERY-43F69C8B079F08 .data_base/asgard.sql:17893 READS access to dav_facturacomercial | EV-SQL_QUERY-34BD0FC416E48A .data_base/asgard.sql:17935 READS access to dav_facturacomercial | EV-SQL_QUERY-BA17A572CE7EC0 .data_base/asgard.sql:18213 READS access to dav_facturacomercial | EV-SQL_QUERY-F7242CD4237F7D .data_base/asgard.sql:18238 READS access to dav_facturacomercial | EV-SQL_QUERY-54E651DF531E4E .data_base/asgard.sql:27287 READS access to dav_facturacomercial | EV-SQL_QUERY-C2ACEBCD750270 .data_base/asgard.sql:27460 READS access to dav_facturacomercial,11,0,FLOW_SEMANTIC_INFERENCE_REVIEW_REQUIRED
customs-dav-client-review-approval,dav_acuerdo,dav,READ_OR_CONTEXT,Entidad de contexto usada por el flujo para consultar o relacionar informacion de negocio.,"codigo, idacuerdo",control de acceso/cliente; transicion o bloqueo por estado; regla documental/carga-descarga; calculo financiero/impositivo; persistencia/atomicidad/concurrencia; notificacion o acceso externo,variante cliente pendiente de confirmar; catalogo/semantica pendiente; seguridad/autorizacion sensible,,`dav_acuerdo` | Acuerdo comercial/origen asociado a partida.,index_archivos/logistica/componentes/demis/embarques_lista_dav.php:11-64 | index_archivos/logistica/componentes/demis/davdetalle.php:881-900 | index_archivos/logistica/js/datosDemis.js:1-113 | index_archivos/logistica/ajax/demis/aceptarDemis.php:14-18 | index_archivos/logistica/ajax/demis/rechazarDemis.php:14-18 | index_archivos/logistica/ajax/demis/verificarCarpeta.php:12-31 | index_archivos/logistica/ajax/demis/finalizarRevision.php:18-74 | index_archivos/logistica/DemisClass.php:13-39 | index_archivos/logistica/DemisClass.php:405-465 | embarques_lista_dav.php:22-24 | davdetalle.php:885-890 | aceptarDemis.php:14-18 | DemisClass.php:405-407 | rechazarDemis.php:14-18 | verificarCarpeta.php:15-30 | finalizarRevision.php:21-24 | DemisClass.php:420-422 | finalizarRevision.php:45-51 | finalizarRevision.php:32-64 | DemisClass.php:450-453,2,0,FLOW_SEMANTIC_INFERENCE_REVIEW_REQUIRED
customs-dav-client-review-approval,dav_casos,dav,READ_OR_CONTEXT,Entidad de contexto usada por el flujo para consultar o relacionar informacion de negocio.,"fob, idcasos, idcasosprevios, idcliente, idcoordinador, idproveedor, idusuario",control de acceso/cliente; transicion o bloqueo por estado; regla documental/carga-descarga; calculo financiero/impositivo; persistencia/atomicidad/concurrencia; notificacion o acceso externo,variante cliente pendiente de confirmar; catalogo/semantica pendiente; seguridad/autorizacion sensible,,`dav_casos` | Carpeta/caso operativo que agrupa DAV y usuarios internos. | `dav_casosprevios` | Puente observado entre caso y embarque logistico.,index_archivos/logistica/componentes/demis/embarques_lista_dav.php:11-64 | index_archivos/logistica/componentes/demis/davdetalle.php:881-900 | index_archivos/logistica/js/datosDemis.js:1-113 | index_archivos/logistica/ajax/demis/aceptarDemis.php:14-18 | index_archivos/logistica/ajax/demis/rechazarDemis.php:14-18 | index_archivos/logistica/ajax/demis/verificarCarpeta.php:12-31 | index_archivos/logistica/ajax/demis/finalizarRevision.php:18-74 | index_archivos/logistica/DemisClass.php:13-39 | index_archivos/logistica/DemisClass.php:405-465 | embarques_lista_dav.php:22-24 | davdetalle.php:885-890 | aceptarDemis.php:14-18 | DemisClass.php:405-407 | rechazarDemis.php:14-18 | verificarCarpeta.php:15-30 | finalizarRevision.php:21-24 | DemisClass.php:420-422 | finalizarRevision.php:45-51 | finalizarRevision.php:32-64 | DemisClass.php:450-453,23,3,FLOW_SEMANTIC_INFERENCE_REVIEW_REQUIRED
customs-dav-client-review-approval,dav_casosprevios,dav,READ_OR_CONTEXT,Entidad de contexto usada por el flujo para consultar o relacionar informacion de negocio.,"email, idcasosprevios, idcliente, idembarquelogis, idproveedor, idusuario, ordencompra",control de acceso/cliente; transicion o bloqueo por estado; regla documental/carga-descarga; calculo financiero/impositivo; persistencia/atomicidad/concurrencia; notificacion o acceso externo,variante cliente pendiente de confirmar; catalogo/semantica pendiente; seguridad/autorizacion sensible,,`dav_casosprevios` | Puente observado entre caso y embarque logistico.,index_archivos/logistica/componentes/demis/embarques_lista_dav.php:11-64 | index_archivos/logistica/componentes/demis/davdetalle.php:881-900 | index_archivos/logistica/js/datosDemis.js:1-113 | index_archivos/logistica/ajax/demis/aceptarDemis.php:14-18 | index_archivos/logistica/ajax/demis/rechazarDemis.php:14-18 | index_archivos/logistica/ajax/demis/verificarCarpeta.php:12-31 | index_archivos/logistica/ajax/demis/finalizarRevision.php:18-74 | index_archivos/logistica/DemisClass.php:13-39 | index_archivos/logistica/DemisClass.php:405-465 | embarques_lista_dav.php:22-24 | davdetalle.php:885-890 | aceptarDemis.php:14-18 | DemisClass.php:405-407 | rechazarDemis.php:14-18 | verificarCarpeta.php:15-30 | finalizarRevision.php:21-24 | DemisClass.php:420-422 | finalizarRevision.php:45-51 | finalizarRevision.php:32-64 | DemisClass.php:450-453,22,3,FLOW_SEMANTIC_INFERENCE_REVIEW_REQUIRED
customs-dav-client-review-approval,dav_dato,dav,READ_OR_CONTEXT,"Catalogo o parametro que condiciona reglas, permisos o variantes del flujo.","dato, idadta, idmercancia, idparametro, solodam",control de acceso/cliente; transicion o bloqueo por estado; regla documental/carga-descarga; calculo financiero/impositivo; persistencia/atomicidad/concurrencia; notificacion o acceso externo,variante cliente pendiente de confirmar; catalogo/semantica pendiente; seguridad/autorizacion sensible,,`dav_parametro` / `dav_dato` | Parametros tecnicos y valores 1-14 de mercancia usados para armar detalle DAV/FDM.,index_archivos/logistica/componentes/demis/embarques_lista_dav.php:11-64 | index_archivos/logistica/componentes/demis/davdetalle.php:881-900 | index_archivos/logistica/js/datosDemis.js:1-113 | index_archivos/logistica/ajax/demis/aceptarDemis.php:14-18 | index_archivos/logistica/ajax/demis/rechazarDemis.php:14-18 | index_archivos/logistica/ajax/demis/verificarCarpeta.php:12-31 | index_archivos/logistica/ajax/demis/finalizarRevision.php:18-74 | index_archivos/logistica/DemisClass.php:13-39 | index_archivos/logistica/DemisClass.php:405-465 | embarques_lista_dav.php:22-24 | davdetalle.php:885-890 | aceptarDemis.php:14-18 | DemisClass.php:405-407 | rechazarDemis.php:14-18 | verificarCarpeta.php:15-30 | finalizarRevision.php:21-24 | DemisClass.php:420-422 | finalizarRevision.php:45-51 | finalizarRevision.php:32-64 | DemisClass.php:450-453,6,0,FLOW_SEMANTIC_INFERENCE_REVIEW_REQUIRED
customs-dav-client-review-approval,dav_dav,dav,UPDATE,Entidad transaccional modificada por el flujo; sus cambios deben caracterizarse antes de refactor.,"email, fecharevisioncliente, finalizardav, fob, idcasos, idcliente, iddav, idestadocliente, idproveedor, idusuariorevision, observacionescliente, referencia, tipo",control de acceso/cliente; transicion o bloqueo por estado; regla documental/carga-descarga; calculo financiero/impositivo; persistencia/atomicidad/concurrencia; notificacion o acceso externo,variante cliente pendiente de confirmar; catalogo/semantica pendiente; seguridad/autorizacion sensible,UPDATE,`dav_dav.idestadocliente = 1` para aprobado. | - `dav_dav.idestadocliente = 2` para rechazado. | - `dav_dav.observacionescliente` actualizado. | - `dav_dav.finalizardav = 1` para todas las DAV del caso cuando se cierra revision. | `DemisClass::cambiarEstadoDav` actualiza `dav_dav`. | `dav_dav` | Declaraciones DAV/FDM revisadas por cliente.,index_archivos/logistica/componentes/demis/embarques_lista_dav.php:11-64 | index_archivos/logistica/componentes/demis/davdetalle.php:881-900 | index_archivos/logistica/js/datosDemis.js:1-113 | index_archivos/logistica/ajax/demis/aceptarDemis.php:14-18 | index_archivos/logistica/ajax/demis/rechazarDemis.php:14-18 | index_archivos/logistica/ajax/demis/verificarCarpeta.php:12-31 | index_archivos/logistica/ajax/demis/finalizarRevision.php:18-74 | index_archivos/logistica/DemisClass.php:13-39 | index_archivos/logistica/DemisClass.php:405-465 | embarques_lista_dav.php:22-24 | davdetalle.php:885-890 | aceptarDemis.php:14-18 | DemisClass.php:405-407 | rechazarDemis.php:14-18 | verificarCarpeta.php:15-30 | finalizarRevision.php:21-24 | DemisClass.php:420-422 | finalizarRevision.php:45-51 | finalizarRevision.php:32-64 | DemisClass.php:450-453,6,1,FLOW_SEMANTIC_INFERENCE_REVIEW_REQUIRED
customs-dav-client-review-approval,dav_edp,dav,READ_OR_CONTEXT,Entidad de contexto usada por el flujo para consultar o relacionar informacion de negocio.,"edp, idcasos, idestadoedp, idusuario",control de acceso/cliente; transicion o bloqueo por estado; regla documental/carga-descarga; calculo financiero/impositivo; persistencia/atomicidad/concurrencia; notificacion o acceso externo,variante cliente pendiente de confirmar; catalogo/semantica pendiente; seguridad/autorizacion sensible,,- Filas de seguimiento en `dav_edp` mediante `GlobalClass::registrarEDP` con estado observado `14`. | `dav_edp` | Seguimiento de cierre de revision DAV.,index_archivos/logistica/componentes/demis/embarques_lista_dav.php:11-64 | index_archivos/logistica/componentes/demis/davdetalle.php:881-900 | index_archivos/logistica/js/datosDemis.js:1-113 | index_archivos/logistica/ajax/demis/aceptarDemis.php:14-18 | index_archivos/logistica/ajax/demis/rechazarDemis.php:14-18 | index_archivos/logistica/ajax/demis/verificarCarpeta.php:12-31 | index_archivos/logistica/ajax/demis/finalizarRevision.php:18-74 | index_archivos/logistica/DemisClass.php:13-39 | index_archivos/logistica/DemisClass.php:405-465 | embarques_lista_dav.php:22-24 | davdetalle.php:885-890 | aceptarDemis.php:14-18 | DemisClass.php:405-407 | rechazarDemis.php:14-18 | verificarCarpeta.php:15-30 | finalizarRevision.php:21-24 | DemisClass.php:420-422 | finalizarRevision.php:45-51 | finalizarRevision.php:32-64 | DemisClass.php:450-453,3,1,FLOW_SEMANTIC_INFERENCE_REVIEW_REQUIRED
customs-dav-client-review-approval,dav_estadopartida,dav,REFERENCE_OR_STATE_CATALOG,Entidad de contexto usada por el flujo para consultar o relacionar informacion de negocio.,"estadopartida, iddav, idestadopartida",control de acceso/cliente; transicion o bloqueo por estado; regla documental/carga-descarga; calculo financiero/impositivo; persistencia/atomicidad/concurrencia; notificacion o acceso externo,variante cliente pendiente de confirmar; catalogo/semantica pendiente; seguridad/autorizacion sensible,,`dav_estadopartida` | Estado de partida mostrado en el detalle.,index_archivos/logistica/componentes/demis/embarques_lista_dav.php:11-64 | index_archivos/logistica/componentes/demis/davdetalle.php:881-900 | index_archivos/logistica/js/datosDemis.js:1-113 | index_archivos/logistica/ajax/demis/aceptarDemis.php:14-18 | index_archivos/logistica/ajax/demis/rechazarDemis.php:14-18 | index_archivos/logistica/ajax/demis/verificarCarpeta.php:12-31 | index_archivos/logistica/ajax/demis/finalizarRevision.php:18-74 | index_archivos/logistica/DemisClass.php:13-39 | index_archivos/logistica/DemisClass.php:405-465 | embarques_lista_dav.php:22-24 | davdetalle.php:885-890 | aceptarDemis.php:14-18 | DemisClass.php:405-407 | rechazarDemis.php:14-18 | verificarCarpeta.php:15-30 | finalizarRevision.php:21-24 | DemisClass.php:420-422 | finalizarRevision.php:45-51 | finalizarRevision.php:32-64 | DemisClass.php:450-453,2,0,FLOW_SEMANTIC_INFERENCE_REVIEW_REQUIRED
customs-dav-client-review-approval,dav_facturacomercial,dav,READ_OR_CONTEXT,Entidad de contexto usada por el flujo para consultar o relacionar informacion de negocio.,"idcasos, iddav, idfacturacomercial, nofactura",control de acceso/cliente; transicion o bloqueo por estado; regla documental/carga-descarga; calculo financiero/impositivo; persistencia/atomicidad/concurrencia; notificacion o acceso externo,variante cliente pendiente de confirmar; catalogo/semantica pendiente; seguridad/autorizacion sensible,,`dav_facturacomercial` | Facturas asociadas a la DAV y enlace al caso.,index_archivos/logistica/componentes/demis/embarques_lista_dav.php:11-64 | index_archivos/logistica/componentes/demis/davdetalle.php:881-900 | index_archivos/logistica/js/datosDemis.js:1-113 | index_archivos/logistica/ajax/demis/aceptarDemis.php:14-18 | index_archivos/logistica/ajax/demis/rechazarDemis.php:14-18 | index_archivos/logistica/ajax/demis/verificarCarpeta.php:12-31 | index_archivos/logistica/ajax/demis/finalizarRevision.php:18-74 | index_archivos/logistica/DemisClass.php:13-39 | index_archivos/logistica/DemisClass.php:405-465 | embarques_lista_dav.php:22-24 | davdetalle.php:885-890 | aceptarDemis.php:14-18 | DemisClass.php:405-407 | rechazarDemis.php:14-18 | verificarCarpeta.php:15-30 | finalizarRevision.php:21-24 | DemisClass.php:420-422 | finalizarRevision.php:45-51 | finalizarRevision.php:32-64 | DemisClass.php:450-453,11,0,FLOW_SEMANTIC_INFERENCE_REVIEW_REQUIRED
customs-dav-client-review-approval,dav_mercancia,dav,READ_OR_CONTEXT,"Catalogo o parametro que condiciona reglas, permisos o variantes del flujo.","codigo, idmercancia, mercancia, solodam",control de acceso/cliente; transicion o bloqueo por estado; regla documental/carga-descarga; calculo financiero/impositivo; persistencia/atomicidad/concurrencia; notificacion o acceso externo,variante cliente pendiente de confirmar; catalogo/semantica pendiente; seguridad/autorizacion sensible,,`dav_mercancia` | Catalogo de mercancia para items DAV/FDM.,index_archivos/logistica/componentes/demis/embarques_lista_dav.php:11-64 | index_archivos/logistica/componentes/demis/davdetalle.php:881-900 | index_archivos/logistica/js/datosDemis.js:1-113 | index_archivos/logistica/ajax/demis/aceptarDemis.php:14-18 | index_archivos/logistica/ajax/demis/rechazarDemis.php:14-18 | index_archivos/logistica/ajax/demis/verificarCarpeta.php:12-31 | index_archivos/logistica/ajax/demis/finalizarRevision.php:18-74 | index_archivos/logistica/DemisClass.php:13-39 | index_archivos/logistica/DemisClass.php:405-465 | embarques_lista_dav.php:22-24 | davdetalle.php:885-890 | aceptarDemis.php:14-18 | DemisClass.php:405-407 | rechazarDemis.php:14-18 | verificarCarpeta.php:15-30 | finalizarRevision.php:21-24 | DemisClass.php:420-422 | finalizarRevision.php:45-51 | finalizarRevision.php:32-64 | DemisClass.php:450-453,1,0,FLOW_SEMANTIC_INFERENCE_REVIEW_REQUIRED
customs-dav-client-review-approval,dav_parametro,dav,REFERENCE_OR_STATE_CATALOG,"Catalogo o parametro que condiciona reglas, permisos o variantes del flujo.","idmercancia, idparametro, solodam",control de acceso/cliente; transicion o bloqueo por estado; regla documental/carga-descarga; calculo financiero/impositivo; persistencia/atomicidad/concurrencia; notificacion o acceso externo,variante cliente pendiente de confirmar; catalogo/semantica pendiente; seguridad/autorizacion sensible,,`dav_parametro` / `dav_dato` | Parametros tecnicos y valores 1-14 de mercancia usados para armar detalle DAV/FDM.,index_archivos/logistica/componentes/demis/embarques_lista_dav.php:11-64 | index_archivos/logistica/componentes/demis/davdetalle.php:881-900 | index_archivos/logistica/js/datosDemis.js:1-113 | index_archivos/logistica/ajax/demis/aceptarDemis.php:14-18 | index_archivos/logistica/ajax/demis/rechazarDemis.php:14-18 | index_archivos/logistica/ajax/demis/verificarCarpeta.php:12-31 | index_archivos/logistica/ajax/demis/finalizarRevision.php:18-74 | index_archivos/logistica/DemisClass.php:13-39 | index_archivos/logistica/DemisClass.php:405-465 | embarques_lista_dav.php:22-24 | davdetalle.php:885-890 | aceptarDemis.php:14-18 | DemisClass.php:405-407 | rechazarDemis.php:14-18 | verificarCarpeta.php:15-30 | finalizarRevision.php:21-24 | DemisClass.php:420-422 | finalizarRevision.php:45-51 | finalizarRevision.php:32-64 | DemisClass.php:450-453,1,0,FLOW_SEMANTIC_INFERENCE_REVIEW_REQUIRED
customs-dav-client-review-approval,dav_partidas,dav,READ_OR_CONTEXT,Modelo de lectura o fuente de reporteria del flujo.,"estadopartida, idacuerdo, iddav, idestadopartida, idfacturacomercial, idmercancia, idpartidas, idunidadfactura, mercancia, unidadfactura",control de acceso/cliente; transicion o bloqueo por estado; regla documental/carga-descarga; calculo financiero/impositivo; persistencia/atomicidad/concurrencia; notificacion o acceso externo,variante cliente pendiente de confirmar; catalogo/semantica pendiente; seguridad/autorizacion sensible,,`dav_partidas` | Items/partidas de DAV/FDM consultadas en el detalle revisable.,index_archivos/logistica/componentes/demis/embarques_lista_dav.php:11-64 | index_archivos/logistica/componentes/demis/davdetalle.php:881-900 | index_archivos/logistica/js/datosDemis.js:1-113 | index_archivos/logistica/ajax/demis/aceptarDemis.php:14-18 | index_archivos/logistica/ajax/demis/rechazarDemis.php:14-18 | index_archivos/logistica/ajax/demis/verificarCarpeta.php:12-31 | index_archivos/logistica/ajax/demis/finalizarRevision.php:18-74 | index_archivos/logistica/DemisClass.php:13-39 | index_archivos/logistica/DemisClass.php:405-465 | embarques_lista_dav.php:22-24 | davdetalle.php:885-890 | aceptarDemis.php:14-18 | DemisClass.php:405-407 | rechazarDemis.php:14-18 | verificarCarpeta.php:15-30 | finalizarRevision.php:21-24 | DemisClass.php:420-422 | finalizarRevision.php:45-51 | finalizarRevision.php:32-64 | DemisClass.php:450-453,13,0,FLOW_SEMANTIC_INFERENCE_REVIEW_REQUIRED
customs-dav-client-review-approval,dav_proveedor,dav,READ_OR_CONTEXT,Entidad de contexto usada por el flujo para consultar o relacionar informacion de negocio.,"email, idclienteusuarios, idproveedor, proveedor",control de acceso/cliente; transicion o bloqueo por estado; regla documental/carga-descarga; calculo financiero/impositivo; persistencia/atomicidad/concurrencia; notificacion o acceso externo,variante cliente pendiente de confirmar; catalogo/semantica pendiente; seguridad/autorizacion sensible,,`dav_proveedor` | Proveedor mostrado en la lista de DAV/FDM.,index_archivos/logistica/componentes/demis/embarques_lista_dav.php:11-64 | index_archivos/logistica/componentes/demis/davdetalle.php:881-900 | index_archivos/logistica/js/datosDemis.js:1-113 | index_archivos/logistica/ajax/demis/aceptarDemis.php:14-18 | index_archivos/logistica/ajax/demis/rechazarDemis.php:14-18 | index_archivos/logistica/ajax/demis/verificarCarpeta.php:12-31 | index_archivos/logistica/ajax/demis/finalizarRevision.php:18-74 | index_archivos/logistica/DemisClass.php:13-39 | index_archivos/logistica/DemisClass.php:405-465 | embarques_lista_dav.php:22-24 | davdetalle.php:885-890 | aceptarDemis.php:14-18 | DemisClass.php:405-407 | rechazarDemis.php:14-18 | verificarCarpeta.php:15-30 | finalizarRevision.php:21-24 | DemisClass.php:420-422 | finalizarRevision.php:45-51 | finalizarRevision.php:32-64 | DemisClass.php:450-453,19,2,FLOW_SEMANTIC_INFERENCE_REVIEW_REQUIRED
customs-dav-client-review-approval,dav_unidadfactura,dav,READ_OR_CONTEXT,Entidad de contexto usada por el flujo para consultar o relacionar informacion de negocio.,"iddav, idunidadfactura, unidadfactura",control de acceso/cliente; transicion o bloqueo por estado; regla documental/carga-descarga; calculo financiero/impositivo; persistencia/atomicidad/concurrencia; notificacion o acceso externo,variante cliente pendiente de confirmar; catalogo/semantica pendiente; seguridad/autorizacion sensible,,`dav_unidadfactura` | Unidad de factura mostrada por item.,index_archivos/logistica/componentes/demis/embarques_lista_dav.php:11-64 | index_archivos/logistica/componentes/demis/davdetalle.php:881-900 | index_archivos/logistica/js/datosDemis.js:1-113 | index_archivos/logistica/ajax/demis/aceptarDemis.php:14-18 | index_archivos/logistica/ajax/demis/rechazarDemis.php:14-18 | index_archivos/logistica/ajax/demis/verificarCarpeta.php:12-31 | index_archivos/logistica/ajax/demis/finalizarRevision.php:18-74 | index_archivos/logistica/DemisClass.php:13-39 | index_archivos/logistica/DemisClass.php:405-465 | embarques_lista_dav.php:22-24 | davdetalle.php:885-890 | aceptarDemis.php:14-18 | DemisClass.php:405-407 | rechazarDemis.php:14-18 | verificarCarpeta.php:15-30 | finalizarRevision.php:21-24 | DemisClass.php:420-422 | finalizarRevision.php:45-51 | finalizarRevision.php:32-64 | DemisClass.php:450-453,1,0,FLOW_SEMANTIC_INFERENCE_REVIEW_REQUIRED
customs-dav-client-review-approval,dav_usuario,dav,READ_OR_CONTEXT,Entidad de contexto usada por el flujo para consultar o relacionar informacion de negocio.,"codigo, email, idusuario",control de acceso/cliente; transicion o bloqueo por estado; regla documental/carga-descarga; calculo financiero/impositivo; persistencia/atomicidad/concurrencia; notificacion o acceso externo,variante cliente pendiente de confirmar; catalogo/semantica pendiente; seguridad/autorizacion sensible,,`dav_usuario` | Correos de coordinador y oficial.,index_archivos/logistica/componentes/demis/embarques_lista_dav.php:11-64 | index_archivos/logistica/componentes/demis/davdetalle.php:881-900 | index_archivos/logistica/js/datosDemis.js:1-113 | index_archivos/logistica/ajax/demis/aceptarDemis.php:14-18 | index_archivos/logistica/ajax/demis/rechazarDemis.php:14-18 | index_archivos/logistica/ajax/demis/verificarCarpeta.php:12-31 | index_archivos/logistica/ajax/demis/finalizarRevision.php:18-74 | index_archivos/logistica/DemisClass.php:13-39 | index_archivos/logistica/DemisClass.php:405-465 | embarques_lista_dav.php:22-24 | davdetalle.php:885-890 | aceptarDemis.php:14-18 | DemisClass.php:405-407 | rechazarDemis.php:14-18 | verificarCarpeta.php:15-30 | finalizarRevision.php:21-24 | DemisClass.php:420-422 | finalizarRevision.php:45-51 | finalizarRevision.php:32-64 | DemisClass.php:450-453,17,0,FLOW_SEMANTIC_INFERENCE_REVIEW_REQUIRED
customs-dav-client-review-approval,logis_embarques,logis,READ_OR_CONTEXT,Entidad de contexto usada por el flujo para consultar o relacionar informacion de negocio.,"email, id, idcliente, idusuario, ordencompra, ordencompraini",control de acceso/cliente; transicion o bloqueo por estado; regla documental/carga-descarga; calculo financiero/impositivo; persistencia/atomicidad/concurrencia; notificacion o acceso externo,variante cliente pendiente de confirmar; catalogo/semantica pendiente; seguridad/autorizacion sensible,,`logis_embarques` | Embarque logistico usado como entrada y para datos de correo.,index_archivos/logistica/componentes/demis/embarques_lista_dav.php:11-64 | index_archivos/logistica/componentes/demis/davdetalle.php:881-900 | index_archivos/logistica/js/datosDemis.js:1-113 | index_archivos/logistica/ajax/demis/aceptarDemis.php:14-18 | index_archivos/logistica/ajax/demis/rechazarDemis.php:14-18 | index_archivos/logistica/ajax/demis/verificarCarpeta.php:12-31 | index_archivos/logistica/ajax/demis/finalizarRevision.php:18-74 | index_archivos/logistica/DemisClass.php:13-39 | index_archivos/logistica/DemisClass.php:405-465 | embarques_lista_dav.php:22-24 | davdetalle.php:885-890 | aceptarDemis.php:14-18 | DemisClass.php:405-407 | rechazarDemis.php:14-18 | verificarCarpeta.php:15-30 | finalizarRevision.php:21-24 | DemisClass.php:420-422 | finalizarRevision.php:45-51 | finalizarRevision.php:32-64 | DemisClass.php:450-453,25,3,FLOW_SEMANTIC_INFERENCE_REVIEW_REQUIRED
customs-dex-ocr-validation-update,dav_casos,dav,UPDATE,Entidad transaccional modificada por el flujo; sus cambios deben caracterizarse antes de refactor.,"carpeta, fechavalidaciondui, idcasosprevios, nodui, nosidunea",transicion o bloqueo por estado; regla documental/carga-descarga; calculo financiero/impositivo; persistencia/atomicidad/concurrencia,catalogo/semantica pendiente,UPDATE,"- Resolucion de la solicitud/carpeta desde `logis_embarques.idExchange` o `dav_casosprevios.idExchange`. | - Actualizacion de `dav_casos.gestiondui`, `nodui`, `nosidunea` y `fechavalidaciondui`. | Datos DUI/DEX actualizados en `dav_casos`. | - La declaracion debe separarse en gestion y numero antes de actualizar `dav_casos`. | | Consultas a `logis_embarques` y `dav_casosprevios` | INFERRED_DRAFT_REVIEW_REQUIRED | | BR-CDOVU-003 | La actualizacion aduanera solo procede cuando la carpeta OCR coincide con `dav_casos.carpeta`.",index_archivos/intercambioDocumental/ajax/documento-ocr-dex.php:1-33 | index_archivos/intercambioDocumental/ajax/documento-ocr-dex.php:40-62 | index_archivos/intercambioDocumental/ajax/documento-ocr-dex.php:83-101 | index_archivos/intercambioDocumental/ajax/documento-ocr-dex.php:106-139 | index_archivos/intercambioDocumental/ajax/documento-ocr-dex.php:141-221 | index_archivos/intercambioDocumental/ajax/documento-ocr-dex.php:230-243 | index_archivos/intercambioDocumental/ajax/documento-ocr-dex.php:40-62 | index_archivos/intercambioDocumental/ajax/documento-ocr-dex.php:106-139 | EV-SQL_QUERY-1E16A453C0FC22 .data_base/asgard.sql:17707 READS access to dav_casos | EV-SQL_QUERY-C8AB19C9274D78 .data_base/asgard.sql:17755 READS access to dav_casos | EV-SQL_QUERY-85B23A1F6B1886 .data_base/asgard.sql:17773 READS access to dav_casosprevios | EV-SQL_QUERY-A3D8E3282D4ABA .data_base/asgard.sql:17773 READS access to dav_casos | EV-SQL_QUERY-1A08C59D5D207E .data_base/asgard.sql:17815 READS access to dav_casostarea | EV-SQL_QUERY-F5AD1D6FB7CE71 .data_base/asgard.sql:17821 READS access to dav_casos | EV-SQL_QUERY-21DBC002504852 .data_base/asgard.sql:17827 READS access to dav_casos | EV-SQL_QUERY-F810E95BCF97F6 .data_base/asgard.sql:17839 READS access to dav_casos | EV-SQL_QUERY-6078F1BF55EFAA .data_base/asgard.sql:17875 READS access to dav_casos | EV-SQL_QUERY-A3EEC206C5E6EE .data_base/asgard.sql:17881 READS access to dav_casos | EV-SQL_QUERY-CE70168053BD60 .data_base/asgard.sql:17887 READS access to dav_casos | EV-SQL_QUERY-510EF36FB05331 .data_base/asgard.sql:17893 READS access to dav_casosprevios,23,3,FLOW_SEMANTIC_INFERENCE_REVIEW_REQUIRED
customs-document-approval,dav_documentosprevios,dav,READ_OR_CONTEXT,"Entidad documental o soporte usado para validar, adjuntar, generar o descargar evidencias.","aceptar, adjunto",control de acceso/cliente; transicion o bloqueo por estado; regla documental/carga-descarga; calculo financiero/impositivo; notificacion o acceso externo,variante cliente pendiente de confirmar; catalogo/semantica pendiente,,"Documentos previos se registran en `dav_documentosprevios`. | Si un documento intermedio se completa, ASGARD crea un `dav_documentosprevios` relacionado y oculta el intermedio. | `dav_documentosprevios` | Documento requerido/asociado a caso previo, datos fiscales/documentales y adjunto. | Creado | Registro en `dav_documentosprevios`.",index_archivos/documentacion.php:86-171 | index_archivos/documentacion.php:234-323 | index_archivos/documentacionaprobado.php:74-171 | index_archivos/documentacionaprobado.php:196-270 | index_archivos/documentacionaprobado.php:316-476 | index_archivos/finsolicitud.php:196-220 | index_archivos/finsolicitud.php:375 | index_archivos/documentacion.php:330-357 | index_archivos/documentacionaprobado.php:281-316 | index_archivos/documentacionaprobado.php:421-476 | index_archivos/documentacionaprobado.php:970-1053 | documentacion.php:86-109 | .data_base/asgard.sql:5484-5502 | documentacion.php:118-140 | .data_base/asgard.sql:7839-7848 | documentacion.php:234-271 | documentacionaprobado.php:196-241 | .data_base/asgard.sql:6893-6898 | documentacionaprobado.php:970-999 | documentacionaprobado.php:316,0,1,FLOW_SEMANTIC_INFERENCE_REVIEW_REQUIRED
customs-document-approval,dav_formatodocumento,dav,READ_OR_CONTEXT,"Catalogo o parametro que condiciona reglas, permisos o variantes del flujo.",formatodocumento,control de acceso/cliente; transicion o bloqueo por estado; regla documental/carga-descarga; calculo financiero/impositivo; notificacion o acceso externo,variante cliente pendiente de confirmar; catalogo/semantica pendiente,,`dav_formatodocumento` | Catalogo de formato documental.,index_archivos/documentacion.php:86-171 | index_archivos/documentacion.php:234-323 | index_archivos/documentacionaprobado.php:74-171 | index_archivos/documentacionaprobado.php:196-270 | index_archivos/documentacionaprobado.php:316-476 | index_archivos/finsolicitud.php:196-220 | index_archivos/finsolicitud.php:375 | index_archivos/documentacion.php:330-357 | index_archivos/documentacionaprobado.php:281-316 | index_archivos/documentacionaprobado.php:421-476 | index_archivos/documentacionaprobado.php:970-1053 | documentacion.php:86-109 | .data_base/asgard.sql:5484-5502 | documentacion.php:118-140 | .data_base/asgard.sql:7839-7848 | documentacion.php:234-271 | documentacionaprobado.php:196-241 | .data_base/asgard.sql:6893-6898 | documentacionaprobado.php:970-999 | documentacionaprobado.php:316,0,0,FLOW_SEMANTIC_INFERENCE_REVIEW_REQUIRED
customs-document-approval,dav_intermediodocumento,dav,READ_OR_CONTEXT,"Entidad documental o soporte usado para validar, adjuntar, generar o descargar evidencias.",ocultar,control de acceso/cliente; transicion o bloqueo por estado; regla documental/carga-descarga; calculo financiero/impositivo; notificacion o acceso externo,variante cliente pendiente de confirmar; catalogo/semantica pendiente,,`dav_intermediodocumento` | Documentos intermedios del caso que pueden convertirse en previos y ocultarse. | Convertido desde intermedio | Nace desde `dav_intermediodocumento`.,index_archivos/documentacion.php:86-171 | index_archivos/documentacion.php:234-323 | index_archivos/documentacionaprobado.php:74-171 | index_archivos/documentacionaprobado.php:196-270 | index_archivos/documentacionaprobado.php:316-476 | index_archivos/finsolicitud.php:196-220 | index_archivos/finsolicitud.php:375 | index_archivos/documentacion.php:330-357 | index_archivos/documentacionaprobado.php:281-316 | index_archivos/documentacionaprobado.php:421-476 | index_archivos/documentacionaprobado.php:970-1053 | documentacion.php:86-109 | .data_base/asgard.sql:5484-5502 | documentacion.php:118-140 | .data_base/asgard.sql:7839-7848 | documentacion.php:234-271 | documentacionaprobado.php:196-241 | .data_base/asgard.sql:6893-6898 | documentacionaprobado.php:970-999 | documentacionaprobado.php:316,0,0,FLOW_SEMANTIC_INFERENCE_REVIEW_REQUIRED
customs-document-approval,dav_otrosdocumentosprevios,dav,READ_OR_CONTEXT,"Entidad documental o soporte usado para validar, adjuntar, generar o descargar evidencias.","adjunto, enviado, estado, transportista",control de acceso/cliente; transicion o bloqueo por estado; regla documental/carga-descarga; calculo financiero/impositivo; notificacion o acceso externo,variante cliente pendiente de confirmar; catalogo/semantica pendiente,,- Otros documentos se registran en `dav_otrosdocumentosprevios`. | CDA-BR-002 | Otros documentos se registran en `dav_otrosdocumentosprevios` con descripcion y adjunto opcional. | `dav_otrosdocumentosprevios` | Documentos adicionales no catalogados o complementarios. | Creado | Registro en `dav_otrosdocumentosprevios`.,index_archivos/documentacion.php:86-171 | index_archivos/documentacion.php:234-323 | index_archivos/documentacionaprobado.php:74-171 | index_archivos/documentacionaprobado.php:196-270 | index_archivos/documentacionaprobado.php:316-476 | index_archivos/finsolicitud.php:196-220 | index_archivos/finsolicitud.php:375 | index_archivos/documentacion.php:330-357 | index_archivos/documentacionaprobado.php:281-316 | index_archivos/documentacionaprobado.php:421-476 | index_archivos/documentacionaprobado.php:970-1053 | documentacion.php:86-109 | .data_base/asgard.sql:5484-5502 | documentacion.php:118-140 | .data_base/asgard.sql:7839-7848 | documentacion.php:234-271 | documentacionaprobado.php:196-241 | .data_base/asgard.sql:6893-6898 | documentacionaprobado.php:970-999 | documentacionaprobado.php:316,0,0,FLOW_SEMANTIC_INFERENCE_REVIEW_REQUIRED
customs-document-approval,dav_tipodocumento,dav,REFERENCE_OR_STATE_CATALOG,"Catalogo o parametro que condiciona reglas, permisos o variantes del flujo.","importe, orden, tipodocumento",control de acceso/cliente; transicion o bloqueo por estado; regla documental/carga-descarga; calculo financiero/impositivo; notificacion o acceso externo,variante cliente pendiente de confirmar; catalogo/semantica pendiente,,"`dav_tipodocumento` | Catalogo de tipos de documento, plazos, orden y atributos.",index_archivos/documentacion.php:86-171 | index_archivos/documentacion.php:234-323 | index_archivos/documentacionaprobado.php:74-171 | index_archivos/documentacionaprobado.php:196-270 | index_archivos/documentacionaprobado.php:316-476 | index_archivos/finsolicitud.php:196-220 | index_archivos/finsolicitud.php:375 | index_archivos/documentacion.php:330-357 | index_archivos/documentacionaprobado.php:281-316 | index_archivos/documentacionaprobado.php:421-476 | index_archivos/documentacionaprobado.php:970-1053 | documentacion.php:86-109 | .data_base/asgard.sql:5484-5502 | documentacion.php:118-140 | .data_base/asgard.sql:7839-7848 | documentacion.php:234-271 | documentacionaprobado.php:196-241 | .data_base/asgard.sql:6893-6898 | documentacionaprobado.php:970-999 | documentacionaprobado.php:316,2,0,FLOW_SEMANTIC_INFERENCE_REVIEW_REQUIRED
customs-document-approval,tmp_documentosprevios,tmp,TEMPORARY_VALIDATION_OR_REPORTING_SUPPORT,"Tabla temporal/staging usada para preparar, validar o consolidar informacion del flujo.","fecha, importe, numero",control de acceso/cliente; transicion o bloqueo por estado; regla documental/carga-descarga; calculo financiero/impositivo; notificacion o acceso externo,variante cliente pendiente de confirmar; catalogo/semantica pendiente,,- Carga masiva de documentos usa `tmp_documentosprevios`. | `tmp_documentosprevios` | Staging para carga masiva de documentos.,index_archivos/documentacion.php:86-171 | index_archivos/documentacion.php:234-323 | index_archivos/documentacionaprobado.php:74-171 | index_archivos/documentacionaprobado.php:196-270 | index_archivos/documentacionaprobado.php:316-476 | index_archivos/finsolicitud.php:196-220 | index_archivos/finsolicitud.php:375 | index_archivos/documentacion.php:330-357 | index_archivos/documentacionaprobado.php:281-316 | index_archivos/documentacionaprobado.php:421-476 | index_archivos/documentacionaprobado.php:970-1053 | documentacion.php:86-109 | .data_base/asgard.sql:5484-5502 | documentacion.php:118-140 | .data_base/asgard.sql:7839-7848 | documentacion.php:234-271 | documentacionaprobado.php:196-241 | .data_base/asgard.sql:6893-6898 | documentacionaprobado.php:970-999 | documentacionaprobado.php:316,0,0,FLOW_SEMANTIC_INFERENCE_REVIEW_REQUIRED
customs-guarantee-tax-control,cc_registro_documentos,cc,REPORTING_READ_MODEL,"Catalogo o parametro que condiciona reglas, permisos o variantes del flujo.","deleted_at, marca, monto_boleta, tipo_documento_id",control de acceso/cliente; transicion o bloqueo por estado; regla documental/carga-descarga; calculo financiero/impositivo,variante cliente pendiente de confirmar; catalogo/semantica pendiente,,"`.data_base/asgard.sql` | Tablas `cc_registro_documentos`, `dav_casos`, `dav_facturacomercial`, `dav_partidas`, `dav_liquidacion`, `dav_pagosdetalle`, `dav_cobros`, `dav_anticipos`, `dav_facturaplanilla`. | BR-CGTC-004 | El monto total de garantia se obtiene desde `cc_registro_documentos` con `tipo_documento_id=4` y `deleted_at IS NULL`. | `cc_registro_documentos.monto_boleta` | Monto registrado de boleta/garantia. | `cc_registro_documentos.tipo_documento_id` | Tipo de documento usado para identificar garantia, observado como `4`.",EV-SQL_QUERY-F2705AAF07D46D .data_base/asgard.sql:17725 READS access to cc_registro_documentos | EV-SQL_QUERY-77848D9C1EE759 .data_base/asgard.sql:18032 READS access to cc_registro_documentos | EV-SQL_QUERY-C6CFC2E4BAE59C .data_base/asgard.sql:18057 READS access to cc_registro_documentos | EV-SQL_QUERY-6119318AE4E00A .data_base/asgard.sql:28032 READS access to cc_registro_documentos | EV-SQL_QUERY-2CD4AD9D5F8161 .data_base/asgard.sql:28073 READS access to cc_registro_documentos | EV-SQL_QUERY-897645CE226FAA index_archivos/contables/controllers/ContabilidadClass.php:250 READS access to cc_registro_documentos | EV-SQL_QUERY-9375FB360B046B index_archivos/parametros/control_certificaciones/controladores/CommonController.php:82 READS access to cc_registro_documentos | EV-SQL_QUERY-30FD5BB3A4CA55 index_archivos/parametros/control_certificaciones/controladores/CommonController.php:140 READS access to cc_registro_documentos | EV-SQL_QUERY-65AEDA5D3E922A index_archivos/parametros/control_certificaciones/controladores/CommonController.php:205 READS access to cc_registro_documentos | EV-SQL_QUERY-00F4FF44BE13A9 index_archivos/parametros/control_certificaciones/controladores/ControlCertificacionesController.php:17 WRITES access to cc_registro_documentos | EV-SQL_QUERY-67667C0999AE50 index_archivos/parametros/control_certificaciones/controladores/ControlCertificacionesController.php:113 WRITES access to cc_registro_documentos | EV-SQL_QUERY-4AF0ACECA625B1 index_archivos/parametros/control_certificaciones/controladores/ControlCertificacionesController.php:182 READS access to cc_registro_documentos | EV-SQL_QUERY-4FB21B71354DAC index_archivos/parametros/control_certificaciones/notificaciones/notificaciones-boleta-garantia.php:28 READS access to cc_registro_documentos | EV-SQL_QUERY-E6E18E237EA1E3 index_archivos/parametros/control_certificaciones/notificaciones/notificaciones.php:22 READS access to cc_registro_documentos | EV-SQL_QUERY-9DCC78AEBFED96 index_archivos/parametros/control_certificaciones/notificaciones/notificaciones_mensuales.php:24 READS access to cc_registro_documentos | EV-SQL_QUERY-73B4AAC93DDEBE index_archivos/parametros/control_certificaciones/notificaciones/notificaciones_semanales.php:22 READS access to cc_registro_documentos | EV-SQL_QUERY-685428C4942E0E index_archivos/vehiculosexcel/VehiculosExcel.php:354 READS access to cc_registro_documentos,9,1,FLOW_SEMANTIC_INFERENCE_REVIEW_REQUIRED
customs-guarantee-tax-control,dav_anticipos,dav,REPORTING_READ_MODEL,"Entidad documental o soporte usado para validar, adjuntar, generar o descargar evidencias.","fecha, glosa, idcliente, monto, recibo, saldo",control de acceso/cliente; transicion o bloqueo por estado; regla documental/carga-descarga; calculo financiero/impositivo,variante cliente pendiente de confirmar; catalogo/semantica pendiente,,"`.data_base/asgard.sql` | Tablas `cc_registro_documentos`, `dav_casos`, `dav_facturacomercial`, `dav_partidas`, `dav_liquidacion`, `dav_pagosdetalle`, `dav_cobros`, `dav_anticipos`, `dav_facturaplanilla`. | `dav_anticipos.recibo` | Recibo asociado a fondos recibidos.",EV-SQL_QUERY-2A15CC991CAB98 .data_base/asgard.sql:18660 READS access to dav_anticipos | EV-SQL_QUERY-030BD16A08DE21 .data_base/asgard.sql:18741 READS access to dav_anticipos | EV-SQL_QUERY-960D901A36E7A7 .data_base/asgard.sql:18760 READS access to dav_anticipos | EV-SQL_QUERY-A1D74F7A1D5870 .data_base/asgard.sql:18781 READS access to dav_anticipos | EV-SQL_QUERY-6B42D2338AA68B .data_base/asgard.sql:22210 READS access to dav_anticipos | EV-SQL_QUERY-B7A6634D4BBC82 .data_base/asgard.sql:22287 READS access to dav_anticipos | EV-SQL_QUERY-5C7B29049467BF .data_base/asgard.sql:22305 READS access to dav_anticipos | EV-SQL_QUERY-06398996B10E30 .data_base/asgard.sql:22325 READS access to dav_anticipos | EV-SQL_QUERY-7D431A864527D3 .data_base/asgard.sql:24189 READS access to dav_anticipos | EV-SQL_QUERY-F99B37E485C3C0 .data_base/asgard.sql:24266 READS access to dav_anticipos | EV-SQL_QUERY-5F4C09519FF4FE .data_base/asgard.sql:24284 READS access to dav_anticipos | EV-SQL_QUERY-00734033BA8F69 .data_base/asgard.sql:24304 READS access to dav_anticipos | EV-SQL_QUERY-579EC49D15443C .data_base/asgard.sql:25347 READS access to dav_anticipos | EV-SQL_QUERY-643C37FFBDD3D0 .data_base/asgard.sql:25424 READS access to dav_anticipos | EV-SQL_QUERY-CE2B7F7FA65C99 .data_base/asgard.sql:25442 READS access to dav_anticipos | EV-SQL_QUERY-993E7A75EAE1BF .data_base/asgard.sql:25462 READS access to dav_anticipos | EV-SQL_QUERY-44F95C4FBC41BF .data_base/asgard.sql:38228 READS access to dav_anticipos | EV-SQL_QUERY-06BBC313743D00 .data_base/asgard.sql:38311 READS access to dav_anticipos | EV-SQL_QUERY-69D743C74237DA .data_base/asgard.sql:38331 READS access to dav_anticipos | EV-SQL_QUERY-F26D3F55D611CC .data_base/asgard.sql:38351 READS access to dav_anticipos,1,0,FLOW_SEMANTIC_INFERENCE_REVIEW_REQUIRED
customs-guarantee-tax-control,dav_casos,dav,REPORTING_READ_MODEL,"Catalogo o parametro que condiciona reglas, permisos o variantes del flujo.","fechaasignacioncanal, fechapagodui, fechapasesalida",control de acceso/cliente; transicion o bloqueo por estado; regla documental/carga-descarga; calculo financiero/impositivo,variante cliente pendiente de confirmar; catalogo/semantica pendiente,,"`.data_base/asgard.sql` | Tablas `cc_registro_documentos`, `dav_casos`, `dav_facturacomercial`, `dav_partidas`, `dav_liquidacion`, `dav_pagosdetalle`, `dav_cobros`, `dav_anticipos`, `dav_facturaplanilla`. | `dav_casos.idcliente` | Cliente propietario del caso. | `dav_casos.idtipodeclaracion` | Tipo de declaracion para filtrar seguimiento. | `dav_casos.anulado` | Exclusion de casos anulados. | `dav_casos.fechapasesalida` | Indicador de extraccion/salida.",EV-SQL_QUERY-1E16A453C0FC22 .data_base/asgard.sql:17707 READS access to dav_casos | EV-SQL_QUERY-C8AB19C9274D78 .data_base/asgard.sql:17755 READS access to dav_casos | EV-SQL_QUERY-85B23A1F6B1886 .data_base/asgard.sql:17773 READS access to dav_casosprevios | EV-SQL_QUERY-A3D8E3282D4ABA .data_base/asgard.sql:17773 READS access to dav_casos | EV-SQL_QUERY-1A08C59D5D207E .data_base/asgard.sql:17815 READS access to dav_casostarea | EV-SQL_QUERY-F5AD1D6FB7CE71 .data_base/asgard.sql:17821 READS access to dav_casos | EV-SQL_QUERY-21DBC002504852 .data_base/asgard.sql:17827 READS access to dav_casos | EV-SQL_QUERY-F810E95BCF97F6 .data_base/asgard.sql:17839 READS access to dav_casos | EV-SQL_QUERY-6078F1BF55EFAA .data_base/asgard.sql:17875 READS access to dav_casos | EV-SQL_QUERY-A3EEC206C5E6EE .data_base/asgard.sql:17881 READS access to dav_casos | EV-SQL_QUERY-CE70168053BD60 .data_base/asgard.sql:17887 READS access to dav_casos | EV-SQL_QUERY-510EF36FB05331 .data_base/asgard.sql:17893 READS access to dav_casosprevios | EV-SQL_QUERY-5EE6AF5366A82A .data_base/asgard.sql:17893 READS access to dav_casos | EV-SQL_QUERY-BB76D27B1C1433 .data_base/asgard.sql:17917 READS access to dav_casos | EV-SQL_QUERY-D9DF6CBD08D688 .data_base/asgard.sql:17917 READS access to dav_casosprevios | EV-SQL_QUERY-1EE354C2A5DD75 .data_base/asgard.sql:17941 READS access to dav_casosprevios | EV-SQL_QUERY-7CC97CDA261E3B .data_base/asgard.sql:17947 READS access to dav_casos | EV-SQL_QUERY-B3F6CA84CCD544 .data_base/asgard.sql:18239 READS access to dav_casos | EV-SQL_QUERY-2D87C35537BA0A .data_base/asgard.sql:18276 READS access to dav_casosprevios | EV-SQL_QUERY-41CBA511A1A811 .data_base/asgard.sql:18307 READS access to dav_casos,23,3,FLOW_SEMANTIC_INFERENCE_REVIEW_REQUIRED
customs-guarantee-tax-control,dav_cobros,dav,REPORTING_READ_MODEL,"Entidad documental o soporte usado para validar, adjuntar, generar o descargar evidencias.","fecha, fechapago, monto, tributos",control de acceso/cliente; transicion o bloqueo por estado; regla documental/carga-descarga; calculo financiero/impositivo,variante cliente pendiente de confirmar; catalogo/semantica pendiente,,"`.data_base/asgard.sql` | Tablas `cc_registro_documentos`, `dav_casos`, `dav_facturacomercial`, `dav_partidas`, `dav_liquidacion`, `dav_pagosdetalle`, `dav_cobros`, `dav_anticipos`, `dav_facturaplanilla`. | `dav_cobros.tributos` | Marca de cobros asociados a tributos.",EV-SQL_QUERY-46F156FDFCCF5E .data_base/asgard.sql:18637 READS access to dav_cobros | EV-SQL_QUERY-C5B0A4A5848DF3 .data_base/asgard.sql:18657 READS access to dav_cobros | EV-SQL_QUERY-FAF5BFEE0162F9 .data_base/asgard.sql:18676 READS access to dav_cobros | EV-SQL_QUERY-49D1DBE47AAC99 .data_base/asgard.sql:18694 READS access to dav_cobros | EV-SQL_QUERY-051DC1BC86E9B7 .data_base/asgard.sql:18713 READS access to dav_cobros | EV-SQL_QUERY-5B743D403625ED .data_base/asgard.sql:18738 READS access to dav_cobros | EV-SQL_QUERY-AF4D4D863CAEC5 .data_base/asgard.sql:18757 READS access to dav_cobros | EV-SQL_QUERY-18813198F765F1 .data_base/asgard.sql:18778 READS access to dav_cobros | EV-SQL_QUERY-A24B2D255640BB .data_base/asgard.sql:18804 READS access to dav_cobros | EV-SQL_QUERY-B94EC2BC4677D4 .data_base/asgard.sql:18825 READS access to dav_cobros | EV-SQL_QUERY-CDD4913F45DAF2 .data_base/asgard.sql:19727 READS access to dav_cobros | EV-SQL_QUERY-C83A3DB8C25B2F .data_base/asgard.sql:19743 READS access to dav_cobros | EV-SQL_QUERY-1C18CCBB09B3B3 .data_base/asgard.sql:19760 READS access to dav_cobros | EV-SQL_QUERY-D412DDA281220E .data_base/asgard.sql:20116 READS access to dav_cobros | EV-SQL_QUERY-F424EBBB0AF9FF .data_base/asgard.sql:20132 READS access to dav_cobros | EV-SQL_QUERY-0713601347E8D7 .data_base/asgard.sql:20149 READS access to dav_cobros | EV-SQL_QUERY-9479B1D16A4393 .data_base/asgard.sql:20582 READS access to dav_cobros | EV-SQL_QUERY-E9295FB43E6190 .data_base/asgard.sql:20598 READS access to dav_cobros | EV-SQL_QUERY-1AF7133D50E6D0 .data_base/asgard.sql:20615 READS access to dav_cobros | EV-SQL_QUERY-A68559AAC001AE .data_base/asgard.sql:20633 READS access to dav_cobros,1,0,FLOW_SEMANTIC_INFERENCE_REVIEW_REQUIRED
customs-guarantee-tax-control,dav_facturacomercial,dav,REPORTING_READ_MODEL,"Entidad documental o soporte usado para validar, adjuntar, generar o descargar evidencias.",fechaenviodam,control de acceso/cliente; transicion o bloqueo por estado; regla documental/carga-descarga; calculo financiero/impositivo,variante cliente pendiente de confirmar; catalogo/semantica pendiente,,"`.data_base/asgard.sql` | Tablas `cc_registro_documentos`, `dav_casos`, `dav_facturacomercial`, `dav_partidas`, `dav_liquidacion`, `dav_pagosdetalle`, `dav_cobros`, `dav_anticipos`, `dav_facturaplanilla`. | - Las unidades con DAM usan `dav_facturacomercial.fechaenviodam`. | BR-CGTC-005 | Una unidad cuenta como con DAM cuando existe `dav_facturacomercial.fechaenviodam`. | `dav_facturacomercial.fechaenviodam` | Fecha base para unidad con DAM y agrupacion mensual. | Units with DAM are derived from `dav_facturacomercial.fechaenviodam`.",EV-SQL_QUERY-EA5CECD49E45DC .data_base/asgard.sql:17749 READS access to dav_facturacomercial | EV-SQL_QUERY-E0B4CE612BC841 .data_base/asgard.sql:17773 READS access to dav_facturacomercial | EV-SQL_QUERY-F741221752A150 .data_base/asgard.sql:17809 READS access to dav_facturacomercial | EV-SQL_QUERY-D8FA4064EF353B .data_base/asgard.sql:17827 READS access to dav_facturacomercial | EV-SQL_QUERY-016F3CBB861849 .data_base/asgard.sql:17875 READS access to dav_facturacomercial | EV-SQL_QUERY-6D6F63E1CC8C17 .data_base/asgard.sql:17881 READS access to dav_facturacomercial | EV-SQL_QUERY-43F69C8B079F08 .data_base/asgard.sql:17893 READS access to dav_facturacomercial | EV-SQL_QUERY-34BD0FC416E48A .data_base/asgard.sql:17935 READS access to dav_facturacomercial | EV-SQL_QUERY-BA17A572CE7EC0 .data_base/asgard.sql:18213 READS access to dav_facturacomercial | EV-SQL_QUERY-F7242CD4237F7D .data_base/asgard.sql:18238 READS access to dav_facturacomercial | EV-SQL_QUERY-54E651DF531E4E .data_base/asgard.sql:27287 READS access to dav_facturacomercial | EV-SQL_QUERY-C2ACEBCD750270 .data_base/asgard.sql:27460 READS access to dav_facturacomercial | EV-SQL_QUERY-CB8F0C08DC088D .data_base/asgard.sql:27511 READS access to dav_facturacomercial | EV-SQL_QUERY-F1662949A0A332 .data_base/asgard.sql:28125 READS access to dav_facturacomercial | EV-SQL_QUERY-B7C85E727ABA7E .data_base/asgard.sql:28208 READS access to dav_facturacomercial | EV-SQL_QUERY-2B3E611DECC184 .data_base/asgard.sql:28283 READS access to dav_facturacomercial | EV-SQL_QUERY-48A0962DFAA84D .data_base/asgard.sql:28473 READS access to dav_facturacomercial | EV-SQL_QUERY-7714DB97E15F14 .data_base/asgard.sql:29201 READS access to dav_facturacomercial | EV-SQL_QUERY-B92B09539887E7 .data_base/asgard.sql:29354 READS access to dav_facturacomercial | EV-SQL_QUERY-805294D433ADB4 .data_base/asgard.sql:29388 READS access to dav_facturacomercial,11,0,FLOW_SEMANTIC_INFERENCE_REVIEW_REQUIRED
customs-guarantee-tax-control,dav_facturaplanilla,dav,REPORTING_READ_MODEL,"Entidad documental o soporte usado para validar, adjuntar, generar o descargar evidencias.","cliente, fecha, idcliente, nit, observaciones",control de acceso/cliente; transicion o bloqueo por estado; regla documental/carga-descarga; calculo financiero/impositivo,variante cliente pendiente de confirmar; catalogo/semantica pendiente,,"`.data_base/asgard.sql` | Tablas `cc_registro_documentos`, `dav_casos`, `dav_facturacomercial`, `dav_partidas`, `dav_liquidacion`, `dav_pagosdetalle`, `dav_cobros`, `dav_anticipos`, `dav_facturaplanilla`.",EV-SQL_QUERY-7A8D0839363E40 .data_base/asgard.sql:17695 READS access to dav_facturaplanilla | EV-SQL_QUERY-FE2F4B4D50414D .data_base/asgard.sql:17701 READS access to dav_facturaplanilla | EV-SQL_QUERY-380B7E65D6B753 .data_base/asgard.sql:17761 READS access to dav_facturaplanilla | EV-SQL_QUERY-B852A980F6E3B6 .data_base/asgard.sql:17785 READS access to dav_facturaplanilla | EV-SQL_QUERY-0E7A5CD6CC7AB3 .data_base/asgard.sql:17821 READS access to dav_facturaplanilla | EV-SQL_QUERY-CA801278D001D7 .data_base/asgard.sql:17827 READS access to dav_facturaplanilla | EV-SQL_QUERY-F0D2E0E0F20BAB .data_base/asgard.sql:17857 READS access to dav_facturaplanilla | EV-SQL_QUERY-C66C4511D9DA1C .data_base/asgard.sql:17875 READS access to dav_facturaplanilla | EV-SQL_QUERY-B97F8A0E956DAD .data_base/asgard.sql:17917 READS access to dav_facturaplanilla | EV-SQL_QUERY-80623E9DA7EE1B .data_base/asgard.sql:17941 READS access to dav_facturaplanilla | EV-SQL_QUERY-2AFCE480BC0FB0 .data_base/asgard.sql:17977 READS access to dav_facturaplanilla | EV-SQL_QUERY-D6000DFC009DCA .data_base/asgard.sql:17983 READS access to dav_facturaplanilla | EV-SQL_QUERY-00111C41BCBE2E .data_base/asgard.sql:18306 READS access to dav_facturaplanilla | EV-SQL_QUERY-2016900B7344D7 .data_base/asgard.sql:18342 READS access to dav_facturaplanilla | EV-SQL_QUERY-10295D19BBA690 .data_base/asgard.sql:18366 READS access to dav_facturaplanilla | EV-SQL_QUERY-BA1CCA643B30E2 .data_base/asgard.sql:18411 READS access to dav_facturaplanilla | EV-SQL_QUERY-39B09EC3B8B329 .data_base/asgard.sql:18456 READS access to dav_facturaplanilla | EV-SQL_QUERY-4E3900A8536100 .data_base/asgard.sql:18502 READS access to dav_facturaplanilla | EV-SQL_QUERY-EC1FD3759DDCA3 .data_base/asgard.sql:18528 READS access to dav_facturaplanilla | EV-SQL_QUERY-F06CEFE17053E5 .data_base/asgard.sql:18556 READS access to dav_facturaplanilla,2,1,FLOW_SEMANTIC_INFERENCE_REVIEW_REQUIRED
customs-guarantee-tax-control,dav_liquidacion,dav,REPORTING_READ_MODEL,"Entidad documental o soporte usado para validar, adjuntar, generar o descargar evidencias.","CIF, FOB, ICE, IVA, cantidad, deducciones, estado, flete, seguro, unidad",control de acceso/cliente; transicion o bloqueo por estado; regla documental/carga-descarga; calculo financiero/impositivo,variante cliente pendiente de confirmar; catalogo/semantica pendiente,,"`.data_base/asgard.sql` | Tablas `cc_registro_documentos`, `dav_casos`, `dav_facturacomercial`, `dav_partidas`, `dav_liquidacion`, `dav_pagosdetalle`, `dav_cobros`, `dav_anticipos`, `dav_facturaplanilla`. | `dav_liquidacion.GA/IVA/ICE` | Tributos liquidados pagados/observados.",EV-SQL_QUERY-A312B796591A0D .data_base/asgard.sql:17719 READS access to dav_liquidacion | EV-SQL_QUERY-9EF7F14A9AAC2D .data_base/asgard.sql:29210 READS access to dav_liquidacion | EV-SQL_QUERY-4B99773C9C7E82 .data_base/asgard.sql:31709 READS access to dav_liquidacion | EV-SQL_QUERY-A70B9918A449D7 .data_base/asgard.sql:32788 READS access to dav_liquidacion | EV-SQL_QUERY-407FC0C9249BC8 .data_base/asgard.sql:33435 READS access to dav_liquidacion | EV-SQL_QUERY-EF7BB802471C62 .data_base/asgard.sql:34639 READS access to dav_liquidacion | EV-SQL_QUERY-BE029AF6828839 .data_base/asgard.sql:35770 READS access to dav_liquidacion | EV-SQL_QUERY-ABA4E720C44576 .data_base/asgard.sql:37005 READS access to dav_liquidacion | EV-SQL_QUERY-8B5475EC3597B9 .data_base/asgard.sql:37595 READS access to dav_liquidacion | EV-SQL_QUERY-9B4145C52ECD8C .data_base/asgard.sql:39744 READS access to dav_liquidacion | EV-SQL_QUERY-83477EF32E5DC6 .data_base/asgard.sql:39976 READS access to dav_liquidacion | EV-SQL_QUERY-84F249A4092B31 .data_base/asgard.sql:40393 READS access to dav_liquidacion | EV-SQL_QUERY-CBFEA72A0DE79B .data_base/asgard.sql:40829 READS access to dav_liquidacion | EV-SQL_QUERY-4006D25B37D2EB .data_base/asgard.sql:45853 READS access to dav_liquidacion | EV-SQL_QUERY-3667A05C052C43 index_archivos/contables/controllers/ContabilidadClass.php:221 READS access to dav_liquidacion,2,0,FLOW_SEMANTIC_INFERENCE_REVIEW_REQUIRED
customs-guarantee-tax-control,dav_pagosdetalle,dav,REPORTING_READ_MODEL,"Entidad documental o soporte usado para validar, adjuntar, generar o descargar evidencias.","monto, observaciones, pedido",control de acceso/cliente; transicion o bloqueo por estado; regla documental/carga-descarga; calculo financiero/impositivo,variante cliente pendiente de confirmar; catalogo/semantica pendiente,,"`.data_base/asgard.sql` | Tablas `cc_registro_documentos`, `dav_casos`, `dav_facturacomercial`, `dav_partidas`, `dav_liquidacion`, `dav_pagosdetalle`, `dav_cobros`, `dav_anticipos`, `dav_facturaplanilla`. | `dav_pagosdetalle.monto` | Pagos aplicados, incluyendo conceptos de tributos/AP.",EV-SQL_QUERY-BC17003CF9BEFD .data_base/asgard.sql:17827 READS access to dav_pagosdetalle | EV-SQL_QUERY-07C2F68097DAC4 .data_base/asgard.sql:17869 READS access to dav_pagosdetalle | EV-SQL_QUERY-99754B68578828 .data_base/asgard.sql:17875 READS access to dav_pagosdetalle | EV-SQL_QUERY-3CE7AA68B2AD69 .data_base/asgard.sql:17881 READS access to dav_pagosdetalle | EV-SQL_QUERY-684300BD3CFFBC .data_base/asgard.sql:17887 READS access to dav_pagosdetalle | EV-SQL_QUERY-103E2B3C0B1404 .data_base/asgard.sql:17983 READS access to dav_pagosdetalle | EV-SQL_QUERY-E623CAFED17DAA .data_base/asgard.sql:18363 READS access to dav_pagosdetalle | EV-SQL_QUERY-398A69CAC1CA16 .data_base/asgard.sql:18375 READS access to dav_pagosdetalle | EV-SQL_QUERY-03C584BBE22EF8 .data_base/asgard.sql:18408 READS access to dav_pagosdetalle | EV-SQL_QUERY-9E4098F303ED07 .data_base/asgard.sql:18453 READS access to dav_pagosdetalle | EV-SQL_QUERY-022C6952005AD1 .data_base/asgard.sql:18466 READS access to dav_pagosdetalle | EV-SQL_QUERY-9CD940EDEBD86F .data_base/asgard.sql:18499 READS access to dav_pagosdetalle | EV-SQL_QUERY-882BE1EE0577B4 .data_base/asgard.sql:18525 READS access to dav_pagosdetalle | EV-SQL_QUERY-C5BCB20219BBC3 .data_base/asgard.sql:18553 READS access to dav_pagosdetalle | EV-SQL_QUERY-282C3A4378F3DC .data_base/asgard.sql:18613 READS access to dav_pagosdetalle | EV-SQL_QUERY-9D351877EC4BD4 .data_base/asgard.sql:19066 READS access to dav_pagosdetalle | EV-SQL_QUERY-D7F166F464E320 .data_base/asgard.sql:19358 READS access to dav_pagosdetalle | EV-SQL_QUERY-1FFD03C02C0A9F .data_base/asgard.sql:19609 READS access to dav_pagosdetalle | EV-SQL_QUERY-6167B1FB7F9E9E .data_base/asgard.sql:19671 READS access to dav_pagosdetalle | EV-SQL_QUERY-1FBD26171E54ED .data_base/asgard.sql:20062 READS access to dav_pagosdetalle,8,0,FLOW_SEMANTIC_INFERENCE_REVIEW_REQUIRED
customs-guarantee-tax-control,dav_partidas,dav,REPORTING_READ_MODEL,"Entidad documental o soporte usado para validar, adjuntar, generar o descargar evidencias.","frv, gas, ice, pedido, posicion, unidad",control de acceso/cliente; transicion o bloqueo por estado; regla documental/carga-descarga; calculo financiero/impositivo,variante cliente pendiente de confirmar; catalogo/semantica pendiente,,"`.data_base/asgard.sql` | Tablas `cc_registro_documentos`, `dav_casos`, `dav_facturacomercial`, `dav_partidas`, `dav_liquidacion`, `dav_pagosdetalle`, `dav_cobros`, `dav_anticipos`, `dav_facturaplanilla`.",EV-SQL_QUERY-5FB1B91D624793 .data_base/asgard.sql:17743 READS access to dav_partidas | EV-SQL_QUERY-84D976F52CA0AB .data_base/asgard.sql:17749 READS access to dav_partidas | EV-SQL_QUERY-F7BE030AB2BD95 .data_base/asgard.sql:17773 READS access to dav_partidas | EV-SQL_QUERY-5025CB0B535FA8 .data_base/asgard.sql:17809 READS access to dav_partidas | EV-SQL_QUERY-0E36D68C2A2659 .data_base/asgard.sql:17917 READS access to dav_partidas | EV-SQL_QUERY-EEA48DA51BA81B .data_base/asgard.sql:17935 READS access to dav_partidas | EV-SQL_QUERY-E59D6886D0E192 .data_base/asgard.sql:18215 READS access to dav_partidas | EV-SQL_QUERY-481BA62807E5BD .data_base/asgard.sql:18236 READS access to dav_partidas | EV-SQL_QUERY-A607ACE1B59F76 .data_base/asgard.sql:27285 READS access to dav_partidas | EV-SQL_QUERY-5DDFACFC37BC88 .data_base/asgard.sql:27509 READS access to dav_partidas | EV-SQL_QUERY-CFAD29105C7640 .data_base/asgard.sql:28126 READS access to dav_partidas | EV-SQL_QUERY-A213F94B71F480 .data_base/asgard.sql:28209 READS access to dav_partidas | EV-SQL_QUERY-4A9B90C9BB5BFB .data_base/asgard.sql:28284 READS access to dav_partidas | EV-SQL_QUERY-D4B6149A4F3E6A .data_base/asgard.sql:28472 READS access to dav_partidas | EV-SQL_QUERY-96ED972E49AFBA .data_base/asgard.sql:29202 READS access to dav_partidas | EV-SQL_QUERY-FEC31E04553F87 .data_base/asgard.sql:29352 READS access to dav_partidas | EV-SQL_QUERY-7EA53BFE378708 .data_base/asgard.sql:29356 READS access to dav_partidas | EV-SQL_QUERY-F3CEB329C04439 .data_base/asgard.sql:29386 READS access to dav_partidas | EV-SQL_QUERY-980EC98277CE90 .data_base/asgard.sql:29390 READS access to dav_partidas | EV-SQL_QUERY-57F97B17E02300 .data_base/asgard.sql:29518 READS access to dav_partidas,13,0,FLOW_SEMANTIC_INFERENCE_REVIEW_REQUIRED
customs-operational-kpi-control,logis_edp,logis,REPORTING_READ_MODEL,Entidad de contexto usada por el flujo para consultar o relacionar informacion de negocio.,estado_edp_id,control de acceso/cliente; transicion o bloqueo por estado; regla documental/carga-descarga; calculo financiero/impositivo,variante cliente pendiente de confirmar; catalogo/semantica pendiente,,- Hitos EDP en `logis_edp`. | `logis_edp.fecha` y `estado_edp_id` | Hitos operativos/aduaneros.,EV-SQL_QUERY-8F50B1D477DA3F .data_base/asgard.sql:17893 READS access to logis_edp | EV-SQL_QUERY-F1C32982155A33 .data_base/asgard.sql:27604 READS access to logis_edp | EV-SQL_QUERY-5B1AFC5002DA46 .data_base/asgard.sql:27616 READS access to logis_edp | EV-SQL_QUERY-AFFC120BA34789 .data_base/asgard.sql:27851 READS access to logis_edp | EV-SQL_QUERY-EE0833B6DDF8B2 .data_base/asgard.sql:27852 READS access to logis_edp | EV-SQL_QUERY-3620ACCA479AFA .data_base/asgard.sql:27853 READS access to logis_edp | EV-SQL_QUERY-B4E34EEA28D11F .data_base/asgard.sql:27854 READS access to logis_edp | EV-SQL_QUERY-4625368E43EB57 .data_base/asgard.sql:27855 READS access to logis_edp | EV-SQL_QUERY-FA045CE2D76256 .data_base/asgard.sql:27856 READS access to logis_edp | EV-SQL_QUERY-01D60400D3C328 .data_base/asgard.sql:27857 READS access to logis_edp | EV-SQL_QUERY-E0E5E119E00148 .data_base/asgard.sql:27858 READS access to logis_edp | EV-SQL_QUERY-45E55E1E444F25 .data_base/asgard.sql:27859 READS access to logis_edp | EV-SQL_QUERY-5F67621271D060 .data_base/asgard.sql:27879 READS access to logis_edp | EV-SQL_QUERY-C567EC2DFE6AEB .data_base/asgard.sql:27934 READS access to logis_edp | EV-SQL_QUERY-761A5815C43E15 .data_base/asgard.sql:27945 READS access to logis_edp | EV-SQL_QUERY-F98F1B14535A5B .data_base/asgard.sql:27953 READS access to logis_edp | EV-SQL_QUERY-598F7B77391C26 .data_base/asgard.sql:27964 READS access to logis_edp | EV-SQL_QUERY-E5BD856C503740 .data_base/asgard.sql:39105 READS access to logis_edp | EV-SQL_QUERY-939F9C077A74C5 .data_base/asgard.sql:39122 READS access to logis_edp | EV-SQL_QUERY-B4776E9B8D01E1 .data_base/asgard.sql:39266 READS access to logis_edp,2,1,FLOW_SEMANTIC_INFERENCE_REVIEW_REQUIRED
customs-operational-kpi-control,logis_estados_edp,logis,REFERENCE_OR_STATE_CATALOG,Modelo de lectura o fuente de reporteria del flujo.,orden_etapa,control de acceso/cliente; transicion o bloqueo por estado; regla documental/carga-descarga; calculo financiero/impositivo,variante cliente pendiente de confirmar; catalogo/semantica pendiente,,`logis_estados_edp.orden_etapa` | Orden para estado actual de embarque. | | `reporteseguimientoquery.php` | ## Estado de embarque OL El estado actual se infiere desde la maxima `orden_etapa` en `logis_estados_edp` para el embarque y luego se resuelve el nombre de etapa.,EV-SQL_QUERY-0AFC222770F4D3 .data_base/asgard.sql:27607 READS access to logis_estados_edp | EV-SQL_QUERY-4CD594FDD0D5FD .data_base/asgard.sql:27616 READS access to logis_estados_edp | EV-SQL_QUERY-5AA64A39F8EEE1 .data_base/asgard.sql:27945 READS access to logis_estados_edp | EV-SQL_QUERY-6056AB9D8D1DB4 .data_base/asgard.sql:27964 READS access to logis_estados_edp | EV-SQL_QUERY-89714B754A69E1 .data_base/asgard.sql:39268 READS access to logis_estados_edp | EV-SQL_QUERY-218F8B7BF2ED4D .data_base/asgard.sql:39274 READS access to logis_estados_edp | EV-SQL_QUERY-27D4F66EFE3B72 .data_base/asgard.sql:44436 READS access to logis_estados_edp | EV-SQL_QUERY-7155592F90C158 .data_base/asgard.sql:44444 READS access to logis_estados_edp | EV-SQL_QUERY-4308B7F69788BD .data_base/asgard.sql:44469 READS access to logis_estados_edp | EV-SQL_QUERY-C3AC57506AB688 .data_base/asgard.sql:44844 READS access to logis_estados_edp | EV-SQL_QUERY-C53815F7246B06 .data_base/asgard.sql:44851 READS access to logis_estados_edp | EV-SQL_QUERY-F7E395F89E9298 .data_base/asgard.sql:44874 READS access to logis_estados_edp | EV-SQL_QUERY-B324180906FD7F .data_base/asgard.sql:45240 READS access to logis_estados_edp | EV-SQL_QUERY-EFB4D18C905AD8 .data_base/asgard.sql:45260 READS access to logis_estados_edp | EV-SQL_QUERY-E4770DEDC57677 .data_base/asgard.sql:45316 READS access to logis_estados_edp | EV-SQL_QUERY-690945927B06A9 .data_base/asgard.sql:45334 READS access to logis_estados_edp | EV-SQL_QUERY-1E88ECA94ADB93 index_archivos/logistica/estado_pedidos/EstadoPedidosClass.php:46 READS access to logis_estados_edp | EV-SQL_QUERY-8F88AD5C761F90 index_archivos/logistica/estado_pedidos/EstadoPedidosClass.php:68 READS access to logis_estados_edp | EV-SQL_QUERY-045D4C9FD7EBA9 index_archivos/logistica/estado_pedidos/EstadoPedidosClass.php:72 READS access to logis_estados_edp,2,0,FLOW_SEMANTIC_INFERENCE_REVIEW_REQUIRED
customs-operational-kpi-control,tck_asignacion_viaje,tck,REPORTING_READ_MODEL,Entidad de contexto usada por el flujo para consultar o relacionar informacion de negocio.,"alcance, estado, modalidad",control de acceso/cliente; transicion o bloqueo por estado; regla documental/carga-descarga; calculo financiero/impositivo,variante cliente pendiente de confirmar; catalogo/semantica pendiente,,`tck_asignacion_viaje` | Cantidad/asignacion de viajes en control OL. | Tracking/logistics assignment count comes from `tck_asignacion_viaje`.,EV-SQL_QUERY-756BC6D2A38BD4 .data_base/asgard.sql:27863 READS access to tck_asignacion_viaje | EV-SQL_QUERY-98E05511405205 .data_base/asgard.sql:28674 READS access to tck_asignacion_viaje | EV-SQL_QUERY-185076336AB6CF .data_base/asgard.sql:39522 READS access to tck_asignacion_viaje | EV-SQL_QUERY-ACEB2EC9D2A1D2 .data_base/asgard.sql:44345 READS access to tck_asignacion_viaje | EV-SQL_QUERY-F9A156D66479B2 .data_base/asgard.sql:44345 WRITES access to tck_asignacion_viaje | EV-SQL_QUERY-A307570423DD6E .data_base/asgard.sql:44781 READS access to tck_asignacion_viaje | EV-SQL_QUERY-C2713325CED216 .data_base/asgard.sql:45170 READS access to tck_asignacion_viaje | EV-SQL_QUERY-79755D8D160021 .data_base/asgard.sql:46595 WRITES access to tck_asignacion_viaje | EV-SQL_QUERY-0EB94C8C1E8818 .data_base/asgard.sql:46597 READS access to tck_asignacion_viaje | EV-SQL_QUERY-84ACC8BF6CC0E1 index_archivos/logistica/EmbarqueClass.php:926 READS access to tck_asignacion_viaje | EV-SQL_QUERY-211F9C8102A710 index_archivos/logistica/ViajesClass.php:32 READS access to tck_asignacion_viaje | EV-SQL_QUERY-919805459A226D index_archivos/logistica/ViajesClass.php:92 READS access to tck_asignacion_viaje | EV-SQL_QUERY-C8B4F52C512C0B index_archivos/logistica/ViajesClass.php:276 READS access to tck_asignacion_viaje | EV-SQL_QUERY-C1E2860CADFA99 index_archivos/logistica/ViajesClass.php:295 WRITES access to tck_asignacion_viaje | EV-SQL_QUERY-BEC860CD2368D4 index_archivos/operativos/exportaciones/ajax/PagoTributosTransitorioImcruz.php:596 READS access to tck_asignacion_viaje | EV-SQL_QUERY-370179ACCC5567 index_archivos/operativos/exportaciones/ajax/PagoTributosTransitorioImcruz.php:930 READS access to tck_asignacion_viaje | EV-SQL_QUERY-04145BD1CBD335 index_archivos/tracking/OperadorTransporteClass.php:119 READS access to tck_asignacion_viaje | EV-SQL_QUERY-0FDCF1BBAAD556 index_archivos/tracking/OperadorTransporteClass.php:180 READS access to tck_asignacion_viaje | EV-SQL_QUERY-C92425D0AF6FAA index_archivos/tracking/OperadorTransporteClass.php:253 READS access to tck_asignacion_viaje | EV-SQL_QUERY-CCA94DFEBCBE65 index_archivos/tracking/ReporteViajesClass.php:50 READS access to tck_asignacion_viaje,6,2,FLOW_SEMANTIC_INFERENCE_REVIEW_REQUIRED
customs-request-intake,dav_aduana,dav,READ_OR_CONTEXT,Entidad de contexto usada por el flujo para consultar o relacionar informacion de negocio.,aduana,control de acceso/cliente; transicion o bloqueo por estado; regla documental/carga-descarga; calculo financiero/impositivo; persistencia/atomicidad/concurrencia; notificacion o acceso externo,,,"`dav_cliente`, `dav_proveedor`, `dav_transportista`, `dav_usuario`, `dav_regimen`, `dav_aduana` | Maestros de validacion y enriquecimiento.",index_archivos/asesoria-gestion/views/nueva-solicitud.php:46-83 | index_archivos/controllers/SolicitudClass.php:14-48 | index_archivos/controllers/SolicitudClass.php:54-118 | index_archivos/nuevoinsert.php:59-86 | index_archivos/enviarsolicitud_ajax.php:6-114 | index_archivos/finsolicitud.php:12-92 | index_archivos/controllers/SolicitudClass.php:14-118 | index_archivos/controllers/SolicitudClass.php:122-300 | index_archivos/controllers/SolicitudClass.php:300-465 | index_archivos/controllers/SolicitudClass.php:482-509 | index_archivos/enviarsolicitud_ajax.php:46-114 | index_archivos/finsolicitud.php:375-515 | SolicitudClass.php:14-35 | SolicitudClass.php:90-93 | SolicitudClass.php:122-140 | SolicitudClass.php:147-174 | SolicitudClass.php:178-181 | SolicitudClass.php:300-465 | SolicitudClass.php:482-483 | enviarsolicitud_ajax.php:107-114,9,0,FLOW_SEMANTIC_INFERENCE_REVIEW_REQUIRED
customs-request-intake,dav_casosprevios,dav,READ_OR_CONTEXT,"Catalogo o parametro que condiciona reglas, permisos o variantes del flujo.","fechaaprobacion, fechafin, idExchange",control de acceso/cliente; transicion o bloqueo por estado; regla documental/carga-descarga; calculo financiero/impositivo; persistencia/atomicidad/concurrencia; notificacion o acceso externo,,,"- Una solicitud valida crea `dav_casosprevios`. | - El alta directa heredada en `nuevoinsert.php` crea `dav_casosprevios` y documentos previos base cuando no hay `idExchange`. | - Las pantallas heredadas de detalle permiten consultar y actualizar datos operativos de `dav_casosprevios` segun tipo de solicitud. | Cuando una fila es valida, ASGARD inserta `dav_casosprevios`. | CRI-BR-007 | La solicitud validada crea un registro en `dav_casosprevios` con fechas, cliente, proveedor, transportista, regimen, aduana, pedido y condiciones logisticas. | `dav_casosprevios` | Cabecera de solicitud/caso previo.",index_archivos/asesoria-gestion/views/nueva-solicitud.php:46-83 | index_archivos/controllers/SolicitudClass.php:14-48 | index_archivos/controllers/SolicitudClass.php:54-118 | index_archivos/nuevoinsert.php:59-86 | index_archivos/enviarsolicitud_ajax.php:6-114 | index_archivos/finsolicitud.php:12-92 | index_archivos/controllers/SolicitudClass.php:14-118 | index_archivos/controllers/SolicitudClass.php:122-300 | index_archivos/controllers/SolicitudClass.php:300-465 | index_archivos/controllers/SolicitudClass.php:482-509 | index_archivos/enviarsolicitud_ajax.php:46-114 | index_archivos/finsolicitud.php:375-515 | SolicitudClass.php:14-35 | SolicitudClass.php:90-93 | SolicitudClass.php:122-140 | SolicitudClass.php:147-174 | SolicitudClass.php:178-181 | SolicitudClass.php:300-465 | SolicitudClass.php:482-483 | enviarsolicitud_ajax.php:107-114,22,3,FLOW_SEMANTIC_INFERENCE_REVIEW_REQUIRED
customs-request-intake,dav_cliente,dav,READ_OR_CONTEXT,Entidad de contexto usada por el flujo para consultar o relacionar informacion de negocio.,"ciudad, cliente, email, idusuario, nit, solicitudes",control de acceso/cliente; transicion o bloqueo por estado; regla documental/carga-descarga; calculo financiero/impositivo; persistencia/atomicidad/concurrencia; notificacion o acceso externo,,,"`dav_cliente`, `dav_proveedor`, `dav_transportista`, `dav_usuario`, `dav_regimen`, `dav_aduana` | Maestros de validacion y enriquecimiento. | `dav_mailsolicitudes`, `dav_transportistamail`, `dav_clienteusuarios` | Destinatarios de notificacion.",index_archivos/asesoria-gestion/views/nueva-solicitud.php:46-83 | index_archivos/controllers/SolicitudClass.php:14-48 | index_archivos/controllers/SolicitudClass.php:54-118 | index_archivos/nuevoinsert.php:59-86 | index_archivos/enviarsolicitud_ajax.php:6-114 | index_archivos/finsolicitud.php:12-92 | index_archivos/controllers/SolicitudClass.php:14-118 | index_archivos/controllers/SolicitudClass.php:122-300 | index_archivos/controllers/SolicitudClass.php:300-465 | index_archivos/controllers/SolicitudClass.php:482-509 | index_archivos/enviarsolicitud_ajax.php:46-114 | index_archivos/finsolicitud.php:375-515 | SolicitudClass.php:14-35 | SolicitudClass.php:90-93 | SolicitudClass.php:122-140 | SolicitudClass.php:147-174 | SolicitudClass.php:178-181 | SolicitudClass.php:300-465 | SolicitudClass.php:482-483 | enviarsolicitud_ajax.php:107-114,21,1,FLOW_SEMANTIC_INFERENCE_REVIEW_REQUIRED
customs-request-intake,dav_clienteusuarios,dav,READ_OR_CONTEXT,Entidad de contexto usada por el flujo para consultar o relacionar informacion de negocio.,"correo, nombre",control de acceso/cliente; transicion o bloqueo por estado; regla documental/carga-descarga; calculo financiero/impositivo; persistencia/atomicidad/concurrencia; notificacion o acceso externo,,,"`dav_mailsolicitudes`, `dav_transportistamail`, `dav_clienteusuarios` | Destinatarios de notificacion.",index_archivos/asesoria-gestion/views/nueva-solicitud.php:46-83 | index_archivos/controllers/SolicitudClass.php:14-48 | index_archivos/controllers/SolicitudClass.php:54-118 | index_archivos/nuevoinsert.php:59-86 | index_archivos/enviarsolicitud_ajax.php:6-114 | index_archivos/finsolicitud.php:12-92 | index_archivos/controllers/SolicitudClass.php:14-118 | index_archivos/controllers/SolicitudClass.php:122-300 | index_archivos/controllers/SolicitudClass.php:300-465 | index_archivos/controllers/SolicitudClass.php:482-509 | index_archivos/enviarsolicitud_ajax.php:46-114 | index_archivos/finsolicitud.php:375-515 | SolicitudClass.php:14-35 | SolicitudClass.php:90-93 | SolicitudClass.php:122-140 | SolicitudClass.php:147-174 | SolicitudClass.php:178-181 | SolicitudClass.php:300-465 | SolicitudClass.php:482-483 | enviarsolicitud_ajax.php:107-114,16,3,FLOW_SEMANTIC_INFERENCE_REVIEW_REQUIRED
customs-request-intake,dav_documentosprevios,dav,READ_OR_CONTEXT,"Entidad documental o soporte usado para validar, adjuntar, generar o descargar evidencias.","fecha, importe",control de acceso/cliente; transicion o bloqueo por estado; regla documental/carga-descarga; calculo financiero/impositivo; persistencia/atomicidad/concurrencia; notificacion o acceso externo,,,`dav_documentosprevios` | Documentos iniciales o asociados al caso previo.,index_archivos/asesoria-gestion/views/nueva-solicitud.php:46-83 | index_archivos/controllers/SolicitudClass.php:14-48 | index_archivos/controllers/SolicitudClass.php:54-118 | index_archivos/nuevoinsert.php:59-86 | index_archivos/enviarsolicitud_ajax.php:6-114 | index_archivos/finsolicitud.php:12-92 | index_archivos/controllers/SolicitudClass.php:14-118 | index_archivos/controllers/SolicitudClass.php:122-300 | index_archivos/controllers/SolicitudClass.php:300-465 | index_archivos/controllers/SolicitudClass.php:482-509 | index_archivos/enviarsolicitud_ajax.php:46-114 | index_archivos/finsolicitud.php:375-515 | SolicitudClass.php:14-35 | SolicitudClass.php:90-93 | SolicitudClass.php:122-140 | SolicitudClass.php:147-174 | SolicitudClass.php:178-181 | SolicitudClass.php:300-465 | SolicitudClass.php:482-483 | enviarsolicitud_ajax.php:107-114,0,1,FLOW_SEMANTIC_INFERENCE_REVIEW_REQUIRED
customs-request-intake,dav_mailsolicitudes,dav,READ_OR_CONTEXT,Entidad de contexto usada por el flujo para consultar o relacionar informacion de negocio.,"mail, nombre, tramites",control de acceso/cliente; transicion o bloqueo por estado; regla documental/carga-descarga; calculo financiero/impositivo; persistencia/atomicidad/concurrencia; notificacion o acceso externo,,,"`dav_mailsolicitudes`, `dav_transportistamail`, `dav_clienteusuarios` | Destinatarios de notificacion.",index_archivos/asesoria-gestion/views/nueva-solicitud.php:46-83 | index_archivos/controllers/SolicitudClass.php:14-48 | index_archivos/controllers/SolicitudClass.php:54-118 | index_archivos/nuevoinsert.php:59-86 | index_archivos/enviarsolicitud_ajax.php:6-114 | index_archivos/finsolicitud.php:12-92 | index_archivos/controllers/SolicitudClass.php:14-118 | index_archivos/controllers/SolicitudClass.php:122-300 | index_archivos/controllers/SolicitudClass.php:300-465 | index_archivos/controllers/SolicitudClass.php:482-509 | index_archivos/enviarsolicitud_ajax.php:46-114 | index_archivos/finsolicitud.php:375-515 | SolicitudClass.php:14-35 | SolicitudClass.php:90-93 | SolicitudClass.php:122-140 | SolicitudClass.php:147-174 | SolicitudClass.php:178-181 | SolicitudClass.php:300-465 | SolicitudClass.php:482-483 | enviarsolicitud_ajax.php:107-114,0,0,FLOW_SEMANTIC_INFERENCE_REVIEW_REQUIRED
customs-request-intake,dav_otrosdocumentosprevios,dav,READ_OR_CONTEXT,"Entidad documental o soporte usado para validar, adjuntar, generar o descargar evidencias.","enviado, estado, otrosdocumentosprevios, transportista",control de acceso/cliente; transicion o bloqueo por estado; regla documental/carga-descarga; calculo financiero/impositivo; persistencia/atomicidad/concurrencia; notificacion o acceso externo,,,`dav_otrosdocumentosprevios` | Otros documentos de solicitud; envio y estado.,index_archivos/asesoria-gestion/views/nueva-solicitud.php:46-83 | index_archivos/controllers/SolicitudClass.php:14-48 | index_archivos/controllers/SolicitudClass.php:54-118 | index_archivos/nuevoinsert.php:59-86 | index_archivos/enviarsolicitud_ajax.php:6-114 | index_archivos/finsolicitud.php:12-92 | index_archivos/controllers/SolicitudClass.php:14-118 | index_archivos/controllers/SolicitudClass.php:122-300 | index_archivos/controllers/SolicitudClass.php:300-465 | index_archivos/controllers/SolicitudClass.php:482-509 | index_archivos/enviarsolicitud_ajax.php:46-114 | index_archivos/finsolicitud.php:375-515 | SolicitudClass.php:14-35 | SolicitudClass.php:90-93 | SolicitudClass.php:122-140 | SolicitudClass.php:147-174 | SolicitudClass.php:178-181 | SolicitudClass.php:300-465 | SolicitudClass.php:482-483 | enviarsolicitud_ajax.php:107-114,0,0,FLOW_SEMANTIC_INFERENCE_REVIEW_REQUIRED
customs-request-intake,dav_proveedor,dav,READ_OR_CONTEXT,Entidad de contexto usada por el flujo para consultar o relacionar informacion de negocio.,"ciudad, email, estado, proveedor",control de acceso/cliente; transicion o bloqueo por estado; regla documental/carga-descarga; calculo financiero/impositivo; persistencia/atomicidad/concurrencia; notificacion o acceso externo,,,"`dav_cliente`, `dav_proveedor`, `dav_transportista`, `dav_usuario`, `dav_regimen`, `dav_aduana` | Maestros de validacion y enriquecimiento.",index_archivos/asesoria-gestion/views/nueva-solicitud.php:46-83 | index_archivos/controllers/SolicitudClass.php:14-48 | index_archivos/controllers/SolicitudClass.php:54-118 | index_archivos/nuevoinsert.php:59-86 | index_archivos/enviarsolicitud_ajax.php:6-114 | index_archivos/finsolicitud.php:12-92 | index_archivos/controllers/SolicitudClass.php:14-118 | index_archivos/controllers/SolicitudClass.php:122-300 | index_archivos/controllers/SolicitudClass.php:300-465 | index_archivos/controllers/SolicitudClass.php:482-509 | index_archivos/enviarsolicitud_ajax.php:46-114 | index_archivos/finsolicitud.php:375-515 | SolicitudClass.php:14-35 | SolicitudClass.php:90-93 | SolicitudClass.php:122-140 | SolicitudClass.php:147-174 | SolicitudClass.php:178-181 | SolicitudClass.php:300-465 | SolicitudClass.php:482-483 | enviarsolicitud_ajax.php:107-114,19,2,FLOW_SEMANTIC_INFERENCE_REVIEW_REQUIRED
customs-request-intake,dav_regimen,dav,READ_OR_CONTEXT,Entidad de contexto usada por el flujo para consultar o relacionar informacion de negocio.,"regimen, tipo",control de acceso/cliente; transicion o bloqueo por estado; regla documental/carga-descarga; calculo financiero/impositivo; persistencia/atomicidad/concurrencia; notificacion o acceso externo,,,"`dav_cliente`, `dav_proveedor`, `dav_transportista`, `dav_usuario`, `dav_regimen`, `dav_aduana` | Maestros de validacion y enriquecimiento.",index_archivos/asesoria-gestion/views/nueva-solicitud.php:46-83 | index_archivos/controllers/SolicitudClass.php:14-48 | index_archivos/controllers/SolicitudClass.php:54-118 | index_archivos/nuevoinsert.php:59-86 | index_archivos/enviarsolicitud_ajax.php:6-114 | index_archivos/finsolicitud.php:12-92 | index_archivos/controllers/SolicitudClass.php:14-118 | index_archivos/controllers/SolicitudClass.php:122-300 | index_archivos/controllers/SolicitudClass.php:300-465 | index_archivos/controllers/SolicitudClass.php:482-509 | index_archivos/enviarsolicitud_ajax.php:46-114 | index_archivos/finsolicitud.php:375-515 | SolicitudClass.php:14-35 | SolicitudClass.php:90-93 | SolicitudClass.php:122-140 | SolicitudClass.php:147-174 | SolicitudClass.php:178-181 | SolicitudClass.php:300-465 | SolicitudClass.php:482-483 | enviarsolicitud_ajax.php:107-114,8,0,FLOW_SEMANTIC_INFERENCE_REVIEW_REQUIRED
customs-request-intake,dav_solicitudesprevias,dav,READ_OR_CONTEXT,Entidad de contexto usada por el flujo para consultar o relacionar informacion de negocio.,mensajeerror,control de acceso/cliente; transicion o bloqueo por estado; regla documental/carga-descarga; calculo financiero/impositivo; persistencia/atomicidad/concurrencia; notificacion o acceso externo,,,"Solicitudes importadas quedan en `dav_solicitudesprevias` por cliente y usuario. | ASGARD carga filas a `dav_solicitudesprevias`. | CRI-BR-006 | La validacion acumula errores y mensaje por fila en `dav_solicitudesprevias`. | `dav_solicitudesprevias` | Staging de solicitudes importadas por cliente/usuario, validacion y errores. | Staging cargado | Filas insertadas en `dav_solicitudesprevias`.",index_archivos/asesoria-gestion/views/nueva-solicitud.php:46-83 | index_archivos/controllers/SolicitudClass.php:14-48 | index_archivos/controllers/SolicitudClass.php:54-118 | index_archivos/nuevoinsert.php:59-86 | index_archivos/enviarsolicitud_ajax.php:6-114 | index_archivos/finsolicitud.php:12-92 | index_archivos/controllers/SolicitudClass.php:14-118 | index_archivos/controllers/SolicitudClass.php:122-300 | index_archivos/controllers/SolicitudClass.php:300-465 | index_archivos/controllers/SolicitudClass.php:482-509 | index_archivos/enviarsolicitud_ajax.php:46-114 | index_archivos/finsolicitud.php:375-515 | SolicitudClass.php:14-35 | SolicitudClass.php:90-93 | SolicitudClass.php:122-140 | SolicitudClass.php:147-174 | SolicitudClass.php:178-181 | SolicitudClass.php:300-465 | SolicitudClass.php:482-483 | enviarsolicitud_ajax.php:107-114,1,0,FLOW_SEMANTIC_INFERENCE_REVIEW_REQUIRED
customs-request-intake,dav_tramites,dav,READ_OR_CONTEXT,Entidad de contexto usada por el flujo para consultar o relacionar informacion de negocio.,marca,control de acceso/cliente; transicion o bloqueo por estado; regla documental/carga-descarga; calculo financiero/impositivo; persistencia/atomicidad/concurrencia; notificacion o acceso externo,,,`dav_tramites` | Tramites iniciales creados desde solicitud.,index_archivos/asesoria-gestion/views/nueva-solicitud.php:46-83 | index_archivos/controllers/SolicitudClass.php:14-48 | index_archivos/controllers/SolicitudClass.php:54-118 | index_archivos/nuevoinsert.php:59-86 | index_archivos/enviarsolicitud_ajax.php:6-114 | index_archivos/finsolicitud.php:12-92 | index_archivos/controllers/SolicitudClass.php:14-118 | index_archivos/controllers/SolicitudClass.php:122-300 | index_archivos/controllers/SolicitudClass.php:300-465 | index_archivos/controllers/SolicitudClass.php:482-509 | index_archivos/enviarsolicitud_ajax.php:46-114 | index_archivos/finsolicitud.php:375-515 | SolicitudClass.php:14-35 | SolicitudClass.php:90-93 | SolicitudClass.php:122-140 | SolicitudClass.php:147-174 | SolicitudClass.php:178-181 | SolicitudClass.php:300-465 | SolicitudClass.php:482-483 | enviarsolicitud_ajax.php:107-114,1,0,FLOW_SEMANTIC_INFERENCE_REVIEW_REQUIRED
customs-request-intake,dav_transportista,dav,READ_OR_CONTEXT,Entidad de contexto usada por el flujo para consultar o relacionar informacion de negocio.,"transportista, usuario",control de acceso/cliente; transicion o bloqueo por estado; regla documental/carga-descarga; calculo financiero/impositivo; persistencia/atomicidad/concurrencia; notificacion o acceso externo,,,"`dav_cliente`, `dav_proveedor`, `dav_transportista`, `dav_usuario`, `dav_regimen`, `dav_aduana` | Maestros de validacion y enriquecimiento. | `dav_mailsolicitudes`, `dav_transportistamail`, `dav_clienteusuarios` | Destinatarios de notificacion.",index_archivos/asesoria-gestion/views/nueva-solicitud.php:46-83 | index_archivos/controllers/SolicitudClass.php:14-48 | index_archivos/controllers/SolicitudClass.php:54-118 | index_archivos/nuevoinsert.php:59-86 | index_archivos/enviarsolicitud_ajax.php:6-114 | index_archivos/finsolicitud.php:12-92 | index_archivos/controllers/SolicitudClass.php:14-118 | index_archivos/controllers/SolicitudClass.php:122-300 | index_archivos/controllers/SolicitudClass.php:300-465 | index_archivos/controllers/SolicitudClass.php:482-509 | index_archivos/enviarsolicitud_ajax.php:46-114 | index_archivos/finsolicitud.php:375-515 | SolicitudClass.php:14-35 | SolicitudClass.php:90-93 | SolicitudClass.php:122-140 | SolicitudClass.php:147-174 | SolicitudClass.php:178-181 | SolicitudClass.php:300-465 | SolicitudClass.php:482-483 | enviarsolicitud_ajax.php:107-114,10,1,FLOW_SEMANTIC_INFERENCE_REVIEW_REQUIRED
customs-request-intake,dav_transportistamail,dav,READ_OR_CONTEXT,Entidad de contexto usada por el flujo para consultar o relacionar informacion de negocio.,"mail, notificaciones",control de acceso/cliente; transicion o bloqueo por estado; regla documental/carga-descarga; calculo financiero/impositivo; persistencia/atomicidad/concurrencia; notificacion o acceso externo,,,"`dav_mailsolicitudes`, `dav_transportistamail`, `dav_clienteusuarios` | Destinatarios de notificacion.",index_archivos/asesoria-gestion/views/nueva-solicitud.php:46-83 | index_archivos/controllers/SolicitudClass.php:14-48 | index_archivos/controllers/SolicitudClass.php:54-118 | index_archivos/nuevoinsert.php:59-86 | index_archivos/enviarsolicitud_ajax.php:6-114 | index_archivos/finsolicitud.php:12-92 | index_archivos/controllers/SolicitudClass.php:14-118 | index_archivos/controllers/SolicitudClass.php:122-300 | index_archivos/controllers/SolicitudClass.php:300-465 | index_archivos/controllers/SolicitudClass.php:482-509 | index_archivos/enviarsolicitud_ajax.php:46-114 | index_archivos/finsolicitud.php:375-515 | SolicitudClass.php:14-35 | SolicitudClass.php:90-93 | SolicitudClass.php:122-140 | SolicitudClass.php:147-174 | SolicitudClass.php:178-181 | SolicitudClass.php:300-465 | SolicitudClass.php:482-483 | enviarsolicitud_ajax.php:107-114,0,0,FLOW_SEMANTIC_INFERENCE_REVIEW_REQUIRED
customs-request-intake,dav_usuario,dav,READ_OR_CONTEXT,Entidad de contexto usada por el flujo para consultar o relacionar informacion de negocio.,"email, idusuario, nombre",control de acceso/cliente; transicion o bloqueo por estado; regla documental/carga-descarga; calculo financiero/impositivo; persistencia/atomicidad/concurrencia; notificacion o acceso externo,,,"`dav_cliente`, `dav_proveedor`, `dav_transportista`, `dav_usuario`, `dav_regimen`, `dav_aduana` | Maestros de validacion y enriquecimiento.",index_archivos/asesoria-gestion/views/nueva-solicitud.php:46-83 | index_archivos/controllers/SolicitudClass.php:14-48 | index_archivos/controllers/SolicitudClass.php:54-118 | index_archivos/nuevoinsert.php:59-86 | index_archivos/enviarsolicitud_ajax.php:6-114 | index_archivos/finsolicitud.php:12-92 | index_archivos/controllers/SolicitudClass.php:14-118 | index_archivos/controllers/SolicitudClass.php:122-300 | index_archivos/controllers/SolicitudClass.php:300-465 | index_archivos/controllers/SolicitudClass.php:482-509 | index_archivos/enviarsolicitud_ajax.php:46-114 | index_archivos/finsolicitud.php:375-515 | SolicitudClass.php:14-35 | SolicitudClass.php:90-93 | SolicitudClass.php:122-140 | SolicitudClass.php:147-174 | SolicitudClass.php:178-181 | SolicitudClass.php:300-465 | SolicitudClass.php:482-483 | enviarsolicitud_ajax.php:107-114,17,0,FLOW_SEMANTIC_INFERENCE_REVIEW_REQUIRED
customs-tax-liquidation-return-confirmation,dav_casos,dav,UPDATE,Entidad transaccional modificada por el flujo; sus cambios deben caracterizarse antes de refactor.,"carpeta, fechaenvioliquidacion, fecharetornoliquidacion, fob, formularioDUI, idcasos, idcasosprevios, idciudad, idcliente, pedido, tipocambio",control de acceso/cliente; transicion o bloqueo por estado; regla documental/carga-descarga; calculo financiero/impositivo; persistencia/atomicidad/concurrencia; notificacion o acceso externo,SQL construido dinamicamente; variante cliente pendiente de confirmar; catalogo/semantica pendiente,UPDATE,"- Marcado de `dav_casos.fecharetornoliquidacion = CURRENT_TIMESTAMP()` si el envio de correo no devuelve error. | - Confirmacion heredada de pago de tributos desde `versolicitud.php?action=confirmarpago`, que envia correo y marca `dav_casosprevios.pagoconfirmado=1`. | - `dav_casos.fecharetornoliquidacion` informado. | `.data_base/asgard.sql:1603-1604` | Campos de envio y retorno de liquidacion en `dav_casos`. | Si el envio no contiene error, ASGARD actualiza `dav_casos.fecharetornoliquidacion`. | BR-CTLRC-002 | Los destinatarios se resuelven por `dav_casos.idcliente` y `dav_casos.idciudad`.",index_archivos/operativos/detalleitems.php:7-64 | index_archivos/operativos/detalleitems.php:67-71 | index_archivos/operativos/detalleitems.php:191-196 | index_archivos/operativos/detalleitemsquery.php:1-90 | index_archivos/logistica/EmbarqueClass.php:752-813 | index_archivos/versolicitud.php:39-124 | .data_base/asgard.sql:1603-1604 | .data_base/asgard.sql:9707-9714 | detalleitems.php:191-196 | detalleitems.php:43-53 | detalleitems.php:24-27 | detalleitems.php:39 | detalleitems.php:60-63 | versolicitud.php:39-124 | detalleitems.php:7-64 | .data_base/asgard.sql:6904-6951 | detalleitems.php:67-71 | .data_base/asgard.sql:1603-1604 | EV-SQL_QUERY-1E16A453C0FC22 .data_base/asgard.sql:17707 READS access to dav_casos | EV-SQL_QUERY-C8AB19C9274D78 .data_base/asgard.sql:17755 READS access to dav_casos,23,3,FLOW_SEMANTIC_INFERENCE_REVIEW_REQUIRED
customs-tax-liquidation-return-confirmation,dav_casosprevios,dav,READ_OR_CONTEXT,Entidad de contexto usada por el flujo para consultar o relacionar informacion de negocio.,"carpeta, idcasosprevios, idciudad, idcliente, pagoconfirmado, pedido",control de acceso/cliente; transicion o bloqueo por estado; regla documental/carga-descarga; calculo financiero/impositivo; persistencia/atomicidad/concurrencia; notificacion o acceso externo,SQL construido dinamicamente; variante cliente pendiente de confirmar; catalogo/semantica pendiente,,"- Confirmacion heredada de pago de tributos desde `versolicitud.php?action=confirmarpago`, que envia correo y marca `dav_casosprevios.pagoconfirmado=1`. | `dav_casosprevios` | Numero de solicitud previa usado en asunto.",index_archivos/operativos/detalleitems.php:7-64 | index_archivos/operativos/detalleitems.php:67-71 | index_archivos/operativos/detalleitems.php:191-196 | index_archivos/operativos/detalleitemsquery.php:1-90 | index_archivos/logistica/EmbarqueClass.php:752-813 | index_archivos/versolicitud.php:39-124 | .data_base/asgard.sql:1603-1604 | .data_base/asgard.sql:9707-9714 | detalleitems.php:191-196 | detalleitems.php:43-53 | detalleitems.php:24-27 | detalleitems.php:39 | detalleitems.php:60-63 | versolicitud.php:39-124 | detalleitems.php:7-64 | .data_base/asgard.sql:6904-6951 | detalleitems.php:67-71 | EV-SQL_QUERY-85B23A1F6B1886 .data_base/asgard.sql:17773 READS access to dav_casosprevios | EV-SQL_QUERY-510EF36FB05331 .data_base/asgard.sql:17893 READS access to dav_casosprevios | EV-SQL_QUERY-D9DF6CBD08D688 .data_base/asgard.sql:17917 READS access to dav_casosprevios,22,3,FLOW_SEMANTIC_INFERENCE_REVIEW_REQUIRED
customs-tax-liquidation-return-confirmation,dav_concepto,dav,READ_OR_CONTEXT,Entidad de contexto usada por el flujo para consultar o relacionar informacion de negocio.,"descripcion, idconcepto",control de acceso/cliente; transicion o bloqueo por estado; regla documental/carga-descarga; calculo financiero/impositivo; persistencia/atomicidad/concurrencia; notificacion o acceso externo,SQL construido dinamicamente; variante cliente pendiente de confirmar; catalogo/semantica pendiente,,`dav_pagosdetalle` / `dav_concepto` | Conceptos adicionales usados en detalle.,index_archivos/operativos/detalleitems.php:7-64 | index_archivos/operativos/detalleitems.php:67-71 | index_archivos/operativos/detalleitems.php:191-196 | index_archivos/operativos/detalleitemsquery.php:1-90 | index_archivos/logistica/EmbarqueClass.php:752-813 | index_archivos/versolicitud.php:39-124 | .data_base/asgard.sql:1603-1604 | .data_base/asgard.sql:9707-9714 | detalleitems.php:191-196 | detalleitems.php:43-53 | detalleitems.php:24-27 | detalleitems.php:39 | detalleitems.php:60-63 | versolicitud.php:39-124 | detalleitems.php:7-64 | .data_base/asgard.sql:6904-6951 | detalleitems.php:67-71 | EV-SQL_QUERY-587F44C75E4D98 .data_base/asgard.sql:17791 READS access to dav_concepto | EV-SQL_QUERY-399DF0033E998D .data_base/asgard.sql:17821 READS access to dav_concepto | EV-SQL_QUERY-7A4AC0A78FE19F .data_base/asgard.sql:17827 READS access to dav_concepto,1,0,FLOW_SEMANTIC_INFERENCE_REVIEW_REQUIRED
customs-tax-liquidation-return-confirmation,dav_facturaplanilla,dav,READ_OR_CONTEXT,Entidad de contexto usada por el flujo para consultar o relacionar informacion de negocio.,"idcasos, idciudad, idcliente, idestadofactura, idfacturaplanilla",control de acceso/cliente; transicion o bloqueo por estado; regla documental/carga-descarga; calculo financiero/impositivo; persistencia/atomicidad/concurrencia; notificacion o acceso externo,SQL construido dinamicamente; variante cliente pendiente de confirmar; catalogo/semantica pendiente,,`dav_facturasdetalle` / `dav_facturaplanilla` | Conceptos facturados aprobados.,index_archivos/operativos/detalleitems.php:7-64 | index_archivos/operativos/detalleitems.php:67-71 | index_archivos/operativos/detalleitems.php:191-196 | index_archivos/operativos/detalleitemsquery.php:1-90 | index_archivos/logistica/EmbarqueClass.php:752-813 | index_archivos/versolicitud.php:39-124 | .data_base/asgard.sql:1603-1604 | .data_base/asgard.sql:9707-9714 | detalleitems.php:191-196 | detalleitems.php:43-53 | detalleitems.php:24-27 | detalleitems.php:39 | detalleitems.php:60-63 | versolicitud.php:39-124 | detalleitems.php:7-64 | .data_base/asgard.sql:6904-6951 | detalleitems.php:67-71 | EV-SQL_QUERY-7A8D0839363E40 .data_base/asgard.sql:17695 READS access to dav_facturaplanilla | EV-SQL_QUERY-FE2F4B4D50414D .data_base/asgard.sql:17701 READS access to dav_facturaplanilla | EV-SQL_QUERY-380B7E65D6B753 .data_base/asgard.sql:17761 READS access to dav_facturaplanilla,2,1,FLOW_SEMANTIC_INFERENCE_REVIEW_REQUIRED
customs-tax-liquidation-return-confirmation,dav_facturasdetalle,dav,READ_OR_CONTEXT,Entidad de contexto usada por el flujo para consultar o relacionar informacion de negocio.,"idconcepto, idfacturaplanilla, monto",control de acceso/cliente; transicion o bloqueo por estado; regla documental/carga-descarga; calculo financiero/impositivo; persistencia/atomicidad/concurrencia; notificacion o acceso externo,SQL construido dinamicamente; variante cliente pendiente de confirmar; catalogo/semantica pendiente,,`dav_facturasdetalle` / `dav_facturaplanilla` | Conceptos facturados aprobados.,index_archivos/operativos/detalleitems.php:7-64 | index_archivos/operativos/detalleitems.php:67-71 | index_archivos/operativos/detalleitems.php:191-196 | index_archivos/operativos/detalleitemsquery.php:1-90 | index_archivos/logistica/EmbarqueClass.php:752-813 | index_archivos/versolicitud.php:39-124 | .data_base/asgard.sql:1603-1604 | .data_base/asgard.sql:9707-9714 | detalleitems.php:191-196 | detalleitems.php:43-53 | detalleitems.php:24-27 | detalleitems.php:39 | detalleitems.php:60-63 | versolicitud.php:39-124 | detalleitems.php:7-64 | .data_base/asgard.sql:6904-6951 | detalleitems.php:67-71 | EV-SQL_QUERY-6C335EEF26AC2C .data_base/asgard.sql:18304 READS access to dav_facturasdetalle | EV-SQL_QUERY-EB6DC5932871EA .data_base/asgard.sql:18340 READS access to dav_facturasdetalle | EV-SQL_QUERY-45B00841497720 .data_base/asgard.sql:19654 READS access to dav_facturasdetalle,1,0,FLOW_SEMANTIC_INFERENCE_REVIEW_REQUIRED
customs-tax-liquidation-return-confirmation,dav_liquidacion,dav,READ_OR_CONTEXT,Entidad de contexto usada por el flujo para consultar o relacionar informacion de negocio.,"CIFbs, FOBbs, GA, ICD, ICE, IEHD, IVA, descripciondetallada, idcasos, partidaarancelaria",control de acceso/cliente; transicion o bloqueo por estado; regla documental/carga-descarga; calculo financiero/impositivo; persistencia/atomicidad/concurrencia; notificacion o acceso externo,SQL construido dinamicamente; variante cliente pendiente de confirmar; catalogo/semantica pendiente,,`dav_liquidacion` / `tmp_liquidacion` | Detalle tributario por item generado por procedimiento.,index_archivos/operativos/detalleitems.php:7-64 | index_archivos/operativos/detalleitems.php:67-71 | index_archivos/operativos/detalleitems.php:191-196 | index_archivos/operativos/detalleitemsquery.php:1-90 | index_archivos/logistica/EmbarqueClass.php:752-813 | index_archivos/versolicitud.php:39-124 | .data_base/asgard.sql:1603-1604 | .data_base/asgard.sql:9707-9714 | detalleitems.php:191-196 | detalleitems.php:43-53 | detalleitems.php:24-27 | detalleitems.php:39 | detalleitems.php:60-63 | versolicitud.php:39-124 | detalleitems.php:7-64 | .data_base/asgard.sql:6904-6951 | detalleitems.php:67-71 | EV-SQL_QUERY-A312B796591A0D .data_base/asgard.sql:17719 READS access to dav_liquidacion | EV-SQL_QUERY-9EF7F14A9AAC2D .data_base/asgard.sql:29210 READS access to dav_liquidacion | EV-SQL_QUERY-4B99773C9C7E82 .data_base/asgard.sql:31709 READS access to dav_liquidacion,2,0,FLOW_SEMANTIC_INFERENCE_REVIEW_REQUIRED
customs-tax-liquidation-return-confirmation,dav_pagosdetalle,dav,READ_OR_CONTEXT,Entidad de contexto usada por el flujo para consultar o relacionar informacion de negocio.,"idcasos, idconcepto, idfacturaplanilla, monto, pedido",control de acceso/cliente; transicion o bloqueo por estado; regla documental/carga-descarga; calculo financiero/impositivo; persistencia/atomicidad/concurrencia; notificacion o acceso externo,SQL construido dinamicamente; variante cliente pendiente de confirmar; catalogo/semantica pendiente,,`dav_pagosdetalle` / `dav_concepto` | Conceptos adicionales usados en detalle.,index_archivos/operativos/detalleitems.php:7-64 | index_archivos/operativos/detalleitems.php:67-71 | index_archivos/operativos/detalleitems.php:191-196 | index_archivos/operativos/detalleitemsquery.php:1-90 | index_archivos/logistica/EmbarqueClass.php:752-813 | index_archivos/versolicitud.php:39-124 | .data_base/asgard.sql:1603-1604 | .data_base/asgard.sql:9707-9714 | detalleitems.php:191-196 | detalleitems.php:43-53 | detalleitems.php:24-27 | detalleitems.php:39 | detalleitems.php:60-63 | versolicitud.php:39-124 | detalleitems.php:7-64 | .data_base/asgard.sql:6904-6951 | detalleitems.php:67-71 | EV-SQL_QUERY-BC17003CF9BEFD .data_base/asgard.sql:17827 READS access to dav_pagosdetalle | EV-SQL_QUERY-07C2F68097DAC4 .data_base/asgard.sql:17869 READS access to dav_pagosdetalle | EV-SQL_QUERY-99754B68578828 .data_base/asgard.sql:17875 READS access to dav_pagosdetalle,8,0,FLOW_SEMANTIC_INFERENCE_REVIEW_REQUIRED
customs-tax-liquidation-return-confirmation,dav_retornomailsliquidacion,dav,READ_OR_CONTEXT,Entidad de contexto usada por el flujo para consultar o relacionar informacion de negocio.,"idciudad, idcliente, mail, nombre",control de acceso/cliente; transicion o bloqueo por estado; regla documental/carga-descarga; calculo financiero/impositivo; persistencia/atomicidad/concurrencia; notificacion o acceso externo,SQL construido dinamicamente; variante cliente pendiente de confirmar; catalogo/semantica pendiente,,- Destinatarios desde `dav_retornomailsliquidacion` por cliente y ciudad. | `dav_retornomailsliquidacion` | Destinatarios de correo por cliente/ciudad.,index_archivos/operativos/detalleitems.php:7-64 | index_archivos/operativos/detalleitems.php:67-71 | index_archivos/operativos/detalleitems.php:191-196 | index_archivos/operativos/detalleitemsquery.php:1-90 | index_archivos/logistica/EmbarqueClass.php:752-813 | index_archivos/versolicitud.php:39-124 | .data_base/asgard.sql:1603-1604 | .data_base/asgard.sql:9707-9714 | detalleitems.php:191-196 | detalleitems.php:43-53 | detalleitems.php:24-27 | detalleitems.php:39 | detalleitems.php:60-63 | versolicitud.php:39-124 | detalleitems.php:7-64 | .data_base/asgard.sql:6904-6951 | detalleitems.php:67-71,0,0,FLOW_SEMANTIC_INFERENCE_REVIEW_REQUIRED
customs-tax-liquidation-return-confirmation,tmp_liquidacion,tmp,TEMPORARY_VALIDATION_OR_REPORTING_SUPPORT,"Tabla temporal/staging usada para preparar, validar o consolidar informacion del flujo.","CIFbs, FOBbs, GA, ICD, ICE, IEHD, IVA, descripciondetallada, idcasos, partidaarancelaria",control de acceso/cliente; transicion o bloqueo por estado; regla documental/carga-descarga; calculo financiero/impositivo; persistencia/atomicidad/concurrencia; notificacion o acceso externo,SQL construido dinamicamente; variante cliente pendiente de confirmar; catalogo/semantica pendiente,,`dav_liquidacion` / `tmp_liquidacion` | Detalle tributario por item generado por procedimiento. | - Procedimiento `call liquidacion(idcasos)` para poblar/consultar `tmp_liquidacion`.,index_archivos/operativos/detalleitems.php:7-64 | index_archivos/operativos/detalleitems.php:67-71 | index_archivos/operativos/detalleitems.php:191-196 | index_archivos/operativos/detalleitemsquery.php:1-90 | index_archivos/logistica/EmbarqueClass.php:752-813 | index_archivos/versolicitud.php:39-124 | .data_base/asgard.sql:1603-1604 | .data_base/asgard.sql:9707-9714 | detalleitems.php:191-196 | detalleitems.php:43-53 | detalleitems.php:24-27 | detalleitems.php:39 | detalleitems.php:60-63 | versolicitud.php:39-124 | detalleitems.php:7-64 | .data_base/asgard.sql:6904-6951 | detalleitems.php:67-71 | EV-SQL_QUERY-FEE6A8F85F501F .data_base/asgard.sql:31704 WRITES access to tmp_liquidacion | EV-SQL_QUERY-F326B2D31C4CBF .data_base/asgard.sql:32646 READS access to tmp_liquidacion | EV-SQL_QUERY-45A82D4E1D1050 .data_base/asgard.sql:32783 WRITES access to tmp_liquidacion,1,1,FLOW_SEMANTIC_INFERENCE_REVIEW_REQUIRED
document-exchange-ocr,dav_cliente,dav,REPORTING_READ_MODEL,Entidad de contexto usada por el flujo para consultar o relacionar informacion de negocio.,"cliente, nit",control de acceso/cliente; transicion o bloqueo por estado; regla documental/carga-descarga; calculo financiero/impositivo; persistencia/atomicidad/concurrencia; notificacion o acceso externo,variante cliente pendiente de confirmar; catalogo/semantica pendiente,,`dav_cliente` | Datos del cliente y correo.,index_archivos/intercambioDocumental/ajax/iniciarIntercambio.php:3-13 | index_archivos/intercambioDocumental/ajax/iniciarIntercambio.php:15-116 | index_archivos/intercambioDocumental/IntercambioDocumentalClass.php:8-29 | index_archivos/intercambioDocumental/ajax/iniciarIntercambio.php:15-188 | index_archivos/intercambioDocumental/IntercambioDocumentalClass.php:68-300 | index_archivos/intercambioDocumental/ajax/lectura_documentos_iasa.php:19-65 | index_archivos/intercambioDocumental/ajax/lectura_documentos_iasa.php:67-132 | index_archivos/intercambioDocumental/ajax/lectura_documentos_iasa.php:133-334 | index_archivos/intercambioDocumental/ajax/lectura_documentos_iasa.php:335-560 | index_archivos/intercambioDocumental/ajax/OCRClass.php:108-206 | iniciarIntercambio.php:15-116 | IntercambioDocumentalClass.php:8-29 | iniciarIntercambio.php:118-253 | iniciarIntercambio.php:155-188 | IntercambioDocumentalClass.php:290-296 | IntercambioDocumentalClass.php:299-305 | lectura_documentos_iasa.php:19-39 | lectura_documentos_iasa.php:133-145 | lectura_documentos_iasa.php:219-252 | lectura_documentos_iasa.php:373-430,21,1,FLOW_SEMANTIC_INFERENCE_REVIEW_REQUIRED
document-exchange-ocr,dav_proveedor,dav,REPORTING_READ_MODEL,Entidad de contexto usada por el flujo para consultar o relacionar informacion de negocio.,"estado, proveedor",control de acceso/cliente; transicion o bloqueo por estado; regla documental/carga-descarga; calculo financiero/impositivo; persistencia/atomicidad/concurrencia; notificacion o acceso externo,variante cliente pendiente de confirmar; catalogo/semantica pendiente,,`dav_proveedor` / `dav_proveedorcontactos` | Proveedor y coordinadores de proveedor.,index_archivos/intercambioDocumental/ajax/iniciarIntercambio.php:3-13 | index_archivos/intercambioDocumental/ajax/iniciarIntercambio.php:15-116 | index_archivos/intercambioDocumental/IntercambioDocumentalClass.php:8-29 | index_archivos/intercambioDocumental/ajax/iniciarIntercambio.php:15-188 | index_archivos/intercambioDocumental/IntercambioDocumentalClass.php:68-300 | index_archivos/intercambioDocumental/ajax/lectura_documentos_iasa.php:19-65 | index_archivos/intercambioDocumental/ajax/lectura_documentos_iasa.php:67-132 | index_archivos/intercambioDocumental/ajax/lectura_documentos_iasa.php:133-334 | index_archivos/intercambioDocumental/ajax/lectura_documentos_iasa.php:335-560 | index_archivos/intercambioDocumental/ajax/OCRClass.php:108-206 | iniciarIntercambio.php:15-116 | IntercambioDocumentalClass.php:8-29 | iniciarIntercambio.php:118-253 | iniciarIntercambio.php:155-188 | IntercambioDocumentalClass.php:290-296 | IntercambioDocumentalClass.php:299-305 | lectura_documentos_iasa.php:19-39 | lectura_documentos_iasa.php:133-145 | lectura_documentos_iasa.php:219-252 | lectura_documentos_iasa.php:373-430,19,2,FLOW_SEMANTIC_INFERENCE_REVIEW_REQUIRED
document-exchange-ocr,dav_proveedorcontactos,dav,REPORTING_READ_MODEL,Entidad de contexto usada por el flujo para consultar o relacionar informacion de negocio.,nombre,control de acceso/cliente; transicion o bloqueo por estado; regla documental/carga-descarga; calculo financiero/impositivo; persistencia/atomicidad/concurrencia; notificacion o acceso externo,variante cliente pendiente de confirmar; catalogo/semantica pendiente,,`dav_proveedor` / `dav_proveedorcontactos` | Proveedor y coordinadores de proveedor.,index_archivos/intercambioDocumental/ajax/iniciarIntercambio.php:3-13 | index_archivos/intercambioDocumental/ajax/iniciarIntercambio.php:15-116 | index_archivos/intercambioDocumental/IntercambioDocumentalClass.php:8-29 | index_archivos/intercambioDocumental/ajax/iniciarIntercambio.php:15-188 | index_archivos/intercambioDocumental/IntercambioDocumentalClass.php:68-300 | index_archivos/intercambioDocumental/ajax/lectura_documentos_iasa.php:19-65 | index_archivos/intercambioDocumental/ajax/lectura_documentos_iasa.php:67-132 | index_archivos/intercambioDocumental/ajax/lectura_documentos_iasa.php:133-334 | index_archivos/intercambioDocumental/ajax/lectura_documentos_iasa.php:335-560 | index_archivos/intercambioDocumental/ajax/OCRClass.php:108-206 | iniciarIntercambio.php:15-116 | IntercambioDocumentalClass.php:8-29 | iniciarIntercambio.php:118-253 | iniciarIntercambio.php:155-188 | IntercambioDocumentalClass.php:290-296 | IntercambioDocumentalClass.php:299-305 | lectura_documentos_iasa.php:19-39 | lectura_documentos_iasa.php:133-145 | lectura_documentos_iasa.php:219-252 | lectura_documentos_iasa.php:373-430,3,2,FLOW_SEMANTIC_INFERENCE_REVIEW_REQUIRED
document-exchange-ocr,dav_reporte_detalles_transportistas_iasa,dav,REPORTING_READ_MODEL,"Entidad documental o soporte usado para validar, adjuntar, generar o descargar evidencias.",,control de acceso/cliente; transicion o bloqueo por estado; regla documental/carga-descarga; calculo financiero/impositivo; persistencia/atomicidad/concurrencia; notificacion o acceso externo,variante cliente pendiente de confirmar; catalogo/semantica pendiente,,- Lista de Empaque: lee detalle por item y reemplaza registros previos equivalentes en `dav_reporte_detalles_transportistas_iasa`. | `dav_reporte_detalles_transportistas_iasa` | Resultado OCR de lista de empaque y actualizacion SCP.,index_archivos/intercambioDocumental/ajax/iniciarIntercambio.php:3-13 | index_archivos/intercambioDocumental/ajax/iniciarIntercambio.php:15-116 | index_archivos/intercambioDocumental/IntercambioDocumentalClass.php:8-29 | index_archivos/intercambioDocumental/ajax/iniciarIntercambio.php:15-188 | index_archivos/intercambioDocumental/IntercambioDocumentalClass.php:68-300 | index_archivos/intercambioDocumental/ajax/lectura_documentos_iasa.php:19-65 | index_archivos/intercambioDocumental/ajax/lectura_documentos_iasa.php:67-132 | index_archivos/intercambioDocumental/ajax/lectura_documentos_iasa.php:133-334 | index_archivos/intercambioDocumental/ajax/lectura_documentos_iasa.php:335-560 | index_archivos/intercambioDocumental/ajax/OCRClass.php:108-206 | iniciarIntercambio.php:15-116 | IntercambioDocumentalClass.php:8-29 | iniciarIntercambio.php:118-253 | iniciarIntercambio.php:155-188 | IntercambioDocumentalClass.php:290-296 | IntercambioDocumentalClass.php:299-305 | lectura_documentos_iasa.php:19-39 | lectura_documentos_iasa.php:133-145 | lectura_documentos_iasa.php:219-252 | lectura_documentos_iasa.php:373-430,1,1,FLOW_SEMANTIC_INFERENCE_REVIEW_REQUIRED
document-exchange-ocr,dav_reporte_transportistas_iasa,dav,REPORTING_READ_MODEL,"Entidad documental o soporte usado para validar, adjuntar, generar o descargar evidencias.","cantidad, descripcion, empresa, ruta",control de acceso/cliente; transicion o bloqueo por estado; regla documental/carga-descarga; calculo financiero/impositivo; persistencia/atomicidad/concurrencia; notificacion o acceso externo,variante cliente pendiente de confirmar; catalogo/semantica pendiente,,Contrato IASA: lectura OCR e insercion de datos base en `dav_reporte_transportistas_iasa`. | `dav_reporte_transportistas_iasa` | Resultado OCR de contrato y factura de transporte.,index_archivos/intercambioDocumental/ajax/iniciarIntercambio.php:3-13 | index_archivos/intercambioDocumental/ajax/iniciarIntercambio.php:15-116 | index_archivos/intercambioDocumental/IntercambioDocumentalClass.php:8-29 | index_archivos/intercambioDocumental/ajax/iniciarIntercambio.php:15-188 | index_archivos/intercambioDocumental/IntercambioDocumentalClass.php:68-300 | index_archivos/intercambioDocumental/ajax/lectura_documentos_iasa.php:19-65 | index_archivos/intercambioDocumental/ajax/lectura_documentos_iasa.php:67-132 | index_archivos/intercambioDocumental/ajax/lectura_documentos_iasa.php:133-334 | index_archivos/intercambioDocumental/ajax/lectura_documentos_iasa.php:335-560 | index_archivos/intercambioDocumental/ajax/OCRClass.php:108-206 | iniciarIntercambio.php:15-116 | IntercambioDocumentalClass.php:8-29 | iniciarIntercambio.php:118-253 | iniciarIntercambio.php:155-188 | IntercambioDocumentalClass.php:290-296 | IntercambioDocumentalClass.php:299-305 | lectura_documentos_iasa.php:19-39 | lectura_documentos_iasa.php:133-145 | lectura_documentos_iasa.php:219-252 | lectura_documentos_iasa.php:373-430,1,1,FLOW_SEMANTIC_INFERENCE_REVIEW_REQUIRED
document-exchange-ocr,dav_usuario,dav,REPORTING_READ_MODEL,Entidad de contexto usada por el flujo para consultar o relacionar informacion de negocio.,"codigo, nombre, nombres",control de acceso/cliente; transicion o bloqueo por estado; regla documental/carga-descarga; calculo financiero/impositivo; persistencia/atomicidad/concurrencia; notificacion o acceso externo,variante cliente pendiente de confirmar; catalogo/semantica pendiente,,`dav_usuario` | Coordinadores internos / despachante.,index_archivos/intercambioDocumental/ajax/iniciarIntercambio.php:3-13 | index_archivos/intercambioDocumental/ajax/iniciarIntercambio.php:15-116 | index_archivos/intercambioDocumental/IntercambioDocumentalClass.php:8-29 | index_archivos/intercambioDocumental/ajax/iniciarIntercambio.php:15-188 | index_archivos/intercambioDocumental/IntercambioDocumentalClass.php:68-300 | index_archivos/intercambioDocumental/ajax/lectura_documentos_iasa.php:19-65 | index_archivos/intercambioDocumental/ajax/lectura_documentos_iasa.php:67-132 | index_archivos/intercambioDocumental/ajax/lectura_documentos_iasa.php:133-334 | index_archivos/intercambioDocumental/ajax/lectura_documentos_iasa.php:335-560 | index_archivos/intercambioDocumental/ajax/OCRClass.php:108-206 | iniciarIntercambio.php:15-116 | IntercambioDocumentalClass.php:8-29 | iniciarIntercambio.php:118-253 | iniciarIntercambio.php:155-188 | IntercambioDocumentalClass.php:290-296 | IntercambioDocumentalClass.php:299-305 | lectura_documentos_iasa.php:19-39 | lectura_documentos_iasa.php:133-145 | lectura_documentos_iasa.php:219-252 | lectura_documentos_iasa.php:373-430,17,0,FLOW_SEMANTIC_INFERENCE_REVIEW_REQUIRED
document-exchange-ocr,logis_embarques,logis,REPORTING_READ_MODEL,Entidad de contexto usada por el flujo para consultar o relacionar informacion de negocio.,idExchange,control de acceso/cliente; transicion o bloqueo por estado; regla documental/carga-descarga; calculo financiero/impositivo; persistencia/atomicidad/concurrencia; notificacion o acceso externo,variante cliente pendiente de confirmar; catalogo/semantica pendiente,,"DEO-BR-004 | El exchange id puede vincularse a un embarque en `logis_embarques.idExchange`. | `logis_embarques` | Embarque vinculado al exchange mediante `idExchange`; fuente de cliente, proveedor, transportista y correos.",index_archivos/intercambioDocumental/ajax/iniciarIntercambio.php:3-13 | index_archivos/intercambioDocumental/ajax/iniciarIntercambio.php:15-116 | index_archivos/intercambioDocumental/IntercambioDocumentalClass.php:8-29 | index_archivos/intercambioDocumental/ajax/iniciarIntercambio.php:15-188 | index_archivos/intercambioDocumental/IntercambioDocumentalClass.php:68-300 | index_archivos/intercambioDocumental/ajax/lectura_documentos_iasa.php:19-65 | index_archivos/intercambioDocumental/ajax/lectura_documentos_iasa.php:67-132 | index_archivos/intercambioDocumental/ajax/lectura_documentos_iasa.php:133-334 | index_archivos/intercambioDocumental/ajax/lectura_documentos_iasa.php:335-560 | index_archivos/intercambioDocumental/ajax/OCRClass.php:108-206 | iniciarIntercambio.php:15-116 | IntercambioDocumentalClass.php:8-29 | iniciarIntercambio.php:118-253 | iniciarIntercambio.php:155-188 | IntercambioDocumentalClass.php:290-296 | IntercambioDocumentalClass.php:299-305 | lectura_documentos_iasa.php:19-39 | lectura_documentos_iasa.php:133-145 | lectura_documentos_iasa.php:219-252 | lectura_documentos_iasa.php:373-430,25,3,FLOW_SEMANTIC_INFERENCE_REVIEW_REQUIRED
document-exchange-ocr,logis_pedidos,logis,REPORTING_READ_MODEL,Entidad de contexto usada por el flujo para consultar o relacionar informacion de negocio.,exchange_id,control de acceso/cliente; transicion o bloqueo por estado; regla documental/carga-descarga; calculo financiero/impositivo; persistencia/atomicidad/concurrencia; notificacion o acceso externo,variante cliente pendiente de confirmar; catalogo/semantica pendiente,,DEO-BR-005 | El exchange id puede vincularse a un pedido en `logis_pedidos.exchange_id`. | `logis_pedidos` | Pedido vinculado al exchange mediante `exchange_id`.,index_archivos/intercambioDocumental/ajax/iniciarIntercambio.php:3-13 | index_archivos/intercambioDocumental/ajax/iniciarIntercambio.php:15-116 | index_archivos/intercambioDocumental/IntercambioDocumentalClass.php:8-29 | index_archivos/intercambioDocumental/ajax/iniciarIntercambio.php:15-188 | index_archivos/intercambioDocumental/IntercambioDocumentalClass.php:68-300 | index_archivos/intercambioDocumental/ajax/lectura_documentos_iasa.php:19-65 | index_archivos/intercambioDocumental/ajax/lectura_documentos_iasa.php:67-132 | index_archivos/intercambioDocumental/ajax/lectura_documentos_iasa.php:133-334 | index_archivos/intercambioDocumental/ajax/lectura_documentos_iasa.php:335-560 | index_archivos/intercambioDocumental/ajax/OCRClass.php:108-206 | iniciarIntercambio.php:15-116 | IntercambioDocumentalClass.php:8-29 | iniciarIntercambio.php:118-253 | iniciarIntercambio.php:155-188 | IntercambioDocumentalClass.php:290-296 | IntercambioDocumentalClass.php:299-305 | lectura_documentos_iasa.php:19-39 | lectura_documentos_iasa.php:133-145 | lectura_documentos_iasa.php:219-252 | lectura_documentos_iasa.php:373-430,3,1,FLOW_SEMANTIC_INFERENCE_REVIEW_REQUIRED
document-exchange-ocr,ocr_lecturas,documentos,REPORTING_READ_MODEL,"Entidad documental o soporte usado para validar, adjuntar, generar o descargar evidencias.","lecturas, modelo",control de acceso/cliente; transicion o bloqueo por estado; regla documental/carga-descarga; calculo financiero/impositivo; persistencia/atomicidad/concurrencia; notificacion o acceso externo,variante cliente pendiente de confirmar; catalogo/semantica pendiente,,`ocr_lecturas` | Conteo de lecturas por modelo OCR.,index_archivos/intercambioDocumental/ajax/iniciarIntercambio.php:3-13 | index_archivos/intercambioDocumental/ajax/iniciarIntercambio.php:15-116 | index_archivos/intercambioDocumental/IntercambioDocumentalClass.php:8-29 | index_archivos/intercambioDocumental/ajax/iniciarIntercambio.php:15-188 | index_archivos/intercambioDocumental/IntercambioDocumentalClass.php:68-300 | index_archivos/intercambioDocumental/ajax/lectura_documentos_iasa.php:19-65 | index_archivos/intercambioDocumental/ajax/lectura_documentos_iasa.php:67-132 | index_archivos/intercambioDocumental/ajax/lectura_documentos_iasa.php:133-334 | index_archivos/intercambioDocumental/ajax/lectura_documentos_iasa.php:335-560 | index_archivos/intercambioDocumental/ajax/OCRClass.php:108-206 | iniciarIntercambio.php:15-116 | IntercambioDocumentalClass.php:8-29 | iniciarIntercambio.php:118-253 | iniciarIntercambio.php:155-188 | IntercambioDocumentalClass.php:290-296 | IntercambioDocumentalClass.php:299-305 | lectura_documentos_iasa.php:19-39 | lectura_documentos_iasa.php:133-145 | lectura_documentos_iasa.php:219-252 | lectura_documentos_iasa.php:373-430,0,2,FLOW_SEMANTIC_INFERENCE_REVIEW_REQUIRED
document-service-plan-ocr-capture,dav_planillasdp,dav,CREATE_AND_UPDATE,Entidad transaccional modificada por el flujo; sus cambios deben caracterizarse antes de refactor.,"document_id, exchange_id",transicion o bloqueo por estado; regla documental/carga-descarga; calculo financiero/impositivo; persistencia/atomicidad/concurrencia,seguridad/autorizacion sensible,"INSERT INTO, UPDATE","# Document Service Plan OCR Capture - Process Definition ## Estado INFERRED_DRAFT_REVIEW_REQUIRED ## Objetivo de negocio Leer una planilla/solicitud de servicio mediante OCR general, extraer numero, BL, monto cotizado y fechas, y registrar una version vigente en `dav_planillasdp` para el documento de intercambio. | - Insercion de nueva lectura en `dav_planillasdp`. | `index_archivos/intercambioDocumental/ajax/lectura-ocr.php:144-156` | Reemplaza lectura vigente en `dav_planillasdp`. | ASGARD inserta la nueva lectura en `dav_planillasdp`. | ```mermaid flowchart TD A[""Documento intercambio""] --> B[""Azure Read OCR""] B --> C[""Extraer lineas clave""] C --> D{""Campos minimos?""} D -->|No| E[""Documento diferente/no aceptado""] D -->|Si| F[""Soft delete lectura previa""] F --> G[""Insertar dav_planillasdp""] ``` | `dav_planillasdp` | Lecturas OCR vigentes/historicas por documento.",index_archivos/intercambioDocumental/ajax/lectura-ocr.php:13-35 | index_archivos/intercambioDocumental/ajax/lectura-ocr.php:73-142 | index_archivos/intercambioDocumental/ajax/lectura-ocr.php:144-156 | lectura-ocr.php:13-35 | lectura-ocr.php:73-142 | lectura-ocr.php:144-156 | index_archivos/intercambioDocumental/ajax/lectura-ocr.php:144-156 | lectura-ocr.php:144-156,0,0,FLOW_SEMANTIC_INFERENCE_REVIEW_REQUIRED
export-mic-dex-physical-reception-control,dav_clienteusuarios,dav,REPORTING_READ_MODEL,Entidad de contexto usada por el flujo para consultar o relacionar informacion de negocio.,"created_at, idclienteusuarios, nombre, username",control de acceso/cliente; transicion o bloqueo por estado; regla documental/carga-descarga; calculo financiero/impositivo; persistencia/atomicidad/concurrencia,SQL construido dinamicamente; variante cliente pendiente de confirmar,,`dav_clienteusuarios` | Nombre de usuario cliente en historial.,index_archivos/operativos/recepcion_fisica_mics.php:48-115 | index_archivos/operativos/exportaciones/ajax/RecepcionFisicaMICs.php:16-89 | index_archivos/operativos/exportaciones/ajax/RecepcionFisicaMICs.php:93-118 | index_archivos/operativos/exportaciones/js/recepcion_fisica_mics.js:1-57 | index_archivos/operativos/exportaciones/js/recepcion_fisica_mics.js:59-128 | index_archivos/operativos/exportaciones/js/recepcion_fisica_mics.js:131-248 | index_archivos/operativos/exportaciones/js/recepcion_fisica_mics.js:250-270 | index_archivos/operativos/exportaciones/ajax/ActualizarMICs.php:13-82 | index_archivos/operativos/exportaciones/ajax/ActualizarMICs.php:83-120 | .data_base/asgard.sql:11038-11071 | RecepcionFisicaMICs.php:16-36 | RecepcionFisicaMICs.php:23-24 | recepcion_fisica_mics.js:1-57 | ActualizarMICs.php:18-29 | ActualizarMICs.php:52-60 | ActualizarMICs.php:17 | ActualizarMICs.php:30-38 | ActualizarMICs.php:62-70 | RecepcionFisicaMICs.php:100-118 | RecepcionFisicaMICs.php:16-89,16,3,FLOW_SEMANTIC_INFERENCE_REVIEW_REQUIRED
export-mic-dex-physical-reception-control,dex_suma,transversal,UPDATE,Entidad transaccional modificada por el flujo; sus cambios deben caracterizarse antes de refactor.,"cantidad_bultos, empresa_transporte, estado, factura, fecha_concluido, fecha_enviado, fecha_recibido, fecha_registro, fecha_verificacion_salida, id, numero_dex, numero_manifiesto, peso_bruto, placa_transporte",control de acceso/cliente; transicion o bloqueo por estado; regla documental/carga-descarga; calculo financiero/impositivo; persistencia/atomicidad/concurrencia,SQL construido dinamicamente; variante cliente pendiente de confirmar,UPDATE,"Consulta filtrada de registros `dex_suma` con fecha de verificacion de salida. | - Clasificacion de unidades pendientes de cruzar frontera o ya cruzadas mediante comparacion entre reporte fiscal y `dex_suma`. | Creacion inicial de registros `dex_suma`. | Actualizacion de fechas en `dex_suma`: `fecha_recibido`, `fecha_enviado`, `fecha_concluido`. | ASGARD consulta `dex_suma` con fecha de verificacion de salida. | ASGARD actualiza fechas en `dex_suma`.",index_archivos/operativos/recepcion_fisica_mics.php:48-115 | index_archivos/operativos/exportaciones/ajax/RecepcionFisicaMICs.php:16-89 | index_archivos/operativos/exportaciones/ajax/RecepcionFisicaMICs.php:93-118 | index_archivos/operativos/exportaciones/js/recepcion_fisica_mics.js:1-57 | index_archivos/operativos/exportaciones/js/recepcion_fisica_mics.js:59-128 | index_archivos/operativos/exportaciones/js/recepcion_fisica_mics.js:131-248 | index_archivos/operativos/exportaciones/js/recepcion_fisica_mics.js:250-270 | index_archivos/operativos/exportaciones/ajax/ActualizarMICs.php:13-82 | index_archivos/operativos/exportaciones/ajax/ActualizarMICs.php:83-120 | .data_base/asgard.sql:11038-11071 | RecepcionFisicaMICs.php:16-36 | RecepcionFisicaMICs.php:23-24 | recepcion_fisica_mics.js:1-57 | ActualizarMICs.php:18-29 | ActualizarMICs.php:52-60 | ActualizarMICs.php:17 | ActualizarMICs.php:30-38 | ActualizarMICs.php:62-70 | RecepcionFisicaMICs.php:100-118 | RecepcionFisicaMICs.php:16-89,4,1,FLOW_SEMANTIC_INFERENCE_REVIEW_REQUIRED
export-mic-dex-physical-reception-control,dex_suma_estado_historial,transversal,CREATE,Entidad transaccional modificada por el flujo; sus cambios deben caracterizarse antes de refactor.,"created_at, estado, fecha, id, idsuma, idusuario, tipousuario",control de acceso/cliente; transicion o bloqueo por estado; regla documental/carga-descarga; calculo financiero/impositivo; persistencia/atomicidad/concurrencia,SQL construido dinamicamente; variante cliente pendiente de confirmar,INSERT INTO,- Insercion en `dex_suma_estado_historial`. | `.data_base/asgard.sql:11038-11071` | Esquema `dex_suma` y `dex_suma_estado_historial`. | BR-EMDPRC-004 | Cada accept/reject inserta historial en `dex_suma_estado_historial`. | `dex_suma_estado_historial` | Historial de cambios de estado. | - `INSERT INTO dex_suma_estado_historial`.,index_archivos/operativos/recepcion_fisica_mics.php:48-115 | index_archivos/operativos/exportaciones/ajax/RecepcionFisicaMICs.php:16-89 | index_archivos/operativos/exportaciones/ajax/RecepcionFisicaMICs.php:93-118 | index_archivos/operativos/exportaciones/js/recepcion_fisica_mics.js:1-57 | index_archivos/operativos/exportaciones/js/recepcion_fisica_mics.js:59-128 | index_archivos/operativos/exportaciones/js/recepcion_fisica_mics.js:131-248 | index_archivos/operativos/exportaciones/js/recepcion_fisica_mics.js:250-270 | index_archivos/operativos/exportaciones/ajax/ActualizarMICs.php:13-82 | index_archivos/operativos/exportaciones/ajax/ActualizarMICs.php:83-120 | .data_base/asgard.sql:11038-11071 | RecepcionFisicaMICs.php:16-36 | RecepcionFisicaMICs.php:23-24 | recepcion_fisica_mics.js:1-57 | ActualizarMICs.php:18-29 | ActualizarMICs.php:52-60 | ActualizarMICs.php:17 | ActualizarMICs.php:30-38 | ActualizarMICs.php:62-70 | RecepcionFisicaMICs.php:100-118 | RecepcionFisicaMICs.php:16-89,1,0,FLOW_SEMANTIC_INFERENCE_REVIEW_REQUIRED
export-mic-dex-physical-reception-control,prov_usuarioaccesoproveedor,prov,REPORTING_READ_MODEL,Entidad de contexto usada por el flujo para consultar o relacionar informacion de negocio.,"created_at, idusuarioaccesoproveedor, nombre, username",control de acceso/cliente; transicion o bloqueo por estado; regla documental/carga-descarga; calculo financiero/impositivo; persistencia/atomicidad/concurrencia,SQL construido dinamicamente; variante cliente pendiente de confirmar,,`prov_usuarioaccesoproveedor` | Nombre de usuario proveedor en historial.,index_archivos/operativos/recepcion_fisica_mics.php:48-115 | index_archivos/operativos/exportaciones/ajax/RecepcionFisicaMICs.php:16-89 | index_archivos/operativos/exportaciones/ajax/RecepcionFisicaMICs.php:93-118 | index_archivos/operativos/exportaciones/js/recepcion_fisica_mics.js:1-57 | index_archivos/operativos/exportaciones/js/recepcion_fisica_mics.js:59-128 | index_archivos/operativos/exportaciones/js/recepcion_fisica_mics.js:131-248 | index_archivos/operativos/exportaciones/js/recepcion_fisica_mics.js:250-270 | index_archivos/operativos/exportaciones/ajax/ActualizarMICs.php:13-82 | index_archivos/operativos/exportaciones/ajax/ActualizarMICs.php:83-120 | .data_base/asgard.sql:11038-11071 | RecepcionFisicaMICs.php:16-36 | RecepcionFisicaMICs.php:23-24 | recepcion_fisica_mics.js:1-57 | ActualizarMICs.php:18-29 | ActualizarMICs.php:52-60 | ActualizarMICs.php:17 | ActualizarMICs.php:30-38 | ActualizarMICs.php:62-70 | RecepcionFisicaMICs.php:100-118 | RecepcionFisicaMICs.php:16-89,6,1,FLOW_SEMANTIC_INFERENCE_REVIEW_REQUIRED
external-agency-procedure-tracking,dav_entidademisora,dav,REPORTING_READ_MODEL,"Catalogo o parametro que condiciona reglas, permisos o variantes del flujo.","entidademisora, identidademisora",control de acceso/cliente; transicion o bloqueo por estado; regla documental/carga-descarga; calculo financiero/impositivo; persistencia/atomicidad/concurrencia,SQL construido dinamicamente; atomicidad/concurrencia pendiente; variante cliente pendiente de confirmar; catalogo/semantica pendiente; seguridad/autorizacion sensible,,"`.data_base/asgard.sql` | Tablas `dav_tramites`, `dav_entidademisora`, `dav_entidademisoratramite`, `dav_etapasentidademisora`, `dav_etapastramites`. | `dav_entidademisora` | Catalogo de entidades emisoras. | `dav_entidademisoratramite` | Tramites disponibles por entidad emisora.",EV-SQL_QUERY-16504425CA5235 .data_base/asgard.sql:17779 READS access to dav_entidademisoratramite | EV-SQL_QUERY-F04ADE65DC95AE .data_base/asgard.sql:17779 READS access to dav_entidademisoratramitetipo | EV-SQL_QUERY-027E19396FBA04 .data_base/asgard.sql:17881 READS access to dav_entidademisora | EV-SQL_QUERY-932E794793CBF5 .data_base/asgard.sql:17881 READS access to dav_entidademisoratramite | EV-SQL_QUERY-769A49715DF903 .data_base/asgard.sql:17887 READS access to dav_entidademisoratramite | EV-SQL_QUERY-D573CCCBC2FD54 .data_base/asgard.sql:17887 READS access to dav_entidademisora | EV-SQL_QUERY-2F109E6A857EA9 .data_base/asgard.sql:17947 READS access to dav_entidademisora | EV-SQL_QUERY-804E58C162565F index_archivos/controllers/SolicitudClass.php:286 READS access to dav_entidademisoratramitetipo | EV-SQL_QUERY-7E97B1E7869D02 index_archivos/controllers/SolicitudClass.php:287 READS access to dav_entidademisoratramite | EV-SQL_QUERY-343BF670CF9609 index_archivos/controllers/SolicitudClass.php:288 READS access to dav_entidademisora | EV-SQL_QUERY-1FD4E8940212F3 index_archivos/logistica/CotizacionClass.php:1632 READS access to dav_entidademisora | EV-SQL_QUERY-DBDCA53A7C9650 index_archivos/tramites_json.php:13 READS access to dav_entidademisoratramite | EV-SQL_QUERY-415D7F5F7B600F index_archivos/tramites_json.php:31 READS access to dav_entidademisoratramitetipo,3,0,FLOW_SEMANTIC_INFERENCE_REVIEW_REQUIRED
external-agency-procedure-tracking,dav_entidademisoratramite,dav,REPORTING_READ_MODEL,Entidad de contexto usada por el flujo para consultar o relacionar informacion de negocio.,"entidademisoratramite, identidademisora",control de acceso/cliente; transicion o bloqueo por estado; regla documental/carga-descarga; calculo financiero/impositivo; persistencia/atomicidad/concurrencia,SQL construido dinamicamente; atomicidad/concurrencia pendiente; variante cliente pendiente de confirmar; catalogo/semantica pendiente; seguridad/autorizacion sensible,,"`.data_base/asgard.sql` | Tablas `dav_tramites`, `dav_entidademisora`, `dav_entidademisoratramite`, `dav_etapasentidademisora`, `dav_etapastramites`. | `dav_entidademisoratramite` | Tramites disponibles por entidad emisora.",EV-SQL_QUERY-16504425CA5235 .data_base/asgard.sql:17779 READS access to dav_entidademisoratramite | EV-SQL_QUERY-F04ADE65DC95AE .data_base/asgard.sql:17779 READS access to dav_entidademisoratramitetipo | EV-SQL_QUERY-932E794793CBF5 .data_base/asgard.sql:17881 READS access to dav_entidademisoratramite | EV-SQL_QUERY-769A49715DF903 .data_base/asgard.sql:17887 READS access to dav_entidademisoratramite | EV-SQL_QUERY-804E58C162565F index_archivos/controllers/SolicitudClass.php:286 READS access to dav_entidademisoratramitetipo | EV-SQL_QUERY-7E97B1E7869D02 index_archivos/controllers/SolicitudClass.php:287 READS access to dav_entidademisoratramite | EV-SQL_QUERY-DBDCA53A7C9650 index_archivos/tramites_json.php:13 READS access to dav_entidademisoratramite | EV-SQL_QUERY-415D7F5F7B600F index_archivos/tramites_json.php:31 READS access to dav_entidademisoratramitetipo,3,0,FLOW_SEMANTIC_INFERENCE_REVIEW_REQUIRED
external-agency-procedure-tracking,dav_etapasentidademisora,dav,REPORTING_READ_MODEL,Entidad de contexto usada por el flujo para consultar o relacionar informacion de negocio.,orden,control de acceso/cliente; transicion o bloqueo por estado; regla documental/carga-descarga; calculo financiero/impositivo; persistencia/atomicidad/concurrencia,SQL construido dinamicamente; atomicidad/concurrencia pendiente; variante cliente pendiente de confirmar; catalogo/semantica pendiente; seguridad/autorizacion sensible,,"- Construccion dinamica de columnas de etapa desde `dav_etapasentidademisora`. | `.data_base/asgard.sql` | Tablas `dav_tramites`, `dav_entidademisora`, `dav_entidademisoratramite`, `dav_etapasentidademisora`, `dav_etapastramites`. | BR-EAPT-004 | Columnas de etapa se generan desde `dav_etapasentidademisora` ordenadas por `orden`. | `dav_etapasentidademisora` | Etapas configurables por entidad emisora. | Stage columns are dynamic from `dav_etapasentidademisora`.",,0,0,FLOW_SEMANTIC_INFERENCE_REVIEW_REQUIRED
external-agency-procedure-tracking,dav_etapastramites,dav,REPORTING_READ_MODEL,"Catalogo o parametro que condiciona reglas, permisos o variantes del flujo.",idestado,control de acceso/cliente; transicion o bloqueo por estado; regla documental/carga-descarga; calculo financiero/impositivo; persistencia/atomicidad/concurrencia,SQL construido dinamicamente; atomicidad/concurrencia pendiente; variante cliente pendiente de confirmar; catalogo/semantica pendiente; seguridad/autorizacion sensible,,"`.data_base/asgard.sql` | Tablas `dav_tramites`, `dav_entidademisora`, `dav_entidademisoratramite`, `dav_etapasentidademisora`, `dav_etapastramites`. | `dav_etapastramites` | Fecha/estado de etapa para un tramite. | Cada etapa tiene una fecha opcional en `dav_etapastramites`; algunas etapas tienen un estado adicional resuelto desde una tabla de catalogo especifica por etapa.",,0,0,FLOW_SEMANTIC_INFERENCE_REVIEW_REQUIRED
external-agency-procedure-tracking,dav_tipotramite,dav,REFERENCE_OR_STATE_CATALOG,"Catalogo o parametro que condiciona reglas, permisos o variantes del flujo.",tipotramite,control de acceso/cliente; transicion o bloqueo por estado; regla documental/carga-descarga; calculo financiero/impositivo; persistencia/atomicidad/concurrencia,SQL construido dinamicamente; atomicidad/concurrencia pendiente; variante cliente pendiente de confirmar; catalogo/semantica pendiente; seguridad/autorizacion sensible,,`dav_tipotramite` | Tipo de tramite asociado.,EV-SQL_QUERY-5EC4C522C14DFB .data_base/asgard.sql:17779 READS access to dav_tipotramite | EV-SQL_QUERY-E348A579881F3B .data_base/asgard.sql:17881 READS access to dav_tipotramite | EV-SQL_QUERY-DD31A080BEA550 .data_base/asgard.sql:17887 READS access to dav_tipotramite | EV-SQL_QUERY-A6A0665DF60C01 .data_base/asgard.sql:17947 READS access to dav_tipotramite | EV-SQL_QUERY-60D3AECF2BCCF0 .data_base/asgard.sql:29732 READS access to dav_tipotramite | EV-SQL_QUERY-C622EEF9ED3E38 .data_base/asgard.sql:29924 READS access to dav_tipotramite | EV-SQL_QUERY-E2D485FFFFC420 index_archivos/controllers/SolicitudClass.php:289 READS access to dav_tipotramite | EV-SQL_QUERY-4F50386346AB56 index_archivos/tramites_json.php:33 READS access to dav_tipotramite,3,0,FLOW_SEMANTIC_INFERENCE_REVIEW_REQUIRED
external-agency-procedure-tracking,dav_tramites,dav,REPORTING_READ_MODEL,Entidad de contexto usada por el flujo para consultar o relacionar informacion de negocio.,identidademisora,control de acceso/cliente; transicion o bloqueo por estado; regla documental/carga-descarga; calculo financiero/impositivo; persistencia/atomicidad/concurrencia,SQL construido dinamicamente; atomicidad/concurrencia pendiente; variante cliente pendiente de confirmar; catalogo/semantica pendiente; seguridad/autorizacion sensible,,"`.data_base/asgard.sql` | Tablas `dav_tramites`, `dav_entidademisora`, `dav_entidademisoratramite`, `dav_etapasentidademisora`, `dav_etapastramites`. | `dav_tramites` | Tramite vinculado a caso/caso previo/solicitud.",EV-SQL_QUERY-40238C6A650CC3 .data_base/asgard.sql:17881 READS access to dav_tramites | EV-SQL_QUERY-2A41FD32302BBF .data_base/asgard.sql:17887 READS access to dav_tramites | EV-SQL_QUERY-DDB4758722A025 .data_base/asgard.sql:17947 READS access to dav_tramites | EV-SQL_QUERY-2CE3F8259E39D1 .data_base/asgard.sql:29731 READS access to dav_tramites | EV-SQL_QUERY-1B1DBABC4533B4 .data_base/asgard.sql:29857 READS access to dav_tramites | EV-SQL_QUERY-2130659483C90E .data_base/asgard.sql:29923 READS access to dav_tramites | EV-SQL_QUERY-D0A005B3C04BA6 .data_base/asgard.sql:30005 READS access to dav_tramites | EV-SQL_QUERY-1F7491A3C29E0B .data_base/asgard.sql:44802 READS access to dav_tramites | EV-SQL_QUERY-0322EF953441C2 .data_base/asgard.sql:45191 READS access to dav_tramites | EV-SQL_QUERY-F2DF330432DB36 .data_base/asgard.sql:46653 READS access to dav_tramites,1,0,FLOW_SEMANTIC_INFERENCE_REVIEW_REQUIRED
form1-modification-observation-tracking,ages_asesoria_gestion_carpetas,ages,REPORTING_READ_MODEL,Entidad de contexto usada por el flujo para consultar o relacionar informacion de negocio.,"carpeta, chasis, idestado, marca",control de acceso/cliente; transicion o bloqueo por estado; regla documental/carga-descarga; calculo financiero/impositivo,SQL construido dinamicamente; variante cliente pendiente de confirmar; catalogo/semantica pendiente; seguridad/autorizacion sensible,,- Consolidacion de Form1 vinculados a `dav_casos` o `ages_asesoria_gestion_carpetas`. | `ages_asesoria_gestion_carpetas` | Origen alternativo para Form1 de asesoria/gestion.,EV-SQL_QUERY-86BA8294A1924B .data_base/asgard.sql:17821 READS access to ages_asesoria_gestion_carpetas | EV-SQL_QUERY-B5F8197BB461E9 .data_base/asgard.sql:17827 READS access to ages_asesoria_gestion_carpetas | EV-SQL_QUERY-37D07340331746 .data_base/asgard.sql:17881 READS access to ages_asesoria_gestion_carpetas | EV-SQL_QUERY-9EDE5C21D9CAA1 .data_base/asgard.sql:17887 READS access to ages_asesoria_gestion_carpetas | EV-SQL_QUERY-D8E0A6B927C343 .data_base/asgard.sql:17947 READS access to ages_asesoria_gestion_carpetas | EV-SQL_QUERY-CC9E9B63685FC7 .data_base/asgard.sql:18587 READS access to ages_asesoria_gestion_carpetas | EV-SQL_QUERY-A2EBC4CFA5EFEF .data_base/asgard.sql:18808 READS access to ages_asesoria_gestion_carpetas | EV-SQL_QUERY-A0BC8BA68445C0 .data_base/asgard.sql:18923 READS access to ages_asesoria_gestion_carpetas | EV-SQL_QUERY-BD61125879589C .data_base/asgard.sql:19030 READS access to ages_asesoria_gestion_carpetas | EV-SQL_QUERY-62EB4A438BE302 .data_base/asgard.sql:19087 READS access to ages_asesoria_gestion_carpetas | EV-SQL_QUERY-5B68D6B1872649 .data_base/asgard.sql:19321 READS access to ages_asesoria_gestion_carpetas | EV-SQL_QUERY-AD5B99F2077178 .data_base/asgard.sql:19573 READS access to ages_asesoria_gestion_carpetas | EV-SQL_QUERY-137DED9D9775E5 .data_base/asgard.sql:19713 READS access to ages_asesoria_gestion_carpetas | EV-SQL_QUERY-8551192B54BDAC .data_base/asgard.sql:19764 READS access to ages_asesoria_gestion_carpetas | EV-SQL_QUERY-F6F13272872D34 .data_base/asgard.sql:19819 READS access to ages_asesoria_gestion_carpetas | EV-SQL_QUERY-E534DBC97F2EFA .data_base/asgard.sql:19892 READS access to ages_asesoria_gestion_carpetas | EV-SQL_QUERY-F1655AAC107C7D .data_base/asgard.sql:20010 READS access to ages_asesoria_gestion_carpetas | EV-SQL_QUERY-D97C09820C4DCF .data_base/asgard.sql:21305 READS access to ages_asesoria_gestion_carpetas | EV-SQL_QUERY-319EA474FE42D9 .data_base/asgard.sql:21395 READS access to ages_asesoria_gestion_carpetas | EV-SQL_QUERY-472F17C23D048B .data_base/asgard.sql:21488 READS access to ages_asesoria_gestion_carpetas,2,0,FLOW_SEMANTIC_INFERENCE_REVIEW_REQUIRED
form1-modification-observation-tracking,dav_casos,dav,REPORTING_READ_MODEL,"Entidad documental o soporte usado para validar, adjuntar, generar o descargar evidencias.","faltadocumento, faltadocumentosolucion, idcasos",control de acceso/cliente; transicion o bloqueo por estado; regla documental/carga-descarga; calculo financiero/impositivo,SQL construido dinamicamente; variante cliente pendiente de confirmar; catalogo/semantica pendiente; seguridad/autorizacion sensible,,"- Consolidacion de Form1 vinculados a `dav_casos` o `ages_asesoria_gestion_carpetas`. | `.data_base/asgard.sql` | Tablas `dav_form1`, `dav_form1edp`, `dav_form1llamadas`, `dav_casossubcontravencion`, `dav_faltadocumentos`, `dav_estadoform1edp`. | - Las carpetas observadas legacy usan los campos historicos de falta de documento en `dav_casos`. | | `modificacionesquery.php`, `dav_casossubcontravencion` | | BR-FMOT-011 | Los casos anteriores a la regla nueva mantienen logica legacy desde campos de `dav_casos`. | `dav_casossubcontravencion` | Detalle ""donde dice/debe decir"", causa de error y visibilidad cliente.",EV-SQL_QUERY-1E16A453C0FC22 .data_base/asgard.sql:17707 READS access to dav_casos | EV-SQL_QUERY-C8AB19C9274D78 .data_base/asgard.sql:17755 READS access to dav_casos | EV-SQL_QUERY-85B23A1F6B1886 .data_base/asgard.sql:17773 READS access to dav_casosprevios | EV-SQL_QUERY-A3D8E3282D4ABA .data_base/asgard.sql:17773 READS access to dav_casos | EV-SQL_QUERY-1A08C59D5D207E .data_base/asgard.sql:17815 READS access to dav_casostarea | EV-SQL_QUERY-F5AD1D6FB7CE71 .data_base/asgard.sql:17821 READS access to dav_casos | EV-SQL_QUERY-21DBC002504852 .data_base/asgard.sql:17827 READS access to dav_casos | EV-SQL_QUERY-F810E95BCF97F6 .data_base/asgard.sql:17839 READS access to dav_casos | EV-SQL_QUERY-6078F1BF55EFAA .data_base/asgard.sql:17875 READS access to dav_casos | EV-SQL_QUERY-A3EEC206C5E6EE .data_base/asgard.sql:17881 READS access to dav_casos | EV-SQL_QUERY-CE70168053BD60 .data_base/asgard.sql:17887 READS access to dav_casos | EV-SQL_QUERY-510EF36FB05331 .data_base/asgard.sql:17893 READS access to dav_casosprevios | EV-SQL_QUERY-5EE6AF5366A82A .data_base/asgard.sql:17893 READS access to dav_casos | EV-SQL_QUERY-BB76D27B1C1433 .data_base/asgard.sql:17917 READS access to dav_casos | EV-SQL_QUERY-D9DF6CBD08D688 .data_base/asgard.sql:17917 READS access to dav_casosprevios | EV-SQL_QUERY-1EE354C2A5DD75 .data_base/asgard.sql:17941 READS access to dav_casosprevios | EV-SQL_QUERY-7CC97CDA261E3B .data_base/asgard.sql:17947 READS access to dav_casos | EV-SQL_QUERY-B3F6CA84CCD544 .data_base/asgard.sql:18239 READS access to dav_casos | EV-SQL_QUERY-2D87C35537BA0A .data_base/asgard.sql:18276 READS access to dav_casosprevios | EV-SQL_QUERY-41CBA511A1A811 .data_base/asgard.sql:18307 READS access to dav_casos,23,3,FLOW_SEMANTIC_INFERENCE_REVIEW_REQUIRED
form1-modification-observation-tracking,dav_casossubcontravencion,dav,REPORTING_READ_MODEL,"Entidad documental o soporte usado para validar, adjuntar, generar o descargar evidencias.","debedecir, dondedice, idform1, permisoclientes",control de acceso/cliente; transicion o bloqueo por estado; regla documental/carga-descarga; calculo financiero/impositivo,SQL construido dinamicamente; variante cliente pendiente de confirmar; catalogo/semantica pendiente; seguridad/autorizacion sensible,,"`.data_base/asgard.sql` | Tablas `dav_form1`, `dav_form1edp`, `dav_form1llamadas`, `dav_casossubcontravencion`, `dav_faltadocumentos`, `dav_estadoform1edp`. | | `modificacionesquery.php`, `dav_casossubcontravencion` | | `dav_casossubcontravencion` | Detalle ""donde dice/debe decir"", causa de error y visibilidad cliente. | | `modificacionesquery.php`, `dav_casossubcontravencion` | High |",EV-SQL_QUERY-2346D188147D7A .data_base/asgard.sql:28218 READS access to dav_casossubcontravencion | EV-SQL_QUERY-87A22728FA41E9 .data_base/asgard.sql:28253 READS access to dav_casossubcontravencion | EV-SQL_QUERY-FA6F510E1CE815 .data_base/asgard.sql:28293 READS access to dav_casossubcontravencion | EV-SQL_QUERY-22E7DA2DAD0AF6 .data_base/asgard.sql:28350 READS access to dav_casossubcontravencion,1,0,FLOW_SEMANTIC_INFERENCE_REVIEW_REQUIRED
form1-modification-observation-tracking,dav_estadoform1edp,dav,REFERENCE_OR_STATE_CATALOG,"Catalogo o parametro que condiciona reglas, permisos o variantes del flujo.",idestadoform1edp,control de acceso/cliente; transicion o bloqueo por estado; regla documental/carga-descarga; calculo financiero/impositivo,SQL construido dinamicamente; variante cliente pendiente de confirmar; catalogo/semantica pendiente; seguridad/autorizacion sensible,,"- Estados y fechas de avance desde `dav_form1edp` y catalogo `dav_estadoform1edp`. | `.data_base/asgard.sql` | Tablas `dav_form1`, `dav_form1edp`, `dav_form1llamadas`, `dav_casossubcontravencion`, `dav_faltadocumentos`, `dav_estadoform1edp`. | `dav_estadoform1edp` | Catalogo de estados del tramite Form1 EDP. | Catalogo oficial de `dav_estadoform1edp`.",EV-SQL_QUERY-0533043C182FE7 .data_base/asgard.sql:18107 READS access to dav_estadoform1edp | EV-SQL_QUERY-C72735CA5DB011 .data_base/asgard.sql:28309 READS access to dav_estadoform1edp | EV-SQL_QUERY-A8F6FBA1E56CAC .data_base/asgard.sql:28366 READS access to dav_estadoform1edp | EV-SQL_QUERY-E49A96E82311A9 .data_base/asgard.sql:28404 READS access to dav_estadoform1edp | EV-SQL_QUERY-EAC12D9A69EF59 .data_base/asgard.sql:28436 READS access to dav_estadoform1edp | EV-SQL_QUERY-835EC35AB65EFB index_archivos/operativos/historial_llamadas_excel.php:62 READS access to dav_estadoform1edp,2,0,FLOW_SEMANTIC_INFERENCE_REVIEW_REQUIRED
form1-modification-observation-tracking,dav_faltadocumentos,dav,REPORTING_READ_MODEL,"Entidad documental o soporte usado para validar, adjuntar, generar o descargar evidencias.","idcasos, responsabilidad, resuelto",control de acceso/cliente; transicion o bloqueo por estado; regla documental/carga-descarga; calculo financiero/impositivo,SQL construido dinamicamente; variante cliente pendiente de confirmar; catalogo/semantica pendiente; seguridad/autorizacion sensible,,"`.data_base/asgard.sql` | Tablas `dav_form1`, `dav_form1edp`, `dav_form1llamadas`, `dav_casossubcontravencion`, `dav_faltadocumentos`, `dav_estadoform1edp`. | - Las carpetas observadas nuevas usan `dav_faltadocumentos` no resuelto y responsabilidad `0`. | Para casos nuevos, ASGARD usa `dav_faltadocumentos`. | | `observadasquery.php`, `dav_faltadocumentos` | | `dav_faltadocumentos` | Documentos faltantes nuevos, responsabilidad y resolucion. | Observed folders report unresolved missing documents from `dav_faltadocumentos` and legacy `dav_casos` fields.",EV-SQL_QUERY-C4FA2971F2B519 .data_base/asgard.sql:26337 READS access to dav_faltadocumentos | EV-SQL_QUERY-FBC493F1BD0C9A .data_base/asgard.sql:26351 READS access to dav_faltadocumentos | EV-SQL_QUERY-3ACE54D610D2DC .data_base/asgard.sql:26365 READS access to dav_faltadocumentos | EV-SQL_QUERY-BC6F56F28D460A .data_base/asgard.sql:26383 READS access to dav_faltadocumentos | EV-SQL_QUERY-6915DD0068E763 .data_base/asgard.sql:26398 READS access to dav_faltadocumentos | EV-SQL_QUERY-A6F9EFBF4A8248 .data_base/asgard.sql:26411 READS access to dav_faltadocumentos | EV-SQL_QUERY-3993368CFDE8C8 .data_base/asgard.sql:26826 READS access to dav_faltadocumentos | EV-SQL_QUERY-117B04B391F7F8 .data_base/asgard.sql:30654 READS access to dav_faltadocumentos,1,0,FLOW_SEMANTIC_INFERENCE_REVIEW_REQUIRED
form1-modification-observation-tracking,dav_fechaspagodim,dav,REPORTING_READ_MODEL,Modelo de lectura o fuente de reporteria del flujo.,dim,control de acceso/cliente; transicion o bloqueo por estado; regla documental/carga-descarga; calculo financiero/impositivo,SQL construido dinamicamente; variante cliente pendiente de confirmar; catalogo/semantica pendiente; seguridad/autorizacion sensible,,`dav_fechaspagodim` | Fecha de pago DIM usada en reporte de observadas.,,0,0,FLOW_SEMANTIC_INFERENCE_REVIEW_REQUIRED
form1-modification-observation-tracking,dav_form1,dav,REPORTING_READ_MODEL,"Catalogo o parametro que condiciona reglas, permisos o variantes del flujo.","idages, idcasos, idform1, nohojaruta, resuelto",control de acceso/cliente; transicion o bloqueo por estado; regla documental/carga-descarga; calculo financiero/impositivo,SQL construido dinamicamente; variante cliente pendiente de confirmar; catalogo/semantica pendiente; seguridad/autorizacion sensible,,"- Estados y fechas de avance desde `dav_form1edp` y catalogo `dav_estadoform1edp`. | `.data_base/asgard.sql` | Tablas `dav_form1`, `dav_form1edp`, `dav_form1llamadas`, `dav_casossubcontravencion`, `dav_faltadocumentos`, `dav_estadoform1edp`. | | `historial_llamadas.php`, `dav_form1llamadas` | | `dav_form1` | Entidad central de modificacion/contravencion, vinculada a caso o carpeta AGES. | `dav_form1edp` | Historial de estados, fechas, observaciones y adjuntos del tramite Form1. | `dav_form1estado` | Estado general del Form1.",EV-SQL_QUERY-579CDF9C540143 .data_base/asgard.sql:18106 READS access to dav_form1edp | EV-SQL_QUERY-CE7C21BA293239 .data_base/asgard.sql:26515 READS access to dav_form1 | EV-SQL_QUERY-6DEF5BB66CAF10 .data_base/asgard.sql:26529 READS access to dav_form1 | EV-SQL_QUERY-44D7AD5D80FA37 .data_base/asgard.sql:26541 READS access to dav_form1 | EV-SQL_QUERY-8DD1DC5DFE89D4 .data_base/asgard.sql:26994 READS access to dav_form1 | EV-SQL_QUERY-BAA7FBD12447B1 .data_base/asgard.sql:28128 READS access to dav_form1 | EV-SQL_QUERY-7F6671841F4CD0 .data_base/asgard.sql:28174 READS access to dav_form1 | EV-SQL_QUERY-2F2A18A02E6BB2 .data_base/asgard.sql:28211 READS access to dav_form1 | EV-SQL_QUERY-105221C3455164 .data_base/asgard.sql:28246 READS access to dav_form1 | EV-SQL_QUERY-BC115A1B047FBB .data_base/asgard.sql:28286 READS access to dav_form1 | EV-SQL_QUERY-1510A3AF00F121 .data_base/asgard.sql:28306 READS access to dav_form1edp | EV-SQL_QUERY-597B000D000F39 .data_base/asgard.sql:28343 READS access to dav_form1 | EV-SQL_QUERY-87741396AD3FEC .data_base/asgard.sql:28363 READS access to dav_form1edp | EV-SQL_QUERY-70230291D5EFC2 .data_base/asgard.sql:28401 READS access to dav_form1 | EV-SQL_QUERY-1169F75F2A71DB .data_base/asgard.sql:28403 READS access to dav_form1llamadas | EV-SQL_QUERY-DE4655D9C24747 .data_base/asgard.sql:28433 READS access to dav_form1 | EV-SQL_QUERY-19C7DDE543389D .data_base/asgard.sql:28435 READS access to dav_form1llamadas | EV-SQL_QUERY-7DBF80E25177BC .data_base/asgard.sql:30785 READS access to dav_form1 | EV-SQL_QUERY-8A60FBDE88A2DD .data_base/asgard.sql:46702 READS access to dav_form1edp | EV-SQL_QUERY-070C0F68D62BF2 .data_base/asgard.sql:46708 READS access to dav_form1edp,2,0,FLOW_SEMANTIC_INFERENCE_REVIEW_REQUIRED
form1-modification-observation-tracking,dav_form1edp,dav,REPORTING_READ_MODEL,"Catalogo o parametro que condiciona reglas, permisos o variantes del flujo.","adjunto, form1edp, idestadoform1edp, idform1",control de acceso/cliente; transicion o bloqueo por estado; regla documental/carga-descarga; calculo financiero/impositivo,SQL construido dinamicamente; variante cliente pendiente de confirmar; catalogo/semantica pendiente; seguridad/autorizacion sensible,,"- Estados y fechas de avance desde `dav_form1edp` y catalogo `dav_estadoform1edp`. | `.data_base/asgard.sql` | Tablas `dav_form1`, `dav_form1edp`, `dav_form1llamadas`, `dav_casossubcontravencion`, `dav_faltadocumentos`, `dav_estadoform1edp`. | `dav_form1edp` | Historial de estados, fechas, observaciones y adjuntos del tramite Form1. | | `modificacionesquery.php`, `dav_form1edp` | Medium |",EV-SQL_QUERY-579CDF9C540143 .data_base/asgard.sql:18106 READS access to dav_form1edp | EV-SQL_QUERY-1510A3AF00F121 .data_base/asgard.sql:28306 READS access to dav_form1edp | EV-SQL_QUERY-87741396AD3FEC .data_base/asgard.sql:28363 READS access to dav_form1edp | EV-SQL_QUERY-8A60FBDE88A2DD .data_base/asgard.sql:46702 READS access to dav_form1edp | EV-SQL_QUERY-070C0F68D62BF2 .data_base/asgard.sql:46708 READS access to dav_form1edp,1,0,FLOW_SEMANTIC_INFERENCE_REVIEW_REQUIRED
form1-modification-observation-tracking,dav_form1estado,dav,REFERENCE_OR_STATE_CATALOG,Entidad de contexto usada por el flujo para consultar o relacionar informacion de negocio.,form1estado,control de acceso/cliente; transicion o bloqueo por estado; regla documental/carga-descarga; calculo financiero/impositivo,SQL construido dinamicamente; variante cliente pendiente de confirmar; catalogo/semantica pendiente; seguridad/autorizacion sensible,,`dav_form1estado` | Estado general del Form1. | - Relacion entre estado general `dav_form1estado` y estados EDP.,,0,0,FLOW_SEMANTIC_INFERENCE_REVIEW_REQUIRED
form1-modification-observation-tracking,dav_form1llamadas,dav,REPORTING_READ_MODEL,"Entidad documental o soporte usado para validar, adjuntar, generar o descargar evidencias.","adjunto, idestadoform1llamadas, idform1",control de acceso/cliente; transicion o bloqueo por estado; regla documental/carga-descarga; calculo financiero/impositivo,SQL construido dinamicamente; variante cliente pendiente de confirmar; catalogo/semantica pendiente; seguridad/autorizacion sensible,,"`.data_base/asgard.sql` | Tablas `dav_form1`, `dav_form1edp`, `dav_form1llamadas`, `dav_casossubcontravencion`, `dav_faltadocumentos`, `dav_estadoform1edp`. | | `historial_llamadas.php`, `dav_form1llamadas` | | `dav_form1llamadas` | Historial de llamadas, comentarios, numero, estado, adjunto y usuario. | | `historial_llamadas.php`, `dav_form1llamadas` | High |",EV-SQL_QUERY-1169F75F2A71DB .data_base/asgard.sql:28403 READS access to dav_form1llamadas | EV-SQL_QUERY-19C7DDE543389D .data_base/asgard.sql:28435 READS access to dav_form1llamadas | EV-SQL_QUERY-6A1AA23587B3EF index_archivos/operativos/historial_llamadas_excel.php:59 READS access to dav_form1llamadas,2,0,FLOW_SEMANTIC_INFERENCE_REVIEW_REQUIRED
form1-modification-observation-tracking,dav_subcontravencion,dav,REPORTING_READ_MODEL,"Catalogo o parametro que condiciona reglas, permisos o variantes del flujo.","lista, subcontravencion",control de acceso/cliente; transicion o bloqueo por estado; regla documental/carga-descarga; calculo financiero/impositivo,SQL construido dinamicamente; variante cliente pendiente de confirmar; catalogo/semantica pendiente; seguridad/autorizacion sensible,,`dav_subcontravencion` | Catalogo funcional de subcontravenciones.,EV-SQL_QUERY-E217C5CFEDBADC .data_base/asgard.sql:28219 READS access to dav_subcontravencion | EV-SQL_QUERY-84683D9826FC05 .data_base/asgard.sql:28254 READS access to dav_subcontravencion | EV-SQL_QUERY-E193528A36BBA8 .data_base/asgard.sql:28294 READS access to dav_subcontravencion | EV-SQL_QUERY-1459BFB1AD0804 .data_base/asgard.sql:28351 READS access to dav_subcontravencion,1,0,FLOW_SEMANTIC_INFERENCE_REVIEW_REQUIRED
form1-modification-observation-tracking,dav_tipodocumento,dav,REFERENCE_OR_STATE_CATALOG,"Catalogo o parametro que condiciona reglas, permisos o variantes del flujo.","activo, tipodocumento",control de acceso/cliente; transicion o bloqueo por estado; regla documental/carga-descarga; calculo financiero/impositivo,SQL construido dinamicamente; variante cliente pendiente de confirmar; catalogo/semantica pendiente; seguridad/autorizacion sensible,,`dav_tipodocumento` | Nombre del documento faltante.,EV-SQL_QUERY-94843ED99DBC28 .data_base/asgard.sql:17917 READS access to dav_tipodocumento | EV-SQL_QUERY-61392709CF3480 .data_base/asgard.sql:26353 READS access to dav_tipodocumento | EV-SQL_QUERY-9A1D90249AEB75 .data_base/asgard.sql:26367 READS access to dav_tipodocumento | EV-SQL_QUERY-8D75C06B9D8965 .data_base/asgard.sql:26400 READS access to dav_tipodocumento | EV-SQL_QUERY-CAF8FE32C2E14B .data_base/asgard.sql:26413 READS access to dav_tipodocumento | EV-SQL_QUERY-D2BF137096570E .data_base/asgard.sql:26445 READS access to dav_tipodocumento | EV-SQL_QUERY-55B300391A9332 .data_base/asgard.sql:26457 READS access to dav_tipodocumento | EV-SQL_QUERY-FD815E2A21590D .data_base/asgard.sql:26488 READS access to dav_tipodocumento | EV-SQL_QUERY-B8ED7E9BD95C6F .data_base/asgard.sql:26500 READS access to dav_tipodocumento | EV-SQL_QUERY-DE5CADE1DF9012 .data_base/asgard.sql:26827 READS access to dav_tipodocumento | EV-SQL_QUERY-2CA30CBB7A175F .data_base/asgard.sql:26882 READS access to dav_tipodocumento | EV-SQL_QUERY-5D6F7C0FC7D86F .data_base/asgard.sql:26939 READS access to dav_tipodocumento | EV-SQL_QUERY-7D9952C5077A57 .data_base/asgard.sql:30655 READS access to dav_tipodocumento | EV-SQL_QUERY-0CC451C732ABEE .data_base/asgard.sql:30698 READS access to dav_tipodocumento | EV-SQL_QUERY-AFC07E3F49E287 .data_base/asgard.sql:30742 READS access to dav_tipodocumento | EV-SQL_QUERY-C8473EC3D94C2E .data_base/asgard.sql:30948 READS access to dav_tipodocumento | EV-SQL_QUERY-3543DA7662A5BE .data_base/asgard.sql:31093 READS access to dav_tipodocumento | EV-SQL_QUERY-B902FB644166BC index_archivos/operativos/ajax/seguimiento-parte-recepcion.php:232 READS access to dav_tipodocumento,2,0,FLOW_SEMANTIC_INFERENCE_REVIEW_REQUIRED
identity-access,dav_cliente,dav,REPORTING_READ_MODEL,"Catalogo o parametro que condiciona reglas, permisos o variantes del flujo.",visitas,control de acceso/cliente; transicion o bloqueo por estado; regla documental/carga-descarga; calculo financiero/impositivo; persistencia/atomicidad/concurrencia; notificacion o acceso externo,SQL construido dinamicamente; variante cliente pendiente de confirmar; seguridad/autorizacion sensible,,"- Mas de 3 intentos invalidos: se bloquea el usuario en `dav_clienteusuarios` con `fechabloqueo` y `intentos = 5`. | - Usuario bloqueado: con mas de 3 intentos invalidos, se actualiza `dav_clienteusuarios.fechabloqueo` y `dav_clienteusuarios.intentos`. | IA-2FA-BR-005 | El bloqueo tecnico escribe `fechabloqueo = CURRENT_TIMESTAMP()` e `intentos = 5` en `dav_clienteusuarios`. | - Regla exacta para activar/desactivar `dav_clienteusuarios.2fa`. | `dav_clienteusuarios` | Usuario cliente, credenciales, correo, estado de bloqueo, contador de intentos, visitas, ultima actividad y flag `2fa`. | `dav_cliente` | Datos del cliente usados para construir sesion y JWT.",index_archivos/2fa.php:10-13 | index_archivos/2fa/TwoFaClass.php:10-19 | index_archivos/2fa.php:61-90 | index_archivos/2fa/TwoFaClass.php:86-130 | index_archivos/2fa/TwoFaClass.php:132-218 | index_archivos/2fa.php:61-118 | index_archivos/2fa/ajax/verificar-codigo.php:1-6 | index_archivos/2fa/ajax/autenticar.php:1-6 | index_archivos/2fa/ajax/reenviar-codigo.php:1-7 | index_archivos/2fa/TwoFaClass.php:34-38 | index_archivos/2fa/TwoFaClass.php:80-84 | TwoFaClass.php:34-37 | 2fa.php:61-64 | TwoFaClass.php:92-100 | TwoFaClass.php:95-103 | TwoFaClass.php:112-122 | TwoFaClass.php:115-116 | TwoFaClass.php:204-210 | index_archivos/cambiocontrasena.php:78-117 | .data_base/asgard.sql:3305-3333,21,1,FLOW_SEMANTIC_INFERENCE_REVIEW_REQUIRED
identity-access,dav_clientereportescliente,dav,REPORTING_READ_MODEL,Modelo de lectura o fuente de reporteria del flujo.,,control de acceso/cliente; transicion o bloqueo por estado; regla documental/carga-descarga; calculo financiero/impositivo; persistencia/atomicidad/concurrencia; notificacion o acceso externo,SQL construido dinamicamente; variante cliente pendiente de confirmar; seguridad/autorizacion sensible,,"`dav_clientereportescliente` | Reportes/funciones habilitados por cliente, soporte de menu y autorizacion de usuario.",index_archivos/2fa.php:10-13 | index_archivos/2fa/TwoFaClass.php:10-19 | index_archivos/2fa.php:61-90 | index_archivos/2fa/TwoFaClass.php:86-130 | index_archivos/2fa/TwoFaClass.php:132-218 | index_archivos/2fa.php:61-118 | index_archivos/2fa/ajax/verificar-codigo.php:1-6 | index_archivos/2fa/ajax/autenticar.php:1-6 | index_archivos/2fa/ajax/reenviar-codigo.php:1-7 | index_archivos/2fa/TwoFaClass.php:34-38 | index_archivos/2fa/TwoFaClass.php:80-84 | TwoFaClass.php:34-37 | 2fa.php:61-64 | TwoFaClass.php:92-100 | TwoFaClass.php:95-103 | TwoFaClass.php:112-122 | TwoFaClass.php:115-116 | TwoFaClass.php:204-210 | index_archivos/cambiocontrasena.php:78-117 | .data_base/asgard.sql:3305-3333,2,0,FLOW_SEMANTIC_INFERENCE_REVIEW_REQUIRED
identity-access,dav_clienteusuarios,dav,REPORTING_READ_MODEL,"Catalogo o parametro que condiciona reglas, permisos o variantes del flujo.","2fa, created_at, deleted_at, fechabloqueo, intentos, ultimaactividad, visitas",control de acceso/cliente; transicion o bloqueo por estado; regla documental/carga-descarga; calculo financiero/impositivo; persistencia/atomicidad/concurrencia; notificacion o acceso externo,SQL construido dinamicamente; variante cliente pendiente de confirmar; seguridad/autorizacion sensible,,"- Mas de 3 intentos invalidos: se bloquea el usuario en `dav_clienteusuarios` con `fechabloqueo` y `intentos = 5`. | - Usuario bloqueado: con mas de 3 intentos invalidos, se actualiza `dav_clienteusuarios.fechabloqueo` y `dav_clienteusuarios.intentos`. | IA-2FA-BR-005 | El bloqueo tecnico escribe `fechabloqueo = CURRENT_TIMESTAMP()` e `intentos = 5` en `dav_clienteusuarios`. | - Regla exacta para activar/desactivar `dav_clienteusuarios.2fa`. | `dav_clienteusuarios` | Usuario cliente, credenciales, correo, estado de bloqueo, contador de intentos, visitas, ultima actividad y flag `2fa`. | `dav_clienteusuariospermisos` | Permisos por usuario cliente sobre reportes/funciones, con lectura/escritura.",index_archivos/2fa.php:10-13 | index_archivos/2fa/TwoFaClass.php:10-19 | index_archivos/2fa.php:61-90 | index_archivos/2fa/TwoFaClass.php:86-130 | index_archivos/2fa/TwoFaClass.php:132-218 | index_archivos/2fa.php:61-118 | index_archivos/2fa/ajax/verificar-codigo.php:1-6 | index_archivos/2fa/ajax/autenticar.php:1-6 | index_archivos/2fa/ajax/reenviar-codigo.php:1-7 | index_archivos/2fa/TwoFaClass.php:34-38 | index_archivos/2fa/TwoFaClass.php:80-84 | TwoFaClass.php:34-37 | 2fa.php:61-64 | TwoFaClass.php:92-100 | TwoFaClass.php:95-103 | TwoFaClass.php:112-122 | TwoFaClass.php:115-116 | TwoFaClass.php:204-210 | index_archivos/cambiocontrasena.php:78-117 | .data_base/asgard.sql:3305-3333,16,3,FLOW_SEMANTIC_INFERENCE_REVIEW_REQUIRED
identity-access,dav_clienteusuariospermisos,dav,REPORTING_READ_MODEL,"Catalogo o parametro que condiciona reglas, permisos o variantes del flujo.","escritura, lectura",control de acceso/cliente; transicion o bloqueo por estado; regla documental/carga-descarga; calculo financiero/impositivo; persistencia/atomicidad/concurrencia; notificacion o acceso externo,SQL construido dinamicamente; variante cliente pendiente de confirmar; seguridad/autorizacion sensible,,"`dav_clienteusuariospermisos` | Permisos por usuario cliente sobre reportes/funciones, con lectura/escritura.",index_archivos/2fa.php:10-13 | index_archivos/2fa/TwoFaClass.php:10-19 | index_archivos/2fa.php:61-90 | index_archivos/2fa/TwoFaClass.php:86-130 | index_archivos/2fa/TwoFaClass.php:132-218 | index_archivos/2fa.php:61-118 | index_archivos/2fa/ajax/verificar-codigo.php:1-6 | index_archivos/2fa/ajax/autenticar.php:1-6 | index_archivos/2fa/ajax/reenviar-codigo.php:1-7 | index_archivos/2fa/TwoFaClass.php:34-38 | index_archivos/2fa/TwoFaClass.php:80-84 | TwoFaClass.php:34-37 | 2fa.php:61-64 | TwoFaClass.php:92-100 | TwoFaClass.php:95-103 | TwoFaClass.php:112-122 | TwoFaClass.php:115-116 | TwoFaClass.php:204-210 | index_archivos/cambiocontrasena.php:78-117 | .data_base/asgard.sql:3305-3333,3,0,FLOW_SEMANTIC_INFERENCE_REVIEW_REQUIRED
identity-access,dav_codigos_2fa,dav,REPORTING_READ_MODEL,"Catalogo o parametro que condiciona reglas, permisos o variantes del flujo.","created_at, deleted_at",control de acceso/cliente; transicion o bloqueo por estado; regla documental/carga-descarga; calculo financiero/impositivo; persistencia/atomicidad/concurrencia; notificacion o acceso externo,SQL construido dinamicamente; variante cliente pendiente de confirmar; seguridad/autorizacion sensible,,"- La tabla `dav_codigos_2fa` existe y permite guardar codigo, IP, correo, tipo de usuario y timestamps. | El sistema guarda el codigo en `dav_codigos_2fa`. | Politica de expiracion y limpieza historica de `dav_codigos_2fa`. | `dav_codigos_2fa` | Codigos MFA emitidos por correo, IP solicitante, tipo de usuario y soft delete por `deleted_at`. | `dav_codigos_2fa.codigo` | `dav_codigos_2fa.user_ip`",index_archivos/2fa.php:10-13 | index_archivos/2fa/TwoFaClass.php:10-19 | index_archivos/2fa.php:61-90 | index_archivos/2fa/TwoFaClass.php:86-130 | index_archivos/2fa/TwoFaClass.php:132-218 | index_archivos/2fa.php:61-118 | index_archivos/2fa/ajax/verificar-codigo.php:1-6 | index_archivos/2fa/ajax/autenticar.php:1-6 | index_archivos/2fa/ajax/reenviar-codigo.php:1-7 | index_archivos/2fa/TwoFaClass.php:34-38 | index_archivos/2fa/TwoFaClass.php:80-84 | TwoFaClass.php:34-37 | 2fa.php:61-64 | TwoFaClass.php:92-100 | TwoFaClass.php:95-103 | TwoFaClass.php:112-122 | TwoFaClass.php:115-116 | TwoFaClass.php:204-210 | index_archivos/cambiocontrasena.php:78-117 | .data_base/asgard.sql:3305-3333,1,0,FLOW_SEMANTIC_INFERENCE_REVIEW_REQUIRED
identity-access,dav_permisos,dav,REPORTING_READ_MODEL,"Catalogo o parametro que condiciona reglas, permisos o variantes del flujo.","escritura, lectura",control de acceso/cliente; transicion o bloqueo por estado; regla documental/carga-descarga; calculo financiero/impositivo; persistencia/atomicidad/concurrencia; notificacion o acceso externo,SQL construido dinamicamente; variante cliente pendiente de confirmar; seguridad/autorizacion sensible,,`dav_permisos` | Permisos por usuario/modulo interno con lectura/escritura.,index_archivos/2fa.php:10-13 | index_archivos/2fa/TwoFaClass.php:10-19 | index_archivos/2fa.php:61-90 | index_archivos/2fa/TwoFaClass.php:86-130 | index_archivos/2fa/TwoFaClass.php:132-218 | index_archivos/2fa.php:61-118 | index_archivos/2fa/ajax/verificar-codigo.php:1-6 | index_archivos/2fa/ajax/autenticar.php:1-6 | index_archivos/2fa/ajax/reenviar-codigo.php:1-7 | index_archivos/2fa/TwoFaClass.php:34-38 | index_archivos/2fa/TwoFaClass.php:80-84 | TwoFaClass.php:34-37 | 2fa.php:61-64 | TwoFaClass.php:92-100 | TwoFaClass.php:95-103 | TwoFaClass.php:112-122 | TwoFaClass.php:115-116 | TwoFaClass.php:204-210 | index_archivos/cambiocontrasena.php:78-117 | .data_base/asgard.sql:3305-3333,0,0,FLOW_SEMANTIC_INFERENCE_REVIEW_REQUIRED
identity-access,dav_token,dav,REPORTING_READ_MODEL,Entidad de contexto usada por el flujo para consultar o relacionar informacion de negocio.,ultimaactividad,control de acceso/cliente; transicion o bloqueo por estado; regla documental/carga-descarga; calculo financiero/impositivo; persistencia/atomicidad/concurrencia; notificacion o acceso externo,SQL construido dinamicamente; variante cliente pendiente de confirmar; seguridad/autorizacion sensible,,`dav_token` | Tokens historicos/sesion por usuario interno o legacy. | `dav_token.token`,index_archivos/2fa.php:10-13 | index_archivos/2fa/TwoFaClass.php:10-19 | index_archivos/2fa.php:61-90 | index_archivos/2fa/TwoFaClass.php:86-130 | index_archivos/2fa/TwoFaClass.php:132-218 | index_archivos/2fa.php:61-118 | index_archivos/2fa/ajax/verificar-codigo.php:1-6 | index_archivos/2fa/ajax/autenticar.php:1-6 | index_archivos/2fa/ajax/reenviar-codigo.php:1-7 | index_archivos/2fa/TwoFaClass.php:34-38 | index_archivos/2fa/TwoFaClass.php:80-84 | TwoFaClass.php:34-37 | 2fa.php:61-64 | TwoFaClass.php:92-100 | TwoFaClass.php:95-103 | TwoFaClass.php:112-122 | TwoFaClass.php:115-116 | TwoFaClass.php:204-210 | index_archivos/cambiocontrasena.php:78-117 | .data_base/asgard.sql:3305-3333,0,0,FLOW_SEMANTIC_INFERENCE_REVIEW_REQUIRED
identity-access,personal_access_tokens,transversal,REPORTING_READ_MODEL,Entidad de contexto usada por el flujo para consultar o relacionar informacion de negocio.,created_at,control de acceso/cliente; transicion o bloqueo por estado; regla documental/carga-descarga; calculo financiero/impositivo; persistencia/atomicidad/concurrencia; notificacion o acceso externo,SQL construido dinamicamente; variante cliente pendiente de confirmar; seguridad/autorizacion sensible,,`personal_access_tokens` | Tokens personales estilo framework/API. | `personal_access_tokens.token`,index_archivos/2fa.php:10-13 | index_archivos/2fa/TwoFaClass.php:10-19 | index_archivos/2fa.php:61-90 | index_archivos/2fa/TwoFaClass.php:86-130 | index_archivos/2fa/TwoFaClass.php:132-218 | index_archivos/2fa.php:61-118 | index_archivos/2fa/ajax/verificar-codigo.php:1-6 | index_archivos/2fa/ajax/autenticar.php:1-6 | index_archivos/2fa/ajax/reenviar-codigo.php:1-7 | index_archivos/2fa/TwoFaClass.php:34-38 | index_archivos/2fa/TwoFaClass.php:80-84 | TwoFaClass.php:34-37 | 2fa.php:61-64 | TwoFaClass.php:92-100 | TwoFaClass.php:95-103 | TwoFaClass.php:112-122 | TwoFaClass.php:115-116 | TwoFaClass.php:204-210 | index_archivos/cambiocontrasena.php:78-117 | .data_base/asgard.sql:3305-3333,0,0,FLOW_SEMANTIC_INFERENCE_REVIEW_REQUIRED
inventory-vin-billing-control,inventario_facturacion_chasis,vehiculos,REPORTING_READ_MODEL,Entidad de contexto usada por el flujo para consultar o relacionar informacion de negocio.,deleted_at,control de acceso/cliente; transicion o bloqueo por estado; regla documental/carga-descarga; calculo financiero/impositivo; notificacion o acceso externo,variante cliente pendiente de confirmar; seguridad/autorizacion sensible,,"- Tablas `inventario_facturacion_periodo` e `inventario_facturacion_chasis`. | `.data_base/asgard.sql` | Tablas `inventario_facturacion_periodo`, `inventario_facturacion_chasis`. | `inventario_facturacion_chasis` | Chasis/VIN asociados a periodo de facturacion. | | `inventario_facturacion_periodo`, `inventario_facturacion_chasis` | High |",,0,0,FLOW_SEMANTIC_INFERENCE_REVIEW_REQUIRED
inventory-vin-billing-control,inventario_facturacion_periodo,transversal,REPORTING_READ_MODEL,Entidad de contexto usada por el flujo para consultar o relacionar informacion de negocio.,"confirmado, deleted_at, historico",control de acceso/cliente; transicion o bloqueo por estado; regla documental/carga-descarga; calculo financiero/impositivo; notificacion o acceso externo,variante cliente pendiente de confirmar; seguridad/autorizacion sensible,,"- Tablas `inventario_facturacion_periodo` e `inventario_facturacion_chasis`. | `.data_base/asgard.sql` | Tablas `inventario_facturacion_periodo`, `inventario_facturacion_chasis`. | `inventario_facturacion_periodo` | Periodo de facturacion, cliente, fechas, confirmado/historico y auditoria. | | `inventario_facturacion_periodo`, `inventario_facturacion_chasis` | High |",,0,0,FLOW_SEMANTIC_INFERENCE_REVIEW_REQUIRED
logistics-bl-policy-ocr-capture,logis_lecturablpoliza,logis,CREATE_AND_UPDATE,Entidad transaccional modificada por el flujo; sus cambios deben caracterizarse antes de refactor.,"aplicacionps, cantidadbl, cantidadps, emisorbl, fechabl, fechaps, idembarque, numerobl, numerops, ubicacionbl, ubicacionps, valorps",transicion o bloqueo por estado; regla documental/carga-descarga; calculo financiero/impositivo; persistencia/atomicidad/concurrencia,,"INSERT INTO, UPDATE","# Logistics BL Policy OCR Capture - Process Definition ## Estado INFERRED_DRAFT_REVIEW_REQUIRED ## Objetivo de negocio Capturar por OCR datos de Bill of Lading y poliza de seguro asociados a un embarque, consolidarlos en `logis_lecturablpoliza` y detectar diferencias de fechas entre BL y poliza. | Inserta o actualiza `logis_lecturablpoliza`. | | Busquedas en `logis_lecturablpoliza` | INFERRED_DRAFT_REVIEW_REQUIRED | | `logis_lecturablpoliza` | Persistir lecturas OCR BL/poliza. | `INSERT INTO logis_lecturablpoliza` para BL. | - `UPDATE logis_lecturablpoliza SET ...` para BL.",index_archivos/intercambioDocumental/ajax/lectura-ocr-bl.php:10-18 | index_archivos/intercambioDocumental/ajax/lectura-ocr-bl.php:35-44 | index_archivos/intercambioDocumental/ajax/lectura-ocr-bl.php:52-141 | index_archivos/intercambioDocumental/ajax/lectura-ocr-bl.php:143-235 | index_archivos/intercambioDocumental/ajax/lectura-ocr-bl.php:240-250 | lectura-ocr-bl.php:10-18 | lectura-ocr-bl.php:35-44 | lectura-ocr-bl.php:52-141 | lectura-ocr-bl.php:143-235 | lectura-ocr-bl.php:240-250 | EV-SQL_QUERY-370CEB9F36F2F0 index_archivos/intercambioDocumental/ajax/lectura-ocr-bl.php:132 WRITES access to logis_lecturablpoliza | EV-SQL_QUERY-2BAB754FD6CE36 index_archivos/intercambioDocumental/ajax/lectura-ocr-bl.php:135 WRITES access to logis_lecturablpoliza | EV-SQL_QUERY-3099D688828B38 index_archivos/intercambioDocumental/ajax/lectura-ocr-bl.php:225 WRITES access to logis_lecturablpoliza | EV-SQL_QUERY-FF52B8806DFC03 index_archivos/intercambioDocumental/ajax/lectura-ocr-bl.php:228 WRITES access to logis_lecturablpoliza,0,1,FLOW_SEMANTIC_INFERENCE_REVIEW_REQUIRED
logistics-order-item-detail-maintenance,logis_pedidos_detalle,logis,UPDATE,Entidad transaccional modificada por el flujo; sus cambios deben caracterizarse antes de refactor.,"cantidad_pedido, ce, cliente_lineas_id, deleted_at, destino, id, material, origen, pedido, pedido_id, posicion, texto_breve, updated_at",control de acceso/cliente; transicion o bloqueo por estado; regla documental/carga-descarga; calculo financiero/impositivo; persistencia/atomicidad/concurrencia,variante cliente pendiente de confirmar; catalogo/semantica pendiente; seguridad/autorizacion sensible,UPDATE,- Actualizacion directa de `logis_pedidos_detalle` por id de posicion. | ASGARD | Actualiza campos enviados en `logis_pedidos_detalle`. | `UPDATE logis_pedidos_detalle SET {campo} = {valor} WHERE id = {id}`. | `index_archivos/logistica/ajax/saveDescripcionItems.php:5-10` | Actualiza columnas de `logis_pedidos_detalle`. | `logis_pedidos_detalle` | Posiciones de pedido mantenidas. | `UPDATE logis_pedidos_detalle SET {campo}='{valor}' WHERE id={id}`.,index_archivos/logistica/frames/items_pedido.php:17-64 | index_archivos/logistica/frames/items_pedido.php:116-118 | index_archivos/logistica/js/datosEmbarques.js:5-95 | index_archivos/logistica/js/datosEmbarques.js:399-425 | index_archivos/logistica/ajax/saveDescripcionItems.php:5-10 | .data_base/asgard.sql:12567-12592 | index_archivos/logistica/ajax/saveDescripcionItems.php:5-10 | EV-SQL_QUERY-918A1C33FB7B9F .data_base/asgard.sql:27977 READS access to logis_pedidos_detalle | EV-SQL_QUERY-16B4223070E31D .data_base/asgard.sql:39658 READS access to logis_pedidos_detalle | EV-SQL_QUERY-99C18277D3EE5E .data_base/asgard.sql:39700 READS access to logis_pedidos_detalle | EV-SQL_QUERY-BD873E30AA7947 .data_base/asgard.sql:44222 READS access to logis_pedidos_detalle | EV-SQL_QUERY-4AFDA6787D7FD5 .data_base/asgard.sql:44598 READS access to logis_pedidos_detalle | EV-SQL_QUERY-1D671B492B297F .data_base/asgard.sql:44601 READS access to logis_pedidos_detalle | EV-SQL_QUERY-2E1553D2D66637 .data_base/asgard.sql:44995 READS access to logis_pedidos_detalle | EV-SQL_QUERY-F5329B83C969F4 .data_base/asgard.sql:44998 READS access to logis_pedidos_detalle | EV-SQL_QUERY-59196296926066 .data_base/asgard.sql:45278 READS access to logis_pedidos_detalle | EV-SQL_QUERY-554ADA83C6425D .data_base/asgard.sql:45360 READS access to logis_pedidos_detalle | EV-SQL_QUERY-224AA49F0EAB22 index_archivos/controllers/GlobalClass.php:270 READS access to logis_pedidos_detalle | EV-SQL_QUERY-A10AA03BF3A026 index_archivos/logistica/CostosClass.php:300 READS access to logis_pedidos_detalle | EV-SQL_QUERY-E9236C53DB1E75 index_archivos/logistica/CostosClass.php:354 READS access to logis_pedidos_detalle,5,0,FLOW_SEMANTIC_INFERENCE_REVIEW_REQUIRED
logistics-order-status-milestones,dav_clientetransportista,dav,REPORTING_READ_MODEL,Entidad de contexto usada por el flujo para consultar o relacionar informacion de negocio.,"created_at, created_by, deleted_at, idcliente, idtransportista",control de acceso/cliente; transicion o bloqueo por estado; regla documental/carga-descarga; calculo financiero/impositivo; persistencia/atomicidad/concurrencia; notificacion o acceso externo,variante cliente pendiente de confirmar; catalogo/semantica pendiente; seguridad/autorizacion sensible,,"`dav_transportista`, `dav_clientetransportista`, `logis_embarquesoperador` | Destinatario transportista para notificacion.",.data_base/asgard.sql:12088-12115 | .data_base/asgard.sql:12422-12442 | EV-SQL_QUERY-C10F973293B1DA .data_base/asgard.sql:27846 READS access to dav_clientetransportista | EV-SQL_QUERY-ED641831DF6195 .data_base/asgard.sql:32619 READS access to dav_clientetransportista | EV-SQL_QUERY-29AF7BD6AF4DD1 .data_base/asgard.sql:34250 READS access to dav_clientetransportista | EV-SQL_QUERY-84A3FCAB2BE6C3 .data_base/asgard.sql:35381 READS access to dav_clientetransportista | EV-SQL_QUERY-BAFD25D6769D52 .data_base/asgard.sql:36519 READS access to dav_clientetransportista | EV-SQL_QUERY-4D5A678CC29FF6 .data_base/asgard.sql:44794 READS access to dav_clientetransportista | EV-SQL_QUERY-14AF4F857D9D10 .data_base/asgard.sql:45183 READS access to dav_clientetransportista | EV-SQL_QUERY-74DE0C8977B6B7 index_archivos/controllers/SolicitudClass.php:170 READS access to dav_clientetransportista | EV-SQL_QUERY-9FAF62C28D5DB5 index_archivos/intercambioDocumental/IntercambioDocumentalClass.php:316 READS access to dav_clientetransportista | EV-SQL_QUERY-6B925F9F154962 index_archivos/intercambioDocumental/IntercambioDocumentalClass.php:328 READS access to dav_clientetransportista | EV-SQL_QUERY-D88B1B532885CD index_archivos/intercambioDocumental/IntercambioDocumentalClass.php:347 READS access to dav_clientetransportista | EV-SQL_QUERY-8F8E74063E56DC index_archivos/intercambioDocumental/IntercambioDocumentalClass.php:361 READS access to dav_clientetransportista | EV-SQL_QUERY-125D6CE7E5CEA3 index_archivos/logistica/CostosClass.php:201 READS access to dav_clientetransportista | EV-SQL_QUERY-73F0D96255FFC8 index_archivos/logistica/CotizacionClass.php:334 READS access to dav_clientetransportista | EV-SQL_QUERY-4E15AB1E3D2F77 index_archivos/logistica/CotizacionClass.php:780 READS access to dav_clientetransportista | EV-SQL_QUERY-EFC8F6F2C2646F index_archivos/logistica/CotizacionClass.php:805 READS access to dav_clientetransportista | EV-SQL_QUERY-8D5A65D94B64F8 index_archivos/logistica/CotizacionClass.php:829 READS access to dav_clientetransportista | EV-SQL_QUERY-A83DDA5DC8C4E5 index_archivos/logistica/CotizacionClass.php:847 READS access to dav_clientetransportista,11,2,FLOW_SEMANTIC_INFERENCE_REVIEW_REQUIRED
logistics-order-status-milestones,dav_clienteusuarios,dav,REPORTING_READ_MODEL,"Catalogo o parametro que condiciona reglas, permisos o variantes del flujo.","created_at, created_by, deleted_at, idcliente, idclienteusuarios",control de acceso/cliente; transicion o bloqueo por estado; regla documental/carga-descarga; calculo financiero/impositivo; persistencia/atomicidad/concurrencia; notificacion o acceso externo,variante cliente pendiente de confirmar; catalogo/semantica pendiente; seguridad/autorizacion sensible,,"- Control de escritura por permiso `dav_clienteusuariospermisos.idreportescliente = 73`. | BR-LOS-004 | La escritura depende de `dav_clienteusuariospermisos.idreportescliente = 73` con `escritura = 1`. | `dav_clienteusuariospermisos` | Permiso de escritura para estado de pedidos. | `dav_clienteusuarios`, `dav_usuario`, `prov_usuarioaccesoproveedor` | Resolucion del usuario que creo el hito.",.data_base/asgard.sql:12088-12115 | .data_base/asgard.sql:12422-12442 | EV-SQL_QUERY-30502EFD526E2C .data_base/asgard.sql:17851 READS access to dav_clienteusuarios | EV-SQL_QUERY-ED1E2249A395F1 .data_base/asgard.sql:17863 READS access to dav_clienteusuarios | EV-SQL_QUERY-106F262234FD5A .data_base/asgard.sql:17899 READS access to dav_clienteusuarios | EV-SQL_QUERY-3C428B9C43C779 .data_base/asgard.sql:17905 READS access to dav_clienteusuarios | EV-SQL_QUERY-70CF5969BAAF19 .data_base/asgard.sql:17911 READS access to dav_clienteusuarios | EV-SQL_QUERY-67CE6E59639732 .data_base/asgard.sql:27551 READS access to dav_clienteusuarios | EV-SQL_QUERY-66E91740127EA1 .data_base/asgard.sql:30040 READS access to dav_clienteusuarios | EV-SQL_QUERY-B67C6304AA518D .data_base/asgard.sql:30080 READS access to dav_clienteusuarios | EV-SQL_QUERY-0CD418DECEC8A6 .data_base/asgard.sql:30098 READS access to dav_clienteusuarios | EV-SQL_QUERY-045F1FB2178BCD .data_base/asgard.sql:30157 READS access to dav_clienteusuarios | EV-SQL_QUERY-6B7F198C27D3F4 .data_base/asgard.sql:30180 READS access to dav_clienteusuarios | EV-SQL_QUERY-F7CB05F2DB09F7 .data_base/asgard.sql:30250 READS access to dav_clienteusuarios | EV-SQL_QUERY-CBCBA7C2ACE3BF .data_base/asgard.sql:30270 READS access to dav_clienteusuarios | EV-SQL_QUERY-71BAAC0D8E404D .data_base/asgard.sql:30290 READS access to dav_clienteusuarios | EV-SQL_QUERY-DE97576F84A33A .data_base/asgard.sql:30334 READS access to dav_clienteusuarios | EV-SQL_QUERY-88FB8F467AB673 .data_base/asgard.sql:30374 READS access to dav_clienteusuarios | EV-SQL_QUERY-72D7DF876ECDD5 .data_base/asgard.sql:30392 READS access to dav_clienteusuarios | EV-SQL_QUERY-58C6101E5DFF65 .data_base/asgard.sql:30451 READS access to dav_clienteusuarios,16,3,FLOW_SEMANTIC_INFERENCE_REVIEW_REQUIRED
logistics-order-status-milestones,dav_clienteusuariospermisos,dav,REPORTING_READ_MODEL,"Catalogo o parametro que condiciona reglas, permisos o variantes del flujo.","escritura, idclienteusuarios, idreportescliente",control de acceso/cliente; transicion o bloqueo por estado; regla documental/carga-descarga; calculo financiero/impositivo; persistencia/atomicidad/concurrencia; notificacion o acceso externo,variante cliente pendiente de confirmar; catalogo/semantica pendiente; seguridad/autorizacion sensible,,- Control de escritura por permiso `dav_clienteusuariospermisos.idreportescliente = 73`. | BR-LOS-004 | La escritura depende de `dav_clienteusuariospermisos.idreportescliente = 73` con `escritura = 1`. | `dav_clienteusuariospermisos` | Permiso de escritura para estado de pedidos.,.data_base/asgard.sql:12088-12115 | .data_base/asgard.sql:12422-12442 | EV-SQL_QUERY-B2ACEA412C2434 index_archivos/MenuClass.php:17 READS access to dav_clienteusuariospermisos | EV-SQL_QUERY-21D4C88608C506 index_archivos/MenuClass.php:33 READS access to dav_clienteusuariospermisos | EV-SQL_QUERY-A2E506CAA01117 index_archivos/menu.php:70 READS access to dav_clienteusuariospermisos | EV-SQL_QUERY-3DCDE2887C5985 index_archivos/menubs4.php:85 READS access to dav_clienteusuariospermisos,3,0,FLOW_SEMANTIC_INFERENCE_REVIEW_REQUIRED
logistics-order-status-milestones,dav_transportista,dav,REPORTING_READ_MODEL,Entidad de contexto usada por el flujo para consultar o relacionar informacion de negocio.,idtransportista,control de acceso/cliente; transicion o bloqueo por estado; regla documental/carga-descarga; calculo financiero/impositivo; persistencia/atomicidad/concurrencia; notificacion o acceso externo,variante cliente pendiente de confirmar; catalogo/semantica pendiente; seguridad/autorizacion sensible,,"`dav_transportista`, `dav_clientetransportista`, `logis_embarquesoperador` | Destinatario transportista para notificacion.",.data_base/asgard.sql:12088-12115 | .data_base/asgard.sql:12422-12442 | EV-SQL_QUERY-E63EC08C430EFA .data_base/asgard.sql:17851 READS access to dav_transportista | EV-SQL_QUERY-6098B3D9EC5974 .data_base/asgard.sql:17899 READS access to dav_transportista | EV-SQL_QUERY-23758555B30EC1 .data_base/asgard.sql:17911 READS access to dav_transportista | EV-SQL_QUERY-582BEF55BEFD52 .data_base/asgard.sql:32620 READS access to dav_transportista | EV-SQL_QUERY-45585DC42D6D8E .data_base/asgard.sql:33103 READS access to dav_transportista | EV-SQL_QUERY-BBCA72D9665C40 .data_base/asgard.sql:34251 READS access to dav_transportista | EV-SQL_QUERY-19C00C6794F950 .data_base/asgard.sql:35382 READS access to dav_transportista | EV-SQL_QUERY-F90F47FE379F94 .data_base/asgard.sql:36520 READS access to dav_transportista | EV-SQL_QUERY-601CFF04A8B2F9 .data_base/asgard.sql:46027 READS access to dav_transportista | EV-SQL_QUERY-49E819FA699CB4 index_archivos/controllers/SolicitudClass.php:169 READS access to dav_transportista | EV-SQL_QUERY-7902ED7F6605E7 index_archivos/logistica/CostosClass.php:189 READS access to dav_transportista | EV-SQL_QUERY-A5BE7EE986FC02 index_archivos/logistica/CotizacionClass.php:931 READS access to dav_transportista | EV-SQL_QUERY-ACEEB7962DA498 index_archivos/logistica/CotizacionClass.php:1540 READS access to dav_transportista | EV-SQL_QUERY-4CB613E198321D index_archivos/logistica/EmbarqueClass.php:1033 READS access to dav_transportista | EV-SQL_QUERY-0532B25486BBB5 index_archivos/logistica/SolicitudesClass.php:504 READS access to dav_transportista | EV-SQL_QUERY-276ADA5A9B397B index_archivos/parametros/operadortransporte/OperadorTransporte.php:36 READS access to dav_transportista | EV-SQL_QUERY-25CCA4BDB71AA3 index_archivos/parametros/operadortransporte/OperadorTransporte.php:62 READS access to dav_transportista | EV-SQL_QUERY-CB9773D12D9FB0 index_archivos/parametros/operadortransporte/OperadorTransporte.php:93 READS access to dav_transportista,10,1,FLOW_SEMANTIC_INFERENCE_REVIEW_REQUIRED
logistics-order-status-milestones,dav_usuario,dav,REPORTING_READ_MODEL,Entidad de contexto usada por el flujo para consultar o relacionar informacion de negocio.,"activo, email, nombre, nombres, username",control de acceso/cliente; transicion o bloqueo por estado; regla documental/carga-descarga; calculo financiero/impositivo; persistencia/atomicidad/concurrencia; notificacion o acceso externo,variante cliente pendiente de confirmar; catalogo/semantica pendiente; seguridad/autorizacion sensible,,"`dav_clienteusuarios`, `dav_usuario`, `prov_usuarioaccesoproveedor` | Resolucion del usuario que creo el hito.",.data_base/asgard.sql:12088-12115 | .data_base/asgard.sql:12422-12442 | EV-SQL_QUERY-E5084964BFD177 .data_base/asgard.sql:17695 READS access to dav_usuario | EV-SQL_QUERY-DC406B96EB9044 .data_base/asgard.sql:17701 READS access to dav_usuario | EV-SQL_QUERY-F2544EE12492B4 .data_base/asgard.sql:17755 READS access to dav_usuario | EV-SQL_QUERY-CF29D661D24AFC .data_base/asgard.sql:17761 READS access to dav_usuario | EV-SQL_QUERY-AADBBA32919CE2 .data_base/asgard.sql:17767 READS access to dav_usuario | EV-SQL_QUERY-14E9ADC6EDD0BF .data_base/asgard.sql:17821 READS access to dav_usuario | EV-SQL_QUERY-7B99CCC59398E3 .data_base/asgard.sql:17827 READS access to dav_usuario | EV-SQL_QUERY-089731AF1F9E21 .data_base/asgard.sql:17857 READS access to dav_usuario | EV-SQL_QUERY-32B98603A0440A .data_base/asgard.sql:17881 READS access to dav_usuario | EV-SQL_QUERY-31883517A72B7F .data_base/asgard.sql:17887 READS access to dav_usuario | EV-SQL_QUERY-B9B4FC0639980C .data_base/asgard.sql:17929 READS access to dav_usuario | EV-SQL_QUERY-B8C26E2F35C780 .data_base/asgard.sql:17941 READS access to dav_usuario | EV-SQL_QUERY-0314CB52F85BC0 .data_base/asgard.sql:17947 READS access to dav_usuario | EV-SQL_QUERY-C27CBB3D37147E .data_base/asgard.sql:17971 READS access to dav_usuario | EV-SQL_QUERY-D98CB7E458D4DC .data_base/asgard.sql:17977 READS access to dav_usuario | EV-SQL_QUERY-6BB61AC9EB7BB2 .data_base/asgard.sql:26722 READS access to dav_usuario | EV-SQL_QUERY-82E028F79AB490 .data_base/asgard.sql:26723 READS access to dav_usuario | EV-SQL_QUERY-986CBB3463F991 .data_base/asgard.sql:26728 READS access to dav_usuario,17,0,FLOW_SEMANTIC_INFERENCE_REVIEW_REQUIRED
logistics-order-status-milestones,logis_edp,logis,REPORTING_READ_MODEL,"Catalogo o parametro que condiciona reglas, permisos o variantes del flujo.","caso_id, cliente_id, created_at, created_by, created_type, deleted_at, edp, embarque_id, estado_edp_id, fecha, id, mail, pedido_id, proveedor_id, tipo_proveedor, valor",control de acceso/cliente; transicion o bloqueo por estado; regla documental/carga-descarga; calculo financiero/impositivo; persistencia/atomicidad/concurrencia; notificacion o acceso externo,variante cliente pendiente de confirmar; catalogo/semantica pendiente; seguridad/autorizacion sensible,,"- Registro en `logis_edp` con embarque, cliente, estado, fecha, comentario, valor opcional, usuario y tipo de creador. | Nueva fila en `logis_edp`. | `index_archivos/logistica/estado_pedidos/EstadoPedidosClass.php` | Insercion en `logis_edp`, finalizacion de embarque, email/notificacion y borrado logico. | `.data_base/asgard.sql:12088-12115` | Esquema `logis_edp`. | ASGARD carga historial de `logis_edp` para cliente y embarque. | ASGARD inserta una fila en `logis_edp` por cada hito.",.data_base/asgard.sql:12088-12115 | .data_base/asgard.sql:12422-12442 | .data_base/asgard.sql:12088-12115 | EV-SQL_QUERY-8F50B1D477DA3F .data_base/asgard.sql:17893 READS access to logis_edp | EV-SQL_QUERY-F1C32982155A33 .data_base/asgard.sql:27604 READS access to logis_edp | EV-SQL_QUERY-5B1AFC5002DA46 .data_base/asgard.sql:27616 READS access to logis_edp | EV-SQL_QUERY-AFFC120BA34789 .data_base/asgard.sql:27851 READS access to logis_edp | EV-SQL_QUERY-EE0833B6DDF8B2 .data_base/asgard.sql:27852 READS access to logis_edp | EV-SQL_QUERY-3620ACCA479AFA .data_base/asgard.sql:27853 READS access to logis_edp | EV-SQL_QUERY-B4E34EEA28D11F .data_base/asgard.sql:27854 READS access to logis_edp | EV-SQL_QUERY-4625368E43EB57 .data_base/asgard.sql:27855 READS access to logis_edp | EV-SQL_QUERY-FA045CE2D76256 .data_base/asgard.sql:27856 READS access to logis_edp | EV-SQL_QUERY-01D60400D3C328 .data_base/asgard.sql:27857 READS access to logis_edp | EV-SQL_QUERY-E0E5E119E00148 .data_base/asgard.sql:27858 READS access to logis_edp | EV-SQL_QUERY-45E55E1E444F25 .data_base/asgard.sql:27859 READS access to logis_edp | EV-SQL_QUERY-5F67621271D060 .data_base/asgard.sql:27879 READS access to logis_edp | EV-SQL_QUERY-C567EC2DFE6AEB .data_base/asgard.sql:27934 READS access to logis_edp | EV-SQL_QUERY-761A5815C43E15 .data_base/asgard.sql:27945 READS access to logis_edp | EV-SQL_QUERY-F98F1B14535A5B .data_base/asgard.sql:27953 READS access to logis_edp | EV-SQL_QUERY-598F7B77391C26 .data_base/asgard.sql:27964 READS access to logis_edp,2,1,FLOW_SEMANTIC_INFERENCE_REVIEW_REQUIRED
logistics-order-status-milestones,logis_embarques,logis,REPORTING_READ_MODEL,Entidad de contexto usada por el flujo para consultar o relacionar informacion de negocio.,"created_at, deleted_at, fecha_finalizacion, fecha_finalizacion_usuario, gestor_transporte_id, id, idagentesaduana, idcliente, idtransportista",control de acceso/cliente; transicion o bloqueo por estado; regla documental/carga-descarga; calculo financiero/impositivo; persistencia/atomicidad/concurrencia; notificacion o acceso externo,variante cliente pendiente de confirmar; catalogo/semantica pendiente; seguridad/autorizacion sensible,,"- Bloqueo de captura cuando `logis_embarques.fecha_finalizacion` ya existe. | - `logis_embarques.fecha_finalizacion` y `fecha_finalizacion_usuario` cuando el estado es final. | BR-LOS-005 | Si `logis_embarques.fecha_finalizacion` tiene valor, no se muestran botones de alta/guardado. | `logis_embarques` | Embarque afectado por el hito y posible finalizacion. | `dav_transportista`, `dav_clientetransportista`, `logis_embarquesoperador` | Destinatario transportista para notificacion. | Embarque abierto | Estado `53`, `99` o `160` | Actualiza `logis_embarques.fecha_finalizacion`.",.data_base/asgard.sql:12088-12115 | .data_base/asgard.sql:12422-12442 | EV-SQL_QUERY-271B8BADD753C8 .data_base/asgard.sql:17875 READS access to logis_embarques | EV-SQL_QUERY-D92F1F70034698 .data_base/asgard.sql:17893 READS access to logis_embarquesrutas | EV-SQL_QUERY-E8DE6726227583 .data_base/asgard.sql:17893 READS access to logis_embarques | EV-SQL_QUERY-B25606C135A1C8 .data_base/asgard.sql:17923 READS access to logis_embarques | EV-SQL_QUERY-CBB063520AFA05 .data_base/asgard.sql:17959 READS access to logis_embarques | EV-SQL_QUERY-A35253FEB1CECF .data_base/asgard.sql:17965 READS access to logis_embarques | EV-SQL_QUERY-80B5E9CE461C31 .data_base/asgard.sql:27606 READS access to logis_embarques | EV-SQL_QUERY-4978218240EA46 .data_base/asgard.sql:27633 READS access to logis_embarquesmagnitudes | EV-SQL_QUERY-60AC62FAA187C1 .data_base/asgard.sql:27635 READS access to logis_embarques | EV-SQL_QUERY-9DEFE51A0B28A9 .data_base/asgard.sql:27654 READS access to logis_embarques | EV-SQL_QUERY-A49876BFD6250D .data_base/asgard.sql:27706 READS access to logis_embarquescontenedor | EV-SQL_QUERY-2DE4F47B10C829 .data_base/asgard.sql:27708 READS access to logis_embarquesmagnitudes | EV-SQL_QUERY-C3079BF6B949F1 .data_base/asgard.sql:27709 READS access to logis_embarques | EV-SQL_QUERY-B1EEEAC9F071AC .data_base/asgard.sql:27828 READS access to logis_embarques | EV-SQL_QUERY-6AE15DB22CB672 .data_base/asgard.sql:27842 READS access to logis_embarquesoperador | EV-SQL_QUERY-32CA859D40E137 .data_base/asgard.sql:27881 READS access to logis_embarques | EV-SQL_QUERY-2442CE0D04F1C1 .data_base/asgard.sql:27909 READS access to logis_embarques | EV-SQL_QUERY-97E34133F86A8C .data_base/asgard.sql:27936 READS access to logis_embarques,25,3,FLOW_SEMANTIC_INFERENCE_REVIEW_REQUIRED
logistics-order-status-milestones,logis_embarquesoperador,logis,REPORTING_READ_MODEL,Entidad de contexto usada por el flujo para consultar o relacionar informacion de negocio.,"created_at, deleted_at, id",control de acceso/cliente; transicion o bloqueo por estado; regla documental/carga-descarga; calculo financiero/impositivo; persistencia/atomicidad/concurrencia; notificacion o acceso externo,variante cliente pendiente de confirmar; catalogo/semantica pendiente; seguridad/autorizacion sensible,,"`dav_transportista`, `dav_clientetransportista`, `logis_embarquesoperador` | Destinatario transportista para notificacion.",".data_base/asgard.sql:12088-12115 | .data_base/asgard.sql:12422-12442 | EV-SQL_QUERY-6AE15DB22CB672 .data_base/asgard.sql:27842 READS access to logis_embarquesoperador | EV-SQL_QUERY-29169453D20B61 .data_base/asgard.sql:30094 READS access to logis_embarquesoperador | EV-SQL_QUERY-15448775DCD88A .data_base/asgard.sql:30118 READS access to logis_embarquesoperador | EV-SQL_QUERY-DD5F45E5DDFB58 .data_base/asgard.sql:30388 READS access to logis_embarquesoperador | EV-SQL_QUERY-2B8D0BE6F22B71 .data_base/asgard.sql:30412 READS access to logis_embarquesoperador | EV-SQL_QUERY-D5D3C0BCE5C8C4 .data_base/asgard.sql:32618 READS access to logis_embarquesoperador | EV-SQL_QUERY-11EB58BDCC65F6 .data_base/asgard.sql:34249 READS access to logis_embarquesoperador | EV-SQL_QUERY-75FD1417CAAB9A .data_base/asgard.sql:35380 READS access to logis_embarquesoperador | EV-SQL_QUERY-04FECB16E4D811 .data_base/asgard.sql:36518 READS access to logis_embarquesoperador | EV-SQL_QUERY-D616EEA4BCD12A .data_base/asgard.sql:44792 READS access to logis_embarquesoperador | EV-SQL_QUERY-6D9DF0CFA2D6B7 .data_base/asgard.sql:45181 READS access to logis_embarquesoperador | EV-SQL_QUERY-0B65AAAF6631B4 index_archivos/logistica/CostosClass.php:20 READS access to logis_embarquesoperador | EV-SQL_QUERY-7B6CBD30BE0CE8 index_archivos/logistica/CostosClass.php:32 READS access to logis_embarquesoperador | EV-SQL_QUERY-56B51123ECC260 index_archivos/logistica/CostosClass.php:199 READS access to logis_embarquesoperador | EV-SECRET_CANDIDATE-67570D3111D8A2 index_archivos/logistica/CostosClass.php:480 $queryupd = (""UPDATE logis_embarquesoperador SET token=[REDACTED],llenadocot=1,llenadocotfecha=CURRENT_TIMESTAMP() WHERE id='"".$idembarque.""';"");//quitar el acceso al token | EV-SQL_QUERY-F6A2C52CA51CB0 index_archivos/logistica/CotizacionClass.php:41 READS access to logis_embarquesoperador | EV-SQL_QUERY-AE9D9DEC769293 index_archivos/logistica/CotizacionClass.php:86 READS access to logis_embarquesoperador | EV-SQL_QUERY-AD8C8A860129F2 index_archivos/logistica/CotizacionClass.php:125 READS access to logis_embarquesoperador",5,1,FLOW_SEMANTIC_INFERENCE_REVIEW_REQUIRED
logistics-order-status-milestones,logis_estados_edp,logis,REFERENCE_OR_STATE_CATALOG,"Catalogo o parametro que condiciona reglas, permisos o variantes del flujo.","cliente_id, created_at, created_by, deleted_at, estado_edp, etapa, etapa_cbn_id, id, idtipoproveedor, orden_etapa",control de acceso/cliente; transicion o bloqueo por estado; regla documental/carga-descarga; calculo financiero/impositivo; persistencia/atomicidad/concurrencia; notificacion o acceso externo,variante cliente pendiente de confirmar; catalogo/semantica pendiente; seguridad/autorizacion sensible,,Catalogo funcional completo de `logis_estados_edp`. | - Estado seleccionado de `logis_estados_edp`. | `.data_base/asgard.sql:12422-12442` | Esquema `logis_estados_edp`. | ASGARD carga catalogo de estados desde `logis_estados_edp`. | `logis_estados_edp` | Catalogo de estados seleccionables. | `logis_estados_edp.id` | Identificador tecnico de hito.,.data_base/asgard.sql:12088-12115 | .data_base/asgard.sql:12422-12442 | .data_base/asgard.sql:12422-12442 | EV-SQL_QUERY-0AFC222770F4D3 .data_base/asgard.sql:27607 READS access to logis_estados_edp | EV-SQL_QUERY-4CD594FDD0D5FD .data_base/asgard.sql:27616 READS access to logis_estados_edp | EV-SQL_QUERY-5AA64A39F8EEE1 .data_base/asgard.sql:27945 READS access to logis_estados_edp | EV-SQL_QUERY-6056AB9D8D1DB4 .data_base/asgard.sql:27964 READS access to logis_estados_edp | EV-SQL_QUERY-89714B754A69E1 .data_base/asgard.sql:39268 READS access to logis_estados_edp | EV-SQL_QUERY-218F8B7BF2ED4D .data_base/asgard.sql:39274 READS access to logis_estados_edp | EV-SQL_QUERY-27D4F66EFE3B72 .data_base/asgard.sql:44436 READS access to logis_estados_edp | EV-SQL_QUERY-7155592F90C158 .data_base/asgard.sql:44444 READS access to logis_estados_edp | EV-SQL_QUERY-4308B7F69788BD .data_base/asgard.sql:44469 READS access to logis_estados_edp | EV-SQL_QUERY-C3AC57506AB688 .data_base/asgard.sql:44844 READS access to logis_estados_edp | EV-SQL_QUERY-C53815F7246B06 .data_base/asgard.sql:44851 READS access to logis_estados_edp | EV-SQL_QUERY-F7E395F89E9298 .data_base/asgard.sql:44874 READS access to logis_estados_edp | EV-SQL_QUERY-B324180906FD7F .data_base/asgard.sql:45240 READS access to logis_estados_edp | EV-SQL_QUERY-EFB4D18C905AD8 .data_base/asgard.sql:45260 READS access to logis_estados_edp | EV-SQL_QUERY-E4770DEDC57677 .data_base/asgard.sql:45316 READS access to logis_estados_edp | EV-SQL_QUERY-690945927B06A9 .data_base/asgard.sql:45334 READS access to logis_estados_edp | EV-SQL_QUERY-1E88ECA94ADB93 index_archivos/logistica/estado_pedidos/EstadoPedidosClass.php:46 READS access to logis_estados_edp,2,0,FLOW_SEMANTIC_INFERENCE_REVIEW_REQUIRED
logistics-order-status-milestones,prov_usuarioaccesoproveedor,prov,REPORTING_READ_MODEL,Entidad de contexto usada por el flujo para consultar o relacionar informacion de negocio.,"created_at, created_by, deleted_at, idtipoproveedor",control de acceso/cliente; transicion o bloqueo por estado; regla documental/carga-descarga; calculo financiero/impositivo; persistencia/atomicidad/concurrencia; notificacion o acceso externo,variante cliente pendiente de confirmar; catalogo/semantica pendiente; seguridad/autorizacion sensible,,"`dav_clienteusuarios`, `dav_usuario`, `prov_usuarioaccesoproveedor` | Resolucion del usuario que creo el hito.",.data_base/asgard.sql:12088-12115 | .data_base/asgard.sql:12422-12442 | EV-SQL_QUERY-C6F1CC0CD4383E .data_base/asgard.sql:17851 READS access to prov_usuarioaccesoproveedor | EV-SQL_QUERY-F57623AF9E34CA .data_base/asgard.sql:17899 READS access to prov_usuarioaccesoproveedor | EV-SQL_QUERY-22C76590DB72B5 .data_base/asgard.sql:17905 READS access to prov_usuarioaccesoproveedor | EV-SQL_QUERY-81A7D6D75D5FBF .data_base/asgard.sql:17911 READS access to prov_usuarioaccesoproveedor | EV-SQL_QUERY-09BCA22E0B7710 .data_base/asgard.sql:46024 READS access to prov_usuarioaccesoproveedor | EV-SQL_QUERY-577AEEEE64A3AC index_archivos/controllers/GlobalClass.php:197 READS access to prov_usuarioaccesoproveedor | EV-SQL_QUERY-02597B7677F8DA index_archivos/logistica/estado_pedidos/EstadoPedidosClass.php:52 READS access to prov_usuarioaccesoproveedor | EV-SQL_QUERY-94861E72E501CB index_archivos/operativos/exportaciones/ajax/RecepcionFisicaMICs.php:110 READS access to prov_usuarioaccesoproveedor | EV-SQL_QUERY-39DDC72E92D332 index_archivos/parametros/gestor_transporte/GestorTrasnporteClass.php:9 READS access to prov_usuarioaccesoproveedor | EV-SQL_QUERY-B8E45EB4226402 index_archivos/parametros/operadortransporte/OperadorTransporte.php:456 READS access to prov_usuarioaccesoproveedor | EV-SQL_QUERY-947153F6C3093B index_archivos/parametros/operadortransporte/OperadorTransporte.php:524 READS access to prov_usuarioaccesoproveedor | EV-SQL_QUERY-4C745902F3F3BB index_archivos/parametros/operadortransporte/OperadorTransporte.php:537 WRITES access to prov_usuarioaccesoproveedor | EV-SQL_QUERY-632306AFF6FD53 index_archivos/parametros/operadortransporte/OperadorTransporte.php:539 WRITES access to prov_usuarioaccesoproveedor | EV-SQL_QUERY-80D9DC803C5B32 index_archivos/parametros/operadortransporte/OperadorTransporte.php:585 WRITES access to prov_usuarioaccesoproveedor,6,1,FLOW_SEMANTIC_INFERENCE_REVIEW_REQUIRED
logistics-order-status-milestones,push_notificacion,transversal,REPORTING_READ_MODEL,Entidad de contexto usada por el flujo para consultar o relacionar informacion de negocio.,"created_at, created_by, deleted_at, id",control de acceso/cliente; transicion o bloqueo por estado; regla documental/carga-descarga; calculo financiero/impositivo; persistencia/atomicidad/concurrencia; notificacion o acceso externo,variante cliente pendiente de confirmar; catalogo/semantica pendiente; seguridad/autorizacion sensible,,"`push_notificacion`, `push_notificacionusuarios` | Notificacion persistida por integracion con servicio de notificaciones.",.data_base/asgard.sql:12088-12115 | .data_base/asgard.sql:12422-12442 | EV-SQL_QUERY-CE1227BE58ED6B index_archivos/servicioNotificaciones/ServicioNotificacionesClass.php:59 WRITES access to push_notificacionusuarios | EV-SQL_QUERY-3CA023B8F1BF7C index_archivos/servicioNotificaciones/ServicioNotificacionesClass.php:79 READS access to push_notificacion | EV-SQL_QUERY-72D76401AB74C3 index_archivos/servicioNotificaciones/ServicioNotificacionesClass.php:80 READS access to push_notificacionusuarios | EV-SQL_QUERY-E81E40257BBE05 index_archivos/servicioNotificaciones/ServicioNotificacionesClass.php:102 READS access to push_notificacion | EV-SQL_QUERY-1712B1C31D7C50 index_archivos/servicioNotificaciones/ServicioNotificacionesClass.php:103 READS access to push_notificacionusuarios | EV-SQL_QUERY-455564914DDE18 index_archivos/servicioNotificaciones/ServicioNotificacionesClass.php:126 READS access to push_notificacion | EV-SQL_QUERY-CA6029EA2107DD index_archivos/servicioNotificaciones/ServicioNotificacionesClass.php:127 READS access to push_notificacionusuarios | EV-SQL_QUERY-F57B962F929CEA index_archivos/servicioNotificaciones/ServicioNotificacionesClass.php:150 READS access to push_notificacion | EV-SQL_QUERY-F61E302E947FE2 index_archivos/servicioNotificaciones/ServicioNotificacionesClass.php:151 READS access to push_notificacionusuarios | EV-SQL_QUERY-F62E8C29371ABC index_archivos/servicioNotificaciones/ServicioNotificacionesClass.php:179 READS access to push_notificacion | EV-SQL_QUERY-4F5A0CA0AF5A4C index_archivos/servicioNotificaciones/ServicioNotificacionesClass.php:180 READS access to push_notificacionusuarios | EV-SQL_QUERY-EDF0CF7D7CC05F index_archivos/servicioNotificaciones/ServicioNotificacionesClass.php:211 READS access to push_notificacion | EV-SQL_QUERY-7E74B70337670D index_archivos/servicioNotificaciones/ServicioNotificacionesClass.php:212 READS access to push_notificacionusuarios | EV-SQL_QUERY-D3A8B2FA1FC185 index_archivos/servicioNotificaciones/ServicioNotificacionesClass.php:242 READS access to push_notificacion | EV-SQL_QUERY-90519F6DC1C4C5 index_archivos/servicioNotificaciones/ServicioNotificacionesClass.php:243 READS access to push_notificacionusuarios | EV-SQL_QUERY-E857F61E0C5602 index_archivos/servicioNotificaciones/ServicioNotificacionesClass.php:264 READS access to push_notificacion | EV-SQL_QUERY-6D123113E6A021 index_archivos/servicioNotificaciones/ServicioNotificacionesClass.php:265 READS access to push_notificacionusuarios | EV-SQL_QUERY-923C09C3BEA890 index_archivos/servicioNotificaciones/ServicioNotificacionesClass.php:281 READS access to push_notificacionusuarios,1,0,FLOW_SEMANTIC_INFERENCE_REVIEW_REQUIRED
logistics-order-status-milestones,push_notificacionusuarios,transversal,REPORTING_READ_MODEL,Entidad de contexto usada por el flujo para consultar o relacionar informacion de negocio.,"created_at, created_by, deleted_at, id",control de acceso/cliente; transicion o bloqueo por estado; regla documental/carga-descarga; calculo financiero/impositivo; persistencia/atomicidad/concurrencia; notificacion o acceso externo,variante cliente pendiente de confirmar; catalogo/semantica pendiente; seguridad/autorizacion sensible,,"`push_notificacion`, `push_notificacionusuarios` | Notificacion persistida por integracion con servicio de notificaciones.",.data_base/asgard.sql:12088-12115 | .data_base/asgard.sql:12422-12442 | EV-SQL_QUERY-CE1227BE58ED6B index_archivos/servicioNotificaciones/ServicioNotificacionesClass.php:59 WRITES access to push_notificacionusuarios | EV-SQL_QUERY-72D76401AB74C3 index_archivos/servicioNotificaciones/ServicioNotificacionesClass.php:80 READS access to push_notificacionusuarios | EV-SQL_QUERY-1712B1C31D7C50 index_archivos/servicioNotificaciones/ServicioNotificacionesClass.php:103 READS access to push_notificacionusuarios | EV-SQL_QUERY-CA6029EA2107DD index_archivos/servicioNotificaciones/ServicioNotificacionesClass.php:127 READS access to push_notificacionusuarios | EV-SQL_QUERY-F61E302E947FE2 index_archivos/servicioNotificaciones/ServicioNotificacionesClass.php:151 READS access to push_notificacionusuarios | EV-SQL_QUERY-4F5A0CA0AF5A4C index_archivos/servicioNotificaciones/ServicioNotificacionesClass.php:180 READS access to push_notificacionusuarios | EV-SQL_QUERY-7E74B70337670D index_archivos/servicioNotificaciones/ServicioNotificacionesClass.php:212 READS access to push_notificacionusuarios | EV-SQL_QUERY-90519F6DC1C4C5 index_archivos/servicioNotificaciones/ServicioNotificacionesClass.php:243 READS access to push_notificacionusuarios | EV-SQL_QUERY-6D123113E6A021 index_archivos/servicioNotificaciones/ServicioNotificacionesClass.php:265 READS access to push_notificacionusuarios | EV-SQL_QUERY-923C09C3BEA890 index_archivos/servicioNotificaciones/ServicioNotificacionesClass.php:281 READS access to push_notificacionusuarios | EV-SQL_QUERY-0F76344EDAF9F2 index_archivos/servicioNotificaciones/ServicioNotificacionesClass.php:297 READS access to push_notificacionusuarios | EV-SQL_QUERY-F3EE588A26E86A index_archivos/servicioNotificaciones/ServicioNotificacionesClass.php:479 WRITES access to push_notificacionusuarios | EV-SQL_QUERY-A5EDBA26529A96 index_archivos/servicioNotificaciones/ServicioNotificacionesClass.php:494 WRITES access to push_notificacionusuarios,1,1,FLOW_SEMANTIC_INFERENCE_REVIEW_REQUIRED
logistics-quotation-costing,dav_clientealmacen,dav,READ_OR_CONTEXT,Entidad de contexto usada por el flujo para consultar o relacionar informacion de negocio.,almacen,control de acceso/cliente; transicion o bloqueo por estado; regla documental/carga-descarga; calculo financiero/impositivo; persistencia/atomicidad/concurrencia; notificacion o acceso externo,variante cliente pendiente de confirmar; catalogo/semantica pendiente; seguridad/autorizacion sensible,,"`dav_clientealmacen`, `dav_region` | Almacen/region de tramos logisticos.",index_archivos/logistica/embarquesController.php:94-178 | index_archivos/logistica/embarquesController.php:238-340 | index_archivos/logistica/CostosClass.php:14-35 | index_archivos/logistica/CostosClass.php:412-480 | index_archivos/logistica/costosController.php:9-24 | index_archivos/logistica/evaluarcosto.php:16-80 | index_archivos/logistica/CostosClass.php:514-540 | index_archivos/logistica/evaluarcosto.php:16-180 | embarquesController.php:129 | embarquesController.php:94-178 | embarquesController.php:238-274 | CostosClass.php:14-24 | costosController.php:9-14 | CostosClass.php:412-427 | CostosClass.php:431-463 | CostosClass.php:467-480 | embarquesController.php:276-294 | embarquesController.php:299-313 | evaluarcosto.php:58-66 | .data_base/asgard.sql:12175-12210,4,0,FLOW_SEMANTIC_INFERENCE_REVIEW_REQUIRED
logistics-quotation-costing,dav_gestion_aduanera1,dav,READ_OR_CONTEXT,"Catalogo o parametro que condiciona reglas, permisos o variantes del flujo.",tiempo,control de acceso/cliente; transicion o bloqueo por estado; regla documental/carga-descarga; calculo financiero/impositivo; persistencia/atomicidad/concurrencia; notificacion o acceso externo,variante cliente pendiente de confirmar; catalogo/semantica pendiente; seguridad/autorizacion sensible,,"`dav_gestlogistica`, `dav_gestion_aduanera1`, `dav_gestion_aduanera2`, `dav_gestion_aduanera3`, `dav_gestaduanera` | Parametros de gestion/logistica y tiempos/costos aduaneros consultados para costos y tramos.",index_archivos/logistica/embarquesController.php:94-178 | index_archivos/logistica/embarquesController.php:238-340 | index_archivos/logistica/CostosClass.php:14-35 | index_archivos/logistica/CostosClass.php:412-480 | index_archivos/logistica/costosController.php:9-24 | index_archivos/logistica/evaluarcosto.php:16-80 | index_archivos/logistica/CostosClass.php:514-540 | index_archivos/logistica/evaluarcosto.php:16-180 | embarquesController.php:129 | embarquesController.php:94-178 | embarquesController.php:238-274 | CostosClass.php:14-24 | costosController.php:9-14 | CostosClass.php:412-427 | CostosClass.php:431-463 | CostosClass.php:467-480 | embarquesController.php:276-294 | embarquesController.php:299-313 | evaluarcosto.php:58-66 | .data_base/asgard.sql:12175-12210,3,0,FLOW_SEMANTIC_INFERENCE_REVIEW_REQUIRED
logistics-quotation-costing,dav_gestion_aduanera2,dav,READ_OR_CONTEXT,"Catalogo o parametro que condiciona reglas, permisos o variantes del flujo.",tiempo,control de acceso/cliente; transicion o bloqueo por estado; regla documental/carga-descarga; calculo financiero/impositivo; persistencia/atomicidad/concurrencia; notificacion o acceso externo,variante cliente pendiente de confirmar; catalogo/semantica pendiente; seguridad/autorizacion sensible,,"`dav_gestlogistica`, `dav_gestion_aduanera1`, `dav_gestion_aduanera2`, `dav_gestion_aduanera3`, `dav_gestaduanera` | Parametros de gestion/logistica y tiempos/costos aduaneros consultados para costos y tramos.",index_archivos/logistica/embarquesController.php:94-178 | index_archivos/logistica/embarquesController.php:238-340 | index_archivos/logistica/CostosClass.php:14-35 | index_archivos/logistica/CostosClass.php:412-480 | index_archivos/logistica/costosController.php:9-24 | index_archivos/logistica/evaluarcosto.php:16-80 | index_archivos/logistica/CostosClass.php:514-540 | index_archivos/logistica/evaluarcosto.php:16-180 | embarquesController.php:129 | embarquesController.php:94-178 | embarquesController.php:238-274 | CostosClass.php:14-24 | costosController.php:9-14 | CostosClass.php:412-427 | CostosClass.php:431-463 | CostosClass.php:467-480 | embarquesController.php:276-294 | embarquesController.php:299-313 | evaluarcosto.php:58-66 | .data_base/asgard.sql:12175-12210,1,0,FLOW_SEMANTIC_INFERENCE_REVIEW_REQUIRED
logistics-quotation-costing,dav_gestion_aduanera3,dav,READ_OR_CONTEXT,"Catalogo o parametro que condiciona reglas, permisos o variantes del flujo.","descripcion, tiempo",control de acceso/cliente; transicion o bloqueo por estado; regla documental/carga-descarga; calculo financiero/impositivo; persistencia/atomicidad/concurrencia; notificacion o acceso externo,variante cliente pendiente de confirmar; catalogo/semantica pendiente; seguridad/autorizacion sensible,,"`dav_gestlogistica`, `dav_gestion_aduanera1`, `dav_gestion_aduanera2`, `dav_gestion_aduanera3`, `dav_gestaduanera` | Parametros de gestion/logistica y tiempos/costos aduaneros consultados para costos y tramos.",index_archivos/logistica/embarquesController.php:94-178 | index_archivos/logistica/embarquesController.php:238-340 | index_archivos/logistica/CostosClass.php:14-35 | index_archivos/logistica/CostosClass.php:412-480 | index_archivos/logistica/costosController.php:9-24 | index_archivos/logistica/evaluarcosto.php:16-80 | index_archivos/logistica/CostosClass.php:514-540 | index_archivos/logistica/evaluarcosto.php:16-180 | embarquesController.php:129 | embarquesController.php:94-178 | embarquesController.php:238-274 | CostosClass.php:14-24 | costosController.php:9-14 | CostosClass.php:412-427 | CostosClass.php:431-463 | CostosClass.php:467-480 | embarquesController.php:276-294 | embarquesController.php:299-313 | evaluarcosto.php:58-66 | .data_base/asgard.sql:12175-12210,1,0,FLOW_SEMANTIC_INFERENCE_REVIEW_REQUIRED
logistics-quotation-costing,dav_gestlogistica,dav,READ_OR_CONTEXT,"Catalogo o parametro que condiciona reglas, permisos o variantes del flujo.",cotizacion,control de acceso/cliente; transicion o bloqueo por estado; regla documental/carga-descarga; calculo financiero/impositivo; persistencia/atomicidad/concurrencia; notificacion o acceso externo,variante cliente pendiente de confirmar; catalogo/semantica pendiente; seguridad/autorizacion sensible,,"`dav_gestlogistica`, `dav_gestion_aduanera1`, `dav_gestion_aduanera2`, `dav_gestion_aduanera3`, `dav_gestaduanera` | Parametros de gestion/logistica y tiempos/costos aduaneros consultados para costos y tramos.",index_archivos/logistica/embarquesController.php:94-178 | index_archivos/logistica/embarquesController.php:238-340 | index_archivos/logistica/CostosClass.php:14-35 | index_archivos/logistica/CostosClass.php:412-480 | index_archivos/logistica/costosController.php:9-24 | index_archivos/logistica/evaluarcosto.php:16-80 | index_archivos/logistica/CostosClass.php:514-540 | index_archivos/logistica/evaluarcosto.php:16-180 | embarquesController.php:129 | embarquesController.php:94-178 | embarquesController.php:238-274 | CostosClass.php:14-24 | costosController.php:9-14 | CostosClass.php:412-427 | CostosClass.php:431-463 | CostosClass.php:467-480 | embarquesController.php:276-294 | embarquesController.php:299-313 | evaluarcosto.php:58-66 | .data_base/asgard.sql:12175-12210,3,0,FLOW_SEMANTIC_INFERENCE_REVIEW_REQUIRED
logistics-quotation-costing,dav_puerto,dav,READ_OR_CONTEXT,Entidad de contexto usada por el flujo para consultar o relacionar informacion de negocio.,puerto,control de acceso/cliente; transicion o bloqueo por estado; regla documental/carga-descarga; calculo financiero/impositivo; persistencia/atomicidad/concurrencia; notificacion o acceso externo,variante cliente pendiente de confirmar; catalogo/semantica pendiente; seguridad/autorizacion sensible,,`dav_puerto` | Puerto/origen/destino usado en tramos de cotizacion y embarque.,index_archivos/logistica/embarquesController.php:94-178 | index_archivos/logistica/embarquesController.php:238-340 | index_archivos/logistica/CostosClass.php:14-35 | index_archivos/logistica/CostosClass.php:412-480 | index_archivos/logistica/costosController.php:9-24 | index_archivos/logistica/evaluarcosto.php:16-80 | index_archivos/logistica/CostosClass.php:514-540 | index_archivos/logistica/evaluarcosto.php:16-180 | embarquesController.php:129 | embarquesController.php:94-178 | embarquesController.php:238-274 | CostosClass.php:14-24 | costosController.php:9-14 | CostosClass.php:412-427 | CostosClass.php:431-463 | CostosClass.php:467-480 | embarquesController.php:276-294 | embarquesController.php:299-313 | evaluarcosto.php:58-66 | .data_base/asgard.sql:12175-12210,6,0,FLOW_SEMANTIC_INFERENCE_REVIEW_REQUIRED
logistics-quotation-costing,dav_region,dav,READ_OR_CONTEXT,Entidad de contexto usada por el flujo para consultar o relacionar informacion de negocio.,region,control de acceso/cliente; transicion o bloqueo por estado; regla documental/carga-descarga; calculo financiero/impositivo; persistencia/atomicidad/concurrencia; notificacion o acceso externo,variante cliente pendiente de confirmar; catalogo/semantica pendiente; seguridad/autorizacion sensible,,"`dav_clientealmacen`, `dav_region` | Almacen/region de tramos logisticos.",index_archivos/logistica/embarquesController.php:94-178 | index_archivos/logistica/embarquesController.php:238-340 | index_archivos/logistica/CostosClass.php:14-35 | index_archivos/logistica/CostosClass.php:412-480 | index_archivos/logistica/costosController.php:9-24 | index_archivos/logistica/evaluarcosto.php:16-80 | index_archivos/logistica/CostosClass.php:514-540 | index_archivos/logistica/evaluarcosto.php:16-180 | embarquesController.php:129 | embarquesController.php:94-178 | embarquesController.php:238-274 | CostosClass.php:14-24 | costosController.php:9-14 | CostosClass.php:412-427 | CostosClass.php:431-463 | CostosClass.php:467-480 | embarquesController.php:276-294 | embarquesController.php:299-313 | evaluarcosto.php:58-66 | .data_base/asgard.sql:12175-12210,3,0,FLOW_SEMANTIC_INFERENCE_REVIEW_REQUIRED
logistics-quotation-costing,logis_aeropuertos,logis,READ_OR_CONTEXT,"Catalogo o parametro que condiciona reglas, permisos o variantes del flujo.",nombre,control de acceso/cliente; transicion o bloqueo por estado; regla documental/carga-descarga; calculo financiero/impositivo; persistencia/atomicidad/concurrencia; notificacion o acceso externo,variante cliente pendiente de confirmar; catalogo/semantica pendiente; seguridad/autorizacion sensible,,"`logis_aeropuertos`, `logis_contenedor` | Catalogos logisticos auxiliares para cotizacion/tramos.",index_archivos/logistica/embarquesController.php:94-178 | index_archivos/logistica/embarquesController.php:238-340 | index_archivos/logistica/CostosClass.php:14-35 | index_archivos/logistica/CostosClass.php:412-480 | index_archivos/logistica/costosController.php:9-24 | index_archivos/logistica/evaluarcosto.php:16-80 | index_archivos/logistica/CostosClass.php:514-540 | index_archivos/logistica/evaluarcosto.php:16-180 | embarquesController.php:129 | embarquesController.php:94-178 | embarquesController.php:238-274 | CostosClass.php:14-24 | costosController.php:9-14 | CostosClass.php:412-427 | CostosClass.php:431-463 | CostosClass.php:467-480 | embarquesController.php:276-294 | embarquesController.php:299-313 | evaluarcosto.php:58-66 | .data_base/asgard.sql:12175-12210,2,0,FLOW_SEMANTIC_INFERENCE_REVIEW_REQUIRED
logistics-quotation-costing,logis_contenedor,logis,READ_OR_CONTEXT,"Catalogo o parametro que condiciona reglas, permisos o variantes del flujo.","contenedor, tipo",control de acceso/cliente; transicion o bloqueo por estado; regla documental/carga-descarga; calculo financiero/impositivo; persistencia/atomicidad/concurrencia; notificacion o acceso externo,variante cliente pendiente de confirmar; catalogo/semantica pendiente; seguridad/autorizacion sensible,,"`logis_aeropuertos`, `logis_contenedor` | Catalogos logisticos auxiliares para cotizacion/tramos.",index_archivos/logistica/embarquesController.php:94-178 | index_archivos/logistica/embarquesController.php:238-340 | index_archivos/logistica/CostosClass.php:14-35 | index_archivos/logistica/CostosClass.php:412-480 | index_archivos/logistica/costosController.php:9-24 | index_archivos/logistica/evaluarcosto.php:16-80 | index_archivos/logistica/CostosClass.php:514-540 | index_archivos/logistica/evaluarcosto.php:16-180 | embarquesController.php:129 | embarquesController.php:94-178 | embarquesController.php:238-274 | CostosClass.php:14-24 | costosController.php:9-14 | CostosClass.php:412-427 | CostosClass.php:431-463 | CostosClass.php:467-480 | embarquesController.php:276-294 | embarquesController.php:299-313 | evaluarcosto.php:58-66 | .data_base/asgard.sql:12175-12210,2,0,FLOW_SEMANTIC_INFERENCE_REVIEW_REQUIRED
logistics-quotation-costing,logis_costos,logis,READ_OR_CONTEXT,"Catalogo o parametro que condiciona reglas, permisos o variantes del flujo.",,control de acceso/cliente; transicion o bloqueo por estado; regla documental/carga-descarga; calculo financiero/impositivo; persistencia/atomicidad/concurrencia; notificacion o acceso externo,variante cliente pendiente de confirmar; catalogo/semantica pendiente; seguridad/autorizacion sensible,,ASGARD guarda detalle de costos en `logis_costosdetalles`. | `logis_costosconcepto` | Conceptos de costos por incoterm/tipo embarque y grupo. | `logis_costosdetalles` | Detalle de costos cargado por operador en cotizacion. | `logis_costos` / `logis_costos_detalle` | Costos internos o costos por categoria de embarque. | `logis_costosgrupo` | Agrupacion de conceptos en evaluacion.,index_archivos/logistica/embarquesController.php:94-178 | index_archivos/logistica/embarquesController.php:238-340 | index_archivos/logistica/CostosClass.php:14-35 | index_archivos/logistica/CostosClass.php:412-480 | index_archivos/logistica/costosController.php:9-24 | index_archivos/logistica/evaluarcosto.php:16-80 | index_archivos/logistica/CostosClass.php:514-540 | index_archivos/logistica/evaluarcosto.php:16-180 | embarquesController.php:129 | embarquesController.php:94-178 | embarquesController.php:238-274 | CostosClass.php:14-24 | costosController.php:9-14 | CostosClass.php:412-427 | CostosClass.php:431-463 | CostosClass.php:467-480 | embarquesController.php:276-294 | embarquesController.php:299-313 | evaluarcosto.php:58-66 | .data_base/asgard.sql:12175-12210,3,1,FLOW_SEMANTIC_INFERENCE_REVIEW_REQUIRED
logistics-quotation-costing,logis_costos_detalle,logis,READ_OR_CONTEXT,Entidad de contexto usada por el flujo para consultar o relacionar informacion de negocio.,concepto,control de acceso/cliente; transicion o bloqueo por estado; regla documental/carga-descarga; calculo financiero/impositivo; persistencia/atomicidad/concurrencia; notificacion o acceso externo,variante cliente pendiente de confirmar; catalogo/semantica pendiente; seguridad/autorizacion sensible,,`logis_costos` / `logis_costos_detalle` | Costos internos o costos por categoria de embarque.,index_archivos/logistica/embarquesController.php:94-178 | index_archivos/logistica/embarquesController.php:238-340 | index_archivos/logistica/CostosClass.php:14-35 | index_archivos/logistica/CostosClass.php:412-480 | index_archivos/logistica/costosController.php:9-24 | index_archivos/logistica/evaluarcosto.php:16-80 | index_archivos/logistica/CostosClass.php:514-540 | index_archivos/logistica/evaluarcosto.php:16-180 | embarquesController.php:129 | embarquesController.php:94-178 | embarquesController.php:238-274 | CostosClass.php:14-24 | costosController.php:9-14 | CostosClass.php:412-427 | CostosClass.php:431-463 | CostosClass.php:467-480 | embarquesController.php:276-294 | embarquesController.php:299-313 | evaluarcosto.php:58-66 | .data_base/asgard.sql:12175-12210,3,1,FLOW_SEMANTIC_INFERENCE_REVIEW_REQUIRED
logistics-quotation-costing,logis_costosconcepto,logis,READ_OR_CONTEXT,"Catalogo o parametro que condiciona reglas, permisos o variantes del flujo.","concepto, tipo",control de acceso/cliente; transicion o bloqueo por estado; regla documental/carga-descarga; calculo financiero/impositivo; persistencia/atomicidad/concurrencia; notificacion o acceso externo,variante cliente pendiente de confirmar; catalogo/semantica pendiente; seguridad/autorizacion sensible,,`logis_costosconcepto` | Conceptos de costos por incoterm/tipo embarque y grupo.,index_archivos/logistica/embarquesController.php:94-178 | index_archivos/logistica/embarquesController.php:238-340 | index_archivos/logistica/CostosClass.php:14-35 | index_archivos/logistica/CostosClass.php:412-480 | index_archivos/logistica/costosController.php:9-24 | index_archivos/logistica/evaluarcosto.php:16-80 | index_archivos/logistica/CostosClass.php:514-540 | index_archivos/logistica/evaluarcosto.php:16-180 | embarquesController.php:129 | embarquesController.php:94-178 | embarquesController.php:238-274 | CostosClass.php:14-24 | costosController.php:9-14 | CostosClass.php:412-427 | CostosClass.php:431-463 | CostosClass.php:467-480 | embarquesController.php:276-294 | embarquesController.php:299-313 | evaluarcosto.php:58-66 | .data_base/asgard.sql:12175-12210,2,0,FLOW_SEMANTIC_INFERENCE_REVIEW_REQUIRED
logistics-quotation-costing,logis_costosdetalles,logis,READ_OR_CONTEXT,Entidad de contexto usada por el flujo para consultar o relacionar informacion de negocio.,concepto,control de acceso/cliente; transicion o bloqueo por estado; regla documental/carga-descarga; calculo financiero/impositivo; persistencia/atomicidad/concurrencia; notificacion o acceso externo,variante cliente pendiente de confirmar; catalogo/semantica pendiente; seguridad/autorizacion sensible,,ASGARD guarda detalle de costos en `logis_costosdetalles`. | `logis_costosdetalles` | Detalle de costos cargado por operador en cotizacion.,index_archivos/logistica/embarquesController.php:94-178 | index_archivos/logistica/embarquesController.php:238-340 | index_archivos/logistica/CostosClass.php:14-35 | index_archivos/logistica/CostosClass.php:412-480 | index_archivos/logistica/costosController.php:9-24 | index_archivos/logistica/evaluarcosto.php:16-80 | index_archivos/logistica/CostosClass.php:514-540 | index_archivos/logistica/evaluarcosto.php:16-180 | embarquesController.php:129 | embarquesController.php:94-178 | embarquesController.php:238-274 | CostosClass.php:14-24 | costosController.php:9-14 | CostosClass.php:412-427 | CostosClass.php:431-463 | CostosClass.php:467-480 | embarquesController.php:276-294 | embarquesController.php:299-313 | evaluarcosto.php:58-66 | .data_base/asgard.sql:12175-12210,1,0,FLOW_SEMANTIC_INFERENCE_REVIEW_REQUIRED
logistics-quotation-costing,logis_costosgrupo,logis,READ_OR_CONTEXT,Entidad de contexto usada por el flujo para consultar o relacionar informacion de negocio.,grupo,control de acceso/cliente; transicion o bloqueo por estado; regla documental/carga-descarga; calculo financiero/impositivo; persistencia/atomicidad/concurrencia; notificacion o acceso externo,variante cliente pendiente de confirmar; catalogo/semantica pendiente; seguridad/autorizacion sensible,,`logis_costosgrupo` | Agrupacion de conceptos en evaluacion.,index_archivos/logistica/embarquesController.php:94-178 | index_archivos/logistica/embarquesController.php:238-340 | index_archivos/logistica/CostosClass.php:14-35 | index_archivos/logistica/CostosClass.php:412-480 | index_archivos/logistica/costosController.php:9-24 | index_archivos/logistica/evaluarcosto.php:16-80 | index_archivos/logistica/CostosClass.php:514-540 | index_archivos/logistica/evaluarcosto.php:16-180 | embarquesController.php:129 | embarquesController.php:94-178 | embarquesController.php:238-274 | CostosClass.php:14-24 | costosController.php:9-14 | CostosClass.php:412-427 | CostosClass.php:431-463 | CostosClass.php:467-480 | embarquesController.php:276-294 | embarquesController.php:299-313 | evaluarcosto.php:58-66 | .data_base/asgard.sql:12175-12210,1,0,FLOW_SEMANTIC_INFERENCE_REVIEW_REQUIRED
logistics-quotation-costing,logis_embarques,logis,READ_OR_CONTEXT,"Entidad documental o soporte usado para validar, adjuntar, generar o descargar evidencias.",cotizacion,control de acceso/cliente; transicion o bloqueo por estado; regla documental/carga-descarga; calculo financiero/impositivo; persistencia/atomicidad/concurrencia; notificacion o acceso externo,variante cliente pendiente de confirmar; catalogo/semantica pendiente; seguridad/autorizacion sensible,,"- Se crean operadores candidatos en `logis_embarquesoperador`. | ASGARD guarda cabecera en `logis_embarques`. | ASGARD guarda operadores candidatos en `logis_embarquesoperador`. | - Adjuntar documento de operador: se guarda archivo y ruta en `logis_embarquesoperador`. | LQC-BR-004 | El acceso de operador a costos se resuelve por token en `logis_embarquesoperador`. | `logis_embarques` | Cabecera de cotizacion/embarque; contiene flag `cotizacion`, incoterm, modalidad, proveedor, carga y vigencia.",index_archivos/logistica/embarquesController.php:94-178 | index_archivos/logistica/embarquesController.php:238-340 | index_archivos/logistica/CostosClass.php:14-35 | index_archivos/logistica/CostosClass.php:412-480 | index_archivos/logistica/costosController.php:9-24 | index_archivos/logistica/evaluarcosto.php:16-80 | index_archivos/logistica/CostosClass.php:514-540 | index_archivos/logistica/evaluarcosto.php:16-180 | embarquesController.php:129 | embarquesController.php:94-178 | embarquesController.php:238-274 | CostosClass.php:14-24 | costosController.php:9-14 | CostosClass.php:412-427 | CostosClass.php:431-463 | CostosClass.php:467-480 | embarquesController.php:276-294 | embarquesController.php:299-313 | evaluarcosto.php:58-66 | .data_base/asgard.sql:12175-12210,25,3,FLOW_SEMANTIC_INFERENCE_REVIEW_REQUIRED
logistics-quotation-costing,logis_embarquesoperador,logis,READ_OR_CONTEXT,"Entidad documental o soporte usado para validar, adjuntar, generar o descargar evidencias.","aceptado, confirmado, enviocot, llenadocot, llenadocotfecha, revisioncot",control de acceso/cliente; transicion o bloqueo por estado; regla documental/carga-descarga; calculo financiero/impositivo; persistencia/atomicidad/concurrencia; notificacion o acceso externo,variante cliente pendiente de confirmar; catalogo/semantica pendiente; seguridad/autorizacion sensible,,- Se crean operadores candidatos en `logis_embarquesoperador`. | ASGARD guarda operadores candidatos en `logis_embarquesoperador`. | - Adjuntar documento de operador: se guarda archivo y ruta en `logis_embarquesoperador`. | LQC-BR-004 | El acceso de operador a costos se resuelve por token en `logis_embarquesoperador`. | `logis_embarquesoperador` | Operadores candidatos y estado de solicitud/costos/aceptacion/confirmacion.,index_archivos/logistica/embarquesController.php:94-178 | index_archivos/logistica/embarquesController.php:238-340 | index_archivos/logistica/CostosClass.php:14-35 | index_archivos/logistica/CostosClass.php:412-480 | index_archivos/logistica/costosController.php:9-24 | index_archivos/logistica/evaluarcosto.php:16-80 | index_archivos/logistica/CostosClass.php:514-540 | index_archivos/logistica/evaluarcosto.php:16-180 | embarquesController.php:129 | embarquesController.php:94-178 | embarquesController.php:238-274 | CostosClass.php:14-24 | costosController.php:9-14 | CostosClass.php:412-427 | CostosClass.php:431-463 | CostosClass.php:467-480 | embarquesController.php:276-294 | embarquesController.php:299-313 | evaluarcosto.php:58-66 | .data_base/asgard.sql:12175-12210,5,1,FLOW_SEMANTIC_INFERENCE_REVIEW_REQUIRED
logistics-quotation-costing,logis_tipocarga,logis,REFERENCE_OR_STATE_CATALOG,"Catalogo o parametro que condiciona reglas, permisos o variantes del flujo.",tipocarga,control de acceso/cliente; transicion o bloqueo por estado; regla documental/carga-descarga; calculo financiero/impositivo; persistencia/atomicidad/concurrencia; notificacion o acceso externo,variante cliente pendiente de confirmar; catalogo/semantica pendiente; seguridad/autorizacion sensible,,`logis_tipocarga` | Tipo de carga y carguio para tramos/costos.,index_archivos/logistica/embarquesController.php:94-178 | index_archivos/logistica/embarquesController.php:238-340 | index_archivos/logistica/CostosClass.php:14-35 | index_archivos/logistica/CostosClass.php:412-480 | index_archivos/logistica/costosController.php:9-24 | index_archivos/logistica/evaluarcosto.php:16-80 | index_archivos/logistica/CostosClass.php:514-540 | index_archivos/logistica/evaluarcosto.php:16-180 | embarquesController.php:129 | embarquesController.php:94-178 | embarquesController.php:238-274 | CostosClass.php:14-24 | costosController.php:9-14 | CostosClass.php:412-427 | CostosClass.php:431-463 | CostosClass.php:467-480 | embarquesController.php:276-294 | embarquesController.php:299-313 | evaluarcosto.php:58-66 | .data_base/asgard.sql:12175-12210,6,0,FLOW_SEMANTIC_INFERENCE_REVIEW_REQUIRED
logistics-quotation-costing,logis_tipomercancia,logis,REFERENCE_OR_STATE_CATALOG,"Catalogo o parametro que condiciona reglas, permisos o variantes del flujo.",tipomercancia,control de acceso/cliente; transicion o bloqueo por estado; regla documental/carga-descarga; calculo financiero/impositivo; persistencia/atomicidad/concurrencia; notificacion o acceso externo,variante cliente pendiente de confirmar; catalogo/semantica pendiente; seguridad/autorizacion sensible,,"`logis_tipomercancia`, `logis_tipomercanciaclase`, `logis_tipomercanciaun` | Tipo, clase y unidad de mercancia usada en cotizacion/embarque.",index_archivos/logistica/embarquesController.php:94-178 | index_archivos/logistica/embarquesController.php:238-340 | index_archivos/logistica/CostosClass.php:14-35 | index_archivos/logistica/CostosClass.php:412-480 | index_archivos/logistica/costosController.php:9-24 | index_archivos/logistica/evaluarcosto.php:16-80 | index_archivos/logistica/CostosClass.php:514-540 | index_archivos/logistica/evaluarcosto.php:16-180 | embarquesController.php:129 | embarquesController.php:94-178 | embarquesController.php:238-274 | CostosClass.php:14-24 | costosController.php:9-14 | CostosClass.php:412-427 | CostosClass.php:431-463 | CostosClass.php:467-480 | embarquesController.php:276-294 | embarquesController.php:299-313 | evaluarcosto.php:58-66 | .data_base/asgard.sql:12175-12210,7,0,FLOW_SEMANTIC_INFERENCE_REVIEW_REQUIRED
logistics-quotation-costing,logis_tipomercanciaclase,logis,REFERENCE_OR_STATE_CATALOG,"Catalogo o parametro que condiciona reglas, permisos o variantes del flujo.",,control de acceso/cliente; transicion o bloqueo por estado; regla documental/carga-descarga; calculo financiero/impositivo; persistencia/atomicidad/concurrencia; notificacion o acceso externo,variante cliente pendiente de confirmar; catalogo/semantica pendiente; seguridad/autorizacion sensible,,"`logis_tipomercancia`, `logis_tipomercanciaclase`, `logis_tipomercanciaun` | Tipo, clase y unidad de mercancia usada en cotizacion/embarque.",index_archivos/logistica/embarquesController.php:94-178 | index_archivos/logistica/embarquesController.php:238-340 | index_archivos/logistica/CostosClass.php:14-35 | index_archivos/logistica/CostosClass.php:412-480 | index_archivos/logistica/costosController.php:9-24 | index_archivos/logistica/evaluarcosto.php:16-80 | index_archivos/logistica/CostosClass.php:514-540 | index_archivos/logistica/evaluarcosto.php:16-180 | embarquesController.php:129 | embarquesController.php:94-178 | embarquesController.php:238-274 | CostosClass.php:14-24 | costosController.php:9-14 | CostosClass.php:412-427 | CostosClass.php:431-463 | CostosClass.php:467-480 | embarquesController.php:276-294 | embarquesController.php:299-313 | evaluarcosto.php:58-66 | .data_base/asgard.sql:12175-12210,4,0,FLOW_SEMANTIC_INFERENCE_REVIEW_REQUIRED
logistics-quotation-costing,logis_tipomercanciaun,logis,REFERENCE_OR_STATE_CATALOG,"Catalogo o parametro que condiciona reglas, permisos o variantes del flujo.",,control de acceso/cliente; transicion o bloqueo por estado; regla documental/carga-descarga; calculo financiero/impositivo; persistencia/atomicidad/concurrencia; notificacion o acceso externo,variante cliente pendiente de confirmar; catalogo/semantica pendiente; seguridad/autorizacion sensible,,"`logis_tipomercancia`, `logis_tipomercanciaclase`, `logis_tipomercanciaun` | Tipo, clase y unidad de mercancia usada en cotizacion/embarque.",index_archivos/logistica/embarquesController.php:94-178 | index_archivos/logistica/embarquesController.php:238-340 | index_archivos/logistica/CostosClass.php:14-35 | index_archivos/logistica/CostosClass.php:412-480 | index_archivos/logistica/costosController.php:9-24 | index_archivos/logistica/evaluarcosto.php:16-80 | index_archivos/logistica/CostosClass.php:514-540 | index_archivos/logistica/evaluarcosto.php:16-180 | embarquesController.php:129 | embarquesController.php:94-178 | embarquesController.php:238-274 | CostosClass.php:14-24 | costosController.php:9-14 | CostosClass.php:412-427 | CostosClass.php:431-463 | CostosClass.php:467-480 | embarquesController.php:276-294 | embarquesController.php:299-313 | evaluarcosto.php:58-66 | .data_base/asgard.sql:12175-12210,4,0,FLOW_SEMANTIC_INFERENCE_REVIEW_REQUIRED
logistics-quotation-costing,tck_lugaresentregacarga,tck,READ_OR_CONTEXT,Entidad de contexto usada por el flujo para consultar o relacionar informacion de negocio.,descripcion,control de acceso/cliente; transicion o bloqueo por estado; regla documental/carga-descarga; calculo financiero/impositivo; persistencia/atomicidad/concurrencia; notificacion o acceso externo,variante cliente pendiente de confirmar; catalogo/semantica pendiente; seguridad/autorizacion sensible,,`tck_lugaresentregacarga` | Lugar de entrega/carga usado en tramos.,index_archivos/logistica/embarquesController.php:94-178 | index_archivos/logistica/embarquesController.php:238-340 | index_archivos/logistica/CostosClass.php:14-35 | index_archivos/logistica/CostosClass.php:412-480 | index_archivos/logistica/costosController.php:9-24 | index_archivos/logistica/evaluarcosto.php:16-80 | index_archivos/logistica/CostosClass.php:514-540 | index_archivos/logistica/evaluarcosto.php:16-180 | embarquesController.php:129 | embarquesController.php:94-178 | embarquesController.php:238-274 | CostosClass.php:14-24 | costosController.php:9-14 | CostosClass.php:412-427 | CostosClass.php:431-463 | CostosClass.php:467-480 | embarquesController.php:276-294 | embarquesController.php:299-313 | evaluarcosto.php:58-66 | .data_base/asgard.sql:12175-12210,5,0,FLOW_SEMANTIC_INFERENCE_REVIEW_REQUIRED
logistics-route-trip-assignment-management,dav_aerolineas,dav,REPORTING_READ_MODEL,Entidad de contexto usada por el flujo para consultar o relacionar informacion de negocio.,aerolinea,control de acceso/cliente; transicion o bloqueo por estado; regla documental/carga-descarga; calculo financiero/impositivo; persistencia/atomicidad/concurrencia,SQL construido dinamicamente; variante cliente pendiente de confirmar; catalogo/semantica pendiente; seguridad/autorizacion sensible,,"| `dav_pais`, `dav_localidad`, `dav_modotransporte`, `dav_aerolineas`, `dav_navieras`, `dav_clientetransportista` | ## Datos de entrada",index_archivos/logistica/componentes/embarques_rutas.php:1-75 | index_archivos/logistica/ajax/listaRutas.php:12-83 | index_archivos/logistica/js/datosEmbarques.js:2680-2718 | index_archivos/logistica/ajax/guardarRuta.php:12-33 | index_archivos/logistica/EmbarqueClass.php:672-735 | index_archivos/logistica/js/datosEmbarques.js:3438-3464 | index_archivos/logistica/ajax/eliminar-ruta.php:1-8 | index_archivos/logistica/EmbarqueClass.php:936-948 | index_archivos/logistica/ajax/asignar-viaje-embarque.php:1-9 | index_archivos/logistica/ViajesClass.php:293-305 | index_archivos/logistica/ajax/eliminarviaje.php:1-6 | index_archivos/logistica/EmbarqueClass.php:1611-1614 | .data_base/asgard.sql:12376-12402 | .data_base/asgard.sql:16140-16160 | embarques_rutas.php:1-18 | listaRutas.php:12-22 | embarques_rutas.php:10-19 | listaRutas.php:20-63 | EmbarqueClass.php:700-701 | guardarRuta.php:12-33,2,0,FLOW_SEMANTIC_INFERENCE_REVIEW_REQUIRED
logistics-route-trip-assignment-management,dav_clientetransportista,dav,REPORTING_READ_MODEL,Entidad de contexto usada por el flujo para consultar o relacionar informacion de negocio.,"created_at, deleted_at, deleted_by, estado, idclientetransportista, updated_at",control de acceso/cliente; transicion o bloqueo por estado; regla documental/carga-descarga; calculo financiero/impositivo; persistencia/atomicidad/concurrencia,SQL construido dinamicamente; variante cliente pendiente de confirmar; catalogo/semantica pendiente; seguridad/autorizacion sensible,,"| `dav_pais`, `dav_localidad`, `dav_modotransporte`, `dav_aerolineas`, `dav_navieras`, `dav_clientetransportista` | ## Datos de entrada",index_archivos/logistica/componentes/embarques_rutas.php:1-75 | index_archivos/logistica/ajax/listaRutas.php:12-83 | index_archivos/logistica/js/datosEmbarques.js:2680-2718 | index_archivos/logistica/ajax/guardarRuta.php:12-33 | index_archivos/logistica/EmbarqueClass.php:672-735 | index_archivos/logistica/js/datosEmbarques.js:3438-3464 | index_archivos/logistica/ajax/eliminar-ruta.php:1-8 | index_archivos/logistica/EmbarqueClass.php:936-948 | index_archivos/logistica/ajax/asignar-viaje-embarque.php:1-9 | index_archivos/logistica/ViajesClass.php:293-305 | index_archivos/logistica/ajax/eliminarviaje.php:1-6 | index_archivos/logistica/EmbarqueClass.php:1611-1614 | .data_base/asgard.sql:12376-12402 | .data_base/asgard.sql:16140-16160 | embarques_rutas.php:1-18 | listaRutas.php:12-22 | embarques_rutas.php:10-19 | listaRutas.php:20-63 | EmbarqueClass.php:700-701 | guardarRuta.php:12-33,11,2,FLOW_SEMANTIC_INFERENCE_REVIEW_REQUIRED
logistics-route-trip-assignment-management,dav_clienteusuariospermisos,dav,REPORTING_READ_MODEL,"Catalogo o parametro que condiciona reglas, permisos o variantes del flujo.","escritura, idclienteusuarios, idreportescliente",control de acceso/cliente; transicion o bloqueo por estado; regla documental/carga-descarga; calculo financiero/impositivo; persistencia/atomicidad/concurrencia,SQL construido dinamicamente; variante cliente pendiente de confirmar; catalogo/semantica pendiente; seguridad/autorizacion sensible,,`dav_clienteusuariospermisos` | Control de escritura sobre rutas.,index_archivos/logistica/componentes/embarques_rutas.php:1-75 | index_archivos/logistica/ajax/listaRutas.php:12-83 | index_archivos/logistica/js/datosEmbarques.js:2680-2718 | index_archivos/logistica/ajax/guardarRuta.php:12-33 | index_archivos/logistica/EmbarqueClass.php:672-735 | index_archivos/logistica/js/datosEmbarques.js:3438-3464 | index_archivos/logistica/ajax/eliminar-ruta.php:1-8 | index_archivos/logistica/EmbarqueClass.php:936-948 | index_archivos/logistica/ajax/asignar-viaje-embarque.php:1-9 | index_archivos/logistica/ViajesClass.php:293-305 | index_archivos/logistica/ajax/eliminarviaje.php:1-6 | index_archivos/logistica/EmbarqueClass.php:1611-1614 | .data_base/asgard.sql:12376-12402 | .data_base/asgard.sql:16140-16160 | embarques_rutas.php:1-18 | listaRutas.php:12-22 | embarques_rutas.php:10-19 | listaRutas.php:20-63 | EmbarqueClass.php:700-701 | guardarRuta.php:12-33,3,0,FLOW_SEMANTIC_INFERENCE_REVIEW_REQUIRED
logistics-route-trip-assignment-management,dav_localidad,dav,REPORTING_READ_MODEL,Entidad de contexto usada por el flujo para consultar o relacionar informacion de negocio.,localidad,control de acceso/cliente; transicion o bloqueo por estado; regla documental/carga-descarga; calculo financiero/impositivo; persistencia/atomicidad/concurrencia,SQL construido dinamicamente; variante cliente pendiente de confirmar; catalogo/semantica pendiente; seguridad/autorizacion sensible,,"| `dav_pais`, `dav_localidad`, `dav_modotransporte`, `dav_aerolineas`, `dav_navieras`, `dav_clientetransportista` | ## Datos de entrada",index_archivos/logistica/componentes/embarques_rutas.php:1-75 | index_archivos/logistica/ajax/listaRutas.php:12-83 | index_archivos/logistica/js/datosEmbarques.js:2680-2718 | index_archivos/logistica/ajax/guardarRuta.php:12-33 | index_archivos/logistica/EmbarqueClass.php:672-735 | index_archivos/logistica/js/datosEmbarques.js:3438-3464 | index_archivos/logistica/ajax/eliminar-ruta.php:1-8 | index_archivos/logistica/EmbarqueClass.php:936-948 | index_archivos/logistica/ajax/asignar-viaje-embarque.php:1-9 | index_archivos/logistica/ViajesClass.php:293-305 | index_archivos/logistica/ajax/eliminarviaje.php:1-6 | index_archivos/logistica/EmbarqueClass.php:1611-1614 | .data_base/asgard.sql:12376-12402 | .data_base/asgard.sql:16140-16160 | embarques_rutas.php:1-18 | listaRutas.php:12-22 | embarques_rutas.php:10-19 | listaRutas.php:20-63 | EmbarqueClass.php:700-701 | guardarRuta.php:12-33,9,0,FLOW_SEMANTIC_INFERENCE_REVIEW_REQUIRED
logistics-route-trip-assignment-management,dav_modotransporte,dav,REPORTING_READ_MODEL,Entidad de contexto usada por el flujo para consultar o relacionar informacion de negocio.,idmodotransporte,control de acceso/cliente; transicion o bloqueo por estado; regla documental/carga-descarga; calculo financiero/impositivo; persistencia/atomicidad/concurrencia,SQL construido dinamicamente; variante cliente pendiente de confirmar; catalogo/semantica pendiente; seguridad/autorizacion sensible,,"| `dav_pais`, `dav_localidad`, `dav_modotransporte`, `dav_aerolineas`, `dav_navieras`, `dav_clientetransportista` | ## Datos de entrada",index_archivos/logistica/componentes/embarques_rutas.php:1-75 | index_archivos/logistica/ajax/listaRutas.php:12-83 | index_archivos/logistica/js/datosEmbarques.js:2680-2718 | index_archivos/logistica/ajax/guardarRuta.php:12-33 | index_archivos/logistica/EmbarqueClass.php:672-735 | index_archivos/logistica/js/datosEmbarques.js:3438-3464 | index_archivos/logistica/ajax/eliminar-ruta.php:1-8 | index_archivos/logistica/EmbarqueClass.php:936-948 | index_archivos/logistica/ajax/asignar-viaje-embarque.php:1-9 | index_archivos/logistica/ViajesClass.php:293-305 | index_archivos/logistica/ajax/eliminarviaje.php:1-6 | index_archivos/logistica/EmbarqueClass.php:1611-1614 | .data_base/asgard.sql:12376-12402 | .data_base/asgard.sql:16140-16160 | embarques_rutas.php:1-18 | listaRutas.php:12-22 | embarques_rutas.php:10-19 | listaRutas.php:20-63 | EmbarqueClass.php:700-701 | guardarRuta.php:12-33,4,0,FLOW_SEMANTIC_INFERENCE_REVIEW_REQUIRED
logistics-route-trip-assignment-management,dav_navieras,dav,REPORTING_READ_MODEL,Entidad de contexto usada por el flujo para consultar o relacionar informacion de negocio.,naviera,control de acceso/cliente; transicion o bloqueo por estado; regla documental/carga-descarga; calculo financiero/impositivo; persistencia/atomicidad/concurrencia,SQL construido dinamicamente; variante cliente pendiente de confirmar; catalogo/semantica pendiente; seguridad/autorizacion sensible,,"| `dav_pais`, `dav_localidad`, `dav_modotransporte`, `dav_aerolineas`, `dav_navieras`, `dav_clientetransportista` | ## Datos de entrada",index_archivos/logistica/componentes/embarques_rutas.php:1-75 | index_archivos/logistica/ajax/listaRutas.php:12-83 | index_archivos/logistica/js/datosEmbarques.js:2680-2718 | index_archivos/logistica/ajax/guardarRuta.php:12-33 | index_archivos/logistica/EmbarqueClass.php:672-735 | index_archivos/logistica/js/datosEmbarques.js:3438-3464 | index_archivos/logistica/ajax/eliminar-ruta.php:1-8 | index_archivos/logistica/EmbarqueClass.php:936-948 | index_archivos/logistica/ajax/asignar-viaje-embarque.php:1-9 | index_archivos/logistica/ViajesClass.php:293-305 | index_archivos/logistica/ajax/eliminarviaje.php:1-6 | index_archivos/logistica/EmbarqueClass.php:1611-1614 | .data_base/asgard.sql:12376-12402 | .data_base/asgard.sql:16140-16160 | embarques_rutas.php:1-18 | listaRutas.php:12-22 | embarques_rutas.php:10-19 | listaRutas.php:20-63 | EmbarqueClass.php:700-701 | guardarRuta.php:12-33,2,0,FLOW_SEMANTIC_INFERENCE_REVIEW_REQUIRED
logistics-route-trip-assignment-management,dav_pais,dav,REPORTING_READ_MODEL,Entidad de contexto usada por el flujo para consultar o relacionar informacion de negocio.,pais,control de acceso/cliente; transicion o bloqueo por estado; regla documental/carga-descarga; calculo financiero/impositivo; persistencia/atomicidad/concurrencia,SQL construido dinamicamente; variante cliente pendiente de confirmar; catalogo/semantica pendiente; seguridad/autorizacion sensible,,"| `dav_pais`, `dav_localidad`, `dav_modotransporte`, `dav_aerolineas`, `dav_navieras`, `dav_clientetransportista` | ## Datos de entrada",index_archivos/logistica/componentes/embarques_rutas.php:1-75 | index_archivos/logistica/ajax/listaRutas.php:12-83 | index_archivos/logistica/js/datosEmbarques.js:2680-2718 | index_archivos/logistica/ajax/guardarRuta.php:12-33 | index_archivos/logistica/EmbarqueClass.php:672-735 | index_archivos/logistica/js/datosEmbarques.js:3438-3464 | index_archivos/logistica/ajax/eliminar-ruta.php:1-8 | index_archivos/logistica/EmbarqueClass.php:936-948 | index_archivos/logistica/ajax/asignar-viaje-embarque.php:1-9 | index_archivos/logistica/ViajesClass.php:293-305 | index_archivos/logistica/ajax/eliminarviaje.php:1-6 | index_archivos/logistica/EmbarqueClass.php:1611-1614 | .data_base/asgard.sql:12376-12402 | .data_base/asgard.sql:16140-16160 | embarques_rutas.php:1-18 | listaRutas.php:12-22 | embarques_rutas.php:10-19 | listaRutas.php:20-63 | EmbarqueClass.php:700-701 | guardarRuta.php:12-33,17,0,FLOW_SEMANTIC_INFERENCE_REVIEW_REQUIRED
logistics-route-trip-assignment-management,logis_embarques,logis,REPORTING_READ_MODEL,"Entidad documental o soporte usado para validar, adjuntar, generar o descargar evidencias.","created_at, deleted_at, fecha_finalizacion, id, idusuario, updated_at",control de acceso/cliente; transicion o bloqueo por estado; regla documental/carga-descarga; calculo financiero/impositivo; persistencia/atomicidad/concurrencia,SQL construido dinamicamente; variante cliente pendiente de confirmar; catalogo/semantica pendiente; seguridad/autorizacion sensible,,- Bloqueo de alta/eliminacion cuando `logis_embarques.fecha_finalizacion` esta informada. | ASGARD | Persiste rutas en `logis_embarquesrutas` y vincula viajes TCK al embarque. | Nueva fila en `logis_embarquesrutas`. | - `deleted_at` en `logis_embarquesrutas` al eliminar ruta. | `EmbarqueClass::guardarRutaEmbarque` inserta en `logis_embarquesrutas`. | `logis_embarques` | Controla si el embarque esta abierto o finalizado.,index_archivos/logistica/componentes/embarques_rutas.php:1-75 | index_archivos/logistica/ajax/listaRutas.php:12-83 | index_archivos/logistica/js/datosEmbarques.js:2680-2718 | index_archivos/logistica/ajax/guardarRuta.php:12-33 | index_archivos/logistica/EmbarqueClass.php:672-735 | index_archivos/logistica/js/datosEmbarques.js:3438-3464 | index_archivos/logistica/ajax/eliminar-ruta.php:1-8 | index_archivos/logistica/EmbarqueClass.php:936-948 | index_archivos/logistica/ajax/asignar-viaje-embarque.php:1-9 | index_archivos/logistica/ViajesClass.php:293-305 | index_archivos/logistica/ajax/eliminarviaje.php:1-6 | index_archivos/logistica/EmbarqueClass.php:1611-1614 | .data_base/asgard.sql:12376-12402 | .data_base/asgard.sql:16140-16160 | embarques_rutas.php:1-18 | listaRutas.php:12-22 | embarques_rutas.php:10-19 | listaRutas.php:20-63 | EmbarqueClass.php:700-701 | guardarRuta.php:12-33,25,3,FLOW_SEMANTIC_INFERENCE_REVIEW_REQUIRED
logistics-route-trip-assignment-management,logis_embarquesrutas,logis,CREATE_AND_UPDATE,Entidad transaccional modificada por el flujo; sus cambios deben caracterizarse antes de refactor.,"created_at, deleted_at, ferroviaria, id, idaerolinea, idclientetransportista, idembarque, idmodotransporte, idnaviera, idrutaarribo, idrutadestino, idrutaorigen, idrutasalida, idusuario, rutaarribo, rutadestino, rutafechaarribo, rutafechasalida, rutaorigen, rutasalida, rutatt, updated_at",control de acceso/cliente; transicion o bloqueo por estado; regla documental/carga-descarga; calculo financiero/impositivo; persistencia/atomicidad/concurrencia,SQL construido dinamicamente; variante cliente pendiente de confirmar; catalogo/semantica pendiente; seguridad/autorizacion sensible,"INSERT INTO, UPDATE",ASGARD | Persiste rutas en `logis_embarquesrutas` y vincula viajes TCK al embarque. | Nueva fila en `logis_embarquesrutas`. | - `deleted_at` en `logis_embarquesrutas` al eliminar ruta. | `.data_base/asgard.sql:12376-12402` | Esquema de `logis_embarquesrutas`. | `EmbarqueClass::guardarRutaEmbarque` inserta en `logis_embarquesrutas`. | `logis_embarquesrutas` | Ruta planificada/registrada del embarque.,index_archivos/logistica/componentes/embarques_rutas.php:1-75 | index_archivos/logistica/ajax/listaRutas.php:12-83 | index_archivos/logistica/js/datosEmbarques.js:2680-2718 | index_archivos/logistica/ajax/guardarRuta.php:12-33 | index_archivos/logistica/EmbarqueClass.php:672-735 | index_archivos/logistica/js/datosEmbarques.js:3438-3464 | index_archivos/logistica/ajax/eliminar-ruta.php:1-8 | index_archivos/logistica/EmbarqueClass.php:936-948 | index_archivos/logistica/ajax/asignar-viaje-embarque.php:1-9 | index_archivos/logistica/ViajesClass.php:293-305 | index_archivos/logistica/ajax/eliminarviaje.php:1-6 | index_archivos/logistica/EmbarqueClass.php:1611-1614 | .data_base/asgard.sql:12376-12402 | .data_base/asgard.sql:16140-16160 | embarques_rutas.php:1-18 | listaRutas.php:12-22 | embarques_rutas.php:10-19 | listaRutas.php:20-63 | EmbarqueClass.php:700-701 | guardarRuta.php:12-33,2,1,FLOW_SEMANTIC_INFERENCE_REVIEW_REQUIRED
logistics-route-trip-assignment-management,tck_asignacion_viaje,tck,UPDATE,Entidad transaccional modificada por el flujo; sus cambios deben caracterizarse antes de refactor.,"alcance, created_at, deleted_at, deleted_by, embarque_id, estado, id, modalidad, numero_orden, operador_id, referencia, updated_at",control de acceso/cliente; transicion o bloqueo por estado; regla documental/carga-descarga; calculo financiero/impositivo; persistencia/atomicidad/concurrencia,SQL construido dinamicamente; variante cliente pendiente de confirmar; catalogo/semantica pendiente; seguridad/autorizacion sensible,UPDATE,- `tck_asignacion_viaje.embarque_id` actualizado al recuperar/asignar viaje. | - `tck_asignacion_viaje.deleted_at` y `deleted_by` al retirar viaje. | `index_archivos/logistica/ViajesClass.php:293-305` | Actualiza `tck_asignacion_viaje.embarque_id`. | `.data_base/asgard.sql:16140-16160` | Esquema de `tck_asignacion_viaje`. | `asignar-viaje-embarque.php` actualiza `tck_asignacion_viaje.embarque_id`. | BR-LRTAM-007 | Recuperar/asignar viaje escribe el id de embarque en `tck_asignacion_viaje`.,index_archivos/logistica/componentes/embarques_rutas.php:1-75 | index_archivos/logistica/ajax/listaRutas.php:12-83 | index_archivos/logistica/js/datosEmbarques.js:2680-2718 | index_archivos/logistica/ajax/guardarRuta.php:12-33 | index_archivos/logistica/EmbarqueClass.php:672-735 | index_archivos/logistica/js/datosEmbarques.js:3438-3464 | index_archivos/logistica/ajax/eliminar-ruta.php:1-8 | index_archivos/logistica/EmbarqueClass.php:936-948 | index_archivos/logistica/ajax/asignar-viaje-embarque.php:1-9 | index_archivos/logistica/ViajesClass.php:293-305 | index_archivos/logistica/ajax/eliminarviaje.php:1-6 | index_archivos/logistica/EmbarqueClass.php:1611-1614 | .data_base/asgard.sql:12376-12402 | .data_base/asgard.sql:16140-16160 | embarques_rutas.php:1-18 | listaRutas.php:12-22 | embarques_rutas.php:10-19 | listaRutas.php:20-63 | EmbarqueClass.php:700-701 | guardarRuta.php:12-33,6,2,FLOW_SEMANTIC_INFERENCE_REVIEW_REQUIRED
logistics-shipment-cost-capture-control,dav_casosprevios,dav,REPORTING_READ_MODEL,"Entidad documental o soporte usado para validar, adjuntar, generar o descargar evidencias.","idcasosprevios, iddivisa, idembarquelogis",control de acceso/cliente; transicion o bloqueo por estado; regla documental/carga-descarga; calculo financiero/impositivo; persistencia/atomicidad/concurrencia,SQL construido dinamicamente; atomicidad/concurrencia pendiente; variante cliente pendiente de confirmar; catalogo/semantica pendiente; seguridad/autorizacion sensible,,`dav_casosprevios` | Enlace entre embarque y documentos/casos previos.,index_archivos/logistica/frames/costos.php:45-69 | index_archivos/logistica/componentes/costos/costos.js:1-205 | index_archivos/logistica/componentes/costos/card-component.js:1-157 | index_archivos/logistica/ajax/guardar-costos.php:1-8 | index_archivos/logistica/CostosClass.php:572-699 | index_archivos/logistica/CostosClass.php:705-790 | .data_base/asgard.sql:11891-11990 | index_archivos/logistica/ajax/finalizar-embarque.php:29-67 | EV-SQL_QUERY-85B23A1F6B1886 .data_base/asgard.sql:17773 READS access to dav_casosprevios | EV-SQL_QUERY-510EF36FB05331 .data_base/asgard.sql:17893 READS access to dav_casosprevios | EV-SQL_QUERY-D9DF6CBD08D688 .data_base/asgard.sql:17917 READS access to dav_casosprevios | EV-SQL_QUERY-1EE354C2A5DD75 .data_base/asgard.sql:17941 READS access to dav_casosprevios | EV-SQL_QUERY-2D87C35537BA0A .data_base/asgard.sql:18276 READS access to dav_casosprevios | EV-SQL_QUERY-ACBC7014B44145 .data_base/asgard.sql:27550 READS access to dav_casosprevios | EV-SQL_QUERY-9E53765A441113 .data_base/asgard.sql:27576 READS access to dav_casosprevios | EV-SQL_QUERY-ECB9B94D5BA8BD .data_base/asgard.sql:27586 READS access to dav_casosprevios | EV-SQL_QUERY-355981AEFA7039 .data_base/asgard.sql:27984 READS access to dav_casosprevios | EV-SQL_QUERY-FF4C0CD0FF8DE3 .data_base/asgard.sql:28508 READS access to dav_casosprevios | EV-SQL_QUERY-099D8F5CFA3496 .data_base/asgard.sql:28528 READS access to dav_casosprevios | EV-SQL_QUERY-16ECEF1D5705A0 .data_base/asgard.sql:28548 READS access to dav_casosprevios,22,3,FLOW_SEMANTIC_INFERENCE_REVIEW_REQUIRED
logistics-shipment-cost-capture-control,dav_divisa,dav,REPORTING_READ_MODEL,Entidad de contexto usada por el flujo para consultar o relacionar informacion de negocio.,"codigo, divisa, iddivisa",control de acceso/cliente; transicion o bloqueo por estado; regla documental/carga-descarga; calculo financiero/impositivo; persistencia/atomicidad/concurrencia,SQL construido dinamicamente; atomicidad/concurrencia pendiente; variante cliente pendiente de confirmar; catalogo/semantica pendiente; seguridad/autorizacion sensible,,- Moneda desde `dav_divisa`. | `dav_divisa` | Monedas seleccionables.,index_archivos/logistica/frames/costos.php:45-69 | index_archivos/logistica/componentes/costos/costos.js:1-205 | index_archivos/logistica/componentes/costos/card-component.js:1-157 | index_archivos/logistica/ajax/guardar-costos.php:1-8 | index_archivos/logistica/CostosClass.php:572-699 | index_archivos/logistica/CostosClass.php:705-790 | .data_base/asgard.sql:11891-11990 | index_archivos/logistica/ajax/finalizar-embarque.php:29-67 | EV-SQL_QUERY-A6C9CF73493086 .data_base/asgard.sql:32631 READS access to dav_divisa | EV-SQL_QUERY-27BB425A950534 .data_base/asgard.sql:34262 READS access to dav_divisa | EV-SQL_QUERY-E21978DADDA28F .data_base/asgard.sql:35393 READS access to dav_divisa | EV-SQL_QUERY-6ECC3024AC2729 .data_base/asgard.sql:36531 READS access to dav_divisa | EV-SQL_QUERY-2D7AA724E70B78 .data_base/asgard.sql:41324 READS access to dav_divisa | EV-SQL_QUERY-DCDE6517B50441 .data_base/asgard.sql:45559 READS access to dav_divisa | EV-SQL_QUERY-1846C077D34638 index_archivos/controllers/GlobalClass.php:256 READS access to dav_divisa | EV-SQL_QUERY-DBFD9F26295B63 index_archivos/logistica/CostosClass.php:660 READS access to dav_divisa | EV-SQL_QUERY-3E938DB5484EF4 index_archivos/logistica/CostosClass.php:782 READS access to dav_divisa,3,0,FLOW_SEMANTIC_INFERENCE_REVIEW_REQUIRED
logistics-shipment-cost-capture-control,dav_documentos,dav,REPORTING_READ_MODEL,"Entidad documental o soporte usado para validar, adjuntar, generar o descargar evidencias.","iddivisa, idtipodocumento, importe",control de acceso/cliente; transicion o bloqueo por estado; regla documental/carga-descarga; calculo financiero/impositivo; persistencia/atomicidad/concurrencia,SQL construido dinamicamente; atomicidad/concurrencia pendiente; variante cliente pendiente de confirmar; catalogo/semantica pendiente; seguridad/autorizacion sensible,,`dav_documentos` | Fuente de costo automatico de mercancia.,index_archivos/logistica/frames/costos.php:45-69 | index_archivos/logistica/componentes/costos/costos.js:1-205 | index_archivos/logistica/componentes/costos/card-component.js:1-157 | index_archivos/logistica/ajax/guardar-costos.php:1-8 | index_archivos/logistica/CostosClass.php:572-699 | index_archivos/logistica/CostosClass.php:705-790 | .data_base/asgard.sql:11891-11990 | index_archivos/logistica/ajax/finalizar-embarque.php:29-67 | EV-SQL_QUERY-3022DF1C6F2AF1 .data_base/asgard.sql:27310 READS access to dav_documentos | EV-SQL_QUERY-0BDD5A9064DD2D .data_base/asgard.sql:27328 READS access to dav_documentos | EV-SQL_QUERY-D3CFF6D4BE82D8 .data_base/asgard.sql:27362 READS access to dav_documentos | EV-SQL_QUERY-17AFB553765DFF .data_base/asgard.sql:28652 READS access to dav_documentos | EV-SQL_QUERY-B2768B1BD8685D .data_base/asgard.sql:28693 READS access to dav_documentos | EV-SQL_QUERY-583847723BFE99 .data_base/asgard.sql:28710 READS access to dav_documentos | EV-SQL_QUERY-AEEFDA43E1988F .data_base/asgard.sql:28727 READS access to dav_documentos | EV-SQL_QUERY-B45187DD0E0DFA .data_base/asgard.sql:28744 READS access to dav_documentos | EV-SQL_QUERY-EB5113A2C62817 .data_base/asgard.sql:28768 READS access to dav_documentos | EV-SQL_QUERY-4DB286B1AE16A1 .data_base/asgard.sql:28785 READS access to dav_documentos | EV-SQL_QUERY-7F481FAD20184B .data_base/asgard.sql:29010 READS access to dav_documentos | EV-SQL_QUERY-4C5C795FB65FFD .data_base/asgard.sql:30899 READS access to dav_documentos,5,1,FLOW_SEMANTIC_INFERENCE_REVIEW_REQUIRED
logistics-shipment-cost-capture-control,logis_categorias_costos,logis,REPORTING_READ_MODEL,"Catalogo o parametro que condiciona reglas, permisos o variantes del flujo.","categoria, deleted_at, id",control de acceso/cliente; transicion o bloqueo por estado; regla documental/carga-descarga; calculo financiero/impositivo; persistencia/atomicidad/concurrencia,SQL construido dinamicamente; atomicidad/concurrencia pendiente; variante cliente pendiente de confirmar; catalogo/semantica pendiente; seguridad/autorizacion sensible,,- Categorias de `logis_categorias_costos`. | `logis_categorias_costos` | Catalogo de categorias.,index_archivos/logistica/frames/costos.php:45-69 | index_archivos/logistica/componentes/costos/costos.js:1-205 | index_archivos/logistica/componentes/costos/card-component.js:1-157 | index_archivos/logistica/ajax/guardar-costos.php:1-8 | index_archivos/logistica/CostosClass.php:572-699 | index_archivos/logistica/CostosClass.php:705-790 | .data_base/asgard.sql:11891-11990 | index_archivos/logistica/ajax/finalizar-embarque.php:29-67 | EV-SQL_QUERY-D57940A8174DAF index_archivos/logistica/CostosClass.php:559 READS access to logis_categorias_costos | EV-SQL_QUERY-F6E40019BD7EF7 index_archivos/logistica/CostosClass.php:607 READS access to logis_categorias_costos,1,0,FLOW_SEMANTIC_INFERENCE_REVIEW_REQUIRED
logistics-shipment-cost-capture-control,logis_costos,logis,CREATE_AND_UPDATE,Entidad transaccional modificada por el flujo; sus cambios deben caracterizarse antes de refactor.,"categoria_id, categoria_otro, created_by, deleted_at, embarque_id, id, moneda, total_costos",control de acceso/cliente; transicion o bloqueo por estado; regla documental/carga-descarga; calculo financiero/impositivo; persistencia/atomicidad/concurrencia,SQL construido dinamicamente; atomicidad/concurrencia pendiente; variante cliente pendiente de confirmar; catalogo/semantica pendiente; seguridad/autorizacion sensible,"DELETE FROM, INSERT INTO, UPDATE",Flujo historico de cotizacion de operador basado en `logis_costosdetalles`. | - Conceptos de `logis_costos_concepto`. | Registros en `logis_costos`. | - Registros en `logis_costos_detalle`. | ASGARD inserta nuevas cabeceras en `logis_costos`. | ASGARD inserta conceptos en `logis_costos_detalle`.,index_archivos/logistica/frames/costos.php:45-69 | index_archivos/logistica/componentes/costos/costos.js:1-205 | index_archivos/logistica/componentes/costos/card-component.js:1-157 | index_archivos/logistica/ajax/guardar-costos.php:1-8 | index_archivos/logistica/CostosClass.php:572-699 | index_archivos/logistica/CostosClass.php:705-790 | .data_base/asgard.sql:11891-11990 | index_archivos/logistica/ajax/finalizar-embarque.php:29-67 | EV-SQL_QUERY-24EF80A2E3BF9B .data_base/asgard.sql:27781 READS access to logis_costos | EV-SQL_QUERY-BA8C2134CCFFE0 .data_base/asgard.sql:27782 READS access to logis_costos_detalle | EV-SQL_QUERY-80310364A64768 .data_base/asgard.sql:27787 READS access to logis_costos | EV-SQL_QUERY-C7DC15FD24B5EA .data_base/asgard.sql:27788 READS access to logis_costos_detalle | EV-SQL_QUERY-A4EA35E178E423 .data_base/asgard.sql:27793 READS access to logis_costos | EV-SQL_QUERY-801CD54A6CA80A .data_base/asgard.sql:27794 READS access to logis_costos_detalle | EV-SQL_QUERY-C325DD5267CC43 .data_base/asgard.sql:27799 READS access to logis_costos | EV-SQL_QUERY-BB258F8F524474 .data_base/asgard.sql:27800 READS access to logis_costos_detalle | EV-SQL_QUERY-AFBEE95B7BC630 .data_base/asgard.sql:27805 READS access to logis_costos | EV-SQL_QUERY-F6B872EA8CBDF3 .data_base/asgard.sql:27806 READS access to logis_costos_detalle | EV-SQL_QUERY-D981150A961E3A .data_base/asgard.sql:27810 READS access to logis_costos | EV-SQL_QUERY-43A73D3122D986 .data_base/asgard.sql:27811 READS access to logis_costos_detalle,3,1,FLOW_SEMANTIC_INFERENCE_REVIEW_REQUIRED
logistics-shipment-cost-capture-control,logis_costos_concepto,logis,REPORTING_READ_MODEL,"Catalogo o parametro que condiciona reglas, permisos o variantes del flujo.","categoria_costo_id, concepto, deleted_at, id",control de acceso/cliente; transicion o bloqueo por estado; regla documental/carga-descarga; calculo financiero/impositivo; persistencia/atomicidad/concurrencia,SQL construido dinamicamente; atomicidad/concurrencia pendiente; variante cliente pendiente de confirmar; catalogo/semantica pendiente; seguridad/autorizacion sensible,,- Conceptos de `logis_costos_concepto`. | `logis_costos_concepto` | Catalogo de conceptos por categoria.,index_archivos/logistica/frames/costos.php:45-69 | index_archivos/logistica/componentes/costos/costos.js:1-205 | index_archivos/logistica/componentes/costos/card-component.js:1-157 | index_archivos/logistica/ajax/guardar-costos.php:1-8 | index_archivos/logistica/CostosClass.php:572-699 | index_archivos/logistica/CostosClass.php:705-790 | .data_base/asgard.sql:11891-11990 | index_archivos/logistica/ajax/finalizar-embarque.php:29-67 | EV-SQL_QUERY-67E0664350F1A2 index_archivos/logistica/CostosClass.php:674 READS access to logis_costos_concepto | EV-SQL_QUERY-A2710D1B51133E index_archivos/logistica/CostosClass.php:779 READS access to logis_costos_concepto,1,0,FLOW_SEMANTIC_INFERENCE_REVIEW_REQUIRED
logistics-shipment-cost-capture-control,logis_costos_detalle,logis,CREATE_AND_UPDATE,Entidad transaccional modificada por el flujo; sus cambios deben caracterizarse antes de refactor.,"concepto, concepto_otros, costos_id, created_by, deleted_at, esAutomatico, id, monto",control de acceso/cliente; transicion o bloqueo por estado; regla documental/carga-descarga; calculo financiero/impositivo; persistencia/atomicidad/concurrencia,SQL construido dinamicamente; atomicidad/concurrencia pendiente; variante cliente pendiente de confirmar; catalogo/semantica pendiente; seguridad/autorizacion sensible,"INSERT INTO, UPDATE",- Registros en `logis_costos_detalle`. | `index_archivos/logistica/ajax/finalizar-embarque.php:29-67` | Cierre de embarque consume conceptos requeridos de `logis_costos_detalle`. | ASGARD inserta conceptos en `logis_costos_detalle`. | `logis_costos_detalle` | Conceptos y montos de cada categoria. | - `UPDATE logis_costos_detalle SET deleted_at = CURRENT_TIMESTAMP() WHERE costos_id IN (...)`. | - `INSERT INTO logis_costos_detalle (...)`.,index_archivos/logistica/frames/costos.php:45-69 | index_archivos/logistica/componentes/costos/costos.js:1-205 | index_archivos/logistica/componentes/costos/card-component.js:1-157 | index_archivos/logistica/ajax/guardar-costos.php:1-8 | index_archivos/logistica/CostosClass.php:572-699 | index_archivos/logistica/CostosClass.php:705-790 | .data_base/asgard.sql:11891-11990 | index_archivos/logistica/ajax/finalizar-embarque.php:29-67 | index_archivos/logistica/ajax/finalizar-embarque.php:29-67 | EV-SQL_QUERY-BA8C2134CCFFE0 .data_base/asgard.sql:27782 READS access to logis_costos_detalle | EV-SQL_QUERY-C7DC15FD24B5EA .data_base/asgard.sql:27788 READS access to logis_costos_detalle | EV-SQL_QUERY-801CD54A6CA80A .data_base/asgard.sql:27794 READS access to logis_costos_detalle | EV-SQL_QUERY-BB258F8F524474 .data_base/asgard.sql:27800 READS access to logis_costos_detalle | EV-SQL_QUERY-F6B872EA8CBDF3 .data_base/asgard.sql:27806 READS access to logis_costos_detalle | EV-SQL_QUERY-43A73D3122D986 .data_base/asgard.sql:27811 READS access to logis_costos_detalle | EV-SQL_QUERY-1D77C6F212B3DA .data_base/asgard.sql:27814 READS access to logis_costos_detalle | EV-SQL_QUERY-9C2C8E5E40CAB3 .data_base/asgard.sql:27817 READS access to logis_costos_detalle | EV-SQL_QUERY-2AF6C3670673B6 .data_base/asgard.sql:27820 READS access to logis_costos_detalle | EV-SQL_QUERY-D0E56F854749B9 .data_base/asgard.sql:27823 READS access to logis_costos_detalle | EV-SQL_QUERY-93678AFA825CC4 .data_base/asgard.sql:27826 READS access to logis_costos_detalle,3,1,FLOW_SEMANTIC_INFERENCE_REVIEW_REQUIRED
logistics-shipment-cost-capture-control,logis_costosdetalles,logis,REPORTING_READ_MODEL,Entidad de contexto usada por el flujo para consultar o relacionar informacion de negocio.,"concepto, id, monto",control de acceso/cliente; transicion o bloqueo por estado; regla documental/carga-descarga; calculo financiero/impositivo; persistencia/atomicidad/concurrencia,SQL construido dinamicamente; atomicidad/concurrencia pendiente; variante cliente pendiente de confirmar; catalogo/semantica pendiente; seguridad/autorizacion sensible,,Flujo historico de cotizacion de operador basado en `logis_costosdetalles`.,index_archivos/logistica/frames/costos.php:45-69 | index_archivos/logistica/componentes/costos/costos.js:1-205 | index_archivos/logistica/componentes/costos/card-component.js:1-157 | index_archivos/logistica/ajax/guardar-costos.php:1-8 | index_archivos/logistica/CostosClass.php:572-699 | index_archivos/logistica/CostosClass.php:705-790 | .data_base/asgard.sql:11891-11990 | index_archivos/logistica/ajax/finalizar-embarque.php:29-67 | EV-SQL_QUERY-81DE65D3572C7E index_archivos/logistica/CotizacionClass.php:977 READS access to logis_costosdetalles | EV-SQL_QUERY-A5C15B1BAE1B1A index_archivos/logistica/CotizacionClass.php:1065 READS access to logis_costosdetalles,1,0,FLOW_SEMANTIC_INFERENCE_REVIEW_REQUIRED
logistics-shipment-cost-capture-control,logis_embarques,logis,REPORTING_READ_MODEL,Entidad de contexto usada por el flujo para consultar o relacionar informacion de negocio.,"deleted_at, fecha_finalizacion, id, idincoterm",control de acceso/cliente; transicion o bloqueo por estado; regla documental/carga-descarga; calculo financiero/impositivo; persistencia/atomicidad/concurrencia,SQL construido dinamicamente; atomicidad/concurrencia pendiente; variante cliente pendiente de confirmar; catalogo/semantica pendiente; seguridad/autorizacion sensible,,`logis_embarques` | Embarque dueño del costo y estado de cierre.,index_archivos/logistica/frames/costos.php:45-69 | index_archivos/logistica/componentes/costos/costos.js:1-205 | index_archivos/logistica/componentes/costos/card-component.js:1-157 | index_archivos/logistica/ajax/guardar-costos.php:1-8 | index_archivos/logistica/CostosClass.php:572-699 | index_archivos/logistica/CostosClass.php:705-790 | .data_base/asgard.sql:11891-11990 | index_archivos/logistica/ajax/finalizar-embarque.php:29-67 | EV-SQL_QUERY-271B8BADD753C8 .data_base/asgard.sql:17875 READS access to logis_embarques | EV-SQL_QUERY-D92F1F70034698 .data_base/asgard.sql:17893 READS access to logis_embarquesrutas | EV-SQL_QUERY-E8DE6726227583 .data_base/asgard.sql:17893 READS access to logis_embarques | EV-SQL_QUERY-B25606C135A1C8 .data_base/asgard.sql:17923 READS access to logis_embarques | EV-SQL_QUERY-CBB063520AFA05 .data_base/asgard.sql:17959 READS access to logis_embarques | EV-SQL_QUERY-A35253FEB1CECF .data_base/asgard.sql:17965 READS access to logis_embarques | EV-SQL_QUERY-80B5E9CE461C31 .data_base/asgard.sql:27606 READS access to logis_embarques | EV-SQL_QUERY-4978218240EA46 .data_base/asgard.sql:27633 READS access to logis_embarquesmagnitudes | EV-SQL_QUERY-60AC62FAA187C1 .data_base/asgard.sql:27635 READS access to logis_embarques | EV-SQL_QUERY-9DEFE51A0B28A9 .data_base/asgard.sql:27654 READS access to logis_embarques | EV-SQL_QUERY-A49876BFD6250D .data_base/asgard.sql:27706 READS access to logis_embarquescontenedor | EV-SQL_QUERY-2DE4F47B10C829 .data_base/asgard.sql:27708 READS access to logis_embarquesmagnitudes,25,3,FLOW_SEMANTIC_INFERENCE_REVIEW_REQUIRED
logistics-shipment-document-attachment-management,logis_embarques,logis,READ_OR_CONTEXT,"Entidad documental o soporte usado para validar, adjuntar, generar o descargar evidencias.","created_at, fecha_finalizacion, id, idExchange, idcliente, updated_at",control de acceso/cliente; transicion o bloqueo por estado; regla documental/carga-descarga; calculo financiero/impositivo; persistencia/atomicidad/concurrencia; notificacion o acceso externo,variante cliente pendiente de confirmar; seguridad/autorizacion sensible,,- Insercion en `logis_embarquesdocumentos` con numero documental consecutivo. | - Registro en `logis_embarquesdocumentos`. | `.data_base/asgard.sql:12304-12316` | DDL de `logis_embarquesdocumentos`. | ASGARD lista `logis_embarquesdocumentos`. | ASGARD inserta fila en `logis_embarquesdocumentos`. | ASGARD borra la fila de `logis_embarquesdocumentos`.,index_archivos/logistica/frames/documentos.php:17-39 | index_archivos/logistica/frames/documentos.php:62-69 | index_archivos/logistica/frames/documentos.php:132-164 | index_archivos/logistica/embarquesController.php:333-344 | index_archivos/logistica/EmbarqueClass.php:575-632 | index_archivos/logistica/EmbarqueClass.php:638-665 | .data_base/asgard.sql:12304-12316 | .data_base/asgard.sql:12304-12316 | EV-SQL_QUERY-271B8BADD753C8 .data_base/asgard.sql:17875 READS access to logis_embarques | EV-SQL_QUERY-D92F1F70034698 .data_base/asgard.sql:17893 READS access to logis_embarquesrutas | EV-SQL_QUERY-E8DE6726227583 .data_base/asgard.sql:17893 READS access to logis_embarques | EV-SQL_QUERY-B25606C135A1C8 .data_base/asgard.sql:17923 READS access to logis_embarques | EV-SQL_QUERY-CBB063520AFA05 .data_base/asgard.sql:17959 READS access to logis_embarques | EV-SQL_QUERY-A35253FEB1CECF .data_base/asgard.sql:17965 READS access to logis_embarques | EV-SQL_QUERY-80B5E9CE461C31 .data_base/asgard.sql:27606 READS access to logis_embarques | EV-SQL_QUERY-4978218240EA46 .data_base/asgard.sql:27633 READS access to logis_embarquesmagnitudes | EV-SQL_QUERY-60AC62FAA187C1 .data_base/asgard.sql:27635 READS access to logis_embarques | EV-SQL_QUERY-9DEFE51A0B28A9 .data_base/asgard.sql:27654 READS access to logis_embarques | EV-SQL_QUERY-A49876BFD6250D .data_base/asgard.sql:27706 READS access to logis_embarquescontenedor | EV-SQL_QUERY-2DE4F47B10C829 .data_base/asgard.sql:27708 READS access to logis_embarquesmagnitudes,25,3,FLOW_SEMANTIC_INFERENCE_REVIEW_REQUIRED
logistics-shipment-document-attachment-management,logis_embarquesdocumentos,logis,CREATE,Entidad transaccional modificada por el flujo; sus cambios deben caracterizarse antes de refactor.,"created_at, documento, id, idembarque, nrodocumento, updated_at",control de acceso/cliente; transicion o bloqueo por estado; regla documental/carga-descarga; calculo financiero/impositivo; persistencia/atomicidad/concurrencia; notificacion o acceso externo,variante cliente pendiente de confirmar; seguridad/autorizacion sensible,"DELETE FROM, INSERT INTO",- Insercion en `logis_embarquesdocumentos` con numero documental consecutivo. | - Registro en `logis_embarquesdocumentos`. | `.data_base/asgard.sql:12304-12316` | DDL de `logis_embarquesdocumentos`. | ASGARD lista `logis_embarquesdocumentos`. | ASGARD inserta fila en `logis_embarquesdocumentos`. | ASGARD borra la fila de `logis_embarquesdocumentos`.,index_archivos/logistica/frames/documentos.php:17-39 | index_archivos/logistica/frames/documentos.php:62-69 | index_archivos/logistica/frames/documentos.php:132-164 | index_archivos/logistica/embarquesController.php:333-344 | index_archivos/logistica/EmbarqueClass.php:575-632 | index_archivos/logistica/EmbarqueClass.php:638-665 | .data_base/asgard.sql:12304-12316 | .data_base/asgard.sql:12304-12316 | EV-SQL_QUERY-D75660F9D7F7F2 index_archivos/logistica/CotizacionClass.php:816 READS access to logis_embarquesdocumentos | EV-SQL_QUERY-72D4E60A53A4DC index_archivos/logistica/EmbarqueClass.php:577 READS access to logis_embarquesdocumentos | EV-SQL_QUERY-EC2EC73179FED2 index_archivos/logistica/EmbarqueClass.php:641 READS access to logis_embarquesdocumentos | EV-SQL_QUERY-4DFD6C0CF44B13 index_archivos/logistica/EmbarqueClass.php:652 WRITES access to logis_embarquesdocumentos | EV-SQL_QUERY-FC56C4019932DA index_archivos/logistica/EmbarqueClass.php:652 READS access to logis_embarquesdocumentos,2,1,FLOW_SEMANTIC_INFERENCE_REVIEW_REQUIRED
logistics-shipment-edit-participant-sync,logis_embarques,logis,UPDATE,Entidad transaccional modificada por el flujo; sus cambios deben caracterizarse antes de refactor.,"contrato, cotizacion, email, gestor_transporte_id, idExchange, idagentesaduana, idagenteseguro, idproveedormercancia, observacion, prioridad, updated_at",control de acceso/cliente; transicion o bloqueo por estado; regla documental/carga-descarga; calculo financiero/impositivo; persistencia/atomicidad/concurrencia; notificacion o acceso externo,SQL construido dinamicamente; atomicidad/concurrencia pendiente; seguridad/autorizacion sensible,UPDATE,"- Edicion de cabecera de `logis_embarques`. | `logis_embarques` actualizado. | - `logis_embarquesmagnitudes` y `logis_embarquescontenedor` reemplazados. | - `logis_embarquesoperador` reemplazado o actualizado. | ASGARD actualiza la cabecera de `logis_embarques`. | ## Diagrama ```mermaid flowchart TD A[""Editar embarque/cotizacion""] --> B[""Enviar formulario""] B --> C[""Normalizar POST""] C --> D[""Detectar asignaciones nuevas""] D --> E[""Enviar correo/notificacion si aplica""] E --> F[""Actualizar logis_embarques""] F --> G[""Reemplazar magnitudes y contenedores""] G --> H[""Reemplazar tramos""] H --> I[""Actualizar operadores""]...",index_archivos/logistica/cotizacionEditarController.php:8-75 | index_archivos/logistica/cotizacionEditarController.php:79-88 | index_archivos/logistica/CotizacionClass.php:1150-1192 | index_archivos/logistica/CotizacionClass.php:1318-1348 | index_archivos/logistica/CotizacionClass.php:1356-1374 | index_archivos/logistica/CotizacionClass.php:1377-1406 | index_archivos/logistica/IntercambioDocumentalEditClass.php:10-45 | EV-SQL_QUERY-271B8BADD753C8 .data_base/asgard.sql:17875 READS access to logis_embarques | EV-SQL_QUERY-D92F1F70034698 .data_base/asgard.sql:17893 READS access to logis_embarquesrutas | EV-SQL_QUERY-E8DE6726227583 .data_base/asgard.sql:17893 READS access to logis_embarques | EV-SQL_QUERY-B25606C135A1C8 .data_base/asgard.sql:17923 READS access to logis_embarques | EV-SQL_QUERY-CBB063520AFA05 .data_base/asgard.sql:17959 READS access to logis_embarques | EV-SQL_QUERY-A35253FEB1CECF .data_base/asgard.sql:17965 READS access to logis_embarques | EV-SQL_QUERY-80B5E9CE461C31 .data_base/asgard.sql:27606 READS access to logis_embarques | EV-SQL_QUERY-4978218240EA46 .data_base/asgard.sql:27633 READS access to logis_embarquesmagnitudes | EV-SQL_QUERY-60AC62FAA187C1 .data_base/asgard.sql:27635 READS access to logis_embarques | EV-SQL_QUERY-9DEFE51A0B28A9 .data_base/asgard.sql:27654 READS access to logis_embarques | EV-SQL_QUERY-A49876BFD6250D .data_base/asgard.sql:27706 READS access to logis_embarquescontenedor | EV-SQL_QUERY-2DE4F47B10C829 .data_base/asgard.sql:27708 READS access to logis_embarquesmagnitudes | EV-SQL_QUERY-C3079BF6B949F1 .data_base/asgard.sql:27709 READS access to logis_embarques,25,3,FLOW_SEMANTIC_INFERENCE_REVIEW_REQUIRED
logistics-shipment-edit-participant-sync,logis_embarquescontenedor,logis,READ_OR_CONTEXT,Entidad de contexto usada por el flujo para consultar o relacionar informacion de negocio.,updated_at,control de acceso/cliente; transicion o bloqueo por estado; regla documental/carga-descarga; calculo financiero/impositivo; persistencia/atomicidad/concurrencia; notificacion o acceso externo,SQL construido dinamicamente; atomicidad/concurrencia pendiente; seguridad/autorizacion sensible,,- `logis_embarquesmagnitudes` y `logis_embarquescontenedor` reemplazados. | `logis_embarquescontenedor` | Contenedores asociados a magnitudes.,index_archivos/logistica/cotizacionEditarController.php:8-75 | index_archivos/logistica/cotizacionEditarController.php:79-88 | index_archivos/logistica/CotizacionClass.php:1150-1192 | index_archivos/logistica/CotizacionClass.php:1318-1348 | index_archivos/logistica/CotizacionClass.php:1356-1374 | index_archivos/logistica/CotizacionClass.php:1377-1406 | index_archivos/logistica/IntercambioDocumentalEditClass.php:10-45 | EV-SQL_QUERY-A49876BFD6250D .data_base/asgard.sql:27706 READS access to logis_embarquescontenedor | EV-SQL_QUERY-2120FB8E81DB85 .data_base/asgard.sql:32208 READS access to logis_embarquescontenedor | EV-SQL_QUERY-4A0ABA44168692 .data_base/asgard.sql:33934 READS access to logis_embarquescontenedor | EV-SQL_QUERY-4DD978DD1B6D36 .data_base/asgard.sql:35136 READS access to logis_embarquescontenedor | EV-SQL_QUERY-FDAAC0FFFA9458 .data_base/asgard.sql:36267 READS access to logis_embarquescontenedor,1,0,FLOW_SEMANTIC_INFERENCE_REVIEW_REQUIRED
logistics-shipment-edit-participant-sync,logis_embarquesmagnitudes,logis,DELETE_OR_REMOVE,Entidad de contexto usada por el flujo para consultar o relacionar informacion de negocio.,"cantidad, dimension, idembarque, peso, updated_at, volumen",control de acceso/cliente; transicion o bloqueo por estado; regla documental/carga-descarga; calculo financiero/impositivo; persistencia/atomicidad/concurrencia; notificacion o acceso externo,SQL construido dinamicamente; atomicidad/concurrencia pendiente; seguridad/autorizacion sensible,DELETE FROM,"- `logis_embarquesmagnitudes` y `logis_embarquescontenedor` reemplazados. | | `DELETE FROM logis_embarquesmagnitudes`. | `logis_embarquesmagnitudes` | Cantidad, bulto, peso, dimensiones y volumen.",index_archivos/logistica/cotizacionEditarController.php:8-75 | index_archivos/logistica/cotizacionEditarController.php:79-88 | index_archivos/logistica/CotizacionClass.php:1150-1192 | index_archivos/logistica/CotizacionClass.php:1318-1348 | index_archivos/logistica/CotizacionClass.php:1356-1374 | index_archivos/logistica/CotizacionClass.php:1377-1406 | index_archivos/logistica/IntercambioDocumentalEditClass.php:10-45 | EV-SQL_QUERY-4978218240EA46 .data_base/asgard.sql:27633 READS access to logis_embarquesmagnitudes | EV-SQL_QUERY-2DE4F47B10C829 .data_base/asgard.sql:27708 READS access to logis_embarquesmagnitudes | EV-SQL_QUERY-393B11D7DCBD30 .data_base/asgard.sql:31542 READS access to logis_embarquesmagnitudes | EV-SQL_QUERY-5C95602BD71FC8 .data_base/asgard.sql:32212 READS access to logis_embarquesmagnitudes | EV-SQL_QUERY-742A7F8D6E2EE7 .data_base/asgard.sql:33268 READS access to logis_embarquesmagnitudes | EV-SQL_QUERY-D3EDA55909A09E .data_base/asgard.sql:33938 READS access to logis_embarquesmagnitudes | EV-SQL_QUERY-F5A7428F3BA7ED .data_base/asgard.sql:34446 READS access to logis_embarquesmagnitudes | EV-SQL_QUERY-C452B1CAC60599 .data_base/asgard.sql:35140 READS access to logis_embarquesmagnitudes | EV-SQL_QUERY-DDC425684A9309 .data_base/asgard.sql:35577 READS access to logis_embarquesmagnitudes | EV-SQL_QUERY-66FB358CC22BBC .data_base/asgard.sql:36271 READS access to logis_embarquesmagnitudes | EV-SQL_QUERY-8B71E3D2DA320C index_archivos/logistica/CotizacionClass.php:509 WRITES access to logis_embarquesmagnitudes | EV-SQL_QUERY-CE5907FBE14D8C index_archivos/logistica/CotizacionClass.php:550 WRITES access to logis_embarquesmagnitudes | EV-SQL_QUERY-5F8BF701B70CB9 index_archivos/logistica/CotizacionClass.php:1322 WRITES access to logis_embarquesmagnitudes,2,1,FLOW_SEMANTIC_INFERENCE_REVIEW_REQUIRED
logistics-shipment-edit-participant-sync,logis_embarquesoperador,logis,READ_OR_CONTEXT,Entidad de contexto usada por el flujo para consultar o relacionar informacion de negocio.,"aceptado, idembarque, idoperador, observacion, updated_at",control de acceso/cliente; transicion o bloqueo por estado; regla documental/carga-descarga; calculo financiero/impositivo; persistencia/atomicidad/concurrencia; notificacion o acceso externo,SQL construido dinamicamente; atomicidad/concurrencia pendiente; seguridad/autorizacion sensible,,- `logis_embarquesoperador` reemplazado o actualizado. | `logis_embarquesoperador` | Operadores ofertantes o operador aceptado.,index_archivos/logistica/cotizacionEditarController.php:8-75 | index_archivos/logistica/cotizacionEditarController.php:79-88 | index_archivos/logistica/CotizacionClass.php:1150-1192 | index_archivos/logistica/CotizacionClass.php:1318-1348 | index_archivos/logistica/CotizacionClass.php:1356-1374 | index_archivos/logistica/CotizacionClass.php:1377-1406 | index_archivos/logistica/IntercambioDocumentalEditClass.php:10-45 | EV-SQL_QUERY-6AE15DB22CB672 .data_base/asgard.sql:27842 READS access to logis_embarquesoperador | EV-SQL_QUERY-29169453D20B61 .data_base/asgard.sql:30094 READS access to logis_embarquesoperador | EV-SQL_QUERY-15448775DCD88A .data_base/asgard.sql:30118 READS access to logis_embarquesoperador | EV-SQL_QUERY-DD5F45E5DDFB58 .data_base/asgard.sql:30388 READS access to logis_embarquesoperador | EV-SQL_QUERY-2B8D0BE6F22B71 .data_base/asgard.sql:30412 READS access to logis_embarquesoperador | EV-SQL_QUERY-D5D3C0BCE5C8C4 .data_base/asgard.sql:32618 READS access to logis_embarquesoperador | EV-SQL_QUERY-11EB58BDCC65F6 .data_base/asgard.sql:34249 READS access to logis_embarquesoperador | EV-SQL_QUERY-75FD1417CAAB9A .data_base/asgard.sql:35380 READS access to logis_embarquesoperador | EV-SQL_QUERY-04FECB16E4D811 .data_base/asgard.sql:36518 READS access to logis_embarquesoperador | EV-SQL_QUERY-D616EEA4BCD12A .data_base/asgard.sql:44792 READS access to logis_embarquesoperador | EV-SQL_QUERY-6D9DF0CFA2D6B7 .data_base/asgard.sql:45181 READS access to logis_embarquesoperador | EV-SQL_QUERY-0B65AAAF6631B4 index_archivos/logistica/CostosClass.php:20 READS access to logis_embarquesoperador | EV-SQL_QUERY-7B6CBD30BE0CE8 index_archivos/logistica/CostosClass.php:32 READS access to logis_embarquesoperador,5,1,FLOW_SEMANTIC_INFERENCE_REVIEW_REQUIRED
logistics-shipment-edit-participant-sync,logis_tramos,logis,DELETE_OR_REMOVE,"Catalogo o parametro que condiciona reglas, permisos o variantes del flujo.","tipo, tramo, updated_at",control de acceso/cliente; transicion o bloqueo por estado; regla documental/carga-descarga; calculo financiero/impositivo; persistencia/atomicidad/concurrencia; notificacion o acceso externo,SQL construido dinamicamente; atomicidad/concurrencia pendiente; seguridad/autorizacion sensible,DELETE FROM,"- Reemplazo de tramos/rutas base en `logis_tramos`. | - `logis_tramos` reemplazados. | | `DELETE FROM logis_tramos`. | `logis_tramos` | Origen/destino/intermedios, puertos, almacenes, lugar entrega y tipo carga.",index_archivos/logistica/cotizacionEditarController.php:8-75 | index_archivos/logistica/cotizacionEditarController.php:79-88 | index_archivos/logistica/CotizacionClass.php:1150-1192 | index_archivos/logistica/CotizacionClass.php:1318-1348 | index_archivos/logistica/CotizacionClass.php:1356-1374 | index_archivos/logistica/CotizacionClass.php:1377-1406 | index_archivos/logistica/IntercambioDocumentalEditClass.php:10-45 | EV-SQL_QUERY-96BA3EC62990D7 .data_base/asgard.sql:27652 READS access to logis_tramos | EV-SQL_QUERY-F0B562BC6BA2E1 .data_base/asgard.sql:27664 READS access to logis_tramos | EV-SQL_QUERY-AEF21D4A8B0FE5 .data_base/asgard.sql:27673 READS access to logis_tramos | EV-SQL_QUERY-8D1CAC6A42387A .data_base/asgard.sql:27683 READS access to logis_tramos | EV-SQL_QUERY-4AD4D9D457B3C2 .data_base/asgard.sql:27692 READS access to logis_tramos | EV-SQL_QUERY-8BC21E19BAE753 .data_base/asgard.sql:29168 READS access to logis_tramos | EV-SQL_QUERY-F3781FC566471A .data_base/asgard.sql:29169 READS access to logis_tramos | EV-SQL_QUERY-30A4176A444EC0 .data_base/asgard.sql:32353 READS access to logis_tramos | EV-SQL_QUERY-8570C1B6C95447 .data_base/asgard.sql:32354 READS access to logis_tramos | EV-SQL_QUERY-862FE94E394F4E .data_base/asgard.sql:32355 READS access to logis_tramos | EV-SQL_QUERY-3CAEA4F2F2E2D9 .data_base/asgard.sql:32583 READS access to logis_tramos | EV-SQL_QUERY-1EE44ED259E5EA .data_base/asgard.sql:34043 READS access to logis_tramos | EV-SQL_QUERY-D871CD69A28762 .data_base/asgard.sql:34044 READS access to logis_tramos,4,1,FLOW_SEMANTIC_INFERENCE_REVIEW_REQUIRED
logistics-shipment-finalization-control,dav_casosprevios,dav,REPORTING_READ_MODEL,Entidad de contexto usada por el flujo para consultar o relacionar informacion de negocio.,"ICE_litro, cif_bs, fechaembarque, fechallegada, idcliente, idembarquelogis, idregimen, otros_gastos_1, otros_gastos_2, porcentajeGA, porcentajeICE, porcentajeIVA",control de acceso/cliente; transicion o bloqueo por estado; regla documental/carga-descarga; calculo financiero/impositivo; persistencia/atomicidad/concurrencia,SQL construido dinamicamente; atomicidad/concurrencia pendiente; variante cliente pendiente de confirmar; catalogo/semantica pendiente; seguridad/autorizacion sensible,,- Datos de gestion aduanera en `dav_casosprevios`. | `dav_casosprevios` | Datos de gestion aduanera enlazados al embarque.,index_archivos/logistica/embarquever.php:300-302 | index_archivos/logistica/js/finalizar-embarque.js:1-109 | index_archivos/logistica/ajax/finalizar-embarque.php:5-15 | index_archivos/logistica/ajax/finalizar-embarque.php:17-67 | index_archivos/logistica/ajax/finalizar-embarque.php:100-127 | index_archivos/logistica/frames/costos.php:48-59 | index_archivos/logistica/frames/estado-pedidos.php:65-71 | .data_base/asgard.sql:12090-12110 | .data_base/asgard.sql:12174-12217 | embarquever.php:300-302 | finalizar-embarque.js:1-3 | finalizar-embarque.js:43-67 | finalizar-embarque.php:17-28 | finalizar-embarque.php:29-39 | finalizar-embarque.php:40-66 | finalizar-embarque.php:67-106 | finalizar-embarque.php:110 | finalizar-embarque.php:111 | frames/costos.php:48-59 | frames/estado-pedidos.php:65-71,22,3,FLOW_SEMANTIC_INFERENCE_REVIEW_REQUIRED
logistics-shipment-finalization-control,dav_clienteusuariospermisos,dav,REPORTING_READ_MODEL,"Catalogo o parametro que condiciona reglas, permisos o variantes del flujo.","escritura, idclienteusuarios, idreportescliente",control de acceso/cliente; transicion o bloqueo por estado; regla documental/carga-descarga; calculo financiero/impositivo; persistencia/atomicidad/concurrencia,SQL construido dinamicamente; atomicidad/concurrencia pendiente; variante cliente pendiente de confirmar; catalogo/semantica pendiente; seguridad/autorizacion sensible,,`dav_clienteusuariospermisos` | Permiso de escritura usado en pantallas dependientes.,index_archivos/logistica/embarquever.php:300-302 | index_archivos/logistica/js/finalizar-embarque.js:1-109 | index_archivos/logistica/ajax/finalizar-embarque.php:5-15 | index_archivos/logistica/ajax/finalizar-embarque.php:17-67 | index_archivos/logistica/ajax/finalizar-embarque.php:100-127 | index_archivos/logistica/frames/costos.php:48-59 | index_archivos/logistica/frames/estado-pedidos.php:65-71 | .data_base/asgard.sql:12090-12110 | .data_base/asgard.sql:12174-12217 | embarquever.php:300-302 | finalizar-embarque.js:1-3 | finalizar-embarque.js:43-67 | finalizar-embarque.php:17-28 | finalizar-embarque.php:29-39 | finalizar-embarque.php:40-66 | finalizar-embarque.php:67-106 | finalizar-embarque.php:110 | finalizar-embarque.php:111 | frames/costos.php:48-59 | frames/estado-pedidos.php:65-71,3,0,FLOW_SEMANTIC_INFERENCE_REVIEW_REQUIRED
logistics-shipment-finalization-control,logis_costos,logis,REPORTING_READ_MODEL,Entidad de contexto usada por el flujo para consultar o relacionar informacion de negocio.,"created_at, created_by, deleted_at, embarque_id, id, updated_at",control de acceso/cliente; transicion o bloqueo por estado; regla documental/carga-descarga; calculo financiero/impositivo; persistencia/atomicidad/concurrencia,SQL construido dinamicamente; atomicidad/concurrencia pendiente; variante cliente pendiente de confirmar; catalogo/semantica pendiente; seguridad/autorizacion sensible,,- Costos existentes en `logis_costos` y `logis_costos_detalle`. | `logis_costos` | Agrupador de costos por embarque. | `logis_costos_detalle` | Conceptos y montos requeridos antes del cierre para cliente observado.,index_archivos/logistica/embarquever.php:300-302 | index_archivos/logistica/js/finalizar-embarque.js:1-109 | index_archivos/logistica/ajax/finalizar-embarque.php:5-15 | index_archivos/logistica/ajax/finalizar-embarque.php:17-67 | index_archivos/logistica/ajax/finalizar-embarque.php:100-127 | index_archivos/logistica/frames/costos.php:48-59 | index_archivos/logistica/frames/estado-pedidos.php:65-71 | .data_base/asgard.sql:12090-12110 | .data_base/asgard.sql:12174-12217 | embarquever.php:300-302 | finalizar-embarque.js:1-3 | finalizar-embarque.js:43-67 | finalizar-embarque.php:17-28 | finalizar-embarque.php:29-39 | finalizar-embarque.php:40-66 | finalizar-embarque.php:67-106 | finalizar-embarque.php:110 | finalizar-embarque.php:111 | frames/costos.php:48-59 | frames/estado-pedidos.php:65-71,3,1,FLOW_SEMANTIC_INFERENCE_REVIEW_REQUIRED
logistics-shipment-finalization-control,logis_costos_detalle,logis,REPORTING_READ_MODEL,Entidad de contexto usada por el flujo para consultar o relacionar informacion de negocio.,"concepto, costos_id, created_at, created_by, deleted_at, id, monto, updated_at",control de acceso/cliente; transicion o bloqueo por estado; regla documental/carga-descarga; calculo financiero/impositivo; persistencia/atomicidad/concurrencia,SQL construido dinamicamente; atomicidad/concurrencia pendiente; variante cliente pendiente de confirmar; catalogo/semantica pendiente; seguridad/autorizacion sensible,,- Costos existentes en `logis_costos` y `logis_costos_detalle`. | `logis_costos_detalle` | Conceptos y montos requeridos antes del cierre para cliente observado.,index_archivos/logistica/embarquever.php:300-302 | index_archivos/logistica/js/finalizar-embarque.js:1-109 | index_archivos/logistica/ajax/finalizar-embarque.php:5-15 | index_archivos/logistica/ajax/finalizar-embarque.php:17-67 | index_archivos/logistica/ajax/finalizar-embarque.php:100-127 | index_archivos/logistica/frames/costos.php:48-59 | index_archivos/logistica/frames/estado-pedidos.php:65-71 | .data_base/asgard.sql:12090-12110 | .data_base/asgard.sql:12174-12217 | embarquever.php:300-302 | finalizar-embarque.js:1-3 | finalizar-embarque.js:43-67 | finalizar-embarque.php:17-28 | finalizar-embarque.php:29-39 | finalizar-embarque.php:40-66 | finalizar-embarque.php:67-106 | finalizar-embarque.php:110 | finalizar-embarque.php:111 | frames/costos.php:48-59 | frames/estado-pedidos.php:65-71,3,1,FLOW_SEMANTIC_INFERENCE_REVIEW_REQUIRED
logistics-shipment-finalization-control,logis_edp,logis,CREATE,Entidad transaccional modificada por el flujo; sus cambios deben caracterizarse antes de refactor.,"cliente_id, created_at, created_by, created_type, deleted_at, embarque_id, estado_edp_id, fecha, id, updated_at",control de acceso/cliente; transicion o bloqueo por estado; regla documental/carga-descarga; calculo financiero/impositivo; persistencia/atomicidad/concurrencia,SQL construido dinamicamente; atomicidad/concurrencia pendiente; variante cliente pendiente de confirmar; catalogo/semantica pendiente; seguridad/autorizacion sensible,INSERT INTO,- Estados existentes en `logis_edp`. | - Nueva fila en `logis_edp` con `created_type = CLIENTE` y estado final observado. | `.data_base/asgard.sql:12090-12110` | Estructura de `logis_edp`. | - No se observa transaccion que garantice atomicidad entre `logis_embarques` y `logis_edp`. | `logis_edp` | Hitos de estado usados para prerequisitos y registro de finalizacion. | - `INSERT INTO logis_edp(...) VALUES (...,index_archivos/logistica/embarquever.php:300-302 | index_archivos/logistica/js/finalizar-embarque.js:1-109 | index_archivos/logistica/ajax/finalizar-embarque.php:5-15 | index_archivos/logistica/ajax/finalizar-embarque.php:17-67 | index_archivos/logistica/ajax/finalizar-embarque.php:100-127 | index_archivos/logistica/frames/costos.php:48-59 | index_archivos/logistica/frames/estado-pedidos.php:65-71 | .data_base/asgard.sql:12090-12110 | .data_base/asgard.sql:12174-12217 | embarquever.php:300-302 | finalizar-embarque.js:1-3 | finalizar-embarque.js:43-67 | finalizar-embarque.php:17-28 | finalizar-embarque.php:29-39 | finalizar-embarque.php:40-66 | finalizar-embarque.php:67-106 | finalizar-embarque.php:110 | finalizar-embarque.php:111 | frames/costos.php:48-59 | frames/estado-pedidos.php:65-71,2,1,FLOW_SEMANTIC_INFERENCE_REVIEW_REQUIRED
logistics-shipment-finalization-control,logis_embarques,logis,UPDATE,Entidad transaccional modificada por el flujo; sus cambios deben caracterizarse antes de refactor.,"created_at, deleted_at, fecha_finalizacion, fecha_finalizacion_usuario, id, idcliente, updated_at",control de acceso/cliente; transicion o bloqueo por estado; regla documental/carga-descarga; calculo financiero/impositivo; persistencia/atomicidad/concurrencia,SQL construido dinamicamente; atomicidad/concurrencia pendiente; variante cliente pendiente de confirmar; catalogo/semantica pendiente; seguridad/autorizacion sensible,UPDATE,"- Ejecucion del cierre contra `logis_embarques`. | `logis_embarques.fecha_finalizacion = CURRENT_TIMESTAMP()`. | - `logis_embarques.fecha_finalizacion_usuario = idclienteusuarios`. | `.data_base/asgard.sql:12174-12217` | Estructura de `logis_embarques` y campos de finalizacion. | Si no hay faltantes o el cliente no usa validacion adicional, el backend actualiza `logis_embarques`. | - No se observa transaccion que garantice atomicidad entre `logis_embarques` y `logis_edp`.",index_archivos/logistica/embarquever.php:300-302 | index_archivos/logistica/js/finalizar-embarque.js:1-109 | index_archivos/logistica/ajax/finalizar-embarque.php:5-15 | index_archivos/logistica/ajax/finalizar-embarque.php:17-67 | index_archivos/logistica/ajax/finalizar-embarque.php:100-127 | index_archivos/logistica/frames/costos.php:48-59 | index_archivos/logistica/frames/estado-pedidos.php:65-71 | .data_base/asgard.sql:12090-12110 | .data_base/asgard.sql:12174-12217 | embarquever.php:300-302 | finalizar-embarque.js:1-3 | finalizar-embarque.js:43-67 | finalizar-embarque.php:17-28 | finalizar-embarque.php:29-39 | finalizar-embarque.php:40-66 | finalizar-embarque.php:67-106 | finalizar-embarque.php:110 | finalizar-embarque.php:111 | frames/costos.php:48-59 | frames/estado-pedidos.php:65-71,25,3,FLOW_SEMANTIC_INFERENCE_REVIEW_REQUIRED
logistics-shipment-quotation-duplication,logis_embarques,logis,CREATE,Entidad transaccional modificada por el flujo; sus cambios deben caracterizarse antes de refactor.,"cotizacion, descripcioncarga, exportacion, facturacomercial, idcliente, idclientelineas, idincoterm, idproveedormercancia, idtipoviaje, idusuario, ordencompra, prioridad",control de acceso/cliente; transicion o bloqueo por estado; regla documental/carga-descarga; calculo financiero/impositivo; persistencia/atomicidad/concurrencia; notificacion o acceso externo,SQL construido dinamicamente; atomicidad/concurrencia pendiente; variante cliente pendiente de confirmar; catalogo/semantica pendiente,INSERT INTO,Nuevo registro en `logis_embarques`. | - Nuevas magnitudes en `logis_embarquesmagnitudes`. | - Nuevos contenedores en `logis_embarquescontenedor`. | - Nuevos operadores en `logis_embarquesoperador`. | BR-LSQD-002 | Duplicar cotizacion crea un nuevo `logis_embarques` con `cotizacion = 1`. | BR-LSQD-003 | Duplicar embarque crea un nuevo `logis_embarques` con `cotizacion = 0` y `idtransportista = NULL`.,index_archivos/logistica/js/datosCotizacion.js:246-275 | index_archivos/logistica/ajax/duplicarCotizacion.php:12-162 | index_archivos/logistica/CotizacionClass.php:470-504 | index_archivos/logistica/js/datosEmbarques.js:1852-1888 | index_archivos/logistica/ajax/duplicarEmbarque.php:21-155 | index_archivos/logistica/CotizacionClass.php:1409-1456 | index_archivos/logistica/CotizacionClass.php:682-714 | EV-SQL_QUERY-271B8BADD753C8 .data_base/asgard.sql:17875 READS access to logis_embarques | EV-SQL_QUERY-D92F1F70034698 .data_base/asgard.sql:17893 READS access to logis_embarquesrutas | EV-SQL_QUERY-E8DE6726227583 .data_base/asgard.sql:17893 READS access to logis_embarques | EV-SQL_QUERY-B25606C135A1C8 .data_base/asgard.sql:17923 READS access to logis_embarques | EV-SQL_QUERY-CBB063520AFA05 .data_base/asgard.sql:17959 READS access to logis_embarques | EV-SQL_QUERY-A35253FEB1CECF .data_base/asgard.sql:17965 READS access to logis_embarques | EV-SQL_QUERY-80B5E9CE461C31 .data_base/asgard.sql:27606 READS access to logis_embarques | EV-SQL_QUERY-4978218240EA46 .data_base/asgard.sql:27633 READS access to logis_embarquesmagnitudes | EV-SQL_QUERY-60AC62FAA187C1 .data_base/asgard.sql:27635 READS access to logis_embarques | EV-SQL_QUERY-9DEFE51A0B28A9 .data_base/asgard.sql:27654 READS access to logis_embarques | EV-SQL_QUERY-A49876BFD6250D .data_base/asgard.sql:27706 READS access to logis_embarquescontenedor | EV-SQL_QUERY-2DE4F47B10C829 .data_base/asgard.sql:27708 READS access to logis_embarquesmagnitudes | EV-SQL_QUERY-C3079BF6B949F1 .data_base/asgard.sql:27709 READS access to logis_embarques,25,3,FLOW_SEMANTIC_INFERENCE_REVIEW_REQUIRED
logistics-shipment-quotation-duplication,logis_embarquescontenedor,logis,CREATE,Entidad transaccional modificada por el flujo; sus cambios deben caracterizarse antes de refactor.,"cantidadcontenedor, idcontenedor, idusuario",control de acceso/cliente; transicion o bloqueo por estado; regla documental/carga-descarga; calculo financiero/impositivo; persistencia/atomicidad/concurrencia; notificacion o acceso externo,SQL construido dinamicamente; atomicidad/concurrencia pendiente; variante cliente pendiente de confirmar; catalogo/semantica pendiente,INSERT INTO,- Nuevos contenedores en `logis_embarquescontenedor`. | `logis_embarquescontenedor` | Contenedores asociados a magnitud copiada. | - `INSERT INTO logis_embarquescontenedor`.,index_archivos/logistica/js/datosCotizacion.js:246-275 | index_archivos/logistica/ajax/duplicarCotizacion.php:12-162 | index_archivos/logistica/CotizacionClass.php:470-504 | index_archivos/logistica/js/datosEmbarques.js:1852-1888 | index_archivos/logistica/ajax/duplicarEmbarque.php:21-155 | index_archivos/logistica/CotizacionClass.php:1409-1456 | index_archivos/logistica/CotizacionClass.php:682-714 | EV-SQL_QUERY-A49876BFD6250D .data_base/asgard.sql:27706 READS access to logis_embarquescontenedor | EV-SQL_QUERY-2120FB8E81DB85 .data_base/asgard.sql:32208 READS access to logis_embarquescontenedor | EV-SQL_QUERY-4A0ABA44168692 .data_base/asgard.sql:33934 READS access to logis_embarquescontenedor | EV-SQL_QUERY-4DD978DD1B6D36 .data_base/asgard.sql:35136 READS access to logis_embarquescontenedor | EV-SQL_QUERY-FDAAC0FFFA9458 .data_base/asgard.sql:36267 READS access to logis_embarquescontenedor,1,0,FLOW_SEMANTIC_INFERENCE_REVIEW_REQUIRED
logistics-shipment-quotation-duplication,logis_embarquesdocumentos,logis,CREATE,Entidad transaccional modificada por el flujo; sus cambios deben caracterizarse antes de refactor.,"documento, idembarque, nrodocumento",control de acceso/cliente; transicion o bloqueo por estado; regla documental/carga-descarga; calculo financiero/impositivo; persistencia/atomicidad/concurrencia; notificacion o acceso externo,SQL construido dinamicamente; atomicidad/concurrencia pendiente; variante cliente pendiente de confirmar; catalogo/semantica pendiente,INSERT INTO,"`logis_embarquesdocumentos` | Documentos locales copiados en duplicacion de cotizacion. | - `INSERT INTO logis_embarquesdocumentos` y copia fisica de archivo en duplicacion documental. | Data used | `logis_embarques`, `logis_tramos`, `logis_embarquesmagnitudes`, `logis_embarquesoperador`, `logis_embarquesdocumentos` |",index_archivos/logistica/js/datosCotizacion.js:246-275 | index_archivos/logistica/ajax/duplicarCotizacion.php:12-162 | index_archivos/logistica/CotizacionClass.php:470-504 | index_archivos/logistica/js/datosEmbarques.js:1852-1888 | index_archivos/logistica/ajax/duplicarEmbarque.php:21-155 | index_archivos/logistica/CotizacionClass.php:1409-1456 | index_archivos/logistica/CotizacionClass.php:682-714 | EV-SQL_QUERY-D75660F9D7F7F2 index_archivos/logistica/CotizacionClass.php:816 READS access to logis_embarquesdocumentos | EV-SQL_QUERY-72D4E60A53A4DC index_archivos/logistica/EmbarqueClass.php:577 READS access to logis_embarquesdocumentos | EV-SQL_QUERY-EC2EC73179FED2 index_archivos/logistica/EmbarqueClass.php:641 READS access to logis_embarquesdocumentos | EV-SQL_QUERY-4DFD6C0CF44B13 index_archivos/logistica/EmbarqueClass.php:652 WRITES access to logis_embarquesdocumentos | EV-SQL_QUERY-FC56C4019932DA index_archivos/logistica/EmbarqueClass.php:652 READS access to logis_embarquesdocumentos,2,1,FLOW_SEMANTIC_INFERENCE_REVIEW_REQUIRED
logistics-shipment-quotation-duplication,logis_embarquesmagnitudes,logis,CREATE,Entidad transaccional modificada por el flujo; sus cambios deben caracterizarse antes de refactor.,"cantidad, dimension, idembarque, idtipobulto, peso, pesobruto, volumen",control de acceso/cliente; transicion o bloqueo por estado; regla documental/carga-descarga; calculo financiero/impositivo; persistencia/atomicidad/concurrencia; notificacion o acceso externo,SQL construido dinamicamente; atomicidad/concurrencia pendiente; variante cliente pendiente de confirmar; catalogo/semantica pendiente,INSERT INTO,"- Nuevas magnitudes en `logis_embarquesmagnitudes`. | `logis_embarquesmagnitudes` | Magnitudes copiadas al nuevo registro. | - `INSERT INTO logis_embarquesmagnitudes`. | Data used | `logis_embarques`, `logis_tramos`, `logis_embarquesmagnitudes`, `logis_embarquesoperador`, `logis_embarquesdocumentos` |",index_archivos/logistica/js/datosCotizacion.js:246-275 | index_archivos/logistica/ajax/duplicarCotizacion.php:12-162 | index_archivos/logistica/CotizacionClass.php:470-504 | index_archivos/logistica/js/datosEmbarques.js:1852-1888 | index_archivos/logistica/ajax/duplicarEmbarque.php:21-155 | index_archivos/logistica/CotizacionClass.php:1409-1456 | index_archivos/logistica/CotizacionClass.php:682-714 | EV-SQL_QUERY-4978218240EA46 .data_base/asgard.sql:27633 READS access to logis_embarquesmagnitudes | EV-SQL_QUERY-2DE4F47B10C829 .data_base/asgard.sql:27708 READS access to logis_embarquesmagnitudes | EV-SQL_QUERY-393B11D7DCBD30 .data_base/asgard.sql:31542 READS access to logis_embarquesmagnitudes | EV-SQL_QUERY-5C95602BD71FC8 .data_base/asgard.sql:32212 READS access to logis_embarquesmagnitudes | EV-SQL_QUERY-742A7F8D6E2EE7 .data_base/asgard.sql:33268 READS access to logis_embarquesmagnitudes | EV-SQL_QUERY-D3EDA55909A09E .data_base/asgard.sql:33938 READS access to logis_embarquesmagnitudes | EV-SQL_QUERY-F5A7428F3BA7ED .data_base/asgard.sql:34446 READS access to logis_embarquesmagnitudes | EV-SQL_QUERY-C452B1CAC60599 .data_base/asgard.sql:35140 READS access to logis_embarquesmagnitudes | EV-SQL_QUERY-DDC425684A9309 .data_base/asgard.sql:35577 READS access to logis_embarquesmagnitudes | EV-SQL_QUERY-66FB358CC22BBC .data_base/asgard.sql:36271 READS access to logis_embarquesmagnitudes | EV-SQL_QUERY-8B71E3D2DA320C index_archivos/logistica/CotizacionClass.php:509 WRITES access to logis_embarquesmagnitudes | EV-SQL_QUERY-CE5907FBE14D8C index_archivos/logistica/CotizacionClass.php:550 WRITES access to logis_embarquesmagnitudes | EV-SQL_QUERY-5F8BF701B70CB9 index_archivos/logistica/CotizacionClass.php:1322 WRITES access to logis_embarquesmagnitudes,2,1,FLOW_SEMANTIC_INFERENCE_REVIEW_REQUIRED
logistics-shipment-quotation-duplication,logis_embarquesoperador,logis,CREATE,Entidad transaccional modificada por el flujo; sus cambios deben caracterizarse antes de refactor.,"aceptado, documento, idembarque, idoperador, idusuario, llenadocot",control de acceso/cliente; transicion o bloqueo por estado; regla documental/carga-descarga; calculo financiero/impositivo; persistencia/atomicidad/concurrencia; notificacion o acceso externo,SQL construido dinamicamente; atomicidad/concurrencia pendiente; variante cliente pendiente de confirmar; catalogo/semantica pendiente,INSERT INTO,"- Nuevos operadores en `logis_embarquesoperador`. | `logis_embarquesoperador` | Operadores copiados o seleccionado/aceptado. | - `INSERT INTO logis_embarquesoperador`. | Data used | `logis_embarques`, `logis_tramos`, `logis_embarquesmagnitudes`, `logis_embarquesoperador`, `logis_embarquesdocumentos` |",index_archivos/logistica/js/datosCotizacion.js:246-275 | index_archivos/logistica/ajax/duplicarCotizacion.php:12-162 | index_archivos/logistica/CotizacionClass.php:470-504 | index_archivos/logistica/js/datosEmbarques.js:1852-1888 | index_archivos/logistica/ajax/duplicarEmbarque.php:21-155 | index_archivos/logistica/CotizacionClass.php:1409-1456 | index_archivos/logistica/CotizacionClass.php:682-714 | EV-SQL_QUERY-6AE15DB22CB672 .data_base/asgard.sql:27842 READS access to logis_embarquesoperador | EV-SQL_QUERY-29169453D20B61 .data_base/asgard.sql:30094 READS access to logis_embarquesoperador | EV-SQL_QUERY-15448775DCD88A .data_base/asgard.sql:30118 READS access to logis_embarquesoperador | EV-SQL_QUERY-DD5F45E5DDFB58 .data_base/asgard.sql:30388 READS access to logis_embarquesoperador | EV-SQL_QUERY-2B8D0BE6F22B71 .data_base/asgard.sql:30412 READS access to logis_embarquesoperador | EV-SQL_QUERY-D5D3C0BCE5C8C4 .data_base/asgard.sql:32618 READS access to logis_embarquesoperador | EV-SQL_QUERY-11EB58BDCC65F6 .data_base/asgard.sql:34249 READS access to logis_embarquesoperador | EV-SQL_QUERY-75FD1417CAAB9A .data_base/asgard.sql:35380 READS access to logis_embarquesoperador | EV-SQL_QUERY-04FECB16E4D811 .data_base/asgard.sql:36518 READS access to logis_embarquesoperador | EV-SQL_QUERY-D616EEA4BCD12A .data_base/asgard.sql:44792 READS access to logis_embarquesoperador | EV-SQL_QUERY-6D9DF0CFA2D6B7 .data_base/asgard.sql:45181 READS access to logis_embarquesoperador | EV-SQL_QUERY-0B65AAAF6631B4 index_archivos/logistica/CostosClass.php:20 READS access to logis_embarquesoperador | EV-SQL_QUERY-7B6CBD30BE0CE8 index_archivos/logistica/CostosClass.php:32 READS access to logis_embarquesoperador,5,1,FLOW_SEMANTIC_INFERENCE_REVIEW_REQUIRED
logistics-shipment-quotation-duplication,logis_tramos,logis,CREATE,Entidad transaccional modificada por el flujo; sus cambios deben caracterizarse antes de refactor.,"localidad_id, lugar_entrega_id, pais_id, puerto_id, region_id, tipo, tipo_carga_id, tramo, zipcode",control de acceso/cliente; transicion o bloqueo por estado; regla documental/carga-descarga; calculo financiero/impositivo; persistencia/atomicidad/concurrencia; notificacion o acceso externo,SQL construido dinamicamente; atomicidad/concurrencia pendiente; variante cliente pendiente de confirmar; catalogo/semantica pendiente,INSERT INTO,"- Nuevos tramos en `logis_tramos`. | `logis_tramos` | Origenes/destinos copiados. | - `INSERT INTO logis_tramos`. | Data used | `logis_embarques`, `logis_tramos`, `logis_embarquesmagnitudes`, `logis_embarquesoperador`, `logis_embarquesdocumentos` |",index_archivos/logistica/js/datosCotizacion.js:246-275 | index_archivos/logistica/ajax/duplicarCotizacion.php:12-162 | index_archivos/logistica/CotizacionClass.php:470-504 | index_archivos/logistica/js/datosEmbarques.js:1852-1888 | index_archivos/logistica/ajax/duplicarEmbarque.php:21-155 | index_archivos/logistica/CotizacionClass.php:1409-1456 | index_archivos/logistica/CotizacionClass.php:682-714 | EV-SQL_QUERY-96BA3EC62990D7 .data_base/asgard.sql:27652 READS access to logis_tramos | EV-SQL_QUERY-F0B562BC6BA2E1 .data_base/asgard.sql:27664 READS access to logis_tramos | EV-SQL_QUERY-AEF21D4A8B0FE5 .data_base/asgard.sql:27673 READS access to logis_tramos | EV-SQL_QUERY-8D1CAC6A42387A .data_base/asgard.sql:27683 READS access to logis_tramos | EV-SQL_QUERY-4AD4D9D457B3C2 .data_base/asgard.sql:27692 READS access to logis_tramos | EV-SQL_QUERY-8BC21E19BAE753 .data_base/asgard.sql:29168 READS access to logis_tramos | EV-SQL_QUERY-F3781FC566471A .data_base/asgard.sql:29169 READS access to logis_tramos | EV-SQL_QUERY-30A4176A444EC0 .data_base/asgard.sql:32353 READS access to logis_tramos | EV-SQL_QUERY-8570C1B6C95447 .data_base/asgard.sql:32354 READS access to logis_tramos | EV-SQL_QUERY-862FE94E394F4E .data_base/asgard.sql:32355 READS access to logis_tramos | EV-SQL_QUERY-3CAEA4F2F2E2D9 .data_base/asgard.sql:32583 READS access to logis_tramos | EV-SQL_QUERY-1EE44ED259E5EA .data_base/asgard.sql:34043 READS access to logis_tramos | EV-SQL_QUERY-D871CD69A28762 .data_base/asgard.sql:34044 READS access to logis_tramos,4,1,FLOW_SEMANTIC_INFERENCE_REVIEW_REQUIRED
logistics-shipment-tracking,ages_solicitudes_asesoria_gestion,ages,REPORTING_READ_MODEL,Entidad de contexto usada por el flujo para consultar o relacionar informacion de negocio.,fecha_finalizacion,control de acceso/cliente; transicion o bloqueo por estado; regla documental/carga-descarga; calculo financiero/impositivo; notificacion o acceso externo,variante cliente pendiente de confirmar; catalogo/semantica pendiente,,"`dav_casosprevios` / `ages_solicitudes_asesoria_gestion` | Relacion entre embarque, solicitud y estado operativo.",index_archivos/DashboardCBN.php:7-33 | index_archivos/DashboardCBN.php:169-340 | index_archivos/DashboardAlicorp.php:7-33 | index_archivos/logistica/EmbarqueClass.php:123-170 | index_archivos/logistica/CotizacionClass.php:423-471 | index_archivos/asesoria-gestion/components/solicitud.js:274-315 | index_archivos/DashboardAlicorp.php:109-340 | index_archivos/logistica/CotizacionClass.php:717-790 | DashboardCBN.php:7 | DashboardAlicorp.php:7 | DashboardCBN.php:9-19 | DashboardAlicorp.php:9-19 | DashboardCBN.php:22-33 | DashboardAlicorp.php:22-33 | DashboardCBN.php:169-275 | DashboardCBN.php:330-380 | CotizacionClass.php:423-425 | .data_base/asgard.sql:12210 | EmbarqueClass.php:123-138 | EmbarqueClass.php:141-149,2,0,FLOW_SEMANTIC_INFERENCE_REVIEW_REQUIRED
logistics-shipment-tracking,dav_casosprevios,dav,REPORTING_READ_MODEL,Entidad de contexto usada por el flujo para consultar o relacionar informacion de negocio.,idExchange,control de acceso/cliente; transicion o bloqueo por estado; regla documental/carga-descarga; calculo financiero/impositivo; notificacion o acceso externo,variante cliente pendiente de confirmar; catalogo/semantica pendiente,,"`dav_casosprevios` / `ages_solicitudes_asesoria_gestion` | Relacion entre embarque, solicitud y estado operativo.",index_archivos/DashboardCBN.php:7-33 | index_archivos/DashboardCBN.php:169-340 | index_archivos/DashboardAlicorp.php:7-33 | index_archivos/logistica/EmbarqueClass.php:123-170 | index_archivos/logistica/CotizacionClass.php:423-471 | index_archivos/asesoria-gestion/components/solicitud.js:274-315 | index_archivos/DashboardAlicorp.php:109-340 | index_archivos/logistica/CotizacionClass.php:717-790 | DashboardCBN.php:7 | DashboardAlicorp.php:7 | DashboardCBN.php:9-19 | DashboardAlicorp.php:9-19 | DashboardCBN.php:22-33 | DashboardAlicorp.php:22-33 | DashboardCBN.php:169-275 | DashboardCBN.php:330-380 | CotizacionClass.php:423-425 | .data_base/asgard.sql:12210 | EmbarqueClass.php:123-138 | EmbarqueClass.php:141-149,22,3,FLOW_SEMANTIC_INFERENCE_REVIEW_REQUIRED
logistics-shipment-tracking,dav_clientelineas,dav,REPORTING_READ_MODEL,Entidad de contexto usada por el flujo para consultar o relacionar informacion de negocio.,linea,control de acceso/cliente; transicion o bloqueo por estado; regla documental/carga-descarga; calculo financiero/impositivo; notificacion o acceso externo,variante cliente pendiente de confirmar; catalogo/semantica pendiente,,`dav_clientelineas` | Filtro de linea por cliente.,index_archivos/DashboardCBN.php:7-33 | index_archivos/DashboardCBN.php:169-340 | index_archivos/DashboardAlicorp.php:7-33 | index_archivos/logistica/EmbarqueClass.php:123-170 | index_archivos/logistica/CotizacionClass.php:423-471 | index_archivos/asesoria-gestion/components/solicitud.js:274-315 | index_archivos/DashboardAlicorp.php:109-340 | index_archivos/logistica/CotizacionClass.php:717-790 | DashboardCBN.php:7 | DashboardAlicorp.php:7 | DashboardCBN.php:9-19 | DashboardAlicorp.php:9-19 | DashboardCBN.php:22-33 | DashboardAlicorp.php:22-33 | DashboardCBN.php:169-275 | DashboardCBN.php:330-380 | CotizacionClass.php:423-425 | .data_base/asgard.sql:12210 | EmbarqueClass.php:123-138 | EmbarqueClass.php:141-149,11,0,FLOW_SEMANTIC_INFERENCE_REVIEW_REQUIRED
logistics-shipment-tracking,dav_proveedor,dav,REPORTING_READ_MODEL,Entidad de contexto usada por el flujo para consultar o relacionar informacion de negocio.,"email, estado, numero, proveedor",control de acceso/cliente; transicion o bloqueo por estado; regla documental/carga-descarga; calculo financiero/impositivo; notificacion o acceso externo,variante cliente pendiente de confirmar; catalogo/semantica pendiente,,`dav_proveedor` | Proveedor de mercancia.,index_archivos/DashboardCBN.php:7-33 | index_archivos/DashboardCBN.php:169-340 | index_archivos/DashboardAlicorp.php:7-33 | index_archivos/logistica/EmbarqueClass.php:123-170 | index_archivos/logistica/CotizacionClass.php:423-471 | index_archivos/asesoria-gestion/components/solicitud.js:274-315 | index_archivos/DashboardAlicorp.php:109-340 | index_archivos/logistica/CotizacionClass.php:717-790 | DashboardCBN.php:7 | DashboardAlicorp.php:7 | DashboardCBN.php:9-19 | DashboardAlicorp.php:9-19 | DashboardCBN.php:22-33 | DashboardAlicorp.php:22-33 | DashboardCBN.php:169-275 | DashboardCBN.php:330-380 | CotizacionClass.php:423-425 | .data_base/asgard.sql:12210 | EmbarqueClass.php:123-138 | EmbarqueClass.php:141-149,19,2,FLOW_SEMANTIC_INFERENCE_REVIEW_REQUIRED
logistics-shipment-tracking,dav_puerto,dav,REPORTING_READ_MODEL,"Catalogo o parametro que condiciona reglas, permisos o variantes del flujo.",puerto,control de acceso/cliente; transicion o bloqueo por estado; regla documental/carga-descarga; calculo financiero/impositivo; notificacion o acceso externo,variante cliente pendiente de confirmar; catalogo/semantica pendiente,,"`dav_puerto`, `tck_lugaresentregacarga`, `logis_tipocarga` | Destino, lugar de entrega y tipo de carga usados en rutas/tramos.",index_archivos/DashboardCBN.php:7-33 | index_archivos/DashboardCBN.php:169-340 | index_archivos/DashboardAlicorp.php:7-33 | index_archivos/logistica/EmbarqueClass.php:123-170 | index_archivos/logistica/CotizacionClass.php:423-471 | index_archivos/asesoria-gestion/components/solicitud.js:274-315 | index_archivos/DashboardAlicorp.php:109-340 | index_archivos/logistica/CotizacionClass.php:717-790 | DashboardCBN.php:7 | DashboardAlicorp.php:7 | DashboardCBN.php:9-19 | DashboardAlicorp.php:9-19 | DashboardCBN.php:22-33 | DashboardAlicorp.php:22-33 | DashboardCBN.php:169-275 | DashboardCBN.php:330-380 | CotizacionClass.php:423-425 | .data_base/asgard.sql:12210 | EmbarqueClass.php:123-138 | EmbarqueClass.php:141-149,6,0,FLOW_SEMANTIC_INFERENCE_REVIEW_REQUIRED
logistics-shipment-tracking,logis_edp,logis,REPORTING_READ_MODEL,Entidad de contexto usada por el flujo para consultar o relacionar informacion de negocio.,"edp, fecha, mail",control de acceso/cliente; transicion o bloqueo por estado; regla documental/carga-descarga; calculo financiero/impositivo; notificacion o acceso externo,variante cliente pendiente de confirmar; catalogo/semantica pendiente,,LST-BR-007 | Estado de embarque puede derivarse desde `logis_edp` cuando existe EDP por cliente/embarque. | `logis_edp` | Historial/registro de EDP usado para derivar estado de embarque. | En seguimiento EDP | Estado derivado desde `logis_edp`/`logis_estados_edp`.,index_archivos/DashboardCBN.php:7-33 | index_archivos/DashboardCBN.php:169-340 | index_archivos/DashboardAlicorp.php:7-33 | index_archivos/logistica/EmbarqueClass.php:123-170 | index_archivos/logistica/CotizacionClass.php:423-471 | index_archivos/asesoria-gestion/components/solicitud.js:274-315 | index_archivos/DashboardAlicorp.php:109-340 | index_archivos/logistica/CotizacionClass.php:717-790 | DashboardCBN.php:7 | DashboardAlicorp.php:7 | DashboardCBN.php:9-19 | DashboardAlicorp.php:9-19 | DashboardCBN.php:22-33 | DashboardAlicorp.php:22-33 | DashboardCBN.php:169-275 | DashboardCBN.php:330-380 | CotizacionClass.php:423-425 | .data_base/asgard.sql:12210 | EmbarqueClass.php:123-138 | EmbarqueClass.php:141-149,2,1,FLOW_SEMANTIC_INFERENCE_REVIEW_REQUIRED
logistics-shipment-tracking,logis_emailcliente,logis,REPORTING_READ_MODEL,Entidad de contexto usada por el flujo para consultar o relacionar informacion de negocio.,"email, nombre",control de acceso/cliente; transicion o bloqueo por estado; regla documental/carga-descarga; calculo financiero/impositivo; notificacion o acceso externo,variante cliente pendiente de confirmar; catalogo/semantica pendiente,,"`logis_emailcliente`, `logis_embarquereferencias`, `logis_estados`, `tmp_asignacion_viaje`, `tmp_casosprevios`, `tmp_embarquesoperador`, `tmp_estadoEmbarque` | Soporte de correo, referencias, estado y temporales de consolidacion de embarques.",index_archivos/DashboardCBN.php:7-33 | index_archivos/DashboardCBN.php:169-340 | index_archivos/DashboardAlicorp.php:7-33 | index_archivos/logistica/EmbarqueClass.php:123-170 | index_archivos/logistica/CotizacionClass.php:423-471 | index_archivos/asesoria-gestion/components/solicitud.js:274-315 | index_archivos/DashboardAlicorp.php:109-340 | index_archivos/logistica/CotizacionClass.php:717-790 | DashboardCBN.php:7 | DashboardAlicorp.php:7 | DashboardCBN.php:9-19 | DashboardAlicorp.php:9-19 | DashboardCBN.php:22-33 | DashboardAlicorp.php:22-33 | DashboardCBN.php:169-275 | DashboardCBN.php:330-380 | CotizacionClass.php:423-425 | .data_base/asgard.sql:12210 | EmbarqueClass.php:123-138 | EmbarqueClass.php:141-149,1,0,FLOW_SEMANTIC_INFERENCE_REVIEW_REQUIRED
logistics-shipment-tracking,logis_embarquereferencias,logis,REPORTING_READ_MODEL,Entidad de contexto usada por el flujo para consultar o relacionar informacion de negocio.,descripcion,control de acceso/cliente; transicion o bloqueo por estado; regla documental/carga-descarga; calculo financiero/impositivo; notificacion o acceso externo,variante cliente pendiente de confirmar; catalogo/semantica pendiente,,"`logis_emailcliente`, `logis_embarquereferencias`, `logis_estados`, `tmp_asignacion_viaje`, `tmp_casosprevios`, `tmp_embarquesoperador`, `tmp_estadoEmbarque` | Soporte de correo, referencias, estado y temporales de consolidacion de embarques.",index_archivos/DashboardCBN.php:7-33 | index_archivos/DashboardCBN.php:169-340 | index_archivos/DashboardAlicorp.php:7-33 | index_archivos/logistica/EmbarqueClass.php:123-170 | index_archivos/logistica/CotizacionClass.php:423-471 | index_archivos/asesoria-gestion/components/solicitud.js:274-315 | index_archivos/DashboardAlicorp.php:109-340 | index_archivos/logistica/CotizacionClass.php:717-790 | DashboardCBN.php:7 | DashboardAlicorp.php:7 | DashboardCBN.php:9-19 | DashboardAlicorp.php:9-19 | DashboardCBN.php:22-33 | DashboardAlicorp.php:22-33 | DashboardCBN.php:169-275 | DashboardCBN.php:330-380 | CotizacionClass.php:423-425 | .data_base/asgard.sql:12210 | EmbarqueClass.php:123-138 | EmbarqueClass.php:141-149,1,0,FLOW_SEMANTIC_INFERENCE_REVIEW_REQUIRED
logistics-shipment-tracking,logis_embarques,logis,REPORTING_READ_MODEL,Modelo de lectura o fuente de reporteria del flujo.,"fecha_finalizacion, idExchange",control de acceso/cliente; transicion o bloqueo por estado; regla documental/carga-descarga; calculo financiero/impositivo; notificacion o acceso externo,variante cliente pendiente de confirmar; catalogo/semantica pendiente,,"ASGARD consulta `logis_embarques`, `logis_pedidos`, estados EDP y tablas relacionadas. | `logis_embarques` | Cabecera de embarque, cliente, proveedor, orden, modalidad, agente, exchange, fechas y finalizacion. | `logis_embarquesoperador` | Estados de cotizacion/aceptacion/confirmacion por operador. | Creado | Registro en `logis_embarques`. | Con operador | Operadores asociados en `logis_embarquesoperador`. | Shipments are stored in `logis_embarques`.",index_archivos/DashboardCBN.php:7-33 | index_archivos/DashboardCBN.php:169-340 | index_archivos/DashboardAlicorp.php:7-33 | index_archivos/logistica/EmbarqueClass.php:123-170 | index_archivos/logistica/CotizacionClass.php:423-471 | index_archivos/asesoria-gestion/components/solicitud.js:274-315 | index_archivos/DashboardAlicorp.php:109-340 | index_archivos/logistica/CotizacionClass.php:717-790 | DashboardCBN.php:7 | DashboardAlicorp.php:7 | DashboardCBN.php:9-19 | DashboardAlicorp.php:9-19 | DashboardCBN.php:22-33 | DashboardAlicorp.php:22-33 | DashboardCBN.php:169-275 | DashboardCBN.php:330-380 | CotizacionClass.php:423-425 | .data_base/asgard.sql:12210 | EmbarqueClass.php:123-138 | EmbarqueClass.php:141-149,25,3,FLOW_SEMANTIC_INFERENCE_REVIEW_REQUIRED
logistics-shipment-tracking,logis_embarquesoperador,logis,REPORTING_READ_MODEL,Entidad de contexto usada por el flujo para consultar o relacionar informacion de negocio.,"aceptado, confirmado, enviocot, llenadocot, revisioncot",control de acceso/cliente; transicion o bloqueo por estado; regla documental/carga-descarga; calculo financiero/impositivo; notificacion o acceso externo,variante cliente pendiente de confirmar; catalogo/semantica pendiente,,`logis_embarquesoperador` | Estados de cotizacion/aceptacion/confirmacion por operador. | Con operador | Operadores asociados en `logis_embarquesoperador`.,index_archivos/DashboardCBN.php:7-33 | index_archivos/DashboardCBN.php:169-340 | index_archivos/DashboardAlicorp.php:7-33 | index_archivos/logistica/EmbarqueClass.php:123-170 | index_archivos/logistica/CotizacionClass.php:423-471 | index_archivos/asesoria-gestion/components/solicitud.js:274-315 | index_archivos/DashboardAlicorp.php:109-340 | index_archivos/logistica/CotizacionClass.php:717-790 | DashboardCBN.php:7 | DashboardAlicorp.php:7 | DashboardCBN.php:9-19 | DashboardAlicorp.php:9-19 | DashboardCBN.php:22-33 | DashboardAlicorp.php:22-33 | DashboardCBN.php:169-275 | DashboardCBN.php:330-380 | CotizacionClass.php:423-425 | .data_base/asgard.sql:12210 | EmbarqueClass.php:123-138 | EmbarqueClass.php:141-149,5,1,FLOW_SEMANTIC_INFERENCE_REVIEW_REQUIRED
logistics-shipment-tracking,logis_estados,logis,REFERENCE_OR_STATE_CATALOG,"Catalogo o parametro que condiciona reglas, permisos o variantes del flujo.",estado,control de acceso/cliente; transicion o bloqueo por estado; regla documental/carga-descarga; calculo financiero/impositivo; notificacion o acceso externo,variante cliente pendiente de confirmar; catalogo/semantica pendiente,,"`logis_estados_edp` | Catalogo de estados EDP por cliente/etapa/tipo proveedor. | `logis_emailcliente`, `logis_embarquereferencias`, `logis_estados`, `tmp_asignacion_viaje`, `tmp_casosprevios`, `tmp_embarquesoperador`, `tmp_estadoEmbarque` | Soporte de correo, referencias, estado y temporales de consolidacion de embarques. | En seguimiento EDP | Estado derivado desde `logis_edp`/`logis_estados_edp`.",index_archivos/DashboardCBN.php:7-33 | index_archivos/DashboardCBN.php:169-340 | index_archivos/DashboardAlicorp.php:7-33 | index_archivos/logistica/EmbarqueClass.php:123-170 | index_archivos/logistica/CotizacionClass.php:423-471 | index_archivos/asesoria-gestion/components/solicitud.js:274-315 | index_archivos/DashboardAlicorp.php:109-340 | index_archivos/logistica/CotizacionClass.php:717-790 | DashboardCBN.php:7 | DashboardAlicorp.php:7 | DashboardCBN.php:9-19 | DashboardAlicorp.php:9-19 | DashboardCBN.php:22-33 | DashboardAlicorp.php:22-33 | DashboardCBN.php:169-275 | DashboardCBN.php:330-380 | CotizacionClass.php:423-425 | .data_base/asgard.sql:12210 | EmbarqueClass.php:123-138 | EmbarqueClass.php:141-149,2,0,FLOW_SEMANTIC_INFERENCE_REVIEW_REQUIRED
logistics-shipment-tracking,logis_estados_edp,logis,REFERENCE_OR_STATE_CATALOG,"Catalogo o parametro que condiciona reglas, permisos o variantes del flujo.",etapa,control de acceso/cliente; transicion o bloqueo por estado; regla documental/carga-descarga; calculo financiero/impositivo; notificacion o acceso externo,variante cliente pendiente de confirmar; catalogo/semantica pendiente,,`logis_estados_edp` | Catalogo de estados EDP por cliente/etapa/tipo proveedor. | En seguimiento EDP | Estado derivado desde `logis_edp`/`logis_estados_edp`.,index_archivos/DashboardCBN.php:7-33 | index_archivos/DashboardCBN.php:169-340 | index_archivos/DashboardAlicorp.php:7-33 | index_archivos/logistica/EmbarqueClass.php:123-170 | index_archivos/logistica/CotizacionClass.php:423-471 | index_archivos/asesoria-gestion/components/solicitud.js:274-315 | index_archivos/DashboardAlicorp.php:109-340 | index_archivos/logistica/CotizacionClass.php:717-790 | DashboardCBN.php:7 | DashboardAlicorp.php:7 | DashboardCBN.php:9-19 | DashboardAlicorp.php:9-19 | DashboardCBN.php:22-33 | DashboardAlicorp.php:22-33 | DashboardCBN.php:169-275 | DashboardCBN.php:330-380 | CotizacionClass.php:423-425 | .data_base/asgard.sql:12210 | EmbarqueClass.php:123-138 | EmbarqueClass.php:141-149,2,0,FLOW_SEMANTIC_INFERENCE_REVIEW_REQUIRED
logistics-shipment-tracking,logis_pedidos,logis,REPORTING_READ_MODEL,Modelo de lectura o fuente de reporteria del flujo.,archivo,control de acceso/cliente; transicion o bloqueo por estado; regla documental/carga-descarga; calculo financiero/impositivo; notificacion o acceso externo,variante cliente pendiente de confirmar; catalogo/semantica pendiente,,"ASGARD consulta `logis_embarques`, `logis_pedidos`, estados EDP y tablas relacionadas. | `logis_pedidos` | Pedido logistico relacionado con proveedor, cliente, exchange y embarque.",index_archivos/DashboardCBN.php:7-33 | index_archivos/DashboardCBN.php:169-340 | index_archivos/DashboardAlicorp.php:7-33 | index_archivos/logistica/EmbarqueClass.php:123-170 | index_archivos/logistica/CotizacionClass.php:423-471 | index_archivos/asesoria-gestion/components/solicitud.js:274-315 | index_archivos/DashboardAlicorp.php:109-340 | index_archivos/logistica/CotizacionClass.php:717-790 | DashboardCBN.php:7 | DashboardAlicorp.php:7 | DashboardCBN.php:9-19 | DashboardAlicorp.php:9-19 | DashboardCBN.php:22-33 | DashboardAlicorp.php:22-33 | DashboardCBN.php:169-275 | DashboardCBN.php:330-380 | CotizacionClass.php:423-425 | .data_base/asgard.sql:12210 | EmbarqueClass.php:123-138 | EmbarqueClass.php:141-149,3,1,FLOW_SEMANTIC_INFERENCE_REVIEW_REQUIRED
logistics-shipment-tracking,logis_tipocarga,logis,REFERENCE_OR_STATE_CATALOG,"Catalogo o parametro que condiciona reglas, permisos o variantes del flujo.",tipocarga,control de acceso/cliente; transicion o bloqueo por estado; regla documental/carga-descarga; calculo financiero/impositivo; notificacion o acceso externo,variante cliente pendiente de confirmar; catalogo/semantica pendiente,,"`dav_puerto`, `tck_lugaresentregacarga`, `logis_tipocarga` | Destino, lugar de entrega y tipo de carga usados en rutas/tramos.",index_archivos/DashboardCBN.php:7-33 | index_archivos/DashboardCBN.php:169-340 | index_archivos/DashboardAlicorp.php:7-33 | index_archivos/logistica/EmbarqueClass.php:123-170 | index_archivos/logistica/CotizacionClass.php:423-471 | index_archivos/asesoria-gestion/components/solicitud.js:274-315 | index_archivos/DashboardAlicorp.php:109-340 | index_archivos/logistica/CotizacionClass.php:717-790 | DashboardCBN.php:7 | DashboardAlicorp.php:7 | DashboardCBN.php:9-19 | DashboardAlicorp.php:9-19 | DashboardCBN.php:22-33 | DashboardAlicorp.php:22-33 | DashboardCBN.php:169-275 | DashboardCBN.php:330-380 | CotizacionClass.php:423-425 | .data_base/asgard.sql:12210 | EmbarqueClass.php:123-138 | EmbarqueClass.php:141-149,6,0,FLOW_SEMANTIC_INFERENCE_REVIEW_REQUIRED
logistics-shipment-tracking,logis_tipomercancia,logis,REFERENCE_OR_STATE_CATALOG,"Catalogo o parametro que condiciona reglas, permisos o variantes del flujo.",tipomercancia,control de acceso/cliente; transicion o bloqueo por estado; regla documental/carga-descarga; calculo financiero/impositivo; notificacion o acceso externo,variante cliente pendiente de confirmar; catalogo/semantica pendiente,,"`logis_tipomercancia`, `logis_tipomercanciaclase`, `logis_tipomercanciaun` | Clasificacion de mercancia visible en embarque/viaje/notificaciones.",index_archivos/DashboardCBN.php:7-33 | index_archivos/DashboardCBN.php:169-340 | index_archivos/DashboardAlicorp.php:7-33 | index_archivos/logistica/EmbarqueClass.php:123-170 | index_archivos/logistica/CotizacionClass.php:423-471 | index_archivos/asesoria-gestion/components/solicitud.js:274-315 | index_archivos/DashboardAlicorp.php:109-340 | index_archivos/logistica/CotizacionClass.php:717-790 | DashboardCBN.php:7 | DashboardAlicorp.php:7 | DashboardCBN.php:9-19 | DashboardAlicorp.php:9-19 | DashboardCBN.php:22-33 | DashboardAlicorp.php:22-33 | DashboardCBN.php:169-275 | DashboardCBN.php:330-380 | CotizacionClass.php:423-425 | .data_base/asgard.sql:12210 | EmbarqueClass.php:123-138 | EmbarqueClass.php:141-149,7,0,FLOW_SEMANTIC_INFERENCE_REVIEW_REQUIRED
logistics-shipment-tracking,logis_tipomercanciaclase,logis,REFERENCE_OR_STATE_CATALOG,"Catalogo o parametro que condiciona reglas, permisos o variantes del flujo.",,control de acceso/cliente; transicion o bloqueo por estado; regla documental/carga-descarga; calculo financiero/impositivo; notificacion o acceso externo,variante cliente pendiente de confirmar; catalogo/semantica pendiente,,"`logis_tipomercancia`, `logis_tipomercanciaclase`, `logis_tipomercanciaun` | Clasificacion de mercancia visible en embarque/viaje/notificaciones.",index_archivos/DashboardCBN.php:7-33 | index_archivos/DashboardCBN.php:169-340 | index_archivos/DashboardAlicorp.php:7-33 | index_archivos/logistica/EmbarqueClass.php:123-170 | index_archivos/logistica/CotizacionClass.php:423-471 | index_archivos/asesoria-gestion/components/solicitud.js:274-315 | index_archivos/DashboardAlicorp.php:109-340 | index_archivos/logistica/CotizacionClass.php:717-790 | DashboardCBN.php:7 | DashboardAlicorp.php:7 | DashboardCBN.php:9-19 | DashboardAlicorp.php:9-19 | DashboardCBN.php:22-33 | DashboardAlicorp.php:22-33 | DashboardCBN.php:169-275 | DashboardCBN.php:330-380 | CotizacionClass.php:423-425 | .data_base/asgard.sql:12210 | EmbarqueClass.php:123-138 | EmbarqueClass.php:141-149,4,0,FLOW_SEMANTIC_INFERENCE_REVIEW_REQUIRED
logistics-shipment-tracking,logis_tipomercanciaun,logis,REFERENCE_OR_STATE_CATALOG,"Catalogo o parametro que condiciona reglas, permisos o variantes del flujo.",,control de acceso/cliente; transicion o bloqueo por estado; regla documental/carga-descarga; calculo financiero/impositivo; notificacion o acceso externo,variante cliente pendiente de confirmar; catalogo/semantica pendiente,,"`logis_tipomercancia`, `logis_tipomercanciaclase`, `logis_tipomercanciaun` | Clasificacion de mercancia visible en embarque/viaje/notificaciones.",index_archivos/DashboardCBN.php:7-33 | index_archivos/DashboardCBN.php:169-340 | index_archivos/DashboardAlicorp.php:7-33 | index_archivos/logistica/EmbarqueClass.php:123-170 | index_archivos/logistica/CotizacionClass.php:423-471 | index_archivos/asesoria-gestion/components/solicitud.js:274-315 | index_archivos/DashboardAlicorp.php:109-340 | index_archivos/logistica/CotizacionClass.php:717-790 | DashboardCBN.php:7 | DashboardAlicorp.php:7 | DashboardCBN.php:9-19 | DashboardAlicorp.php:9-19 | DashboardCBN.php:22-33 | DashboardAlicorp.php:22-33 | DashboardCBN.php:169-275 | DashboardCBN.php:330-380 | CotizacionClass.php:423-425 | .data_base/asgard.sql:12210 | EmbarqueClass.php:123-138 | EmbarqueClass.php:141-149,4,0,FLOW_SEMANTIC_INFERENCE_REVIEW_REQUIRED
logistics-shipment-tracking,prov_clientes_proveedores,prov,REPORTING_READ_MODEL,Modelo de lectura o fuente de reporteria del flujo.,"nit, nombre",control de acceso/cliente; transicion o bloqueo por estado; regla documental/carga-descarga; calculo financiero/impositivo; notificacion o acceso externo,variante cliente pendiente de confirmar; catalogo/semantica pendiente,,`prov_clientes_proveedores` | Relacion cliente-proveedor consultada desde tracking de operador/transporte.,index_archivos/DashboardCBN.php:7-33 | index_archivos/DashboardCBN.php:169-340 | index_archivos/DashboardAlicorp.php:7-33 | index_archivos/logistica/EmbarqueClass.php:123-170 | index_archivos/logistica/CotizacionClass.php:423-471 | index_archivos/asesoria-gestion/components/solicitud.js:274-315 | index_archivos/DashboardAlicorp.php:109-340 | index_archivos/logistica/CotizacionClass.php:717-790 | DashboardCBN.php:7 | DashboardAlicorp.php:7 | DashboardCBN.php:9-19 | DashboardAlicorp.php:9-19 | DashboardCBN.php:22-33 | DashboardAlicorp.php:22-33 | DashboardCBN.php:169-275 | DashboardCBN.php:330-380 | CotizacionClass.php:423-425 | .data_base/asgard.sql:12210 | EmbarqueClass.php:123-138 | EmbarqueClass.php:141-149,1,0,FLOW_SEMANTIC_INFERENCE_REVIEW_REQUIRED
logistics-shipment-tracking,tck_carga,tck,REPORTING_READ_MODEL,Modelo de lectura o fuente de reporteria del flujo.,tipo,control de acceso/cliente; transicion o bloqueo por estado; regla documental/carga-descarga; calculo financiero/impositivo; notificacion o acceso externo,variante cliente pendiente de confirmar; catalogo/semantica pendiente,,"`tck_carga`, `tck_orden_viaje`, `v_tck_infoviajecliente`, `tck_imagenes` | Datos de viaje/carga/evidencia consultados para seguimiento y tracking.",index_archivos/DashboardCBN.php:7-33 | index_archivos/DashboardCBN.php:169-340 | index_archivos/DashboardAlicorp.php:7-33 | index_archivos/logistica/EmbarqueClass.php:123-170 | index_archivos/logistica/CotizacionClass.php:423-471 | index_archivos/asesoria-gestion/components/solicitud.js:274-315 | index_archivos/DashboardAlicorp.php:109-340 | index_archivos/logistica/CotizacionClass.php:717-790 | DashboardCBN.php:7 | DashboardAlicorp.php:7 | DashboardCBN.php:9-19 | DashboardAlicorp.php:9-19 | DashboardCBN.php:22-33 | DashboardAlicorp.php:22-33 | DashboardCBN.php:169-275 | DashboardCBN.php:330-380 | CotizacionClass.php:423-425 | .data_base/asgard.sql:12210 | EmbarqueClass.php:123-138 | EmbarqueClass.php:141-149,3,1,FLOW_SEMANTIC_INFERENCE_REVIEW_REQUIRED
logistics-shipment-tracking,tck_imagenes,tck,REPORTING_READ_MODEL,Modelo de lectura o fuente de reporteria del flujo.,"image, tipo",control de acceso/cliente; transicion o bloqueo por estado; regla documental/carga-descarga; calculo financiero/impositivo; notificacion o acceso externo,variante cliente pendiente de confirmar; catalogo/semantica pendiente,,"`tck_carga`, `tck_orden_viaje`, `v_tck_infoviajecliente`, `tck_imagenes` | Datos de viaje/carga/evidencia consultados para seguimiento y tracking.",index_archivos/DashboardCBN.php:7-33 | index_archivos/DashboardCBN.php:169-340 | index_archivos/DashboardAlicorp.php:7-33 | index_archivos/logistica/EmbarqueClass.php:123-170 | index_archivos/logistica/CotizacionClass.php:423-471 | index_archivos/asesoria-gestion/components/solicitud.js:274-315 | index_archivos/DashboardAlicorp.php:109-340 | index_archivos/logistica/CotizacionClass.php:717-790 | DashboardCBN.php:7 | DashboardAlicorp.php:7 | DashboardCBN.php:9-19 | DashboardAlicorp.php:9-19 | DashboardCBN.php:22-33 | DashboardAlicorp.php:22-33 | DashboardCBN.php:169-275 | DashboardCBN.php:330-380 | CotizacionClass.php:423-425 | .data_base/asgard.sql:12210 | EmbarqueClass.php:123-138 | EmbarqueClass.php:141-149,4,1,FLOW_SEMANTIC_INFERENCE_REVIEW_REQUIRED
logistics-shipment-tracking,tck_lugaresentregacarga,tck,REPORTING_READ_MODEL,"Catalogo o parametro que condiciona reglas, permisos o variantes del flujo.",descripcion,control de acceso/cliente; transicion o bloqueo por estado; regla documental/carga-descarga; calculo financiero/impositivo; notificacion o acceso externo,variante cliente pendiente de confirmar; catalogo/semantica pendiente,,"`dav_puerto`, `tck_lugaresentregacarga`, `logis_tipocarga` | Destino, lugar de entrega y tipo de carga usados en rutas/tramos.",index_archivos/DashboardCBN.php:7-33 | index_archivos/DashboardCBN.php:169-340 | index_archivos/DashboardAlicorp.php:7-33 | index_archivos/logistica/EmbarqueClass.php:123-170 | index_archivos/logistica/CotizacionClass.php:423-471 | index_archivos/asesoria-gestion/components/solicitud.js:274-315 | index_archivos/DashboardAlicorp.php:109-340 | index_archivos/logistica/CotizacionClass.php:717-790 | DashboardCBN.php:7 | DashboardAlicorp.php:7 | DashboardCBN.php:9-19 | DashboardAlicorp.php:9-19 | DashboardCBN.php:22-33 | DashboardAlicorp.php:22-33 | DashboardCBN.php:169-275 | DashboardCBN.php:330-380 | CotizacionClass.php:423-425 | .data_base/asgard.sql:12210 | EmbarqueClass.php:123-138 | EmbarqueClass.php:141-149,5,0,FLOW_SEMANTIC_INFERENCE_REVIEW_REQUIRED
logistics-shipment-tracking,tck_orden_viaje,tck,REPORTING_READ_MODEL,Modelo de lectura o fuente de reporteria del flujo.,"descripcion, proveedor",control de acceso/cliente; transicion o bloqueo por estado; regla documental/carga-descarga; calculo financiero/impositivo; notificacion o acceso externo,variante cliente pendiente de confirmar; catalogo/semantica pendiente,,"`tck_carga`, `tck_orden_viaje`, `v_tck_infoviajecliente`, `tck_imagenes` | Datos de viaje/carga/evidencia consultados para seguimiento y tracking.",index_archivos/DashboardCBN.php:7-33 | index_archivos/DashboardCBN.php:169-340 | index_archivos/DashboardAlicorp.php:7-33 | index_archivos/logistica/EmbarqueClass.php:123-170 | index_archivos/logistica/CotizacionClass.php:423-471 | index_archivos/asesoria-gestion/components/solicitud.js:274-315 | index_archivos/DashboardAlicorp.php:109-340 | index_archivos/logistica/CotizacionClass.php:717-790 | DashboardCBN.php:7 | DashboardAlicorp.php:7 | DashboardCBN.php:9-19 | DashboardAlicorp.php:9-19 | DashboardCBN.php:22-33 | DashboardAlicorp.php:22-33 | DashboardCBN.php:169-275 | DashboardCBN.php:330-380 | CotizacionClass.php:423-425 | .data_base/asgard.sql:12210 | EmbarqueClass.php:123-138 | EmbarqueClass.php:141-149,3,1,FLOW_SEMANTIC_INFERENCE_REVIEW_REQUIRED
logistics-shipment-tracking,tmp_casosprevios,tmp,TEMPORARY_VALIDATION_OR_REPORTING_SUPPORT,"Tabla temporal/staging usada para preparar, validar o consolidar informacion del flujo.",aduana,control de acceso/cliente; transicion o bloqueo por estado; regla documental/carga-descarga; calculo financiero/impositivo; notificacion o acceso externo,variante cliente pendiente de confirmar; catalogo/semantica pendiente,,"`logis_emailcliente`, `logis_embarquereferencias`, `logis_estados`, `tmp_asignacion_viaje`, `tmp_casosprevios`, `tmp_embarquesoperador`, `tmp_estadoEmbarque` | Soporte de correo, referencias, estado y temporales de consolidacion de embarques.",index_archivos/DashboardCBN.php:7-33 | index_archivos/DashboardCBN.php:169-340 | index_archivos/DashboardAlicorp.php:7-33 | index_archivos/logistica/EmbarqueClass.php:123-170 | index_archivos/logistica/CotizacionClass.php:423-471 | index_archivos/asesoria-gestion/components/solicitud.js:274-315 | index_archivos/DashboardAlicorp.php:109-340 | index_archivos/logistica/CotizacionClass.php:717-790 | DashboardCBN.php:7 | DashboardAlicorp.php:7 | DashboardCBN.php:9-19 | DashboardAlicorp.php:9-19 | DashboardCBN.php:22-33 | DashboardAlicorp.php:22-33 | DashboardCBN.php:169-275 | DashboardCBN.php:330-380 | CotizacionClass.php:423-425 | .data_base/asgard.sql:12210 | EmbarqueClass.php:123-138 | EmbarqueClass.php:141-149,2,1,FLOW_SEMANTIC_INFERENCE_REVIEW_REQUIRED
logistics-shipment-tracking,tmp_estadoEmbarque,tmp,TEMPORARY_VALIDATION_OR_REPORTING_SUPPORT,"Tabla temporal/staging usada para preparar, validar o consolidar informacion del flujo.",fecha_finalizacion,control de acceso/cliente; transicion o bloqueo por estado; regla documental/carga-descarga; calculo financiero/impositivo; notificacion o acceso externo,variante cliente pendiente de confirmar; catalogo/semantica pendiente,,"`logis_emailcliente`, `logis_embarquereferencias`, `logis_estados`, `tmp_asignacion_viaje`, `tmp_casosprevios`, `tmp_embarquesoperador`, `tmp_estadoEmbarque` | Soporte de correo, referencias, estado y temporales de consolidacion de embarques.",index_archivos/DashboardCBN.php:7-33 | index_archivos/DashboardCBN.php:169-340 | index_archivos/DashboardAlicorp.php:7-33 | index_archivos/logistica/EmbarqueClass.php:123-170 | index_archivos/logistica/CotizacionClass.php:423-471 | index_archivos/asesoria-gestion/components/solicitud.js:274-315 | index_archivos/DashboardAlicorp.php:109-340 | index_archivos/logistica/CotizacionClass.php:717-790 | DashboardCBN.php:7 | DashboardAlicorp.php:7 | DashboardCBN.php:9-19 | DashboardAlicorp.php:9-19 | DashboardCBN.php:22-33 | DashboardAlicorp.php:22-33 | DashboardCBN.php:169-275 | DashboardCBN.php:330-380 | CotizacionClass.php:423-425 | .data_base/asgard.sql:12210 | EmbarqueClass.php:123-138 | EmbarqueClass.php:141-149,2,1,FLOW_SEMANTIC_INFERENCE_REVIEW_REQUIRED
master-data-configuration,dav_cliente,dav,REPORTING_READ_MODEL,"Catalogo o parametro que condiciona reglas, permisos o variantes del flujo.","activo, cliente, contrasena, idcliente, idpais, nit, username",control de acceso/cliente; transicion o bloqueo por estado; regla documental/carga-descarga; calculo financiero/impositivo; persistencia/atomicidad/concurrencia; notificacion o acceso externo,atomicidad/concurrencia pendiente; variante cliente pendiente de confirmar; catalogo/semantica pendiente; seguridad/autorizacion sensible,,"El sistema crea el registro maestro: - usuarios en `dav_clienteusuarios`; - proveedores y consignatarios en `dav_proveedor`; - operadores de transporte en `dav_clientetransportista`; - usuarios firmantes en `dav_cliente_usuarios_firmantes`; - relaciones cliente-tercero en tablas puente como `dav_clienteproveedor` o `dav_clientetransportista`. | BR-MDC-005 | Los permisos de usuario se derivan de reportes habilitados por cliente y registros en `dav_clienteusuariospermisos`. | `dav_cliente` | Cliente propietario de usuarios, permisos y terceros. | `dav_clienteusuarios` | Usuarios de cliente que operan en el portal. | `dav_clienteusuariospermisos` | Permisos efectivos por usuario de cliente. | `dav_clienteproveedor` | Relacion entre cliente y proveedor.",.data_base/asgard.sql:2600-3354 | .data_base/asgard.sql:9016-9135 | .data_base/asgard.sql:12056-12075 | index_archivos/parametros/usuarios/Usuarios.php:86-110 | index_archivos/parametros/usuarios/ajax/validarUsuario.php:13-29 | index_archivos/parametros/usuarios/Usuarios.php:153-160 | index_archivos/parametros/usuarios/Usuarios.php:35-48 | index_archivos/parametros/usuarios/Usuarios.php:184-203 | index_archivos/parametros/proveedormercancia/ProveedorMercancia.php:78-111 | index_archivos/parametros/proveedormercancia/ajax/listaProveedores.php:27-30 | index_archivos/parametros/proveedormercancia/ProveedorMercancia.php:721-741 | index_archivos/parametros/proveedormercancia/ProveedorMercancia.php:750-816 | index_archivos/parametros/proveedormercancia/ProveedorMercancia.php:817-825 | index_archivos/parametros/operadortransporte/OperadorTransporte.php:122-134 | index_archivos/parametros/operadortransporte/OperadorTransporte.php:136-166 | index_archivos/parametros/operadortransporte/OperadorTransporte.php:168-223 | index_archivos/parametros/usuarioFirmante/UsuarioFirmante.php:8-18 | Usuarios.php:86-110 | Usuarios.php:165-180 | Usuarios.php:35-48,21,1,FLOW_SEMANTIC_INFERENCE_REVIEW_REQUIRED
master-data-configuration,dav_cliente_usuarios_firmantes,dav,REPORTING_READ_MODEL,Entidad de contexto usada por el flujo para consultar o relacionar informacion de negocio.,"activo, codigo_pais, contacto_usuario_firmante, created_at, deleted_at, empresa_transporte, id, nombre_usuario_firmante, numero_ci, updated_at, usuario_firmante",control de acceso/cliente; transicion o bloqueo por estado; regla documental/carga-descarga; calculo financiero/impositivo; persistencia/atomicidad/concurrencia; notificacion o acceso externo,atomicidad/concurrencia pendiente; variante cliente pendiente de confirmar; catalogo/semantica pendiente; seguridad/autorizacion sensible,,El sistema crea el registro maestro: - usuarios en `dav_clienteusuarios`; - proveedores y consignatarios en `dav_proveedor`; - operadores de transporte en `dav_clientetransportista`; - usuarios firmantes en `dav_cliente_usuarios_firmantes`; - relaciones cliente-tercero en tablas puente como `dav_clienteproveedor` o `dav_clientetransportista`. | `dav_cliente_usuarios_firmantes` | Usuarios firmantes habilitados.,.data_base/asgard.sql:2600-3354 | .data_base/asgard.sql:9016-9135 | .data_base/asgard.sql:12056-12075 | index_archivos/parametros/usuarios/Usuarios.php:86-110 | index_archivos/parametros/usuarios/ajax/validarUsuario.php:13-29 | index_archivos/parametros/usuarios/Usuarios.php:153-160 | index_archivos/parametros/usuarios/Usuarios.php:35-48 | index_archivos/parametros/usuarios/Usuarios.php:184-203 | index_archivos/parametros/proveedormercancia/ProveedorMercancia.php:78-111 | index_archivos/parametros/proveedormercancia/ajax/listaProveedores.php:27-30 | index_archivos/parametros/proveedormercancia/ProveedorMercancia.php:721-741 | index_archivos/parametros/proveedormercancia/ProveedorMercancia.php:750-816 | index_archivos/parametros/proveedormercancia/ProveedorMercancia.php:817-825 | index_archivos/parametros/operadortransporte/OperadorTransporte.php:122-134 | index_archivos/parametros/operadortransporte/OperadorTransporte.php:136-166 | index_archivos/parametros/operadortransporte/OperadorTransporte.php:168-223 | index_archivos/parametros/usuarioFirmante/UsuarioFirmante.php:8-18 | Usuarios.php:86-110 | Usuarios.php:165-180 | Usuarios.php:35-48,2,1,FLOW_SEMANTIC_INFERENCE_REVIEW_REQUIRED
master-data-configuration,dav_clienteproveedor,dav,REPORTING_READ_MODEL,Entidad de contexto usada por el flujo para consultar o relacionar informacion de negocio.,"idcliente, idclienteproveedor, idproveedor",control de acceso/cliente; transicion o bloqueo por estado; regla documental/carga-descarga; calculo financiero/impositivo; persistencia/atomicidad/concurrencia; notificacion o acceso externo,atomicidad/concurrencia pendiente; variante cliente pendiente de confirmar; catalogo/semantica pendiente; seguridad/autorizacion sensible,,El sistema crea el registro maestro: - usuarios en `dav_clienteusuarios`; - proveedores y consignatarios en `dav_proveedor`; - operadores de transporte en `dav_clientetransportista`; - usuarios firmantes en `dav_cliente_usuarios_firmantes`; - relaciones cliente-tercero en tablas puente como `dav_clienteproveedor` o `dav_clientetransportista`. | `dav_clienteproveedor` | Relacion entre cliente y proveedor.,.data_base/asgard.sql:2600-3354 | .data_base/asgard.sql:9016-9135 | .data_base/asgard.sql:12056-12075 | index_archivos/parametros/usuarios/Usuarios.php:86-110 | index_archivos/parametros/usuarios/ajax/validarUsuario.php:13-29 | index_archivos/parametros/usuarios/Usuarios.php:153-160 | index_archivos/parametros/usuarios/Usuarios.php:35-48 | index_archivos/parametros/usuarios/Usuarios.php:184-203 | index_archivos/parametros/proveedormercancia/ProveedorMercancia.php:78-111 | index_archivos/parametros/proveedormercancia/ajax/listaProveedores.php:27-30 | index_archivos/parametros/proveedormercancia/ProveedorMercancia.php:721-741 | index_archivos/parametros/proveedormercancia/ProveedorMercancia.php:750-816 | index_archivos/parametros/proveedormercancia/ProveedorMercancia.php:817-825 | index_archivos/parametros/operadortransporte/OperadorTransporte.php:122-134 | index_archivos/parametros/operadortransporte/OperadorTransporte.php:136-166 | index_archivos/parametros/operadortransporte/OperadorTransporte.php:168-223 | index_archivos/parametros/usuarioFirmante/UsuarioFirmante.php:8-18 | Usuarios.php:86-110 | Usuarios.php:165-180 | Usuarios.php:35-48,7,2,FLOW_SEMANTIC_INFERENCE_REVIEW_REQUIRED
master-data-configuration,dav_clientetransportista,dav,REPORTING_READ_MODEL,Entidad de contexto usada por el flujo para consultar o relacionar informacion de negocio.,"created_at, deleted_at, deleted_by, estado, idcliente, idclientetransportista, idtransportista, nit, nombre, token, updated_at",control de acceso/cliente; transicion o bloqueo por estado; regla documental/carga-descarga; calculo financiero/impositivo; persistencia/atomicidad/concurrencia; notificacion o acceso externo,atomicidad/concurrencia pendiente; variante cliente pendiente de confirmar; catalogo/semantica pendiente; seguridad/autorizacion sensible,,El sistema crea el registro maestro: - usuarios en `dav_clienteusuarios`; - proveedores y consignatarios en `dav_proveedor`; - operadores de transporte en `dav_clientetransportista`; - usuarios firmantes en `dav_cliente_usuarios_firmantes`; - relaciones cliente-tercero en tablas puente como `dav_clienteproveedor` o `dav_clientetransportista`. | `dav_clientetransportista` | Operador de transporte configurado para cliente.,.data_base/asgard.sql:2600-3354 | .data_base/asgard.sql:9016-9135 | .data_base/asgard.sql:12056-12075 | index_archivos/parametros/usuarios/Usuarios.php:86-110 | index_archivos/parametros/usuarios/ajax/validarUsuario.php:13-29 | index_archivos/parametros/usuarios/Usuarios.php:153-160 | index_archivos/parametros/usuarios/Usuarios.php:35-48 | index_archivos/parametros/usuarios/Usuarios.php:184-203 | index_archivos/parametros/proveedormercancia/ProveedorMercancia.php:78-111 | index_archivos/parametros/proveedormercancia/ajax/listaProveedores.php:27-30 | index_archivos/parametros/proveedormercancia/ProveedorMercancia.php:721-741 | index_archivos/parametros/proveedormercancia/ProveedorMercancia.php:750-816 | index_archivos/parametros/proveedormercancia/ProveedorMercancia.php:817-825 | index_archivos/parametros/operadortransporte/OperadorTransporte.php:122-134 | index_archivos/parametros/operadortransporte/OperadorTransporte.php:136-166 | index_archivos/parametros/operadortransporte/OperadorTransporte.php:168-223 | index_archivos/parametros/usuarioFirmante/UsuarioFirmante.php:8-18 | Usuarios.php:86-110 | Usuarios.php:165-180 | Usuarios.php:35-48,11,2,FLOW_SEMANTIC_INFERENCE_REVIEW_REQUIRED
master-data-configuration,dav_clienteusuarios,dav,REPORTING_READ_MODEL,"Catalogo o parametro que condiciona reglas, permisos o variantes del flujo.","2fa, activo, codigo_pais, contrasena, correo, created_at, deleted_at, deleted_by, fechacontrasena, idcliente, idclienteusuarios, nombre, tipo_usuario, updated_at, username, visible",control de acceso/cliente; transicion o bloqueo por estado; regla documental/carga-descarga; calculo financiero/impositivo; persistencia/atomicidad/concurrencia; notificacion o acceso externo,atomicidad/concurrencia pendiente; variante cliente pendiente de confirmar; catalogo/semantica pendiente; seguridad/autorizacion sensible,,El sistema crea el registro maestro: - usuarios en `dav_clienteusuarios`; - proveedores y consignatarios en `dav_proveedor`; - operadores de transporte en `dav_clientetransportista`; - usuarios firmantes en `dav_cliente_usuarios_firmantes`; - relaciones cliente-tercero en tablas puente como `dav_clienteproveedor` o `dav_clientetransportista`. | BR-MDC-005 | Los permisos de usuario se derivan de reportes habilitados por cliente y registros en `dav_clienteusuariospermisos`. | `dav_clienteusuarios` | Usuarios de cliente que operan en el portal. | `dav_clienteusuariospermisos` | Permisos efectivos por usuario de cliente.,.data_base/asgard.sql:2600-3354 | .data_base/asgard.sql:9016-9135 | .data_base/asgard.sql:12056-12075 | index_archivos/parametros/usuarios/Usuarios.php:86-110 | index_archivos/parametros/usuarios/ajax/validarUsuario.php:13-29 | index_archivos/parametros/usuarios/Usuarios.php:153-160 | index_archivos/parametros/usuarios/Usuarios.php:35-48 | index_archivos/parametros/usuarios/Usuarios.php:184-203 | index_archivos/parametros/proveedormercancia/ProveedorMercancia.php:78-111 | index_archivos/parametros/proveedormercancia/ajax/listaProveedores.php:27-30 | index_archivos/parametros/proveedormercancia/ProveedorMercancia.php:721-741 | index_archivos/parametros/proveedormercancia/ProveedorMercancia.php:750-816 | index_archivos/parametros/proveedormercancia/ProveedorMercancia.php:817-825 | index_archivos/parametros/operadortransporte/OperadorTransporte.php:122-134 | index_archivos/parametros/operadortransporte/OperadorTransporte.php:136-166 | index_archivos/parametros/operadortransporte/OperadorTransporte.php:168-223 | index_archivos/parametros/usuarioFirmante/UsuarioFirmante.php:8-18 | Usuarios.php:86-110 | Usuarios.php:165-180 | Usuarios.php:35-48,16,3,FLOW_SEMANTIC_INFERENCE_REVIEW_REQUIRED
master-data-configuration,dav_clienteusuariospermisos,dav,REPORTING_READ_MODEL,"Catalogo o parametro que condiciona reglas, permisos o variantes del flujo.","idclienteusuarios, idreportescliente",control de acceso/cliente; transicion o bloqueo por estado; regla documental/carga-descarga; calculo financiero/impositivo; persistencia/atomicidad/concurrencia; notificacion o acceso externo,atomicidad/concurrencia pendiente; variante cliente pendiente de confirmar; catalogo/semantica pendiente; seguridad/autorizacion sensible,,BR-MDC-005 | Los permisos de usuario se derivan de reportes habilitados por cliente y registros en `dav_clienteusuariospermisos`. | `dav_clienteusuariospermisos` | Permisos efectivos por usuario de cliente.,.data_base/asgard.sql:2600-3354 | .data_base/asgard.sql:9016-9135 | .data_base/asgard.sql:12056-12075 | index_archivos/parametros/usuarios/Usuarios.php:86-110 | index_archivos/parametros/usuarios/ajax/validarUsuario.php:13-29 | index_archivos/parametros/usuarios/Usuarios.php:153-160 | index_archivos/parametros/usuarios/Usuarios.php:35-48 | index_archivos/parametros/usuarios/Usuarios.php:184-203 | index_archivos/parametros/proveedormercancia/ProveedorMercancia.php:78-111 | index_archivos/parametros/proveedormercancia/ajax/listaProveedores.php:27-30 | index_archivos/parametros/proveedormercancia/ProveedorMercancia.php:721-741 | index_archivos/parametros/proveedormercancia/ProveedorMercancia.php:750-816 | index_archivos/parametros/proveedormercancia/ProveedorMercancia.php:817-825 | index_archivos/parametros/operadortransporte/OperadorTransporte.php:122-134 | index_archivos/parametros/operadortransporte/OperadorTransporte.php:136-166 | index_archivos/parametros/operadortransporte/OperadorTransporte.php:168-223 | index_archivos/parametros/usuarioFirmante/UsuarioFirmante.php:8-18 | Usuarios.php:86-110 | Usuarios.php:165-180 | Usuarios.php:35-48,3,0,FLOW_SEMANTIC_INFERENCE_REVIEW_REQUIRED
master-data-configuration,dav_condicion,dav,REPORTING_READ_MODEL,Entidad de contexto usada por el flujo para consultar o relacionar informacion de negocio.,"condiciondam, idcondicion",control de acceso/cliente; transicion o bloqueo por estado; regla documental/carga-descarga; calculo financiero/impositivo; persistencia/atomicidad/concurrencia; notificacion o acceso externo,atomicidad/concurrencia pendiente; variante cliente pendiente de confirmar; catalogo/semantica pendiente; seguridad/autorizacion sensible,,`dav_condicion` | Condicion comercial/legal del proveedor.,.data_base/asgard.sql:2600-3354 | .data_base/asgard.sql:9016-9135 | .data_base/asgard.sql:12056-12075 | index_archivos/parametros/usuarios/Usuarios.php:86-110 | index_archivos/parametros/usuarios/ajax/validarUsuario.php:13-29 | index_archivos/parametros/usuarios/Usuarios.php:153-160 | index_archivos/parametros/usuarios/Usuarios.php:35-48 | index_archivos/parametros/usuarios/Usuarios.php:184-203 | index_archivos/parametros/proveedormercancia/ProveedorMercancia.php:78-111 | index_archivos/parametros/proveedormercancia/ajax/listaProveedores.php:27-30 | index_archivos/parametros/proveedormercancia/ProveedorMercancia.php:721-741 | index_archivos/parametros/proveedormercancia/ProveedorMercancia.php:750-816 | index_archivos/parametros/proveedormercancia/ProveedorMercancia.php:817-825 | index_archivos/parametros/operadortransporte/OperadorTransporte.php:122-134 | index_archivos/parametros/operadortransporte/OperadorTransporte.php:136-166 | index_archivos/parametros/operadortransporte/OperadorTransporte.php:168-223 | index_archivos/parametros/usuarioFirmante/UsuarioFirmante.php:8-18 | Usuarios.php:86-110 | Usuarios.php:165-180 | Usuarios.php:35-48,3,0,FLOW_SEMANTIC_INFERENCE_REVIEW_REQUIRED
master-data-configuration,dav_localidad,dav,REPORTING_READ_MODEL,Entidad de contexto usada por el flujo para consultar o relacionar informacion de negocio.,"activo, idlocalidad, idpais, localidad",control de acceso/cliente; transicion o bloqueo por estado; regla documental/carga-descarga; calculo financiero/impositivo; persistencia/atomicidad/concurrencia; notificacion o acceso externo,atomicidad/concurrencia pendiente; variante cliente pendiente de confirmar; catalogo/semantica pendiente; seguridad/autorizacion sensible,,"`dav_pais`, `dav_localidad` | Ubicacion geografica para proveedores y otros terceros.",.data_base/asgard.sql:2600-3354 | .data_base/asgard.sql:9016-9135 | .data_base/asgard.sql:12056-12075 | index_archivos/parametros/usuarios/Usuarios.php:86-110 | index_archivos/parametros/usuarios/ajax/validarUsuario.php:13-29 | index_archivos/parametros/usuarios/Usuarios.php:153-160 | index_archivos/parametros/usuarios/Usuarios.php:35-48 | index_archivos/parametros/usuarios/Usuarios.php:184-203 | index_archivos/parametros/proveedormercancia/ProveedorMercancia.php:78-111 | index_archivos/parametros/proveedormercancia/ajax/listaProveedores.php:27-30 | index_archivos/parametros/proveedormercancia/ProveedorMercancia.php:721-741 | index_archivos/parametros/proveedormercancia/ProveedorMercancia.php:750-816 | index_archivos/parametros/proveedormercancia/ProveedorMercancia.php:817-825 | index_archivos/parametros/operadortransporte/OperadorTransporte.php:122-134 | index_archivos/parametros/operadortransporte/OperadorTransporte.php:136-166 | index_archivos/parametros/operadortransporte/OperadorTransporte.php:168-223 | index_archivos/parametros/usuarioFirmante/UsuarioFirmante.php:8-18 | Usuarios.php:86-110 | Usuarios.php:165-180 | Usuarios.php:35-48,9,0,FLOW_SEMANTIC_INFERENCE_REVIEW_REQUIRED
master-data-configuration,dav_moduloscliente,dav,REPORTING_READ_MODEL,Modelo de lectura o fuente de reporteria del flujo.,"id, modulo",control de acceso/cliente; transicion o bloqueo por estado; regla documental/carga-descarga; calculo financiero/impositivo; persistencia/atomicidad/concurrencia; notificacion o acceso externo,atomicidad/concurrencia pendiente; variante cliente pendiente de confirmar; catalogo/semantica pendiente; seguridad/autorizacion sensible,,`dav_moduloscliente` | Agrupacion funcional de reportes.,.data_base/asgard.sql:2600-3354 | .data_base/asgard.sql:9016-9135 | .data_base/asgard.sql:12056-12075 | index_archivos/parametros/usuarios/Usuarios.php:86-110 | index_archivos/parametros/usuarios/ajax/validarUsuario.php:13-29 | index_archivos/parametros/usuarios/Usuarios.php:153-160 | index_archivos/parametros/usuarios/Usuarios.php:35-48 | index_archivos/parametros/usuarios/Usuarios.php:184-203 | index_archivos/parametros/proveedormercancia/ProveedorMercancia.php:78-111 | index_archivos/parametros/proveedormercancia/ajax/listaProveedores.php:27-30 | index_archivos/parametros/proveedormercancia/ProveedorMercancia.php:721-741 | index_archivos/parametros/proveedormercancia/ProveedorMercancia.php:750-816 | index_archivos/parametros/proveedormercancia/ProveedorMercancia.php:817-825 | index_archivos/parametros/operadortransporte/OperadorTransporte.php:122-134 | index_archivos/parametros/operadortransporte/OperadorTransporte.php:136-166 | index_archivos/parametros/operadortransporte/OperadorTransporte.php:168-223 | index_archivos/parametros/usuarioFirmante/UsuarioFirmante.php:8-18 | Usuarios.php:86-110 | Usuarios.php:165-180 | Usuarios.php:35-48,0,0,FLOW_SEMANTIC_INFERENCE_REVIEW_REQUIRED
master-data-configuration,dav_pais,dav,REPORTING_READ_MODEL,Entidad de contexto usada por el flujo para consultar o relacionar informacion de negocio.,"idpais, pais",control de acceso/cliente; transicion o bloqueo por estado; regla documental/carga-descarga; calculo financiero/impositivo; persistencia/atomicidad/concurrencia; notificacion o acceso externo,atomicidad/concurrencia pendiente; variante cliente pendiente de confirmar; catalogo/semantica pendiente; seguridad/autorizacion sensible,,"`dav_pais`, `dav_localidad` | Ubicacion geografica para proveedores y otros terceros.",.data_base/asgard.sql:2600-3354 | .data_base/asgard.sql:9016-9135 | .data_base/asgard.sql:12056-12075 | index_archivos/parametros/usuarios/Usuarios.php:86-110 | index_archivos/parametros/usuarios/ajax/validarUsuario.php:13-29 | index_archivos/parametros/usuarios/Usuarios.php:153-160 | index_archivos/parametros/usuarios/Usuarios.php:35-48 | index_archivos/parametros/usuarios/Usuarios.php:184-203 | index_archivos/parametros/proveedormercancia/ProveedorMercancia.php:78-111 | index_archivos/parametros/proveedormercancia/ajax/listaProveedores.php:27-30 | index_archivos/parametros/proveedormercancia/ProveedorMercancia.php:721-741 | index_archivos/parametros/proveedormercancia/ProveedorMercancia.php:750-816 | index_archivos/parametros/proveedormercancia/ProveedorMercancia.php:817-825 | index_archivos/parametros/operadortransporte/OperadorTransporte.php:122-134 | index_archivos/parametros/operadortransporte/OperadorTransporte.php:136-166 | index_archivos/parametros/operadortransporte/OperadorTransporte.php:168-223 | index_archivos/parametros/usuarioFirmante/UsuarioFirmante.php:8-18 | Usuarios.php:86-110 | Usuarios.php:165-180 | Usuarios.php:35-48,17,0,FLOW_SEMANTIC_INFERENCE_REVIEW_REQUIRED
master-data-configuration,dav_proveedor,dav,REPORTING_READ_MODEL,"Entidad documental o soporte usado para validar, adjuntar, generar o descargar evidencias.","consignatario, created_at, deleted_at, deleted_by, estado, idclienteusuarios, idcondicion, idlocalidad, idpais, idproveedor, numero_identificacion, proveedor, token, updated_at",control de acceso/cliente; transicion o bloqueo por estado; regla documental/carga-descarga; calculo financiero/impositivo; persistencia/atomicidad/concurrencia; notificacion o acceso externo,atomicidad/concurrencia pendiente; variante cliente pendiente de confirmar; catalogo/semantica pendiente; seguridad/autorizacion sensible,,"El sistema crea el registro maestro: - usuarios en `dav_clienteusuarios`; - proveedores y consignatarios en `dav_proveedor`; - operadores de transporte en `dav_clientetransportista`; - usuarios firmantes en `dav_cliente_usuarios_firmantes`; - relaciones cliente-tercero en tablas puente como `dav_clienteproveedor` o `dav_clientetransportista`. | - Modificacion de proveedor: el sistema compara `dav_proveedor` contra `dav_tmp_proveedor` y crea solicitud en `dav_proveedor_modificaciones`. | BR-MDC-010 | Si un proveedor requiere revision de modificacion, se registra una solicitud en `dav_proveedor_modificaciones`. | `dav_proveedor` | Proveedor de mercancia o consignatario global/candidato. | `dav_proveedorcontactos` | Contactos del proveedor. | `dav_proveedordocumentos` | Documentos asociados a proveedor/relacion.",.data_base/asgard.sql:2600-3354 | .data_base/asgard.sql:9016-9135 | .data_base/asgard.sql:12056-12075 | index_archivos/parametros/usuarios/Usuarios.php:86-110 | index_archivos/parametros/usuarios/ajax/validarUsuario.php:13-29 | index_archivos/parametros/usuarios/Usuarios.php:153-160 | index_archivos/parametros/usuarios/Usuarios.php:35-48 | index_archivos/parametros/usuarios/Usuarios.php:184-203 | index_archivos/parametros/proveedormercancia/ProveedorMercancia.php:78-111 | index_archivos/parametros/proveedormercancia/ajax/listaProveedores.php:27-30 | index_archivos/parametros/proveedormercancia/ProveedorMercancia.php:721-741 | index_archivos/parametros/proveedormercancia/ProveedorMercancia.php:750-816 | index_archivos/parametros/proveedormercancia/ProveedorMercancia.php:817-825 | index_archivos/parametros/operadortransporte/OperadorTransporte.php:122-134 | index_archivos/parametros/operadortransporte/OperadorTransporte.php:136-166 | index_archivos/parametros/operadortransporte/OperadorTransporte.php:168-223 | index_archivos/parametros/usuarioFirmante/UsuarioFirmante.php:8-18 | Usuarios.php:86-110 | Usuarios.php:165-180 | Usuarios.php:35-48,19,2,FLOW_SEMANTIC_INFERENCE_REVIEW_REQUIRED
master-data-configuration,dav_proveedor_modificaciones,dav,REPORTING_READ_MODEL,Entidad de contexto usada por el flujo para consultar o relacionar informacion de negocio.,"created_at, estado, id, idproveedor, updated_at",control de acceso/cliente; transicion o bloqueo por estado; regla documental/carga-descarga; calculo financiero/impositivo; persistencia/atomicidad/concurrencia; notificacion o acceso externo,atomicidad/concurrencia pendiente; variante cliente pendiente de confirmar; catalogo/semantica pendiente; seguridad/autorizacion sensible,,"- Modificacion de proveedor: el sistema compara `dav_proveedor` contra `dav_tmp_proveedor` y crea solicitud en `dav_proveedor_modificaciones`. | BR-MDC-010 | Si un proveedor requiere revision de modificacion, se registra una solicitud en `dav_proveedor_modificaciones`. | `dav_proveedor_modificaciones` | Solicitudes de modificacion de proveedor.",.data_base/asgard.sql:2600-3354 | .data_base/asgard.sql:9016-9135 | .data_base/asgard.sql:12056-12075 | index_archivos/parametros/usuarios/Usuarios.php:86-110 | index_archivos/parametros/usuarios/ajax/validarUsuario.php:13-29 | index_archivos/parametros/usuarios/Usuarios.php:153-160 | index_archivos/parametros/usuarios/Usuarios.php:35-48 | index_archivos/parametros/usuarios/Usuarios.php:184-203 | index_archivos/parametros/proveedormercancia/ProveedorMercancia.php:78-111 | index_archivos/parametros/proveedormercancia/ajax/listaProveedores.php:27-30 | index_archivos/parametros/proveedormercancia/ProveedorMercancia.php:721-741 | index_archivos/parametros/proveedormercancia/ProveedorMercancia.php:750-816 | index_archivos/parametros/proveedormercancia/ProveedorMercancia.php:817-825 | index_archivos/parametros/operadortransporte/OperadorTransporte.php:122-134 | index_archivos/parametros/operadortransporte/OperadorTransporte.php:136-166 | index_archivos/parametros/operadortransporte/OperadorTransporte.php:168-223 | index_archivos/parametros/usuarioFirmante/UsuarioFirmante.php:8-18 | Usuarios.php:86-110 | Usuarios.php:165-180 | Usuarios.php:35-48,0,2,FLOW_SEMANTIC_INFERENCE_REVIEW_REQUIRED
master-data-configuration,dav_proveedorcontactos,dav,REPORTING_READ_MODEL,Entidad de contexto usada por el flujo para consultar o relacionar informacion de negocio.,"cargo, created_at, deleted_at, id, idclienteproveedor, idproveedor, idproveedortipocontactos, mail, nombre, updated_at",control de acceso/cliente; transicion o bloqueo por estado; regla documental/carga-descarga; calculo financiero/impositivo; persistencia/atomicidad/concurrencia; notificacion o acceso externo,atomicidad/concurrencia pendiente; variante cliente pendiente de confirmar; catalogo/semantica pendiente; seguridad/autorizacion sensible,,`dav_proveedorcontactos` | Contactos del proveedor.,.data_base/asgard.sql:2600-3354 | .data_base/asgard.sql:9016-9135 | .data_base/asgard.sql:12056-12075 | index_archivos/parametros/usuarios/Usuarios.php:86-110 | index_archivos/parametros/usuarios/ajax/validarUsuario.php:13-29 | index_archivos/parametros/usuarios/Usuarios.php:153-160 | index_archivos/parametros/usuarios/Usuarios.php:35-48 | index_archivos/parametros/usuarios/Usuarios.php:184-203 | index_archivos/parametros/proveedormercancia/ProveedorMercancia.php:78-111 | index_archivos/parametros/proveedormercancia/ajax/listaProveedores.php:27-30 | index_archivos/parametros/proveedormercancia/ProveedorMercancia.php:721-741 | index_archivos/parametros/proveedormercancia/ProveedorMercancia.php:750-816 | index_archivos/parametros/proveedormercancia/ProveedorMercancia.php:817-825 | index_archivos/parametros/operadortransporte/OperadorTransporte.php:122-134 | index_archivos/parametros/operadortransporte/OperadorTransporte.php:136-166 | index_archivos/parametros/operadortransporte/OperadorTransporte.php:168-223 | index_archivos/parametros/usuarioFirmante/UsuarioFirmante.php:8-18 | Usuarios.php:86-110 | Usuarios.php:165-180 | Usuarios.php:35-48,3,2,FLOW_SEMANTIC_INFERENCE_REVIEW_REQUIRED
master-data-configuration,dav_proveedordocumentos,dav,REPORTING_READ_MODEL,"Entidad documental o soporte usado para validar, adjuntar, generar o descargar evidencias.","created_at, deleted_at, descripcion, id, idproveedor, updated_at",control de acceso/cliente; transicion o bloqueo por estado; regla documental/carga-descarga; calculo financiero/impositivo; persistencia/atomicidad/concurrencia; notificacion o acceso externo,atomicidad/concurrencia pendiente; variante cliente pendiente de confirmar; catalogo/semantica pendiente; seguridad/autorizacion sensible,,`dav_proveedordocumentos` | Documentos asociados a proveedor/relacion.,.data_base/asgard.sql:2600-3354 | .data_base/asgard.sql:9016-9135 | .data_base/asgard.sql:12056-12075 | index_archivos/parametros/usuarios/Usuarios.php:86-110 | index_archivos/parametros/usuarios/ajax/validarUsuario.php:13-29 | index_archivos/parametros/usuarios/Usuarios.php:153-160 | index_archivos/parametros/usuarios/Usuarios.php:35-48 | index_archivos/parametros/usuarios/Usuarios.php:184-203 | index_archivos/parametros/proveedormercancia/ProveedorMercancia.php:78-111 | index_archivos/parametros/proveedormercancia/ajax/listaProveedores.php:27-30 | index_archivos/parametros/proveedormercancia/ProveedorMercancia.php:721-741 | index_archivos/parametros/proveedormercancia/ProveedorMercancia.php:750-816 | index_archivos/parametros/proveedormercancia/ProveedorMercancia.php:817-825 | index_archivos/parametros/operadortransporte/OperadorTransporte.php:122-134 | index_archivos/parametros/operadortransporte/OperadorTransporte.php:136-166 | index_archivos/parametros/operadortransporte/OperadorTransporte.php:168-223 | index_archivos/parametros/usuarioFirmante/UsuarioFirmante.php:8-18 | Usuarios.php:86-110 | Usuarios.php:165-180 | Usuarios.php:35-48,2,2,FLOW_SEMANTIC_INFERENCE_REVIEW_REQUIRED
master-data-configuration,dav_reportescliente,dav,REPORTING_READ_MODEL,Modelo de lectura o fuente de reporteria del flujo.,"created_at, deleted_at, idreportescliente, modulo, reportescliente, updated_at",control de acceso/cliente; transicion o bloqueo por estado; regla documental/carga-descarga; calculo financiero/impositivo; persistencia/atomicidad/concurrencia; notificacion o acceso externo,atomicidad/concurrencia pendiente; variante cliente pendiente de confirmar; catalogo/semantica pendiente; seguridad/autorizacion sensible,,`dav_reportescliente` | Reportes o opciones de menu disponibles.,.data_base/asgard.sql:2600-3354 | .data_base/asgard.sql:9016-9135 | .data_base/asgard.sql:12056-12075 | index_archivos/parametros/usuarios/Usuarios.php:86-110 | index_archivos/parametros/usuarios/ajax/validarUsuario.php:13-29 | index_archivos/parametros/usuarios/Usuarios.php:153-160 | index_archivos/parametros/usuarios/Usuarios.php:35-48 | index_archivos/parametros/usuarios/Usuarios.php:184-203 | index_archivos/parametros/proveedormercancia/ProveedorMercancia.php:78-111 | index_archivos/parametros/proveedormercancia/ajax/listaProveedores.php:27-30 | index_archivos/parametros/proveedormercancia/ProveedorMercancia.php:721-741 | index_archivos/parametros/proveedormercancia/ProveedorMercancia.php:750-816 | index_archivos/parametros/proveedormercancia/ProveedorMercancia.php:817-825 | index_archivos/parametros/operadortransporte/OperadorTransporte.php:122-134 | index_archivos/parametros/operadortransporte/OperadorTransporte.php:136-166 | index_archivos/parametros/operadortransporte/OperadorTransporte.php:168-223 | index_archivos/parametros/usuarioFirmante/UsuarioFirmante.php:8-18 | Usuarios.php:86-110 | Usuarios.php:165-180 | Usuarios.php:35-48,5,0,FLOW_SEMANTIC_INFERENCE_REVIEW_REQUIRED
master-data-configuration,dav_reportespermisoscliente,dav,REPORTING_READ_MODEL,"Catalogo o parametro que condiciona reglas, permisos o variantes del flujo.","created_at, deleted_at, id, idcliente, idreportescliente, updated_at",control de acceso/cliente; transicion o bloqueo por estado; regla documental/carga-descarga; calculo financiero/impositivo; persistencia/atomicidad/concurrencia; notificacion o acceso externo,atomicidad/concurrencia pendiente; variante cliente pendiente de confirmar; catalogo/semantica pendiente; seguridad/autorizacion sensible,,`dav_reportespermisoscliente` | Reportes habilitados para un cliente.,.data_base/asgard.sql:2600-3354 | .data_base/asgard.sql:9016-9135 | .data_base/asgard.sql:12056-12075 | index_archivos/parametros/usuarios/Usuarios.php:86-110 | index_archivos/parametros/usuarios/ajax/validarUsuario.php:13-29 | index_archivos/parametros/usuarios/Usuarios.php:153-160 | index_archivos/parametros/usuarios/Usuarios.php:35-48 | index_archivos/parametros/usuarios/Usuarios.php:184-203 | index_archivos/parametros/proveedormercancia/ProveedorMercancia.php:78-111 | index_archivos/parametros/proveedormercancia/ajax/listaProveedores.php:27-30 | index_archivos/parametros/proveedormercancia/ProveedorMercancia.php:721-741 | index_archivos/parametros/proveedormercancia/ProveedorMercancia.php:750-816 | index_archivos/parametros/proveedormercancia/ProveedorMercancia.php:817-825 | index_archivos/parametros/operadortransporte/OperadorTransporte.php:122-134 | index_archivos/parametros/operadortransporte/OperadorTransporte.php:136-166 | index_archivos/parametros/operadortransporte/OperadorTransporte.php:168-223 | index_archivos/parametros/usuarioFirmante/UsuarioFirmante.php:8-18 | Usuarios.php:86-110 | Usuarios.php:165-180 | Usuarios.php:35-48,1,0,FLOW_SEMANTIC_INFERENCE_REVIEW_REQUIRED
master-data-configuration,dav_tipousuariocliente,dav,REFERENCE_OR_STATE_CATALOG,"Catalogo o parametro que condiciona reglas, permisos o variantes del flujo.","created_at, deleted_at, descripcion, id, tipo_usuario, updated_at",control de acceso/cliente; transicion o bloqueo por estado; regla documental/carga-descarga; calculo financiero/impositivo; persistencia/atomicidad/concurrencia; notificacion o acceso externo,atomicidad/concurrencia pendiente; variante cliente pendiente de confirmar; catalogo/semantica pendiente; seguridad/autorizacion sensible,,`dav_tipousuariocliente` | Catalogo de tipos de usuario cliente.,.data_base/asgard.sql:2600-3354 | .data_base/asgard.sql:9016-9135 | .data_base/asgard.sql:12056-12075 | index_archivos/parametros/usuarios/Usuarios.php:86-110 | index_archivos/parametros/usuarios/ajax/validarUsuario.php:13-29 | index_archivos/parametros/usuarios/Usuarios.php:153-160 | index_archivos/parametros/usuarios/Usuarios.php:35-48 | index_archivos/parametros/usuarios/Usuarios.php:184-203 | index_archivos/parametros/proveedormercancia/ProveedorMercancia.php:78-111 | index_archivos/parametros/proveedormercancia/ajax/listaProveedores.php:27-30 | index_archivos/parametros/proveedormercancia/ProveedorMercancia.php:721-741 | index_archivos/parametros/proveedormercancia/ProveedorMercancia.php:750-816 | index_archivos/parametros/proveedormercancia/ProveedorMercancia.php:817-825 | index_archivos/parametros/operadortransporte/OperadorTransporte.php:122-134 | index_archivos/parametros/operadortransporte/OperadorTransporte.php:136-166 | index_archivos/parametros/operadortransporte/OperadorTransporte.php:168-223 | index_archivos/parametros/usuarioFirmante/UsuarioFirmante.php:8-18 | Usuarios.php:86-110 | Usuarios.php:165-180 | Usuarios.php:35-48,4,0,FLOW_SEMANTIC_INFERENCE_REVIEW_REQUIRED
master-data-configuration,dav_tmp_proveedor,dav,REPORTING_READ_MODEL,Entidad de contexto usada por el flujo para consultar o relacionar informacion de negocio.,"consignatario, created_at, deleted_at, estado, id, idclienteusuarios, idcondicion, idlocalidad, idpais, idproveedor, numero_identificacion, proveedor, token, updated_at",control de acceso/cliente; transicion o bloqueo por estado; regla documental/carga-descarga; calculo financiero/impositivo; persistencia/atomicidad/concurrencia; notificacion o acceso externo,atomicidad/concurrencia pendiente; variante cliente pendiente de confirmar; catalogo/semantica pendiente; seguridad/autorizacion sensible,,- Modificacion de proveedor: el sistema compara `dav_proveedor` contra `dav_tmp_proveedor` y crea solicitud en `dav_proveedor_modificaciones`. | BR-MDC-009 | Las modificaciones de proveedor se detectan comparando datos actuales contra `dav_tmp_proveedor`. | `dav_tmp_proveedor` | Datos temporales usados para comparar modificaciones.,.data_base/asgard.sql:2600-3354 | .data_base/asgard.sql:9016-9135 | .data_base/asgard.sql:12056-12075 | index_archivos/parametros/usuarios/Usuarios.php:86-110 | index_archivos/parametros/usuarios/ajax/validarUsuario.php:13-29 | index_archivos/parametros/usuarios/Usuarios.php:153-160 | index_archivos/parametros/usuarios/Usuarios.php:35-48 | index_archivos/parametros/usuarios/Usuarios.php:184-203 | index_archivos/parametros/proveedormercancia/ProveedorMercancia.php:78-111 | index_archivos/parametros/proveedormercancia/ajax/listaProveedores.php:27-30 | index_archivos/parametros/proveedormercancia/ProveedorMercancia.php:721-741 | index_archivos/parametros/proveedormercancia/ProveedorMercancia.php:750-816 | index_archivos/parametros/proveedormercancia/ProveedorMercancia.php:817-825 | index_archivos/parametros/operadortransporte/OperadorTransporte.php:122-134 | index_archivos/parametros/operadortransporte/OperadorTransporte.php:136-166 | index_archivos/parametros/operadortransporte/OperadorTransporte.php:168-223 | index_archivos/parametros/usuarioFirmante/UsuarioFirmante.php:8-18 | Usuarios.php:86-110 | Usuarios.php:165-180 | Usuarios.php:35-48,2,2,FLOW_SEMANTIC_INFERENCE_REVIEW_REQUIRED
master-data-configuration,dav_transportista,dav,REPORTING_READ_MODEL,"Catalogo o parametro que condiciona reglas, permisos o variantes del flujo.","contrasena, idtransportista, transportista, usuario",control de acceso/cliente; transicion o bloqueo por estado; regla documental/carga-descarga; calculo financiero/impositivo; persistencia/atomicidad/concurrencia; notificacion o acceso externo,atomicidad/concurrencia pendiente; variante cliente pendiente de confirmar; catalogo/semantica pendiente; seguridad/autorizacion sensible,,`dav_transportista` | Catalogo base de transportistas. | `dav_transportista` | Usuario transportista vinculado a operador de transporte/tracking. | Tracking operator registration can create `tck_operadorestransporte` and linked `dav_transportista` credentials.,.data_base/asgard.sql:2600-3354 | .data_base/asgard.sql:9016-9135 | .data_base/asgard.sql:12056-12075 | index_archivos/parametros/usuarios/Usuarios.php:86-110 | index_archivos/parametros/usuarios/ajax/validarUsuario.php:13-29 | index_archivos/parametros/usuarios/Usuarios.php:153-160 | index_archivos/parametros/usuarios/Usuarios.php:35-48 | index_archivos/parametros/usuarios/Usuarios.php:184-203 | index_archivos/parametros/proveedormercancia/ProveedorMercancia.php:78-111 | index_archivos/parametros/proveedormercancia/ajax/listaProveedores.php:27-30 | index_archivos/parametros/proveedormercancia/ProveedorMercancia.php:721-741 | index_archivos/parametros/proveedormercancia/ProveedorMercancia.php:750-816 | index_archivos/parametros/proveedormercancia/ProveedorMercancia.php:817-825 | index_archivos/parametros/operadortransporte/OperadorTransporte.php:122-134 | index_archivos/parametros/operadortransporte/OperadorTransporte.php:136-166 | index_archivos/parametros/operadortransporte/OperadorTransporte.php:168-223 | index_archivos/parametros/usuarioFirmante/UsuarioFirmante.php:8-18 | Usuarios.php:86-110 | Usuarios.php:165-180 | Usuarios.php:35-48,10,1,FLOW_SEMANTIC_INFERENCE_REVIEW_REQUIRED
master-data-configuration,logis_contactos_operadores,logis,REPORTING_READ_MODEL,Entidad de contexto usada por el flujo para consultar o relacionar informacion de negocio.,"cargo, correo, created_at, deleted_at, id, updated_at",control de acceso/cliente; transicion o bloqueo por estado; regla documental/carga-descarga; calculo financiero/impositivo; persistencia/atomicidad/concurrencia; notificacion o acceso externo,atomicidad/concurrencia pendiente; variante cliente pendiente de confirmar; catalogo/semantica pendiente; seguridad/autorizacion sensible,,`logis_contactos_operadores` | Contactos del operador de transporte.,.data_base/asgard.sql:2600-3354 | .data_base/asgard.sql:9016-9135 | .data_base/asgard.sql:12056-12075 | index_archivos/parametros/usuarios/Usuarios.php:86-110 | index_archivos/parametros/usuarios/ajax/validarUsuario.php:13-29 | index_archivos/parametros/usuarios/Usuarios.php:153-160 | index_archivos/parametros/usuarios/Usuarios.php:35-48 | index_archivos/parametros/usuarios/Usuarios.php:184-203 | index_archivos/parametros/proveedormercancia/ProveedorMercancia.php:78-111 | index_archivos/parametros/proveedormercancia/ajax/listaProveedores.php:27-30 | index_archivos/parametros/proveedormercancia/ProveedorMercancia.php:721-741 | index_archivos/parametros/proveedormercancia/ProveedorMercancia.php:750-816 | index_archivos/parametros/proveedormercancia/ProveedorMercancia.php:817-825 | index_archivos/parametros/operadortransporte/OperadorTransporte.php:122-134 | index_archivos/parametros/operadortransporte/OperadorTransporte.php:136-166 | index_archivos/parametros/operadortransporte/OperadorTransporte.php:168-223 | index_archivos/parametros/usuarioFirmante/UsuarioFirmante.php:8-18 | Usuarios.php:86-110 | Usuarios.php:165-180 | Usuarios.php:35-48,3,0,FLOW_SEMANTIC_INFERENCE_REVIEW_REQUIRED
master-data-configuration,logis_documentosclienteoperador,logis,REPORTING_READ_MODEL,"Entidad documental o soporte usado para validar, adjuntar, generar o descargar evidencias.","adjunto, created_at, deleted_at, descripcion, id, idcliente, idoperadortransporte, tipo, updated_at",control de acceso/cliente; transicion o bloqueo por estado; regla documental/carga-descarga; calculo financiero/impositivo; persistencia/atomicidad/concurrencia; notificacion o acceso externo,atomicidad/concurrencia pendiente; variante cliente pendiente de confirmar; catalogo/semantica pendiente; seguridad/autorizacion sensible,,BR-MDC-013 | Los documentos de operador se guardan por cliente y operador en `logis_documentosclienteoperador`. | `logis_documentosclienteoperador` | Documentos de operador por cliente.,.data_base/asgard.sql:2600-3354 | .data_base/asgard.sql:9016-9135 | .data_base/asgard.sql:12056-12075 | index_archivos/parametros/usuarios/Usuarios.php:86-110 | index_archivos/parametros/usuarios/ajax/validarUsuario.php:13-29 | index_archivos/parametros/usuarios/Usuarios.php:153-160 | index_archivos/parametros/usuarios/Usuarios.php:35-48 | index_archivos/parametros/usuarios/Usuarios.php:184-203 | index_archivos/parametros/proveedormercancia/ProveedorMercancia.php:78-111 | index_archivos/parametros/proveedormercancia/ajax/listaProveedores.php:27-30 | index_archivos/parametros/proveedormercancia/ProveedorMercancia.php:721-741 | index_archivos/parametros/proveedormercancia/ProveedorMercancia.php:750-816 | index_archivos/parametros/proveedormercancia/ProveedorMercancia.php:817-825 | index_archivos/parametros/operadortransporte/OperadorTransporte.php:122-134 | index_archivos/parametros/operadortransporte/OperadorTransporte.php:136-166 | index_archivos/parametros/operadortransporte/OperadorTransporte.php:168-223 | index_archivos/parametros/usuarioFirmante/UsuarioFirmante.php:8-18 | Usuarios.php:86-110 | Usuarios.php:165-180 | Usuarios.php:35-48,1,1,FLOW_SEMANTIC_INFERENCE_REVIEW_REQUIRED
master-data-configuration,logis_tipodocumento,logis,REFERENCE_OR_STATE_CATALOG,"Catalogo o parametro que condiciona reglas, permisos o variantes del flujo.","id, tipo",control de acceso/cliente; transicion o bloqueo por estado; regla documental/carga-descarga; calculo financiero/impositivo; persistencia/atomicidad/concurrencia; notificacion o acceso externo,atomicidad/concurrencia pendiente; variante cliente pendiente de confirmar; catalogo/semantica pendiente; seguridad/autorizacion sensible,,`logis_tipodocumento` | Tipos documentales de operador/logistica.,.data_base/asgard.sql:2600-3354 | .data_base/asgard.sql:9016-9135 | .data_base/asgard.sql:12056-12075 | index_archivos/parametros/usuarios/Usuarios.php:86-110 | index_archivos/parametros/usuarios/ajax/validarUsuario.php:13-29 | index_archivos/parametros/usuarios/Usuarios.php:153-160 | index_archivos/parametros/usuarios/Usuarios.php:35-48 | index_archivos/parametros/usuarios/Usuarios.php:184-203 | index_archivos/parametros/proveedormercancia/ProveedorMercancia.php:78-111 | index_archivos/parametros/proveedormercancia/ajax/listaProveedores.php:27-30 | index_archivos/parametros/proveedormercancia/ProveedorMercancia.php:721-741 | index_archivos/parametros/proveedormercancia/ProveedorMercancia.php:750-816 | index_archivos/parametros/proveedormercancia/ProveedorMercancia.php:817-825 | index_archivos/parametros/operadortransporte/OperadorTransporte.php:122-134 | index_archivos/parametros/operadortransporte/OperadorTransporte.php:136-166 | index_archivos/parametros/operadortransporte/OperadorTransporte.php:168-223 | index_archivos/parametros/usuarioFirmante/UsuarioFirmante.php:8-18 | Usuarios.php:86-110 | Usuarios.php:165-180 | Usuarios.php:35-48,4,0,FLOW_SEMANTIC_INFERENCE_REVIEW_REQUIRED
master-data-configuration,logis_tipoviaje,logis,REFERENCE_OR_STATE_CATALOG,"Catalogo o parametro que condiciona reglas, permisos o variantes del flujo.","created_at, id, tipo, tipoviaje",control de acceso/cliente; transicion o bloqueo por estado; regla documental/carga-descarga; calculo financiero/impositivo; persistencia/atomicidad/concurrencia; notificacion o acceso externo,atomicidad/concurrencia pendiente; variante cliente pendiente de confirmar; catalogo/semantica pendiente; seguridad/autorizacion sensible,,`logis_tipoviaje` | Tipo de viaje del operador.,.data_base/asgard.sql:2600-3354 | .data_base/asgard.sql:9016-9135 | .data_base/asgard.sql:12056-12075 | index_archivos/parametros/usuarios/Usuarios.php:86-110 | index_archivos/parametros/usuarios/ajax/validarUsuario.php:13-29 | index_archivos/parametros/usuarios/Usuarios.php:153-160 | index_archivos/parametros/usuarios/Usuarios.php:35-48 | index_archivos/parametros/usuarios/Usuarios.php:184-203 | index_archivos/parametros/proveedormercancia/ProveedorMercancia.php:78-111 | index_archivos/parametros/proveedormercancia/ajax/listaProveedores.php:27-30 | index_archivos/parametros/proveedormercancia/ProveedorMercancia.php:721-741 | index_archivos/parametros/proveedormercancia/ProveedorMercancia.php:750-816 | index_archivos/parametros/proveedormercancia/ProveedorMercancia.php:817-825 | index_archivos/parametros/operadortransporte/OperadorTransporte.php:122-134 | index_archivos/parametros/operadortransporte/OperadorTransporte.php:136-166 | index_archivos/parametros/operadortransporte/OperadorTransporte.php:168-223 | index_archivos/parametros/usuarioFirmante/UsuarioFirmante.php:8-18 | Usuarios.php:86-110 | Usuarios.php:165-180 | Usuarios.php:35-48,6,0,FLOW_SEMANTIC_INFERENCE_REVIEW_REQUIRED
master-data-configuration,tck_operadorestransporte,tck,REPORTING_READ_MODEL,Entidad de contexto usada por el flujo para consultar o relacionar informacion de negocio.,"created_at, deleted_at, estado, id, idcliente, idtransportista, nit, nombre, operador, pais, updated_at",control de acceso/cliente; transicion o bloqueo por estado; regla documental/carga-descarga; calculo financiero/impositivo; persistencia/atomicidad/concurrencia; notificacion o acceso externo,atomicidad/concurrencia pendiente; variante cliente pendiente de confirmar; catalogo/semantica pendiente; seguridad/autorizacion sensible,CREATE,`tck_operadorestransporte` | Operador de transporte/tracking registrado por cliente. | Tracking operator registration can create `tck_operadorestransporte` and linked `dav_transportista` credentials.,.data_base/asgard.sql:2600-3354 | .data_base/asgard.sql:9016-9135 | .data_base/asgard.sql:12056-12075 | index_archivos/parametros/usuarios/Usuarios.php:86-110 | index_archivos/parametros/usuarios/ajax/validarUsuario.php:13-29 | index_archivos/parametros/usuarios/Usuarios.php:153-160 | index_archivos/parametros/usuarios/Usuarios.php:35-48 | index_archivos/parametros/usuarios/Usuarios.php:184-203 | index_archivos/parametros/proveedormercancia/ProveedorMercancia.php:78-111 | index_archivos/parametros/proveedormercancia/ajax/listaProveedores.php:27-30 | index_archivos/parametros/proveedormercancia/ProveedorMercancia.php:721-741 | index_archivos/parametros/proveedormercancia/ProveedorMercancia.php:750-816 | index_archivos/parametros/proveedormercancia/ProveedorMercancia.php:817-825 | index_archivos/parametros/operadortransporte/OperadorTransporte.php:122-134 | index_archivos/parametros/operadortransporte/OperadorTransporte.php:136-166 | index_archivos/parametros/operadortransporte/OperadorTransporte.php:168-223 | index_archivos/parametros/usuarioFirmante/UsuarioFirmante.php:8-18 | Usuarios.php:86-110 | Usuarios.php:165-180 | Usuarios.php:35-48,5,1,FLOW_SEMANTIC_INFERENCE_REVIEW_REQUIRED
nationalization-weekly-planning,dav_casos,dav,READ_OR_CONTEXT,Entidad de contexto usada por el flujo para consultar o relacionar informacion de negocio.,"carpeta, fecha_planificacion_nacionalizacion, pedido",control de acceso/cliente; transicion o bloqueo por estado; regla documental/carga-descarga; calculo financiero/impositivo; notificacion o acceso externo,seguridad/autorizacion sensible,,- Persistencia candidata en `dav_casos.fecha_planificacion_nacionalizacion`. | `.data_base/asgard.sql` | Campo `dav_casos.fecha_planificacion_nacionalizacion`. | BR-NWP-008 | La fecha planificada candidata se almacena en `dav_casos.fecha_planificacion_nacionalizacion`. | `dav_casos.fecha_planificacion_nacionalizacion` | Campo candidato de persistencia en ASGARD. | Planned nationalization date exists in `dav_casos`.,EV-SQL_QUERY-1E16A453C0FC22 .data_base/asgard.sql:17707 READS access to dav_casos | EV-SQL_QUERY-C8AB19C9274D78 .data_base/asgard.sql:17755 READS access to dav_casos | EV-SQL_QUERY-85B23A1F6B1886 .data_base/asgard.sql:17773 READS access to dav_casosprevios | EV-SQL_QUERY-A3D8E3282D4ABA .data_base/asgard.sql:17773 READS access to dav_casos | EV-SQL_QUERY-1A08C59D5D207E .data_base/asgard.sql:17815 READS access to dav_casostarea | EV-SQL_QUERY-F5AD1D6FB7CE71 .data_base/asgard.sql:17821 READS access to dav_casos | EV-SQL_QUERY-21DBC002504852 .data_base/asgard.sql:17827 READS access to dav_casos | EV-SQL_QUERY-F810E95BCF97F6 .data_base/asgard.sql:17839 READS access to dav_casos | EV-SQL_QUERY-6078F1BF55EFAA .data_base/asgard.sql:17875 READS access to dav_casos | EV-SQL_QUERY-A3EEC206C5E6EE .data_base/asgard.sql:17881 READS access to dav_casos | EV-SQL_QUERY-CE70168053BD60 .data_base/asgard.sql:17887 READS access to dav_casos | EV-SQL_QUERY-510EF36FB05331 .data_base/asgard.sql:17893 READS access to dav_casosprevios | EV-SQL_QUERY-5EE6AF5366A82A .data_base/asgard.sql:17893 READS access to dav_casos | EV-SQL_QUERY-BB76D27B1C1433 .data_base/asgard.sql:17917 READS access to dav_casos | EV-SQL_QUERY-D9DF6CBD08D688 .data_base/asgard.sql:17917 READS access to dav_casosprevios | EV-SQL_QUERY-1EE354C2A5DD75 .data_base/asgard.sql:17941 READS access to dav_casosprevios | EV-SQL_QUERY-7CC97CDA261E3B .data_base/asgard.sql:17947 READS access to dav_casos | EV-SQL_QUERY-B3F6CA84CCD544 .data_base/asgard.sql:18239 READS access to dav_casos | EV-SQL_QUERY-2D87C35537BA0A .data_base/asgard.sql:18276 READS access to dav_casosprevios | EV-SQL_QUERY-41CBA511A1A811 .data_base/asgard.sql:18307 READS access to dav_casos,23,3,FLOW_SEMANTIC_INFERENCE_REVIEW_REQUIRED
nationalization-weekly-planning,part_planificacion_partida,transversal,READ_OR_CONTEXT,Entidad de contexto usada por el flujo para consultar o relacionar informacion de negocio.,"fecha_planificacion, partida",control de acceso/cliente; transicion o bloqueo por estado; regla documental/carga-descarga; calculo financiero/impositivo; notificacion o acceso externo,seguridad/autorizacion sensible,,"- Reprogramacion completa por motivo, aunque existe tabla relacionada `part_planificacion_partida`. | `.data_base/asgard.sql` | Tabla `part_planificacion_partida` con fecha de planificacion y motivo de reprogramacion. | `part_planificacion_partida` | Tabla relacionada de planificacion/reprogramacion por partida. | | `.data_base/asgard.sql` `part_planificacion_partida` | Medium | ## Review Needed",,0,0,FLOW_SEMANTIC_INFERENCE_REVIEW_REQUIRED
operational-case-dossier-access,dav_facturaplanilla,dav,REPORTING_READ_MODEL,Entidad de contexto usada por el flujo para consultar o relacionar informacion de negocio.,"cliente, fecha, idtipodoc, nit",control de acceso/cliente; transicion o bloqueo por estado; regla documental/carga-descarga; calculo financiero/impositivo,variante cliente pendiente de confirmar; catalogo/semantica pendiente; seguridad/autorizacion sensible,,`dav_facturaplanilla` | Factura/planilla y factura adicional generada.,EV-SQL_QUERY-7A8D0839363E40 .data_base/asgard.sql:17695 READS access to dav_facturaplanilla | EV-SQL_QUERY-FE2F4B4D50414D .data_base/asgard.sql:17701 READS access to dav_facturaplanilla | EV-SQL_QUERY-380B7E65D6B753 .data_base/asgard.sql:17761 READS access to dav_facturaplanilla | EV-SQL_QUERY-B852A980F6E3B6 .data_base/asgard.sql:17785 READS access to dav_facturaplanilla | EV-SQL_QUERY-0E7A5CD6CC7AB3 .data_base/asgard.sql:17821 READS access to dav_facturaplanilla | EV-SQL_QUERY-CA801278D001D7 .data_base/asgard.sql:17827 READS access to dav_facturaplanilla | EV-SQL_QUERY-F0D2E0E0F20BAB .data_base/asgard.sql:17857 READS access to dav_facturaplanilla | EV-SQL_QUERY-C66C4511D9DA1C .data_base/asgard.sql:17875 READS access to dav_facturaplanilla | EV-SQL_QUERY-B97F8A0E956DAD .data_base/asgard.sql:17917 READS access to dav_facturaplanilla | EV-SQL_QUERY-80623E9DA7EE1B .data_base/asgard.sql:17941 READS access to dav_facturaplanilla | EV-SQL_QUERY-2AFCE480BC0FB0 .data_base/asgard.sql:17977 READS access to dav_facturaplanilla | EV-SQL_QUERY-D6000DFC009DCA .data_base/asgard.sql:17983 READS access to dav_facturaplanilla | EV-SQL_QUERY-00111C41BCBE2E .data_base/asgard.sql:18306 READS access to dav_facturaplanilla | EV-SQL_QUERY-2016900B7344D7 .data_base/asgard.sql:18342 READS access to dav_facturaplanilla | EV-SQL_QUERY-10295D19BBA690 .data_base/asgard.sql:18366 READS access to dav_facturaplanilla | EV-SQL_QUERY-BA1CCA643B30E2 .data_base/asgard.sql:18411 READS access to dav_facturaplanilla | EV-SQL_QUERY-39B09EC3B8B329 .data_base/asgard.sql:18456 READS access to dav_facturaplanilla | EV-SQL_QUERY-4E3900A8536100 .data_base/asgard.sql:18502 READS access to dav_facturaplanilla | EV-SQL_QUERY-EC1FD3759DDCA3 .data_base/asgard.sql:18528 READS access to dav_facturaplanilla | EV-SQL_QUERY-F06CEFE17053E5 .data_base/asgard.sql:18556 READS access to dav_facturaplanilla,2,1,FLOW_SEMANTIC_INFERENCE_REVIEW_REQUIRED
operational-expense-control,dav_casos,dav,REPORTING_READ_MODEL,Entidad de contexto usada por el flujo para consultar o relacionar informacion de negocio.,"anulado, columna, fob, idestado, pedido",control de acceso/cliente; transicion o bloqueo por estado; regla documental/carga-descarga; calculo financiero/impositivo,SQL construido dinamicamente; variante cliente pendiente de confirmar; catalogo/semantica pendiente; seguridad/autorizacion sensible,,"`dav_casos` | Caso base, cliente, ciudad, proveedor, pedido, fechas, descripcion y anulacion.",EV-SQL_QUERY-1E16A453C0FC22 .data_base/asgard.sql:17707 READS access to dav_casos | EV-SQL_QUERY-C8AB19C9274D78 .data_base/asgard.sql:17755 READS access to dav_casos | EV-SQL_QUERY-85B23A1F6B1886 .data_base/asgard.sql:17773 READS access to dav_casosprevios | EV-SQL_QUERY-A3D8E3282D4ABA .data_base/asgard.sql:17773 READS access to dav_casos | EV-SQL_QUERY-1A08C59D5D207E .data_base/asgard.sql:17815 READS access to dav_casostarea | EV-SQL_QUERY-F5AD1D6FB7CE71 .data_base/asgard.sql:17821 READS access to dav_casos | EV-SQL_QUERY-21DBC002504852 .data_base/asgard.sql:17827 READS access to dav_casos | EV-SQL_QUERY-F810E95BCF97F6 .data_base/asgard.sql:17839 READS access to dav_casos | EV-SQL_QUERY-6078F1BF55EFAA .data_base/asgard.sql:17875 READS access to dav_casos | EV-SQL_QUERY-A3EEC206C5E6EE .data_base/asgard.sql:17881 READS access to dav_casos | EV-SQL_QUERY-CE70168053BD60 .data_base/asgard.sql:17887 READS access to dav_casos | EV-SQL_QUERY-510EF36FB05331 .data_base/asgard.sql:17893 READS access to dav_casosprevios | EV-SQL_QUERY-5EE6AF5366A82A .data_base/asgard.sql:17893 READS access to dav_casos | EV-SQL_QUERY-BB76D27B1C1433 .data_base/asgard.sql:17917 READS access to dav_casos | EV-SQL_QUERY-D9DF6CBD08D688 .data_base/asgard.sql:17917 READS access to dav_casosprevios | EV-SQL_QUERY-1EE354C2A5DD75 .data_base/asgard.sql:17941 READS access to dav_casosprevios | EV-SQL_QUERY-7CC97CDA261E3B .data_base/asgard.sql:17947 READS access to dav_casos | EV-SQL_QUERY-B3F6CA84CCD544 .data_base/asgard.sql:18239 READS access to dav_casos | EV-SQL_QUERY-2D87C35537BA0A .data_base/asgard.sql:18276 READS access to dav_casosprevios | EV-SQL_QUERY-41CBA511A1A811 .data_base/asgard.sql:18307 READS access to dav_casos,23,3,FLOW_SEMANTIC_INFERENCE_REVIEW_REQUIRED
operational-expense-control,dav_concepto,dav,REPORTING_READ_MODEL,Entidad de contexto usada por el flujo para consultar o relacionar informacion de negocio.,"concepto, descripcion, factura, nit",control de acceso/cliente; transicion o bloqueo por estado; regla documental/carga-descarga; calculo financiero/impositivo,SQL construido dinamicamente; variante cliente pendiente de confirmar; catalogo/semantica pendiente; seguridad/autorizacion sensible,,`dav_concepto` | Descripcion de conceptos dinamicos.,EV-SQL_QUERY-587F44C75E4D98 .data_base/asgard.sql:17791 READS access to dav_concepto | EV-SQL_QUERY-399DF0033E998D .data_base/asgard.sql:17821 READS access to dav_concepto | EV-SQL_QUERY-7A4AC0A78FE19F .data_base/asgard.sql:17827 READS access to dav_concepto | EV-SQL_QUERY-D39D415D584A89 .data_base/asgard.sql:17833 READS access to dav_concepto | EV-SQL_QUERY-D80F7FC6DC1EF1 .data_base/asgard.sql:17857 READS access to dav_concepto | EV-SQL_QUERY-522ACE1675D3D9 .data_base/asgard.sql:17869 READS access to dav_concepto | EV-SQL_QUERY-C7E545C151F505 .data_base/asgard.sql:17875 READS access to dav_concepto | EV-SQL_QUERY-CFD0A66DF51C7F .data_base/asgard.sql:17983 READS access to dav_concepto | EV-SQL_QUERY-03B8C88AE883A5 .data_base/asgard.sql:18413 READS access to dav_concepto | EV-SQL_QUERY-9CE529A74838D9 .data_base/asgard.sql:18458 READS access to dav_concepto | EV-SQL_QUERY-59EDA3FA877A03 .data_base/asgard.sql:18530 READS access to dav_concepto | EV-SQL_QUERY-64F81B79DD8101 .data_base/asgard.sql:18558 READS access to dav_concepto | EV-SQL_QUERY-43B97966EC3F1F .data_base/asgard.sql:20486 READS access to dav_concepto | EV-SQL_QUERY-7FDC50097B1974 .data_base/asgard.sql:20528 READS access to dav_concepto | EV-SQL_QUERY-70E0F5D1E0AB98 .data_base/asgard.sql:21221 READS access to dav_concepto | EV-SQL_QUERY-A354ADE4E9F80F .data_base/asgard.sql:21263 READS access to dav_concepto | EV-SQL_QUERY-2D0FE0862AB41C .data_base/asgard.sql:21989 READS access to dav_concepto | EV-SQL_QUERY-D6BA32AA66CB81 .data_base/asgard.sql:22031 READS access to dav_concepto | EV-SQL_QUERY-E9A9629482E5D9 .data_base/asgard.sql:22096 READS access to dav_concepto | EV-SQL_QUERY-2CA4B3AD5A8BCD .data_base/asgard.sql:22121 READS access to dav_concepto,1,0,FLOW_SEMANTIC_INFERENCE_REVIEW_REQUIRED
operational-expense-control,dav_facturaplanilla,dav,REPORTING_READ_MODEL,Entidad de contexto usada por el flujo para consultar o relacionar informacion de negocio.,"cliente, fecha, idestadofactura, idestadoplanilla, idtipodoc, nit",control de acceso/cliente; transicion o bloqueo por estado; regla documental/carga-descarga; calculo financiero/impositivo,SQL construido dinamicamente; variante cliente pendiente de confirmar; catalogo/semantica pendiente; seguridad/autorizacion sensible,,"`dav_facturaplanilla` | Facturas/planillas, estado, fecha y numero.",EV-SQL_QUERY-7A8D0839363E40 .data_base/asgard.sql:17695 READS access to dav_facturaplanilla | EV-SQL_QUERY-FE2F4B4D50414D .data_base/asgard.sql:17701 READS access to dav_facturaplanilla | EV-SQL_QUERY-380B7E65D6B753 .data_base/asgard.sql:17761 READS access to dav_facturaplanilla | EV-SQL_QUERY-B852A980F6E3B6 .data_base/asgard.sql:17785 READS access to dav_facturaplanilla | EV-SQL_QUERY-0E7A5CD6CC7AB3 .data_base/asgard.sql:17821 READS access to dav_facturaplanilla | EV-SQL_QUERY-CA801278D001D7 .data_base/asgard.sql:17827 READS access to dav_facturaplanilla | EV-SQL_QUERY-F0D2E0E0F20BAB .data_base/asgard.sql:17857 READS access to dav_facturaplanilla | EV-SQL_QUERY-C66C4511D9DA1C .data_base/asgard.sql:17875 READS access to dav_facturaplanilla | EV-SQL_QUERY-B97F8A0E956DAD .data_base/asgard.sql:17917 READS access to dav_facturaplanilla | EV-SQL_QUERY-80623E9DA7EE1B .data_base/asgard.sql:17941 READS access to dav_facturaplanilla | EV-SQL_QUERY-2AFCE480BC0FB0 .data_base/asgard.sql:17977 READS access to dav_facturaplanilla | EV-SQL_QUERY-D6000DFC009DCA .data_base/asgard.sql:17983 READS access to dav_facturaplanilla | EV-SQL_QUERY-00111C41BCBE2E .data_base/asgard.sql:18306 READS access to dav_facturaplanilla | EV-SQL_QUERY-2016900B7344D7 .data_base/asgard.sql:18342 READS access to dav_facturaplanilla | EV-SQL_QUERY-10295D19BBA690 .data_base/asgard.sql:18366 READS access to dav_facturaplanilla | EV-SQL_QUERY-BA1CCA643B30E2 .data_base/asgard.sql:18411 READS access to dav_facturaplanilla | EV-SQL_QUERY-39B09EC3B8B329 .data_base/asgard.sql:18456 READS access to dav_facturaplanilla | EV-SQL_QUERY-4E3900A8536100 .data_base/asgard.sql:18502 READS access to dav_facturaplanilla | EV-SQL_QUERY-EC1FD3759DDCA3 .data_base/asgard.sql:18528 READS access to dav_facturaplanilla | EV-SQL_QUERY-F06CEFE17053E5 .data_base/asgard.sql:18556 READS access to dav_facturaplanilla,2,1,FLOW_SEMANTIC_INFERENCE_REVIEW_REQUIRED
operational-expense-control,dav_facturasdetalle,dav,REPORTING_READ_MODEL,Entidad de contexto usada por el flujo para consultar o relacionar informacion de negocio.,concepto,control de acceso/cliente; transicion o bloqueo por estado; regla documental/carga-descarga; calculo financiero/impositivo,SQL construido dinamicamente; variante cliente pendiente de confirmar; catalogo/semantica pendiente; seguridad/autorizacion sensible,,- Detalles de planilla (`dav_pagosdetalle`) y factura (`dav_facturasdetalle`). | `dav_facturasdetalle` | Conceptos e importes de factura.,EV-SQL_QUERY-6C335EEF26AC2C .data_base/asgard.sql:18304 READS access to dav_facturasdetalle | EV-SQL_QUERY-EB6DC5932871EA .data_base/asgard.sql:18340 READS access to dav_facturasdetalle | EV-SQL_QUERY-45B00841497720 .data_base/asgard.sql:19654 READS access to dav_facturasdetalle | EV-SQL_QUERY-676ACE4EAE8285 .data_base/asgard.sql:20045 READS access to dav_facturasdetalle | EV-SQL_QUERY-638191EB257C16 .data_base/asgard.sql:20423 READS access to dav_facturasdetalle | EV-SQL_QUERY-622AD5D293DC66 .data_base/asgard.sql:21158 READS access to dav_facturasdetalle | EV-SQL_QUERY-B8134640A2980E .data_base/asgard.sql:21904 READS access to dav_facturasdetalle | EV-SQL_QUERY-68A1772A4E4378 .data_base/asgard.sql:21921 READS access to dav_facturasdetalle | EV-SQL_QUERY-3C9733F993B278 .data_base/asgard.sql:23175 READS access to dav_facturasdetalle | EV-SQL_QUERY-3B3BB9A139A48C .data_base/asgard.sql:23921 READS access to dav_facturasdetalle | EV-SQL_QUERY-007DE2A4FA922C .data_base/asgard.sql:23938 READS access to dav_facturasdetalle | EV-SQL_QUERY-B474B0EA84C8BC .data_base/asgard.sql:25002 READS access to dav_facturasdetalle | EV-SQL_QUERY-AD40BC76AB6BE6 .data_base/asgard.sql:25037 READS access to dav_facturasdetalle | EV-SQL_QUERY-D73F7D98CACAB0 .data_base/asgard.sql:28585 READS access to dav_facturasdetalle | EV-SQL_QUERY-ED23B18BC10978 .data_base/asgard.sql:28607 READS access to dav_facturasdetalle | EV-SQL_QUERY-485A3B57C01F5E .data_base/asgard.sql:28629 READS access to dav_facturasdetalle | EV-SQL_QUERY-82E5A97227380F .data_base/asgard.sql:28826 READS access to dav_facturasdetalle | EV-SQL_QUERY-C7A18C03253CD5 .data_base/asgard.sql:28846 READS access to dav_facturasdetalle | EV-SQL_QUERY-A66D162FBA03F0 .data_base/asgard.sql:29311 READS access to dav_facturasdetalle | EV-SQL_QUERY-4594F99CFB7073 .data_base/asgard.sql:29627 READS access to dav_facturasdetalle,1,0,FLOW_SEMANTIC_INFERENCE_REVIEW_REQUIRED
operational-expense-control,dav_notasdebito,dav,REPORTING_READ_MODEL,Entidad de contexto usada por el flujo para consultar o relacionar informacion de negocio.,"cliente, fecha, numero",control de acceso/cliente; transicion o bloqueo por estado; regla documental/carga-descarga; calculo financiero/impositivo,SQL construido dinamicamente; variante cliente pendiente de confirmar; catalogo/semantica pendiente; seguridad/autorizacion sensible,,`dav_notasdebito` | Notas de debito incorporadas al total.,EV-SQL_QUERY-65252F7E59C894 .data_base/asgard.sql:17821 READS access to dav_notasdebito | EV-SQL_QUERY-F5E3767E972C3D .data_base/asgard.sql:17821 READS access to dav_notasdebitodetalle | EV-SQL_QUERY-595FEE4648E530 .data_base/asgard.sql:17827 READS access to dav_notasdebito | EV-SQL_QUERY-E51E8945247CA6 .data_base/asgard.sql:17827 READS access to dav_notasdebitodetalle | EV-SQL_QUERY-15D04E8F43C1F0 .data_base/asgard.sql:17869 READS access to dav_notasdebitodetalle | EV-SQL_QUERY-F858F907CB95A3 .data_base/asgard.sql:17881 READS access to dav_notasdebitodetalle | EV-SQL_QUERY-F05C72584F5884 .data_base/asgard.sql:17887 READS access to dav_notasdebitodetalle | EV-SQL_QUERY-AAC1E9736EB211 .data_base/asgard.sql:18372 READS access to dav_notasdebitodetalle | EV-SQL_QUERY-78291D84F9A30D .data_base/asgard.sql:18374 READS access to dav_notasdebito | EV-SQL_QUERY-4F3A04232FBFF0 .data_base/asgard.sql:18418 READS access to dav_notasdebitodetalle | EV-SQL_QUERY-BCF6D5752643AA .data_base/asgard.sql:18420 READS access to dav_notasdebito | EV-SQL_QUERY-7C62B04A03638D .data_base/asgard.sql:18463 READS access to dav_notasdebitodetalle | EV-SQL_QUERY-82D2AF5D32F0B6 .data_base/asgard.sql:18465 READS access to dav_notasdebito | EV-SQL_QUERY-EAA9943BBFDC01 .data_base/asgard.sql:18583 READS access to dav_notasdebitodetalle | EV-SQL_QUERY-7403ADBB04D98C .data_base/asgard.sql:18585 READS access to dav_notasdebito | EV-SQL_QUERY-7207D70CF48D01 .data_base/asgard.sql:18610 READS access to dav_notasdebitodetalle | EV-SQL_QUERY-E9D4EA9DEC8B2A .data_base/asgard.sql:18612 READS access to dav_notasdebito | EV-SQL_QUERY-9054FFA4A85A7B .data_base/asgard.sql:18806 READS access to dav_notasdebito | EV-SQL_QUERY-4E8A4D056126B9 .data_base/asgard.sql:18827 READS access to dav_notasdebito | EV-SQL_QUERY-E29932CA259294 .data_base/asgard.sql:18921 READS access to dav_notasdebito,1,1,FLOW_SEMANTIC_INFERENCE_REVIEW_REQUIRED
operational-expense-control,dav_pagosdetalle,dav,REPORTING_READ_MODEL,Entidad de contexto usada por el flujo para consultar o relacionar informacion de negocio.,nd,control de acceso/cliente; transicion o bloqueo por estado; regla documental/carga-descarga; calculo financiero/impositivo,SQL construido dinamicamente; variante cliente pendiente de confirmar; catalogo/semantica pendiente; seguridad/autorizacion sensible,,- Detalles de planilla (`dav_pagosdetalle`) y factura (`dav_facturasdetalle`). | `dav_pagosdetalle` | Conceptos e importes de planilla.,EV-SQL_QUERY-BC17003CF9BEFD .data_base/asgard.sql:17827 READS access to dav_pagosdetalle | EV-SQL_QUERY-07C2F68097DAC4 .data_base/asgard.sql:17869 READS access to dav_pagosdetalle | EV-SQL_QUERY-99754B68578828 .data_base/asgard.sql:17875 READS access to dav_pagosdetalle | EV-SQL_QUERY-3CE7AA68B2AD69 .data_base/asgard.sql:17881 READS access to dav_pagosdetalle | EV-SQL_QUERY-684300BD3CFFBC .data_base/asgard.sql:17887 READS access to dav_pagosdetalle | EV-SQL_QUERY-103E2B3C0B1404 .data_base/asgard.sql:17983 READS access to dav_pagosdetalle | EV-SQL_QUERY-E623CAFED17DAA .data_base/asgard.sql:18363 READS access to dav_pagosdetalle | EV-SQL_QUERY-398A69CAC1CA16 .data_base/asgard.sql:18375 READS access to dav_pagosdetalle | EV-SQL_QUERY-03C584BBE22EF8 .data_base/asgard.sql:18408 READS access to dav_pagosdetalle | EV-SQL_QUERY-9E4098F303ED07 .data_base/asgard.sql:18453 READS access to dav_pagosdetalle | EV-SQL_QUERY-022C6952005AD1 .data_base/asgard.sql:18466 READS access to dav_pagosdetalle | EV-SQL_QUERY-9CD940EDEBD86F .data_base/asgard.sql:18499 READS access to dav_pagosdetalle | EV-SQL_QUERY-882BE1EE0577B4 .data_base/asgard.sql:18525 READS access to dav_pagosdetalle | EV-SQL_QUERY-C5BCB20219BBC3 .data_base/asgard.sql:18553 READS access to dav_pagosdetalle | EV-SQL_QUERY-282C3A4378F3DC .data_base/asgard.sql:18613 READS access to dav_pagosdetalle | EV-SQL_QUERY-9D351877EC4BD4 .data_base/asgard.sql:19066 READS access to dav_pagosdetalle | EV-SQL_QUERY-D7F166F464E320 .data_base/asgard.sql:19358 READS access to dav_pagosdetalle | EV-SQL_QUERY-1FFD03C02C0A9F .data_base/asgard.sql:19609 READS access to dav_pagosdetalle | EV-SQL_QUERY-6167B1FB7F9E9E .data_base/asgard.sql:19671 READS access to dav_pagosdetalle | EV-SQL_QUERY-1FBD26171E54ED .data_base/asgard.sql:20062 READS access to dav_pagosdetalle,8,0,FLOW_SEMANTIC_INFERENCE_REVIEW_REQUIRED
operational-expense-control,dav_partidas,dav,REPORTING_READ_MODEL,Entidad de contexto usada por el flujo para consultar o relacionar informacion de negocio.,"gas, ice, pedido, posicion, unidad",control de acceso/cliente; transicion o bloqueo por estado; regla documental/carga-descarga; calculo financiero/impositivo,SQL construido dinamicamente; variante cliente pendiente de confirmar; catalogo/semantica pendiente; seguridad/autorizacion sensible,,"`dav_partidas` | SKU/codigo producto, valor factura y datos de item.",EV-SQL_QUERY-5FB1B91D624793 .data_base/asgard.sql:17743 READS access to dav_partidas | EV-SQL_QUERY-84D976F52CA0AB .data_base/asgard.sql:17749 READS access to dav_partidas | EV-SQL_QUERY-F7BE030AB2BD95 .data_base/asgard.sql:17773 READS access to dav_partidas | EV-SQL_QUERY-5025CB0B535FA8 .data_base/asgard.sql:17809 READS access to dav_partidas | EV-SQL_QUERY-0E36D68C2A2659 .data_base/asgard.sql:17917 READS access to dav_partidas | EV-SQL_QUERY-EEA48DA51BA81B .data_base/asgard.sql:17935 READS access to dav_partidas | EV-SQL_QUERY-E59D6886D0E192 .data_base/asgard.sql:18215 READS access to dav_partidas | EV-SQL_QUERY-481BA62807E5BD .data_base/asgard.sql:18236 READS access to dav_partidas | EV-SQL_QUERY-A607ACE1B59F76 .data_base/asgard.sql:27285 READS access to dav_partidas | EV-SQL_QUERY-5DDFACFC37BC88 .data_base/asgard.sql:27509 READS access to dav_partidas | EV-SQL_QUERY-CFAD29105C7640 .data_base/asgard.sql:28126 READS access to dav_partidas | EV-SQL_QUERY-A213F94B71F480 .data_base/asgard.sql:28209 READS access to dav_partidas | EV-SQL_QUERY-4A9B90C9BB5BFB .data_base/asgard.sql:28284 READS access to dav_partidas | EV-SQL_QUERY-D4B6149A4F3E6A .data_base/asgard.sql:28472 READS access to dav_partidas | EV-SQL_QUERY-96ED972E49AFBA .data_base/asgard.sql:29202 READS access to dav_partidas | EV-SQL_QUERY-FEC31E04553F87 .data_base/asgard.sql:29352 READS access to dav_partidas | EV-SQL_QUERY-7EA53BFE378708 .data_base/asgard.sql:29356 READS access to dav_partidas | EV-SQL_QUERY-F3CEB329C04439 .data_base/asgard.sql:29386 READS access to dav_partidas | EV-SQL_QUERY-980EC98277CE90 .data_base/asgard.sql:29390 READS access to dav_partidas | EV-SQL_QUERY-57F97B17E02300 .data_base/asgard.sql:29518 READS access to dav_partidas,13,0,FLOW_SEMANTIC_INFERENCE_REVIEW_REQUIRED
operational-reporting-downloads,dav_casos,dav,REPORTING_READ_MODEL,Entidad de contexto usada por el flujo para consultar o relacionar informacion de negocio.,"idcliente, idusuario",control de acceso/cliente; transicion o bloqueo por estado; regla documental/carga-descarga; calculo financiero/impositivo; persistencia/atomicidad/concurrencia; notificacion o acceso externo,atomicidad/concurrencia pendiente; variante cliente pendiente de confirmar; catalogo/semantica pendiente; seguridad/autorizacion sensible,,"`dav_casos` | Carpeta, pedido, cliente, fechas de filtro y estado anulado. | `dav_casosprevios` | Vinculo entre caso, exchange y embarque logistico.",.data_base/asgard.sql:3690-3716 | .data_base/asgard.sql:9518-9591 | .data_base/asgard.sql:11749-11779 | .data_base/asgard.sql:9532-9550 | EV-SQL_QUERY-1E16A453C0FC22 .data_base/asgard.sql:17707 READS access to dav_casos | EV-SQL_QUERY-C8AB19C9274D78 .data_base/asgard.sql:17755 READS access to dav_casos | EV-SQL_QUERY-85B23A1F6B1886 .data_base/asgard.sql:17773 READS access to dav_casosprevios | EV-SQL_QUERY-A3D8E3282D4ABA .data_base/asgard.sql:17773 READS access to dav_casos | EV-SQL_QUERY-1A08C59D5D207E .data_base/asgard.sql:17815 READS access to dav_casostarea | EV-SQL_QUERY-F5AD1D6FB7CE71 .data_base/asgard.sql:17821 READS access to dav_casos | EV-SQL_QUERY-21DBC002504852 .data_base/asgard.sql:17827 READS access to dav_casos | EV-SQL_QUERY-F810E95BCF97F6 .data_base/asgard.sql:17839 READS access to dav_casos | EV-SQL_QUERY-6078F1BF55EFAA .data_base/asgard.sql:17875 READS access to dav_casos | EV-SQL_QUERY-A3EEC206C5E6EE .data_base/asgard.sql:17881 READS access to dav_casos | EV-SQL_QUERY-CE70168053BD60 .data_base/asgard.sql:17887 READS access to dav_casos | EV-SQL_QUERY-510EF36FB05331 .data_base/asgard.sql:17893 READS access to dav_casosprevios | EV-SQL_QUERY-5EE6AF5366A82A .data_base/asgard.sql:17893 READS access to dav_casos | EV-SQL_QUERY-BB76D27B1C1433 .data_base/asgard.sql:17917 READS access to dav_casos | EV-SQL_QUERY-D9DF6CBD08D688 .data_base/asgard.sql:17917 READS access to dav_casosprevios | EV-SQL_QUERY-1EE354C2A5DD75 .data_base/asgard.sql:17941 READS access to dav_casosprevios,23,3,FLOW_SEMANTIC_INFERENCE_REVIEW_REQUIRED
operational-reporting-downloads,dav_casosprevios,dav,REPORTING_READ_MODEL,Entidad de contexto usada por el flujo para consultar o relacionar informacion de negocio.,"idcliente, idusuario",control de acceso/cliente; transicion o bloqueo por estado; regla documental/carga-descarga; calculo financiero/impositivo; persistencia/atomicidad/concurrencia; notificacion o acceso externo,atomicidad/concurrencia pendiente; variante cliente pendiente de confirmar; catalogo/semantica pendiente; seguridad/autorizacion sensible,,"`dav_casosprevios` | Vinculo entre caso, exchange y embarque logistico.",.data_base/asgard.sql:3690-3716 | .data_base/asgard.sql:9518-9591 | .data_base/asgard.sql:11749-11779 | .data_base/asgard.sql:9532-9550 | EV-SQL_QUERY-85B23A1F6B1886 .data_base/asgard.sql:17773 READS access to dav_casosprevios | EV-SQL_QUERY-510EF36FB05331 .data_base/asgard.sql:17893 READS access to dav_casosprevios | EV-SQL_QUERY-D9DF6CBD08D688 .data_base/asgard.sql:17917 READS access to dav_casosprevios | EV-SQL_QUERY-1EE354C2A5DD75 .data_base/asgard.sql:17941 READS access to dav_casosprevios | EV-SQL_QUERY-2D87C35537BA0A .data_base/asgard.sql:18276 READS access to dav_casosprevios | EV-SQL_QUERY-ACBC7014B44145 .data_base/asgard.sql:27550 READS access to dav_casosprevios | EV-SQL_QUERY-9E53765A441113 .data_base/asgard.sql:27576 READS access to dav_casosprevios | EV-SQL_QUERY-ECB9B94D5BA8BD .data_base/asgard.sql:27586 READS access to dav_casosprevios | EV-SQL_QUERY-355981AEFA7039 .data_base/asgard.sql:27984 READS access to dav_casosprevios | EV-SQL_QUERY-FF4C0CD0FF8DE3 .data_base/asgard.sql:28508 READS access to dav_casosprevios | EV-SQL_QUERY-099D8F5CFA3496 .data_base/asgard.sql:28528 READS access to dav_casosprevios | EV-SQL_QUERY-16ECEF1D5705A0 .data_base/asgard.sql:28548 READS access to dav_casosprevios | EV-SQL_QUERY-3B1B94E4B9398F .data_base/asgard.sql:28568 READS access to dav_casosprevios | EV-SQL_QUERY-3E27A928E596DE .data_base/asgard.sql:28589 READS access to dav_casosprevios | EV-SQL_QUERY-E7C1494CD55908 .data_base/asgard.sql:28612 READS access to dav_casosprevios | EV-SQL_QUERY-ABDC5404FC32DB .data_base/asgard.sql:28634 READS access to dav_casosprevios,22,3,FLOW_SEMANTIC_INFERENCE_REVIEW_REQUIRED
operational-reporting-downloads,dav_cliente,dav,REPORTING_READ_MODEL,Entidad de contexto usada por el flujo para consultar o relacionar informacion de negocio.,"idcliente, idusuario, visitas",control de acceso/cliente; transicion o bloqueo por estado; regla documental/carga-descarga; calculo financiero/impositivo; persistencia/atomicidad/concurrencia; notificacion o acceso externo,atomicidad/concurrencia pendiente; variante cliente pendiente de confirmar; catalogo/semantica pendiente; seguridad/autorizacion sensible,,`dav_cliente` | Nombre de cliente mostrado en matriz.,.data_base/asgard.sql:3690-3716 | .data_base/asgard.sql:9518-9591 | .data_base/asgard.sql:11749-11779 | .data_base/asgard.sql:9532-9550 | EV-SQL_QUERY-F88084EE280AC8 .data_base/asgard.sql:17695 READS access to dav_cliente | EV-SQL_QUERY-46ABC331A8E211 .data_base/asgard.sql:17701 READS access to dav_cliente | EV-SQL_QUERY-E3D4FE27B5CBDA .data_base/asgard.sql:17749 READS access to dav_clientelineas | EV-SQL_QUERY-F75BE8E8FDC88F .data_base/asgard.sql:17755 READS access to dav_cliente | EV-SQL_QUERY-4DAF7B35BDD5F7 .data_base/asgard.sql:17761 READS access to dav_cliente | EV-SQL_QUERY-45D0E951E973A4 .data_base/asgard.sql:17797 READS access to dav_cliente | EV-SQL_QUERY-14A3480DD829B2 .data_base/asgard.sql:17821 READS access to dav_cliente | EV-SQL_QUERY-2EB1549CD93DD3 .data_base/asgard.sql:17827 READS access to dav_clientecomisionmaestro2 | EV-SQL_QUERY-6DD964060BB901 .data_base/asgard.sql:17827 READS access to dav_cliente | EV-SQL_QUERY-36CF8FF161BDAA .data_base/asgard.sql:17845 READS access to dav_clientecomisionmaestro2 | EV-SQL_QUERY-30502EFD526E2C .data_base/asgard.sql:17851 READS access to dav_clienteusuarios | EV-SQL_QUERY-A7037E3F5264B2 .data_base/asgard.sql:17851 READS access to dav_cliente | EV-SQL_QUERY-7B58EBDBC43C4D .data_base/asgard.sql:17857 READS access to dav_clientedeclarante | EV-SQL_QUERY-E0B526832AD923 .data_base/asgard.sql:17857 READS access to dav_cliente | EV-SQL_QUERY-5905493304584E .data_base/asgard.sql:17863 READS access to dav_cliente | EV-SQL_QUERY-ED1E2249A395F1 .data_base/asgard.sql:17863 READS access to dav_clienteusuarios,21,1,FLOW_SEMANTIC_INFERENCE_REVIEW_REQUIRED
operational-reporting-downloads,dav_contadorreportes,dav,REPORTING_READ_MODEL,"Entidad documental o soporte usado para validar, adjuntar, generar o descargar evidencias.","idreporte, idusuario, visitas",control de acceso/cliente; transicion o bloqueo por estado; regla documental/carga-descarga; calculo financiero/impositivo; persistencia/atomicidad/concurrencia; notificacion o acceso externo,atomicidad/concurrencia pendiente; variante cliente pendiente de confirmar; catalogo/semantica pendiente; seguridad/autorizacion sensible,,- Contador de visitas/exportaciones en tablas `dav_contadorreportes*` cuando aplica. | `dav_contadorreportes` | Contador de visitas por usuario y reporte. | `dav_contadorreportesclientes` | Contador cliente de visitas y exportaciones Excel.,.data_base/asgard.sql:3690-3716 | .data_base/asgard.sql:9518-9591 | .data_base/asgard.sql:11749-11779 | .data_base/asgard.sql:9532-9550 | EV-SQL_QUERY-1D83239D64ED5E .data_base/asgard.sql:17797 READS access to dav_contadorreportesclientes | EV-SQL_QUERY-BFD8C21B4578C1 .data_base/asgard.sql:30044 READS access to dav_contadorreportesclientes | EV-SQL_QUERY-E16A2F68B746C6 .data_base/asgard.sql:30338 READS access to dav_contadorreportesclientes,0,0,FLOW_SEMANTIC_INFERENCE_REVIEW_REQUIRED
operational-reporting-downloads,dav_contadorreportesclientes,dav,REPORTING_READ_MODEL,"Entidad documental o soporte usado para validar, adjuntar, generar o descargar evidencias.","excel, idcliente, idclienteusuarios, idreportescliente, visitas",control de acceso/cliente; transicion o bloqueo por estado; regla documental/carga-descarga; calculo financiero/impositivo; persistencia/atomicidad/concurrencia; notificacion o acceso externo,atomicidad/concurrencia pendiente; variante cliente pendiente de confirmar; catalogo/semantica pendiente; seguridad/autorizacion sensible,,`dav_contadorreportesclientes` | Contador cliente de visitas y exportaciones Excel.,.data_base/asgard.sql:3690-3716 | .data_base/asgard.sql:9518-9591 | .data_base/asgard.sql:11749-11779 | .data_base/asgard.sql:9532-9550 | EV-SQL_QUERY-1D83239D64ED5E .data_base/asgard.sql:17797 READS access to dav_contadorreportesclientes | EV-SQL_QUERY-BFD8C21B4578C1 .data_base/asgard.sql:30044 READS access to dav_contadorreportesclientes | EV-SQL_QUERY-E16A2F68B746C6 .data_base/asgard.sql:30338 READS access to dav_contadorreportesclientes,1,0,FLOW_SEMANTIC_INFERENCE_REVIEW_REQUIRED
operational-reporting-downloads,dav_facturacomercial,dav,REPORTING_READ_MODEL,"Entidad documental o soporte usado para validar, adjuntar, generar o descargar evidencias.",,control de acceso/cliente; transicion o bloqueo por estado; regla documental/carga-descarga; calculo financiero/impositivo; persistencia/atomicidad/concurrencia; notificacion o acceso externo,atomicidad/concurrencia pendiente; variante cliente pendiente de confirmar; catalogo/semantica pendiente; seguridad/autorizacion sensible,,`dav_facturacomercial` | Apoya el nombre de carpeta/archivo en compresion.,.data_base/asgard.sql:3690-3716 | .data_base/asgard.sql:9518-9591 | .data_base/asgard.sql:11749-11779 | .data_base/asgard.sql:9532-9550 | EV-SQL_QUERY-EA5CECD49E45DC .data_base/asgard.sql:17749 READS access to dav_facturacomercial | EV-SQL_QUERY-E0B4CE612BC841 .data_base/asgard.sql:17773 READS access to dav_facturacomercial | EV-SQL_QUERY-F741221752A150 .data_base/asgard.sql:17809 READS access to dav_facturacomercial | EV-SQL_QUERY-D8FA4064EF353B .data_base/asgard.sql:17827 READS access to dav_facturacomercial | EV-SQL_QUERY-016F3CBB861849 .data_base/asgard.sql:17875 READS access to dav_facturacomercial | EV-SQL_QUERY-6D6F63E1CC8C17 .data_base/asgard.sql:17881 READS access to dav_facturacomercial | EV-SQL_QUERY-43F69C8B079F08 .data_base/asgard.sql:17893 READS access to dav_facturacomercial | EV-SQL_QUERY-34BD0FC416E48A .data_base/asgard.sql:17935 READS access to dav_facturacomercial | EV-SQL_QUERY-BA17A572CE7EC0 .data_base/asgard.sql:18213 READS access to dav_facturacomercial | EV-SQL_QUERY-F7242CD4237F7D .data_base/asgard.sql:18238 READS access to dav_facturacomercial | EV-SQL_QUERY-54E651DF531E4E .data_base/asgard.sql:27287 READS access to dav_facturacomercial | EV-SQL_QUERY-C2ACEBCD750270 .data_base/asgard.sql:27460 READS access to dav_facturacomercial | EV-SQL_QUERY-CB8F0C08DC088D .data_base/asgard.sql:27511 READS access to dav_facturacomercial | EV-SQL_QUERY-F1662949A0A332 .data_base/asgard.sql:28125 READS access to dav_facturacomercial | EV-SQL_QUERY-B7C85E727ABA7E .data_base/asgard.sql:28208 READS access to dav_facturacomercial | EV-SQL_QUERY-2B3E611DECC184 .data_base/asgard.sql:28283 READS access to dav_facturacomercial,11,0,FLOW_SEMANTIC_INFERENCE_REVIEW_REQUIRED
operational-reporting-downloads,dav_reportes,dav,REPORTING_READ_MODEL,"Catalogo o parametro que condiciona reglas, permisos o variantes del flujo.","enlace, idtipousuario, reporte",control de acceso/cliente; transicion o bloqueo por estado; regla documental/carga-descarga; calculo financiero/impositivo; persistencia/atomicidad/concurrencia; notificacion o acceso externo,atomicidad/concurrencia pendiente; variante cliente pendiente de confirmar; catalogo/semantica pendiente; seguridad/autorizacion sensible,,"BR-ORD-005 | El catalogo `dav_reportescliente` define reportes cliente, modulo, enlace/url, iconografia y jerarquia de menu. | `dav_reportes` | Catalogo de reportes por tipo de usuario. | `dav_reportescliente` | Catalogo/menu de reportes cliente. | `dav_reportescliente_bi_ai` | Catalogo de dashboards BI/AI asociados a cliente. | `dav_reportesgenerados` | Registro de reportes generados por usuario cliente. | Confirm final catalog and ownership of all report ids in `dav_reportescliente`.",.data_base/asgard.sql:3690-3716 | .data_base/asgard.sql:9518-9591 | .data_base/asgard.sql:11749-11779 | .data_base/asgard.sql:9532-9550 | EV-SQL_QUERY-F5085E0CF0FA53 .data_base/asgard.sql:17797 READS access to dav_reportescliente | EV-SQL_QUERY-D03953C14DF355 .data_base/asgard.sql:30045 READS access to dav_reportescliente | EV-SQL_QUERY-13B808478810FC .data_base/asgard.sql:30339 READS access to dav_reportescliente | EV-SQL_QUERY-0F26ED1EF25091 index_archivos/MenuClass.php:15 READS access to dav_reportescliente | EV-SQL_QUERY-4166F5A939E674 index_archivos/MenuClass.php:31 READS access to dav_reportescliente | EV-SQL_QUERY-EF13141CEF0A08 index_archivos/menu.php:68 READS access to dav_reportescliente | EV-SQL_QUERY-FBA64555A2F677 index_archivos/menubs4.php:83 READS access to dav_reportescliente | EV-SQL_QUERY-8D31FD5E6641FE index_archivos/parametros/usuarios/Usuarios.php:190 READS access to dav_reportescliente | EV-SQL_QUERY-0AB763213CEA2A index_archivos/parametros/usuarios/Usuarios.php:192 READS access to dav_reportespermisoscliente,0,0,FLOW_SEMANTIC_INFERENCE_REVIEW_REQUIRED
operational-reporting-downloads,dav_reportescliente,dav,REPORTING_READ_MODEL,"Catalogo o parametro que condiciona reglas, permisos o variantes del flujo.","deleted_at, enlace, idreportescliente, is_menu, modulo, parent_id, reportescliente, url",control de acceso/cliente; transicion o bloqueo por estado; regla documental/carga-descarga; calculo financiero/impositivo; persistencia/atomicidad/concurrencia; notificacion o acceso externo,atomicidad/concurrencia pendiente; variante cliente pendiente de confirmar; catalogo/semantica pendiente; seguridad/autorizacion sensible,,"BR-ORD-005 | El catalogo `dav_reportescliente` define reportes cliente, modulo, enlace/url, iconografia y jerarquia de menu. | `dav_reportescliente` | Catalogo/menu de reportes cliente. | `dav_reportescliente_bi_ai` | Catalogo de dashboards BI/AI asociados a cliente. | `modulo` en `dav_reportescliente` | Agrupacion de menu; observado en vista como Reportes Operativos/Contables. | Confirm final catalog and ownership of all report ids in `dav_reportescliente`.",.data_base/asgard.sql:3690-3716 | .data_base/asgard.sql:9518-9591 | .data_base/asgard.sql:11749-11779 | .data_base/asgard.sql:9532-9550 | EV-SQL_QUERY-F5085E0CF0FA53 .data_base/asgard.sql:17797 READS access to dav_reportescliente | EV-SQL_QUERY-D03953C14DF355 .data_base/asgard.sql:30045 READS access to dav_reportescliente | EV-SQL_QUERY-13B808478810FC .data_base/asgard.sql:30339 READS access to dav_reportescliente | EV-SQL_QUERY-0F26ED1EF25091 index_archivos/MenuClass.php:15 READS access to dav_reportescliente | EV-SQL_QUERY-4166F5A939E674 index_archivos/MenuClass.php:31 READS access to dav_reportescliente | EV-SQL_QUERY-EF13141CEF0A08 index_archivos/menu.php:68 READS access to dav_reportescliente | EV-SQL_QUERY-FBA64555A2F677 index_archivos/menubs4.php:83 READS access to dav_reportescliente | EV-SQL_QUERY-8D31FD5E6641FE index_archivos/parametros/usuarios/Usuarios.php:190 READS access to dav_reportescliente,5,0,FLOW_SEMANTIC_INFERENCE_REVIEW_REQUIRED
operational-reporting-downloads,dav_reportescliente_bi_ai,dav,REPORTING_READ_MODEL,"Catalogo o parametro que condiciona reglas, permisos o variantes del flujo.","area_code, dashboard_code, deleted_at, reportecliente_bi_ai",control de acceso/cliente; transicion o bloqueo por estado; regla documental/carga-descarga; calculo financiero/impositivo; persistencia/atomicidad/concurrencia; notificacion o acceso externo,atomicidad/concurrencia pendiente; variante cliente pendiente de confirmar; catalogo/semantica pendiente; seguridad/autorizacion sensible,,`dav_reportescliente_bi_ai` | Catalogo de dashboards BI/AI asociados a cliente.,.data_base/asgard.sql:3690-3716 | .data_base/asgard.sql:9518-9591 | .data_base/asgard.sql:11749-11779 | .data_base/asgard.sql:9532-9550,0,0,FLOW_SEMANTIC_INFERENCE_REVIEW_REQUIRED
operational-reporting-downloads,dav_reportesgenerados,dav,REPORTING_READ_MODEL,Modelo de lectura o fuente de reporteria del flujo.,"fecha, idclienteusuarios, idreportescliente",control de acceso/cliente; transicion o bloqueo por estado; regla documental/carga-descarga; calculo financiero/impositivo; persistencia/atomicidad/concurrencia; notificacion o acceso externo,atomicidad/concurrencia pendiente; variante cliente pendiente de confirmar; catalogo/semantica pendiente; seguridad/autorizacion sensible,,`dav_reportesgenerados` | Registro de reportes generados por usuario cliente.,.data_base/asgard.sql:3690-3716 | .data_base/asgard.sql:9518-9591 | .data_base/asgard.sql:11749-11779 | .data_base/asgard.sql:9532-9550,0,0,FLOW_SEMANTIC_INFERENCE_REVIEW_REQUIRED
operational-reporting-downloads,dav_reportespermisoscliente,dav,REPORTING_READ_MODEL,"Catalogo o parametro que condiciona reglas, permisos o variantes del flujo.","deleted_at, idcliente, idreportescliente",control de acceso/cliente; transicion o bloqueo por estado; regla documental/carga-descarga; calculo financiero/impositivo; persistencia/atomicidad/concurrencia; notificacion o acceso externo,atomicidad/concurrencia pendiente; variante cliente pendiente de confirmar; catalogo/semantica pendiente; seguridad/autorizacion sensible,,`dav_reportespermisoscliente` | Permisos de reporte por cliente.,.data_base/asgard.sql:3690-3716 | .data_base/asgard.sql:9518-9591 | .data_base/asgard.sql:11749-11779 | .data_base/asgard.sql:9532-9550 | EV-SQL_QUERY-0AB763213CEA2A index_archivos/parametros/usuarios/Usuarios.php:192 READS access to dav_reportespermisoscliente,1,0,FLOW_SEMANTIC_INFERENCE_REVIEW_REQUIRED
operational-reporting-downloads,log_asgard_ecosistema,transversal,REPORTING_READ_MODEL,Modelo de lectura o fuente de reporteria del flujo.,"client_id, date_start_log, ecosystem_id, reporte_download, reporte_name, user_equipment, user_id, user_ip",control de acceso/cliente; transicion o bloqueo por estado; regla documental/carga-descarga; calculo financiero/impositivo; persistencia/atomicidad/concurrencia; notificacion o acceso externo,atomicidad/concurrencia pendiente; variante cliente pendiente de confirmar; catalogo/semantica pendiente; seguridad/autorizacion sensible,,- Log de visualizacion o descarga en `log_asgard_ecosistema`. | `log_asgard_ecosistema` | Log de visualizacion/descarga de reportes. | `log_asgard_ecosistema` stores report name and download flag.,.data_base/asgard.sql:3690-3716 | .data_base/asgard.sql:9518-9591 | .data_base/asgard.sql:11749-11779 | .data_base/asgard.sql:9532-9550 | EV-SQL_QUERY-3EBEF424F17485 index_archivos/operativos/LogReportes.php:20 WRITES access to log_asgard_ecosistema | EV-SQL_QUERY-D3DBD604183B37 index_archivos/usuario/historial.php:42 READS access to log_asgard_ecosistema | EV-SQL_QUERY-694B9EC2132D43 index_archivos/veriflogin.php:136 WRITES access to log_asgard_ecosistema | EV-SQL_QUERY-3F4766B01DA781 index_archivos/veriflogin.php:196 WRITES access to log_asgard_ecosistema,1,2,FLOW_SEMANTIC_INFERENCE_REVIEW_REQUIRED
operational-reporting-downloads,logis_embarques,logis,REPORTING_READ_MODEL,Entidad de contexto usada por el flujo para consultar o relacionar informacion de negocio.,"deleted_at, idcliente, idusuario",control de acceso/cliente; transicion o bloqueo por estado; regla documental/carga-descarga; calculo financiero/impositivo; persistencia/atomicidad/concurrencia; notificacion o acceso externo,atomicidad/concurrencia pendiente; variante cliente pendiente de confirmar; catalogo/semantica pendiente; seguridad/autorizacion sensible,,`logis_embarques` | Exchange de embarque y pivote para solicitud/embarque.,.data_base/asgard.sql:3690-3716 | .data_base/asgard.sql:9518-9591 | .data_base/asgard.sql:11749-11779 | .data_base/asgard.sql:9532-9550 | EV-SQL_QUERY-271B8BADD753C8 .data_base/asgard.sql:17875 READS access to logis_embarques | EV-SQL_QUERY-D92F1F70034698 .data_base/asgard.sql:17893 READS access to logis_embarquesrutas | EV-SQL_QUERY-E8DE6726227583 .data_base/asgard.sql:17893 READS access to logis_embarques | EV-SQL_QUERY-B25606C135A1C8 .data_base/asgard.sql:17923 READS access to logis_embarques | EV-SQL_QUERY-CBB063520AFA05 .data_base/asgard.sql:17959 READS access to logis_embarques | EV-SQL_QUERY-A35253FEB1CECF .data_base/asgard.sql:17965 READS access to logis_embarques | EV-SQL_QUERY-80B5E9CE461C31 .data_base/asgard.sql:27606 READS access to logis_embarques | EV-SQL_QUERY-4978218240EA46 .data_base/asgard.sql:27633 READS access to logis_embarquesmagnitudes | EV-SQL_QUERY-60AC62FAA187C1 .data_base/asgard.sql:27635 READS access to logis_embarques | EV-SQL_QUERY-9DEFE51A0B28A9 .data_base/asgard.sql:27654 READS access to logis_embarques | EV-SQL_QUERY-A49876BFD6250D .data_base/asgard.sql:27706 READS access to logis_embarquescontenedor | EV-SQL_QUERY-2DE4F47B10C829 .data_base/asgard.sql:27708 READS access to logis_embarquesmagnitudes | EV-SQL_QUERY-C3079BF6B949F1 .data_base/asgard.sql:27709 READS access to logis_embarques | EV-SQL_QUERY-B1EEEAC9F071AC .data_base/asgard.sql:27828 READS access to logis_embarques | EV-SQL_QUERY-6AE15DB22CB672 .data_base/asgard.sql:27842 READS access to logis_embarquesoperador | EV-SQL_QUERY-32CA859D40E137 .data_base/asgard.sql:27881 READS access to logis_embarques,25,3,FLOW_SEMANTIC_INFERENCE_REVIEW_REQUIRED
packing-list-import-validation,dav_listaempaque_especifico,dav,READ_OR_CONTEXT,"Entidad documental o soporte usado para validar, adjuntar, generar o descargar evidencias.","cajas, codigoproducto, fechaelaboracion, fechavencimiento, idcargado, idcasosprevios, lote, placa, precintos",control de acceso/cliente; transicion o bloqueo por estado; regla documental/carga-descarga; calculo financiero/impositivo,SQL construido dinamicamente; variante cliente pendiente de confirmar,,"- Persistencia en tablas `dav_listaempaque_general`, `dav_listaempaque_especifico` y `dav_listaempaque_items`. | `.data_base/asgard.sql` | Tablas `dav_listaempaque_general`, `dav_listaempaque_especifico`, `dav_listaempaque_items`. | | `uploadExcelListaEmpaque.php`, `dav_listaempaque_especifico` | | `dav_listaempaque_especifico` | Precintos, placa, contenedor, lote, fechas, producto y cajas. | | `dav_listaempaque_general`, `dav_listaempaque_especifico`, `dav_listaempaque_items` | High |",EV-SQL_QUERY-C5762DAF678D98 index_archivos/logistica/EmbarqueClass.php:1224 READS access to dav_listaempaque_especifico | EV-SQL_QUERY-7B805A6F1BE893 index_archivos/operativos/exportaciones/ExportacionesClass.php:230 READS access to dav_listaempaque_especifico,2,0,FLOW_SEMANTIC_INFERENCE_REVIEW_REQUIRED
packing-list-import-validation,dav_listaempaque_general,dav,READ_OR_CONTEXT,Entidad de contexto usada por el flujo para consultar o relacionar informacion de negocio.,"cajas, cantidad_lt, conductor, idcargado, idcasosprevios, marca, pesobruto, pesoneto, placa",control de acceso/cliente; transicion o bloqueo por estado; regla documental/carga-descarga; calculo financiero/impositivo,SQL construido dinamicamente; variante cliente pendiente de confirmar,,"- Persistencia en tablas `dav_listaempaque_general`, `dav_listaempaque_especifico` y `dav_listaempaque_items`. | `.data_base/asgard.sql` | Tablas `dav_listaempaque_general`, `dav_listaempaque_especifico`, `dav_listaempaque_items`. | `dav_listaempaque_general` | Placa, conductor, cantidad LT, pesos y cajas. | | `dav_listaempaque_general`, `dav_listaempaque_especifico`, `dav_listaempaque_items` | High |",EV-SQL_QUERY-B8A2FF9B7BEADC .data_base/asgard.sql:17875 READS access to dav_listaempaque_general | EV-SQL_QUERY-979CCFCF5BBB25 .data_base/asgard.sql:17893 READS access to dav_listaempaque_general | EV-SQL_QUERY-0A6C84850E8FDA index_archivos/logistica/EmbarqueClass.php:1205 READS access to dav_listaempaque_general | EV-SQL_QUERY-DB2AB84757E4A1 index_archivos/logistica/EmbarqueClass.php:1213 READS access to dav_listaempaque_general | EV-SQL_QUERY-25ECBCDB1F73E7 index_archivos/logistica/EmbarqueClass.php:1222 READS access to dav_listaempaque_general | EV-SQL_QUERY-C09911C0510D90 index_archivos/operativos/exportaciones/ExportacionesClass.php:235 READS access to dav_listaempaque_general | EV-SQL_QUERY-021C05459FA65A index_archivos/operativos/exportaciones/ExportacionesClass.php:238 READS access to dav_listaempaque_general,3,0,FLOW_SEMANTIC_INFERENCE_REVIEW_REQUIRED
packing-list-import-validation,dav_listaempaque_items,dav,READ_OR_CONTEXT,"Entidad documental o soporte usado para validar, adjuntar, generar o descargar evidencias.","codigoproducto, idcargado, idcasosprevios, pesobruto, pesoneto",control de acceso/cliente; transicion o bloqueo por estado; regla documental/carga-descarga; calculo financiero/impositivo,SQL construido dinamicamente; variante cliente pendiente de confirmar,,"- Persistencia en tablas `dav_listaempaque_general`, `dav_listaempaque_especifico` y `dav_listaempaque_items`. | `.data_base/asgard.sql` | Tablas `dav_listaempaque_general`, `dav_listaempaque_especifico`, `dav_listaempaque_items`. | | `uploadExcelListaEmpaque.php`, `dav_listaempaque_items` | | `dav_listaempaque_items` | SKU, descripcion, peso bruto y peso neto por item. | | `dav_listaempaque_general`, `dav_listaempaque_especifico`, `dav_listaempaque_items` | High |",EV-SQL_QUERY-E5A5E32E774734 index_archivos/logistica/EmbarqueClass.php:1226 READS access to dav_listaempaque_items,1,0,FLOW_SEMANTIC_INFERENCE_REVIEW_REQUIRED
realtime-notification-center,dav_casosprevios,dav,READ_OR_CONTEXT,Entidad de contexto usada por el flujo para consultar o relacionar informacion de negocio.,idusuario,control de acceso/cliente; transicion o bloqueo por estado; regla documental/carga-descarga; calculo financiero/impositivo; notificacion o acceso externo,variante cliente pendiente de confirmar; catalogo/semantica pendiente; seguridad/autorizacion sensible,,`dav_casosprevios` | Contexto aduanero/logistico para rutas y datos de embarque.,.data_base/asgard.sql:15128-15229 | EV-SQL_QUERY-85B23A1F6B1886 .data_base/asgard.sql:17773 READS access to dav_casosprevios | EV-SQL_QUERY-510EF36FB05331 .data_base/asgard.sql:17893 READS access to dav_casosprevios | EV-SQL_QUERY-D9DF6CBD08D688 .data_base/asgard.sql:17917 READS access to dav_casosprevios | EV-SQL_QUERY-1EE354C2A5DD75 .data_base/asgard.sql:17941 READS access to dav_casosprevios | EV-SQL_QUERY-2D87C35537BA0A .data_base/asgard.sql:18276 READS access to dav_casosprevios | EV-SQL_QUERY-ACBC7014B44145 .data_base/asgard.sql:27550 READS access to dav_casosprevios | EV-SQL_QUERY-9E53765A441113 .data_base/asgard.sql:27576 READS access to dav_casosprevios | EV-SQL_QUERY-ECB9B94D5BA8BD .data_base/asgard.sql:27586 READS access to dav_casosprevios | EV-SQL_QUERY-355981AEFA7039 .data_base/asgard.sql:27984 READS access to dav_casosprevios | EV-SQL_QUERY-FF4C0CD0FF8DE3 .data_base/asgard.sql:28508 READS access to dav_casosprevios | EV-SQL_QUERY-099D8F5CFA3496 .data_base/asgard.sql:28528 READS access to dav_casosprevios | EV-SQL_QUERY-16ECEF1D5705A0 .data_base/asgard.sql:28548 READS access to dav_casosprevios | EV-SQL_QUERY-3B1B94E4B9398F .data_base/asgard.sql:28568 READS access to dav_casosprevios | EV-SQL_QUERY-3E27A928E596DE .data_base/asgard.sql:28589 READS access to dav_casosprevios | EV-SQL_QUERY-E7C1494CD55908 .data_base/asgard.sql:28612 READS access to dav_casosprevios | EV-SQL_QUERY-ABDC5404FC32DB .data_base/asgard.sql:28634 READS access to dav_casosprevios | EV-SQL_QUERY-A8A602355FB7A4 .data_base/asgard.sql:28675 READS access to dav_casosprevios | EV-SQL_QUERY-517023EAC0C8D7 .data_base/asgard.sql:28807 READS access to dav_casosprevios | EV-SQL_QUERY-844777DC469787 .data_base/asgard.sql:29206 READS access to dav_casosprevios,22,3,FLOW_SEMANTIC_INFERENCE_REVIEW_REQUIRED
realtime-notification-center,dav_cliente,dav,READ_OR_CONTEXT,"Entidad documental o soporte usado para validar, adjuntar, generar o descargar evidencias.",idusuario,control de acceso/cliente; transicion o bloqueo por estado; regla documental/carga-descarga; calculo financiero/impositivo; notificacion o acceso externo,variante cliente pendiente de confirmar; catalogo/semantica pendiente; seguridad/autorizacion sensible,,"`dav_clienteusuarios` | Expande destinatarios cliente especificos en intercambio documental. | `dav_cliente`, `dav_usuario`, `dav_proveedor` | Datos auxiliares usados por consultas de contexto de embarque.",.data_base/asgard.sql:15128-15229 | EV-SQL_QUERY-F88084EE280AC8 .data_base/asgard.sql:17695 READS access to dav_cliente | EV-SQL_QUERY-46ABC331A8E211 .data_base/asgard.sql:17701 READS access to dav_cliente | EV-SQL_QUERY-E3D4FE27B5CBDA .data_base/asgard.sql:17749 READS access to dav_clientelineas | EV-SQL_QUERY-F75BE8E8FDC88F .data_base/asgard.sql:17755 READS access to dav_cliente | EV-SQL_QUERY-4DAF7B35BDD5F7 .data_base/asgard.sql:17761 READS access to dav_cliente | EV-SQL_QUERY-45D0E951E973A4 .data_base/asgard.sql:17797 READS access to dav_cliente | EV-SQL_QUERY-14A3480DD829B2 .data_base/asgard.sql:17821 READS access to dav_cliente | EV-SQL_QUERY-2EB1549CD93DD3 .data_base/asgard.sql:17827 READS access to dav_clientecomisionmaestro2 | EV-SQL_QUERY-6DD964060BB901 .data_base/asgard.sql:17827 READS access to dav_cliente | EV-SQL_QUERY-36CF8FF161BDAA .data_base/asgard.sql:17845 READS access to dav_clientecomisionmaestro2 | EV-SQL_QUERY-30502EFD526E2C .data_base/asgard.sql:17851 READS access to dav_clienteusuarios | EV-SQL_QUERY-A7037E3F5264B2 .data_base/asgard.sql:17851 READS access to dav_cliente | EV-SQL_QUERY-7B58EBDBC43C4D .data_base/asgard.sql:17857 READS access to dav_clientedeclarante | EV-SQL_QUERY-E0B526832AD923 .data_base/asgard.sql:17857 READS access to dav_cliente | EV-SQL_QUERY-5905493304584E .data_base/asgard.sql:17863 READS access to dav_cliente | EV-SQL_QUERY-ED1E2249A395F1 .data_base/asgard.sql:17863 READS access to dav_clienteusuarios | EV-SQL_QUERY-0F5D4116651E55 .data_base/asgard.sql:17875 READS access to dav_clientelineas | EV-SQL_QUERY-50FDD2C1C9B59F .data_base/asgard.sql:17881 READS access to dav_cliente_interno | EV-SQL_QUERY-B949009E659FDC .data_base/asgard.sql:17881 READS access to dav_cliente,21,1,FLOW_SEMANTIC_INFERENCE_REVIEW_REQUIRED
realtime-notification-center,dav_clienteusuarios,dav,READ_OR_CONTEXT,"Entidad documental o soporte usado para validar, adjuntar, generar o descargar evidencias.",deleted_at,control de acceso/cliente; transicion o bloqueo por estado; regla documental/carga-descarga; calculo financiero/impositivo; notificacion o acceso externo,variante cliente pendiente de confirmar; catalogo/semantica pendiente; seguridad/autorizacion sensible,,`dav_clienteusuarios` | Expande destinatarios cliente especificos en intercambio documental.,.data_base/asgard.sql:15128-15229 | EV-SQL_QUERY-30502EFD526E2C .data_base/asgard.sql:17851 READS access to dav_clienteusuarios | EV-SQL_QUERY-ED1E2249A395F1 .data_base/asgard.sql:17863 READS access to dav_clienteusuarios | EV-SQL_QUERY-106F262234FD5A .data_base/asgard.sql:17899 READS access to dav_clienteusuarios | EV-SQL_QUERY-3C428B9C43C779 .data_base/asgard.sql:17905 READS access to dav_clienteusuarios | EV-SQL_QUERY-70CF5969BAAF19 .data_base/asgard.sql:17911 READS access to dav_clienteusuarios | EV-SQL_QUERY-67CE6E59639732 .data_base/asgard.sql:27551 READS access to dav_clienteusuarios | EV-SQL_QUERY-66E91740127EA1 .data_base/asgard.sql:30040 READS access to dav_clienteusuarios | EV-SQL_QUERY-B67C6304AA518D .data_base/asgard.sql:30080 READS access to dav_clienteusuarios | EV-SQL_QUERY-0CD418DECEC8A6 .data_base/asgard.sql:30098 READS access to dav_clienteusuarios | EV-SQL_QUERY-045F1FB2178BCD .data_base/asgard.sql:30157 READS access to dav_clienteusuarios | EV-SQL_QUERY-6B7F198C27D3F4 .data_base/asgard.sql:30180 READS access to dav_clienteusuarios | EV-SQL_QUERY-F7CB05F2DB09F7 .data_base/asgard.sql:30250 READS access to dav_clienteusuarios | EV-SQL_QUERY-CBCBA7C2ACE3BF .data_base/asgard.sql:30270 READS access to dav_clienteusuarios | EV-SQL_QUERY-71BAAC0D8E404D .data_base/asgard.sql:30290 READS access to dav_clienteusuarios | EV-SQL_QUERY-DE97576F84A33A .data_base/asgard.sql:30334 READS access to dav_clienteusuarios | EV-SQL_QUERY-88FB8F467AB673 .data_base/asgard.sql:30374 READS access to dav_clienteusuarios | EV-SQL_QUERY-72D7DF876ECDD5 .data_base/asgard.sql:30392 READS access to dav_clienteusuarios | EV-SQL_QUERY-58C6101E5DFF65 .data_base/asgard.sql:30451 READS access to dav_clienteusuarios | EV-SQL_QUERY-756A2F3CC227DE .data_base/asgard.sql:30474 READS access to dav_clienteusuarios,16,3,FLOW_SEMANTIC_INFERENCE_REVIEW_REQUIRED
realtime-notification-center,dav_proveedor,dav,READ_OR_CONTEXT,Modelo de lectura o fuente de reporteria del flujo.,"deleted_at, estado",control de acceso/cliente; transicion o bloqueo por estado; regla documental/carga-descarga; calculo financiero/impositivo; notificacion o acceso externo,variante cliente pendiente de confirmar; catalogo/semantica pendiente; seguridad/autorizacion sensible,,"`dav_cliente`, `dav_usuario`, `dav_proveedor` | Datos auxiliares usados por consultas de contexto de embarque.",.data_base/asgard.sql:15128-15229 | EV-SQL_QUERY-7752D6486C2743 .data_base/asgard.sql:17749 READS access to dav_proveedor | EV-SQL_QUERY-6196826074EC89 .data_base/asgard.sql:17827 READS access to dav_proveedor | EV-SQL_QUERY-87BE4E2C502A71 .data_base/asgard.sql:17875 READS access to dav_proveedor | EV-SQL_QUERY-7BEE574136EFD2 .data_base/asgard.sql:17881 READS access to dav_proveedor | EV-SQL_QUERY-24563ED75395BC .data_base/asgard.sql:17887 READS access to dav_proveedor | EV-SQL_QUERY-A748337FD1E671 .data_base/asgard.sql:17893 READS access to dav_proveedor | EV-SQL_QUERY-227382C8E8BB72 .data_base/asgard.sql:17917 READS access to dav_proveedor | EV-SQL_QUERY-CD16AC87F6A19F .data_base/asgard.sql:17935 READS access to dav_proveedor | EV-SQL_QUERY-50D05EA1D03042 .data_base/asgard.sql:19857 READS access to dav_proveedor | EV-SQL_QUERY-5CA2EC88EA4C4A .data_base/asgard.sql:19895 READS access to dav_proveedor | EV-SQL_QUERY-8BB5B0DC78E0AA .data_base/asgard.sql:19939 READS access to dav_proveedor | EV-SQL_QUERY-83897E13163009 .data_base/asgard.sql:19975 READS access to dav_proveedor | EV-SQL_QUERY-9ACA372461219C .data_base/asgard.sql:20013 READS access to dav_proveedor | EV-SQL_QUERY-0671E5C7BC0053 .data_base/asgard.sql:20242 READS access to dav_proveedor | EV-SQL_QUERY-DB424449FFA4D6 .data_base/asgard.sql:20278 READS access to dav_proveedor | EV-SQL_QUERY-1A0C88B45FEE67 .data_base/asgard.sql:20321 READS access to dav_proveedor | EV-SQL_QUERY-2DBE1A014E35F5 .data_base/asgard.sql:20356 READS access to dav_proveedor | EV-SQL_QUERY-5A8A4B505A1B1E .data_base/asgard.sql:20391 READS access to dav_proveedor | EV-SQL_QUERY-1D47BBFF40A5C0 .data_base/asgard.sql:26737 READS access to dav_proveedorcoordinador,19,2,FLOW_SEMANTIC_INFERENCE_REVIEW_REQUIRED
realtime-notification-center,dav_usuario,dav,READ_OR_CONTEXT,Modelo de lectura o fuente de reporteria del flujo.,"idtipousuario, idusuario",control de acceso/cliente; transicion o bloqueo por estado; regla documental/carga-descarga; calculo financiero/impositivo; notificacion o acceso externo,variante cliente pendiente de confirmar; catalogo/semantica pendiente; seguridad/autorizacion sensible,,"`dav_cliente`, `dav_usuario`, `dav_proveedor` | Datos auxiliares usados por consultas de contexto de embarque.",.data_base/asgard.sql:15128-15229 | EV-SQL_QUERY-E5084964BFD177 .data_base/asgard.sql:17695 READS access to dav_usuario | EV-SQL_QUERY-DC406B96EB9044 .data_base/asgard.sql:17701 READS access to dav_usuario | EV-SQL_QUERY-F2544EE12492B4 .data_base/asgard.sql:17755 READS access to dav_usuario | EV-SQL_QUERY-CF29D661D24AFC .data_base/asgard.sql:17761 READS access to dav_usuario | EV-SQL_QUERY-AADBBA32919CE2 .data_base/asgard.sql:17767 READS access to dav_usuario | EV-SQL_QUERY-14E9ADC6EDD0BF .data_base/asgard.sql:17821 READS access to dav_usuario | EV-SQL_QUERY-7B99CCC59398E3 .data_base/asgard.sql:17827 READS access to dav_usuario | EV-SQL_QUERY-089731AF1F9E21 .data_base/asgard.sql:17857 READS access to dav_usuario | EV-SQL_QUERY-32B98603A0440A .data_base/asgard.sql:17881 READS access to dav_usuario | EV-SQL_QUERY-31883517A72B7F .data_base/asgard.sql:17887 READS access to dav_usuario | EV-SQL_QUERY-B9B4FC0639980C .data_base/asgard.sql:17929 READS access to dav_usuario | EV-SQL_QUERY-B8C26E2F35C780 .data_base/asgard.sql:17941 READS access to dav_usuario | EV-SQL_QUERY-0314CB52F85BC0 .data_base/asgard.sql:17947 READS access to dav_usuario | EV-SQL_QUERY-C27CBB3D37147E .data_base/asgard.sql:17971 READS access to dav_usuario | EV-SQL_QUERY-D98CB7E458D4DC .data_base/asgard.sql:17977 READS access to dav_usuario | EV-SQL_QUERY-6BB61AC9EB7BB2 .data_base/asgard.sql:26722 READS access to dav_usuario | EV-SQL_QUERY-82E028F79AB490 .data_base/asgard.sql:26723 READS access to dav_usuario | EV-SQL_QUERY-986CBB3463F991 .data_base/asgard.sql:26728 READS access to dav_usuario | EV-SQL_QUERY-4B75B01E3E7C69 .data_base/asgard.sql:26729 READS access to dav_usuario,17,0,FLOW_SEMANTIC_INFERENCE_REVIEW_REQUIRED
realtime-notification-center,logis_embarques,logis,READ_OR_CONTEXT,Entidad de contexto usada por el flujo para consultar o relacionar informacion de negocio.,"deleted_at, idusuario",control de acceso/cliente; transicion o bloqueo por estado; regla documental/carga-descarga; calculo financiero/impositivo; notificacion o acceso externo,variante cliente pendiente de confirmar; catalogo/semantica pendiente; seguridad/autorizacion sensible,,"`logis_embarques` | Contexto para identificar embarque, usuario cliente, transportista, proveedor y construir rutas.",.data_base/asgard.sql:15128-15229 | EV-SQL_QUERY-271B8BADD753C8 .data_base/asgard.sql:17875 READS access to logis_embarques | EV-SQL_QUERY-D92F1F70034698 .data_base/asgard.sql:17893 READS access to logis_embarquesrutas | EV-SQL_QUERY-E8DE6726227583 .data_base/asgard.sql:17893 READS access to logis_embarques | EV-SQL_QUERY-B25606C135A1C8 .data_base/asgard.sql:17923 READS access to logis_embarques | EV-SQL_QUERY-CBB063520AFA05 .data_base/asgard.sql:17959 READS access to logis_embarques | EV-SQL_QUERY-A35253FEB1CECF .data_base/asgard.sql:17965 READS access to logis_embarques | EV-SQL_QUERY-80B5E9CE461C31 .data_base/asgard.sql:27606 READS access to logis_embarques | EV-SQL_QUERY-4978218240EA46 .data_base/asgard.sql:27633 READS access to logis_embarquesmagnitudes | EV-SQL_QUERY-60AC62FAA187C1 .data_base/asgard.sql:27635 READS access to logis_embarques | EV-SQL_QUERY-9DEFE51A0B28A9 .data_base/asgard.sql:27654 READS access to logis_embarques | EV-SQL_QUERY-A49876BFD6250D .data_base/asgard.sql:27706 READS access to logis_embarquescontenedor | EV-SQL_QUERY-2DE4F47B10C829 .data_base/asgard.sql:27708 READS access to logis_embarquesmagnitudes | EV-SQL_QUERY-C3079BF6B949F1 .data_base/asgard.sql:27709 READS access to logis_embarques | EV-SQL_QUERY-B1EEEAC9F071AC .data_base/asgard.sql:27828 READS access to logis_embarques | EV-SQL_QUERY-6AE15DB22CB672 .data_base/asgard.sql:27842 READS access to logis_embarquesoperador | EV-SQL_QUERY-32CA859D40E137 .data_base/asgard.sql:27881 READS access to logis_embarques | EV-SQL_QUERY-2442CE0D04F1C1 .data_base/asgard.sql:27909 READS access to logis_embarques | EV-SQL_QUERY-97E34133F86A8C .data_base/asgard.sql:27936 READS access to logis_embarques | EV-SQL_QUERY-D27A2F192A53E5 .data_base/asgard.sql:27980 READS access to logis_embarques,25,3,FLOW_SEMANTIC_INFERENCE_REVIEW_REQUIRED
realtime-notification-center,push_estado,transversal,REFERENCE_OR_STATE_CATALOG,"Catalogo o parametro que condiciona reglas, permisos o variantes del flujo.","deleted_at, estado",control de acceso/cliente; transicion o bloqueo por estado; regla documental/carga-descarga; calculo financiero/impositivo; notificacion o acceso externo,variante cliente pendiente de confirmar; catalogo/semantica pendiente; seguridad/autorizacion sensible,,"- Catalogo oficial de estados `push_estado`. | `.data_base/asgard.sql:15128-15229` | Esquema de `push_estado`, `push_eventos`, `push_notificacion`, `push_notificacionusuarios`, `push_tiponotificacion`, `push_tipousuario`. | `push_estado` | Catalogo de estados de notificacion. | Requiere confirmacion del catalogo `push_estado`. | `2` | Pendiente de identificar | `push_estado` tiene `AUTO_INCREMENT = 4` | No se observo uso funcional directo en los archivos inspeccionados. | Confirm catalog values in `push_eventos`, `push_estado`, `push_tiponotificacion` and `push_tipousuario`.",.data_base/asgard.sql:15128-15229 | .data_base/asgard.sql:15128-15229,0,0,FLOW_SEMANTIC_INFERENCE_REVIEW_REQUIRED
realtime-notification-center,push_eventos,transversal,READ_OR_CONTEXT,"Catalogo o parametro que condiciona reglas, permisos o variantes del flujo.","deleted_at, evento",control de acceso/cliente; transicion o bloqueo por estado; regla documental/carga-descarga; calculo financiero/impositivo; notificacion o acceso externo,variante cliente pendiente de confirmar; catalogo/semantica pendiente; seguridad/autorizacion sensible,,"Catalogo oficial de eventos `push_eventos`. | `.data_base/asgard.sql:15128-15229` | Esquema de `push_estado`, `push_eventos`, `push_notificacion`, `push_notificacionusuarios`, `push_tiponotificacion`, `push_tipousuario`. | `push_eventos` | Catalogo de eventos que originan notificaciones. | | Confirmar catalogo oficial de `push_eventos`. | Confirm catalog values in `push_eventos`, `push_estado`, `push_tiponotificacion` and `push_tipousuario`.",.data_base/asgard.sql:15128-15229 | .data_base/asgard.sql:15128-15229,0,0,FLOW_SEMANTIC_INFERENCE_REVIEW_REQUIRED
realtime-notification-center,push_notificacion,transversal,READ_OR_CONTEXT,"Catalogo o parametro que condiciona reglas, permisos o variantes del flujo.","deleted_at, identificador, idestado, idevento, idtipousuario, idusuario, mensaje, titulo",control de acceso/cliente; transicion o bloqueo por estado; regla documental/carga-descarga; calculo financiero/impositivo; notificacion o acceso externo,variante cliente pendiente de confirmar; catalogo/semantica pendiente; seguridad/autorizacion sensible,,"- Distribucion de destinatarios por usuario y tipo de usuario en `push_notificacionusuarios`. | Registro principal en `push_notificacion`. | - Registro por destinatario en `push_notificacionusuarios`. | `.data_base/asgard.sql:15128-15229` | Esquema de `push_estado`, `push_eventos`, `push_notificacion`, `push_notificacionusuarios`, `push_tiponotificacion`, `push_tipousuario`. | ASGARD crea la cabecera en `push_notificacion` con estado inicial `1`. | ASGARD crea una fila por destinatario en `push_notificacionusuarios`, tambien con estado inicial `1`.",.data_base/asgard.sql:15128-15229 | .data_base/asgard.sql:15128-15229 | EV-SQL_QUERY-CE1227BE58ED6B index_archivos/servicioNotificaciones/ServicioNotificacionesClass.php:59 WRITES access to push_notificacionusuarios | EV-SQL_QUERY-3CA023B8F1BF7C index_archivos/servicioNotificaciones/ServicioNotificacionesClass.php:79 READS access to push_notificacion | EV-SQL_QUERY-72D76401AB74C3 index_archivos/servicioNotificaciones/ServicioNotificacionesClass.php:80 READS access to push_notificacionusuarios | EV-SQL_QUERY-E81E40257BBE05 index_archivos/servicioNotificaciones/ServicioNotificacionesClass.php:102 READS access to push_notificacion | EV-SQL_QUERY-1712B1C31D7C50 index_archivos/servicioNotificaciones/ServicioNotificacionesClass.php:103 READS access to push_notificacionusuarios | EV-SQL_QUERY-455564914DDE18 index_archivos/servicioNotificaciones/ServicioNotificacionesClass.php:126 READS access to push_notificacion | EV-SQL_QUERY-CA6029EA2107DD index_archivos/servicioNotificaciones/ServicioNotificacionesClass.php:127 READS access to push_notificacionusuarios | EV-SQL_QUERY-F57B962F929CEA index_archivos/servicioNotificaciones/ServicioNotificacionesClass.php:150 READS access to push_notificacion | EV-SQL_QUERY-F61E302E947FE2 index_archivos/servicioNotificaciones/ServicioNotificacionesClass.php:151 READS access to push_notificacionusuarios | EV-SQL_QUERY-F62E8C29371ABC index_archivos/servicioNotificaciones/ServicioNotificacionesClass.php:179 READS access to push_notificacion | EV-SQL_QUERY-4F5A0CA0AF5A4C index_archivos/servicioNotificaciones/ServicioNotificacionesClass.php:180 READS access to push_notificacionusuarios | EV-SQL_QUERY-EDF0CF7D7CC05F index_archivos/servicioNotificaciones/ServicioNotificacionesClass.php:211 READS access to push_notificacion | EV-SQL_QUERY-7E74B70337670D index_archivos/servicioNotificaciones/ServicioNotificacionesClass.php:212 READS access to push_notificacionusuarios | EV-SQL_QUERY-D3A8B2FA1FC185 index_archivos/servicioNotificaciones/ServicioNotificacionesClass.php:242 READS access to push_notificacion | EV-SQL_QUERY-90519F6DC1C4C5 index_archivos/servicioNotificaciones/ServicioNotificacionesClass.php:243 READS access to push_notificacionusuarios | EV-SQL_QUERY-E857F61E0C5602 index_archivos/servicioNotificaciones/ServicioNotificacionesClass.php:264 READS access to push_notificacion | EV-SQL_QUERY-6D123113E6A021 index_archivos/servicioNotificaciones/ServicioNotificacionesClass.php:265 READS access to push_notificacionusuarios | EV-SQL_QUERY-923C09C3BEA890 index_archivos/servicioNotificaciones/ServicioNotificacionesClass.php:281 READS access to push_notificacionusuarios,1,0,FLOW_SEMANTIC_INFERENCE_REVIEW_REQUIRED
realtime-notification-center,push_notificacionusuarios,transversal,READ_OR_CONTEXT,"Catalogo o parametro que condiciona reglas, permisos o variantes del flujo.","deleted_at, idestado, idnotificacion, idtiponotificacion, idtipousuario, idusuario",control de acceso/cliente; transicion o bloqueo por estado; regla documental/carga-descarga; calculo financiero/impositivo; notificacion o acceso externo,variante cliente pendiente de confirmar; catalogo/semantica pendiente; seguridad/autorizacion sensible,,"- Distribucion de destinatarios por usuario y tipo de usuario en `push_notificacionusuarios`. | - Registro por destinatario en `push_notificacionusuarios`. | `.data_base/asgard.sql:15128-15229` | Esquema de `push_estado`, `push_eventos`, `push_notificacion`, `push_notificacionusuarios`, `push_tiponotificacion`, `push_tipousuario`. | - Cada destinatario debe tener su propia fila de estado en `push_notificacionusuarios`. | ASGARD crea una fila por destinatario en `push_notificacionusuarios`, tambien con estado inicial `1`. | BR-RTC-001 | Toda notificacion debe tener una cabecera en `push_notificacion` y una o mas asignaciones en `push_notificacionusuarios`.",.data_base/asgard.sql:15128-15229 | .data_base/asgard.sql:15128-15229 | EV-SQL_QUERY-CE1227BE58ED6B index_archivos/servicioNotificaciones/ServicioNotificacionesClass.php:59 WRITES access to push_notificacionusuarios | EV-SQL_QUERY-72D76401AB74C3 index_archivos/servicioNotificaciones/ServicioNotificacionesClass.php:80 READS access to push_notificacionusuarios | EV-SQL_QUERY-1712B1C31D7C50 index_archivos/servicioNotificaciones/ServicioNotificacionesClass.php:103 READS access to push_notificacionusuarios | EV-SQL_QUERY-CA6029EA2107DD index_archivos/servicioNotificaciones/ServicioNotificacionesClass.php:127 READS access to push_notificacionusuarios | EV-SQL_QUERY-F61E302E947FE2 index_archivos/servicioNotificaciones/ServicioNotificacionesClass.php:151 READS access to push_notificacionusuarios | EV-SQL_QUERY-4F5A0CA0AF5A4C index_archivos/servicioNotificaciones/ServicioNotificacionesClass.php:180 READS access to push_notificacionusuarios | EV-SQL_QUERY-7E74B70337670D index_archivos/servicioNotificaciones/ServicioNotificacionesClass.php:212 READS access to push_notificacionusuarios | EV-SQL_QUERY-90519F6DC1C4C5 index_archivos/servicioNotificaciones/ServicioNotificacionesClass.php:243 READS access to push_notificacionusuarios | EV-SQL_QUERY-6D123113E6A021 index_archivos/servicioNotificaciones/ServicioNotificacionesClass.php:265 READS access to push_notificacionusuarios | EV-SQL_QUERY-923C09C3BEA890 index_archivos/servicioNotificaciones/ServicioNotificacionesClass.php:281 READS access to push_notificacionusuarios | EV-SQL_QUERY-0F76344EDAF9F2 index_archivos/servicioNotificaciones/ServicioNotificacionesClass.php:297 READS access to push_notificacionusuarios | EV-SQL_QUERY-F3EE588A26E86A index_archivos/servicioNotificaciones/ServicioNotificacionesClass.php:479 WRITES access to push_notificacionusuarios | EV-SQL_QUERY-A5EDBA26529A96 index_archivos/servicioNotificaciones/ServicioNotificacionesClass.php:494 WRITES access to push_notificacionusuarios,1,1,FLOW_SEMANTIC_INFERENCE_REVIEW_REQUIRED
realtime-notification-center,push_tiponotificacion,transversal,REFERENCE_OR_STATE_CATALOG,"Catalogo o parametro que condiciona reglas, permisos o variantes del flujo.","colorfondo, tiponotificacion",control de acceso/cliente; transicion o bloqueo por estado; regla documental/carga-descarga; calculo financiero/impositivo; notificacion o acceso externo,variante cliente pendiente de confirmar; catalogo/semantica pendiente; seguridad/autorizacion sensible,,"`.data_base/asgard.sql:15128-15229` | Esquema de `push_estado`, `push_eventos`, `push_notificacion`, `push_notificacionusuarios`, `push_tiponotificacion`, `push_tipousuario`. | BR-RTC-011 | Los estilos visuales de notificacion pueden depender de `push_tiponotificacion.colorfondo` en la UI no BS4. | | `ajax/listaNotificaciones.php`, `push_tiponotificacion` | INFERRED_DRAFT_REVIEW_REQUIRED | | `push_tiponotificacion` | Tipo visual/funcional de notificacion. | Confirm catalog values in `push_eventos`, `push_estado`, `push_tiponotificacion` and `push_tipousuario`.",.data_base/asgard.sql:15128-15229 | .data_base/asgard.sql:15128-15229 | EV-SQL_QUERY-FE57198E1FF30C index_archivos/servicioNotificaciones/ServicioNotificacionesClass.php:181 READS access to push_tiponotificacion,1,0,FLOW_SEMANTIC_INFERENCE_REVIEW_REQUIRED
realtime-notification-center,push_tipousuario,transversal,REFERENCE_OR_STATE_CATALOG,"Catalogo o parametro que condiciona reglas, permisos o variantes del flujo.","deleted_at, idtipoproveedor, tipousuario",control de acceso/cliente; transicion o bloqueo por estado; regla documental/carga-descarga; calculo financiero/impositivo; notificacion o acceso externo,variante cliente pendiente de confirmar; catalogo/semantica pendiente; seguridad/autorizacion sensible,,"`.data_base/asgard.sql:15128-15229` | Esquema de `push_estado`, `push_eventos`, `push_notificacion`, `push_notificacionusuarios`, `push_tiponotificacion`, `push_tipousuario`. | Proveedor | Usa `$_SESSION[""idtransportista""]` y puede filtrar por `push_tipousuario.idtipoproveedor`. | BR-RTC-012 | Los proveedores se filtran por usuario y, en algunos listados, por `push_tipousuario.idtipoproveedor`. | `push_tipousuario` | Tipo de destinatario/emisor y posible vinculacion a tipo de proveedor. | Confirm catalog values in `push_eventos`, `push_estado`, `push_tiponotificacion` and `push_tipousuario`.",.data_base/asgard.sql:15128-15229 | .data_base/asgard.sql:15128-15229 | EV-SQL_QUERY-72130D1C2605FD index_archivos/servicioNotificaciones/ServicioNotificacionesClass.php:244 READS access to push_tipousuario | EV-SQL_QUERY-A543DDDCF9A5F0 index_archivos/servicioNotificaciones/ServicioNotificacionesClass.php:282 READS access to push_tipousuario | EV-SQL_QUERY-DD2E7F917A0092 index_archivos/servicioNotificaciones/ServicioNotificacionesClass.php:298 READS access to push_tipousuario,1,0,FLOW_SEMANTIC_INFERENCE_REVIEW_REQUIRED
scp-reception-control,dav_reporte_detalles_transportistas_iasa,dav,REPORTING_READ_MODEL,"Entidad documental o soporte usado para validar, adjuntar, generar o descargar evidencias.","deleted_at, entrega_lista_empaque, pedido_lista_empaque, peso_neto_lista_empaque, placa_lista_empaque",control de acceso/cliente; transicion o bloqueo por estado; regla documental/carga-descarga; calculo financiero/impositivo; persistencia/atomicidad/concurrencia,SQL construido dinamicamente; variante cliente pendiente de confirmar; catalogo/semantica pendiente,,"- Cruce contra `dav_reporte_detalles_transportistas_iasa` para comparar cantidad enviada contra peso neto de lista de empaque. | Fuente primaria completa de `dav_reporte_detalles_transportistas_iasa`, aunque hay evidencia de escritura desde lectura documental IASA. | `dav_reporte_detalles_transportistas_iasa` | Detalle de transportistas/lista de empaque usado para comparar contra SCP. | Lectura documental IASA | Evidencia de alimentacion de `dav_reporte_detalles_transportistas_iasa`. | | `.brownfield/work/evidence/evidence.jsonl` entries for `dav_reporte_detalles_transportistas_iasa` and `dav_reporte_recepcion_scp` | Medium | ## Review Needed",.data_base/asgard.sql:9388-9459 | EV-SQL_QUERY-F49A0C7B2A150B index_archivos/intercambioDocumental/ajax/lectura_documentos_iasa.php:380 READS access to dav_reporte_detalles_transportistas_iasa | EV-SQL_QUERY-9FF29D16D0FFBB index_archivos/intercambioDocumental/ajax/lectura_documentos_iasa.php:391 WRITES access to dav_reporte_detalles_transportistas_iasa | EV-SQL_QUERY-2DABD8E6751C5F index_archivos/intercambioDocumental/ajax/lectura_documentos_iasa.php:396 WRITES access to dav_reporte_detalles_transportistas_iasa | EV-SQL_QUERY-BB05C94DBF72E8 index_archivos/intercambioDocumental/ajax/lectura_documentos_iasa.php:494 READS access to dav_reporte_detalles_transportistas_iasa | EV-SQL_QUERY-652FAACFBB9559 index_archivos/intercambioDocumental/ajax/lectura_documentos_iasa.php:513 WRITES access to dav_reporte_detalles_transportistas_iasa,1,1,FLOW_SEMANTIC_INFERENCE_REVIEW_REQUIRED
scp-reception-control,dav_reporte_recepcion_scp,dav,REPORTING_READ_MODEL,Modelo de lectura o fuente de reporteria del flujo.,"cantidad_enviada, cantidad_recibida, cliente, comentarios, deleted_at, due, estado, factura, fecha_despacho, fecha_recepcion, idcliente, material, mic, nota, numero, numero_material, orden, origen, placa, ruta",control de acceso/cliente; transicion o bloqueo por estado; regla documental/carga-descarga; calculo financiero/impositivo; persistencia/atomicidad/concurrencia,SQL construido dinamicamente; variante cliente pendiente de confirmar; catalogo/semantica pendiente,,- Insercion de recepciones nuevas en `dav_reporte_recepcion_scp`. | Registros insertados/actualizados en `dav_reporte_recepcion_scp`. | BR-SCP-005 | Los registros nuevos se insertan en `dav_reporte_recepcion_scp`. | `dav_reporte_recepcion_scp` | Base de recepciones SCP cargadas y consultadas. | New records are inserted into `dav_reporte_recepcion_scp`. | | `.brownfield/work/evidence/evidence.jsonl` entries for `dav_reporte_detalles_transportistas_iasa` and `dav_reporte_recepcion_scp` | Medium | ## Review Needed,.data_base/asgard.sql:9388-9459 | EV-SQL_QUERY-F9AE01C555B1BE index_archivos/operativos/exportaciones/ajax/reporte-scp.php:74 READS access to dav_reporte_recepcion_scp,1,0,FLOW_SEMANTIC_INFERENCE_REVIEW_REQUIRED
shipment-customs-request-management,ada_agentesaduana,ada,REPORTING_READ_MODEL,"Catalogo o parametro que condiciona reglas, permisos o variantes del flujo.","id, idcliente",control de acceso/cliente; transicion o bloqueo por estado; regla documental/carga-descarga; calculo financiero/impositivo; persistencia/atomicidad/concurrencia; notificacion o acceso externo,SQL construido dinamicamente; atomicidad/concurrencia pendiente; variante cliente pendiente de confirmar; catalogo/semantica pendiente; seguridad/autorizacion sensible,,"`dav_proveedorcoordinador`, `dav_division`, `ada_agentescontactos`, `ada_agentesaduana`, `ada_clienteagenteaduana` | Catalogos/relaciones para coordinador, division y contacto IH/agente de aduana de la solicitud.",index_archivos/logistica/componentes/embarques_ver_gestion_aduanera.php:1-40 | index_archivos/logistica/componentes/embarques_ver_gestion_aduanera.php:341-358 | index_archivos/logistica/js/datosEmbarques.js:2827-2847 | index_archivos/logistica/js/datosEmbarques.js:2858-2920 | index_archivos/logistica/js/datosEmbarques.js:2948-2972 | index_archivos/logistica/ajax/guardarGestionAduanera.php:1-132 | index_archivos/logistica/SolicitudesClass.php:714-869 | index_archivos/logistica/SolicitudesClass.php:871-1043 | index_archivos/logistica/SolicitudesClass.php:1054-1082 | index_archivos/logistica/ajax/enviarSolicitudExterna.php:1-18 | index_archivos/logistica/SolicitudesClass.php:1084-1098 | .data_base/asgard.sql:2276-2292 | embarques_ver_gestion_aduanera.php:10-37 | embarques_ver_gestion_aduanera.php:25-38 | embarques_ver_gestion_aduanera.php:15-23 | datosEmbarques.js:2827-2837 | guardarGestionAduanera.php:117-122 | SolicitudesClass.php:732-788 | SolicitudesClass.php:718-723 | SolicitudesClass.php:814-817,8,1,FLOW_SEMANTIC_INFERENCE_REVIEW_REQUIRED
shipment-customs-request-management,ada_agentescontactos,ada,REPORTING_READ_MODEL,"Catalogo o parametro que condiciona reglas, permisos o variantes del flujo.","id, idagentesaduana, idtipocontactos",control de acceso/cliente; transicion o bloqueo por estado; regla documental/carga-descarga; calculo financiero/impositivo; persistencia/atomicidad/concurrencia; notificacion o acceso externo,SQL construido dinamicamente; atomicidad/concurrencia pendiente; variante cliente pendiente de confirmar; catalogo/semantica pendiente; seguridad/autorizacion sensible,,"`dav_proveedorcoordinador`, `dav_division`, `ada_agentescontactos`, `ada_agentesaduana`, `ada_clienteagenteaduana` | Catalogos/relaciones para coordinador, division y contacto IH/agente de aduana de la solicitud.",index_archivos/logistica/componentes/embarques_ver_gestion_aduanera.php:1-40 | index_archivos/logistica/componentes/embarques_ver_gestion_aduanera.php:341-358 | index_archivos/logistica/js/datosEmbarques.js:2827-2847 | index_archivos/logistica/js/datosEmbarques.js:2858-2920 | index_archivos/logistica/js/datosEmbarques.js:2948-2972 | index_archivos/logistica/ajax/guardarGestionAduanera.php:1-132 | index_archivos/logistica/SolicitudesClass.php:714-869 | index_archivos/logistica/SolicitudesClass.php:871-1043 | index_archivos/logistica/SolicitudesClass.php:1054-1082 | index_archivos/logistica/ajax/enviarSolicitudExterna.php:1-18 | index_archivos/logistica/SolicitudesClass.php:1084-1098 | .data_base/asgard.sql:2276-2292 | embarques_ver_gestion_aduanera.php:10-37 | embarques_ver_gestion_aduanera.php:25-38 | embarques_ver_gestion_aduanera.php:15-23 | datosEmbarques.js:2827-2837 | guardarGestionAduanera.php:117-122 | SolicitudesClass.php:732-788 | SolicitudesClass.php:718-723 | SolicitudesClass.php:814-817,6,1,FLOW_SEMANTIC_INFERENCE_REVIEW_REQUIRED
shipment-customs-request-management,ada_clienteagenteaduana,ada,REPORTING_READ_MODEL,"Catalogo o parametro que condiciona reglas, permisos o variantes del flujo.","id, idagenteaduana, idcliente",control de acceso/cliente; transicion o bloqueo por estado; regla documental/carga-descarga; calculo financiero/impositivo; persistencia/atomicidad/concurrencia; notificacion o acceso externo,SQL construido dinamicamente; atomicidad/concurrencia pendiente; variante cliente pendiente de confirmar; catalogo/semantica pendiente; seguridad/autorizacion sensible,,"`dav_proveedorcoordinador`, `dav_division`, `ada_agentescontactos`, `ada_agentesaduana`, `ada_clienteagenteaduana` | Catalogos/relaciones para coordinador, division y contacto IH/agente de aduana de la solicitud.",index_archivos/logistica/componentes/embarques_ver_gestion_aduanera.php:1-40 | index_archivos/logistica/componentes/embarques_ver_gestion_aduanera.php:341-358 | index_archivos/logistica/js/datosEmbarques.js:2827-2847 | index_archivos/logistica/js/datosEmbarques.js:2858-2920 | index_archivos/logistica/js/datosEmbarques.js:2948-2972 | index_archivos/logistica/ajax/guardarGestionAduanera.php:1-132 | index_archivos/logistica/SolicitudesClass.php:714-869 | index_archivos/logistica/SolicitudesClass.php:871-1043 | index_archivos/logistica/SolicitudesClass.php:1054-1082 | index_archivos/logistica/ajax/enviarSolicitudExterna.php:1-18 | index_archivos/logistica/SolicitudesClass.php:1084-1098 | .data_base/asgard.sql:2276-2292 | embarques_ver_gestion_aduanera.php:10-37 | embarques_ver_gestion_aduanera.php:25-38 | embarques_ver_gestion_aduanera.php:15-23 | datosEmbarques.js:2827-2837 | guardarGestionAduanera.php:117-122 | SolicitudesClass.php:732-788 | SolicitudesClass.php:718-723 | SolicitudesClass.php:814-817,4,1,FLOW_SEMANTIC_INFERENCE_REVIEW_REQUIRED
shipment-customs-request-management,dav_casosprevios,dav,CREATE_AND_UPDATE,Entidad transaccional modificada por el flujo; sus cambios deben caracterizarse antes de refactor.,"ICE_litro, cif_bs, fechaembarque, fechafin, fechallegada, fechasolicitud, idaduana, idagenteaduana, idcasosprevios, idciudad, idcliente, idclientelineas, idclienteusuarios_creacion, idembarquelogis, idproveedor, idregimen, idtipodeclaracion, idtiposolicitud, idusuario, ordencompra, otros_gastos_1, otros_gastos_2, pedido, porcentajeGA, porcentajeICE, porcentajeIVA, prioridad, requiereAP, requiere_solo_ap",control de acceso/cliente; transicion o bloqueo por estado; regla documental/carga-descarga; calculo financiero/impositivo; persistencia/atomicidad/concurrencia; notificacion o acceso externo,SQL construido dinamicamente; atomicidad/concurrencia pendiente; variante cliente pendiente de confirmar; catalogo/semantica pendiente; seguridad/autorizacion sensible,"INSERT INTO, UPDATE","- Alta de `dav_casosprevios` vinculada a `idembarquelogis`. | ASGARD | Persiste `dav_casosprevios`, genera documentos previos, EDP y fecha de envio. | Nueva o actualizada fila en `dav_casosprevios`. | - `dav_casosprevios.fechafin` informado cuando la solicitud se envia. | `SolicitudesClass::guardarGestionAduanera` inserta en `dav_casosprevios`. | ASGARD actualiza `dav_casosprevios` con campos permitidos por tipo/estado.",index_archivos/logistica/componentes/embarques_ver_gestion_aduanera.php:1-40 | index_archivos/logistica/componentes/embarques_ver_gestion_aduanera.php:341-358 | index_archivos/logistica/js/datosEmbarques.js:2827-2847 | index_archivos/logistica/js/datosEmbarques.js:2858-2920 | index_archivos/logistica/js/datosEmbarques.js:2948-2972 | index_archivos/logistica/ajax/guardarGestionAduanera.php:1-132 | index_archivos/logistica/SolicitudesClass.php:714-869 | index_archivos/logistica/SolicitudesClass.php:871-1043 | index_archivos/logistica/SolicitudesClass.php:1054-1082 | index_archivos/logistica/ajax/enviarSolicitudExterna.php:1-18 | index_archivos/logistica/SolicitudesClass.php:1084-1098 | .data_base/asgard.sql:2276-2292 | embarques_ver_gestion_aduanera.php:10-37 | embarques_ver_gestion_aduanera.php:25-38 | embarques_ver_gestion_aduanera.php:15-23 | datosEmbarques.js:2827-2837 | guardarGestionAduanera.php:117-122 | SolicitudesClass.php:732-788 | SolicitudesClass.php:718-723 | SolicitudesClass.php:814-817,22,3,FLOW_SEMANTIC_INFERENCE_REVIEW_REQUIRED
shipment-customs-request-management,dav_clientetipoproducto,dav,REFERENCE_OR_STATE_CATALOG,"Catalogo o parametro que condiciona reglas, permisos o variantes del flujo.",idcliente,control de acceso/cliente; transicion o bloqueo por estado; regla documental/carga-descarga; calculo financiero/impositivo; persistencia/atomicidad/concurrencia; notificacion o acceso externo,SQL construido dinamicamente; atomicidad/concurrencia pendiente; variante cliente pendiente de confirmar; catalogo/semantica pendiente; seguridad/autorizacion sensible,,"`dav_parametrosnuevagestion`, `dav_clientetipoproducto` | Parametros de nueva gestion y tipo de producto/cliente usados al preparar GA.",index_archivos/logistica/componentes/embarques_ver_gestion_aduanera.php:1-40 | index_archivos/logistica/componentes/embarques_ver_gestion_aduanera.php:341-358 | index_archivos/logistica/js/datosEmbarques.js:2827-2847 | index_archivos/logistica/js/datosEmbarques.js:2858-2920 | index_archivos/logistica/js/datosEmbarques.js:2948-2972 | index_archivos/logistica/ajax/guardarGestionAduanera.php:1-132 | index_archivos/logistica/SolicitudesClass.php:714-869 | index_archivos/logistica/SolicitudesClass.php:871-1043 | index_archivos/logistica/SolicitudesClass.php:1054-1082 | index_archivos/logistica/ajax/enviarSolicitudExterna.php:1-18 | index_archivos/logistica/SolicitudesClass.php:1084-1098 | .data_base/asgard.sql:2276-2292 | embarques_ver_gestion_aduanera.php:10-37 | embarques_ver_gestion_aduanera.php:25-38 | embarques_ver_gestion_aduanera.php:15-23 | datosEmbarques.js:2827-2837 | guardarGestionAduanera.php:117-122 | SolicitudesClass.php:732-788 | SolicitudesClass.php:718-723 | SolicitudesClass.php:814-817,2,0,FLOW_SEMANTIC_INFERENCE_REVIEW_REQUIRED
shipment-customs-request-management,dav_clienteusuariospermisos,dav,REPORTING_READ_MODEL,"Catalogo o parametro que condiciona reglas, permisos o variantes del flujo.","escritura, idclienteusuarios, idreportescliente",control de acceso/cliente; transicion o bloqueo por estado; regla documental/carga-descarga; calculo financiero/impositivo; persistencia/atomicidad/concurrencia; notificacion o acceso externo,SQL construido dinamicamente; atomicidad/concurrencia pendiente; variante cliente pendiente de confirmar; catalogo/semantica pendiente; seguridad/autorizacion sensible,,`dav_clienteusuariospermisos` | Permiso de alta GA.,index_archivos/logistica/componentes/embarques_ver_gestion_aduanera.php:1-40 | index_archivos/logistica/componentes/embarques_ver_gestion_aduanera.php:341-358 | index_archivos/logistica/js/datosEmbarques.js:2827-2847 | index_archivos/logistica/js/datosEmbarques.js:2858-2920 | index_archivos/logistica/js/datosEmbarques.js:2948-2972 | index_archivos/logistica/ajax/guardarGestionAduanera.php:1-132 | index_archivos/logistica/SolicitudesClass.php:714-869 | index_archivos/logistica/SolicitudesClass.php:871-1043 | index_archivos/logistica/SolicitudesClass.php:1054-1082 | index_archivos/logistica/ajax/enviarSolicitudExterna.php:1-18 | index_archivos/logistica/SolicitudesClass.php:1084-1098 | .data_base/asgard.sql:2276-2292 | embarques_ver_gestion_aduanera.php:10-37 | embarques_ver_gestion_aduanera.php:25-38 | embarques_ver_gestion_aduanera.php:15-23 | datosEmbarques.js:2827-2837 | guardarGestionAduanera.php:117-122 | SolicitudesClass.php:732-788 | SolicitudesClass.php:718-723 | SolicitudesClass.php:814-817,3,0,FLOW_SEMANTIC_INFERENCE_REVIEW_REQUIRED
shipment-customs-request-management,dav_division,dav,REPORTING_READ_MODEL,"Catalogo o parametro que condiciona reglas, permisos o variantes del flujo.",id,control de acceso/cliente; transicion o bloqueo por estado; regla documental/carga-descarga; calculo financiero/impositivo; persistencia/atomicidad/concurrencia; notificacion o acceso externo,SQL construido dinamicamente; atomicidad/concurrencia pendiente; variante cliente pendiente de confirmar; catalogo/semantica pendiente; seguridad/autorizacion sensible,,"`dav_proveedorcoordinador`, `dav_division`, `ada_agentescontactos`, `ada_agentesaduana`, `ada_clienteagenteaduana` | Catalogos/relaciones para coordinador, division y contacto IH/agente de aduana de la solicitud.",index_archivos/logistica/componentes/embarques_ver_gestion_aduanera.php:1-40 | index_archivos/logistica/componentes/embarques_ver_gestion_aduanera.php:341-358 | index_archivos/logistica/js/datosEmbarques.js:2827-2847 | index_archivos/logistica/js/datosEmbarques.js:2858-2920 | index_archivos/logistica/js/datosEmbarques.js:2948-2972 | index_archivos/logistica/ajax/guardarGestionAduanera.php:1-132 | index_archivos/logistica/SolicitudesClass.php:714-869 | index_archivos/logistica/SolicitudesClass.php:871-1043 | index_archivos/logistica/SolicitudesClass.php:1054-1082 | index_archivos/logistica/ajax/enviarSolicitudExterna.php:1-18 | index_archivos/logistica/SolicitudesClass.php:1084-1098 | .data_base/asgard.sql:2276-2292 | embarques_ver_gestion_aduanera.php:10-37 | embarques_ver_gestion_aduanera.php:25-38 | embarques_ver_gestion_aduanera.php:15-23 | datosEmbarques.js:2827-2837 | guardarGestionAduanera.php:117-122 | SolicitudesClass.php:732-788 | SolicitudesClass.php:718-723 | SolicitudesClass.php:814-817,7,0,FLOW_SEMANTIC_INFERENCE_REVIEW_REQUIRED
shipment-customs-request-management,dav_documentosprevios,dav,CREATE,Entidad transaccional modificada por el flujo; sus cambios deben caracterizarse antes de refactor.,"diasplazo, fecha, fecharecepcion, idcasosprevios, idformatodocumento, idtipodocumento",control de acceso/cliente; transicion o bloqueo por estado; regla documental/carga-descarga; calculo financiero/impositivo; persistencia/atomicidad/concurrencia; notificacion o acceso externo,SQL construido dinamicamente; atomicidad/concurrencia pendiente; variante cliente pendiente de confirmar; catalogo/semantica pendiente; seguridad/autorizacion sensible,INSERT INTO,- Documentos previos en `dav_documentosprevios`. | `dav_documentosprevios` | Documentos iniciales generados para la solicitud. | - `INSERT INTO dav_documentosprevios (...) SELECT ...`.,index_archivos/logistica/componentes/embarques_ver_gestion_aduanera.php:1-40 | index_archivos/logistica/componentes/embarques_ver_gestion_aduanera.php:341-358 | index_archivos/logistica/js/datosEmbarques.js:2827-2847 | index_archivos/logistica/js/datosEmbarques.js:2858-2920 | index_archivos/logistica/js/datosEmbarques.js:2948-2972 | index_archivos/logistica/ajax/guardarGestionAduanera.php:1-132 | index_archivos/logistica/SolicitudesClass.php:714-869 | index_archivos/logistica/SolicitudesClass.php:871-1043 | index_archivos/logistica/SolicitudesClass.php:1054-1082 | index_archivos/logistica/ajax/enviarSolicitudExterna.php:1-18 | index_archivos/logistica/SolicitudesClass.php:1084-1098 | .data_base/asgard.sql:2276-2292 | embarques_ver_gestion_aduanera.php:10-37 | embarques_ver_gestion_aduanera.php:25-38 | embarques_ver_gestion_aduanera.php:15-23 | datosEmbarques.js:2827-2837 | guardarGestionAduanera.php:117-122 | SolicitudesClass.php:732-788 | SolicitudesClass.php:718-723 | SolicitudesClass.php:814-817,0,1,FLOW_SEMANTIC_INFERENCE_REVIEW_REQUIRED
shipment-customs-request-management,dav_modotransportedocumento,dav,REPORTING_READ_MODEL,"Catalogo o parametro que condiciona reglas, permisos o variantes del flujo.","idmodotransporte, idtipodocumento",control de acceso/cliente; transicion o bloqueo por estado; regla documental/carga-descarga; calculo financiero/impositivo; persistencia/atomicidad/concurrencia; notificacion o acceso externo,SQL construido dinamicamente; atomicidad/concurrencia pendiente; variante cliente pendiente de confirmar; catalogo/semantica pendiente; seguridad/autorizacion sensible,,`dav_modotransportedocumento` | Catalogo que determina documentos por modalidad.,index_archivos/logistica/componentes/embarques_ver_gestion_aduanera.php:1-40 | index_archivos/logistica/componentes/embarques_ver_gestion_aduanera.php:341-358 | index_archivos/logistica/js/datosEmbarques.js:2827-2847 | index_archivos/logistica/js/datosEmbarques.js:2858-2920 | index_archivos/logistica/js/datosEmbarques.js:2948-2972 | index_archivos/logistica/ajax/guardarGestionAduanera.php:1-132 | index_archivos/logistica/SolicitudesClass.php:714-869 | index_archivos/logistica/SolicitudesClass.php:871-1043 | index_archivos/logistica/SolicitudesClass.php:1054-1082 | index_archivos/logistica/ajax/enviarSolicitudExterna.php:1-18 | index_archivos/logistica/SolicitudesClass.php:1084-1098 | .data_base/asgard.sql:2276-2292 | embarques_ver_gestion_aduanera.php:10-37 | embarques_ver_gestion_aduanera.php:25-38 | embarques_ver_gestion_aduanera.php:15-23 | datosEmbarques.js:2827-2837 | guardarGestionAduanera.php:117-122 | SolicitudesClass.php:732-788 | SolicitudesClass.php:718-723 | SolicitudesClass.php:814-817,0,0,FLOW_SEMANTIC_INFERENCE_REVIEW_REQUIRED
shipment-customs-request-management,dav_parametrosnuevagestion,dav,REFERENCE_OR_STATE_CATALOG,"Catalogo o parametro que condiciona reglas, permisos o variantes del flujo.","id, idciudad, idcliente, idclientelineas, idusuario",control de acceso/cliente; transicion o bloqueo por estado; regla documental/carga-descarga; calculo financiero/impositivo; persistencia/atomicidad/concurrencia; notificacion o acceso externo,SQL construido dinamicamente; atomicidad/concurrencia pendiente; variante cliente pendiente de confirmar; catalogo/semantica pendiente; seguridad/autorizacion sensible,,"`dav_parametrosnuevagestion`, `dav_clientetipoproducto` | Parametros de nueva gestion y tipo de producto/cliente usados al preparar GA.",index_archivos/logistica/componentes/embarques_ver_gestion_aduanera.php:1-40 | index_archivos/logistica/componentes/embarques_ver_gestion_aduanera.php:341-358 | index_archivos/logistica/js/datosEmbarques.js:2827-2847 | index_archivos/logistica/js/datosEmbarques.js:2858-2920 | index_archivos/logistica/js/datosEmbarques.js:2948-2972 | index_archivos/logistica/ajax/guardarGestionAduanera.php:1-132 | index_archivos/logistica/SolicitudesClass.php:714-869 | index_archivos/logistica/SolicitudesClass.php:871-1043 | index_archivos/logistica/SolicitudesClass.php:1054-1082 | index_archivos/logistica/ajax/enviarSolicitudExterna.php:1-18 | index_archivos/logistica/SolicitudesClass.php:1084-1098 | .data_base/asgard.sql:2276-2292 | embarques_ver_gestion_aduanera.php:10-37 | embarques_ver_gestion_aduanera.php:25-38 | embarques_ver_gestion_aduanera.php:15-23 | datosEmbarques.js:2827-2837 | guardarGestionAduanera.php:117-122 | SolicitudesClass.php:732-788 | SolicitudesClass.php:718-723 | SolicitudesClass.php:814-817,1,0,FLOW_SEMANTIC_INFERENCE_REVIEW_REQUIRED
shipment-customs-request-management,dav_proveedorcoordinador,dav,REPORTING_READ_MODEL,"Catalogo o parametro que condiciona reglas, permisos o variantes del flujo.","id, idcliente, idclientelineas, idclienteusuarios, iddivision, idusuario",control de acceso/cliente; transicion o bloqueo por estado; regla documental/carga-descarga; calculo financiero/impositivo; persistencia/atomicidad/concurrencia; notificacion o acceso externo,SQL construido dinamicamente; atomicidad/concurrencia pendiente; variante cliente pendiente de confirmar; catalogo/semantica pendiente; seguridad/autorizacion sensible,,"`dav_proveedorcoordinador`, `dav_division`, `ada_agentescontactos`, `ada_agentesaduana`, `ada_clienteagenteaduana` | Catalogos/relaciones para coordinador, division y contacto IH/agente de aduana de la solicitud.",index_archivos/logistica/componentes/embarques_ver_gestion_aduanera.php:1-40 | index_archivos/logistica/componentes/embarques_ver_gestion_aduanera.php:341-358 | index_archivos/logistica/js/datosEmbarques.js:2827-2847 | index_archivos/logistica/js/datosEmbarques.js:2858-2920 | index_archivos/logistica/js/datosEmbarques.js:2948-2972 | index_archivos/logistica/ajax/guardarGestionAduanera.php:1-132 | index_archivos/logistica/SolicitudesClass.php:714-869 | index_archivos/logistica/SolicitudesClass.php:871-1043 | index_archivos/logistica/SolicitudesClass.php:1054-1082 | index_archivos/logistica/ajax/enviarSolicitudExterna.php:1-18 | index_archivos/logistica/SolicitudesClass.php:1084-1098 | .data_base/asgard.sql:2276-2292 | embarques_ver_gestion_aduanera.php:10-37 | embarques_ver_gestion_aduanera.php:25-38 | embarques_ver_gestion_aduanera.php:15-23 | datosEmbarques.js:2827-2837 | guardarGestionAduanera.php:117-122 | SolicitudesClass.php:732-788 | SolicitudesClass.php:718-723 | SolicitudesClass.php:814-817,9,0,FLOW_SEMANTIC_INFERENCE_REVIEW_REQUIRED
shipment-customs-request-management,logis_edp,logis,REPORTING_READ_MODEL,Entidad de contexto usada por el flujo para consultar o relacionar informacion de negocio.,"edp, embarque_id, estado_edp_id, fecha, id",control de acceso/cliente; transicion o bloqueo por estado; regla documental/carga-descarga; calculo financiero/impositivo; persistencia/atomicidad/concurrencia; notificacion o acceso externo,SQL construido dinamicamente; atomicidad/concurrencia pendiente; variante cliente pendiente de confirmar; catalogo/semantica pendiente; seguridad/autorizacion sensible,,`logis_edp` | Hito automatico de procesamiento de solicitud.,index_archivos/logistica/componentes/embarques_ver_gestion_aduanera.php:1-40 | index_archivos/logistica/componentes/embarques_ver_gestion_aduanera.php:341-358 | index_archivos/logistica/js/datosEmbarques.js:2827-2847 | index_archivos/logistica/js/datosEmbarques.js:2858-2920 | index_archivos/logistica/js/datosEmbarques.js:2948-2972 | index_archivos/logistica/ajax/guardarGestionAduanera.php:1-132 | index_archivos/logistica/SolicitudesClass.php:714-869 | index_archivos/logistica/SolicitudesClass.php:871-1043 | index_archivos/logistica/SolicitudesClass.php:1054-1082 | index_archivos/logistica/ajax/enviarSolicitudExterna.php:1-18 | index_archivos/logistica/SolicitudesClass.php:1084-1098 | .data_base/asgard.sql:2276-2292 | embarques_ver_gestion_aduanera.php:10-37 | embarques_ver_gestion_aduanera.php:25-38 | embarques_ver_gestion_aduanera.php:15-23 | datosEmbarques.js:2827-2837 | guardarGestionAduanera.php:117-122 | SolicitudesClass.php:732-788 | SolicitudesClass.php:718-723 | SolicitudesClass.php:814-817,2,1,FLOW_SEMANTIC_INFERENCE_REVIEW_REQUIRED
shipment-customs-request-management,logis_embarques,logis,REPORTING_READ_MODEL,"Catalogo o parametro que condiciona reglas, permisos o variantes del flujo.","fecha_finalizacion, id, idagentesaduana, idcliente, idclientelineas, idusuario, ordencompra, prioridad",control de acceso/cliente; transicion o bloqueo por estado; regla documental/carga-descarga; calculo financiero/impositivo; persistencia/atomicidad/concurrencia; notificacion o acceso externo,SQL construido dinamicamente; atomicidad/concurrencia pendiente; variante cliente pendiente de confirmar; catalogo/semantica pendiente; seguridad/autorizacion sensible,,`logis_embarques` | Contexto y candado por finalizacion. | Abierto | `logis_embarques.fecha_finalizacion` vacia | Permite alta GA si hay permiso y reglas cliente.,index_archivos/logistica/componentes/embarques_ver_gestion_aduanera.php:1-40 | index_archivos/logistica/componentes/embarques_ver_gestion_aduanera.php:341-358 | index_archivos/logistica/js/datosEmbarques.js:2827-2847 | index_archivos/logistica/js/datosEmbarques.js:2858-2920 | index_archivos/logistica/js/datosEmbarques.js:2948-2972 | index_archivos/logistica/ajax/guardarGestionAduanera.php:1-132 | index_archivos/logistica/SolicitudesClass.php:714-869 | index_archivos/logistica/SolicitudesClass.php:871-1043 | index_archivos/logistica/SolicitudesClass.php:1054-1082 | index_archivos/logistica/ajax/enviarSolicitudExterna.php:1-18 | index_archivos/logistica/SolicitudesClass.php:1084-1098 | .data_base/asgard.sql:2276-2292 | embarques_ver_gestion_aduanera.php:10-37 | embarques_ver_gestion_aduanera.php:25-38 | embarques_ver_gestion_aduanera.php:15-23 | datosEmbarques.js:2827-2837 | guardarGestionAduanera.php:117-122 | SolicitudesClass.php:732-788 | SolicitudesClass.php:718-723 | SolicitudesClass.php:814-817,25,3,FLOW_SEMANTIC_INFERENCE_REVIEW_REQUIRED
third-party-token-document-onboarding,ada_agentesaduana,ada,READ_OR_CONTEXT,"Catalogo o parametro que condiciona reglas, permisos o variantes del flujo.","cantidadmail, deleted_at, fechamail, token",control de acceso/cliente; transicion o bloqueo por estado; regla documental/carga-descarga; calculo financiero/impositivo; persistencia/atomicidad/concurrencia; notificacion o acceso externo,SQL construido dinamicamente; catalogo/semantica pendiente; seguridad/autorizacion sensible,,"Agente aduana | `ada_agentesaduana`, `ada_clienteagenteaduana`, `ada_agentescontactos`, `ada_agentesdocumentos`, `ada_tipocontactos` | Maestro, relacion cliente, contactos, documentos, tipos de contacto y token.",index_archivos/parametros/agenteAduana/AgenteAduanaClass.php:470-472 | index_archivos/parametros/agenteSeguro/AgenteSeguroClass.php:438-440 | index_archivos/parametros/gestorTransporte/ajax/enviarCorreo.php:15-24 | index_archivos/parametros/gestorTransporte/formInfo.php:7-15 | AgenteAduanaClass.php:470-472 | AgenteSeguroClass.php:438-440 | GestorTransporteClass.php:439-440 | AgenteAduanaClass.php:318-471 | AgenteSeguroClass.php:291-440 | GestorTransporteClass.php:294-440 | gestorTransporte/ajax/enviarCorreo.php:15-24 | gestorTransporte/formInfo.php:7-15 | GestorTransporteClass.php:147-269 | agenteTrackingClass.php:61-106 | EV-SQL_QUERY-94664D6A44648C .data_base/asgard.sql:27848 READS access to ada_agentesaduana | EV-SQL_QUERY-B0B8AE3284B94D .data_base/asgard.sql:27981 READS access to ada_agentesaduana | EV-SQL_QUERY-28FCB424B2571C .data_base/asgard.sql:45282 READS access to ada_agentesaduana | EV-SQL_QUERY-A4DFC66C6736E4 index_archivos/controllers/GlobalClass.php:286 READS access to ada_agentesaduana | EV-SQL_QUERY-3ADBB638D8FA08 index_archivos/intercambioDocumental/IntercambioDocumentalClass.php:261 READS access to ada_agentesaduana | EV-SQL_QUERY-F3CEAE54B0FDDB index_archivos/logistica/CostosClass.php:218 READS access to ada_agentesaduana,8,1,FLOW_SEMANTIC_INFERENCE_REVIEW_REQUIRED
third-party-token-document-onboarding,ada_agentescontactos,ada,READ_OR_CONTEXT,"Catalogo o parametro que condiciona reglas, permisos o variantes del flujo.",deleted_at,control de acceso/cliente; transicion o bloqueo por estado; regla documental/carga-descarga; calculo financiero/impositivo; persistencia/atomicidad/concurrencia; notificacion o acceso externo,SQL construido dinamicamente; catalogo/semantica pendiente; seguridad/autorizacion sensible,,"Agente aduana | `ada_agentesaduana`, `ada_clienteagenteaduana`, `ada_agentescontactos`, `ada_agentesdocumentos`, `ada_tipocontactos` | Maestro, relacion cliente, contactos, documentos, tipos de contacto y token.",index_archivos/parametros/agenteAduana/AgenteAduanaClass.php:470-472 | index_archivos/parametros/agenteSeguro/AgenteSeguroClass.php:438-440 | index_archivos/parametros/gestorTransporte/ajax/enviarCorreo.php:15-24 | index_archivos/parametros/gestorTransporte/formInfo.php:7-15 | AgenteAduanaClass.php:470-472 | AgenteSeguroClass.php:438-440 | GestorTransporteClass.php:439-440 | AgenteAduanaClass.php:318-471 | AgenteSeguroClass.php:291-440 | GestorTransporteClass.php:294-440 | gestorTransporte/ajax/enviarCorreo.php:15-24 | gestorTransporte/formInfo.php:7-15 | GestorTransporteClass.php:147-269 | agenteTrackingClass.php:61-106 | EV-SQL_QUERY-D94D4D74F67555 .data_base/asgard.sql:27986 READS access to ada_agentescontactos | EV-SQL_QUERY-E45D3F9717AE6C .data_base/asgard.sql:44808 READS access to ada_agentescontactos | EV-SQL_QUERY-8AF137C9E2D7B2 .data_base/asgard.sql:45197 READS access to ada_agentescontactos | EV-SQL_QUERY-656F023757E2C6 .data_base/asgard.sql:45287 READS access to ada_agentescontactos | EV-SQL_QUERY-513280CC67EA0D index_archivos/controllers/GlobalClass.php:285 READS access to ada_agentescontactos | EV-SQL_QUERY-874E6CEA4E9E7F index_archivos/finsolicitud.php:427 READS access to ada_agentescontactos,6,1,FLOW_SEMANTIC_INFERENCE_REVIEW_REQUIRED
third-party-token-document-onboarding,ada_agentesdocumentos,ada,READ_OR_CONTEXT,"Catalogo o parametro que condiciona reglas, permisos o variantes del flujo.",deleted_at,control de acceso/cliente; transicion o bloqueo por estado; regla documental/carga-descarga; calculo financiero/impositivo; persistencia/atomicidad/concurrencia; notificacion o acceso externo,SQL construido dinamicamente; catalogo/semantica pendiente; seguridad/autorizacion sensible,,"Agente aduana | `ada_agentesaduana`, `ada_clienteagenteaduana`, `ada_agentescontactos`, `ada_agentesdocumentos`, `ada_tipocontactos` | Maestro, relacion cliente, contactos, documentos, tipos de contacto y token.",index_archivos/parametros/agenteAduana/AgenteAduanaClass.php:470-472 | index_archivos/parametros/agenteSeguro/AgenteSeguroClass.php:438-440 | index_archivos/parametros/gestorTransporte/ajax/enviarCorreo.php:15-24 | index_archivos/parametros/gestorTransporte/formInfo.php:7-15 | AgenteAduanaClass.php:470-472 | AgenteSeguroClass.php:438-440 | GestorTransporteClass.php:439-440 | AgenteAduanaClass.php:318-471 | AgenteSeguroClass.php:291-440 | GestorTransporteClass.php:294-440 | gestorTransporte/ajax/enviarCorreo.php:15-24 | gestorTransporte/formInfo.php:7-15 | GestorTransporteClass.php:147-269 | agenteTrackingClass.php:61-106 | EV-SQL_QUERY-8913BCB0FC85D4 index_archivos/parametros/agenteAduana/AgenteAduanaClass.php:233 READS access to ada_agentesdocumentos | EV-SQL_QUERY-837DF8FF971F78 index_archivos/parametros/agenteAduana/AgenteAduanaClass.php:257 READS access to ada_agentesdocumentos | EV-SQL_QUERY-D438CB3CB36DBC index_archivos/parametros/agenteAduana/AgenteAduanaClass.php:280 READS access to ada_agentesdocumentos | EV-SQL_QUERY-1A90C13C5C5BC5 index_archivos/parametros/agenteAduana/AgenteAduanaClass.php:302 READS access to ada_agentesdocumentos | EV-SQL_QUERY-A78ECC69A6495D index_archivos/parametros/agenteAduana/AgenteAduanaClass.php:388 WRITES access to ada_agentesdocumentos | EV-SQL_QUERY-A16C39B32B881A index_archivos/parametros/agenteAduana/AgenteAduanaClass.php:431 WRITES access to ada_agentesdocumentos,1,1,FLOW_SEMANTIC_INFERENCE_REVIEW_REQUIRED
third-party-token-document-onboarding,ada_clienteagenteaduana,ada,READ_OR_CONTEXT,"Catalogo o parametro que condiciona reglas, permisos o variantes del flujo.",,control de acceso/cliente; transicion o bloqueo por estado; regla documental/carga-descarga; calculo financiero/impositivo; persistencia/atomicidad/concurrencia; notificacion o acceso externo,SQL construido dinamicamente; catalogo/semantica pendiente; seguridad/autorizacion sensible,,"| `ada_clienteagenteaduana`, `ads_clienteagenteseguro`, `ges_clientegestortransporte` | | Agente aduana | `ada_agentesaduana`, `ada_clienteagenteaduana`, `ada_agentescontactos`, `ada_agentesdocumentos`, `ada_tipocontactos` | Maestro, relacion cliente, contactos, documentos, tipos de contacto y token.",index_archivos/parametros/agenteAduana/AgenteAduanaClass.php:470-472 | index_archivos/parametros/agenteSeguro/AgenteSeguroClass.php:438-440 | index_archivos/parametros/gestorTransporte/ajax/enviarCorreo.php:15-24 | index_archivos/parametros/gestorTransporte/formInfo.php:7-15 | AgenteAduanaClass.php:470-472 | AgenteSeguroClass.php:438-440 | GestorTransporteClass.php:439-440 | AgenteAduanaClass.php:318-471 | AgenteSeguroClass.php:291-440 | GestorTransporteClass.php:294-440 | gestorTransporte/ajax/enviarCorreo.php:15-24 | gestorTransporte/formInfo.php:7-15 | GestorTransporteClass.php:147-269 | agenteTrackingClass.php:61-106 | EV-SQL_QUERY-86F09AFFD047B4 index_archivos/controllers/GlobalClass.php:287 READS access to ada_clienteagenteaduana | EV-SQL_QUERY-B9512B76BE1230 index_archivos/operativos/getIHAgencia.php:11 READS access to ada_clienteagenteaduana | EV-SQL_QUERY-73CD73F599ACE1 index_archivos/parametros/agenteAduana/AgenteAduanaClass.php:34 READS access to ada_clienteagenteaduana | EV-SQL_QUERY-3DA514A4D1230F index_archivos/parametros/agenteAduana/AgenteAduanaClass.php:102 READS access to ada_clienteagenteaduana | EV-SQL_QUERY-56C24F52A2F3A6 index_archivos/parametros/agenteAduana/AgenteAduanaClass.php:347 WRITES access to ada_clienteagenteaduana | EV-SQL_QUERY-6A9514C45268CC index_archivos/parametros/agenteAduana/AgenteAduanaClass.php:362 READS access to ada_clienteagenteaduana,4,1,FLOW_SEMANTIC_INFERENCE_REVIEW_REQUIRED
third-party-token-document-onboarding,ada_tipocontactos,ada,REFERENCE_OR_STATE_CATALOG,"Catalogo o parametro que condiciona reglas, permisos o variantes del flujo.",tipo,control de acceso/cliente; transicion o bloqueo por estado; regla documental/carga-descarga; calculo financiero/impositivo; persistencia/atomicidad/concurrencia; notificacion o acceso externo,SQL construido dinamicamente; catalogo/semantica pendiente; seguridad/autorizacion sensible,,"Agente aduana | `ada_agentesaduana`, `ada_clienteagenteaduana`, `ada_agentescontactos`, `ada_agentesdocumentos`, `ada_tipocontactos` | Maestro, relacion cliente, contactos, documentos, tipos de contacto y token.",index_archivos/parametros/agenteAduana/AgenteAduanaClass.php:470-472 | index_archivos/parametros/agenteSeguro/AgenteSeguroClass.php:438-440 | index_archivos/parametros/gestorTransporte/ajax/enviarCorreo.php:15-24 | index_archivos/parametros/gestorTransporte/formInfo.php:7-15 | AgenteAduanaClass.php:470-472 | AgenteSeguroClass.php:438-440 | GestorTransporteClass.php:439-440 | AgenteAduanaClass.php:318-471 | AgenteSeguroClass.php:291-440 | GestorTransporteClass.php:294-440 | gestorTransporte/ajax/enviarCorreo.php:15-24 | gestorTransporte/formInfo.php:7-15 | GestorTransporteClass.php:147-269 | agenteTrackingClass.php:61-106 | EV-SQL_QUERY-E5372D2F56D94A index_archivos/parametros/agenteAduana/AgenteAduanaClass.php:188 READS access to ada_tipocontactos | EV-SQL_QUERY-AD4D46CFEFDF9F index_archivos/parametros/agenteAduana/AgenteAduanaClass.php:201 READS access to ada_tipocontactos,1,0,FLOW_SEMANTIC_INFERENCE_REVIEW_REQUIRED
third-party-token-document-onboarding,adaprov_agenteproveedor,adaprov,READ_OR_CONTEXT,"Entidad documental o soporte usado para validar, adjuntar, generar o descargar evidencias.",deleted_at,control de acceso/cliente; transicion o bloqueo por estado; regla documental/carga-descarga; calculo financiero/impositivo; persistencia/atomicidad/concurrencia; notificacion o acceso externo,SQL construido dinamicamente; catalogo/semantica pendiente; seguridad/autorizacion sensible,,"Agente proveedor / intercambio | `adaprov_agenteproveedor`, `adaprov_agenteproveedorcontactos`, `adaprov_agenteproveedormercancia` | Relacion de agente/proveedor y contactos usados por intercambio documental y costos logisticos.",index_archivos/parametros/agenteAduana/AgenteAduanaClass.php:470-472 | index_archivos/parametros/agenteSeguro/AgenteSeguroClass.php:438-440 | index_archivos/parametros/gestorTransporte/ajax/enviarCorreo.php:15-24 | index_archivos/parametros/gestorTransporte/formInfo.php:7-15 | AgenteAduanaClass.php:470-472 | AgenteSeguroClass.php:438-440 | GestorTransporteClass.php:439-440 | AgenteAduanaClass.php:318-471 | AgenteSeguroClass.php:291-440 | GestorTransporteClass.php:294-440 | gestorTransporte/ajax/enviarCorreo.php:15-24 | gestorTransporte/formInfo.php:7-15 | GestorTransporteClass.php:147-269 | agenteTrackingClass.php:61-106 | EV-SQL_QUERY-D8CE33BD162A9E index_archivos/intercambioDocumental/IntercambioDocumentalClass.php:128 READS access to adaprov_agenteproveedorcontactos | EV-SQL_QUERY-F6663EEFC82FA6 index_archivos/intercambioDocumental/IntercambioDocumentalClass.php:129 READS access to adaprov_agenteproveedor | EV-SQL_QUERY-50FBCEEAFC6E5A index_archivos/logistica/CostosClass.php:208 READS access to adaprov_agenteproveedor,2,0,FLOW_SEMANTIC_INFERENCE_REVIEW_REQUIRED
third-party-token-document-onboarding,adaprov_agenteproveedorcontactos,adaprov,READ_OR_CONTEXT,"Entidad documental o soporte usado para validar, adjuntar, generar o descargar evidencias.","mail, nombre",control de acceso/cliente; transicion o bloqueo por estado; regla documental/carga-descarga; calculo financiero/impositivo; persistencia/atomicidad/concurrencia; notificacion o acceso externo,SQL construido dinamicamente; catalogo/semantica pendiente; seguridad/autorizacion sensible,,"Agente proveedor / intercambio | `adaprov_agenteproveedor`, `adaprov_agenteproveedorcontactos`, `adaprov_agenteproveedormercancia` | Relacion de agente/proveedor y contactos usados por intercambio documental y costos logisticos.",index_archivos/parametros/agenteAduana/AgenteAduanaClass.php:470-472 | index_archivos/parametros/agenteSeguro/AgenteSeguroClass.php:438-440 | index_archivos/parametros/gestorTransporte/ajax/enviarCorreo.php:15-24 | index_archivos/parametros/gestorTransporte/formInfo.php:7-15 | AgenteAduanaClass.php:470-472 | AgenteSeguroClass.php:438-440 | GestorTransporteClass.php:439-440 | AgenteAduanaClass.php:318-471 | AgenteSeguroClass.php:291-440 | GestorTransporteClass.php:294-440 | gestorTransporte/ajax/enviarCorreo.php:15-24 | gestorTransporte/formInfo.php:7-15 | GestorTransporteClass.php:147-269 | agenteTrackingClass.php:61-106 | EV-SQL_QUERY-D8CE33BD162A9E index_archivos/intercambioDocumental/IntercambioDocumentalClass.php:128 READS access to adaprov_agenteproveedorcontactos,1,0,FLOW_SEMANTIC_INFERENCE_REVIEW_REQUIRED
third-party-token-document-onboarding,adaprov_agenteproveedormercancia,adaprov,READ_OR_CONTEXT,"Entidad documental o soporte usado para validar, adjuntar, generar o descargar evidencias.",,control de acceso/cliente; transicion o bloqueo por estado; regla documental/carga-descarga; calculo financiero/impositivo; persistencia/atomicidad/concurrencia; notificacion o acceso externo,SQL construido dinamicamente; catalogo/semantica pendiente; seguridad/autorizacion sensible,,"Agente proveedor / intercambio | `adaprov_agenteproveedor`, `adaprov_agenteproveedorcontactos`, `adaprov_agenteproveedormercancia` | Relacion de agente/proveedor y contactos usados por intercambio documental y costos logisticos.",index_archivos/parametros/agenteAduana/AgenteAduanaClass.php:470-472 | index_archivos/parametros/agenteSeguro/AgenteSeguroClass.php:438-440 | index_archivos/parametros/gestorTransporte/ajax/enviarCorreo.php:15-24 | index_archivos/parametros/gestorTransporte/formInfo.php:7-15 | AgenteAduanaClass.php:470-472 | AgenteSeguroClass.php:438-440 | GestorTransporteClass.php:439-440 | AgenteAduanaClass.php:318-471 | AgenteSeguroClass.php:291-440 | GestorTransporteClass.php:294-440 | gestorTransporte/ajax/enviarCorreo.php:15-24 | gestorTransporte/formInfo.php:7-15 | GestorTransporteClass.php:147-269 | agenteTrackingClass.php:61-106,0,0,FLOW_SEMANTIC_INFERENCE_REVIEW_REQUIRED
third-party-token-document-onboarding,ads_agenteseguro,ads,READ_OR_CONTEXT,"Catalogo o parametro que condiciona reglas, permisos o variantes del flujo.","cantidadmail, deleted_at, fechamail, token",control de acceso/cliente; transicion o bloqueo por estado; regla documental/carga-descarga; calculo financiero/impositivo; persistencia/atomicidad/concurrencia; notificacion o acceso externo,SQL construido dinamicamente; catalogo/semantica pendiente; seguridad/autorizacion sensible,,"Agente seguro | `ads_agenteseguro`, `ads_clienteagenteseguro`, `ads_contactos`, `ads_documentos`, `ads_tipocontactos` | Maestro, relacion cliente, contactos, documentos, tipos de contacto y token.",index_archivos/parametros/agenteAduana/AgenteAduanaClass.php:470-472 | index_archivos/parametros/agenteSeguro/AgenteSeguroClass.php:438-440 | index_archivos/parametros/gestorTransporte/ajax/enviarCorreo.php:15-24 | index_archivos/parametros/gestorTransporte/formInfo.php:7-15 | AgenteAduanaClass.php:470-472 | AgenteSeguroClass.php:438-440 | GestorTransporteClass.php:439-440 | AgenteAduanaClass.php:318-471 | AgenteSeguroClass.php:291-440 | GestorTransporteClass.php:294-440 | gestorTransporte/ajax/enviarCorreo.php:15-24 | gestorTransporte/formInfo.php:7-15 | GestorTransporteClass.php:147-269 | agenteTrackingClass.php:61-106 | EV-SQL_QUERY-726BBEE66DE5F3 .data_base/asgard.sql:27849 READS access to ads_agenteseguro | EV-SQL_QUERY-AB9359AB09C631 index_archivos/intercambioDocumental/IntercambioDocumentalClass.php:154 READS access to ads_agenteseguro | EV-SQL_QUERY-86CC2C4DC8E231 index_archivos/logistica/CostosClass.php:220 READS access to ads_agenteseguro | EV-SQL_QUERY-6A69917B8337A8 index_archivos/logistica/EmbarqueClass.php:898 READS access to ads_agenteseguro | EV-SQL_QUERY-5E824A196DE7A4 index_archivos/logistica/EmbarqueClass.php:1051 READS access to ads_agenteseguro | EV-SQL_QUERY-A0739C404169E7 index_archivos/parametros/agenteSeguro/AgenteSeguroClass.php:35 READS access to ads_agenteseguro,5,1,FLOW_SEMANTIC_INFERENCE_REVIEW_REQUIRED
third-party-token-document-onboarding,ads_clienteagenteseguro,ads,READ_OR_CONTEXT,"Catalogo o parametro que condiciona reglas, permisos o variantes del flujo.",,control de acceso/cliente; transicion o bloqueo por estado; regla documental/carga-descarga; calculo financiero/impositivo; persistencia/atomicidad/concurrencia; notificacion o acceso externo,SQL construido dinamicamente; catalogo/semantica pendiente; seguridad/autorizacion sensible,,"| `ada_clienteagenteaduana`, `ads_clienteagenteseguro`, `ges_clientegestortransporte` | | Agente seguro | `ads_agenteseguro`, `ads_clienteagenteseguro`, `ads_contactos`, `ads_documentos`, `ads_tipocontactos` | Maestro, relacion cliente, contactos, documentos, tipos de contacto y token.",index_archivos/parametros/agenteAduana/AgenteAduanaClass.php:470-472 | index_archivos/parametros/agenteSeguro/AgenteSeguroClass.php:438-440 | index_archivos/parametros/gestorTransporte/ajax/enviarCorreo.php:15-24 | index_archivos/parametros/gestorTransporte/formInfo.php:7-15 | AgenteAduanaClass.php:470-472 | AgenteSeguroClass.php:438-440 | GestorTransporteClass.php:439-440 | AgenteAduanaClass.php:318-471 | AgenteSeguroClass.php:291-440 | GestorTransporteClass.php:294-440 | gestorTransporte/ajax/enviarCorreo.php:15-24 | gestorTransporte/formInfo.php:7-15 | GestorTransporteClass.php:147-269 | agenteTrackingClass.php:61-106 | EV-SQL_QUERY-EDE68EB3357621 index_archivos/parametros/agenteSeguro/AgenteSeguroClass.php:33 READS access to ads_clienteagenteseguro | EV-SQL_QUERY-512D5F0C601F4F index_archivos/parametros/agenteSeguro/AgenteSeguroClass.php:99 READS access to ads_clienteagenteseguro | EV-SQL_QUERY-AD071563234530 index_archivos/parametros/agenteSeguro/AgenteSeguroClass.php:319 WRITES access to ads_clienteagenteseguro | EV-SQL_QUERY-2EFBD0AA51AE41 index_archivos/parametros/agenteSeguro/AgenteSeguroClass.php:334 READS access to ads_clienteagenteseguro | EV-SQL_QUERY-33B9B2AC14AB87 index_archivos/parametros/agenteSeguro/AgenteSeguroClass.php:423 WRITES access to ads_clienteagenteseguro | EV-SQL_QUERY-F897B01F667AB1 index_archivos/parametros/agenteSeguro/AgenteSeguroClass.php:423 READS access to ads_clienteagenteseguro,1,1,FLOW_SEMANTIC_INFERENCE_REVIEW_REQUIRED
third-party-token-document-onboarding,ads_contactos,ads,READ_OR_CONTEXT,"Catalogo o parametro que condiciona reglas, permisos o variantes del flujo.","mail, nombre",control de acceso/cliente; transicion o bloqueo por estado; regla documental/carga-descarga; calculo financiero/impositivo; persistencia/atomicidad/concurrencia; notificacion o acceso externo,SQL construido dinamicamente; catalogo/semantica pendiente; seguridad/autorizacion sensible,,"Agente seguro | `ads_agenteseguro`, `ads_clienteagenteseguro`, `ads_contactos`, `ads_documentos`, `ads_tipocontactos` | Maestro, relacion cliente, contactos, documentos, tipos de contacto y token.",index_archivos/parametros/agenteAduana/AgenteAduanaClass.php:470-472 | index_archivos/parametros/agenteSeguro/AgenteSeguroClass.php:438-440 | index_archivos/parametros/gestorTransporte/ajax/enviarCorreo.php:15-24 | index_archivos/parametros/gestorTransporte/formInfo.php:7-15 | AgenteAduanaClass.php:470-472 | AgenteSeguroClass.php:438-440 | GestorTransporteClass.php:439-440 | AgenteAduanaClass.php:318-471 | AgenteSeguroClass.php:291-440 | GestorTransporteClass.php:294-440 | gestorTransporte/ajax/enviarCorreo.php:15-24 | gestorTransporte/formInfo.php:7-15 | GestorTransporteClass.php:147-269 | agenteTrackingClass.php:61-106 | EV-SQL_QUERY-5B2EA7FB680C06 index_archivos/intercambioDocumental/IntercambioDocumentalClass.php:153 READS access to ads_contactos | EV-SQL_QUERY-50407F2032115B index_archivos/parametros/agenteSeguro/AgenteSeguroClass.php:182 READS access to ads_contactos | EV-SQL_QUERY-CD6C8A2EA0AFB7 index_archivos/parametros/agenteSeguro/AgenteSeguroClass.php:344 WRITES access to ads_contactos | EV-SQL_QUERY-C7533179B65F9F index_archivos/parametros/agenteSeguro/AgenteSeguroClass.php:575 WRITES access to ads_contactos,2,1,FLOW_SEMANTIC_INFERENCE_REVIEW_REQUIRED
third-party-token-document-onboarding,ads_documentos,ads,READ_OR_CONTEXT,"Catalogo o parametro que condiciona reglas, permisos o variantes del flujo.",deleted_at,control de acceso/cliente; transicion o bloqueo por estado; regla documental/carga-descarga; calculo financiero/impositivo; persistencia/atomicidad/concurrencia; notificacion o acceso externo,SQL construido dinamicamente; catalogo/semantica pendiente; seguridad/autorizacion sensible,,"Agente seguro | `ads_agenteseguro`, `ads_clienteagenteseguro`, `ads_contactos`, `ads_documentos`, `ads_tipocontactos` | Maestro, relacion cliente, contactos, documentos, tipos de contacto y token.",index_archivos/parametros/agenteAduana/AgenteAduanaClass.php:470-472 | index_archivos/parametros/agenteSeguro/AgenteSeguroClass.php:438-440 | index_archivos/parametros/gestorTransporte/ajax/enviarCorreo.php:15-24 | index_archivos/parametros/gestorTransporte/formInfo.php:7-15 | AgenteAduanaClass.php:470-472 | AgenteSeguroClass.php:438-440 | GestorTransporteClass.php:439-440 | AgenteAduanaClass.php:318-471 | AgenteSeguroClass.php:291-440 | GestorTransporteClass.php:294-440 | gestorTransporte/ajax/enviarCorreo.php:15-24 | gestorTransporte/formInfo.php:7-15 | GestorTransporteClass.php:147-269 | agenteTrackingClass.php:61-106 | EV-SQL_QUERY-014647E604ABDD index_archivos/parametros/agenteSeguro/AgenteSeguroClass.php:228 READS access to ads_documentos | EV-SQL_QUERY-3B957900A0A589 index_archivos/parametros/agenteSeguro/AgenteSeguroClass.php:252 READS access to ads_documentos | EV-SQL_QUERY-61634CF3EB59CF index_archivos/parametros/agenteSeguro/AgenteSeguroClass.php:275 READS access to ads_documentos | EV-SQL_QUERY-B90184A94579A5 index_archivos/parametros/agenteSeguro/AgenteSeguroClass.php:360 WRITES access to ads_documentos | EV-SQL_QUERY-CB84646FCF1B96 index_archivos/parametros/agenteSeguro/AgenteSeguroClass.php:403 WRITES access to ads_documentos | EV-SQL_QUERY-3F66238F3A543D index_archivos/parametros/agenteSeguro/AgenteSeguroClass.php:540 WRITES access to ads_documentos,1,1,FLOW_SEMANTIC_INFERENCE_REVIEW_REQUIRED
third-party-token-document-onboarding,ads_tipocontactos,ads,REFERENCE_OR_STATE_CATALOG,"Catalogo o parametro que condiciona reglas, permisos o variantes del flujo.",tipo,control de acceso/cliente; transicion o bloqueo por estado; regla documental/carga-descarga; calculo financiero/impositivo; persistencia/atomicidad/concurrencia; notificacion o acceso externo,SQL construido dinamicamente; catalogo/semantica pendiente; seguridad/autorizacion sensible,,"Agente seguro | `ads_agenteseguro`, `ads_clienteagenteseguro`, `ads_contactos`, `ads_documentos`, `ads_tipocontactos` | Maestro, relacion cliente, contactos, documentos, tipos de contacto y token.",index_archivos/parametros/agenteAduana/AgenteAduanaClass.php:470-472 | index_archivos/parametros/agenteSeguro/AgenteSeguroClass.php:438-440 | index_archivos/parametros/gestorTransporte/ajax/enviarCorreo.php:15-24 | index_archivos/parametros/gestorTransporte/formInfo.php:7-15 | AgenteAduanaClass.php:470-472 | AgenteSeguroClass.php:438-440 | GestorTransporteClass.php:439-440 | AgenteAduanaClass.php:318-471 | AgenteSeguroClass.php:291-440 | GestorTransporteClass.php:294-440 | gestorTransporte/ajax/enviarCorreo.php:15-24 | gestorTransporte/formInfo.php:7-15 | GestorTransporteClass.php:147-269 | agenteTrackingClass.php:61-106 | EV-SQL_QUERY-9EFF9E6CCDFD03 index_archivos/parametros/agenteSeguro/AgenteSeguroClass.php:183 READS access to ads_tipocontactos | EV-SQL_QUERY-C26534994A2F8B index_archivos/parametros/agenteSeguro/AgenteSeguroClass.php:196 READS access to ads_tipocontactos,1,0,FLOW_SEMANTIC_INFERENCE_REVIEW_REQUIRED
third-party-token-document-onboarding,adt_agente_traking,transversal,READ_OR_CONTEXT,"Catalogo o parametro que condiciona reglas, permisos o variantes del flujo.",deleted_at,control de acceso/cliente; transicion o bloqueo por estado; regla documental/carga-descarga; calculo financiero/impositivo; persistencia/atomicidad/concurrencia; notificacion o acceso externo,SQL construido dinamicamente; catalogo/semantica pendiente; seguridad/autorizacion sensible,,- Agente tracking usa CRUD simple en `adt_agente_traking` sin formulario tokenizado observado. | Agente tracking | `adt_agente_traking` | Maestro simple de agente/url por cliente y tipo de embarque.,index_archivos/parametros/agenteAduana/AgenteAduanaClass.php:470-472 | index_archivos/parametros/agenteSeguro/AgenteSeguroClass.php:438-440 | index_archivos/parametros/gestorTransporte/ajax/enviarCorreo.php:15-24 | index_archivos/parametros/gestorTransporte/formInfo.php:7-15 | AgenteAduanaClass.php:470-472 | AgenteSeguroClass.php:438-440 | GestorTransporteClass.php:439-440 | AgenteAduanaClass.php:318-471 | AgenteSeguroClass.php:291-440 | GestorTransporteClass.php:294-440 | gestorTransporte/ajax/enviarCorreo.php:15-24 | gestorTransporte/formInfo.php:7-15 | GestorTransporteClass.php:147-269 | agenteTrackingClass.php:61-106 | EV-SQL_QUERY-00BD54D4C45647 index_archivos/parametros/agenteTracking/agenteTrackingClass.php:23 READS access to adt_agente_traking | EV-SQL_QUERY-C875665A5AE579 index_archivos/parametros/agenteTracking/agenteTrackingClass.php:46 READS access to adt_agente_traking | EV-SQL_QUERY-4E3A2F591268F4 index_archivos/parametros/agenteTracking/agenteTrackingClass.php:65 WRITES access to adt_agente_traking | EV-SQL_QUERY-AB6AC56B9DD83F index_archivos/parametros/agenteTracking/agenteTrackingClass.php:90 WRITES access to adt_agente_traking | EV-SQL_QUERY-7E2AC250705410 index_archivos/parametros/agenteTracking/agenteTrackingClass.php:106 WRITES access to adt_agente_traking,1,1,FLOW_SEMANTIC_INFERENCE_REVIEW_REQUIRED
third-party-token-document-onboarding,dav_empresa,dav,READ_OR_CONTEXT,Entidad de contexto usada por el flujo para consultar o relacionar informacion de negocio.,"empresa, nit",control de acceso/cliente; transicion o bloqueo por estado; regla documental/carga-descarga; calculo financiero/impositivo; persistencia/atomicidad/concurrencia; notificacion o acceso externo,SQL construido dinamicamente; catalogo/semantica pendiente; seguridad/autorizacion sensible,,"Empresa/contacto | `dav_empresa`, `dav_empresacontacto` | Empresa y contacto relacionados con agente/tercero cuando aplica.",index_archivos/parametros/agenteAduana/AgenteAduanaClass.php:470-472 | index_archivos/parametros/agenteSeguro/AgenteSeguroClass.php:438-440 | index_archivos/parametros/gestorTransporte/ajax/enviarCorreo.php:15-24 | index_archivos/parametros/gestorTransporte/formInfo.php:7-15 | AgenteAduanaClass.php:470-472 | AgenteSeguroClass.php:438-440 | GestorTransporteClass.php:439-440 | AgenteAduanaClass.php:318-471 | AgenteSeguroClass.php:291-440 | GestorTransporteClass.php:294-440 | gestorTransporte/ajax/enviarCorreo.php:15-24 | gestorTransporte/formInfo.php:7-15 | GestorTransporteClass.php:147-269 | agenteTrackingClass.php:61-106 | EV-SQL_QUERY-642F1C303C0567 .data_base/asgard.sql:17821 READS access to dav_empresaarea | EV-SQL_QUERY-5319254F8CA641 .data_base/asgard.sql:42458 READS access to dav_empresa | EV-SQL_QUERY-586C9BC717AE93 .data_base/asgard.sql:42497 READS access to dav_empresa | EV-SQL_QUERY-57F2C56FBFC8D7 .data_base/asgard.sql:42537 READS access to dav_empresa | EV-SQL_QUERY-1A6C871188942D .data_base/asgard.sql:42579 READS access to dav_empresa | EV-SQL_QUERY-EFF74B44EF1235 .data_base/asgard.sql:42621 READS access to dav_empresa,2,0,FLOW_SEMANTIC_INFERENCE_REVIEW_REQUIRED
third-party-token-document-onboarding,dav_empresacontacto,dav,READ_OR_CONTEXT,Entidad de contexto usada por el flujo para consultar o relacionar informacion de negocio.,,control de acceso/cliente; transicion o bloqueo por estado; regla documental/carga-descarga; calculo financiero/impositivo; persistencia/atomicidad/concurrencia; notificacion o acceso externo,SQL construido dinamicamente; catalogo/semantica pendiente; seguridad/autorizacion sensible,,"Empresa/contacto | `dav_empresa`, `dav_empresacontacto` | Empresa y contacto relacionados con agente/tercero cuando aplica.",index_archivos/parametros/agenteAduana/AgenteAduanaClass.php:470-472 | index_archivos/parametros/agenteSeguro/AgenteSeguroClass.php:438-440 | index_archivos/parametros/gestorTransporte/ajax/enviarCorreo.php:15-24 | index_archivos/parametros/gestorTransporte/formInfo.php:7-15 | AgenteAduanaClass.php:470-472 | AgenteSeguroClass.php:438-440 | GestorTransporteClass.php:439-440 | AgenteAduanaClass.php:318-471 | AgenteSeguroClass.php:291-440 | GestorTransporteClass.php:294-440 | gestorTransporte/ajax/enviarCorreo.php:15-24 | gestorTransporte/formInfo.php:7-15 | GestorTransporteClass.php:147-269 | agenteTrackingClass.php:61-106 | EV-SQL_QUERY-F6DC7AD4032E18 index_archivos/parametros/agenteAduana/AgenteAduanaClass.php:650 READS access to dav_empresacontacto,1,0,FLOW_SEMANTIC_INFERENCE_REVIEW_REQUIRED
third-party-token-document-onboarding,dav_paises_codigo_telefonico,dav,READ_OR_CONTEXT,"Catalogo o parametro que condiciona reglas, permisos o variantes del flujo.",deleted_at,control de acceso/cliente; transicion o bloqueo por estado; regla documental/carga-descarga; calculo financiero/impositivo; persistencia/atomicidad/concurrencia; notificacion o acceso externo,SQL construido dinamicamente; catalogo/semantica pendiente; seguridad/autorizacion sensible,,"Catalogos | `logis_tipodocumento`, `dav_paises_codigo_telefonico`, tipos de contacto, paises | Clasificacion de documentos/contactos, codigos telefonicos y datos base.",index_archivos/parametros/agenteAduana/AgenteAduanaClass.php:470-472 | index_archivos/parametros/agenteSeguro/AgenteSeguroClass.php:438-440 | index_archivos/parametros/gestorTransporte/ajax/enviarCorreo.php:15-24 | index_archivos/parametros/gestorTransporte/formInfo.php:7-15 | AgenteAduanaClass.php:470-472 | AgenteSeguroClass.php:438-440 | GestorTransporteClass.php:439-440 | AgenteAduanaClass.php:318-471 | AgenteSeguroClass.php:291-440 | GestorTransporteClass.php:294-440 | gestorTransporte/ajax/enviarCorreo.php:15-24 | gestorTransporte/formInfo.php:7-15 | GestorTransporteClass.php:147-269 | agenteTrackingClass.php:61-106 | EV-SQL_QUERY-4E468E406BD552 index_archivos/parametros/usuarioFirmante/ajax/codigo-paises.php:5 READS access to dav_paises_codigo_telefonico,1,0,FLOW_SEMANTIC_INFERENCE_REVIEW_REQUIRED
third-party-token-document-onboarding,dav_proveedortipocontactos,dav,REFERENCE_OR_STATE_CATALOG,"Catalogo o parametro que condiciona reglas, permisos o variantes del flujo.",tipo,control de acceso/cliente; transicion o bloqueo por estado; regla documental/carga-descarga; calculo financiero/impositivo; persistencia/atomicidad/concurrencia; notificacion o acceso externo,SQL construido dinamicamente; catalogo/semantica pendiente; seguridad/autorizacion sensible,,Proveedor mercancia | `dav_proveedortipocontactos` | Catalogo de tipos de contacto para proveedor/consignatario.,index_archivos/parametros/agenteAduana/AgenteAduanaClass.php:470-472 | index_archivos/parametros/agenteSeguro/AgenteSeguroClass.php:438-440 | index_archivos/parametros/gestorTransporte/ajax/enviarCorreo.php:15-24 | index_archivos/parametros/gestorTransporte/formInfo.php:7-15 | AgenteAduanaClass.php:470-472 | AgenteSeguroClass.php:438-440 | GestorTransporteClass.php:439-440 | AgenteAduanaClass.php:318-471 | AgenteSeguroClass.php:291-440 | GestorTransporteClass.php:294-440 | gestorTransporte/ajax/enviarCorreo.php:15-24 | gestorTransporte/formInfo.php:7-15 | GestorTransporteClass.php:147-269 | agenteTrackingClass.php:61-106 | EV-SQL_QUERY-F47E5DA24364B6 index_archivos/parametros/consignatario/ProveedorMercancia.php:72 READS access to dav_proveedortipocontactos | EV-SQL_QUERY-00EFD67AF2C45B index_archivos/parametros/consignatario/ProveedorMercancia.php:145 READS access to dav_proveedortipocontactos | EV-SQL_QUERY-61E42CCFD3D62A index_archivos/parametros/proveedormercancia/ProveedorMercancia.php:72 READS access to dav_proveedortipocontactos | EV-SQL_QUERY-7E56C000F9B348 index_archivos/parametros/proveedormercancia/ProveedorMercancia.php:145 READS access to dav_proveedortipocontactos,2,0,FLOW_SEMANTIC_INFERENCE_REVIEW_REQUIRED
third-party-token-document-onboarding,ges_clientegestortransporte,ges,READ_OR_CONTEXT,"Catalogo o parametro que condiciona reglas, permisos o variantes del flujo.",,control de acceso/cliente; transicion o bloqueo por estado; regla documental/carga-descarga; calculo financiero/impositivo; persistencia/atomicidad/concurrencia; notificacion o acceso externo,SQL construido dinamicamente; catalogo/semantica pendiente; seguridad/autorizacion sensible,,"| `ada_clienteagenteaduana`, `ads_clienteagenteseguro`, `ges_clientegestortransporte` | | Gestor transporte | `ges_gestores_transporte`, `ges_clientegestortransporte`, `ges_gestores_contactos`, `ges_gestoresdocumentos`, `ges_tipo_contactos` | Maestro, relacion cliente, contactos, documentos, tipos de contacto y token.",index_archivos/parametros/agenteAduana/AgenteAduanaClass.php:470-472 | index_archivos/parametros/agenteSeguro/AgenteSeguroClass.php:438-440 | index_archivos/parametros/gestorTransporte/ajax/enviarCorreo.php:15-24 | index_archivos/parametros/gestorTransporte/formInfo.php:7-15 | AgenteAduanaClass.php:470-472 | AgenteSeguroClass.php:438-440 | GestorTransporteClass.php:439-440 | AgenteAduanaClass.php:318-471 | AgenteSeguroClass.php:291-440 | GestorTransporteClass.php:294-440 | gestorTransporte/ajax/enviarCorreo.php:15-24 | gestorTransporte/formInfo.php:7-15 | GestorTransporteClass.php:147-269 | agenteTrackingClass.php:61-106 | EV-SQL_QUERY-5FA36FD13616A2 index_archivos/parametros/gestorTransporte/GestorTransporteClass.php:24 READS access to ges_clientegestortransporte | EV-SQL_QUERY-58C60888C97BC2 index_archivos/parametros/gestorTransporte/GestorTransporteClass.php:72 READS access to ges_clientegestortransporte | EV-SQL_QUERY-50E5B8A4209D01 index_archivos/parametros/gestorTransporte/GestorTransporteClass.php:322 WRITES access to ges_clientegestortransporte | EV-SQL_QUERY-9AA52BA012AB2B index_archivos/parametros/gestorTransporte/GestorTransporteClass.php:335 READS access to ges_clientegestortransporte | EV-SQL_QUERY-99658937350287 index_archivos/parametros/gestorTransporte/GestorTransporteClass.php:424 READS access to ges_clientegestortransporte | EV-SQL_QUERY-C7ED888E624838 index_archivos/parametros/gestorTransporte/GestorTransporteClass.php:424 WRITES access to ges_clientegestortransporte,2,1,FLOW_SEMANTIC_INFERENCE_REVIEW_REQUIRED
third-party-token-document-onboarding,ges_gestores_contactos,ges,READ_OR_CONTEXT,"Catalogo o parametro que condiciona reglas, permisos o variantes del flujo.",deleted_at,control de acceso/cliente; transicion o bloqueo por estado; regla documental/carga-descarga; calculo financiero/impositivo; persistencia/atomicidad/concurrencia; notificacion o acceso externo,SQL construido dinamicamente; catalogo/semantica pendiente; seguridad/autorizacion sensible,,"Gestor transporte | `ges_gestores_transporte`, `ges_clientegestortransporte`, `ges_gestores_contactos`, `ges_gestoresdocumentos`, `ges_tipo_contactos` | Maestro, relacion cliente, contactos, documentos, tipos de contacto y token.",index_archivos/parametros/agenteAduana/AgenteAduanaClass.php:470-472 | index_archivos/parametros/agenteSeguro/AgenteSeguroClass.php:438-440 | index_archivos/parametros/gestorTransporte/ajax/enviarCorreo.php:15-24 | index_archivos/parametros/gestorTransporte/formInfo.php:7-15 | AgenteAduanaClass.php:470-472 | AgenteSeguroClass.php:438-440 | GestorTransporteClass.php:439-440 | AgenteAduanaClass.php:318-471 | AgenteSeguroClass.php:291-440 | GestorTransporteClass.php:294-440 | gestorTransporte/ajax/enviarCorreo.php:15-24 | gestorTransporte/formInfo.php:7-15 | GestorTransporteClass.php:147-269 | agenteTrackingClass.php:61-106 | EV-SQL_QUERY-330A474A0C1D06 index_archivos/intercambioDocumental/IntercambioDocumentalClass.php:389 READS access to ges_gestores_contactos | EV-SQL_QUERY-6EFE21A903A9C7 index_archivos/logistica/SolicitudesClass.php:1209 READS access to ges_gestores_contactos | EV-SQL_QUERY-672A09D1426296 index_archivos/parametros/gestorTransporte/GestorTransporteClass.php:186 READS access to ges_gestores_contactos | EV-SQL_QUERY-D2C56EBF8EC47F index_archivos/parametros/gestorTransporte/GestorTransporteClass.php:345 WRITES access to ges_gestores_contactos | EV-SQL_QUERY-D964014C832620 index_archivos/parametros/gestorTransporte/GestorTransporteClass.php:575 WRITES access to ges_gestores_contactos,3,1,FLOW_SEMANTIC_INFERENCE_REVIEW_REQUIRED
third-party-token-document-onboarding,ges_gestores_transporte,ges,READ_OR_CONTEXT,"Catalogo o parametro que condiciona reglas, permisos o variantes del flujo.","cantidadmail, deleted_at, fechamail, token",control de acceso/cliente; transicion o bloqueo por estado; regla documental/carga-descarga; calculo financiero/impositivo; persistencia/atomicidad/concurrencia; notificacion o acceso externo,SQL construido dinamicamente; catalogo/semantica pendiente; seguridad/autorizacion sensible,,"Gestor transporte | `ges_gestores_transporte`, `ges_clientegestortransporte`, `ges_gestores_contactos`, `ges_gestoresdocumentos`, `ges_tipo_contactos` | Maestro, relacion cliente, contactos, documentos, tipos de contacto y token.",index_archivos/parametros/agenteAduana/AgenteAduanaClass.php:470-472 | index_archivos/parametros/agenteSeguro/AgenteSeguroClass.php:438-440 | index_archivos/parametros/gestorTransporte/ajax/enviarCorreo.php:15-24 | index_archivos/parametros/gestorTransporte/formInfo.php:7-15 | AgenteAduanaClass.php:470-472 | AgenteSeguroClass.php:438-440 | GestorTransporteClass.php:439-440 | AgenteAduanaClass.php:318-471 | AgenteSeguroClass.php:291-440 | GestorTransporteClass.php:294-440 | gestorTransporte/ajax/enviarCorreo.php:15-24 | gestorTransporte/formInfo.php:7-15 | GestorTransporteClass.php:147-269 | agenteTrackingClass.php:61-106 | EV-SQL_QUERY-3270F5B55AD2A2 .data_base/asgard.sql:27850 READS access to ges_gestores_transporte | EV-SQL_QUERY-1DCBDAFBB94D5F index_archivos/intercambioDocumental/IntercambioDocumentalClass.php:376 READS access to ges_gestores_transporte | EV-SQL_QUERY-37DFC6E22B8D64 index_archivos/intercambioDocumental/IntercambioDocumentalClass.php:388 READS access to ges_gestores_transporte | EV-SQL_QUERY-55A6A6603A7BB8 index_archivos/logistica/CostosClass.php:223 READS access to ges_gestores_transporte | EV-SQL_QUERY-6B9442CFC9344E index_archivos/logistica/EmbarqueClass.php:271 READS access to ges_gestores_transporte | EV-SQL_QUERY-C8C214223DA3B9 index_archivos/parametros/gestorTransporte/GestorTransporteClass.php:26 READS access to ges_gestores_transporte,5,1,FLOW_SEMANTIC_INFERENCE_REVIEW_REQUIRED
third-party-token-document-onboarding,ges_gestoresdocumentos,ges,READ_OR_CONTEXT,"Catalogo o parametro que condiciona reglas, permisos o variantes del flujo.",deleted_at,control de acceso/cliente; transicion o bloqueo por estado; regla documental/carga-descarga; calculo financiero/impositivo; persistencia/atomicidad/concurrencia; notificacion o acceso externo,SQL construido dinamicamente; catalogo/semantica pendiente; seguridad/autorizacion sensible,,"Gestor transporte | `ges_gestores_transporte`, `ges_clientegestortransporte`, `ges_gestores_contactos`, `ges_gestoresdocumentos`, `ges_tipo_contactos` | Maestro, relacion cliente, contactos, documentos, tipos de contacto y token.",index_archivos/parametros/agenteAduana/AgenteAduanaClass.php:470-472 | index_archivos/parametros/agenteSeguro/AgenteSeguroClass.php:438-440 | index_archivos/parametros/gestorTransporte/ajax/enviarCorreo.php:15-24 | index_archivos/parametros/gestorTransporte/formInfo.php:7-15 | AgenteAduanaClass.php:470-472 | AgenteSeguroClass.php:438-440 | GestorTransporteClass.php:439-440 | AgenteAduanaClass.php:318-471 | AgenteSeguroClass.php:291-440 | GestorTransporteClass.php:294-440 | gestorTransporte/ajax/enviarCorreo.php:15-24 | gestorTransporte/formInfo.php:7-15 | GestorTransporteClass.php:147-269 | agenteTrackingClass.php:61-106 | EV-SQL_QUERY-0F80F9995CB9B9 index_archivos/parametros/gestorTransporte/GestorTransporteClass.php:232 READS access to ges_gestoresdocumentos | EV-SQL_QUERY-E79427772818AB index_archivos/parametros/gestorTransporte/GestorTransporteClass.php:256 READS access to ges_gestoresdocumentos | EV-SQL_QUERY-3AE6F5B9832996 index_archivos/parametros/gestorTransporte/GestorTransporteClass.php:278 READS access to ges_gestoresdocumentos | EV-SQL_QUERY-200436AC0E9116 index_archivos/parametros/gestorTransporte/GestorTransporteClass.php:361 WRITES access to ges_gestoresdocumentos | EV-SQL_QUERY-D7684891F1165E index_archivos/parametros/gestorTransporte/GestorTransporteClass.php:404 WRITES access to ges_gestoresdocumentos | EV-SQL_QUERY-D0E9635E408F23 index_archivos/parametros/gestorTransporte/GestorTransporteClass.php:540 WRITES access to ges_gestoresdocumentos,1,1,FLOW_SEMANTIC_INFERENCE_REVIEW_REQUIRED
third-party-token-document-onboarding,ges_tipo_contactos,ges,REFERENCE_OR_STATE_CATALOG,"Catalogo o parametro que condiciona reglas, permisos o variantes del flujo.",deleted_at,control de acceso/cliente; transicion o bloqueo por estado; regla documental/carga-descarga; calculo financiero/impositivo; persistencia/atomicidad/concurrencia; notificacion o acceso externo,SQL construido dinamicamente; catalogo/semantica pendiente; seguridad/autorizacion sensible,,"Gestor transporte | `ges_gestores_transporte`, `ges_clientegestortransporte`, `ges_gestores_contactos`, `ges_gestoresdocumentos`, `ges_tipo_contactos` | Maestro, relacion cliente, contactos, documentos, tipos de contacto y token.",index_archivos/parametros/agenteAduana/AgenteAduanaClass.php:470-472 | index_archivos/parametros/agenteSeguro/AgenteSeguroClass.php:438-440 | index_archivos/parametros/gestorTransporte/ajax/enviarCorreo.php:15-24 | index_archivos/parametros/gestorTransporte/formInfo.php:7-15 | AgenteAduanaClass.php:470-472 | AgenteSeguroClass.php:438-440 | GestorTransporteClass.php:439-440 | AgenteAduanaClass.php:318-471 | AgenteSeguroClass.php:291-440 | GestorTransporteClass.php:294-440 | gestorTransporte/ajax/enviarCorreo.php:15-24 | gestorTransporte/formInfo.php:7-15 | GestorTransporteClass.php:147-269 | agenteTrackingClass.php:61-106 | EV-SQL_QUERY-99293A924922E3 index_archivos/parametros/gestorTransporte/GestorTransporteClass.php:187 READS access to ges_tipo_contactos | EV-SQL_QUERY-E4CF97A1FCA754 index_archivos/parametros/gestorTransporte/GestorTransporteClass.php:200 READS access to ges_tipo_contactos,1,0,FLOW_SEMANTIC_INFERENCE_REVIEW_REQUIRED
third-party-token-document-onboarding,logis_tipodocumento,logis,REFERENCE_OR_STATE_CATALOG,"Catalogo o parametro que condiciona reglas, permisos o variantes del flujo.",tipo,control de acceso/cliente; transicion o bloqueo por estado; regla documental/carga-descarga; calculo financiero/impositivo; persistencia/atomicidad/concurrencia; notificacion o acceso externo,SQL construido dinamicamente; catalogo/semantica pendiente; seguridad/autorizacion sensible,,"Catalogos | `logis_tipodocumento`, `dav_paises_codigo_telefonico`, tipos de contacto, paises | Clasificacion de documentos/contactos, codigos telefonicos y datos base.",index_archivos/parametros/agenteAduana/AgenteAduanaClass.php:470-472 | index_archivos/parametros/agenteSeguro/AgenteSeguroClass.php:438-440 | index_archivos/parametros/gestorTransporte/ajax/enviarCorreo.php:15-24 | index_archivos/parametros/gestorTransporte/formInfo.php:7-15 | AgenteAduanaClass.php:470-472 | AgenteSeguroClass.php:438-440 | GestorTransporteClass.php:439-440 | AgenteAduanaClass.php:318-471 | AgenteSeguroClass.php:291-440 | GestorTransporteClass.php:294-440 | gestorTransporte/ajax/enviarCorreo.php:15-24 | gestorTransporte/formInfo.php:7-15 | GestorTransporteClass.php:147-269 | agenteTrackingClass.php:61-106 | EV-SQL_QUERY-145A6C65156C53 index_archivos/parametros/agenteAduana/AgenteAduanaClass.php:213 READS access to logis_tipodocumento | EV-SQL_QUERY-E9075D3E6138B9 index_archivos/parametros/agenteAduana/AgenteAduanaClass.php:234 READS access to logis_tipodocumento | EV-SQL_QUERY-97455B54098A24 index_archivos/parametros/agenteAduana/AgenteAduanaClass.php:258 READS access to logis_tipodocumento | EV-SQL_QUERY-9750F555760A72 index_archivos/parametros/agenteAduana/AgenteAduanaClass.php:281 READS access to logis_tipodocumento | EV-SQL_QUERY-1B87A4159448CC index_archivos/parametros/agenteSeguro/AgenteSeguroClass.php:208 READS access to logis_tipodocumento | EV-SQL_QUERY-9601DE784ACC73 index_archivos/parametros/agenteSeguro/AgenteSeguroClass.php:229 READS access to logis_tipodocumento,4,0,FLOW_SEMANTIC_INFERENCE_REVIEW_REQUIRED
transport-export-tracking,dav_casos,dav,REPORTING_READ_MODEL,Modelo de lectura o fuente de reporteria del flujo.,"anulado, pedido, prioridad, tipocambio",control de acceso/cliente; transicion o bloqueo por estado; regla documental/carga-descarga; calculo financiero/impositivo; persistencia/atomicidad/concurrencia,,,"`dav_facturacomercial`, `dav_casos`, `dav_partidas` | Base de reportes fiscales, gastos, DEX, factura, partida, peso y valor.",index_archivos/tracking/listaviajes.php:1-170 | index_archivos/tracking/ReporteViajesClass.php:4-210 | index_archivos/operativos/exportaciones/ExportacionesClass.php:1-360 | index_archivos/operativos/exportaciones/ajax/RecepcionFisicaMICs.php:1-170 | index_archivos/operativos/exportaciones/ajax/ActualizarMICs.php:1-120 | index_archivos/operativos/exportaciones/ajax/uploadDatosSCP.php:1-120 | ReporteViajesClass.php:4-210 | listaviajes.php:1-170 | RecepcionFisicaMICs.php:1-170 | ActualizarMICs.php:1-120 | uploadDatosSCP.php:1-120 | ExportacionesClass.php:1-360 | ReporteViajesClass.php:29-67 | listaviajes.php:5-7 | listaviajes.php:70-104 | ReporteViajesClass.php:54-56 | .data_base/asgard.sql:39556-39564 | ReporteViajesClass.php:69-99 | ReporteViajesClass.php:140-190 | ReporteViajesClass.php:192-207,23,3,FLOW_SEMANTIC_INFERENCE_REVIEW_REQUIRED
transport-export-tracking,dav_clientefacturaanulada,dav,REPORTING_READ_MODEL,Modelo de lectura o fuente de reporteria del flujo.,"facturacomercial, fecha",control de acceso/cliente; transicion o bloqueo por estado; regla documental/carga-descarga; calculo financiero/impositivo; persistencia/atomicidad/concurrencia,,,`dav_clientefacturaanulada` | Facturas anuladas incluidas en reportes de exportacion.,index_archivos/tracking/listaviajes.php:1-170 | index_archivos/tracking/ReporteViajesClass.php:4-210 | index_archivos/operativos/exportaciones/ExportacionesClass.php:1-360 | index_archivos/operativos/exportaciones/ajax/RecepcionFisicaMICs.php:1-170 | index_archivos/operativos/exportaciones/ajax/ActualizarMICs.php:1-120 | index_archivos/operativos/exportaciones/ajax/uploadDatosSCP.php:1-120 | ReporteViajesClass.php:4-210 | listaviajes.php:1-170 | RecepcionFisicaMICs.php:1-170 | ActualizarMICs.php:1-120 | uploadDatosSCP.php:1-120 | ExportacionesClass.php:1-360 | ReporteViajesClass.php:29-67 | listaviajes.php:5-7 | listaviajes.php:70-104 | ReporteViajesClass.php:54-56 | .data_base/asgard.sql:39556-39564 | ReporteViajesClass.php:69-99 | ReporteViajesClass.php:140-190 | ReporteViajesClass.php:192-207,2,0,FLOW_SEMANTIC_INFERENCE_REVIEW_REQUIRED
transport-export-tracking,dav_clientegastosdespacho2,dav,REPORTING_READ_MODEL,"Catalogo o parametro que condiciona reglas, permisos o variantes del flujo.","condicion, desde, hasta",control de acceso/cliente; transicion o bloqueo por estado; regla documental/carga-descarga; calculo financiero/impositivo; persistencia/atomicidad/concurrencia,,,`dav_clientegastosdespacho2` | Parametros de gastos de despacho usados en reportes/control de gastos de exportacion.,index_archivos/tracking/listaviajes.php:1-170 | index_archivos/tracking/ReporteViajesClass.php:4-210 | index_archivos/operativos/exportaciones/ExportacionesClass.php:1-360 | index_archivos/operativos/exportaciones/ajax/RecepcionFisicaMICs.php:1-170 | index_archivos/operativos/exportaciones/ajax/ActualizarMICs.php:1-120 | index_archivos/operativos/exportaciones/ajax/uploadDatosSCP.php:1-120 | ReporteViajesClass.php:4-210 | listaviajes.php:1-170 | RecepcionFisicaMICs.php:1-170 | ActualizarMICs.php:1-120 | uploadDatosSCP.php:1-120 | ExportacionesClass.php:1-360 | ReporteViajesClass.php:29-67 | listaviajes.php:5-7 | listaviajes.php:70-104 | ReporteViajesClass.php:54-56 | .data_base/asgard.sql:39556-39564 | ReporteViajesClass.php:69-99 | ReporteViajesClass.php:140-190 | ReporteViajesClass.php:192-207,2,0,FLOW_SEMANTIC_INFERENCE_REVIEW_REQUIRED
transport-export-tracking,dav_facturacomercial,dav,REPORTING_READ_MODEL,Modelo de lectura o fuente de reporteria del flujo.,,control de acceso/cliente; transicion o bloqueo por estado; regla documental/carga-descarga; calculo financiero/impositivo; persistencia/atomicidad/concurrencia,,,"`dav_facturacomercial`, `dav_casos`, `dav_partidas` | Base de reportes fiscales, gastos, DEX, factura, partida, peso y valor.",index_archivos/tracking/listaviajes.php:1-170 | index_archivos/tracking/ReporteViajesClass.php:4-210 | index_archivos/operativos/exportaciones/ExportacionesClass.php:1-360 | index_archivos/operativos/exportaciones/ajax/RecepcionFisicaMICs.php:1-170 | index_archivos/operativos/exportaciones/ajax/ActualizarMICs.php:1-120 | index_archivos/operativos/exportaciones/ajax/uploadDatosSCP.php:1-120 | ReporteViajesClass.php:4-210 | listaviajes.php:1-170 | RecepcionFisicaMICs.php:1-170 | ActualizarMICs.php:1-120 | uploadDatosSCP.php:1-120 | ExportacionesClass.php:1-360 | ReporteViajesClass.php:29-67 | listaviajes.php:5-7 | listaviajes.php:70-104 | ReporteViajesClass.php:54-56 | .data_base/asgard.sql:39556-39564 | ReporteViajesClass.php:69-99 | ReporteViajesClass.php:140-190 | ReporteViajesClass.php:192-207,11,0,FLOW_SEMANTIC_INFERENCE_REVIEW_REQUIRED
transport-export-tracking,dav_partidas,dav,REPORTING_READ_MODEL,Modelo de lectura o fuente de reporteria del flujo.,"gas, ice, material, pedido, posicion, reportado, unidad",control de acceso/cliente; transicion o bloqueo por estado; regla documental/carga-descarga; calculo financiero/impositivo; persistencia/atomicidad/concurrencia,,,"`dav_facturacomercial`, `dav_casos`, `dav_partidas` | Base de reportes fiscales, gastos, DEX, factura, partida, peso y valor.",index_archivos/tracking/listaviajes.php:1-170 | index_archivos/tracking/ReporteViajesClass.php:4-210 | index_archivos/operativos/exportaciones/ExportacionesClass.php:1-360 | index_archivos/operativos/exportaciones/ajax/RecepcionFisicaMICs.php:1-170 | index_archivos/operativos/exportaciones/ajax/ActualizarMICs.php:1-120 | index_archivos/operativos/exportaciones/ajax/uploadDatosSCP.php:1-120 | ReporteViajesClass.php:4-210 | listaviajes.php:1-170 | RecepcionFisicaMICs.php:1-170 | ActualizarMICs.php:1-120 | uploadDatosSCP.php:1-120 | ExportacionesClass.php:1-360 | ReporteViajesClass.php:29-67 | listaviajes.php:5-7 | listaviajes.php:70-104 | ReporteViajesClass.php:54-56 | .data_base/asgard.sql:39556-39564 | ReporteViajesClass.php:69-99 | ReporteViajesClass.php:140-190 | ReporteViajesClass.php:192-207,13,0,FLOW_SEMANTIC_INFERENCE_REVIEW_REQUIRED
transport-export-tracking,dav_reporte_transportistas_iasa,dav,REPORTING_READ_MODEL,Modelo de lectura o fuente de reporteria del flujo.,"cantidad, descripcion, empresa, fecha, ruta",control de acceso/cliente; transicion o bloqueo por estado; regla documental/carga-descarga; calculo financiero/impositivo; persistencia/atomicidad/concurrencia,,,"- El reporte comparativo IASA filtra por embarque, factura de transporte, pedido y empresa de transporte sobre `dav_reporte_transportistas_iasa`.",index_archivos/tracking/listaviajes.php:1-170 | index_archivos/tracking/ReporteViajesClass.php:4-210 | index_archivos/operativos/exportaciones/ExportacionesClass.php:1-360 | index_archivos/operativos/exportaciones/ajax/RecepcionFisicaMICs.php:1-170 | index_archivos/operativos/exportaciones/ajax/ActualizarMICs.php:1-120 | index_archivos/operativos/exportaciones/ajax/uploadDatosSCP.php:1-120 | ReporteViajesClass.php:4-210 | listaviajes.php:1-170 | RecepcionFisicaMICs.php:1-170 | ActualizarMICs.php:1-120 | uploadDatosSCP.php:1-120 | ExportacionesClass.php:1-360 | ReporteViajesClass.php:29-67 | listaviajes.php:5-7 | listaviajes.php:70-104 | ReporteViajesClass.php:54-56 | .data_base/asgard.sql:39556-39564 | ReporteViajesClass.php:69-99 | ReporteViajesClass.php:140-190 | ReporteViajesClass.php:192-207,1,1,FLOW_SEMANTIC_INFERENCE_REVIEW_REQUIRED
transport-export-tracking,dav_tipocambio,dav,REFERENCE_OR_STATE_CATALOG,"Catalogo o parametro que condiciona reglas, permisos o variantes del flujo.","fecha, tipocambio",control de acceso/cliente; transicion o bloqueo por estado; regla documental/carga-descarga; calculo financiero/impositivo; persistencia/atomicidad/concurrencia,,,TET-BR-012 | Los importes en reportes de exportacion usan tipo de cambio vigente desde `dav_tipocambio`. | `dav_tipocambio` | Tipo de cambio para convertir importes.,index_archivos/tracking/listaviajes.php:1-170 | index_archivos/tracking/ReporteViajesClass.php:4-210 | index_archivos/operativos/exportaciones/ExportacionesClass.php:1-360 | index_archivos/operativos/exportaciones/ajax/RecepcionFisicaMICs.php:1-170 | index_archivos/operativos/exportaciones/ajax/ActualizarMICs.php:1-120 | index_archivos/operativos/exportaciones/ajax/uploadDatosSCP.php:1-120 | ReporteViajesClass.php:4-210 | listaviajes.php:1-170 | RecepcionFisicaMICs.php:1-170 | ActualizarMICs.php:1-120 | uploadDatosSCP.php:1-120 | ExportacionesClass.php:1-360 | ReporteViajesClass.php:29-67 | listaviajes.php:5-7 | listaviajes.php:70-104 | ReporteViajesClass.php:54-56 | .data_base/asgard.sql:39556-39564 | ReporteViajesClass.php:69-99 | ReporteViajesClass.php:140-190 | ReporteViajesClass.php:192-207,1,0,FLOW_SEMANTIC_INFERENCE_REVIEW_REQUIRED
transport-export-tracking,dex_suma,transversal,REPORTING_READ_MODEL,"Entidad documental o soporte usado para validar, adjuntar, generar o descargar evidencias.","fecha_concluido, fecha_enviado, fecha_recibido",control de acceso/cliente; transicion o bloqueo por estado; regla documental/carga-descarga; calculo financiero/impositivo; persistencia/atomicidad/concurrencia,,,"`dex_suma` | Documento MIC/DEX con factura, manifiesto, transporte, placa, fechas y estado calculado. | `dex_suma_estado_historial` | Historial de cambios de estado MIC/DEX.",index_archivos/tracking/listaviajes.php:1-170 | index_archivos/tracking/ReporteViajesClass.php:4-210 | index_archivos/operativos/exportaciones/ExportacionesClass.php:1-360 | index_archivos/operativos/exportaciones/ajax/RecepcionFisicaMICs.php:1-170 | index_archivos/operativos/exportaciones/ajax/ActualizarMICs.php:1-120 | index_archivos/operativos/exportaciones/ajax/uploadDatosSCP.php:1-120 | ReporteViajesClass.php:4-210 | listaviajes.php:1-170 | RecepcionFisicaMICs.php:1-170 | ActualizarMICs.php:1-120 | uploadDatosSCP.php:1-120 | ExportacionesClass.php:1-360 | ReporteViajesClass.php:29-67 | listaviajes.php:5-7 | listaviajes.php:70-104 | ReporteViajesClass.php:54-56 | .data_base/asgard.sql:39556-39564 | ReporteViajesClass.php:69-99 | ReporteViajesClass.php:140-190 | ReporteViajesClass.php:192-207,4,1,FLOW_SEMANTIC_INFERENCE_REVIEW_REQUIRED
transport-export-tracking,dex_suma_estado_historial,transversal,REFERENCE_OR_STATE_CATALOG,Entidad de contexto usada por el flujo para consultar o relacionar informacion de negocio.,"estado, fecha",control de acceso/cliente; transicion o bloqueo por estado; regla documental/carga-descarga; calculo financiero/impositivo; persistencia/atomicidad/concurrencia,,,`dex_suma_estado_historial` | Historial de cambios de estado MIC/DEX.,index_archivos/tracking/listaviajes.php:1-170 | index_archivos/tracking/ReporteViajesClass.php:4-210 | index_archivos/operativos/exportaciones/ExportacionesClass.php:1-360 | index_archivos/operativos/exportaciones/ajax/RecepcionFisicaMICs.php:1-170 | index_archivos/operativos/exportaciones/ajax/ActualizarMICs.php:1-120 | index_archivos/operativos/exportaciones/ajax/uploadDatosSCP.php:1-120 | ReporteViajesClass.php:4-210 | listaviajes.php:1-170 | RecepcionFisicaMICs.php:1-170 | ActualizarMICs.php:1-120 | uploadDatosSCP.php:1-120 | ExportacionesClass.php:1-360 | ReporteViajesClass.php:29-67 | listaviajes.php:5-7 | listaviajes.php:70-104 | ReporteViajesClass.php:54-56 | .data_base/asgard.sql:39556-39564 | ReporteViajesClass.php:69-99 | ReporteViajesClass.php:140-190 | ReporteViajesClass.php:192-207,1,0,FLOW_SEMANTIC_INFERENCE_REVIEW_REQUIRED
transport-export-tracking,logis_costos,logis,REPORTING_READ_MODEL,Entidad de contexto usada por el flujo para consultar o relacionar informacion de negocio.,,control de acceso/cliente; transicion o bloqueo por estado; regla documental/carga-descarga; calculo financiero/impositivo; persistencia/atomicidad/concurrencia,,,"`logis_costos`, `logis_costos_detalle` | Costos logisticos usados en control de gastos.",index_archivos/tracking/listaviajes.php:1-170 | index_archivos/tracking/ReporteViajesClass.php:4-210 | index_archivos/operativos/exportaciones/ExportacionesClass.php:1-360 | index_archivos/operativos/exportaciones/ajax/RecepcionFisicaMICs.php:1-170 | index_archivos/operativos/exportaciones/ajax/ActualizarMICs.php:1-120 | index_archivos/operativos/exportaciones/ajax/uploadDatosSCP.php:1-120 | ReporteViajesClass.php:4-210 | listaviajes.php:1-170 | RecepcionFisicaMICs.php:1-170 | ActualizarMICs.php:1-120 | uploadDatosSCP.php:1-120 | ExportacionesClass.php:1-360 | ReporteViajesClass.php:29-67 | listaviajes.php:5-7 | listaviajes.php:70-104 | ReporteViajesClass.php:54-56 | .data_base/asgard.sql:39556-39564 | ReporteViajesClass.php:69-99 | ReporteViajesClass.php:140-190 | ReporteViajesClass.php:192-207,3,1,FLOW_SEMANTIC_INFERENCE_REVIEW_REQUIRED
transport-export-tracking,logis_costos_detalle,logis,REPORTING_READ_MODEL,Entidad de contexto usada por el flujo para consultar o relacionar informacion de negocio.,,control de acceso/cliente; transicion o bloqueo por estado; regla documental/carga-descarga; calculo financiero/impositivo; persistencia/atomicidad/concurrencia,,,"`logis_costos`, `logis_costos_detalle` | Costos logisticos usados en control de gastos.",index_archivos/tracking/listaviajes.php:1-170 | index_archivos/tracking/ReporteViajesClass.php:4-210 | index_archivos/operativos/exportaciones/ExportacionesClass.php:1-360 | index_archivos/operativos/exportaciones/ajax/RecepcionFisicaMICs.php:1-170 | index_archivos/operativos/exportaciones/ajax/ActualizarMICs.php:1-120 | index_archivos/operativos/exportaciones/ajax/uploadDatosSCP.php:1-120 | ReporteViajesClass.php:4-210 | listaviajes.php:1-170 | RecepcionFisicaMICs.php:1-170 | ActualizarMICs.php:1-120 | uploadDatosSCP.php:1-120 | ExportacionesClass.php:1-360 | ReporteViajesClass.php:29-67 | listaviajes.php:5-7 | listaviajes.php:70-104 | ReporteViajesClass.php:54-56 | .data_base/asgard.sql:39556-39564 | ReporteViajesClass.php:69-99 | ReporteViajesClass.php:140-190 | ReporteViajesClass.php:192-207,3,1,FLOW_SEMANTIC_INFERENCE_REVIEW_REQUIRED
transport-export-tracking,logis_embarques,logis,REPORTING_READ_MODEL,Modelo de lectura o fuente de reporteria del flujo.,"contrato, exportacion, facturacomercial, nombre, observacion, prioridad, todos",control de acceso/cliente; transicion o bloqueo por estado; regla documental/carga-descarga; calculo financiero/impositivo; persistencia/atomicidad/concurrencia,,,TET-BR-001 | La consulta de viajes se limita al cliente de sesion mediante relacion con `logis_embarques`. | `logis_embarques` | Embarque relacionado al viaje y fuente de cliente/proveedor/descripcion.,index_archivos/tracking/listaviajes.php:1-170 | index_archivos/tracking/ReporteViajesClass.php:4-210 | index_archivos/operativos/exportaciones/ExportacionesClass.php:1-360 | index_archivos/operativos/exportaciones/ajax/RecepcionFisicaMICs.php:1-170 | index_archivos/operativos/exportaciones/ajax/ActualizarMICs.php:1-120 | index_archivos/operativos/exportaciones/ajax/uploadDatosSCP.php:1-120 | ReporteViajesClass.php:4-210 | listaviajes.php:1-170 | RecepcionFisicaMICs.php:1-170 | ActualizarMICs.php:1-120 | uploadDatosSCP.php:1-120 | ExportacionesClass.php:1-360 | ReporteViajesClass.php:29-67 | listaviajes.php:5-7 | listaviajes.php:70-104 | ReporteViajesClass.php:54-56 | .data_base/asgard.sql:39556-39564 | ReporteViajesClass.php:69-99 | ReporteViajesClass.php:140-190 | ReporteViajesClass.php:192-207,25,3,FLOW_SEMANTIC_INFERENCE_REVIEW_REQUIRED
transport-export-tracking,tck_asignacion_viaje,tck,REPORTING_READ_MODEL,"Catalogo o parametro que condiciona reglas, permisos o variantes del flujo.","alcance, estado, modalidad, referencia",control de acceso/cliente; transicion o bloqueo por estado; regla documental/carga-descarga; calculo financiero/impositivo; persistencia/atomicidad/concurrencia,,,"`tck_asignacion_viaje` | Viaje asignado: embarque, operador, orden, referencia, alcance, modalidad, tipo y estado. | Asignado | `tck_asignacion_viaje.estado` nulo.",index_archivos/tracking/listaviajes.php:1-170 | index_archivos/tracking/ReporteViajesClass.php:4-210 | index_archivos/operativos/exportaciones/ExportacionesClass.php:1-360 | index_archivos/operativos/exportaciones/ajax/RecepcionFisicaMICs.php:1-170 | index_archivos/operativos/exportaciones/ajax/ActualizarMICs.php:1-120 | index_archivos/operativos/exportaciones/ajax/uploadDatosSCP.php:1-120 | ReporteViajesClass.php:4-210 | listaviajes.php:1-170 | RecepcionFisicaMICs.php:1-170 | ActualizarMICs.php:1-120 | uploadDatosSCP.php:1-120 | ExportacionesClass.php:1-360 | ReporteViajesClass.php:29-67 | listaviajes.php:5-7 | listaviajes.php:70-104 | ReporteViajesClass.php:54-56 | .data_base/asgard.sql:39556-39564 | ReporteViajesClass.php:69-99 | ReporteViajesClass.php:140-190 | ReporteViajesClass.php:192-207,6,2,FLOW_SEMANTIC_INFERENCE_REVIEW_REQUIRED
transport-export-tracking,tck_empresa_transporte,tck,REPORTING_READ_MODEL,Entidad de contexto usada por el flujo para consultar o relacionar informacion de negocio.,"nombre, placa",control de acceso/cliente; transicion o bloqueo por estado; regla documental/carga-descarga; calculo financiero/impositivo; persistencia/atomicidad/concurrencia,,,"`tck_empresa_transporte` | Empresa, placa, unidad y datos de transporte del viaje.",index_archivos/tracking/listaviajes.php:1-170 | index_archivos/tracking/ReporteViajesClass.php:4-210 | index_archivos/operativos/exportaciones/ExportacionesClass.php:1-360 | index_archivos/operativos/exportaciones/ajax/RecepcionFisicaMICs.php:1-170 | index_archivos/operativos/exportaciones/ajax/ActualizarMICs.php:1-120 | index_archivos/operativos/exportaciones/ajax/uploadDatosSCP.php:1-120 | ReporteViajesClass.php:4-210 | listaviajes.php:1-170 | RecepcionFisicaMICs.php:1-170 | ActualizarMICs.php:1-120 | uploadDatosSCP.php:1-120 | ExportacionesClass.php:1-360 | ReporteViajesClass.php:29-67 | listaviajes.php:5-7 | listaviajes.php:70-104 | ReporteViajesClass.php:54-56 | .data_base/asgard.sql:39556-39564 | ReporteViajesClass.php:69-99 | ReporteViajesClass.php:140-190 | ReporteViajesClass.php:192-207,5,1,FLOW_SEMANTIC_INFERENCE_REVIEW_REQUIRED
transport-export-tracking,tck_eventos,tck,REPORTING_READ_MODEL,Entidad de contexto usada por el flujo para consultar o relacionar informacion de negocio.,"descripcion, evento, local, orden",control de acceso/cliente; transicion o bloqueo por estado; regla documental/carga-descarga; calculo financiero/impositivo; persistencia/atomicidad/concurrencia,,,"`tck_registrareventos` / `tck_eventos` | Eventos de viaje, aceptacion, finalizacion y eventos por posicion.",index_archivos/tracking/listaviajes.php:1-170 | index_archivos/tracking/ReporteViajesClass.php:4-210 | index_archivos/operativos/exportaciones/ExportacionesClass.php:1-360 | index_archivos/operativos/exportaciones/ajax/RecepcionFisicaMICs.php:1-170 | index_archivos/operativos/exportaciones/ajax/ActualizarMICs.php:1-120 | index_archivos/operativos/exportaciones/ajax/uploadDatosSCP.php:1-120 | ReporteViajesClass.php:4-210 | listaviajes.php:1-170 | RecepcionFisicaMICs.php:1-170 | ActualizarMICs.php:1-120 | uploadDatosSCP.php:1-120 | ExportacionesClass.php:1-360 | ReporteViajesClass.php:29-67 | listaviajes.php:5-7 | listaviajes.php:70-104 | ReporteViajesClass.php:54-56 | .data_base/asgard.sql:39556-39564 | ReporteViajesClass.php:69-99 | ReporteViajesClass.php:140-190 | ReporteViajesClass.php:192-207,5,0,FLOW_SEMANTIC_INFERENCE_REVIEW_REQUIRED
transport-export-tracking,tck_localizaciones,tck,REPORTING_READ_MODEL,Entidad de contexto usada por el flujo para consultar o relacionar informacion de negocio.,"ciudad, contacto, direccion, estado, observaciones, orden, pais, tipo",control de acceso/cliente; transicion o bloqueo por estado; regla documental/carga-descarga; calculo financiero/impositivo; persistencia/atomicidad/concurrencia,,,"`tck_localizaciones` | Origenes/destinos, contacto, direccion y observaciones.",index_archivos/tracking/listaviajes.php:1-170 | index_archivos/tracking/ReporteViajesClass.php:4-210 | index_archivos/operativos/exportaciones/ExportacionesClass.php:1-360 | index_archivos/operativos/exportaciones/ajax/RecepcionFisicaMICs.php:1-170 | index_archivos/operativos/exportaciones/ajax/ActualizarMICs.php:1-120 | index_archivos/operativos/exportaciones/ajax/uploadDatosSCP.php:1-120 | ReporteViajesClass.php:4-210 | listaviajes.php:1-170 | RecepcionFisicaMICs.php:1-170 | ActualizarMICs.php:1-120 | uploadDatosSCP.php:1-120 | ExportacionesClass.php:1-360 | ReporteViajesClass.php:29-67 | listaviajes.php:5-7 | listaviajes.php:70-104 | ReporteViajesClass.php:54-56 | .data_base/asgard.sql:39556-39564 | ReporteViajesClass.php:69-99 | ReporteViajesClass.php:140-190 | ReporteViajesClass.php:192-207,4,1,FLOW_SEMANTIC_INFERENCE_REVIEW_REQUIRED
transport-export-tracking,tck_registrareventos,tck,REPORTING_READ_MODEL,Entidad de contexto usada por el flujo para consultar o relacionar informacion de negocio.,observaciones,control de acceso/cliente; transicion o bloqueo por estado; regla documental/carga-descarga; calculo financiero/impositivo; persistencia/atomicidad/concurrencia,,,"`tck_registrareventos` / `tck_eventos` | Eventos de viaje, aceptacion, finalizacion y eventos por posicion.",index_archivos/tracking/listaviajes.php:1-170 | index_archivos/tracking/ReporteViajesClass.php:4-210 | index_archivos/operativos/exportaciones/ExportacionesClass.php:1-360 | index_archivos/operativos/exportaciones/ajax/RecepcionFisicaMICs.php:1-170 | index_archivos/operativos/exportaciones/ajax/ActualizarMICs.php:1-120 | index_archivos/operativos/exportaciones/ajax/uploadDatosSCP.php:1-120 | ReporteViajesClass.php:4-210 | listaviajes.php:1-170 | RecepcionFisicaMICs.php:1-170 | ActualizarMICs.php:1-120 | uploadDatosSCP.php:1-120 | ExportacionesClass.php:1-360 | ReporteViajesClass.php:29-67 | listaviajes.php:5-7 | listaviajes.php:70-104 | ReporteViajesClass.php:54-56 | .data_base/asgard.sql:39556-39564 | ReporteViajesClass.php:69-99 | ReporteViajesClass.php:140-190 | ReporteViajesClass.php:192-207,5,0,FLOW_SEMANTIC_INFERENCE_REVIEW_REQUIRED
transport-export-tracking,tck_registrarincidentes,tck,REPORTING_READ_MODEL,Entidad de contexto usada por el flujo para consultar o relacionar informacion de negocio.,incidente,control de acceso/cliente; transicion o bloqueo por estado; regla documental/carga-descarga; calculo financiero/impositivo; persistencia/atomicidad/concurrencia,,,`tck_registrarincidentes` | Incidentes reportados por viaje.,index_archivos/tracking/listaviajes.php:1-170 | index_archivos/tracking/ReporteViajesClass.php:4-210 | index_archivos/operativos/exportaciones/ExportacionesClass.php:1-360 | index_archivos/operativos/exportaciones/ajax/RecepcionFisicaMICs.php:1-170 | index_archivos/operativos/exportaciones/ajax/ActualizarMICs.php:1-120 | index_archivos/operativos/exportaciones/ajax/uploadDatosSCP.php:1-120 | ReporteViajesClass.php:4-210 | listaviajes.php:1-170 | RecepcionFisicaMICs.php:1-170 | ActualizarMICs.php:1-120 | uploadDatosSCP.php:1-120 | ExportacionesClass.php:1-360 | ReporteViajesClass.php:29-67 | listaviajes.php:5-7 | listaviajes.php:70-104 | ReporteViajesClass.php:54-56 | .data_base/asgard.sql:39556-39564 | ReporteViajesClass.php:69-99 | ReporteViajesClass.php:140-190 | ReporteViajesClass.php:192-207,5,0,FLOW_SEMANTIC_INFERENCE_REVIEW_REQUIRED
transport-export-tracking,tck_trackeo,tck,REPORTING_READ_MODEL,Entidad de contexto usada por el flujo para consultar o relacionar informacion de negocio.,,control de acceso/cliente; transicion o bloqueo por estado; regla documental/carga-descarga; calculo financiero/impositivo; persistencia/atomicidad/concurrencia,,,TET-BR-005 | La ultima posicion del viaje se obtiene desde `tck_trackeo` ordenado descendente. | `tck_trackeo` | Ultimo track de posicion del viaje.,index_archivos/tracking/listaviajes.php:1-170 | index_archivos/tracking/ReporteViajesClass.php:4-210 | index_archivos/operativos/exportaciones/ExportacionesClass.php:1-360 | index_archivos/operativos/exportaciones/ajax/RecepcionFisicaMICs.php:1-170 | index_archivos/operativos/exportaciones/ajax/ActualizarMICs.php:1-120 | index_archivos/operativos/exportaciones/ajax/uploadDatosSCP.php:1-120 | ReporteViajesClass.php:4-210 | listaviajes.php:1-170 | RecepcionFisicaMICs.php:1-170 | ActualizarMICs.php:1-120 | uploadDatosSCP.php:1-120 | ExportacionesClass.php:1-360 | ReporteViajesClass.php:29-67 | listaviajes.php:5-7 | listaviajes.php:70-104 | ReporteViajesClass.php:54-56 | .data_base/asgard.sql:39556-39564 | ReporteViajesClass.php:69-99 | ReporteViajesClass.php:140-190 | ReporteViajesClass.php:192-207,3,0,FLOW_SEMANTIC_INFERENCE_REVIEW_REQUIRED
transport-export-tracking,tck_transportista,tck,REPORTING_READ_MODEL,Entidad de contexto usada por el flujo para consultar o relacionar informacion de negocio.,nombre,control de acceso/cliente; transicion o bloqueo por estado; regla documental/carga-descarga; calculo financiero/impositivo; persistencia/atomicidad/concurrencia,,,"`tck_transportista` | Chofer titular/relevo, licencia y contacto.",index_archivos/tracking/listaviajes.php:1-170 | index_archivos/tracking/ReporteViajesClass.php:4-210 | index_archivos/operativos/exportaciones/ExportacionesClass.php:1-360 | index_archivos/operativos/exportaciones/ajax/RecepcionFisicaMICs.php:1-170 | index_archivos/operativos/exportaciones/ajax/ActualizarMICs.php:1-120 | index_archivos/operativos/exportaciones/ajax/uploadDatosSCP.php:1-120 | ReporteViajesClass.php:4-210 | listaviajes.php:1-170 | RecepcionFisicaMICs.php:1-170 | ActualizarMICs.php:1-120 | uploadDatosSCP.php:1-120 | ExportacionesClass.php:1-360 | ReporteViajesClass.php:29-67 | listaviajes.php:5-7 | listaviajes.php:70-104 | ReporteViajesClass.php:54-56 | .data_base/asgard.sql:39556-39564 | ReporteViajesClass.php:69-99 | ReporteViajesClass.php:140-190 | ReporteViajesClass.php:192-207,5,1,FLOW_SEMANTIC_INFERENCE_REVIEW_REQUIRED
transport-export-tracking,tmp_reporte_fiscal,tmp,TEMPORARY_VALIDATION_OR_REPORTING_SUPPORT,"Tabla temporal/staging usada para preparar, validar o consolidar informacion del flujo.",,control de acceso/cliente; transicion o bloqueo por estado; regla documental/carga-descarga; calculo financiero/impositivo; persistencia/atomicidad/concurrencia,,,"`tmp_reporte_fiscal`, `tmp_reporte_detalles_transportistas_iasa`, `v_reporte_gastos_v2`, `v_reporte_gastos_ge_sueltas`, `v_reporte_indicadores` | Temporales/vistas de reporte usadas para consolidar exportacion, gastos, transportistas e indicadores.",index_archivos/tracking/listaviajes.php:1-170 | index_archivos/tracking/ReporteViajesClass.php:4-210 | index_archivos/operativos/exportaciones/ExportacionesClass.php:1-360 | index_archivos/operativos/exportaciones/ajax/RecepcionFisicaMICs.php:1-170 | index_archivos/operativos/exportaciones/ajax/ActualizarMICs.php:1-120 | index_archivos/operativos/exportaciones/ajax/uploadDatosSCP.php:1-120 | ReporteViajesClass.php:4-210 | listaviajes.php:1-170 | RecepcionFisicaMICs.php:1-170 | ActualizarMICs.php:1-120 | uploadDatosSCP.php:1-120 | ExportacionesClass.php:1-360 | ReporteViajesClass.php:29-67 | listaviajes.php:5-7 | listaviajes.php:70-104 | ReporteViajesClass.php:54-56 | .data_base/asgard.sql:39556-39564 | ReporteViajesClass.php:69-99 | ReporteViajesClass.php:140-190 | ReporteViajesClass.php:192-207,1,0,FLOW_SEMANTIC_INFERENCE_REVIEW_REQUIRED
vehicle-cost-accounting-reporting,dav_casos,dav,REPORTING_READ_MODEL,Entidad de contexto usada por el flujo para consultar o relacionar informacion de negocio.,idclientelineas,control de acceso/cliente; transicion o bloqueo por estado; regla documental/carga-descarga; calculo financiero/impositivo,variante cliente pendiente de confirmar,,"`dav_casos` | Caso aduanero base, fechas, cliente, ciudad, valores CIF/FOB/fletes/gastos.",EV-SQL_QUERY-1E16A453C0FC22 .data_base/asgard.sql:17707 READS access to dav_casos | EV-SQL_QUERY-C8AB19C9274D78 .data_base/asgard.sql:17755 READS access to dav_casos | EV-SQL_QUERY-85B23A1F6B1886 .data_base/asgard.sql:17773 READS access to dav_casosprevios | EV-SQL_QUERY-A3D8E3282D4ABA .data_base/asgard.sql:17773 READS access to dav_casos | EV-SQL_QUERY-1A08C59D5D207E .data_base/asgard.sql:17815 READS access to dav_casostarea | EV-SQL_QUERY-F5AD1D6FB7CE71 .data_base/asgard.sql:17821 READS access to dav_casos | EV-SQL_QUERY-21DBC002504852 .data_base/asgard.sql:17827 READS access to dav_casos | EV-SQL_QUERY-F810E95BCF97F6 .data_base/asgard.sql:17839 READS access to dav_casos | EV-SQL_QUERY-6078F1BF55EFAA .data_base/asgard.sql:17875 READS access to dav_casos | EV-SQL_QUERY-A3EEC206C5E6EE .data_base/asgard.sql:17881 READS access to dav_casos | EV-SQL_QUERY-CE70168053BD60 .data_base/asgard.sql:17887 READS access to dav_casos | EV-SQL_QUERY-510EF36FB05331 .data_base/asgard.sql:17893 READS access to dav_casosprevios | EV-SQL_QUERY-5EE6AF5366A82A .data_base/asgard.sql:17893 READS access to dav_casos | EV-SQL_QUERY-BB76D27B1C1433 .data_base/asgard.sql:17917 READS access to dav_casos | EV-SQL_QUERY-D9DF6CBD08D688 .data_base/asgard.sql:17917 READS access to dav_casosprevios | EV-SQL_QUERY-1EE354C2A5DD75 .data_base/asgard.sql:17941 READS access to dav_casosprevios | EV-SQL_QUERY-7CC97CDA261E3B .data_base/asgard.sql:17947 READS access to dav_casos | EV-SQL_QUERY-B3F6CA84CCD544 .data_base/asgard.sql:18239 READS access to dav_casos | EV-SQL_QUERY-2D87C35537BA0A .data_base/asgard.sql:18276 READS access to dav_casosprevios | EV-SQL_QUERY-41CBA511A1A811 .data_base/asgard.sql:18307 READS access to dav_casos,23,3,FLOW_SEMANTIC_INFERENCE_REVIEW_REQUIRED
vehicle-cost-accounting-reporting,dav_concepto,dav,REPORTING_READ_MODEL,Entidad de contexto usada por el flujo para consultar o relacionar informacion de negocio.,"almacenaje, concepto, descripcion, factura, gde, ibmetro, nit, tributos",control de acceso/cliente; transicion o bloqueo por estado; regla documental/carga-descarga; calculo financiero/impositivo,variante cliente pendiente de confirmar,,"`dav_concepto` | Clasificadores de gasto como almacenaje, GDE, tributos, otros.",EV-SQL_QUERY-587F44C75E4D98 .data_base/asgard.sql:17791 READS access to dav_concepto | EV-SQL_QUERY-399DF0033E998D .data_base/asgard.sql:17821 READS access to dav_concepto | EV-SQL_QUERY-7A4AC0A78FE19F .data_base/asgard.sql:17827 READS access to dav_concepto | EV-SQL_QUERY-D39D415D584A89 .data_base/asgard.sql:17833 READS access to dav_concepto | EV-SQL_QUERY-D80F7FC6DC1EF1 .data_base/asgard.sql:17857 READS access to dav_concepto | EV-SQL_QUERY-522ACE1675D3D9 .data_base/asgard.sql:17869 READS access to dav_concepto | EV-SQL_QUERY-C7E545C151F505 .data_base/asgard.sql:17875 READS access to dav_concepto | EV-SQL_QUERY-CFD0A66DF51C7F .data_base/asgard.sql:17983 READS access to dav_concepto | EV-SQL_QUERY-03B8C88AE883A5 .data_base/asgard.sql:18413 READS access to dav_concepto | EV-SQL_QUERY-9CE529A74838D9 .data_base/asgard.sql:18458 READS access to dav_concepto | EV-SQL_QUERY-59EDA3FA877A03 .data_base/asgard.sql:18530 READS access to dav_concepto | EV-SQL_QUERY-64F81B79DD8101 .data_base/asgard.sql:18558 READS access to dav_concepto | EV-SQL_QUERY-43B97966EC3F1F .data_base/asgard.sql:20486 READS access to dav_concepto | EV-SQL_QUERY-7FDC50097B1974 .data_base/asgard.sql:20528 READS access to dav_concepto | EV-SQL_QUERY-70E0F5D1E0AB98 .data_base/asgard.sql:21221 READS access to dav_concepto | EV-SQL_QUERY-A354ADE4E9F80F .data_base/asgard.sql:21263 READS access to dav_concepto | EV-SQL_QUERY-2D0FE0862AB41C .data_base/asgard.sql:21989 READS access to dav_concepto | EV-SQL_QUERY-D6BA32AA66CB81 .data_base/asgard.sql:22031 READS access to dav_concepto | EV-SQL_QUERY-E9A9629482E5D9 .data_base/asgard.sql:22096 READS access to dav_concepto | EV-SQL_QUERY-2CA4B3AD5A8BCD .data_base/asgard.sql:22121 READS access to dav_concepto,1,0,FLOW_SEMANTIC_INFERENCE_REVIEW_REQUIRED
vehicle-cost-accounting-reporting,dav_dui,dav,REPORTING_READ_MODEL,Entidad de contexto usada por el flujo para consultar o relacionar informacion de negocio.,,control de acceso/cliente; transicion o bloqueo por estado; regla documental/carga-descarga; calculo financiero/impositivo,variante cliente pendiente de confirmar,,BR-VCAR-006 | El valor DUI global puede tomarse desde `dav_dui` como respaldo.,EV-SQL_QUERY-F5B485DBF88767 .data_base/asgard.sql:28494 READS access to dav_dui | EV-SQL_QUERY-2E5E929DEE5B8C .data_base/asgard.sql:41331 READS access to dav_duidue | EV-SQL_QUERY-C3E68DD2E140E9 .data_base/asgard.sql:45586 READS access to dav_dui,1,0,FLOW_SEMANTIC_INFERENCE_REVIEW_REQUIRED
vehicle-cost-accounting-reporting,dav_facturacomercial,dav,REPORTING_READ_MODEL,Entidad de contexto usada por el flujo para consultar o relacionar informacion de negocio.,,control de acceso/cliente; transicion o bloqueo por estado; regla documental/carga-descarga; calculo financiero/impositivo,variante cliente pendiente de confirmar,,`dav_facturacomercial` | Facturas comerciales y relacion con partidas.,EV-SQL_QUERY-EA5CECD49E45DC .data_base/asgard.sql:17749 READS access to dav_facturacomercial | EV-SQL_QUERY-E0B4CE612BC841 .data_base/asgard.sql:17773 READS access to dav_facturacomercial | EV-SQL_QUERY-F741221752A150 .data_base/asgard.sql:17809 READS access to dav_facturacomercial | EV-SQL_QUERY-D8FA4064EF353B .data_base/asgard.sql:17827 READS access to dav_facturacomercial | EV-SQL_QUERY-016F3CBB861849 .data_base/asgard.sql:17875 READS access to dav_facturacomercial | EV-SQL_QUERY-6D6F63E1CC8C17 .data_base/asgard.sql:17881 READS access to dav_facturacomercial | EV-SQL_QUERY-43F69C8B079F08 .data_base/asgard.sql:17893 READS access to dav_facturacomercial | EV-SQL_QUERY-34BD0FC416E48A .data_base/asgard.sql:17935 READS access to dav_facturacomercial | EV-SQL_QUERY-BA17A572CE7EC0 .data_base/asgard.sql:18213 READS access to dav_facturacomercial | EV-SQL_QUERY-F7242CD4237F7D .data_base/asgard.sql:18238 READS access to dav_facturacomercial | EV-SQL_QUERY-54E651DF531E4E .data_base/asgard.sql:27287 READS access to dav_facturacomercial | EV-SQL_QUERY-C2ACEBCD750270 .data_base/asgard.sql:27460 READS access to dav_facturacomercial | EV-SQL_QUERY-CB8F0C08DC088D .data_base/asgard.sql:27511 READS access to dav_facturacomercial | EV-SQL_QUERY-F1662949A0A332 .data_base/asgard.sql:28125 READS access to dav_facturacomercial | EV-SQL_QUERY-B7C85E727ABA7E .data_base/asgard.sql:28208 READS access to dav_facturacomercial | EV-SQL_QUERY-2B3E611DECC184 .data_base/asgard.sql:28283 READS access to dav_facturacomercial | EV-SQL_QUERY-48A0962DFAA84D .data_base/asgard.sql:28473 READS access to dav_facturacomercial | EV-SQL_QUERY-7714DB97E15F14 .data_base/asgard.sql:29201 READS access to dav_facturacomercial | EV-SQL_QUERY-B92B09539887E7 .data_base/asgard.sql:29354 READS access to dav_facturacomercial | EV-SQL_QUERY-805294D433ADB4 .data_base/asgard.sql:29388 READS access to dav_facturacomercial,11,0,FLOW_SEMANTIC_INFERENCE_REVIEW_REQUIRED
vehicle-cost-accounting-reporting,dav_facturaplanilla,dav,REPORTING_READ_MODEL,Entidad de contexto usada por el flujo para consultar o relacionar informacion de negocio.,"cliente, fecha, idcliente, idestadofactura, nit, observaciones",control de acceso/cliente; transicion o bloqueo por estado; regla documental/carga-descarga; calculo financiero/impositivo,variante cliente pendiente de confirmar,,"`dav_facturaplanilla` | Planilla/factura activa, numero, fecha y estado.",EV-SQL_QUERY-7A8D0839363E40 .data_base/asgard.sql:17695 READS access to dav_facturaplanilla | EV-SQL_QUERY-FE2F4B4D50414D .data_base/asgard.sql:17701 READS access to dav_facturaplanilla | EV-SQL_QUERY-380B7E65D6B753 .data_base/asgard.sql:17761 READS access to dav_facturaplanilla | EV-SQL_QUERY-B852A980F6E3B6 .data_base/asgard.sql:17785 READS access to dav_facturaplanilla | EV-SQL_QUERY-0E7A5CD6CC7AB3 .data_base/asgard.sql:17821 READS access to dav_facturaplanilla | EV-SQL_QUERY-CA801278D001D7 .data_base/asgard.sql:17827 READS access to dav_facturaplanilla | EV-SQL_QUERY-F0D2E0E0F20BAB .data_base/asgard.sql:17857 READS access to dav_facturaplanilla | EV-SQL_QUERY-C66C4511D9DA1C .data_base/asgard.sql:17875 READS access to dav_facturaplanilla | EV-SQL_QUERY-B97F8A0E956DAD .data_base/asgard.sql:17917 READS access to dav_facturaplanilla | EV-SQL_QUERY-80623E9DA7EE1B .data_base/asgard.sql:17941 READS access to dav_facturaplanilla | EV-SQL_QUERY-2AFCE480BC0FB0 .data_base/asgard.sql:17977 READS access to dav_facturaplanilla | EV-SQL_QUERY-D6000DFC009DCA .data_base/asgard.sql:17983 READS access to dav_facturaplanilla | EV-SQL_QUERY-00111C41BCBE2E .data_base/asgard.sql:18306 READS access to dav_facturaplanilla | EV-SQL_QUERY-2016900B7344D7 .data_base/asgard.sql:18342 READS access to dav_facturaplanilla | EV-SQL_QUERY-10295D19BBA690 .data_base/asgard.sql:18366 READS access to dav_facturaplanilla | EV-SQL_QUERY-BA1CCA643B30E2 .data_base/asgard.sql:18411 READS access to dav_facturaplanilla | EV-SQL_QUERY-39B09EC3B8B329 .data_base/asgard.sql:18456 READS access to dav_facturaplanilla | EV-SQL_QUERY-4E3900A8536100 .data_base/asgard.sql:18502 READS access to dav_facturaplanilla | EV-SQL_QUERY-EC1FD3759DDCA3 .data_base/asgard.sql:18528 READS access to dav_facturaplanilla | EV-SQL_QUERY-F06CEFE17053E5 .data_base/asgard.sql:18556 READS access to dav_facturaplanilla,2,1,FLOW_SEMANTIC_INFERENCE_REVIEW_REQUIRED
vehicle-cost-accounting-reporting,dav_facturasdetalle,dav,REPORTING_READ_MODEL,Entidad de contexto usada por el flujo para consultar o relacionar informacion de negocio.,"concepto, monto",control de acceso/cliente; transicion o bloqueo por estado; regla documental/carga-descarga; calculo financiero/impositivo,variante cliente pendiente de confirmar,,`dav_facturasdetalle` | Detalle facturado por concepto.,EV-SQL_QUERY-6C335EEF26AC2C .data_base/asgard.sql:18304 READS access to dav_facturasdetalle | EV-SQL_QUERY-EB6DC5932871EA .data_base/asgard.sql:18340 READS access to dav_facturasdetalle | EV-SQL_QUERY-45B00841497720 .data_base/asgard.sql:19654 READS access to dav_facturasdetalle | EV-SQL_QUERY-676ACE4EAE8285 .data_base/asgard.sql:20045 READS access to dav_facturasdetalle | EV-SQL_QUERY-638191EB257C16 .data_base/asgard.sql:20423 READS access to dav_facturasdetalle | EV-SQL_QUERY-622AD5D293DC66 .data_base/asgard.sql:21158 READS access to dav_facturasdetalle | EV-SQL_QUERY-B8134640A2980E .data_base/asgard.sql:21904 READS access to dav_facturasdetalle | EV-SQL_QUERY-68A1772A4E4378 .data_base/asgard.sql:21921 READS access to dav_facturasdetalle | EV-SQL_QUERY-3C9733F993B278 .data_base/asgard.sql:23175 READS access to dav_facturasdetalle | EV-SQL_QUERY-3B3BB9A139A48C .data_base/asgard.sql:23921 READS access to dav_facturasdetalle | EV-SQL_QUERY-007DE2A4FA922C .data_base/asgard.sql:23938 READS access to dav_facturasdetalle | EV-SQL_QUERY-B474B0EA84C8BC .data_base/asgard.sql:25002 READS access to dav_facturasdetalle | EV-SQL_QUERY-AD40BC76AB6BE6 .data_base/asgard.sql:25037 READS access to dav_facturasdetalle | EV-SQL_QUERY-D73F7D98CACAB0 .data_base/asgard.sql:28585 READS access to dav_facturasdetalle | EV-SQL_QUERY-ED23B18BC10978 .data_base/asgard.sql:28607 READS access to dav_facturasdetalle | EV-SQL_QUERY-485A3B57C01F5E .data_base/asgard.sql:28629 READS access to dav_facturasdetalle | EV-SQL_QUERY-82E5A97227380F .data_base/asgard.sql:28826 READS access to dav_facturasdetalle | EV-SQL_QUERY-C7A18C03253CD5 .data_base/asgard.sql:28846 READS access to dav_facturasdetalle | EV-SQL_QUERY-A66D162FBA03F0 .data_base/asgard.sql:29311 READS access to dav_facturasdetalle | EV-SQL_QUERY-4594F99CFB7073 .data_base/asgard.sql:29627 READS access to dav_facturasdetalle,1,0,FLOW_SEMANTIC_INFERENCE_REVIEW_REQUIRED
vehicle-cost-accounting-reporting,dav_liquidacion,dav,REPORTING_READ_MODEL,Entidad de contexto usada por el flujo para consultar o relacionar informacion de negocio.,"CIF, FOB, ICE, IVA, estado, flete, modelo, seguro",control de acceso/cliente; transicion o bloqueo por estado; regla documental/carga-descarga; calculo financiero/impositivo,variante cliente pendiente de confirmar,,"`dav_liquidacion` | Valores liquidados GA, IVA, ICE.",EV-SQL_QUERY-A312B796591A0D .data_base/asgard.sql:17719 READS access to dav_liquidacion | EV-SQL_QUERY-9EF7F14A9AAC2D .data_base/asgard.sql:29210 READS access to dav_liquidacion | EV-SQL_QUERY-4B99773C9C7E82 .data_base/asgard.sql:31709 READS access to dav_liquidacion | EV-SQL_QUERY-A70B9918A449D7 .data_base/asgard.sql:32788 READS access to dav_liquidacion | EV-SQL_QUERY-407FC0C9249BC8 .data_base/asgard.sql:33435 READS access to dav_liquidacion | EV-SQL_QUERY-EF7BB802471C62 .data_base/asgard.sql:34639 READS access to dav_liquidacion | EV-SQL_QUERY-BE029AF6828839 .data_base/asgard.sql:35770 READS access to dav_liquidacion | EV-SQL_QUERY-ABA4E720C44576 .data_base/asgard.sql:37005 READS access to dav_liquidacion | EV-SQL_QUERY-8B5475EC3597B9 .data_base/asgard.sql:37595 READS access to dav_liquidacion | EV-SQL_QUERY-9B4145C52ECD8C .data_base/asgard.sql:39744 READS access to dav_liquidacion | EV-SQL_QUERY-83477EF32E5DC6 .data_base/asgard.sql:39976 READS access to dav_liquidacion | EV-SQL_QUERY-84F249A4092B31 .data_base/asgard.sql:40393 READS access to dav_liquidacion | EV-SQL_QUERY-CBFEA72A0DE79B .data_base/asgard.sql:40829 READS access to dav_liquidacion | EV-SQL_QUERY-4006D25B37D2EB .data_base/asgard.sql:45853 READS access to dav_liquidacion | EV-SQL_QUERY-3667A05C052C43 index_archivos/contables/controllers/ContabilidadClass.php:221 READS access to dav_liquidacion,2,0,FLOW_SEMANTIC_INFERENCE_REVIEW_REQUIRED
vehicle-cost-accounting-reporting,dav_pagosdetalle,dav,REPORTING_READ_MODEL,Entidad de contexto usada por el flujo para consultar o relacionar informacion de negocio.,"monto, observaciones, pedido",control de acceso/cliente; transicion o bloqueo por estado; regla documental/carga-descarga; calculo financiero/impositivo,variante cliente pendiente de confirmar,,"`dav_pagosdetalle` | Pagos por concepto para tributos, reintegros, AP, almacenaje y otros componentes.",EV-SQL_QUERY-BC17003CF9BEFD .data_base/asgard.sql:17827 READS access to dav_pagosdetalle | EV-SQL_QUERY-07C2F68097DAC4 .data_base/asgard.sql:17869 READS access to dav_pagosdetalle | EV-SQL_QUERY-99754B68578828 .data_base/asgard.sql:17875 READS access to dav_pagosdetalle | EV-SQL_QUERY-3CE7AA68B2AD69 .data_base/asgard.sql:17881 READS access to dav_pagosdetalle | EV-SQL_QUERY-684300BD3CFFBC .data_base/asgard.sql:17887 READS access to dav_pagosdetalle | EV-SQL_QUERY-103E2B3C0B1404 .data_base/asgard.sql:17983 READS access to dav_pagosdetalle | EV-SQL_QUERY-E623CAFED17DAA .data_base/asgard.sql:18363 READS access to dav_pagosdetalle | EV-SQL_QUERY-398A69CAC1CA16 .data_base/asgard.sql:18375 READS access to dav_pagosdetalle | EV-SQL_QUERY-03C584BBE22EF8 .data_base/asgard.sql:18408 READS access to dav_pagosdetalle | EV-SQL_QUERY-9E4098F303ED07 .data_base/asgard.sql:18453 READS access to dav_pagosdetalle | EV-SQL_QUERY-022C6952005AD1 .data_base/asgard.sql:18466 READS access to dav_pagosdetalle | EV-SQL_QUERY-9CD940EDEBD86F .data_base/asgard.sql:18499 READS access to dav_pagosdetalle | EV-SQL_QUERY-882BE1EE0577B4 .data_base/asgard.sql:18525 READS access to dav_pagosdetalle | EV-SQL_QUERY-C5BCB20219BBC3 .data_base/asgard.sql:18553 READS access to dav_pagosdetalle | EV-SQL_QUERY-282C3A4378F3DC .data_base/asgard.sql:18613 READS access to dav_pagosdetalle | EV-SQL_QUERY-9D351877EC4BD4 .data_base/asgard.sql:19066 READS access to dav_pagosdetalle | EV-SQL_QUERY-D7F166F464E320 .data_base/asgard.sql:19358 READS access to dav_pagosdetalle | EV-SQL_QUERY-1FFD03C02C0A9F .data_base/asgard.sql:19609 READS access to dav_pagosdetalle | EV-SQL_QUERY-6167B1FB7F9E9E .data_base/asgard.sql:19671 READS access to dav_pagosdetalle | EV-SQL_QUERY-1FBD26171E54ED .data_base/asgard.sql:20062 READS access to dav_pagosdetalle,8,0,FLOW_SEMANTIC_INFERENCE_REVIEW_REQUIRED
vehicle-cost-accounting-reporting,dav_partidas,dav,REPORTING_READ_MODEL,"Entidad documental o soporte usado para validar, adjuntar, generar o descargar evidencias.","color, gas, ice, motor, pedido, posicion, reportado, valoracion",control de acceso/cliente; transicion o bloqueo por estado; regla documental/carga-descarga; calculo financiero/impositivo,variante cliente pendiente de confirmar,,"`index_archivos/contables/reportezdamajax.php` | Marca partidas ZDAM como reportadas (`dav_partidas.reportado=1`) a partir de la query seleccionada. | `dav_partidas` | Partidas e identificadores vehiculares: pedido, chasis, motor, marca/modelo/color.",EV-SQL_QUERY-5FB1B91D624793 .data_base/asgard.sql:17743 READS access to dav_partidas | EV-SQL_QUERY-84D976F52CA0AB .data_base/asgard.sql:17749 READS access to dav_partidas | EV-SQL_QUERY-F7BE030AB2BD95 .data_base/asgard.sql:17773 READS access to dav_partidas | EV-SQL_QUERY-5025CB0B535FA8 .data_base/asgard.sql:17809 READS access to dav_partidas | EV-SQL_QUERY-0E36D68C2A2659 .data_base/asgard.sql:17917 READS access to dav_partidas | EV-SQL_QUERY-EEA48DA51BA81B .data_base/asgard.sql:17935 READS access to dav_partidas | EV-SQL_QUERY-E59D6886D0E192 .data_base/asgard.sql:18215 READS access to dav_partidas | EV-SQL_QUERY-481BA62807E5BD .data_base/asgard.sql:18236 READS access to dav_partidas | EV-SQL_QUERY-A607ACE1B59F76 .data_base/asgard.sql:27285 READS access to dav_partidas | EV-SQL_QUERY-5DDFACFC37BC88 .data_base/asgard.sql:27509 READS access to dav_partidas | EV-SQL_QUERY-CFAD29105C7640 .data_base/asgard.sql:28126 READS access to dav_partidas | EV-SQL_QUERY-A213F94B71F480 .data_base/asgard.sql:28209 READS access to dav_partidas | EV-SQL_QUERY-4A9B90C9BB5BFB .data_base/asgard.sql:28284 READS access to dav_partidas | EV-SQL_QUERY-D4B6149A4F3E6A .data_base/asgard.sql:28472 READS access to dav_partidas | EV-SQL_QUERY-96ED972E49AFBA .data_base/asgard.sql:29202 READS access to dav_partidas | EV-SQL_QUERY-FEC31E04553F87 .data_base/asgard.sql:29352 READS access to dav_partidas | EV-SQL_QUERY-7EA53BFE378708 .data_base/asgard.sql:29356 READS access to dav_partidas | EV-SQL_QUERY-F3CEB329C04439 .data_base/asgard.sql:29386 READS access to dav_partidas | EV-SQL_QUERY-980EC98277CE90 .data_base/asgard.sql:29390 READS access to dav_partidas | EV-SQL_QUERY-57F97B17E02300 .data_base/asgard.sql:29518 READS access to dav_partidas,13,0,FLOW_SEMANTIC_INFERENCE_REVIEW_REQUIRED
vehicle-cost-accounting-reporting,dav_vehiculosprevios,dav,REPORTING_READ_MODEL,Entidad de contexto usada por el flujo para consultar o relacionar informacion de negocio.,"chasis, color, destino, gas, marca, motor, packing, partida, pedido, posicion, seguro, valoracion",control de acceso/cliente; transicion o bloqueo por estado; regla documental/carga-descarga; calculo financiero/impositivo,variante cliente pendiente de confirmar,,"`dav_vehiculosprevios` | Chasis, packing, BL, seguro, fechas de embarque/ETA.",EV-SQL_QUERY-F0EFCCEF665D3B .data_base/asgard.sql:17899 READS access to dav_vehiculosprevios | EV-SQL_QUERY-0E8CB27E2E82B1 .data_base/asgard.sql:17905 READS access to dav_vehiculosprevios | EV-SQL_QUERY-B0309062D9B61E .data_base/asgard.sql:17911 READS access to dav_vehiculosprevios | EV-SQL_QUERY-BAD1B164D4C6FE .data_base/asgard.sql:18249 READS access to dav_vehiculosprevios | EV-SQL_QUERY-D222D0FAB4CFB8 .data_base/asgard.sql:18274 READS access to dav_vehiculosprevios | EV-SQL_QUERY-1738A7FBF5C079 .data_base/asgard.sql:28929 READS access to dav_vehiculosprevios | EV-SQL_QUERY-4749E972DB8E4F .data_base/asgard.sql:29209 READS access to dav_vehiculosprevios | EV-SQL_QUERY-732AE32DA56C85 .data_base/asgard.sql:45554 READS access to dav_vehiculosprevios | EV-SQL_QUERY-B9BF2896882D8B .data_base/asgard.sql:46022 READS access to dav_vehiculosprevios | EV-SQL_QUERY-FAEB7B33619046 .data_base/asgard.sql:46223 READS access to dav_vehiculosprevios | EV-SQL_QUERY-CD33E42C4AB01D index_archivos/controllers/VehiculosClass.php:268 READS access to dav_vehiculosprevios | EV-SQL_QUERY-585416EF6318C2 index_archivos/documentacion.php:446 READS access to dav_vehiculosprevios | EV-SQL_QUERY-108ABBC3B97EDB index_archivos/enviarsolicitud_ajax.php:91 READS access to dav_vehiculosprevios | EV-SQL_QUERY-4E0B824F2C8255 index_archivos/logistica/SolicitudesClass.php:374 READS access to dav_vehiculosprevios | EV-SQL_QUERY-32F0A2ED2EB400 index_archivos/tracking/OperadorTransporteClass.php:255 READS access to dav_vehiculosprevios | EV-SQL_QUERY-38C9F8DCEC8C9D index_archivos/vehiculosexcel/CargaVehiculos.php:642 READS access to dav_vehiculosprevios | EV-SQL_QUERY-DD920FD101AFFC index_archivos/versolicitud.php:739 READS access to dav_vehiculosprevios,8,0,FLOW_SEMANTIC_INFERENCE_REVIEW_REQUIRED
vehicle-cost-accounting-reporting,logis_crt,logis,REPORTING_READ_MODEL,Entidad de contexto usada por el flujo para consultar o relacionar informacion de negocio.,importe,control de acceso/cliente; transicion o bloqueo por estado; regla documental/carga-descarga; calculo financiero/impositivo,variante cliente pendiente de confirmar,,"`logis_libroventas`, `logis_crt` | Facturas/CRT de transporte usados en flete terrestre.",EV-SQL_QUERY-B424C2FB86EB91 .data_base/asgard.sql:29231 READS access to logis_crt,1,0,FLOW_SEMANTIC_INFERENCE_REVIEW_REQUIRED
vehicle-cost-accounting-reporting,logis_embarques,logis,REPORTING_READ_MODEL,Entidad de contexto usada por el flujo para consultar o relacionar informacion de negocio.,idclientelineas,control de acceso/cliente; transicion o bloqueo por estado; regla documental/carga-descarga; calculo financiero/impositivo,variante cliente pendiente de confirmar,,"`logis_embarques`, `logis_tramos`, `logis_incoterms` | Contexto logistico para costo y tiempos.",EV-SQL_QUERY-271B8BADD753C8 .data_base/asgard.sql:17875 READS access to logis_embarques | EV-SQL_QUERY-D92F1F70034698 .data_base/asgard.sql:17893 READS access to logis_embarquesrutas | EV-SQL_QUERY-E8DE6726227583 .data_base/asgard.sql:17893 READS access to logis_embarques | EV-SQL_QUERY-B25606C135A1C8 .data_base/asgard.sql:17923 READS access to logis_embarques | EV-SQL_QUERY-CBB063520AFA05 .data_base/asgard.sql:17959 READS access to logis_embarques | EV-SQL_QUERY-A35253FEB1CECF .data_base/asgard.sql:17965 READS access to logis_embarques | EV-SQL_QUERY-80B5E9CE461C31 .data_base/asgard.sql:27606 READS access to logis_embarques | EV-SQL_QUERY-4978218240EA46 .data_base/asgard.sql:27633 READS access to logis_embarquesmagnitudes | EV-SQL_QUERY-60AC62FAA187C1 .data_base/asgard.sql:27635 READS access to logis_embarques | EV-SQL_QUERY-9DEFE51A0B28A9 .data_base/asgard.sql:27654 READS access to logis_embarques | EV-SQL_QUERY-A49876BFD6250D .data_base/asgard.sql:27706 READS access to logis_embarquescontenedor | EV-SQL_QUERY-2DE4F47B10C829 .data_base/asgard.sql:27708 READS access to logis_embarquesmagnitudes | EV-SQL_QUERY-C3079BF6B949F1 .data_base/asgard.sql:27709 READS access to logis_embarques | EV-SQL_QUERY-B1EEEAC9F071AC .data_base/asgard.sql:27828 READS access to logis_embarques | EV-SQL_QUERY-6AE15DB22CB672 .data_base/asgard.sql:27842 READS access to logis_embarquesoperador | EV-SQL_QUERY-32CA859D40E137 .data_base/asgard.sql:27881 READS access to logis_embarques | EV-SQL_QUERY-2442CE0D04F1C1 .data_base/asgard.sql:27909 READS access to logis_embarques | EV-SQL_QUERY-97E34133F86A8C .data_base/asgard.sql:27936 READS access to logis_embarques | EV-SQL_QUERY-D27A2F192A53E5 .data_base/asgard.sql:27980 READS access to logis_embarques | EV-SQL_QUERY-D1662921139B74 .data_base/asgard.sql:29207 READS access to logis_embarques,25,3,FLOW_SEMANTIC_INFERENCE_REVIEW_REQUIRED
vehicle-cost-accounting-reporting,logis_incoterms,logis,REPORTING_READ_MODEL,Entidad de contexto usada por el flujo para consultar o relacionar informacion de negocio.,incoterm,control de acceso/cliente; transicion o bloqueo por estado; regla documental/carga-descarga; calculo financiero/impositivo,variante cliente pendiente de confirmar,,"`logis_embarques`, `logis_tramos`, `logis_incoterms` | Contexto logistico para costo y tiempos.",EV-SQL_QUERY-D3ED9D36BE5ADA .data_base/asgard.sql:27831 READS access to logis_incoterms | EV-SQL_QUERY-C1CF5CB5DD3987 .data_base/asgard.sql:29208 READS access to logis_incoterms | EV-SQL_QUERY-769ABAE36F8447 .data_base/asgard.sql:45561 READS access to logis_incoterms | EV-SQL_QUERY-A68BD2020927DC index_archivos/logistica/CostosClass.php:202 READS access to logis_incoterms | EV-SQL_QUERY-DE2546D662FEDE index_archivos/logistica/CostosClass.php:783 READS access to logis_incoterms | EV-SQL_QUERY-1EED0EA206203C index_archivos/logistica/CotizacionClass.php:149 READS access to logis_incoterms | EV-SQL_QUERY-2ACD8193CA82DF index_archivos/logistica/EmbarqueClass.php:1034 READS access to logis_incoterms | EV-SQL_QUERY-47910F53AD3CBA index_archivos/logistica/despachover.php:36 READS access to logis_incoterms | EV-SQL_QUERY-5729D9D72F5598 index_archivos/servicioNotificaciones/ServicioNotificacionesClass.php:546 READS access to logis_incoterms,6,0,FLOW_SEMANTIC_INFERENCE_REVIEW_REQUIRED
vehicle-cost-accounting-reporting,logis_libroventas,logis,REPORTING_READ_MODEL,Entidad de contexto usada por el flujo para consultar o relacionar informacion de negocio.,"chasis, fecha, importe, nit",control de acceso/cliente; transicion o bloqueo por estado; regla documental/carga-descarga; calculo financiero/impositivo,variante cliente pendiente de confirmar,,"`logis_libroventas`, `logis_crt` | Facturas/CRT de transporte usados en flete terrestre.",EV-SQL_QUERY-1B0D61F6A40D6C .data_base/asgard.sql:29229 READS access to logis_libroventas | EV-SQL_QUERY-FB47BA0CFC30F6 index_archivos/intercambioDocumental/ajax/lectura-ocr-ft.php:101 WRITES access to logis_libroventas | EV-SQL_QUERY-1ABC2B8BD36BD9 index_archivos/intercambioDocumental/ajax/lectura-ocr-ft.php:166 WRITES access to logis_libroventas,1,1,FLOW_SEMANTIC_INFERENCE_REVIEW_REQUIRED
vehicle-cost-accounting-reporting,logis_tramos,logis,REPORTING_READ_MODEL,Entidad de contexto usada por el flujo para consultar o relacionar informacion de negocio.,"observaciones, tipo, tramo",control de acceso/cliente; transicion o bloqueo por estado; regla documental/carga-descarga; calculo financiero/impositivo,variante cliente pendiente de confirmar,,"`logis_embarques`, `logis_tramos`, `logis_incoterms` | Contexto logistico para costo y tiempos.",EV-SQL_QUERY-96BA3EC62990D7 .data_base/asgard.sql:27652 READS access to logis_tramos | EV-SQL_QUERY-F0B562BC6BA2E1 .data_base/asgard.sql:27664 READS access to logis_tramos | EV-SQL_QUERY-AEF21D4A8B0FE5 .data_base/asgard.sql:27673 READS access to logis_tramos | EV-SQL_QUERY-8D1CAC6A42387A .data_base/asgard.sql:27683 READS access to logis_tramos | EV-SQL_QUERY-4AD4D9D457B3C2 .data_base/asgard.sql:27692 READS access to logis_tramos | EV-SQL_QUERY-8BC21E19BAE753 .data_base/asgard.sql:29168 READS access to logis_tramos | EV-SQL_QUERY-F3781FC566471A .data_base/asgard.sql:29169 READS access to logis_tramos | EV-SQL_QUERY-30A4176A444EC0 .data_base/asgard.sql:32353 READS access to logis_tramos | EV-SQL_QUERY-8570C1B6C95447 .data_base/asgard.sql:32354 READS access to logis_tramos | EV-SQL_QUERY-862FE94E394F4E .data_base/asgard.sql:32355 READS access to logis_tramos | EV-SQL_QUERY-3CAEA4F2F2E2D9 .data_base/asgard.sql:32583 READS access to logis_tramos | EV-SQL_QUERY-1EE44ED259E5EA .data_base/asgard.sql:34043 READS access to logis_tramos | EV-SQL_QUERY-D871CD69A28762 .data_base/asgard.sql:34044 READS access to logis_tramos | EV-SQL_QUERY-434FF86D08A0F6 .data_base/asgard.sql:34045 READS access to logis_tramos | EV-SQL_QUERY-82D33E54E0C880 .data_base/asgard.sql:34220 READS access to logis_tramos | EV-SQL_QUERY-8E4DBDC808ABD0 .data_base/asgard.sql:35209 READS access to logis_tramos | EV-SQL_QUERY-C9A3F8A71B20CB .data_base/asgard.sql:35210 READS access to logis_tramos | EV-SQL_QUERY-93FB887FE0DC40 .data_base/asgard.sql:35211 READS access to logis_tramos | EV-SQL_QUERY-FD0921CC077BFE .data_base/asgard.sql:35340 READS access to logis_tramos | EV-SQL_QUERY-91BF628CBA1884 .data_base/asgard.sql:36340 READS access to logis_tramos,4,1,FLOW_SEMANTIC_INFERENCE_REVIEW_REQUIRED
vehicle-excel-intake-validation,dav_casosprevios,dav,READ_OR_CONTEXT,"Entidad documental o soporte usado para validar, adjuntar, generar o descargar evidencias.","archivocargavehiculosdam, dam, dampartida, fechaaprobacion, fechacargavehiculosdam, idcasosprevios, requiere_solo_ap",control de acceso/cliente; transicion o bloqueo por estado; regla documental/carga-descarga; calculo financiero/impositivo; persistencia/atomicidad/concurrencia; notificacion o acceso externo,atomicidad/concurrencia pendiente; variante cliente pendiente de confirmar; catalogo/semantica pendiente,,"- Archivo registrado en `dav_casosprevios.archivocargavehiculos` o `archivocargavehiculosdam`. | - `dav_casosprevios.fechacargavehiculos` o `fechacargavehiculosdam`. | ASGARD registra el archivo y fecha de carga en `dav_casosprevios`. | BR-VEIV-002 | La divisa seleccionada se guarda en `dav_casosprevios.iddivisa` al subir. | `dav_casosprevios` | Solicitud, archivo cargado, fechas de carga, divisa, flags DAM/AP. | `DATA_USED.md` | `dav_casosprevios`, `dav_vehiculosprevios`, catalog tables and `dav_erroresexcel`.",index_archivos/vehiculos.php:15-21 | index_archivos/vehiculos.php:52-64 | index_archivos/vehiculos.php:68-143 | index_archivos/vehiculos.php:509-529 | index_archivos/vehiculos.php:692-712 | index_archivos/vehiculosexcel/CargaVehiculos.php:41-124 | index_archivos/vehiculosexcel/CargaVehiculos.php:147-400 | index_archivos/vehiculosexcel/CargaVehiculos.php:605-620 | vehiculos.php:18-21 | index_archivos/vehiculosexcel/Funciones.php:377 | EV-SQL_QUERY-85B23A1F6B1886 .data_base/asgard.sql:17773 READS access to dav_casosprevios | EV-SQL_QUERY-510EF36FB05331 .data_base/asgard.sql:17893 READS access to dav_casosprevios | EV-SQL_QUERY-D9DF6CBD08D688 .data_base/asgard.sql:17917 READS access to dav_casosprevios | EV-SQL_QUERY-1EE354C2A5DD75 .data_base/asgard.sql:17941 READS access to dav_casosprevios | EV-SQL_QUERY-2D87C35537BA0A .data_base/asgard.sql:18276 READS access to dav_casosprevios | EV-SQL_QUERY-ACBC7014B44145 .data_base/asgard.sql:27550 READS access to dav_casosprevios | EV-SQL_QUERY-9E53765A441113 .data_base/asgard.sql:27576 READS access to dav_casosprevios | EV-SQL_QUERY-ECB9B94D5BA8BD .data_base/asgard.sql:27586 READS access to dav_casosprevios | EV-SQL_QUERY-355981AEFA7039 .data_base/asgard.sql:27984 READS access to dav_casosprevios | EV-SQL_QUERY-FF4C0CD0FF8DE3 .data_base/asgard.sql:28508 READS access to dav_casosprevios,22,3,FLOW_SEMANTIC_INFERENCE_REVIEW_REQUIRED
vehicle-excel-intake-validation,dav_documentosprevios,dav,READ_OR_CONTEXT,"Catalogo o parametro que condiciona reglas, permisos o variantes del flujo.",idcasosprevios,control de acceso/cliente; transicion o bloqueo por estado; regla documental/carga-descarga; calculo financiero/impositivo; persistencia/atomicidad/concurrencia; notificacion o acceso externo,atomicidad/concurrencia pendiente; variante cliente pendiente de confirmar; catalogo/semantica pendiente,,`index_archivos/cargardocumentos_v.php` | Valida carga vehicular previa y genera `dav_documentosprevios` tipo `19` agrupando por factura/fecha/proveedor.,index_archivos/vehiculos.php:15-21 | index_archivos/vehiculos.php:52-64 | index_archivos/vehiculos.php:68-143 | index_archivos/vehiculos.php:509-529 | index_archivos/vehiculos.php:692-712 | index_archivos/vehiculosexcel/CargaVehiculos.php:41-124 | index_archivos/vehiculosexcel/CargaVehiculos.php:147-400 | index_archivos/vehiculosexcel/CargaVehiculos.php:605-620 | vehiculos.php:18-21 | index_archivos/vehiculosexcel/Funciones.php:377 | EV-SQL_QUERY-94DDA53532CB96 index_archivos/documentacionaprobado.php:78 WRITES access to dav_documentosprevios,0,1,FLOW_SEMANTIC_INFERENCE_REVIEW_REQUIRED
vehicle-excel-intake-validation,dav_erroresexcel,dav,READ_OR_CONTEXT,"Catalogo o parametro que condiciona reglas, permisos o variantes del flujo.",mensajeerror,control de acceso/cliente; transicion o bloqueo por estado; regla documental/carga-descarga; calculo financiero/impositivo; persistencia/atomicidad/concurrencia; notificacion o acceso externo,atomicidad/concurrencia pendiente; variante cliente pendiente de confirmar; catalogo/semantica pendiente,,"- Registros `dav_erroresexcel`. | ASGARD registra errores en `dav_erroresexcel`. | ## Diagrama ```mermaid flowchart TD A[""Abrir vehiculos de solicitud""] --> B[""Cargar Excel""] B --> C[""Guardar archivo""] C --> D[""Leer filas""] D --> E[""Insertar o actualizar vehiculos previos""] E --> F[""Validar datos y catalogos""] F --> G{""Hay errores?""} G -- ""Si"" --> H[""Marcar error/mensaje y registrar dav_erroresexcel""] H --> I[""Solicitar alta/modificacio... | `dav_erroresexcel` | Historial de errores detectados por validacion. | `DATA_USED.md` | `dav_casosprevios`, `dav_vehiculosprevios`, catalog tables and `dav_erroresexcel`. | `DATA_USED.md` | Error helper writes `dav_erroresexcel` from `index_archivos/vehiculosexcel/Funciones.php:377`.",index_archivos/vehiculos.php:15-21 | index_archivos/vehiculos.php:52-64 | index_archivos/vehiculos.php:68-143 | index_archivos/vehiculos.php:509-529 | index_archivos/vehiculos.php:692-712 | index_archivos/vehiculosexcel/CargaVehiculos.php:41-124 | index_archivos/vehiculosexcel/CargaVehiculos.php:147-400 | index_archivos/vehiculosexcel/CargaVehiculos.php:605-620 | vehiculos.php:18-21 | index_archivos/vehiculosexcel/Funciones.php:377 | index_archivos/vehiculosexcel/Funciones.php:377 | EV-SQL_QUERY-4CA773C6D0707B index_archivos/vehiculosexcel/CargaVehiculos.php:498 WRITES access to dav_erroresexcel | EV-SQL_QUERY-E481F938387A88 index_archivos/vehiculosexcel/Funciones.php:377 WRITES access to dav_erroresexcel,0,2,FLOW_SEMANTIC_INFERENCE_REVIEW_REQUIRED
vehicle-excel-intake-validation,dav_vehiculosprevios,dav,DELETE_OR_REMOVE,"Entidad documental o soporte usado para validar, adjuntar, generar o descargar evidencias.","fecha_info_completa, idcasosprevios, mensajeerror",control de acceso/cliente; transicion o bloqueo por estado; regla documental/carga-descarga; calculo financiero/impositivo; persistencia/atomicidad/concurrencia; notificacion o acceso externo,atomicidad/concurrencia pendiente; variante cliente pendiente de confirmar; catalogo/semantica pendiente,DELETE FROM,"- Reemplazo o actualizacion de `dav_vehiculosprevios`. | Registros en `dav_vehiculosprevios`. | - `dav_vehiculosprevios.error` y `mensajeerror`. | ASGARD reemplaza o actualiza `dav_vehiculosprevios` segun el contexto. | Para cada error, ASGARD actualiza `dav_vehiculosprevios.error` y `mensajeerror`. | | `DELETE FROM dav_vehiculosprevios` + INSERT.",index_archivos/vehiculos.php:15-21 | index_archivos/vehiculos.php:52-64 | index_archivos/vehiculos.php:68-143 | index_archivos/vehiculos.php:509-529 | index_archivos/vehiculos.php:692-712 | index_archivos/vehiculosexcel/CargaVehiculos.php:41-124 | index_archivos/vehiculosexcel/CargaVehiculos.php:147-400 | index_archivos/vehiculosexcel/CargaVehiculos.php:605-620 | vehiculos.php:18-21 | index_archivos/vehiculosexcel/Funciones.php:377 | EV-SQL_QUERY-F0EFCCEF665D3B .data_base/asgard.sql:17899 READS access to dav_vehiculosprevios | EV-SQL_QUERY-0E8CB27E2E82B1 .data_base/asgard.sql:17905 READS access to dav_vehiculosprevios | EV-SQL_QUERY-B0309062D9B61E .data_base/asgard.sql:17911 READS access to dav_vehiculosprevios | EV-SQL_QUERY-BAD1B164D4C6FE .data_base/asgard.sql:18249 READS access to dav_vehiculosprevios | EV-SQL_QUERY-D222D0FAB4CFB8 .data_base/asgard.sql:18274 READS access to dav_vehiculosprevios | EV-SQL_QUERY-1738A7FBF5C079 .data_base/asgard.sql:28929 READS access to dav_vehiculosprevios | EV-SQL_QUERY-4749E972DB8E4F .data_base/asgard.sql:29209 READS access to dav_vehiculosprevios | EV-SQL_QUERY-732AE32DA56C85 .data_base/asgard.sql:45554 READS access to dav_vehiculosprevios | EV-SQL_QUERY-B9BF2896882D8B .data_base/asgard.sql:46022 READS access to dav_vehiculosprevios | EV-SQL_QUERY-FAEB7B33619046 .data_base/asgard.sql:46223 READS access to dav_vehiculosprevios,8,0,FLOW_SEMANTIC_INFERENCE_REVIEW_REQUIRED
vehicle-import-management,cc_chasis_codigo_documento,cc,READ_OR_CONTEXT,"Entidad documental o soporte usado para validar, adjuntar, generar o descargar evidencias.",chasis,control de acceso/cliente; transicion o bloqueo por estado; regla documental/carga-descarga; calculo financiero/impositivo; persistencia/atomicidad/concurrencia,variante cliente pendiente de confirmar; catalogo/semantica pendiente,,- Los chasis se asocian a documentos mediante `cc_chasis_codigo_documento`. | `cc_chasis_codigo_documento` | Asociacion entre chasis y codigo de documento generado/enviado.,index_archivos/documentacion.php:31-41 | index_archivos/documentacion.php:381-435 | index_archivos/enviarsolicitud_ajax.php:30-114 | index_archivos/controllers/VehiculosClass.php:15-57 | index_archivos/controllers/VehiculosClass.php:112-217 | index_archivos/logistica/ajax/vehiculos/uploadExcelSolicitud.php:16-123 | index_archivos/logistica/ajax/vehiculos/actualizarDatosVehiculos.php:12-19 | index_archivos/controllers/VehiculosClass.php:84-105 | index_archivos/controllers/VehiculosClass.php:223-280 | index_archivos/enviarsolicitud_ajax.php:48-114 | VehiculosClass.php:84-105 | VehiculosClass.php:15-22 | VehiculosClass.php:19-24 | VehiculosClass.php:26-52 | VehiculosClass.php:128-136 | VehiculosClass.php:136-146 | VehiculosClass.php:148-154 | VehiculosClass.php:156-205 | VehiculosClass.php:223-280 | VehiculosClass.php:223-233,0,2,FLOW_SEMANTIC_INFERENCE_REVIEW_REQUIRED
vehicle-import-management,dav_casos,dav,READ_OR_CONTEXT,Entidad de contexto usada por el flujo para consultar o relacionar informacion de negocio.,"carpeta, pedido",control de acceso/cliente; transicion o bloqueo por estado; regla documental/carga-descarga; calculo financiero/impositivo; persistencia/atomicidad/concurrencia,variante cliente pendiente de confirmar; catalogo/semantica pendiente,,"El sistema aplica solo filas sin mensaje: - FOB/flete en `dav_casos`. | - cambio de solicitud en `dav_vehiculosprevios`, `dav_casos`, `dav_casosprevios` y lotes SOAT. | `dav_casosprevios` | Solicitud previa destino/origen; guarda fechas de envio, DAM, carpeta y aprobacion AP. | `dav_casos` | Carpetas/casos donde se actualiza FOB, flete, solicitud previa y fecha AP relacionada. | `dav_casos.fecha_completa_ap` | Caso/carpeta con informacion completa AP; bloquea ciertos cambios si ya existe. | `dav_casosprevios.fechafin` | Solicitud destino enviada/finalizada para aceptar movimiento de vehiculo.",index_archivos/documentacion.php:31-41 | index_archivos/documentacion.php:381-435 | index_archivos/enviarsolicitud_ajax.php:30-114 | index_archivos/controllers/VehiculosClass.php:15-57 | index_archivos/controllers/VehiculosClass.php:112-217 | index_archivos/logistica/ajax/vehiculos/uploadExcelSolicitud.php:16-123 | index_archivos/logistica/ajax/vehiculos/actualizarDatosVehiculos.php:12-19 | index_archivos/controllers/VehiculosClass.php:84-105 | index_archivos/controllers/VehiculosClass.php:223-280 | index_archivos/enviarsolicitud_ajax.php:48-114 | VehiculosClass.php:84-105 | VehiculosClass.php:15-22 | VehiculosClass.php:19-24 | VehiculosClass.php:26-52 | VehiculosClass.php:128-136 | VehiculosClass.php:136-146 | VehiculosClass.php:148-154 | VehiculosClass.php:156-205 | VehiculosClass.php:223-280 | VehiculosClass.php:223-233,23,3,FLOW_SEMANTIC_INFERENCE_REVIEW_REQUIRED
vehicle-import-management,dav_casosprevios,dav,READ_OR_CONTEXT,Entidad de contexto usada por el flujo para consultar o relacionar informacion de negocio.,"carpeta, dam, fechaaprobacion, fechacargavehiculos, fechacargavehiculosdam, fechafin, pedido",control de acceso/cliente; transicion o bloqueo por estado; regla documental/carga-descarga; calculo financiero/impositivo; persistencia/atomicidad/concurrencia,variante cliente pendiente de confirmar; catalogo/semantica pendiente,,"- cambio de solicitud en `dav_vehiculosprevios`, `dav_casos`, `dav_casosprevios` y lotes SOAT. | `dav_casosprevios` | Solicitud previa destino/origen; guarda fechas de envio, DAM, carpeta y aprobacion AP. | `dav_casosprevios.fechafin` | Solicitud destino enviada/finalizada para aceptar movimiento de vehiculo. | `dav_casosprevios.dam = 1` | Solicitud con DAM marcado cuando ya no quedan vehiculos sin DAM. | `dav_casosprevios.carpeta = 1` | Solicitud marcada como carpeta en variante solo AP sin vehiculos.",index_archivos/documentacion.php:31-41 | index_archivos/documentacion.php:381-435 | index_archivos/enviarsolicitud_ajax.php:30-114 | index_archivos/controllers/VehiculosClass.php:15-57 | index_archivos/controllers/VehiculosClass.php:112-217 | index_archivos/logistica/ajax/vehiculos/uploadExcelSolicitud.php:16-123 | index_archivos/logistica/ajax/vehiculos/actualizarDatosVehiculos.php:12-19 | index_archivos/controllers/VehiculosClass.php:84-105 | index_archivos/controllers/VehiculosClass.php:223-280 | index_archivos/enviarsolicitud_ajax.php:48-114 | VehiculosClass.php:84-105 | VehiculosClass.php:15-22 | VehiculosClass.php:19-24 | VehiculosClass.php:26-52 | VehiculosClass.php:128-136 | VehiculosClass.php:136-146 | VehiculosClass.php:148-154 | VehiculosClass.php:156-205 | VehiculosClass.php:223-280 | VehiculosClass.php:223-233,22,3,FLOW_SEMANTIC_INFERENCE_REVIEW_REQUIRED
vehicle-import-management,dav_dam,dav,READ_OR_CONTEXT,Entidad de contexto usada por el flujo para consultar o relacionar informacion de negocio.,fob,control de acceso/cliente; transicion o bloqueo por estado; regla documental/carga-descarga; calculo financiero/impositivo; persistencia/atomicidad/concurrencia,variante cliente pendiente de confirmar; catalogo/semantica pendiente,,`dav_dam` / `dav_damitems` | Validacion de vehiculos sin DAM en solicitud.,index_archivos/documentacion.php:31-41 | index_archivos/documentacion.php:381-435 | index_archivos/enviarsolicitud_ajax.php:30-114 | index_archivos/controllers/VehiculosClass.php:15-57 | index_archivos/controllers/VehiculosClass.php:112-217 | index_archivos/logistica/ajax/vehiculos/uploadExcelSolicitud.php:16-123 | index_archivos/logistica/ajax/vehiculos/actualizarDatosVehiculos.php:12-19 | index_archivos/controllers/VehiculosClass.php:84-105 | index_archivos/controllers/VehiculosClass.php:223-280 | index_archivos/enviarsolicitud_ajax.php:48-114 | VehiculosClass.php:84-105 | VehiculosClass.php:15-22 | VehiculosClass.php:19-24 | VehiculosClass.php:26-52 | VehiculosClass.php:128-136 | VehiculosClass.php:136-146 | VehiculosClass.php:148-154 | VehiculosClass.php:156-205 | VehiculosClass.php:223-280 | VehiculosClass.php:223-233,1,0,FLOW_SEMANTIC_INFERENCE_REVIEW_REQUIRED
vehicle-import-management,dav_damitems,dav,READ_OR_CONTEXT,Entidad de contexto usada por el flujo para consultar o relacionar informacion de negocio.,valorFOB,control de acceso/cliente; transicion o bloqueo por estado; regla documental/carga-descarga; calculo financiero/impositivo; persistencia/atomicidad/concurrencia,variante cliente pendiente de confirmar; catalogo/semantica pendiente,,`dav_dam` / `dav_damitems` | Validacion de vehiculos sin DAM en solicitud.,index_archivos/documentacion.php:31-41 | index_archivos/documentacion.php:381-435 | index_archivos/enviarsolicitud_ajax.php:30-114 | index_archivos/controllers/VehiculosClass.php:15-57 | index_archivos/controllers/VehiculosClass.php:112-217 | index_archivos/logistica/ajax/vehiculos/uploadExcelSolicitud.php:16-123 | index_archivos/logistica/ajax/vehiculos/actualizarDatosVehiculos.php:12-19 | index_archivos/controllers/VehiculosClass.php:84-105 | index_archivos/controllers/VehiculosClass.php:223-280 | index_archivos/enviarsolicitud_ajax.php:48-114 | VehiculosClass.php:84-105 | VehiculosClass.php:15-22 | VehiculosClass.php:19-24 | VehiculosClass.php:26-52 | VehiculosClass.php:128-136 | VehiculosClass.php:136-146 | VehiculosClass.php:148-154 | VehiculosClass.php:156-205 | VehiculosClass.php:223-280 | VehiculosClass.php:223-233,1,0,FLOW_SEMANTIC_INFERENCE_REVIEW_REQUIRED
vehicle-import-management,dav_facturacomercial,dav,READ_OR_CONTEXT,Entidad de contexto usada por el flujo para consultar o relacionar informacion de negocio.,,control de acceso/cliente; transicion o bloqueo por estado; regla documental/carga-descarga; calculo financiero/impositivo; persistencia/atomicidad/concurrencia,variante cliente pendiente de confirmar; catalogo/semantica pendiente,,`dav_facturacomercial` | Relacion para localizar partidas de vehiculos por chasis y caso.,index_archivos/documentacion.php:31-41 | index_archivos/documentacion.php:381-435 | index_archivos/enviarsolicitud_ajax.php:30-114 | index_archivos/controllers/VehiculosClass.php:15-57 | index_archivos/controllers/VehiculosClass.php:112-217 | index_archivos/logistica/ajax/vehiculos/uploadExcelSolicitud.php:16-123 | index_archivos/logistica/ajax/vehiculos/actualizarDatosVehiculos.php:12-19 | index_archivos/controllers/VehiculosClass.php:84-105 | index_archivos/controllers/VehiculosClass.php:223-280 | index_archivos/enviarsolicitud_ajax.php:48-114 | VehiculosClass.php:84-105 | VehiculosClass.php:15-22 | VehiculosClass.php:19-24 | VehiculosClass.php:26-52 | VehiculosClass.php:128-136 | VehiculosClass.php:136-146 | VehiculosClass.php:148-154 | VehiculosClass.php:156-205 | VehiculosClass.php:223-280 | VehiculosClass.php:223-233,11,0,FLOW_SEMANTIC_INFERENCE_REVIEW_REQUIRED
vehicle-import-management,dav_historialmodificacionvehiculos,dav,READ_OR_CONTEXT,"Entidad documental o soporte usado para validar, adjuntar, generar o descargar evidencias.","chasis, flete, idcargado, mensaje, numero_solicitud, pedido, posicion, valorFOB, valoracion",control de acceso/cliente; transicion o bloqueo por estado; regla documental/carga-descarga; calculo financiero/impositivo; persistencia/atomicidad/concurrencia,variante cliente pendiente de confirmar; catalogo/semantica pendiente,,- Las modificaciones masivas se almacenan primero en `dav_historialmodificacionvehiculos`. | El sistema registra cada fila en `dav_historialmodificacionvehiculos` con mensaje de observacion cuando aplica. | `dav_historialmodificacionvehiculos` | Staging y auditoria operativa de modificaciones masivas por Excel. | Carga pendiente | Filas insertadas en `dav_historialmodificacionvehiculos` con `actualizado = 0`.,index_archivos/documentacion.php:31-41 | index_archivos/documentacion.php:381-435 | index_archivos/enviarsolicitud_ajax.php:30-114 | index_archivos/controllers/VehiculosClass.php:15-57 | index_archivos/controllers/VehiculosClass.php:112-217 | index_archivos/logistica/ajax/vehiculos/uploadExcelSolicitud.php:16-123 | index_archivos/logistica/ajax/vehiculos/actualizarDatosVehiculos.php:12-19 | index_archivos/controllers/VehiculosClass.php:84-105 | index_archivos/controllers/VehiculosClass.php:223-280 | index_archivos/enviarsolicitud_ajax.php:48-114 | VehiculosClass.php:84-105 | VehiculosClass.php:15-22 | VehiculosClass.php:19-24 | VehiculosClass.php:26-52 | VehiculosClass.php:128-136 | VehiculosClass.php:136-146 | VehiculosClass.php:148-154 | VehiculosClass.php:156-205 | VehiculosClass.php:223-280 | VehiculosClass.php:223-233,2,0,FLOW_SEMANTIC_INFERENCE_REVIEW_REQUIRED
vehicle-import-management,dav_partidas,dav,READ_OR_CONTEXT,Entidad de contexto usada por el flujo para consultar o relacionar informacion de negocio.,"pedido, posicion, valorFOB, valoracion",control de acceso/cliente; transicion o bloqueo por estado; regla documental/carga-descarga; calculo financiero/impositivo; persistencia/atomicidad/concurrencia,variante cliente pendiente de confirmar; catalogo/semantica pendiente,,"- pedido/posicion/valoracion en `dav_partidas`. | `dav_partidas` | Partidas donde se actualizan pedido, posicion y valoracion por chasis.",index_archivos/documentacion.php:31-41 | index_archivos/documentacion.php:381-435 | index_archivos/enviarsolicitud_ajax.php:30-114 | index_archivos/controllers/VehiculosClass.php:15-57 | index_archivos/controllers/VehiculosClass.php:112-217 | index_archivos/logistica/ajax/vehiculos/uploadExcelSolicitud.php:16-123 | index_archivos/logistica/ajax/vehiculos/actualizarDatosVehiculos.php:12-19 | index_archivos/controllers/VehiculosClass.php:84-105 | index_archivos/controllers/VehiculosClass.php:223-280 | index_archivos/enviarsolicitud_ajax.php:48-114 | VehiculosClass.php:84-105 | VehiculosClass.php:15-22 | VehiculosClass.php:19-24 | VehiculosClass.php:26-52 | VehiculosClass.php:128-136 | VehiculosClass.php:136-146 | VehiculosClass.php:148-154 | VehiculosClass.php:156-205 | VehiculosClass.php:223-280 | VehiculosClass.php:223-233,13,0,FLOW_SEMANTIC_INFERENCE_REVIEW_REQUIRED
vehicle-import-management,dav_vehiculosprevios,dav,READ_OR_CONTEXT,Entidad de contexto usada por el flujo para consultar o relacionar informacion de negocio.,"carpeta, chasis, pedido, posicion, valorFOB, valoracion",control de acceso/cliente; transicion o bloqueo por estado; regla documental/carga-descarga; calculo financiero/impositivo; persistencia/atomicidad/concurrencia,variante cliente pendiente de confirmar; catalogo/semantica pendiente,,"Las unidades de vehiculo se conservan en `dav_vehiculosprevios`. | El sistema cuenta vehiculos de `dav_vehiculosprevios` asociados a la solicitud. | - cambio de solicitud en `dav_vehiculosprevios`, `dav_casos`, `dav_casosprevios` y lotes SOAT. | `dav_vehiculosprevios` | Vehiculos previos de solicitud; contiene chasis, pedido, BL, producto, marca, clase, origen, FOB, error, mensaje e id de solicitud previa. | `dav_vehiculosprevios.error = 0` | Vehiculo sin error bloqueante para cambio de solicitud. | `dav_vehiculosprevios.fecha_info_completa IS NOT NULL` | Vehiculo origen con informacion completa para movimiento AP.",index_archivos/documentacion.php:31-41 | index_archivos/documentacion.php:381-435 | index_archivos/enviarsolicitud_ajax.php:30-114 | index_archivos/controllers/VehiculosClass.php:15-57 | index_archivos/controllers/VehiculosClass.php:112-217 | index_archivos/logistica/ajax/vehiculos/uploadExcelSolicitud.php:16-123 | index_archivos/logistica/ajax/vehiculos/actualizarDatosVehiculos.php:12-19 | index_archivos/controllers/VehiculosClass.php:84-105 | index_archivos/controllers/VehiculosClass.php:223-280 | index_archivos/enviarsolicitud_ajax.php:48-114 | VehiculosClass.php:84-105 | VehiculosClass.php:15-22 | VehiculosClass.php:19-24 | VehiculosClass.php:26-52 | VehiculosClass.php:128-136 | VehiculosClass.php:136-146 | VehiculosClass.php:148-154 | VehiculosClass.php:156-205 | VehiculosClass.php:223-280 | VehiculosClass.php:223-233,8,0,FLOW_SEMANTIC_INFERENCE_REVIEW_REQUIRED
vehicle-import-management,soat_loteitems,transversal,READ_OR_CONTEXT,Entidad de contexto usada por el flujo para consultar o relacionar informacion de negocio.,"fecha, idlote",control de acceso/cliente; transicion o bloqueo por estado; regla documental/carga-descarga; calculo financiero/impositivo; persistencia/atomicidad/concurrencia,variante cliente pendiente de confirmar; catalogo/semantica pendiente,,`soat_loteitems` | Items SOAT reasignados al lote correspondiente al caso asociado al chasis. | `soat_loteitems.idlote` | Asociacion del vehiculo/caso con lote SOAT.,index_archivos/documentacion.php:31-41 | index_archivos/documentacion.php:381-435 | index_archivos/enviarsolicitud_ajax.php:30-114 | index_archivos/controllers/VehiculosClass.php:15-57 | index_archivos/controllers/VehiculosClass.php:112-217 | index_archivos/logistica/ajax/vehiculos/uploadExcelSolicitud.php:16-123 | index_archivos/logistica/ajax/vehiculos/actualizarDatosVehiculos.php:12-19 | index_archivos/controllers/VehiculosClass.php:84-105 | index_archivos/controllers/VehiculosClass.php:223-280 | index_archivos/enviarsolicitud_ajax.php:48-114 | VehiculosClass.php:84-105 | VehiculosClass.php:15-22 | VehiculosClass.php:19-24 | VehiculosClass.php:26-52 | VehiculosClass.php:128-136 | VehiculosClass.php:136-146 | VehiculosClass.php:148-154 | VehiculosClass.php:156-205 | VehiculosClass.php:223-280 | VehiculosClass.php:223-233,2,0,FLOW_SEMANTIC_INFERENCE_REVIEW_REQUIRED
vehicle-import-management,soat_lotes,transversal,READ_OR_CONTEXT,Entidad de contexto usada por el flujo para consultar o relacionar informacion de negocio.,"archivo, fecha, idlote",control de acceso/cliente; transicion o bloqueo por estado; regla documental/carga-descarga; calculo financiero/impositivo; persistencia/atomicidad/concurrencia,variante cliente pendiente de confirmar; catalogo/semantica pendiente,,`soat_lotes` | Lote SOAT creado o reutilizado al mover vehiculos entre solicitudes/casos.,index_archivos/documentacion.php:31-41 | index_archivos/documentacion.php:381-435 | index_archivos/enviarsolicitud_ajax.php:30-114 | index_archivos/controllers/VehiculosClass.php:15-57 | index_archivos/controllers/VehiculosClass.php:112-217 | index_archivos/logistica/ajax/vehiculos/uploadExcelSolicitud.php:16-123 | index_archivos/logistica/ajax/vehiculos/actualizarDatosVehiculos.php:12-19 | index_archivos/controllers/VehiculosClass.php:84-105 | index_archivos/controllers/VehiculosClass.php:223-280 | index_archivos/enviarsolicitud_ajax.php:48-114 | VehiculosClass.php:84-105 | VehiculosClass.php:15-22 | VehiculosClass.php:19-24 | VehiculosClass.php:26-52 | VehiculosClass.php:128-136 | VehiculosClass.php:136-146 | VehiculosClass.php:148-154 | VehiculosClass.php:156-205 | VehiculosClass.php:223-280 | VehiculosClass.php:223-233,0,0,FLOW_SEMANTIC_INFERENCE_REVIEW_REQUIRED
vehicle-invoice-data-bulk-update,dav_casos,dav,READ_OR_CONTEXT,"Catalogo o parametro que condiciona reglas, permisos o variantes del flujo.","cif, cifbs, columna, flete2, flete2bruto, fob, gestion, iddam, idtipodeclaracion, seguro, totalcostos",control de acceso/cliente; transicion o bloqueo por estado; regla documental/carga-descarga; calculo financiero/impositivo; persistencia/atomicidad/concurrencia,atomicidad/concurrencia pendiente; catalogo/semantica pendiente; seguridad/autorizacion sensible,,"- Actualizaciones en `dav_vehiculosprevios`, `dav_facturacomercial`, `dav_documentos`, `dav_damfactura`, `dav_casos`, `dav_dav`, `dav_partidas` y `dav_damitems`. | | Update de `dav_casos.idtipodeclaracion`. | `dav_casosprevios` | Relaciona embarque con solicitudes/casos previos y define si la solicitud fue enviada (`fechafin`). | `dav_casos` | Caso aduanero destino de tipo declaracion, FOB y valores derivados. | `dav_casos.flete2bruto` | `dav_casos.flete2`",index_archivos/logistica/componentes/embarques_ver_gestion_aduanera.php:68 | index_archivos/logistica/componentes/embarques_ver_gestion_aduanera.php:322-324 | index_archivos/logistica/componentes/formatoActualizarFechas.php:8-64 | index_archivos/logistica/componentes/fechasfacturas.php:14-57 | index_archivos/logistica/componentes/fechasfacturas.php:62-66 | index_archivos/logistica/componentes/fechasfacturas.php:87-132 | index_archivos/logistica/componentes/fechasfacturas.php:139-224 | EV-SQL_QUERY-1E16A453C0FC22 .data_base/asgard.sql:17707 READS access to dav_casos | EV-SQL_QUERY-C8AB19C9274D78 .data_base/asgard.sql:17755 READS access to dav_casos | EV-SQL_QUERY-85B23A1F6B1886 .data_base/asgard.sql:17773 READS access to dav_casosprevios | EV-SQL_QUERY-A3D8E3282D4ABA .data_base/asgard.sql:17773 READS access to dav_casos | EV-SQL_QUERY-1A08C59D5D207E .data_base/asgard.sql:17815 READS access to dav_casostarea | EV-SQL_QUERY-F5AD1D6FB7CE71 .data_base/asgard.sql:17821 READS access to dav_casos | EV-SQL_QUERY-21DBC002504852 .data_base/asgard.sql:17827 READS access to dav_casos | EV-SQL_QUERY-F810E95BCF97F6 .data_base/asgard.sql:17839 READS access to dav_casos | EV-SQL_QUERY-6078F1BF55EFAA .data_base/asgard.sql:17875 READS access to dav_casos | EV-SQL_QUERY-A3EEC206C5E6EE .data_base/asgard.sql:17881 READS access to dav_casos | EV-SQL_QUERY-CE70168053BD60 .data_base/asgard.sql:17887 READS access to dav_casos | EV-SQL_QUERY-510EF36FB05331 .data_base/asgard.sql:17893 READS access to dav_casosprevios | EV-SQL_QUERY-5EE6AF5366A82A .data_base/asgard.sql:17893 READS access to dav_casos,23,3,FLOW_SEMANTIC_INFERENCE_REVIEW_REQUIRED
vehicle-invoice-data-bulk-update,dav_damfactura,dav,READ_OR_CONTEXT,"Entidad documental o soporte usado para validar, adjuntar, generar o descargar evidencias.","fecha, iddam, monto, nofactura, observaciones, valorFOB",control de acceso/cliente; transicion o bloqueo por estado; regla documental/carga-descarga; calculo financiero/impositivo; persistencia/atomicidad/concurrencia,atomicidad/concurrencia pendiente; catalogo/semantica pendiente; seguridad/autorizacion sensible,,"- Actualizaciones en `dav_vehiculosprevios`, `dav_facturacomercial`, `dav_documentos`, `dav_damfactura`, `dav_casos`, `dav_dav`, `dav_partidas` y `dav_damitems`. | `dav_damfactura` | Fecha, numero y monto agregado de factura DAM. | `dav_damfactura.monto` | `dav_damfactura.valorFOB` ## Observaciones de calidad de datos",index_archivos/logistica/componentes/embarques_ver_gestion_aduanera.php:68 | index_archivos/logistica/componentes/embarques_ver_gestion_aduanera.php:322-324 | index_archivos/logistica/componentes/formatoActualizarFechas.php:8-64 | index_archivos/logistica/componentes/fechasfacturas.php:14-57 | index_archivos/logistica/componentes/fechasfacturas.php:62-66 | index_archivos/logistica/componentes/fechasfacturas.php:87-132 | index_archivos/logistica/componentes/fechasfacturas.php:139-224,0,0,FLOW_SEMANTIC_INFERENCE_REVIEW_REQUIRED
vehicle-invoice-data-bulk-update,dav_damitems,dav,READ_OR_CONTEXT,"Entidad documental o soporte usado para validar, adjuntar, generar o descargar evidencias.","ice, iddam, observaciones, valorFOB, valoraduana, valoraduanaunitario",control de acceso/cliente; transicion o bloqueo por estado; regla documental/carga-descarga; calculo financiero/impositivo; persistencia/atomicidad/concurrencia,atomicidad/concurrencia pendiente; catalogo/semantica pendiente; seguridad/autorizacion sensible,,"- Actualizaciones en `dav_vehiculosprevios`, `dav_facturacomercial`, `dav_documentos`, `dav_damfactura`, `dav_casos`, `dav_dav`, `dav_partidas` y `dav_damitems`. | `dav_damitems` | Items DAM por chasis; recibe valores derivados.",index_archivos/logistica/componentes/embarques_ver_gestion_aduanera.php:68 | index_archivos/logistica/componentes/embarques_ver_gestion_aduanera.php:322-324 | index_archivos/logistica/componentes/formatoActualizarFechas.php:8-64 | index_archivos/logistica/componentes/fechasfacturas.php:14-57 | index_archivos/logistica/componentes/fechasfacturas.php:62-66 | index_archivos/logistica/componentes/fechasfacturas.php:87-132 | index_archivos/logistica/componentes/fechasfacturas.php:139-224 | EV-SQL_QUERY-07DF63E919EBED .data_base/asgard.sql:18247 READS access to dav_damitems,1,0,FLOW_SEMANTIC_INFERENCE_REVIEW_REQUIRED
vehicle-invoice-data-bulk-update,dav_dav,dav,READ_OR_CONTEXT,"Entidad documental o soporte usado para validar, adjuntar, generar o descargar evidencias.","flete2, fob, referencia, seguro, tipo",control de acceso/cliente; transicion o bloqueo por estado; regla documental/carga-descarga; calculo financiero/impositivo; persistencia/atomicidad/concurrencia,atomicidad/concurrencia pendiente; catalogo/semantica pendiente; seguridad/autorizacion sensible,,"- Actualizaciones en `dav_vehiculosprevios`, `dav_facturacomercial`, `dav_documentos`, `dav_damfactura`, `dav_casos`, `dav_dav`, `dav_partidas` y `dav_damitems`. | `dav_dav` | Declaracion DAV actualizada desde valores del caso.",index_archivos/logistica/componentes/embarques_ver_gestion_aduanera.php:68 | index_archivos/logistica/componentes/embarques_ver_gestion_aduanera.php:322-324 | index_archivos/logistica/componentes/formatoActualizarFechas.php:8-64 | index_archivos/logistica/componentes/fechasfacturas.php:14-57 | index_archivos/logistica/componentes/fechasfacturas.php:62-66 | index_archivos/logistica/componentes/fechasfacturas.php:87-132 | index_archivos/logistica/componentes/fechasfacturas.php:139-224 | EV-SQL_QUERY-5DEAF072CA5DB9 .data_base/asgard.sql:17707 READS access to dav_dav | EV-SQL_QUERY-D848D37AFC971F .data_base/asgard.sql:17917 READS access to dav_dav | EV-SQL_QUERY-7154CF165DC530 .data_base/asgard.sql:39830 READS access to dav_dav | EV-SQL_QUERY-9334E2A7EC66F5 .data_base/asgard.sql:40351 READS access to dav_dav | EV-SQL_QUERY-F94D79F54B6E3F .data_base/asgard.sql:40768 READS access to dav_dav | EV-SQL_QUERY-6D2CA1268BC471 .data_base/asgard.sql:40915 READS access to dav_dav | EV-SQL_QUERY-9761C13ED560A0 .data_base/asgard.sql:46140 READS access to dav_dav | EV-SQL_QUERY-874E5552532466 index_archivos/intercambioDocumental/Utils/OcrUtil.php:153 READS access to dav_dav | EV-SQL_QUERY-5438E3F64D4CB2 index_archivos/logistica/DemisClass.php:28 READS access to dav_dav | EV-SQL_QUERY-7F79C58D56A724 index_archivos/logistica/DemisClass.php:68 READS access to dav_dav | EV-SQL_QUERY-1070B28E855EBB index_archivos/logistica/DemisClass.php:407 WRITES access to dav_dav | EV-SQL_QUERY-9F0F524ED7DBD4 index_archivos/logistica/DemisClass.php:422 WRITES access to dav_dav | EV-SQL_QUERY-48BD112473C71C index_archivos/logistica/DemisClass.php:454 READS access to dav_dav,6,1,FLOW_SEMANTIC_INFERENCE_REVIEW_REQUIRED
vehicle-invoice-data-bulk-update,dav_documentos,dav,READ_OR_CONTEXT,"Entidad documental o soporte usado para validar, adjuntar, generar o descargar evidencias.","fecha, importe, numero, observaciones",control de acceso/cliente; transicion o bloqueo por estado; regla documental/carga-descarga; calculo financiero/impositivo; persistencia/atomicidad/concurrencia,atomicidad/concurrencia pendiente; catalogo/semantica pendiente; seguridad/autorizacion sensible,,"- Actualizaciones en `dav_vehiculosprevios`, `dav_facturacomercial`, `dav_documentos`, `dav_damfactura`, `dav_casos`, `dav_dav`, `dav_partidas` y `dav_damitems`. | `dav_documentos` | Fecha, numero e importe del documento de factura.",index_archivos/logistica/componentes/embarques_ver_gestion_aduanera.php:68 | index_archivos/logistica/componentes/embarques_ver_gestion_aduanera.php:322-324 | index_archivos/logistica/componentes/formatoActualizarFechas.php:8-64 | index_archivos/logistica/componentes/fechasfacturas.php:14-57 | index_archivos/logistica/componentes/fechasfacturas.php:62-66 | index_archivos/logistica/componentes/fechasfacturas.php:87-132 | index_archivos/logistica/componentes/fechasfacturas.php:139-224 | EV-SQL_QUERY-3022DF1C6F2AF1 .data_base/asgard.sql:27310 READS access to dav_documentos | EV-SQL_QUERY-0BDD5A9064DD2D .data_base/asgard.sql:27328 READS access to dav_documentos | EV-SQL_QUERY-D3CFF6D4BE82D8 .data_base/asgard.sql:27362 READS access to dav_documentos | EV-SQL_QUERY-17AFB553765DFF .data_base/asgard.sql:28652 READS access to dav_documentos | EV-SQL_QUERY-B2768B1BD8685D .data_base/asgard.sql:28693 READS access to dav_documentos | EV-SQL_QUERY-583847723BFE99 .data_base/asgard.sql:28710 READS access to dav_documentos | EV-SQL_QUERY-AEEFDA43E1988F .data_base/asgard.sql:28727 READS access to dav_documentos | EV-SQL_QUERY-B45187DD0E0DFA .data_base/asgard.sql:28744 READS access to dav_documentos | EV-SQL_QUERY-EB5113A2C62817 .data_base/asgard.sql:28768 READS access to dav_documentos | EV-SQL_QUERY-4DB286B1AE16A1 .data_base/asgard.sql:28785 READS access to dav_documentos | EV-SQL_QUERY-7F481FAD20184B .data_base/asgard.sql:29010 READS access to dav_documentos | EV-SQL_QUERY-4C5C795FB65FFD .data_base/asgard.sql:30899 READS access to dav_documentos | EV-SQL_QUERY-51D13CD7F755F5 .data_base/asgard.sql:31411 READS access to dav_documentos,5,1,FLOW_SEMANTIC_INFERENCE_REVIEW_REQUIRED
vehicle-invoice-data-bulk-update,dav_facturacomercial,dav,READ_OR_CONTEXT,"Entidad documental o soporte usado para validar, adjuntar, generar o descargar evidencias.","fechafactura, nofactura",control de acceso/cliente; transicion o bloqueo por estado; regla documental/carga-descarga; calculo financiero/impositivo; persistencia/atomicidad/concurrencia,atomicidad/concurrencia pendiente; catalogo/semantica pendiente; seguridad/autorizacion sensible,,"- Actualizaciones en `dav_vehiculosprevios`, `dav_facturacomercial`, `dav_documentos`, `dav_damfactura`, `dav_casos`, `dav_dav`, `dav_partidas` y `dav_damitems`. | `dav_facturacomercial` | Fecha y numero de factura comercial por caso.",index_archivos/logistica/componentes/embarques_ver_gestion_aduanera.php:68 | index_archivos/logistica/componentes/embarques_ver_gestion_aduanera.php:322-324 | index_archivos/logistica/componentes/formatoActualizarFechas.php:8-64 | index_archivos/logistica/componentes/fechasfacturas.php:14-57 | index_archivos/logistica/componentes/fechasfacturas.php:62-66 | index_archivos/logistica/componentes/fechasfacturas.php:87-132 | index_archivos/logistica/componentes/fechasfacturas.php:139-224 | EV-SQL_QUERY-EA5CECD49E45DC .data_base/asgard.sql:17749 READS access to dav_facturacomercial | EV-SQL_QUERY-E0B4CE612BC841 .data_base/asgard.sql:17773 READS access to dav_facturacomercial | EV-SQL_QUERY-F741221752A150 .data_base/asgard.sql:17809 READS access to dav_facturacomercial | EV-SQL_QUERY-D8FA4064EF353B .data_base/asgard.sql:17827 READS access to dav_facturacomercial | EV-SQL_QUERY-016F3CBB861849 .data_base/asgard.sql:17875 READS access to dav_facturacomercial | EV-SQL_QUERY-6D6F63E1CC8C17 .data_base/asgard.sql:17881 READS access to dav_facturacomercial | EV-SQL_QUERY-43F69C8B079F08 .data_base/asgard.sql:17893 READS access to dav_facturacomercial | EV-SQL_QUERY-34BD0FC416E48A .data_base/asgard.sql:17935 READS access to dav_facturacomercial | EV-SQL_QUERY-BA17A572CE7EC0 .data_base/asgard.sql:18213 READS access to dav_facturacomercial | EV-SQL_QUERY-F7242CD4237F7D .data_base/asgard.sql:18238 READS access to dav_facturacomercial | EV-SQL_QUERY-54E651DF531E4E .data_base/asgard.sql:27287 READS access to dav_facturacomercial | EV-SQL_QUERY-C2ACEBCD750270 .data_base/asgard.sql:27460 READS access to dav_facturacomercial | EV-SQL_QUERY-CB8F0C08DC088D .data_base/asgard.sql:27511 READS access to dav_facturacomercial,11,0,FLOW_SEMANTIC_INFERENCE_REVIEW_REQUIRED
vehicle-invoice-data-bulk-update,dav_partidas,dav,READ_OR_CONTEXT,"Entidad documental o soporte usado para validar, adjuntar, generar o descargar evidencias.","gas, ice, valorFOB, valoraduana, valoraduanaunitario",control de acceso/cliente; transicion o bloqueo por estado; regla documental/carga-descarga; calculo financiero/impositivo; persistencia/atomicidad/concurrencia,atomicidad/concurrencia pendiente; catalogo/semantica pendiente; seguridad/autorizacion sensible,,"- Actualizaciones en `dav_vehiculosprevios`, `dav_facturacomercial`, `dav_documentos`, `dav_damfactura`, `dav_casos`, `dav_dav`, `dav_partidas` y `dav_damitems`. | `dav_partidas` | Partida aduanera por chasis; recibe FOB y valores aduaneros derivados. | `dav_partidas.valoraduana` | `dav_partidas.valoraduanaunitario`",index_archivos/logistica/componentes/embarques_ver_gestion_aduanera.php:68 | index_archivos/logistica/componentes/embarques_ver_gestion_aduanera.php:322-324 | index_archivos/logistica/componentes/formatoActualizarFechas.php:8-64 | index_archivos/logistica/componentes/fechasfacturas.php:14-57 | index_archivos/logistica/componentes/fechasfacturas.php:62-66 | index_archivos/logistica/componentes/fechasfacturas.php:87-132 | index_archivos/logistica/componentes/fechasfacturas.php:139-224 | EV-SQL_QUERY-5FB1B91D624793 .data_base/asgard.sql:17743 READS access to dav_partidas | EV-SQL_QUERY-84D976F52CA0AB .data_base/asgard.sql:17749 READS access to dav_partidas | EV-SQL_QUERY-F7BE030AB2BD95 .data_base/asgard.sql:17773 READS access to dav_partidas | EV-SQL_QUERY-5025CB0B535FA8 .data_base/asgard.sql:17809 READS access to dav_partidas | EV-SQL_QUERY-0E36D68C2A2659 .data_base/asgard.sql:17917 READS access to dav_partidas | EV-SQL_QUERY-EEA48DA51BA81B .data_base/asgard.sql:17935 READS access to dav_partidas | EV-SQL_QUERY-E59D6886D0E192 .data_base/asgard.sql:18215 READS access to dav_partidas | EV-SQL_QUERY-481BA62807E5BD .data_base/asgard.sql:18236 READS access to dav_partidas | EV-SQL_QUERY-A607ACE1B59F76 .data_base/asgard.sql:27285 READS access to dav_partidas | EV-SQL_QUERY-5DDFACFC37BC88 .data_base/asgard.sql:27509 READS access to dav_partidas | EV-SQL_QUERY-CFAD29105C7640 .data_base/asgard.sql:28126 READS access to dav_partidas | EV-SQL_QUERY-A213F94B71F480 .data_base/asgard.sql:28209 READS access to dav_partidas | EV-SQL_QUERY-4A9B90C9BB5BFB .data_base/asgard.sql:28284 READS access to dav_partidas,13,0,FLOW_SEMANTIC_INFERENCE_REVIEW_REQUIRED
vehicle-invoice-data-bulk-update,dav_vehiculosprevios,dav,READ_OR_CONTEXT,"Entidad documental o soporte usado para validar, adjuntar, generar o descargar evidencias.","chasis, destino, fechafactura, fila, gas, marca, nofactura, partida, seguro, tipodeclaracion, valorFOB",control de acceso/cliente; transicion o bloqueo por estado; regla documental/carga-descarga; calculo financiero/impositivo; persistencia/atomicidad/concurrencia,atomicidad/concurrencia pendiente; catalogo/semantica pendiente; seguridad/autorizacion sensible,,"- Actualizaciones en `dav_vehiculosprevios`, `dav_facturacomercial`, `dav_documentos`, `dav_damfactura`, `dav_casos`, `dav_dav`, `dav_partidas` y `dav_damitems`. | `dav_vehiculosprevios` | Fuente y destino de chasis, fecha factura, numero factura y valor FOB en etapa previa.",index_archivos/logistica/componentes/embarques_ver_gestion_aduanera.php:68 | index_archivos/logistica/componentes/embarques_ver_gestion_aduanera.php:322-324 | index_archivos/logistica/componentes/formatoActualizarFechas.php:8-64 | index_archivos/logistica/componentes/fechasfacturas.php:14-57 | index_archivos/logistica/componentes/fechasfacturas.php:62-66 | index_archivos/logistica/componentes/fechasfacturas.php:87-132 | index_archivos/logistica/componentes/fechasfacturas.php:139-224 | EV-SQL_QUERY-F0EFCCEF665D3B .data_base/asgard.sql:17899 READS access to dav_vehiculosprevios | EV-SQL_QUERY-0E8CB27E2E82B1 .data_base/asgard.sql:17905 READS access to dav_vehiculosprevios | EV-SQL_QUERY-B0309062D9B61E .data_base/asgard.sql:17911 READS access to dav_vehiculosprevios | EV-SQL_QUERY-BAD1B164D4C6FE .data_base/asgard.sql:18249 READS access to dav_vehiculosprevios | EV-SQL_QUERY-D222D0FAB4CFB8 .data_base/asgard.sql:18274 READS access to dav_vehiculosprevios | EV-SQL_QUERY-1738A7FBF5C079 .data_base/asgard.sql:28929 READS access to dav_vehiculosprevios | EV-SQL_QUERY-4749E972DB8E4F .data_base/asgard.sql:29209 READS access to dav_vehiculosprevios | EV-SQL_QUERY-732AE32DA56C85 .data_base/asgard.sql:45554 READS access to dav_vehiculosprevios | EV-SQL_QUERY-B9BF2896882D8B .data_base/asgard.sql:46022 READS access to dav_vehiculosprevios | EV-SQL_QUERY-FAEB7B33619046 .data_base/asgard.sql:46223 READS access to dav_vehiculosprevios | EV-SQL_QUERY-CD33E42C4AB01D index_archivos/controllers/VehiculosClass.php:268 READS access to dav_vehiculosprevios | EV-SQL_QUERY-585416EF6318C2 index_archivos/documentacion.php:446 READS access to dav_vehiculosprevios | EV-SQL_QUERY-108ABBC3B97EDB index_archivos/enviarsolicitud_ajax.php:91 READS access to dav_vehiculosprevios,8,0,FLOW_SEMANTIC_INFERENCE_REVIEW_REQUIRED
vehicle-reception-part-ocr-document-generation,dav_casos,dav,READ_OR_CONTEXT,"Entidad documental o soporte usado para validar, adjuntar, generar o descargar evidencias.","anulado, idcasos, idcliente, idtipodeclaracion, pedido",control de acceso/cliente; transicion o bloqueo por estado; regla documental/carga-descarga; calculo financiero/impositivo; persistencia/atomicidad/concurrencia; notificacion o acceso externo,atomicidad/concurrencia pendiente; catalogo/semantica pendiente; seguridad/autorizacion sensible,,`dav_casosprevios` | Resolver cliente por embarque/exchange. | `dav_casos` | Caso vehicular destino del documento.,index_archivos/intercambioDocumental/ajax/lectura-ocr-pr.php:1-25 | index_archivos/intercambioDocumental/Utils/OcrUtil.php:121-128 | lectura-ocr-pr.php:20-21 | lectura-ocr-pr.php:22-65 | OcrUtil.php:48-62 | OcrUtil.php:121-128 | OcrUtil.php:134-138 | OcrUtil.php:149-158 | OcrUtil.php:17 | OcrUtil.php:164-166 | OcrUtil.php:161 | OcrUtil.php:181-187 | OcrUtil.php:162 | OcrUtil.php:175-178 | OcrUtil.php:190-219 | OcrUtil.php:126-128 | OcrUtil.php:164-167 | lectura-ocr-pr.php:6-11 | lectura-ocr-pr.php:13-18 | .data_base/asgard.sql:13045-13068,23,3,FLOW_SEMANTIC_INFERENCE_REVIEW_REQUIRED
vehicle-reception-part-ocr-document-generation,dav_casosprevios,dav,READ_OR_CONTEXT,Entidad de contexto usada por el flujo para consultar o relacionar informacion de negocio.,"idExchange, idcliente, idembarquelogis, idtipodeclaracion, pedido",control de acceso/cliente; transicion o bloqueo por estado; regla documental/carga-descarga; calculo financiero/impositivo; persistencia/atomicidad/concurrencia; notificacion o acceso externo,atomicidad/concurrencia pendiente; catalogo/semantica pendiente; seguridad/autorizacion sensible,,`dav_casosprevios` | Resolver cliente por embarque/exchange.,index_archivos/intercambioDocumental/ajax/lectura-ocr-pr.php:1-25 | index_archivos/intercambioDocumental/Utils/OcrUtil.php:121-128 | lectura-ocr-pr.php:20-21 | lectura-ocr-pr.php:22-65 | OcrUtil.php:48-62 | OcrUtil.php:121-128 | OcrUtil.php:134-138 | OcrUtil.php:149-158 | OcrUtil.php:17 | OcrUtil.php:164-166 | OcrUtil.php:161 | OcrUtil.php:181-187 | OcrUtil.php:162 | OcrUtil.php:175-178 | OcrUtil.php:190-219 | OcrUtil.php:126-128 | OcrUtil.php:164-167 | lectura-ocr-pr.php:6-11 | lectura-ocr-pr.php:13-18 | .data_base/asgard.sql:13045-13068,22,3,FLOW_SEMANTIC_INFERENCE_REVIEW_REQUIRED
vehicle-reception-part-ocr-document-generation,dav_dav,dav,READ_OR_CONTEXT,Entidad de contexto usada por el flujo para consultar o relacionar informacion de negocio.,"idcasos, idcliente, iddav",control de acceso/cliente; transicion o bloqueo por estado; regla documental/carga-descarga; calculo financiero/impositivo; persistencia/atomicidad/concurrencia; notificacion o acceso externo,atomicidad/concurrencia pendiente; catalogo/semantica pendiente; seguridad/autorizacion sensible,,`dav_dav` | Puente de partida a caso.,index_archivos/intercambioDocumental/ajax/lectura-ocr-pr.php:1-25 | index_archivos/intercambioDocumental/Utils/OcrUtil.php:121-128 | lectura-ocr-pr.php:20-21 | lectura-ocr-pr.php:22-65 | OcrUtil.php:48-62 | OcrUtil.php:121-128 | OcrUtil.php:134-138 | OcrUtil.php:149-158 | OcrUtil.php:17 | OcrUtil.php:164-166 | OcrUtil.php:161 | OcrUtil.php:181-187 | OcrUtil.php:162 | OcrUtil.php:175-178 | OcrUtil.php:190-219 | OcrUtil.php:126-128 | OcrUtil.php:164-167 | lectura-ocr-pr.php:6-11 | lectura-ocr-pr.php:13-18 | .data_base/asgard.sql:13045-13068,6,1,FLOW_SEMANTIC_INFERENCE_REVIEW_REQUIRED
vehicle-reception-part-ocr-document-generation,dav_documentos,dav,READ_OR_CONTEXT,"Catalogo o parametro que condiciona reglas, permisos o variantes del flujo.","emitido, fecha, fecharecepcion, idcasos, iddav, idtipodocumento, numero",control de acceso/cliente; transicion o bloqueo por estado; regla documental/carga-descarga; calculo financiero/impositivo; persistencia/atomicidad/concurrencia; notificacion o acceso externo,atomicidad/concurrencia pendiente; catalogo/semantica pendiente; seguridad/autorizacion sensible,,"- Creacion de `dav_documentos` tipo `71` si no existe previamente para el caso. | Si encuentra caso vehicular y no existe documento tipo `71`, crea `dav_documentos`. | `dav_documentos` | Documento 901/tipo `71` generado. | Insertar documento tipo `71` | `dav_documentos` | `OcrUtil.php:164-167` | ## Integraciones observadas | Si no existe documento tipo `71`, ASGARD lo inserta en `dav_documentos`.",index_archivos/intercambioDocumental/ajax/lectura-ocr-pr.php:1-25 | index_archivos/intercambioDocumental/Utils/OcrUtil.php:121-128 | lectura-ocr-pr.php:20-21 | lectura-ocr-pr.php:22-65 | OcrUtil.php:48-62 | OcrUtil.php:121-128 | OcrUtil.php:134-138 | OcrUtil.php:149-158 | OcrUtil.php:17 | OcrUtil.php:164-166 | OcrUtil.php:161 | OcrUtil.php:181-187 | OcrUtil.php:162 | OcrUtil.php:175-178 | OcrUtil.php:190-219 | OcrUtil.php:126-128 | OcrUtil.php:164-167 | lectura-ocr-pr.php:6-11 | lectura-ocr-pr.php:13-18 | .data_base/asgard.sql:13045-13068,5,1,FLOW_SEMANTIC_INFERENCE_REVIEW_REQUIRED
vehicle-reception-part-ocr-document-generation,dav_partidas,dav,READ_OR_CONTEXT,"Catalogo o parametro que condiciona reglas, permisos o variantes del flujo.","iddav, idmercancia, otroparametro10, pedido",control de acceso/cliente; transicion o bloqueo por estado; regla documental/carga-descarga; calculo financiero/impositivo; persistencia/atomicidad/concurrencia; notificacion o acceso externo,atomicidad/concurrencia pendiente; catalogo/semantica pendiente; seguridad/autorizacion sensible,,"Para cada chasis, ASGARD busca caso no anulado por `dav_partidas.otroparametro10`. | `dav_partidas` | Busqueda de chasis declarado. | ASGARD busca casos por chasis en `dav_partidas.otroparametro10` y mercancias `15`/`34`.",index_archivos/intercambioDocumental/ajax/lectura-ocr-pr.php:1-25 | index_archivos/intercambioDocumental/Utils/OcrUtil.php:121-128 | lectura-ocr-pr.php:20-21 | lectura-ocr-pr.php:22-65 | OcrUtil.php:48-62 | OcrUtil.php:121-128 | OcrUtil.php:134-138 | OcrUtil.php:149-158 | OcrUtil.php:17 | OcrUtil.php:164-166 | OcrUtil.php:161 | OcrUtil.php:181-187 | OcrUtil.php:162 | OcrUtil.php:175-178 | OcrUtil.php:190-219 | OcrUtil.php:126-128 | OcrUtil.php:164-167 | lectura-ocr-pr.php:6-11 | lectura-ocr-pr.php:13-18 | .data_base/asgard.sql:13045-13068,13,0,FLOW_SEMANTIC_INFERENCE_REVIEW_REQUIRED
vehicle-reception-part-ocr-document-generation,logis_embarques,logis,READ_OR_CONTEXT,Entidad de contexto usada por el flujo para consultar o relacionar informacion de negocio.,"id, idExchange, idcliente",control de acceso/cliente; transicion o bloqueo por estado; regla documental/carga-descarga; calculo financiero/impositivo; persistencia/atomicidad/concurrencia; notificacion o acceso externo,atomicidad/concurrencia pendiente; catalogo/semantica pendiente; seguridad/autorizacion sensible,,`logis_embarques` | Resolver cliente por `idExchange`.,index_archivos/intercambioDocumental/ajax/lectura-ocr-pr.php:1-25 | index_archivos/intercambioDocumental/Utils/OcrUtil.php:121-128 | lectura-ocr-pr.php:20-21 | lectura-ocr-pr.php:22-65 | OcrUtil.php:48-62 | OcrUtil.php:121-128 | OcrUtil.php:134-138 | OcrUtil.php:149-158 | OcrUtil.php:17 | OcrUtil.php:164-166 | OcrUtil.php:161 | OcrUtil.php:181-187 | OcrUtil.php:162 | OcrUtil.php:175-178 | OcrUtil.php:190-219 | OcrUtil.php:126-128 | OcrUtil.php:164-167 | lectura-ocr-pr.php:6-11 | lectura-ocr-pr.php:13-18 | .data_base/asgard.sql:13045-13068,25,3,FLOW_SEMANTIC_INFERENCE_REVIEW_REQUIRED
vehicle-reception-part-ocr-document-generation,ocr_lecturas,documentos,READ_OR_CONTEXT,"Entidad documental o soporte usado para validar, adjuntar, generar o descargar evidencias.","id, lecturas, modelo",control de acceso/cliente; transicion o bloqueo por estado; regla documental/carga-descarga; calculo financiero/impositivo; persistencia/atomicidad/concurrencia; notificacion o acceso externo,atomicidad/concurrencia pendiente; catalogo/semantica pendiente; seguridad/autorizacion sensible,,- Conteo de hojas/modelo en `ocr_lecturas`. | ASGARD espera resultado exitoso y suma cantidad de hojas leidas en `ocr_lecturas`. | BR-VRPODG-003 | Cada resultado exitoso incrementa o inserta conteo en `ocr_lecturas` por modelo OCR. | `ocr_lecturas` | Contador de hojas OCR por modelo. | Insertar/incrementar contador OCR | `ocr_lecturas` | `OcrUtil.php:48-62` | | El OCR PR incrementa/crea conteo en `ocr_lecturas`.,index_archivos/intercambioDocumental/ajax/lectura-ocr-pr.php:1-25 | index_archivos/intercambioDocumental/Utils/OcrUtil.php:121-128 | lectura-ocr-pr.php:20-21 | lectura-ocr-pr.php:22-65 | OcrUtil.php:48-62 | OcrUtil.php:121-128 | OcrUtil.php:134-138 | OcrUtil.php:149-158 | OcrUtil.php:17 | OcrUtil.php:164-166 | OcrUtil.php:161 | OcrUtil.php:181-187 | OcrUtil.php:162 | OcrUtil.php:175-178 | OcrUtil.php:190-219 | OcrUtil.php:126-128 | OcrUtil.php:164-167 | lectura-ocr-pr.php:6-11 | lectura-ocr-pr.php:13-18 | .data_base/asgard.sql:13045-13068,0,2,FLOW_SEMANTIC_INFERENCE_REVIEW_REQUIRED
vehicle-reception-part-ocr-document-generation,ocr_parte_recepcion,documentos,READ_OR_CONTEXT,"Entidad documental o soporte usado para validar, adjuntar, generar o descargar evidencias.","detalle_chasis, fecha_emision, id, numero",control de acceso/cliente; transicion o bloqueo por estado; regla documental/carga-descarga; calculo financiero/impositivo; persistencia/atomicidad/concurrencia; notificacion o acceso externo,atomicidad/concurrencia pendiente; catalogo/semantica pendiente; seguridad/autorizacion sensible,,- Insercion de datos OCR en `ocr_parte_recepcion`. | ASGARD registra datos del Parte de Recepcion en `ocr_parte_recepcion`. | BR-VRPODG-004 | La lectura del Parte de Recepcion se persiste en `ocr_parte_recepcion`. | `ocr_parte_recepcion` | Lectura estructurada del Parte de Recepcion. | Insertar lectura PR | `ocr_parte_recepcion` | `OcrUtil.php:126-128` | | Lectura registrada | Fila insertada en `ocr_parte_recepcion`.,index_archivos/intercambioDocumental/ajax/lectura-ocr-pr.php:1-25 | index_archivos/intercambioDocumental/Utils/OcrUtil.php:121-128 | lectura-ocr-pr.php:20-21 | lectura-ocr-pr.php:22-65 | OcrUtil.php:48-62 | OcrUtil.php:121-128 | OcrUtil.php:134-138 | OcrUtil.php:149-158 | OcrUtil.php:17 | OcrUtil.php:164-166 | OcrUtil.php:161 | OcrUtil.php:181-187 | OcrUtil.php:162 | OcrUtil.php:175-178 | OcrUtil.php:190-219 | OcrUtil.php:126-128 | OcrUtil.php:164-167 | lectura-ocr-pr.php:6-11 | lectura-ocr-pr.php:13-18 | .data_base/asgard.sql:13045-13068,0,1,FLOW_SEMANTIC_INFERENCE_REVIEW_REQUIRED
vehicle-request-bulk-update,dav_historialmodificacionvehiculos,dav,REPORTING_READ_MODEL,Entidad de contexto usada por el flujo para consultar o relacionar informacion de negocio.,"actualizado, created_at, created_by, idcargado, mensaje",control de acceso/cliente; transicion o bloqueo por estado; regla documental/carga-descarga; calculo financiero/impositivo; persistencia/atomicidad/concurrencia,SQL construido dinamicamente; seguridad/autorizacion sensible,,"- Registro temporal/historico por `idcargado` en `dav_historialmodificacionvehiculos`. | `.data_base/asgard.sql` | Tabla `dav_historialmodificacionvehiculos`. | BR-VRBU-012 | Tras aplicar cambios, `dav_historialmodificacionvehiculos.actualizado` pasa a `1`. | `dav_historialmodificacionvehiculos` | Staging, auditoria y exportacion de cambios por `idcargado`. | Upload rows are staged in `dav_historialmodificacionvehiculos` by `idcargado`.",EV-SQL_QUERY-8BA64888006E61 index_archivos/controllers/VehiculosClass.php:57 READS access to dav_historialmodificacionvehiculos | EV-SQL_QUERY-77D5418911B816 index_archivos/controllers/VehiculosClass.php:78 READS access to dav_historialmodificacionvehiculos | EV-SQL_QUERY-C37B34EE779341 index_archivos/controllers/VehiculosClass.php:113 READS access to dav_historialmodificacionvehiculos | EV-SQL_QUERY-12EAA46E4AF7C0 index_archivos/logistica/ajax/vehiculos/historialModificaciones.php:16 READS access to dav_historialmodificacionvehiculos,2,0,FLOW_SEMANTIC_INFERENCE_REVIEW_REQUIRED
vehicle-request-bulk-update,soat_loteitems,transversal,REPORTING_READ_MODEL,Entidad de contexto usada por el flujo para consultar o relacionar informacion de negocio.,"fecha, idcaso",control de acceso/cliente; transicion o bloqueo por estado; regla documental/carga-descarga; calculo financiero/impositivo; persistencia/atomicidad/concurrencia,SQL construido dinamicamente; seguridad/autorizacion sensible,,"`soat_lotes`, `soat_loteitems` | Lote SOAT ajustado al mover solicitud.",EV-SQL_QUERY-F6D07BC602FE45 .data_base/asgard.sql:17887 READS access to soat_loteitems | EV-SQL_QUERY-8A4DB5E6374FDC .data_base/asgard.sql:31233 READS access to soat_loteitems | EV-SQL_QUERY-9DFCDB1E775C41 .data_base/asgard.sql:31277 READS access to soat_loteitems | EV-SQL_QUERY-48BA0A68D8DC3B .data_base/asgard.sql:31319 READS access to soat_loteitems | EV-SQL_QUERY-D52835AF9D65E3 .data_base/asgard.sql:31373 READS access to soat_loteitems | EV-SQL_QUERY-4F92E92FC90AD6 index_archivos/controllers/VehiculosClass.php:310 READS access to soat_loteitems,2,0,FLOW_SEMANTIC_INFERENCE_REVIEW_REQUIRED
vehicle-request-bulk-update,soat_lotes,transversal,REPORTING_READ_MODEL,Entidad de contexto usada por el flujo para consultar o relacionar informacion de negocio.,"archivo, fecha",control de acceso/cliente; transicion o bloqueo por estado; regla documental/carga-descarga; calculo financiero/impositivo; persistencia/atomicidad/concurrencia,SQL construido dinamicamente; seguridad/autorizacion sensible,,"`soat_lotes`, `soat_loteitems` | Lote SOAT ajustado al mover solicitud.",,0,0,FLOW_SEMANTIC_INFERENCE_REVIEW_REQUIRED
vehicle-sales-invoice-ocr-ledger-capture,logis_libroventas,logis,CREATE,Entidad transaccional modificada por el flujo; sus cambios deben caracterizarse antes de refactor.,"chasis, fecha, importe, nit, noautorizacion, nofactura, preciounitario",control de acceso/cliente; transicion o bloqueo por estado; regla documental/carga-descarga; calculo financiero/impositivo; persistencia/atomicidad/concurrencia,SQL construido dinamicamente; atomicidad/concurrencia pendiente; seguridad/autorizacion sensible,INSERT INTO,"# Vehicle Sales Invoice OCR Ledger Capture - Process Definition ## Estado INFERRED_DRAFT_REVIEW_REQUIRED ## Objetivo de negocio Leer facturas Imcruz por OCR desde documentos PDF o paquetes y registrar facturas de venta de vehiculos en `logis_libroventas` evitando duplicados por fecha y numero. | - Insercion en `logis_libroventas` si no existe factura para la misma fecha y numero, y el importe es positivo. | Si no hay duplicado y el importe es positivo, inserta en `logis_libroventas`. | ```mermaid flowchart TD A[""Factura PDF/ZIP/RAR""] --> B[""OCR MODELO_IMCRUZ""] B --> C[""Extraer factura, fecha, chasis, importes""] C --> D[""Buscar duplicado""] D -->|Existe| E[""No insertar""] D -->|No existe e importe > 0| F[""Insertar logis_libroventas""] ``` | | SELECT a `logis_libroventas` | INFERRED_DRAFT_REVIEW_REQUIRED | | `logis_libroventas` | Libro de ventas alimentado por OCR.",index_archivos/intercambioDocumental/ajax/lectura-ocr-ft.php:16-55 | index_archivos/intercambioDocumental/ajax/lectura-ocr-ft.php:64-101 | index_archivos/intercambioDocumental/ajax/lectura-ocr-ft.php:137-166 | index_archivos/intercambioDocumental/ajax/lectura-ocr-ft.php:90-99 | lectura-ocr-ft.php:16-55 | lectura-ocr-ft.php:64-101 | lectura-ocr-ft.php:137-166 | EV-SQL_QUERY-1B0D61F6A40D6C .data_base/asgard.sql:29229 READS access to logis_libroventas | EV-SQL_QUERY-FB47BA0CFC30F6 index_archivos/intercambioDocumental/ajax/lectura-ocr-ft.php:101 WRITES access to logis_libroventas | EV-SQL_QUERY-1ABC2B8BD36BD9 index_archivos/intercambioDocumental/ajax/lectura-ocr-ft.php:166 WRITES access to logis_libroventas,1,1,FLOW_SEMANTIC_INFERENCE_REVIEW_REQUIRED
vehicle-transitory-depot-compliance,dav_casos,dav,REPORTING_READ_MODEL,"Catalogo o parametro que condiciona reglas, permisos o variantes del flujo.","anulado, cif, fob, idtipodeclaracion, otro, pedido, seguro",control de acceso/cliente; transicion o bloqueo por estado; regla documental/carga-descarga; calculo financiero/impositivo; notificacion o acceso externo,variante cliente pendiente de confirmar; catalogo/semantica pendiente; seguridad/autorizacion sensible,,"`.data_base/asgard.sql` | Tablas y procedimientos `inventario_*`, `dav_casos`, `dav_partidas`, `tck_asignacion_viaje`. | | `IFNULL(dav_casos.anulado, 0) = 0` | INFERRED_DRAFT_REVIEW_REQUIRED | | `dav_casos` | Partida, cliente, tipo declaracion, fechas, pago DUI, tipo cambio y valores tributarios base.",EV-SQL_QUERY-1E16A453C0FC22 .data_base/asgard.sql:17707 READS access to dav_casos | EV-SQL_QUERY-C8AB19C9274D78 .data_base/asgard.sql:17755 READS access to dav_casos | EV-SQL_QUERY-85B23A1F6B1886 .data_base/asgard.sql:17773 READS access to dav_casosprevios | EV-SQL_QUERY-A3D8E3282D4ABA .data_base/asgard.sql:17773 READS access to dav_casos | EV-SQL_QUERY-1A08C59D5D207E .data_base/asgard.sql:17815 READS access to dav_casostarea | EV-SQL_QUERY-F5AD1D6FB7CE71 .data_base/asgard.sql:17821 READS access to dav_casos | EV-SQL_QUERY-21DBC002504852 .data_base/asgard.sql:17827 READS access to dav_casos | EV-SQL_QUERY-F810E95BCF97F6 .data_base/asgard.sql:17839 READS access to dav_casos | EV-SQL_QUERY-6078F1BF55EFAA .data_base/asgard.sql:17875 READS access to dav_casos | EV-SQL_QUERY-A3EEC206C5E6EE .data_base/asgard.sql:17881 READS access to dav_casos | EV-SQL_QUERY-CE70168053BD60 .data_base/asgard.sql:17887 READS access to dav_casos | EV-SQL_QUERY-510EF36FB05331 .data_base/asgard.sql:17893 READS access to dav_casosprevios | EV-SQL_QUERY-5EE6AF5366A82A .data_base/asgard.sql:17893 READS access to dav_casos | EV-SQL_QUERY-BB76D27B1C1433 .data_base/asgard.sql:17917 READS access to dav_casos | EV-SQL_QUERY-D9DF6CBD08D688 .data_base/asgard.sql:17917 READS access to dav_casosprevios | EV-SQL_QUERY-1EE354C2A5DD75 .data_base/asgard.sql:17941 READS access to dav_casosprevios | EV-SQL_QUERY-7CC97CDA261E3B .data_base/asgard.sql:17947 READS access to dav_casos | EV-SQL_QUERY-B3F6CA84CCD544 .data_base/asgard.sql:18239 READS access to dav_casos | EV-SQL_QUERY-2D87C35537BA0A .data_base/asgard.sql:18276 READS access to dav_casosprevios | EV-SQL_QUERY-41CBA511A1A811 .data_base/asgard.sql:18307 READS access to dav_casos,23,3,FLOW_SEMANTIC_INFERENCE_REVIEW_REQUIRED
vehicle-transitory-depot-compliance,dav_dato,dav,REPORTING_READ_MODEL,"Catalogo o parametro que condiciona reglas, permisos o variantes del flujo.",dato,control de acceso/cliente; transicion o bloqueo por estado; regla documental/carga-descarga; calculo financiero/impositivo; notificacion o acceso externo,variante cliente pendiente de confirmar; catalogo/semantica pendiente; seguridad/autorizacion sensible,,`dav_dato` | Marca cuando el parametro no es libre.,EV-SQL_QUERY-A48CF62783D61A .data_base/asgard.sql:27513 READS access to dav_dato | EV-SQL_QUERY-BD1DDE155B6F35 .data_base/asgard.sql:29203 READS access to dav_dato | EV-SQL_QUERY-19C47986F1E968 .data_base/asgard.sql:29204 READS access to dav_dato | EV-SQL_QUERY-966DF1AEB344BE .data_base/asgard.sql:29205 READS access to dav_dato | EV-SQL_QUERY-99F3BDA90B4DFF .data_base/asgard.sql:31238 READS access to dav_dato | EV-SQL_QUERY-01438FAE7C1882 .data_base/asgard.sql:31239 READS access to dav_dato | EV-SQL_QUERY-92C7161B392E58 .data_base/asgard.sql:37002 READS access to dav_dato | EV-SQL_QUERY-AD1C2EA8E11563 .data_base/asgard.sql:37003 READS access to dav_dato | EV-SQL_QUERY-5DA70C62947402 .data_base/asgard.sql:37592 READS access to dav_dato | EV-SQL_QUERY-F278AAAF7286A0 .data_base/asgard.sql:37593 READS access to dav_dato | EV-SQL_QUERY-479804ED9143B7 .data_base/asgard.sql:39837 READS access to dav_dato | EV-SQL_QUERY-8C022AB47B0AC6 .data_base/asgard.sql:39838 READS access to dav_dato | EV-SQL_QUERY-2153F6274EDADD .data_base/asgard.sql:39839 READS access to dav_dato | EV-SQL_QUERY-C59972A43D3650 .data_base/asgard.sql:39840 READS access to dav_dato | EV-SQL_QUERY-65349FDC1179C4 .data_base/asgard.sql:39841 READS access to dav_dato | EV-SQL_QUERY-867777869DF015 .data_base/asgard.sql:39938 READS access to dav_dato | EV-SQL_QUERY-36E7A43060DD08 .data_base/asgard.sql:39939 READS access to dav_dato | EV-SQL_QUERY-4BEC34727D5E13 .data_base/asgard.sql:39940 READS access to dav_dato | EV-SQL_QUERY-AB2F9137F52B6C .data_base/asgard.sql:39941 READS access to dav_dato | EV-SQL_QUERY-61D2D5489DDD17 .data_base/asgard.sql:39942 READS access to dav_dato,6,0,FLOW_SEMANTIC_INFERENCE_REVIEW_REQUIRED
vehicle-transitory-depot-compliance,dav_facturacomercial,dav,REPORTING_READ_MODEL,Entidad de contexto usada por el flujo para consultar o relacionar informacion de negocio.,,control de acceso/cliente; transicion o bloqueo por estado; regla documental/carga-descarga; calculo financiero/impositivo; notificacion o acceso externo,variante cliente pendiente de confirmar; catalogo/semantica pendiente; seguridad/autorizacion sensible,,`dav_facturacomercial` | Vinculo caso-partida.,EV-SQL_QUERY-EA5CECD49E45DC .data_base/asgard.sql:17749 READS access to dav_facturacomercial | EV-SQL_QUERY-E0B4CE612BC841 .data_base/asgard.sql:17773 READS access to dav_facturacomercial | EV-SQL_QUERY-F741221752A150 .data_base/asgard.sql:17809 READS access to dav_facturacomercial | EV-SQL_QUERY-D8FA4064EF353B .data_base/asgard.sql:17827 READS access to dav_facturacomercial | EV-SQL_QUERY-016F3CBB861849 .data_base/asgard.sql:17875 READS access to dav_facturacomercial | EV-SQL_QUERY-6D6F63E1CC8C17 .data_base/asgard.sql:17881 READS access to dav_facturacomercial | EV-SQL_QUERY-43F69C8B079F08 .data_base/asgard.sql:17893 READS access to dav_facturacomercial | EV-SQL_QUERY-34BD0FC416E48A .data_base/asgard.sql:17935 READS access to dav_facturacomercial | EV-SQL_QUERY-BA17A572CE7EC0 .data_base/asgard.sql:18213 READS access to dav_facturacomercial | EV-SQL_QUERY-F7242CD4237F7D .data_base/asgard.sql:18238 READS access to dav_facturacomercial | EV-SQL_QUERY-54E651DF531E4E .data_base/asgard.sql:27287 READS access to dav_facturacomercial | EV-SQL_QUERY-C2ACEBCD750270 .data_base/asgard.sql:27460 READS access to dav_facturacomercial | EV-SQL_QUERY-CB8F0C08DC088D .data_base/asgard.sql:27511 READS access to dav_facturacomercial | EV-SQL_QUERY-F1662949A0A332 .data_base/asgard.sql:28125 READS access to dav_facturacomercial | EV-SQL_QUERY-B7C85E727ABA7E .data_base/asgard.sql:28208 READS access to dav_facturacomercial | EV-SQL_QUERY-2B3E611DECC184 .data_base/asgard.sql:28283 READS access to dav_facturacomercial | EV-SQL_QUERY-48A0962DFAA84D .data_base/asgard.sql:28473 READS access to dav_facturacomercial | EV-SQL_QUERY-7714DB97E15F14 .data_base/asgard.sql:29201 READS access to dav_facturacomercial | EV-SQL_QUERY-B92B09539887E7 .data_base/asgard.sql:29354 READS access to dav_facturacomercial | EV-SQL_QUERY-805294D433ADB4 .data_base/asgard.sql:29388 READS access to dav_facturacomercial,11,0,FLOW_SEMANTIC_INFERENCE_REVIEW_REQUIRED
vehicle-transitory-depot-compliance,dav_partidas,dav,REPORTING_READ_MODEL,Entidad de contexto usada por el flujo para consultar o relacionar informacion de negocio.,"gas, ice, material, mercancia, pedido, unidad",control de acceso/cliente; transicion o bloqueo por estado; regla documental/carga-descarga; calculo financiero/impositivo; notificacion o acceso externo,variante cliente pendiente de confirmar; catalogo/semantica pendiente; seguridad/autorizacion sensible,,"`.data_base/asgard.sql` | Tablas y procedimientos `inventario_*`, `dav_casos`, `dav_partidas`, `tck_asignacion_viaje`. | `dav_partidas` | Chasis, marca, FOB, porcentajes GA/IVA/ICE y material vehiculo.",EV-SQL_QUERY-5FB1B91D624793 .data_base/asgard.sql:17743 READS access to dav_partidas | EV-SQL_QUERY-84D976F52CA0AB .data_base/asgard.sql:17749 READS access to dav_partidas | EV-SQL_QUERY-F7BE030AB2BD95 .data_base/asgard.sql:17773 READS access to dav_partidas | EV-SQL_QUERY-5025CB0B535FA8 .data_base/asgard.sql:17809 READS access to dav_partidas | EV-SQL_QUERY-0E36D68C2A2659 .data_base/asgard.sql:17917 READS access to dav_partidas | EV-SQL_QUERY-EEA48DA51BA81B .data_base/asgard.sql:17935 READS access to dav_partidas | EV-SQL_QUERY-E59D6886D0E192 .data_base/asgard.sql:18215 READS access to dav_partidas | EV-SQL_QUERY-481BA62807E5BD .data_base/asgard.sql:18236 READS access to dav_partidas | EV-SQL_QUERY-A607ACE1B59F76 .data_base/asgard.sql:27285 READS access to dav_partidas | EV-SQL_QUERY-5DDFACFC37BC88 .data_base/asgard.sql:27509 READS access to dav_partidas | EV-SQL_QUERY-CFAD29105C7640 .data_base/asgard.sql:28126 READS access to dav_partidas | EV-SQL_QUERY-A213F94B71F480 .data_base/asgard.sql:28209 READS access to dav_partidas | EV-SQL_QUERY-4A9B90C9BB5BFB .data_base/asgard.sql:28284 READS access to dav_partidas | EV-SQL_QUERY-D4B6149A4F3E6A .data_base/asgard.sql:28472 READS access to dav_partidas | EV-SQL_QUERY-96ED972E49AFBA .data_base/asgard.sql:29202 READS access to dav_partidas | EV-SQL_QUERY-FEC31E04553F87 .data_base/asgard.sql:29352 READS access to dav_partidas | EV-SQL_QUERY-7EA53BFE378708 .data_base/asgard.sql:29356 READS access to dav_partidas | EV-SQL_QUERY-F3CEB329C04439 .data_base/asgard.sql:29386 READS access to dav_partidas | EV-SQL_QUERY-980EC98277CE90 .data_base/asgard.sql:29390 READS access to dav_partidas | EV-SQL_QUERY-57F97B17E02300 .data_base/asgard.sql:29518 READS access to dav_partidas,13,0,FLOW_SEMANTIC_INFERENCE_REVIEW_REQUIRED
vehicle-transitory-depot-compliance,dav_regimen,dav,REPORTING_READ_MODEL,Entidad de contexto usada por el flujo para consultar o relacionar informacion de negocio.,"codigo, regimen, tipo",control de acceso/cliente; transicion o bloqueo por estado; regla documental/carga-descarga; calculo financiero/impositivo; notificacion o acceso externo,variante cliente pendiente de confirmar; catalogo/semantica pendiente; seguridad/autorizacion sensible,,`dav_regimen` | Valor tributos aplicado a formula.,EV-SQL_QUERY-931F5130853DBC .data_base/asgard.sql:17695 READS access to dav_regimen | EV-SQL_QUERY-B27822BB5D4CC4 .data_base/asgard.sql:17749 READS access to dav_regimen | EV-SQL_QUERY-4DEF5B546EAD0F .data_base/asgard.sql:17821 READS access to dav_regimen | EV-SQL_QUERY-2C54F8AF041F17 .data_base/asgard.sql:17857 READS access to dav_regimen | EV-SQL_QUERY-AAE058CD48889C .data_base/asgard.sql:17917 READS access to dav_regimen | EV-SQL_QUERY-4CDA034C5B641A .data_base/asgard.sql:17935 READS access to dav_regimen | EV-SQL_QUERY-B9E5964A22AF25 .data_base/asgard.sql:17971 READS access to dav_regimen | EV-SQL_QUERY-D456E08E80D528 .data_base/asgard.sql:17977 READS access to dav_regimen | EV-SQL_QUERY-689AD7E3FA3121 .data_base/asgard.sql:26730 READS access to dav_regimen | EV-SQL_QUERY-C4D03674A525B9 .data_base/asgard.sql:26829 READS access to dav_regimen | EV-SQL_QUERY-40C69BCCF88A8E .data_base/asgard.sql:26884 READS access to dav_regimen | EV-SQL_QUERY-82555EBD1BA98A .data_base/asgard.sql:26942 READS access to dav_regimen | EV-SQL_QUERY-46BC02071F7ECD .data_base/asgard.sql:26996 READS access to dav_regimen | EV-SQL_QUERY-703A9118800914 .data_base/asgard.sql:27047 READS access to dav_regimen | EV-SQL_QUERY-AC197DDF6D292B .data_base/asgard.sql:27100 READS access to dav_regimen | EV-SQL_QUERY-5EF6B16F9EBF26 .data_base/asgard.sql:27154 READS access to dav_regimen | EV-SQL_QUERY-3485AF9070EB24 .data_base/asgard.sql:27208 READS access to dav_regimen | EV-SQL_QUERY-1B82D4B074300A .data_base/asgard.sql:27257 READS access to dav_regimen | EV-SQL_QUERY-42D61F73054ECD .data_base/asgard.sql:27466 READS access to dav_regimen | EV-SQL_QUERY-75C981C1FFEE13 .data_base/asgard.sql:27588 READS access to dav_regimen,8,0,FLOW_SEMANTIC_INFERENCE_REVIEW_REQUIRED
vehicle-transitory-depot-compliance,dav_tipodeclaracion,dav,REFERENCE_OR_STATE_CATALOG,"Catalogo o parametro que condiciona reglas, permisos o variantes del flujo.","idtipodeclaracion, tipodeclaracion",control de acceso/cliente; transicion o bloqueo por estado; regla documental/carga-descarga; calculo financiero/impositivo; notificacion o acceso externo,variante cliente pendiente de confirmar; catalogo/semantica pendiente; seguridad/autorizacion sensible,,`dav_tipodeclaracion` | Tipo declaracion y regla de deposito transitorio.,EV-SQL_QUERY-7416B82285E1AD .data_base/asgard.sql:29222 READS access to dav_tipodeclaracion | EV-SQL_QUERY-C8447045D0D216 .data_base/asgard.sql:32640 READS access to dav_tipodeclaracion | EV-SQL_QUERY-0E5DF21E6B9CFF .data_base/asgard.sql:33078 READS access to dav_tipodeclaracion | EV-SQL_QUERY-14CB51CE363345 .data_base/asgard.sql:34271 READS access to dav_tipodeclaracion | EV-SQL_QUERY-4D1DFBCDF3EC53 .data_base/asgard.sql:35402 READS access to dav_tipodeclaracion | EV-SQL_QUERY-1C43B1A5D9CAB0 .data_base/asgard.sql:36540 READS access to dav_tipodeclaracion | EV-SQL_QUERY-5A224106C0F15B index_archivos/controllers/GlobalClass.php:305 READS access to dav_tipodeclaracion | EV-SQL_QUERY-1C5DC1B4873865 index_archivos/controllers/SolicitudClass.php:206 READS access to dav_tipodeclaracion | EV-SQL_QUERY-AA7DB34A89B9E1 index_archivos/logistica/SolicitudesClass.php:575 READS access to dav_tipodeclaracion | EV-SQL_QUERY-7750D22CC9FDC3 index_archivos/logistica/SolicitudesClass.php:1433 READS access to dav_tipodeclaracion | EV-SQL_QUERY-AB0119B9428F4F index_archivos/operativos/exportaciones/ajax/PagoTributosTransitorioImcruz.php:205 READS access to dav_tipodeclaracion | EV-SQL_QUERY-FB23300B610AD2 index_archivos/operativos/exportaciones/ajax/PagoTributosTransitorioImcruz.php:591 READS access to dav_tipodeclaracion,5,0,FLOW_SEMANTIC_INFERENCE_REVIEW_REQUIRED
vehicle-transitory-depot-compliance,inventario_parametros,transversal,REFERENCE_OR_STATE_CATALOG,"Catalogo o parametro que condiciona reglas, permisos o variantes del flujo.",tipo_inventario_id,control de acceso/cliente; transicion o bloqueo por estado; regla documental/carga-descarga; calculo financiero/impositivo; notificacion o acceso externo,variante cliente pendiente de confirmar; catalogo/semantica pendiente; seguridad/autorizacion sensible,,`inventario_parametros` | Kilometraje y parametros de recepcion/salida.,EV-SQL_QUERY-F864D1C5383C87 .data_base/asgard.sql:17731 READS access to inventario_parametros | EV-SQL_QUERY-5563DF71FFF9B3 .data_base/asgard.sql:17737 READS access to inventario_parametros | EV-SQL_QUERY-7EC9946B05CAF6 .data_base/asgard.sql:17899 READS access to tbl_inventario_parametros | EV-SQL_QUERY-B4034BC68E382B .data_base/asgard.sql:17899 READS access to tbl_inventario_parametros_despacho | EV-SQL_QUERY-B588273AFFA333 .data_base/asgard.sql:17899 READS access to inventario_parametros | EV-SQL_QUERY-38BFDB6D8D599D .data_base/asgard.sql:17911 READS access to tbl_inventario_parametros | EV-SQL_QUERY-21BA1F507160DC .data_base/asgard.sql:44248 WRITES access to inventario_parametros | EV-SQL_QUERY-965750138FAABE .data_base/asgard.sql:45985 READS access to inventario_parametros | EV-SQL_QUERY-8B6016012084C3 .data_base/asgard.sql:46222 READS access to inventario_parametros,1,1,FLOW_SEMANTIC_INFERENCE_REVIEW_REQUIRED
vehicle-transitory-depot-compliance,inventario_registros_accesorios,transversal,REPORTING_READ_MODEL,Entidad de contexto usada por el flujo para consultar o relacionar informacion de negocio.,tipo_inventario_id,control de acceso/cliente; transicion o bloqueo por estado; regla documental/carga-descarga; calculo financiero/impositivo; notificacion o acceso externo,variante cliente pendiente de confirmar; catalogo/semantica pendiente; seguridad/autorizacion sensible,,"`inventario_registros_accesorios` | Registro de accesorios, faltantes e imagenes por chasis.",EV-SQL_QUERY-22339DF7012EB5 .data_base/asgard.sql:17731 READS access to inventario_registros_accesorios | EV-SQL_QUERY-E2EC000BEC2C98 .data_base/asgard.sql:17737 READS access to inventario_registros_accesorios | EV-SQL_QUERY-2C8AB67845E442 .data_base/asgard.sql:17899 READS access to inventario_registros_accesorios | EV-SQL_QUERY-BD08EDAF4EFBF1 .data_base/asgard.sql:17911 READS access to inventario_registros_accesorios | EV-SQL_QUERY-9830324A43B87E .data_base/asgard.sql:44242 WRITES access to inventario_registros_accesorios | EV-SQL_QUERY-7BED928A64ACCA .data_base/asgard.sql:45894 READS access to inventario_registros_accesorios | EV-SQL_QUERY-F03E476148770A .data_base/asgard.sql:45961 READS access to inventario_registros_accesorios | EV-SQL_QUERY-0B22F4C529354D .data_base/asgard.sql:46159 READS access to inventario_registros_accesorios,1,1,FLOW_SEMANTIC_INFERENCE_REVIEW_REQUIRED
vehicle-transitory-depot-compliance,inventario_registros_contaminaciones,transversal,REPORTING_READ_MODEL,Entidad de contexto usada por el flujo para consultar o relacionar informacion de negocio.,tipo_inventario_id,control de acceso/cliente; transicion o bloqueo por estado; regla documental/carga-descarga; calculo financiero/impositivo; notificacion o acceso externo,variante cliente pendiente de confirmar; catalogo/semantica pendiente; seguridad/autorizacion sensible,,`inventario_registros_contaminaciones` | Contaminacion vehiculo/unidad transporte por chasis.,EV-SQL_QUERY-363C46E147590B .data_base/asgard.sql:17731 READS access to inventario_registros_contaminaciones | EV-SQL_QUERY-2D469117AC228C .data_base/asgard.sql:17737 READS access to inventario_registros_contaminaciones | EV-SQL_QUERY-2E303C72190EE5 .data_base/asgard.sql:17899 READS access to inventario_registros_contaminaciones | EV-SQL_QUERY-BF697D91B12BA6 .data_base/asgard.sql:17911 READS access to inventario_registros_contaminaciones | EV-SQL_QUERY-B939A8FCB53CEB .data_base/asgard.sql:44244 WRITES access to inventario_registros_contaminaciones | EV-SQL_QUERY-3A272D2E6C4F29 .data_base/asgard.sql:44372 READS access to inventario_registros_contaminaciones | EV-SQL_QUERY-DBE9E69F7E92E0 .data_base/asgard.sql:44376 READS access to inventario_registros_contaminaciones | EV-SQL_QUERY-1BB707260B53BF .data_base/asgard.sql:45906 READS access to inventario_registros_contaminaciones | EV-SQL_QUERY-7874450D1EFBD9 .data_base/asgard.sql:46191 READS access to inventario_registros_contaminaciones,1,1,FLOW_SEMANTIC_INFERENCE_REVIEW_REQUIRED
vehicle-transitory-depot-compliance,inventario_registros_desperfectos,transversal,REPORTING_READ_MODEL,"Catalogo o parametro que condiciona reglas, permisos o variantes del flujo.",,control de acceso/cliente; transicion o bloqueo por estado; regla documental/carga-descarga; calculo financiero/impositivo; notificacion o acceso externo,variante cliente pendiente de confirmar; catalogo/semantica pendiente; seguridad/autorizacion sensible,,`inventario_registros_desperfectos` | Tipo de desperfecto por parte.,EV-SQL_QUERY-EDD3873755287A .data_base/asgard.sql:17899 READS access to inventario_registros_desperfectos | EV-SQL_QUERY-FF4617B1D1FB73 .data_base/asgard.sql:17911 READS access to inventario_registros_desperfectos | EV-SQL_QUERY-16EC5DB77E42CC .data_base/asgard.sql:45931 READS access to inventario_registros_desperfectos | EV-SQL_QUERY-84B2B113EC83CF .data_base/asgard.sql:46176 READS access to inventario_registros_desperfectos | EV-SQL_QUERY-6F786B1EE2A6E2 index_archivos/operativos/exportaciones/ajax/PagoTributosTransitorioImcruz.php:827 READS access to inventario_registros_desperfectos,2,0,FLOW_SEMANTIC_INFERENCE_REVIEW_REQUIRED
vehicle-transitory-depot-compliance,inventario_registros_partes_mercancia,transversal,REPORTING_READ_MODEL,Entidad de contexto usada por el flujo para consultar o relacionar informacion de negocio.,tipo_inventario_id,control de acceso/cliente; transicion o bloqueo por estado; regla documental/carga-descarga; calculo financiero/impositivo; notificacion o acceso externo,variante cliente pendiente de confirmar; catalogo/semantica pendiente; seguridad/autorizacion sensible,,`inventario_registros_partes_mercancia` | Registro de partes/danos por chasis.,EV-SQL_QUERY-770BDAF45497E7 .data_base/asgard.sql:17731 READS access to inventario_registros_partes_mercancia | EV-SQL_QUERY-7FCE79B5AEBFB1 .data_base/asgard.sql:17737 READS access to inventario_registros_partes_mercancia | EV-SQL_QUERY-49359EEECA3B01 .data_base/asgard.sql:17899 READS access to inventario_registros_partes_mercancia | EV-SQL_QUERY-3D40D04D5139BE .data_base/asgard.sql:17911 READS access to inventario_registros_partes_mercancia | EV-SQL_QUERY-7E5FBB2766C0BB .data_base/asgard.sql:44246 WRITES access to inventario_registros_partes_mercancia | EV-SQL_QUERY-E7B9D9090825C3 .data_base/asgard.sql:45900 READS access to inventario_registros_partes_mercancia | EV-SQL_QUERY-B1B3598B7C056A .data_base/asgard.sql:45930 READS access to inventario_registros_partes_mercancia | EV-SQL_QUERY-9F1CD47A979474 .data_base/asgard.sql:46174 READS access to inventario_registros_partes_mercancia,1,1,FLOW_SEMANTIC_INFERENCE_REVIEW_REQUIRED
vehicle-transitory-depot-compliance,inventario_registros_ubicaciones_desperfectos,transversal,REPORTING_READ_MODEL,Entidad de contexto usada por el flujo para consultar o relacionar informacion de negocio.,imagen,control de acceso/cliente; transicion o bloqueo por estado; regla documental/carga-descarga; calculo financiero/impositivo; notificacion o acceso externo,variante cliente pendiente de confirmar; catalogo/semantica pendiente; seguridad/autorizacion sensible,,`inventario_registros_ubicaciones_desperfectos` | Imagenes/ubicaciones asociadas a desperfectos.,EV-SQL_QUERY-7A724C87DB7E11 .data_base/asgard.sql:17899 READS access to inventario_registros_ubicaciones_desperfectos | EV-SQL_QUERY-4FDCFEE6A19059 .data_base/asgard.sql:17911 READS access to inventario_registros_ubicaciones_desperfectos | EV-SQL_QUERY-3761B57E135F5F .data_base/asgard.sql:45937 READS access to inventario_registros_ubicaciones_desperfectos | EV-SQL_QUERY-F261CDCADA7D1A .data_base/asgard.sql:46178 READS access to inventario_registros_ubicaciones_desperfectos | EV-SQL_QUERY-900339070A46BA index_archivos/operativos/exportaciones/ajax/PagoTributosTransitorioImcruz.php:828 READS access to inventario_registros_ubicaciones_desperfectos,2,0,FLOW_SEMANTIC_INFERENCE_REVIEW_REQUIRED
vehicle-transitory-depot-compliance,logis_embarques,logis,REPORTING_READ_MODEL,Entidad de contexto usada por el flujo para consultar o relacionar informacion de negocio.,"contrato, exportacion, facturacomercial, observacion",control de acceso/cliente; transicion o bloqueo por estado; regla documental/carga-descarga; calculo financiero/impositivo; notificacion o acceso externo,variante cliente pendiente de confirmar; catalogo/semantica pendiente; seguridad/autorizacion sensible,,"`logis_embarques` | Embarque, fecha creacion y vinculo con viaje.",EV-SQL_QUERY-271B8BADD753C8 .data_base/asgard.sql:17875 READS access to logis_embarques | EV-SQL_QUERY-D92F1F70034698 .data_base/asgard.sql:17893 READS access to logis_embarquesrutas | EV-SQL_QUERY-E8DE6726227583 .data_base/asgard.sql:17893 READS access to logis_embarques | EV-SQL_QUERY-B25606C135A1C8 .data_base/asgard.sql:17923 READS access to logis_embarques | EV-SQL_QUERY-CBB063520AFA05 .data_base/asgard.sql:17959 READS access to logis_embarques | EV-SQL_QUERY-A35253FEB1CECF .data_base/asgard.sql:17965 READS access to logis_embarques | EV-SQL_QUERY-80B5E9CE461C31 .data_base/asgard.sql:27606 READS access to logis_embarques | EV-SQL_QUERY-4978218240EA46 .data_base/asgard.sql:27633 READS access to logis_embarquesmagnitudes | EV-SQL_QUERY-60AC62FAA187C1 .data_base/asgard.sql:27635 READS access to logis_embarques | EV-SQL_QUERY-9DEFE51A0B28A9 .data_base/asgard.sql:27654 READS access to logis_embarques | EV-SQL_QUERY-A49876BFD6250D .data_base/asgard.sql:27706 READS access to logis_embarquescontenedor | EV-SQL_QUERY-2DE4F47B10C829 .data_base/asgard.sql:27708 READS access to logis_embarquesmagnitudes | EV-SQL_QUERY-C3079BF6B949F1 .data_base/asgard.sql:27709 READS access to logis_embarques | EV-SQL_QUERY-B1EEEAC9F071AC .data_base/asgard.sql:27828 READS access to logis_embarques | EV-SQL_QUERY-6AE15DB22CB672 .data_base/asgard.sql:27842 READS access to logis_embarquesoperador | EV-SQL_QUERY-32CA859D40E137 .data_base/asgard.sql:27881 READS access to logis_embarques | EV-SQL_QUERY-2442CE0D04F1C1 .data_base/asgard.sql:27909 READS access to logis_embarques | EV-SQL_QUERY-97E34133F86A8C .data_base/asgard.sql:27936 READS access to logis_embarques | EV-SQL_QUERY-D27A2F192A53E5 .data_base/asgard.sql:27980 READS access to logis_embarques | EV-SQL_QUERY-D1662921139B74 .data_base/asgard.sql:29207 READS access to logis_embarques,25,3,FLOW_SEMANTIC_INFERENCE_REVIEW_REQUIRED
vehicle-transitory-depot-compliance,tck_asignacion_viaje,tck,REPORTING_READ_MODEL,Entidad de contexto usada por el flujo para consultar o relacionar informacion de negocio.,"alcance, estado",control de acceso/cliente; transicion o bloqueo por estado; regla documental/carga-descarga; calculo financiero/impositivo; notificacion o acceso externo,variante cliente pendiente de confirmar; catalogo/semantica pendiente; seguridad/autorizacion sensible,,"`.data_base/asgard.sql` | Tablas y procedimientos `inventario_*`, `dav_casos`, `dav_partidas`, `tck_asignacion_viaje`. | `tck_asignacion_viaje` | Numero y estado de viaje asociado al chasis.",EV-SQL_QUERY-756BC6D2A38BD4 .data_base/asgard.sql:27863 READS access to tck_asignacion_viaje | EV-SQL_QUERY-98E05511405205 .data_base/asgard.sql:28674 READS access to tck_asignacion_viaje | EV-SQL_QUERY-185076336AB6CF .data_base/asgard.sql:39522 READS access to tck_asignacion_viaje | EV-SQL_QUERY-ACEB2EC9D2A1D2 .data_base/asgard.sql:44345 READS access to tck_asignacion_viaje | EV-SQL_QUERY-F9A156D66479B2 .data_base/asgard.sql:44345 WRITES access to tck_asignacion_viaje | EV-SQL_QUERY-A307570423DD6E .data_base/asgard.sql:44781 READS access to tck_asignacion_viaje | EV-SQL_QUERY-C2713325CED216 .data_base/asgard.sql:45170 READS access to tck_asignacion_viaje | EV-SQL_QUERY-79755D8D160021 .data_base/asgard.sql:46595 WRITES access to tck_asignacion_viaje | EV-SQL_QUERY-0EB94C8C1E8818 .data_base/asgard.sql:46597 READS access to tck_asignacion_viaje | EV-SQL_QUERY-84ACC8BF6CC0E1 index_archivos/logistica/EmbarqueClass.php:926 READS access to tck_asignacion_viaje | EV-SQL_QUERY-211F9C8102A710 index_archivos/logistica/ViajesClass.php:32 READS access to tck_asignacion_viaje | EV-SQL_QUERY-919805459A226D index_archivos/logistica/ViajesClass.php:92 READS access to tck_asignacion_viaje | EV-SQL_QUERY-C8B4F52C512C0B index_archivos/logistica/ViajesClass.php:276 READS access to tck_asignacion_viaje | EV-SQL_QUERY-C1E2860CADFA99 index_archivos/logistica/ViajesClass.php:295 WRITES access to tck_asignacion_viaje | EV-SQL_QUERY-BEC860CD2368D4 index_archivos/operativos/exportaciones/ajax/PagoTributosTransitorioImcruz.php:596 READS access to tck_asignacion_viaje | EV-SQL_QUERY-370179ACCC5567 index_archivos/operativos/exportaciones/ajax/PagoTributosTransitorioImcruz.php:930 READS access to tck_asignacion_viaje | EV-SQL_QUERY-04145BD1CBD335 index_archivos/tracking/OperadorTransporteClass.php:119 READS access to tck_asignacion_viaje | EV-SQL_QUERY-0FDCF1BBAAD556 index_archivos/tracking/OperadorTransporteClass.php:180 READS access to tck_asignacion_viaje | EV-SQL_QUERY-C92425D0AF6FAA index_archivos/tracking/OperadorTransporteClass.php:253 READS access to tck_asignacion_viaje | EV-SQL_QUERY-CCA94DFEBCBE65 index_archivos/tracking/ReporteViajesClass.php:50 READS access to tck_asignacion_viaje,6,2,FLOW_SEMANTIC_INFERENCE_REVIEW_REQUIRED
vehicle-transitory-depot-compliance,tck_transportista,tck,REPORTING_READ_MODEL,Entidad de contexto usada por el flujo para consultar o relacionar informacion de negocio.,,control de acceso/cliente; transicion o bloqueo por estado; regla documental/carga-descarga; calculo financiero/impositivo; notificacion o acceso externo,variante cliente pendiente de confirmar; catalogo/semantica pendiente; seguridad/autorizacion sensible,,`tck_transportista` | Conductor asignado.,EV-SQL_QUERY-7B4E7141FF9193 .data_base/asgard.sql:17899 READS access to tck_transportista | EV-SQL_QUERY-77BB131B219942 .data_base/asgard.sql:17923 READS access to tck_transportista | EV-SQL_QUERY-AE79E1FD562351 .data_base/asgard.sql:17965 READS access to tck_transportista | EV-SQL_QUERY-36B9643B8ACBD6 .data_base/asgard.sql:44353 READS access to tck_transportista | EV-SQL_QUERY-FB167DBE338076 .data_base/asgard.sql:44353 WRITES access to tck_transportista | EV-SQL_QUERY-6BC366C628E648 .data_base/asgard.sql:46609 WRITES access to tck_transportista | EV-SQL_QUERY-45C3D80418CAA6 .data_base/asgard.sql:46612 READS access to tck_transportista | EV-SQL_QUERY-EB580B38C07C24 index_archivos/logistica/ViajesClass.php:34 READS access to tck_transportista | EV-SQL_QUERY-9AF2BA7A770D1D index_archivos/logistica/ViajesClass.php:35 READS access to tck_transportista | EV-SQL_QUERY-64B28FF6ED2FFA index_archivos/logistica/ViajesClass.php:94 READS access to tck_transportista | EV-SQL_QUERY-CB7E35A2CED3E9 index_archivos/logistica/ViajesClass.php:96 READS access to tck_transportista | EV-SQL_QUERY-EDE1E5BED3D0E7 index_archivos/logistica/ViajesClass.php:277 READS access to tck_transportista | EV-SQL_QUERY-841EE5E2C9DEB0 index_archivos/operativos/exportaciones/ajax/PagoTributosTransitorioImcruz.php:597 READS access to tck_transportista | EV-SQL_QUERY-75C2F9D1B1D6D3 index_archivos/operativos/exportaciones/ajax/PagoTributosTransitorioImcruz.php:932 READS access to tck_transportista | EV-SQL_QUERY-7CC4CC6608D343 index_archivos/operativos/exportaciones/ajax/PagoTributosTransitorioImcruz.php:933 READS access to tck_transportista | EV-SQL_QUERY-11924CECAF5F95 index_archivos/tracking/OperadorTransporteClass.php:122 READS access to tck_transportista | EV-SQL_QUERY-F7EF383BD44DC0 index_archivos/tracking/OperadorTransporteClass.php:123 READS access to tck_transportista | EV-SQL_QUERY-E97909423658CF index_archivos/tracking/OperadorTransporteClass.php:183 READS access to tck_transportista | EV-SQL_QUERY-3C590D30FD6519 index_archivos/tracking/OperadorTransporteClass.php:185 READS access to tck_transportista | EV-SQL_QUERY-69610419BB29DA index_archivos/tracking/ReporteViajesClass.php:55 READS access to tck_transportista,5,1,FLOW_SEMANTIC_INFERENCE_REVIEW_REQUIRED
warehouse-inventory-reporting,inventario_embarques_reportados,transversal,REPORTING_READ_MODEL,Entidad de contexto usada por el flujo para consultar o relacionar informacion de negocio.,"chasis, embarque_id, id",control de acceso/cliente; transicion o bloqueo por estado; regla documental/carga-descarga; calculo financiero/impositivo; notificacion o acceso externo,variante cliente pendiente de confirmar; seguridad/autorizacion sensible,,`inventario_embarques_reportados` | Chasis/embarques reportados.,.data_base/asgard.sql:11289-11709 | warehouse/ingresosquery.php:17-31 | salidasquery.php:17-31 | inventarioquery.php:15-29 | warehouse/parametros/almacenes.php:6-32 | ingresosquery.php:8-15 | salidasquery.php:8-15 | timbradoquery.php:9-17 | warehouse/ingresosquery.php:17-39 | warehouse/salidasquery.php:17-39 | warehouse/inventarioquery.php:14-39 | warehouse/timbradoquery.php:18-55 | warehouse/reporte-movimiento-detallequery.php:18-55 | warehouse/reporte-inventario-chasis.php:150-205 | warehouse/reporte-inventario-chasis-reportados.php:150-180 | warehouse/reporte-inventario-chasis.php:55-108 | reporte-inventario-chasis-reportados.php:65-113 | warehouse/inventarioquery.php:31-36 | reporte-inventario-chasis.php:55-108 | .data_base/asgard.sql:11437-11696,0,0,FLOW_SEMANTIC_INFERENCE_REVIEW_REQUIRED
warehouse-inventory-reporting,inventario_facturacion_chasis,vehiculos,REPORTING_READ_MODEL,Entidad de contexto usada por el flujo para consultar o relacionar informacion de negocio.,"chasis, id",control de acceso/cliente; transicion o bloqueo por estado; regla documental/carga-descarga; calculo financiero/impositivo; notificacion o acceso externo,variante cliente pendiente de confirmar; seguridad/autorizacion sensible,,"`inventario_facturacion_periodo`, `inventario_facturacion_chasis` | Periodos/chasis para facturacion de inventario.",.data_base/asgard.sql:11289-11709 | warehouse/ingresosquery.php:17-31 | salidasquery.php:17-31 | inventarioquery.php:15-29 | warehouse/parametros/almacenes.php:6-32 | ingresosquery.php:8-15 | salidasquery.php:8-15 | timbradoquery.php:9-17 | warehouse/ingresosquery.php:17-39 | warehouse/salidasquery.php:17-39 | warehouse/inventarioquery.php:14-39 | warehouse/timbradoquery.php:18-55 | warehouse/reporte-movimiento-detallequery.php:18-55 | warehouse/reporte-inventario-chasis.php:150-205 | warehouse/reporte-inventario-chasis-reportados.php:150-180 | warehouse/reporte-inventario-chasis.php:55-108 | reporte-inventario-chasis-reportados.php:65-113 | warehouse/inventarioquery.php:31-36 | reporte-inventario-chasis.php:55-108 | .data_base/asgard.sql:11437-11696,0,0,FLOW_SEMANTIC_INFERENCE_REVIEW_REQUIRED
warehouse-inventory-reporting,inventario_facturacion_periodo,transversal,REPORTING_READ_MODEL,Entidad de contexto usada por el flujo para consultar o relacionar informacion de negocio.,"cliente_id, id",control de acceso/cliente; transicion o bloqueo por estado; regla documental/carga-descarga; calculo financiero/impositivo; notificacion o acceso externo,variante cliente pendiente de confirmar; seguridad/autorizacion sensible,,"`inventario_facturacion_periodo`, `inventario_facturacion_chasis` | Periodos/chasis para facturacion de inventario.",.data_base/asgard.sql:11289-11709 | warehouse/ingresosquery.php:17-31 | salidasquery.php:17-31 | inventarioquery.php:15-29 | warehouse/parametros/almacenes.php:6-32 | ingresosquery.php:8-15 | salidasquery.php:8-15 | timbradoquery.php:9-17 | warehouse/ingresosquery.php:17-39 | warehouse/salidasquery.php:17-39 | warehouse/inventarioquery.php:14-39 | warehouse/timbradoquery.php:18-55 | warehouse/reporte-movimiento-detallequery.php:18-55 | warehouse/reporte-inventario-chasis.php:150-205 | warehouse/reporte-inventario-chasis-reportados.php:150-180 | warehouse/reporte-inventario-chasis.php:55-108 | reporte-inventario-chasis-reportados.php:65-113 | warehouse/inventarioquery.php:31-36 | reporte-inventario-chasis.php:55-108 | .data_base/asgard.sql:11437-11696,0,0,FLOW_SEMANTIC_INFERENCE_REVIEW_REQUIRED
warehouse-inventory-reporting,inventario_parametros,transversal,REFERENCE_OR_STATE_CATALOG,"Catalogo o parametro que condiciona reglas, permisos o variantes del flujo.","casos_id, chasis, cliente_id, embarque_id, id",control de acceso/cliente; transicion o bloqueo por estado; regla documental/carga-descarga; calculo financiero/impositivo; notificacion o acceso externo,variante cliente pendiente de confirmar; seguridad/autorizacion sensible,,`inventario_parametros` | Parametros base de inventario vehicular por chasis.,.data_base/asgard.sql:11289-11709 | warehouse/ingresosquery.php:17-31 | salidasquery.php:17-31 | inventarioquery.php:15-29 | warehouse/parametros/almacenes.php:6-32 | ingresosquery.php:8-15 | salidasquery.php:8-15 | timbradoquery.php:9-17 | warehouse/ingresosquery.php:17-39 | warehouse/salidasquery.php:17-39 | warehouse/inventarioquery.php:14-39 | warehouse/timbradoquery.php:18-55 | warehouse/reporte-movimiento-detallequery.php:18-55 | warehouse/reporte-inventario-chasis.php:150-205 | warehouse/reporte-inventario-chasis-reportados.php:150-180 | warehouse/reporte-inventario-chasis.php:55-108 | reporte-inventario-chasis-reportados.php:65-113 | warehouse/inventarioquery.php:31-36 | reporte-inventario-chasis.php:55-108 | .data_base/asgard.sql:11437-11696,1,1,FLOW_SEMANTIC_INFERENCE_REVIEW_REQUIRED
warehouse-inventory-reporting,inventario_registros_accesorios,transversal,REPORTING_READ_MODEL,Entidad de contexto usada por el flujo para consultar o relacionar informacion de negocio.,"casos_id, chasis, cliente_id, embarque_id, id",control de acceso/cliente; transicion o bloqueo por estado; regla documental/carga-descarga; calculo financiero/impositivo; notificacion o acceso externo,variante cliente pendiente de confirmar; seguridad/autorizacion sensible,,`inventario_registros_accesorios` | Registro de accesorios por chasis.,.data_base/asgard.sql:11289-11709 | warehouse/ingresosquery.php:17-31 | salidasquery.php:17-31 | inventarioquery.php:15-29 | warehouse/parametros/almacenes.php:6-32 | ingresosquery.php:8-15 | salidasquery.php:8-15 | timbradoquery.php:9-17 | warehouse/ingresosquery.php:17-39 | warehouse/salidasquery.php:17-39 | warehouse/inventarioquery.php:14-39 | warehouse/timbradoquery.php:18-55 | warehouse/reporte-movimiento-detallequery.php:18-55 | warehouse/reporte-inventario-chasis.php:150-205 | warehouse/reporte-inventario-chasis-reportados.php:150-180 | warehouse/reporte-inventario-chasis.php:55-108 | reporte-inventario-chasis-reportados.php:65-113 | warehouse/inventarioquery.php:31-36 | reporte-inventario-chasis.php:55-108 | .data_base/asgard.sql:11437-11696,1,1,FLOW_SEMANTIC_INFERENCE_REVIEW_REQUIRED
warehouse-inventory-reporting,inventario_registros_contaminaciones,transversal,REPORTING_READ_MODEL,Entidad de contexto usada por el flujo para consultar o relacionar informacion de negocio.,"casos_id, chasis, cliente_id, embarque_id, id",control de acceso/cliente; transicion o bloqueo por estado; regla documental/carga-descarga; calculo financiero/impositivo; notificacion o acceso externo,variante cliente pendiente de confirmar; seguridad/autorizacion sensible,,`inventario_registros_contaminaciones` | Contaminacion de vehiculo/unidad.,.data_base/asgard.sql:11289-11709 | warehouse/ingresosquery.php:17-31 | salidasquery.php:17-31 | inventarioquery.php:15-29 | warehouse/parametros/almacenes.php:6-32 | ingresosquery.php:8-15 | salidasquery.php:8-15 | timbradoquery.php:9-17 | warehouse/ingresosquery.php:17-39 | warehouse/salidasquery.php:17-39 | warehouse/inventarioquery.php:14-39 | warehouse/timbradoquery.php:18-55 | warehouse/reporte-movimiento-detallequery.php:18-55 | warehouse/reporte-inventario-chasis.php:150-205 | warehouse/reporte-inventario-chasis-reportados.php:150-180 | warehouse/reporte-inventario-chasis.php:55-108 | reporte-inventario-chasis-reportados.php:65-113 | warehouse/inventarioquery.php:31-36 | reporte-inventario-chasis.php:55-108 | .data_base/asgard.sql:11437-11696,1,1,FLOW_SEMANTIC_INFERENCE_REVIEW_REQUIRED
warehouse-inventory-reporting,inventario_registros_desperfectos,transversal,REPORTING_READ_MODEL,"Catalogo o parametro que condiciona reglas, permisos o variantes del flujo.",id,control de acceso/cliente; transicion o bloqueo por estado; regla documental/carga-descarga; calculo financiero/impositivo; notificacion o acceso externo,variante cliente pendiente de confirmar; seguridad/autorizacion sensible,,`inventario_registros_desperfectos` | Tipos de desperfectos detectados.,.data_base/asgard.sql:11289-11709 | warehouse/ingresosquery.php:17-31 | salidasquery.php:17-31 | inventarioquery.php:15-29 | warehouse/parametros/almacenes.php:6-32 | ingresosquery.php:8-15 | salidasquery.php:8-15 | timbradoquery.php:9-17 | warehouse/ingresosquery.php:17-39 | warehouse/salidasquery.php:17-39 | warehouse/inventarioquery.php:14-39 | warehouse/timbradoquery.php:18-55 | warehouse/reporte-movimiento-detallequery.php:18-55 | warehouse/reporte-inventario-chasis.php:150-205 | warehouse/reporte-inventario-chasis-reportados.php:150-180 | warehouse/reporte-inventario-chasis.php:55-108 | reporte-inventario-chasis-reportados.php:65-113 | warehouse/inventarioquery.php:31-36 | reporte-inventario-chasis.php:55-108 | .data_base/asgard.sql:11437-11696,2,0,FLOW_SEMANTIC_INFERENCE_REVIEW_REQUIRED
warehouse-inventory-reporting,inventario_registros_partes_mercancia,transversal,REPORTING_READ_MODEL,Entidad de contexto usada por el flujo para consultar o relacionar informacion de negocio.,"casos_id, chasis, cliente_id, embarque_id, id",control de acceso/cliente; transicion o bloqueo por estado; regla documental/carga-descarga; calculo financiero/impositivo; notificacion o acceso externo,variante cliente pendiente de confirmar; seguridad/autorizacion sensible,,`inventario_registros_partes_mercancia` | Partes de mercancia/vehiculo inspeccionadas.,.data_base/asgard.sql:11289-11709 | warehouse/ingresosquery.php:17-31 | salidasquery.php:17-31 | inventarioquery.php:15-29 | warehouse/parametros/almacenes.php:6-32 | ingresosquery.php:8-15 | salidasquery.php:8-15 | timbradoquery.php:9-17 | warehouse/ingresosquery.php:17-39 | warehouse/salidasquery.php:17-39 | warehouse/inventarioquery.php:14-39 | warehouse/timbradoquery.php:18-55 | warehouse/reporte-movimiento-detallequery.php:18-55 | warehouse/reporte-inventario-chasis.php:150-205 | warehouse/reporte-inventario-chasis-reportados.php:150-180 | warehouse/reporte-inventario-chasis.php:55-108 | reporte-inventario-chasis-reportados.php:65-113 | warehouse/inventarioquery.php:31-36 | reporte-inventario-chasis.php:55-108 | .data_base/asgard.sql:11437-11696,1,1,FLOW_SEMANTIC_INFERENCE_REVIEW_REQUIRED
warehouse-inventory-reporting,inventario_registros_recuentos_vehiculos,vehiculos,REPORTING_READ_MODEL,Entidad de contexto usada por el flujo para consultar o relacionar informacion de negocio.,"casos_id, chasis, cliente_id, embarque_id, id",control de acceso/cliente; transicion o bloqueo por estado; regla documental/carga-descarga; calculo financiero/impositivo; notificacion o acceso externo,variante cliente pendiente de confirmar; seguridad/autorizacion sensible,,`inventario_registros_recuentos_vehiculos` | Recuento/identificacion de vehiculos.,.data_base/asgard.sql:11289-11709 | warehouse/ingresosquery.php:17-31 | salidasquery.php:17-31 | inventarioquery.php:15-29 | warehouse/parametros/almacenes.php:6-32 | ingresosquery.php:8-15 | salidasquery.php:8-15 | timbradoquery.php:9-17 | warehouse/ingresosquery.php:17-39 | warehouse/salidasquery.php:17-39 | warehouse/inventarioquery.php:14-39 | warehouse/timbradoquery.php:18-55 | warehouse/reporte-movimiento-detallequery.php:18-55 | warehouse/reporte-inventario-chasis.php:150-205 | warehouse/reporte-inventario-chasis-reportados.php:150-180 | warehouse/reporte-inventario-chasis.php:55-108 | reporte-inventario-chasis-reportados.php:65-113 | warehouse/inventarioquery.php:31-36 | reporte-inventario-chasis.php:55-108 | .data_base/asgard.sql:11437-11696,0,0,FLOW_SEMANTIC_INFERENCE_REVIEW_REQUIRED
warehouse-inventory-reporting,inventario_registros_ubicaciones_desperfectos,transversal,REPORTING_READ_MODEL,Entidad de contexto usada por el flujo para consultar o relacionar informacion de negocio.,id,control de acceso/cliente; transicion o bloqueo por estado; regla documental/carga-descarga; calculo financiero/impositivo; notificacion o acceso externo,variante cliente pendiente de confirmar; seguridad/autorizacion sensible,,`inventario_registros_ubicaciones_desperfectos` | Ubicacion del desperfecto.,.data_base/asgard.sql:11289-11709 | warehouse/ingresosquery.php:17-31 | salidasquery.php:17-31 | inventarioquery.php:15-29 | warehouse/parametros/almacenes.php:6-32 | ingresosquery.php:8-15 | salidasquery.php:8-15 | timbradoquery.php:9-17 | warehouse/ingresosquery.php:17-39 | warehouse/salidasquery.php:17-39 | warehouse/inventarioquery.php:14-39 | warehouse/timbradoquery.php:18-55 | warehouse/reporte-movimiento-detallequery.php:18-55 | warehouse/reporte-inventario-chasis.php:150-205 | warehouse/reporte-inventario-chasis-reportados.php:150-180 | warehouse/reporte-inventario-chasis.php:55-108 | reporte-inventario-chasis-reportados.php:65-113 | warehouse/inventarioquery.php:31-36 | reporte-inventario-chasis.php:55-108 | .data_base/asgard.sql:11437-11696,2,0,FLOW_SEMANTIC_INFERENCE_REVIEW_REQUIRED
